resource_code,name,type,category,unit,price_avg,price_min,price_max,price_median,price_variants,currency,avg_cost_per_use,avg_qty_per_use,usage_count,used_in_work_items,parent_category,parent_collection,parent_department,parent_section
003,Craftsman,Labor,Labor,hour,47938.83,47938.83,47938.83,47938.83,1,UGX,128548.43,2.6815,968,898,Building works,Detailed Project Pricing (GGDE),Building works,Building works - chapter 21
002,Skilled laborer,Labor,Labor,hour,40649.53,40649.53,40649.53,40649.53,1,UGX,128082.09,3.1509,496,448,Building works,Detailed Project Pricing (GGDE),Building works,Building works - chapter 11
001,Unskilled laborer,Labor,Labor,hour,36960.89,36960.89,36960.89,36960.89,1,UGX,80286.42,2.1722,341,327,Building works,Detailed Project Pricing (GGDE),Building works,Building works - chapter 11
211,Domestic oak timber,Material,General,,43118.91,2962.6,1809996.45,2962.6,2,UGX,306352.42,100.6957,270,175,Building works,Detailed Project Pricing (GGDE),Building works,Building works - chapter 55
251,Common nails (pins),Material,General,kg,83342.94,1349.29,699865.29,2237.16,3,UGX,17264.22,2.0911,129,128,Building works,Detailed Project Pricing (GGDE),Building works,Building works - chapter 14
021,Water,Material,General,m3,6443.59,6443.59,6443.59,6443.59,1,UGX,1460.78,0.2267,103,103,Building works,Detailed Project Pricing (GGDE),Building works,Building works - chapter 14
221,Common cement (Greek type) including the value of paper sacks Kg,Material,General,kg,241.09,241.09,241.09,241.09,1,UGX,53856.33,223.3854,96,55,Road works,Detailed Project Pricing (GGDE),Road works,Road works - chapter 25
1445,BUI 1445,Abstract Material,General,,142104.27,142104.27,142104.27,142104.27,1,UGX,2488.46,0.0175,88,88,Building works,Detailed Project Pricing (GGDE),Building works,Building works - chapter 42
214,Mineral oil,Material,General,kg,9821.72,4523.78,10980.65,10980.65,2,UGX,63170.25,5.7679,78,75,Hydraulic works,Detailed Project Pricing (GGDE),Hydraulic works,Hydraulic works - chapter 50
026,Common cement including the value of paper bags,Material,General,kg,241.09,241.09,241.09,241.09,1,UGX,54273.88,225.1173,75,75,Building works,Detailed Project Pricing (GGDE),Building works,Building works - chapter 14
201,"Carved timber (for scaffolding, roofs, etc.) of domestic origin",Material,General,,699865.29,699865.29,699865.29,699865.29,1,UGX,65429.94,0.0935,75,75,Building works,Detailed Project Pricing (GGDE),Building works,Building works - chapter 23
203.2,"Sawn white timber originating from Central Europe 335,00 m3 .4 Domestic sawn fir timber",Material,General,,892931.58,892931.58,892931.58,892931.58,1,UGX,83233.21,0.0932,73,67,Building works,Detailed Project Pricing (GGDE),Building works,Building works - chapter 52
205,Planed timber of Swedish origin A',Material,General,,1158397.73,1158397.73,1158397.73,1158397.73,1,UGX,48266.24,0.0417,69,59,Building works,Detailed Project Pricing (GGDE),Building works,Building works - chapter 54
116,"ASPHALT CONCRETE PAVER (FINISHER) 18.1 BARBER GREEN 230, max. width 8,00 m, power 18.2 BARBER GREEN 250, max",Equipment,General,H.M,48945.82,47938.83,55868.81,47938.83,2,UGX,257227.46,5.1977,63,55,Road works,Detailed Project Pricing (GGDE),Road works,Road works - chapter 12
081,"Slow quarry stones m3 11,01 ARTIFICIAL STONE MATERIALS",Material,General,,21589.64,21589.64,21589.64,21589.64,1,UGX,9492.0,0.4397,58,58,Building works,Detailed Project Pricing (GGDE),Building works,Building works - chapter 34
1444,OIK 1444,Abstract Material,General,,176456.55,176456.55,176456.55,176456.55,1,UGX,528.09,0.003,56,56,Building works,Detailed Project Pricing (GGDE),Building works,Building works - chapter 71
213,Gelatodynamite 30%,Material,General,kg,6960.34,4523.78,10980.65,4523.78,2,UGX,30678.85,2.9575,53,47,Road works,Detailed Project Pricing (GGDE),Road works,Road works - chapter 11
1407,OIK 1407,Abstract Material,General,,90753.22,90753.22,90753.22,90753.22,1,UGX,17520.89,0.1931,49,49,Building works,Detailed Project Pricing (GGDE),Building works,Building works - chapter 14
1417,OIK 1417,Abstract Material,General,,90942.55,90942.55,90942.55,90942.55,1,UGX,10114.67,0.1112,41,41,Building works,Detailed Project Pricing (GGDE),Building works,Building works - chapter 42
1447,BUILD 1447,Abstract Material,General,,135498.51,135498.51,135498.51,135498.51,1,UGX,15589.4,0.1151,39,39,Building works,Detailed Project Pricing (GGDE),Building works,Building works - chapter 42
252,Threaded iron nails (bolts) with washer,Material,General,kg,217507.94,5270.71,699865.29,5270.71,2,UGX,45354.86,1.1392,36,36,Building works,Detailed Project Pricing (GGDE),Building works,Building works - chapter 52
052,Sand for mortars,Material,General,,30190.74,30190.74,30190.74,30190.74,1,UGX,12925.53,0.4281,31,31,Building works,Detailed Project Pricing (GGDE),Building works,Building works - chapter 31
6501,Continuous glass curtain wall systems for building facades made of aluminum,Abstract Material,General,,563901.34,563901.34,563901.34,563901.34,1,UGX,539841.55,0.9573,30,30,Building works,Detailed Project Pricing (GGDE),Building works,Building works - chapter 65
265,Iron in strips and squares,Material,General,kg,11290.15,2101.04,277774.12,2101.04,2,UGX,11937.24,1.308,30,29,Building works,Detailed Project Pricing (GGDE),Building works,Building works - chapter 48
222,Clean cement (without Thira earth) including the value of paper bags Kg,Material,General,kg,265.05,168.93,280.43,280.43,2,UGX,86392.34,308.6207,29,26,Road works,Detailed Project Pricing (GGDE),Road works,Road works - chapter 25
6303,Pneumatic types (inflatable molds),Abstract Material,General,,47872.28,47872.28,47872.28,47872.28,1,UGX,246030.53,5.1393,29,29,Hydraulic works,Detailed Project Pricing (GGDE),Hydraulic works,Hydraulic works - chapter 67
051,Mortar sand,Material,General,m3,30190.74,30190.74,30190.74,30190.74,1,UGX,18416.35,0.61,29,29,Building works,Detailed Project Pricing (GGDE),Building works,Building works - chapter 14
6328,WAT 6328,Abstract Material,General,,381783.25,381783.25,381783.25,381783.25,1,UGX,493454.83,1.2925,28,28,Hydraulic works,Detailed Project Pricing (GGDE),Hydraulic works,Hydraulic works - chapter 67
319,"from 10 51 Rotary drilling rig with the capability to drill rocky soils with a hole diameter of 146 mm to a depth of 100 m, including",Equipment,General,H.M,53262.16,53262.16,53262.16,53262.16,1,UGX,1293.51,0.0243,28,4,Marine / port works,Detailed Project Pricing (GGDE),Marine / port works,Marine / port works - chapter 42
6304,Additional price for the formation of carefully finished concrete surface finishes,Abstract Material,General,,13258.37,13258.37,13258.37,13258.37,1,UGX,71335.15,5.3804,26,8,Hydraulic works,Detailed Project Pricing (GGDE),Hydraulic works,Hydraulic works - chapter 63
1476,OIK 1476,Abstract Material,General,,7450.19,7450.19,7450.19,7450.19,1,UGX,7599.2,1.02,25,25,Building works,Detailed Project Pricing (GGDE),Building works,Building works - chapter 54
6325,"Production, transportation, laying, compaction, and curing of concrete Production or supply and on-site transportation of concrete of any category or quality, in accordance with the provisions of the Concrete Technology Regulation (KTS), the E.K.O.S., and the - For constructions of concrete category C10/12",Abstract Material,General,,277322.34,277322.34,277322.34,277322.34,1,UGX,55372.04,0.1997,24,24,Hydraulic works,Detailed Project Pricing (GGDE),Hydraulic works,Hydraulic works - chapter 67
6323,"Production, transport, laying, compaction, and curing of concrete Production or supply and on-site transport of concrete of any category or quality, according to the provisions of the Concrete Technology Regulation (KTS), the E.K.O.S., and - For constructions made of concrete category C8/10",Abstract Material,General,,253213.19,253213.19,253213.19,253213.19,1,UGX,35196.66,0.139,24,24,Hydraulic works,Detailed Project Pricing (GGDE),Hydraulic works,Hydraulic works - chapter 67
029,Domestic white cement with the value of paper bags Kg,Material,General,,365.62,365.62,365.62,365.62,1,UGX,37032.23,101.2864,22,22,Building works,Detailed Project Pricing (GGDE),Building works,Building works - chapter 14
1502,BUI 1502,Abstract Material,General,,1268887.24,1268887.24,1268887.24,1268887.24,1,UGX,63444.48,0.05,21,8,Building works,Detailed Project Pricing (GGDE),Building works,Building works - chapter 31
331,"Schist marble thickness 2 cm squared, length up to 1,50 m and origin Penteli (white)",Material,General,m2,185464.3,185464.3,185464.3,185464.3,1,UGX,140581.92,0.758,20,20,Building works,Detailed Project Pricing (GGDE),Building works,Building works - chapter 74
441,Sandpaper,Material,General,unit,187.52,187.52,187.52,187.52,1,UGX,104.55,0.5575,20,20,Building works,Detailed Project Pricing (GGDE),Building works,Building works - chapter 77
1449,BUILD 1449,Abstract Material,General,,121625.25,121625.25,121625.25,121625.25,1,UGX,2472.96,0.0203,18,18,Building works,Detailed Project Pricing (GGDE),Building works,Building works - chapter 73
6330,WAT 6330,Abstract Material,General,,432919.89,432919.89,432919.89,432919.89,1,UGX,65803.82,0.152,18,6,Hydraulic works,Detailed Project Pricing (GGDE),Hydraulic works,Hydraulic works - chapter 63
032,Theraean soil,Material,General,,86879.83,86879.83,86879.83,86879.83,1,UGX,26874.83,0.3093,15,15,Building works,Detailed Project Pricing (GGDE),Building works,Building works - chapter 14
065,"Crushed stone (gravel) size 0,4 to 1 cm",Material,General,,25315.82,25315.82,25315.82,25315.82,1,UGX,6619.21,0.2615,15,15,Building works,Detailed Project Pricing (GGDE),Building works,Building works - chapter 32
442,Emery cloth,Material,General,unit,293.94,293.94,293.94,293.94,1,UGX,75.16,0.2554,14,14,Building works,Detailed Project Pricing (GGDE),Building works,Building works - chapter 77
6310,WAT 6310,Abstract Material,General,,3454.16,3454.16,3454.16,3454.16,1,UGX,38659.06,11.192,14,8,Hydraulic works,Detailed Project Pricing (GGDE),Hydraulic works,Hydraulic works - chapter 63
6329.2,"Production, transportation, placement, compaction, and curing of concrete Production or supply and on-site transportation of concrete of any category or quality, in accordance with the provisions of the Concrete Technology Regulation (CTR), E.K.O.S., and the - For concrete structures of category C20/25",Abstract Material,General,,398169.76,398169.76,398169.76,398169.76,1,UGX,63991.58,0.1607,14,8,Hydraulic works,Detailed Project Pricing (GGDE),Hydraulic works,Hydraulic works - chapter 63
321,"Marble of full-body steps with useful length up to 1,00 m and origin Penteli (white)",Material,General,m,1372.22,1372.22,1372.22,1372.22,1,UGX,57975.09,36.3779,14,10,Building works,Detailed Project Pricing (GGDE),Building works,Building works - chapter 75
398.1,"Bentonite kg 0,210 .2 Rock anchorage rod with expanding end, tensile strength 9t, length 1,50 m pcs 42,30 .3 Rock anchorage rod with expanding end, tensile strength 12 t, length 2,50 m pcs 49,80 .4 Rock anchorage rod PERFO, 1 ins and length 2,5 m or similar pcs 71,20 .5 BERNOLD plates or similar kg 5,80 .6 GRAELIUS type diamond drill bit diameter 48 mm pcs 330,00 .7 Diamond drill bit, diameter 146 mm (sampling) pcs 1360,00 .8 Seamless steel pipe internal diameter 150 mm and thickness 4,5 mm, for borehole casing m 30,75 .9 Galvanized longitudinal seam steel pipe, internal diameter 650mm and thickness 6 mm, for final casing of water borehole ""MET""",Material,General,m,615.4,615.4,615.4,615.4,1,UGX,9230.98,15.0,14,14,Hydraulic works,Detailed Project Pricing (GGDE),Hydraulic works,Hydraulic works - chapter 71
061,"Crushed stone size 0,7 to 7 cm",Material,General,,26546.61,26546.61,26546.61,26546.61,1,UGX,20081.49,0.7565,13,13,Building works,Detailed Project Pricing (GGDE),Building works,Building works - chapter 32
242,Compressed hardboard sheet thickness 3 mm,Material,General,m2,77597.8,3619.99,892931.58,10859.98,3,UGX,52742.37,4.5546,13,12,Building works,Detailed Project Pricing (GGDE),Building works,Building works - chapter 56
056,"Gravel size 0,7 to 7 cm",Material,General,,20730.49,20730.49,20730.49,20730.49,1,UGX,15442.63,0.7449,13,13,Building works,Detailed Project Pricing (GGDE),Building works,Building works - chapter 31
6314,WAT 6314,Abstract Material,General,,4810.39,4810.39,4810.39,4810.39,1,UGX,40145.48,8.3456,13,7,Hydraulic works,Detailed Project Pricing (GGDE),Hydraulic works,Hydraulic works - chapter 63
112,Slotted (perforated) brickwork (with holes along) dimensions 19 x 11 x 8 cm,Material,General,unit,190.89,190.89,190.89,190.89,1,UGX,37574.19,196.8324,13,13,Building works,Detailed Project Pricing (GGDE),Building works,Building works - chapter 38
333,"Schist marble, 3 cm thick, squared, length up to 1,50 m and m2, originating from Penteli (white)",Material,General,,269255.07,269255.07,269255.07,269255.07,1,UGX,223481.71,0.83,12,12,Building works,Detailed Project Pricing (GGDE),Building works,Building works - chapter 74
1501,BUI 1501,Abstract Material,General,,1110199.27,1110199.27,1110199.27,1110199.27,1,UGX,53345.02,0.048,12,12,Building works,Detailed Project Pricing (GGDE),Building works,Building works - chapter 21
266,Shaped steel of all simple sections with height or side less than 8 cm,Material,General,kg,1502.3,1502.3,1502.3,1502.3,1,UGX,4357.99,2.9009,11,10,Building works,Detailed Project Pricing (GGDE),Building works,Building works - chapter 61
457,Ready plaster (putty),Material,General,kg,1997.99,1997.99,1997.99,1997.99,1,UGX,1107.87,0.5545,11,11,Building works,Detailed Project Pricing (GGDE),Building works,Building works - chapter 76
484,Mineral oil,Material,General,kg,10980.65,10980.65,10980.65,10980.65,1,UGX,24057.6,2.1909,11,11,Building works,Detailed Project Pricing (GGDE),Building works,Building works - chapter 11
6326,"Production, transport, laying, compaction, and curing of concrete Production or supply and transport on site of concrete of any category or quality, in accordance with the provisions of the Concrete Technology Regulation (KTS), the E.K.O.S., and - For constructions of concrete category C12/16",Abstract Material,General,,320736.14,320736.14,320736.14,320736.14,1,UGX,165860.67,0.5171,10,10,Hydraulic works,Detailed Project Pricing (GGDE),Hydraulic works,Hydraulic works - chapter 67
235,Shaped steel with side height up to 8 cm,Material,General,kg,1502.3,1502.3,1502.3,1502.3,1,UGX,305839.42,203.5812,10,9,Road works,Detailed Project Pricing (GGDE),Road works,Road works - chapter 26
212,Gasoline It,Material,General,,3578.72,3578.72,3578.72,3578.72,1,UGX,41155.34,11.5,10,10,Hydraulic works,Detailed Project Pricing (GGDE),Hydraulic works,Hydraulic works - chapter 51
443,Raw linseed oil,Material,General,kg,4797.46,4797.46,4797.46,4797.46,1,UGX,546.88,0.114,10,10,Building works,Detailed Project Pricing (GGDE),Building works,Building works - chapter 14
1446,BUILD 1446,Abstract Material,General,,119806.56,119806.56,119806.56,119806.56,1,UGX,11213.87,0.0936,10,10,Building works,Detailed Project Pricing (GGDE),Building works,Building works - chapter 43
231,"Tongue-and-groove strips made of pitch pine timber, width from 4 to 7 cm, net thickness at least 22 mm and length at least 40 cm, of American origin",Material,General,m2,7322.76,2237.16,53093.23,2237.16,2,UGX,12644.2,3.265,10,10,Building works,Detailed Project Pricing (GGDE),Building works,Building works - chapter 53
363,Wind brace hook,Material,General,unit,1797.79,1520.4,4294.28,1520.4,2,UGX,15348.24,9.73,10,10,Building works,Detailed Project Pricing (GGDE),Building works,Building works - chapter 14
1492,BUILD 1492,Abstract Material,General,,6856.45,6856.45,6856.45,6856.45,1,UGX,1395.34,0.2035,10,10,Building works,Detailed Project Pricing (GGDE),Building works,Building works - chapter 77
1479,OIK 1479,Abstract Material,General,,91992.92,91992.92,91992.92,91992.92,1,UGX,62555.12,0.68,10,10,Building works,Detailed Project Pricing (GGDE),Building works,Building works - chapter 54
111,Perforated brickwork (with holes along) dimensions 19 x 9 x 6 cm,Material,General,unit,174.0,174.0,174.0,174.0,1,UGX,43604.65,250.6,10,10,Building works,Detailed Project Pricing (GGDE),Building works,Building works - chapter 46
128,Brick made of cellular concrete weighing 800 of any dimensions,Material,General,,212952.12,212952.12,212952.12,212952.12,1,UGX,26973.93,0.1267,9,9,Building works,Detailed Project Pricing (GGDE),Building works,Building works - chapter 47
035,Common gypsum (gray),Material,General,kg,213.1,213.1,213.1,213.1,1,UGX,8315.58,39.0222,9,9,Building works,Detailed Project Pricing (GGDE),Building works,Building works - chapter 14
282,Rectangular section steel tube (profile tube) for frames of any dimensions,Material,General,kg,10167.73,2388.71,72399.86,2388.71,2,UGX,10515.38,1.1456,9,9,Building works,Detailed Project Pricing (GGDE),Building works,Building works - chapter 62
7019,WATER 7019,Abstract Material,General,,214293.17,22185.47,505119.6,162562.29,8,UGX,168373.19,0.9,9,2,Hydraulic works,Detailed Project Pricing (GGDE),Hydraulic works,Hydraulic works - chapter 70
445,Naphtha,Material,General,kg,3861.33,3861.33,3861.33,3861.33,1,UGX,214.52,0.0556,9,9,Building works,Detailed Project Pricing (GGDE),Building works,Building works - chapter 14
473,Synthetic resin ripolin varnish paint,Material,General,kg,6835.75,6835.75,6835.75,6835.75,1,UGX,1070.98,0.1567,9,9,Building works,Detailed Project Pricing (GGDE),Building works,Building works - chapter 77
332,"Split marble with a thickness of 2 cm squared, rectilinear, length over 1,50 m and m2, originating from Penteli (white)",Material,General,,192294.02,192294.02,192294.02,192294.02,1,UGX,155277.42,0.8075,8,8,Building works,Detailed Project Pricing (GGDE),Building works,Building works - chapter 74
1418,BUI 1418,Abstract Material,General,,94576.3,94576.3,94576.3,94576.3,1,UGX,1477.71,0.0156,8,8,Building works,Detailed Project Pricing (GGDE),Building works,Building works - chapter 71
485,Crude oil (fuel) It,Material,General,,2962.6,2962.6,2962.6,2962.6,1,UGX,116800.61,39.425,8,8,Building works,Detailed Project Pricing (GGDE),Building works,Building works - chapter 11
444,Boiled linseed oil,Material,General,kg,5327.42,5327.42,5327.42,5327.42,1,UGX,970.36,0.1821,7,7,Building works,Detailed Project Pricing (GGDE),Building works,Building works - chapter 14
370,Four-wood support (frame),Material,General,unit,709.76,709.76,709.76,709.76,1,UGX,5475.29,7.7143,7,7,Building works,Detailed Project Pricing (GGDE),Building works,Building works - chapter 14
370.8,150 - 370.16 150 - 370.24 150 - WAT 371. PLASTIC PIPES MADE OF PVC nominal pressure,Material,General,,0.0,0.0,0.0,0.0,0,UGX,0.0,1.0,7,7,Hydraulic works,Detailed Project Pricing (GGDE),Hydraulic works,Hydraulic works - chapter 67
223,"High early strength PORTLAND cement, including the value of paper bags",Material,General,kg,287.91,287.91,287.91,287.91,1,UGX,106526.74,370.0,7,7,Hydraulic works,Detailed Project Pricing (GGDE),Hydraulic works,Hydraulic works - chapter 63
233,"Plates of combined strips of glued oak flooring of mosaic parquet type, m2 thickness 8 to 10 mm, Central Europe",Material,General,kg,15650.61,1349.29,51403.9,1349.29,2,UGX,10328.29,1.6449,7,6,Building works,Detailed Project Pricing (GGDE),Building works,Building works - chapter 53
6069,Bedding layers and encasement of pipes with quarry sand,Abstract Material,General,,60307.45,60307.45,60307.45,60307.45,1,UGX,25587.56,0.4243,7,7,Hydraulic works,Detailed Project Pricing (GGDE),Hydraulic works,Hydraulic works - chapter 67
446,Dryer,Material,General,kg,6425.49,6425.49,6425.49,6425.49,1,UGX,133.08,0.0207,7,7,Building works,Detailed Project Pricing (GGDE),Building works,Building works - chapter 14
1412,BUI 1412,Abstract Material,General,,61131.54,61131.54,61131.54,61131.54,1,UGX,8645.78,0.1414,7,7,Building works,Detailed Project Pricing (GGDE),Building works,Building works - chapter 42
450,Parketin,Material,General,kg,146501.32,6860.61,202357.6,202357.6,2,UGX,260330.89,1.3086,7,7,Building works,Detailed Project Pricing (GGDE),Building works,Building works - chapter 77
1504,BUI 1504,Abstract Material,General,,1501948.0,1501948.0,1501948.0,1501948.0,1,UGX,7917.44,0.0053,7,7,Building works,Detailed Project Pricing (GGDE),Building works,Building works - chapter 21
1488,OIK 1488,Abstract Material,General,,1881.95,1881.95,1881.95,1881.95,1,UGX,811.95,0.4314,7,7,Building works,Detailed Project Pricing (GGDE),Building works,Building works - chapter 77
334,"Rectangular schist marble with thickness 3 cm, length over 1,50 m and m2, originating from Penteli (white)",Material,General,,288489.3,288489.3,288489.3,288489.3,1,UGX,272004.2,0.9429,7,7,Building works,Detailed Project Pricing (GGDE),Building works,Building works - chapter 75
366,"Wind brace mill, for German covers",Material,General,unit,49272.33,12067.85,56713.22,56713.22,2,UGX,13626.06,0.5027,6,3,Building works,Detailed Project Pricing (GGDE),Building works,Building works - chapter 14
241,"Margins (baseboards) of chestnut timber with width from 5 to 8 cm, thickness at least 12 mm and length at least 2 m, of domestic origin",Material,General,m,18703.3,18703.3,18703.3,18703.3,1,UGX,34788.13,1.7267,6,5,Building works,Detailed Project Pricing (GGDE),Building works,Building works - chapter 53
236,"Margins (plinths) of white timber with width from 5 to 8 cm, thickness at least 12 mm and length 2 m, origin Romania",Material,General,m,1875.36,1502.3,3740.66,1502.3,2,UGX,8256.96,5.233,6,6,Building works,Detailed Project Pricing (GGDE),Building works,Building works - chapter 53
237,"Margins (baseboards) made of timber with a width of 5 to 8 cm, thickness of at least 12 mm, and length of at least 2 m, originating from Sweden",Material,General,m,3193.64,2939.43,4464.66,2939.43,2,UGX,3287.28,1.0267,6,6,Building works,Detailed Project Pricing (GGDE),Building works,Building works - chapter 53
460,Durable floor varnish,Material,General,kg,10564.35,10564.35,10564.35,10564.35,1,UGX,1003.62,0.095,6,3,Building works,Detailed Project Pricing (GGDE),Building works,Building works - chapter 77
7005,WAT 7005,Abstract Material,General,,2448.07,291.1,7693.94,1669.73,6,UGX,2448.04,1.0,6,2,Hydraulic works,Detailed Project Pricing (GGDE),Hydraulic works,Hydraulic works - chapter 70
6069.1,Bedding layers and encasement of pipes with quarry sand,Abstract Material,General,,28157.71,28157.71,28157.71,28157.71,1,UGX,2308.99,0.082,6,6,Hydraulic works,Detailed Project Pricing (GGDE),Hydraulic works,Hydraulic works - chapter 63
7001,Impermeable embankment with transportation of materials from any distance,Abstract Material,General,,2762.72,582.2,8866.4,1969.46,6,UGX,2614.92,0.9833,6,2,Hydraulic works,Detailed Project Pricing (GGDE),Hydraulic works,Hydraulic works - chapter 70
451,Powdered tin,Material,General,kg,2930.26,2930.26,2930.26,2930.26,1,UGX,1045.13,0.3567,6,6,Building works,Detailed Project Pricing (GGDE),Building works,Building works - chapter 14
1491,BUI 1491,Abstract Material,General,,3703.26,3703.26,3703.26,3703.26,1,UGX,725.21,0.1958,6,6,Building works,Detailed Project Pricing (GGDE),Building works,Building works - chapter 77
4512,ROAD 4512,Abstract Material,General,,4265.28,4265.28,4265.28,4265.28,1,UGX,1623.69,0.3807,6,2,Road works,Detailed Project Pricing (GGDE),Road works,Road works - chapter 44
1489,BUI 1489,Abstract Material,General,,2152.36,2152.36,2152.36,2152.36,1,UGX,430.54,0.2,6,6,Building works,Detailed Project Pricing (GGDE),Building works,Building works - chapter 77
024,Lime slurry,Material,General,,108599.79,108599.79,108599.79,108599.79,1,UGX,233.49,0.0022,6,6,Building works,Detailed Project Pricing (GGDE),Building works,Building works - chapter 77
346.1,"White marble chips, any size kg 0,0590 .2 Yellow or orange marble chips, any size",Material,General,kg,138.04,138.04,138.04,138.04,1,UGX,4279.31,31.0,6,6,Building works,Detailed Project Pricing (GGDE),Building works,Building works - chapter 73
1413,CONSTR 1413,Abstract Material,General,,64765.29,64765.29,64765.29,64765.29,1,UGX,971.53,0.015,6,6,Building works,Detailed Project Pricing (GGDE),Building works,Building works - chapter 71
348,"Colored marble chips, except yellow and orange, any size kg 0,1068 IRONWARE - GLASS",Material,General,,250.02,250.02,250.02,250.02,1,UGX,2833.57,11.3333,6,6,Building works,Detailed Project Pricing (GGDE),Building works,Building works - chapter 73
102,"Full hollow brick with cavities, dimensions 19 χ 9 χ 4 cm",Material,General,unit,0.0,0.0,0.0,0.0,0,UGX,0.0,210.0,6,6,Building works,Detailed Project Pricing (GGDE),Building works,Building works - chapter 46
062,"Aggregate size 0,7 to 3 cm or 0,7 to 2,5 cm",Material,General,m3,26546.61,26546.61,26546.61,26546.61,1,UGX,18449.9,0.695,6,6,Building works,Detailed Project Pricing (GGDE),Building works,Building works - chapter 32
365,Insecticidal preparation Kg,Material,General,,61539.88,61539.88,61539.88,61539.88,1,UGX,30934.05,0.5027,6,3,Landscaping / green works,Detailed Project Pricing (GGDE),Landscaping / green works,Landscaping / green works - chapter 53
101,"Full hollow brick without coffers, dimensions 19 x 9 x 4 cm",Material,General,unit,0.0,0.0,0.0,0.0,0,UGX,0.0,210.0,6,6,Building works,Detailed Project Pricing (GGDE),Building works,Building works - chapter 46
372,Threaded nails (wood screws) 20/30 in boxes of 144 pcs.,Material,General,unit,5962.85,5962.85,5962.85,5962.85,1,UGX,2862.16,0.48,5,5,Building works,Detailed Project Pricing (GGDE),Building works,Building works - chapter 14
7010,Dam embankment Zone 6: Support bodies made of random materials,Abstract Material,General,,1362.43,788.05,2510.03,1290.38,5,UGX,1362.42,1.0,5,1,Hydraulic works,Detailed Project Pricing (GGDE),Hydraulic works,Hydraulic works - chapter 70
351,French turnbuckle No 11,Material,General,unit,375485.36,1774.28,1870329.67,1774.28,2,UGX,397737.21,3.01,5,4,Building works,Detailed Project Pricing (GGDE),Building works,Building works - chapter 14
6082.1,WAT 6082.1,Abstract Material,General,,251735.18,251735.18,251735.18,251735.18,1,UGX,246700.54,0.98,5,4,Hydraulic works,Detailed Project Pricing (GGDE),Hydraulic works,Hydraulic works - chapter 60
243,Galvanized wire mesh (gabion) Kg,Material,General,kg,5791.99,5791.99,5791.99,5791.99,1,UGX,16333.41,2.82,5,3,Road works,Detailed Project Pricing (GGDE),Road works,Road works - chapter 23
482,Gasoline It,Material,General,,3578.72,3578.72,3578.72,3578.72,1,UGX,12453.93,3.48,5,5,Building works,Detailed Project Pricing (GGDE),Building works,Building works - chapter 15
7003,Permeable backfill with transportation of materials from any distance,Abstract Material,General,,2152.77,291.1,5638.2,1495.08,5,UGX,2152.74,1.0,5,2,Hydraulic works,Detailed Project Pricing (GGDE),Hydraulic works,Hydraulic works - chapter 70
6360.2,WAT 6360.2,Abstract Material,General,,141769.29,26402.24,287349.6,84107.47,5,UGX,141769.25,1.0,5,1,Hydraulic works,Detailed Project Pricing (GGDE),Hydraulic works,Hydraulic works - chapter 63
6360.1,WAT 6360.1,Abstract Material,General,,126129.46,18993.03,267277.24,76413.85,5,UGX,126129.53,1.0,5,1,Hydraulic works,Detailed Project Pricing (GGDE),Hydraulic works,Hydraulic works - chapter 63
6360.5,WAT 6360.5,Abstract Material,General,,314086.94,63474.06,680084.69,167215.53,5,UGX,314086.95,1.0,5,1,Hydraulic works,Detailed Project Pricing (GGDE),Hydraulic works,Hydraulic works - chapter 63
6360.6,WATER 6360.6,Abstract Material,General,,394304.5,84107.47,898579.55,196580.63,5,UGX,394304.44,1.0,5,1,Hydraulic works,Detailed Project Pricing (GGDE),Hydraulic works,Hydraulic works - chapter 63
6360.4,WAT 6360.4,Abstract Material,General,,256431.69,50864.77,499663.61,150519.03,5,UGX,256431.66,1.0,5,1,Hydraulic works,Detailed Project Pricing (GGDE),Hydraulic works,Hydraulic works - chapter 63
6360.3,WAT 6360.3,Abstract Material,General,,197585.67,37489.35,380875.06,100689.23,5,UGX,197585.68,1.0,5,1,Hydraulic works,Detailed Project Pricing (GGDE),Hydraulic works,Hydraulic works - chapter 63
326,"Marble curbs longer than 0,80 m and originating from Penteli (white)",Material,General,m,79384.03,3161.46,249441.64,3161.46,3,UGX,136089.53,18.51,5,4,Building works,Detailed Project Pricing (GGDE),Building works,Building works - chapter 75
1485,BUILD 1485,Abstract Material,General,,2059.91,2059.91,2059.91,2059.91,1,UGX,465.53,0.226,5,5,Building works,Detailed Project Pricing (GGDE),Building works,Building works - chapter 77
4312,ROAD 4312,Abstract Material,General,,4265.28,4265.28,4265.28,4265.28,1,UGX,302.87,0.071,5,2,Road works,Detailed Project Pricing (GGDE),Road works,Road works - chapter 42
6081.1,WAT 6081.1,Abstract Material,General,,55585.4,55585.4,55585.4,55585.4,1,UGX,54473.75,0.98,5,4,Hydraulic works,Detailed Project Pricing (GGDE),Hydraulic works,Hydraulic works - chapter 60
6084.1,WAT 6084.1,Abstract Material,General,,188789.41,188789.41,188789.41,188789.41,1,UGX,200116.78,1.06,5,4,Hydraulic works,Detailed Project Pricing (GGDE),Hydraulic works,Hydraulic works - chapter 60
6083.1,WAT 6083.1,Abstract Material,General,,37093.93,37093.93,37093.93,37093.93,1,UGX,39319.49,1.06,5,4,Hydraulic works,Detailed Project Pricing (GGDE),Hydraulic works,Hydraulic works - chapter 60
1471,OIK 1471,Abstract Material,General,,14049.26,14049.26,14049.26,14049.26,1,UGX,14049.19,1.0,5,5,Building works,Detailed Project Pricing (GGDE),Building works,Building works - chapter 54
296,"Anodic oxidation of aluminum surfaces, white color, thickness 20μm",Material,General,m2,30094.21,30094.21,30094.21,30094.21,1,UGX,14144.28,0.47,5,5,Building works,Detailed Project Pricing (GGDE),Building works,Building works - chapter 65
4662.2,BUILD 4662.2,Abstract Material,General,,54832.1,54832.1,54832.1,54832.1,1,UGX,44962.29,0.82,5,4,Building works,Detailed Project Pricing (GGDE),Building works,Building works - chapter 48
4664.1,BUILD 4664.1,Abstract Material,General,,103313.32,103313.32,103313.32,103313.32,1,UGX,83683.86,0.81,5,4,Building works,Detailed Project Pricing (GGDE),Building works,Building works - chapter 48
4664.2,BUI 4664.2,Abstract Material,General,,105321.77,105321.77,105321.77,105321.77,1,UGX,85310.64,0.81,5,4,Building works,Detailed Project Pricing (GGDE),Building works,Building works - chapter 48
4665.1,CONSTR 4665.1,Abstract Material,General,,155490.63,155490.63,155490.63,155490.63,1,UGX,125325.36,0.806,5,4,Building works,Detailed Project Pricing (GGDE),Building works,Building works - chapter 48
4665.2,OIK 4665.2,Abstract Material,General,,157608.37,157608.37,157608.37,157608.37,1,UGX,127032.4,0.806,5,4,Building works,Detailed Project Pricing (GGDE),Building works,Building works - chapter 48
232,"Oak wood parquet strips, width from 4 to 6 cm, net thickness at least 20 mm and length from 25 to 35 cm, origin Slovenia (with 50% knots, as ATOE 5341)",Material,General,m2,78280.66,5270.71,108599.79,84466.5,3,UGX,81222.41,0.97,5,5,Building works,Detailed Project Pricing (GGDE),Building works,Building works - chapter 53
519,"Thermoacoustic insulating material with thermal conductivity coefficient λ ≤ 0,06, specific gravity δ ≤ 1000 kg/m3, expanded perlite",Material,General,m3,128244.28,128244.28,128244.28,128244.28,1,UGX,104903.82,0.818,5,5,Building works,Detailed Project Pricing (GGDE),Building works,Building works - chapter 14
4662.1,CONSTR 4662.1,Abstract Material,General,,53814.44,53814.44,53814.44,53814.44,1,UGX,44127.76,0.82,5,4,Building works,Detailed Project Pricing (GGDE),Building works,Building works - chapter 48
361,Common handle (grip),Material,General,unit,21146.61,3016.42,75537.19,3016.42,2,UGX,285526.76,4.5,4,4,Building works,Detailed Project Pricing (GGDE),Building works,Building works - chapter 14
360,Cover rod (shutter rod) full length running along the entire height of the frame,Material,General,unit,87203.22,29442.61,247269.65,36050.3,3,UGX,87203.22,1.0,4,4,Building works,Detailed Project Pricing (GGDE),Building works,Building works - chapter 14
295,Aluminum rods of various cross-sections (profiles),Material,General,kg,15662.5,15662.5,15662.5,15662.5,1,UGX,52860.95,3.375,4,4,Building works,Detailed Project Pricing (GGDE),Building works,Building works - chapter 65
565.3,"diameter 1 ins, thickness 3,25 mm m 3,06 .5 diameter 1 1/2 ins, thickness 3,25 mm m 4,53 .6 diameter 2 ins, thickness 3,65 mm",Material,General,m,9170.65,9170.65,9170.65,9170.65,1,UGX,9858.45,1.075,4,4,Building works,Detailed Project Pricing (GGDE),Building works,Building works - chapter 62
058,Gravel size 10 to 25 cm,Material,General,m3,17810.37,17810.37,17810.37,17810.37,1,UGX,8905.18,0.5,4,4,Building works,Detailed Project Pricing (GGDE),Building works,Building works - chapter 34
261,Structural steel mesh (ST IV),Material,General,kg,10217.85,1476.72,36441.26,1476.72,2,UGX,10856.6,1.4325,4,4,Building works,Detailed Project Pricing (GGDE),Building works,Building works - chapter 38
453,Powdered putty,Material,General,kg,184.62,184.62,184.62,184.62,1,UGX,83.08,0.45,4,4,Building works,Detailed Project Pricing (GGDE),Building works,Building works - chapter 14
384.1,"Two-inlet body with ""N"" or ""HP"" type valves pcs 537,05 .2 Four-inlet body with ""N"" or ""HP"" type valves pcs - .3 Frost protection system pcs - .4 Plugging disc pcs - .5 Inlet piping (with socket for pressure regulator and flow restrictor) and plug pcs - .6 Inlet piping (with socket for flow restrictor) and plug pcs - .7 Water meter pcs - .8 Pressure regulator from static pressure 12,5 bar to standard pressures from 2,5 to 5 bar pcs - .9 Flow restrictor at 3 or 4 or 6 or 9 It/s",Material,General,unit,1296078.13,1296078.13,1296078.13,1296078.13,1,UGX,1296078.13,1.0,4,4,Hydraulic works,Detailed Project Pricing (GGDE),Hydraulic works,Hydraulic works - chapter 66
6301,Temporary trench bridging to facilitate pedestrian traffic,Abstract Material,General,,15642.45,15642.45,15642.45,15642.45,1,UGX,15642.47,1.0,4,4,Hydraulic works,Detailed Project Pricing (GGDE),Hydraulic works,Hydraulic works - chapter 63
243.1,"Thickness 8 mm m2 2,66 m2 .2 Thickness 12 mm 3,65 .3 Thickness 16 mm m2 4,45 m2 .5 Thickness 22 mm",Material,General,,6515.99,6515.99,6515.99,6515.99,1,UGX,2777.44,0.4262,4,4,Building works,Detailed Project Pricing (GGDE),Building works,Building works - chapter 54
7361,"Marble tesserae (mosaic) coverings Marble tesserae (mosaic) coverings, size up to No 6, white or with addition of tesserae of any other colors, executed in two layers. Careful cleaning of the surfaces to be covered and washing, materials and mixing work, laying - Mosaic coverings with thickness 2,5 cm, with common cement and white tesserae in a proportion of 95%",Abstract Material,General,,115982.37,115982.37,115982.37,115982.37,1,UGX,107283.74,0.925,4,4,Building works,Detailed Project Pricing (GGDE),Building works,Building works - chapter 73
7755,Common painting of iron surfaces,Abstract Material,General,,49850.01,49850.01,49850.01,49850.01,1,UGX,14954.98,0.3,4,4,Building works,Detailed Project Pricing (GGDE),Building works,Building works - chapter 77
244,"Iron sheet piles Kg 2,47 TIMBER",Material,General,kg,6515.99,6515.99,6515.99,6515.99,1,UGX,3665.24,0.5625,4,4,Road works,Detailed Project Pricing (GGDE),Road works,Road works - chapter 22
1122,ROAD 1122,Abstract Material,General,,7636.71,5251.14,10022.27,7636.71,2,UGX,4582.07,0.6,4,4,Road works,Detailed Project Pricing (GGDE),Road works,Road works - chapter 16
1487,BUILD 1487,Abstract Material,General,,1487.93,1487.93,1487.93,1487.93,1,UGX,111.56,0.075,4,4,Building works,Detailed Project Pricing (GGDE),Building works,Building works - chapter 77
493,Bituminous membranes,Material,General,kg,1761.73,1761.73,1761.73,1761.73,1,UGX,1673.64,0.95,4,4,Building works,Detailed Project Pricing (GGDE),Building works,Building works - chapter 72
1426,OIK 1426,Abstract Material,General,,367927.03,367927.03,367927.03,367927.03,1,UGX,2483.5,0.0068,4,4,Building works,Detailed Project Pricing (GGDE),Building works,Building works - chapter 71
215,"Clear diesel (lighting) It 0,8469 DUSTS",Material,General,,2674.69,2674.69,2674.69,2674.69,1,UGX,852.51,0.3188,4,4,Road works,Detailed Project Pricing (GGDE),Road works,Road works - chapter 67
273,Flat galvanized sheet metal,Material,General,kg,2616.77,2616.77,2616.77,2616.77,1,UGX,2289.71,0.875,4,3,Building works,Detailed Project Pricing (GGDE),Building works,Building works - chapter 72
067,Crushed stone aggregate size 1 to 5 cm,Material,General,,109806.45,109806.45,109806.45,109806.45,1,UGX,86198.06,0.785,4,4,Building works,Detailed Project Pricing (GGDE),Building works,Building works - chapter 35
1422,BUILD 1422,Abstract Material,General,,0.0,0.0,0.0,0.0,0,UGX,0.0,0.016,4,4,Building works,Detailed Project Pricing (GGDE),Building works,Building works - chapter 71
142,"hollow machined ceramic tile, 42.5 x 20.5 cm, average price for mattress and cover",Material,General,unit,929.13,929.13,929.13,929.13,1,UGX,24157.42,26.0,4,4,Building works,Detailed Project Pricing (GGDE),Building works,Building works - chapter 72
1427,BUI 1427,Abstract Material,General,,394107.9,394107.9,394107.9,394107.9,1,UGX,2463.1,0.0062,4,4,Building works,Detailed Project Pricing (GGDE),Building works,Building works - chapter 71
566.3,"diameter 1 ins, thickness 3,25 mm m 4,09 .5 diameter 1 1/2 ins, thickness 3,25 mm m 6,24 .6 diameter 2 ins, thickness 3,65 mm",Material,General,m,12187.31,12187.31,12187.31,12187.31,1,UGX,15843.5,1.3,3,3,Building works,Detailed Project Pricing (GGDE),Building works,Building works - chapter 64
294,"Aluminum in sheets with thickness 0,50 mm",Material,General,kg,8491.54,8491.54,8491.54,8491.54,1,UGX,18816.56,2.2159,3,2,Building works,Detailed Project Pricing (GGDE),Building works,Building works - chapter 65
252.1,Domestic sawn large timber - .2 Domestic sawn oak timber,Material,General,m3,0.0,0.0,0.0,0.0,0,UGX,0.0,0.024,3,3,Hydraulic works,Detailed Project Pricing (GGDE),Hydraulic works,Hydraulic works - chapter 61
253,Double-headed iron rivets (rivets),Material,General,kg,6655.96,6655.96,6655.96,6655.96,1,UGX,3882.64,0.5833,3,3,Building works,Detailed Project Pricing (GGDE),Building works,Building works - chapter 62
271,"Black sheet metal, thickness up to 2 mm",Material,General,kg,167506.4,2324.76,497869.69,2324.76,2,UGX,167072.49,0.8133,3,3,Building works,Detailed Project Pricing (GGDE),Building works,Building works - chapter 62
254,Galvanized flat head tar paper nails,Material,General,kg,8523.88,8523.88,8523.88,8523.88,1,UGX,340.92,0.04,3,3,Building works,Detailed Project Pricing (GGDE),Building works,Building works - chapter 72
467,Velatura,Material,General,kg,8199.28,8199.28,8199.28,8199.28,1,UGX,847.16,0.1033,3,3,Building works,Detailed Project Pricing (GGDE),Building works,Building works - chapter 77
328,"Marble sink with width 50 cm, thickness from 20 to 25 cm and length 1,1m",Material,General,unit,4440.52,4440.52,4440.52,4440.52,1,UGX,9769.15,1.0767,3,2,Building works,Detailed Project Pricing (GGDE),Building works,Building works - chapter 75
327,Asphalt waterproofing material for coatings,Material,General,kg,4512.92,1303.2,10932.38,1303.2,2,UGX,4078.53,0.6667,3,3,Road works,Detailed Project Pricing (GGDE),Road works,Road works - chapter 24
6751,"holes etc., surface cleaning with metal blasting or sandblasting of SA 2 ½ quality, in accordance with the ELOT EN ISO 8504-1 standard, and anti-corrosion protection with two coats of zinc-based paint, dry film thickness each 25 ± 5 μm",Abstract Material,General,,12427.42,12427.42,12427.42,12427.42,1,UGX,7125.03,0.5733,3,2,Hydraulic works,Detailed Project Pricing (GGDE),Hydraulic works,Hydraulic works - chapter 70
379,"Frame and winding system of wooden roller, namely: Frame made of iron U-profile, complete with hinges and stays with handles for lifting, pulley made of sheet metal and iron shaft fittings.",Material,General,unit,47663.24,38371.92,66245.87,38371.92,2,UGX,60453.88,1.3333,3,3,Building works,Detailed Project Pricing (GGDE),Building works,Building works - chapter 14
477,Rubber-based plastic paint,Material,General,kg,0.0,0.0,0.0,0.0,0,UGX,0.0,0.1433,3,3,Building works,Detailed Project Pricing (GGDE),Building works,Building works - chapter 77
476,Plastic substrate paint (acrylic primer),Material,General,kg,5882.01,5882.01,5882.01,5882.01,1,UGX,647.09,0.11,3,3,Building works,Detailed Project Pricing (GGDE),Building works,Building works - chapter 77
336,"Schist marble thickness 4 cm squared, rectilinear, length over 1,50 m and m2 origin Penteli (white)",Material,General,,0.0,0.0,0.0,0.0,0,UGX,0.0,0.6,3,3,Building works,Detailed Project Pricing (GGDE),Building works,Building works - chapter 75
301,Precast concrete curbs M,Material,General,m,8856.92,8856.92,8856.92,8856.92,1,UGX,8856.92,1.0,3,3,Road works,Detailed Project Pricing (GGDE),Road works,Road works - chapter 29
506,"Pitch paper weighing 1,75 kg/m2",Material,General,m2,3455.16,3455.16,3455.16,3455.16,1,UGX,3973.47,1.15,3,3,Building works,Detailed Project Pricing (GGDE),Building works,Building works - chapter 72
302,"Concrete sidewalk slabs 7,12 ASPHALT MATERIALS",Material,General,m2,14576.5,14576.5,14576.5,14576.5,1,UGX,14868.03,1.02,3,3,Road works,Detailed Project Pricing (GGDE),Road works,Road works - chapter 29
4412,ROAD 4412,Abstract Material,General,,4265.28,4265.28,4265.28,4265.28,1,UGX,302.87,0.071,3,1,Road works,Detailed Project Pricing (GGDE),Road works,Road works - chapter 43
224,"Hydrated lime in lumps Kg 0,070 IRON, METALS",Material,General,kg,168.93,168.93,168.93,168.93,1,UGX,20271.96,120.0,3,3,Road works,Detailed Project Pricing (GGDE),Road works,Road works - chapter 65
2522,"Construction of curbs, lined ditches, bottom shaping, etc. with concrete C20/25",Abstract Material,General,,357240.15,286028.33,417996.32,367695.8,3,UGX,1786.18,0.005,3,3,Road works,Detailed Project Pricing (GGDE),Road works,Road works - chapter 29
238,"Margins (baseboards) of oak timber with a width of 5 to 8 cm, thickness of at least 12 mm and length of at least 2 m, originating from Slovenia",Material,General,m,2991.08,1349.29,6274.65,1349.29,2,UGX,3161.62,1.0533,3,3,Building works,Detailed Project Pricing (GGDE),Building works,Building works - chapter 53
6327,"Production, transportation, laying, compaction, and curing of concrete Production or supply and on-site transportation of concrete of any category or quality, according to the provisions of the Concrete Technology Regulation (KTS), the E.K.O.S., and - For constructions made of concrete category C16/20",Abstract Material,General,,373380.25,373380.25,373380.25,373380.25,1,UGX,164909.58,0.4417,3,3,Hydraulic works,Detailed Project Pricing (GGDE),Hydraulic works,Hydraulic works - chapter 67
277,Cold rolled sheet metal (D.K.P.) thickness 1 to 2 mm,Material,General,kg,2414.78,2414.78,2414.78,2414.78,1,UGX,2777.1,1.15,3,3,Building works,Detailed Project Pricing (GGDE),Building works,Building works - chapter 62
6086.1,HYDR 6086.1,Abstract Material,General,,92307.22,92307.22,92307.22,92307.22,1,UGX,92307.16,1.0,3,3,Hydraulic works,Detailed Project Pricing (GGDE),Hydraulic works,Hydraulic works - chapter 60
264,"Iron window frame rods of various cross-sections (single, double, or multiple contact profiles)",Material,General,kg,53331.18,2649.59,154694.36,2649.59,2,UGX,53949.48,1.2333,3,3,Building works,Detailed Project Pricing (GGDE),Building works,Building works - chapter 62
7017.3,APPLICATION OF SHOTCRETE OUTSIDE UNDERGROUND WORKS,Abstract Material,General,,225047.7,225047.7,225047.7,225047.7,1,UGX,112523.86,0.5,3,3,Hydraulic works,Detailed Project Pricing (GGDE),Hydraulic works,Hydraulic works - chapter 70
057,"Gravel size 0,7 to 3 or 0,7 to 2,5 cm",Material,General,,20730.49,20730.49,20730.49,20730.49,1,UGX,16999.0,0.82,3,3,Building works,Detailed Project Pricing (GGDE),Building works,Building works - chapter 31
515,Expanded perlite,Material,General,m3,110940.72,110940.72,110940.72,110940.72,1,UGX,118336.76,1.0667,3,3,Building works,Detailed Project Pricing (GGDE),Building works,Building works - chapter 14
354,Hinge No 8,Material,General,unit,4819.26,2378.09,9701.58,2378.09,2,UGX,6260.34,2.4067,3,3,Building works,Detailed Project Pricing (GGDE),Building works,Building works - chapter 14
7016.4,WAT 7016.4,Abstract Material,General,,308095.9,308095.9,308095.9,308095.9,1,UGX,148913.07,0.4833,3,3,Hydraulic works,Detailed Project Pricing (GGDE),Hydraulic works,Hydraulic works - chapter 70
364,French window brace (single),Material,General,unit,4960.19,2734.3,9411.98,2734.3,2,UGX,6783.06,1.6667,3,3,Building works,Detailed Project Pricing (GGDE),Building works,Building works - chapter 14
492,Waterproofing (black),Material,General,kg,1303.2,1303.2,1303.2,1303.2,1,UGX,799.29,0.6133,3,3,Building works,Detailed Project Pricing (GGDE),Building works,Building works - chapter 51
283,Galvanized wire,Material,General,kg,31302.0,3151.08,87603.83,3151.08,2,UGX,29385.09,0.3917,3,3,Building works,Detailed Project Pricing (GGDE),Building works,Building works - chapter 52
481,Gunpowder with corresponding fuse and primers,Material,General,kg,12482.94,12482.94,12482.94,12482.94,1,UGX,4993.18,0.4,3,3,Building works,Detailed Project Pricing (GGDE),Building works,Building works - chapter 21
6085.1,WAT 6085.1,Abstract Material,General,,21331.15,21331.15,21331.15,21331.15,1,UGX,21331.17,1.0,3,3,Hydraulic works,Detailed Project Pricing (GGDE),Hydraulic works,Hydraulic works - chapter 60
297.2,Lead sheets,Material,General,kg,0.0,0.0,0.0,0.0,0,UGX,0.0,0.5106,3,3,Building works,Detailed Project Pricing (GGDE),Building works,Building works - chapter 72
281,Angle bracket made of stainless steel mesh,Material,General,m,33684.28,15964.65,51403.9,33684.28,2,UGX,34083.44,1.025,2,2,Building works,Detailed Project Pricing (GGDE),Building works,Building works - chapter 61
4622.1,OIK 4622.1,Abstract Material,General,,55470.74,55470.74,55470.74,55470.74,1,UGX,94300.21,1.7,2,2,Building works,Detailed Project Pricing (GGDE),Building works,Building works - chapter 46
4622.2,OIK 4622.2,Abstract Material,General,,56361.86,56361.86,56361.86,56361.86,1,UGX,95815.18,1.7,2,2,Building works,Detailed Project Pricing (GGDE),Building works,Building works - chapter 46
7016.5,WAT 7016.5,Abstract Material,General,,61619.18,61619.18,61619.18,61619.18,1,UGX,38512.02,0.625,2,2,Hydraulic works,Detailed Project Pricing (GGDE),Hydraulic works,Hydraulic works - chapter 70
114,"Concrete block, cavity, dimensions 39 x 15 x 19 cm",Material,General,unit,0.0,0.0,0.0,0.0,0,UGX,0.0,13.0,2,2,Building works,Detailed Project Pricing (GGDE),Building works,Building works - chapter 47
1401,BUILD 1401,Abstract Material,General,,584751.93,584751.93,584751.93,584751.93,1,UGX,125721.63,0.215,2,2,Building works,Detailed Project Pricing (GGDE),Building works,Building works - chapter 48
686.1,"Standalone water cooler, hourly capacity 200 glasses of water pcs 410,00 687.1.1 Electric motor-driven air compressor assembled on metal base, capacity 5 m3/h, without pressure air tank, operating at 10 atm pcs 2300,00 m2 703.2.2 Domestic steel radiators, three-column, axial height 655 mm 23,66 714.2.6 Cast iron boiler with burner (autonomous) water, heating power 100000 kcal/h pcs 5140,00 715.2.9 Steel boiler with burner (autonomous) water, heating power 200000 kcal/h pcs 5098,00 718.3.3 Rectangular dirty oil tank, according to (DIN 6620) capacity 2000 It pcs 1040,00 m3 719.1.3 Water tank made of plastic material, cylindrical horizontal, capacity 5",Material,General,unit,989464.73,989464.73,989464.73,989464.73,1,UGX,504627.01,0.51,2,1,Electromechanical works,Detailed Project Pricing (GGDE),Electromechanical works,Electromechanical works - chapter 25
621.1,"Washout basin for toilet (high-pressure cistern, Niagara type) cast iron, capacity 12 It, unit 60,00 630.1.2 Cast iron bath, enameled, vitrified or free type, length 1.70 m, unit 280,00 634.1.1 Stainless steel sink, approximately 50 cm wide, single bowl, dimensions approximately 35x40x13 cm, length approximately 1.20 m",Material,General,unit,156866.36,156866.36,156866.36,156866.36,1,UGX,86276.5,0.55,2,1,Electromechanical works,Detailed Project Pricing (GGDE),Electromechanical works,Electromechanical works - chapter 15
124,Prefabricated chimney elements made of cellular concrete internal dimensions,Material,General,,14238.64,14238.64,14238.64,14238.64,1,UGX,14950.57,1.05,2,2,Building works,Detailed Project Pricing (GGDE),Building works,Building works - chapter 48
4611.1,BUILD 4611.1,Abstract Material,General,,0.0,0.0,0.0,0.0,0,UGX,0.0,1.7,2,2,Building works,Detailed Project Pricing (GGDE),Building works,Building works - chapter 46
4601.2,OIK 4601.2,Abstract Material,General,,0.0,0.0,0.0,0.0,0,UGX,0.0,1.7,2,2,Building works,Detailed Project Pricing (GGDE),Building works,Building works - chapter 46
4611.2,BUI 4611.2,Abstract Material,General,,0.0,0.0,0.0,0.0,0,UGX,0.0,1.7,2,2,Building works,Detailed Project Pricing (GGDE),Building works,Building works - chapter 46
7017.4,APPLICATION OF SHOTCRETE OUTSIDE UNDERGROUND WORKS,Abstract Material,General,,45009.54,45009.54,45009.54,45009.54,1,UGX,29256.18,0.65,2,2,Hydraulic works,Detailed Project Pricing (GGDE),Hydraulic works,Hydraulic works - chapter 70
117,"Cavity brick, dimensions 39 x 19 x 19 cm",Material,General,unit,0.0,0.0,0.0,0.0,0,UGX,0.0,13.0,2,2,Building works,Detailed Project Pricing (GGDE),Building works,Building works - chapter 47
118,"Cavity brickwork, dimensions 39 x 15 x 19 cm",Material,General,unit,0.0,0.0,0.0,0.0,0,UGX,0.0,13.0,2,2,Building works,Detailed Project Pricing (GGDE),Building works,Building works - chapter 47
113,"Cement block, opening, dimensions 39 x 19 x 19 cm",Material,General,unit,1375.6,1375.6,1375.6,1375.6,1,UGX,17882.76,13.0,2,2,Building works,Detailed Project Pricing (GGDE),Building works,Building works - chapter 47
379.1,"600 - 379.4 350 1907,55 379.7 500",Material,General,,0.0,0.0,0.0,0.0,0,UGX,0.0,0.525,2,1,Hydraulic works,Detailed Project Pricing (GGDE),Hydraulic works,Hydraulic works - chapter 66
380.1,"400 396,00 380.4 600 1056,00 .2 450 502,00 .5 700 1420,00 .3 500 583,00 .6 800",Material,General,,955678.13,955678.13,955678.13,955678.13,1,UGX,525622.97,0.55,2,1,Hydraulic works,Detailed Project Pricing (GGDE),Hydraulic works,Hydraulic works - chapter 66
226,"Tongue-and-groove strips made of timber with a width up to 8 cm, a net thickness of at least 2 m2 mm, and a length of at least 40 cm, originating from Romania",Material,General,,31373.27,31373.27,31373.27,31373.27,1,UGX,32941.94,1.05,2,2,Building works,Detailed Project Pricing (GGDE),Building works,Building works - chapter 53
219,Veneer sheets made of domestic oak wood,Material,General,m2,8446.65,8446.65,8446.65,8446.65,1,UGX,5321.39,0.63,2,1,Building works,Detailed Project Pricing (GGDE),Building works,Building works - chapter 52
245,"Particleboard panels veneered with oak wood veneer m2 oak, thickness 16 mm",Material,General,,43439.91,43439.91,43439.91,43439.91,1,UGX,26281.15,0.605,2,1,Building works,Detailed Project Pricing (GGDE),Building works,Building works - chapter 52
324,Hydrophobic type bituminous emulsion,Material,General,kg,224174.09,1399.73,446948.46,224174.09,2,UGX,228828.2,4.325,2,2,Hydraulic works,Detailed Project Pricing (GGDE),Hydraulic works,Hydraulic works - chapter 70
227,"Tongue-and-groove strips of timber with a width over 8 cm and up to 12 cm, net m2, thickness 22 mm and length at least 40 cm, of Romanian origin",Material,General,,31373.27,31373.27,31373.27,31373.27,1,UGX,32941.94,1.05,2,2,Building works,Detailed Project Pricing (GGDE),Building works,Building works - chapter 53
1506,OIK 1506,Abstract Material,General,,1724120.31,1724120.31,1724120.31,1724120.31,1,UGX,6896.57,0.004,2,2,Building works,Detailed Project Pricing (GGDE),Building works,Building works - chapter 21
381,Sliding door mechanism (with its special fittings),Material,General,m,180444.58,180444.58,180444.58,180444.58,1,UGX,270666.87,1.5,2,2,Building works,Detailed Project Pricing (GGDE),Building works,Building works - chapter 14
1503,OIK 1503,Abstract Material,General,,1303460.28,1303460.28,1303460.28,1303460.28,1,UGX,1303.44,0.001,2,2,Building works,Detailed Project Pricing (GGDE),Building works,Building works - chapter 21
378.1,"50 69,00 378.4 125 188,00 378.7 200 338,00 .2 80 106,00 .5 150 231,00 .8 250 512,00 136,00 724,00 .3 100 .6 175 .9 300 HYD 379. BUTTERFLY VALVES WITH EAR RINGS (D = Diameter in mm, T = Price in €/piece) a) Nominal pressure 2,5 bar b) Nominal pressure",Material,General,,166519.67,166519.67,166519.67,166519.67,1,UGX,87422.83,0.525,2,1,Hydraulic works,Detailed Project Pricing (GGDE),Hydraulic works,Hydraulic works - chapter 66
249,"Plywood thickness 16 mm 19,00 IRON - METALS",Material,General,,48266.57,48266.57,48266.57,48266.57,1,UGX,29201.28,0.605,2,1,Building works,Detailed Project Pricing (GGDE),Building works,Building works - chapter 52
246,"Particleboard panels veneered with mahogany, thickness 16 mm",Material,General,,31373.27,31373.27,31373.27,31373.27,1,UGX,18980.83,0.605,2,1,Building works,Detailed Project Pricing (GGDE),Building works,Building works - chapter 52
473,Maintenance mixer for grout type ATLAS CEMAG 350 or equivalent,Equipment,General,H.M,41147.25,41147.25,41147.25,41147.25,1,UGX,25717.03,0.625,2,1,Hydraulic works,Detailed Project Pricing (GGDE),Hydraulic works,Hydraulic works - chapter 57
474,Piston air-operated cement slurry pump ATLAS ZHS or equivalent,Equipment,General,H.M,84563.03,84563.03,84563.03,84563.03,1,UGX,52851.9,0.625,2,1,Hydraulic works,Detailed Project Pricing (GGDE),Hydraulic works,Hydraulic works - chapter 57
284,Non-galvanized barbed wire,Material,General,m,181964.98,181964.98,181964.98,181964.98,1,UGX,181964.98,1.05,2,2,Building works,Detailed Project Pricing (GGDE),Building works,Building works - chapter 64
392,"Security locking bar for iron roller shutter, end piece, origin Italy",Material,General,unit,66173.47,66173.47,66173.47,66173.47,1,UGX,23160.71,0.35,2,2,Building works,Detailed Project Pricing (GGDE),Building works,Building works - chapter 62
272,"Black sheet metal, thickness over 2 mm",Material,General,kg,2141.11,2141.11,2141.11,2141.11,1,UGX,6958.59,3.25,2,2,Building works,Detailed Project Pricing (GGDE),Building works,Building works - chapter 62
388,"Iron roller spring, width 5 cm and weight 3 kg",Material,General,unit,117939.37,117939.37,117939.37,117939.37,1,UGX,41278.78,0.35,2,2,Building works,Detailed Project Pricing (GGDE),Building works,Building works - chapter 62
027,High strength cement by sack value,Material,General,kg,287.91,287.91,287.91,287.91,1,UGX,111565.16,387.5,2,2,Building works,Detailed Project Pricing (GGDE),Building works,Building works - chapter 32
289,Hexagonal wire mesh (chicken wire),Material,General,,2514.93,2514.93,2514.93,2514.93,1,UGX,2703.53,1.075,2,2,Building works,Detailed Project Pricing (GGDE),Building works,Building works - chapter 61
2263Γ,OIK 2263G,Abstract Material,General,,76702.14,76702.14,76702.14,76702.14,1,UGX,51773.98,0.675,2,1,Building works,Detailed Project Pricing (GGDE),Building works,Building works - chapter 22
2127,"on rocky ground, except granite-conglomerate, without use of explosives",Abstract Material,General,,225608.73,225608.73,225608.73,225608.73,1,UGX,293291.34,1.3,2,2,Building works,Detailed Project Pricing (GGDE),Building works,Building works - chapter 21
390.1,"Χ1 - 30 - 390.21 Χ2 - 120 - 390.41 L1 - 800 - .2 Χ1 - 60 - .22 Χ2 - 150 - .42 L1 - 850 - .3 Χ1 - 90 - .23 ΧΧ2 - 30 - .43 L1 - 900 - .4 Χ1 -120 - .24 ΧΧ2 - 60 - .44 L1 - 950 - .5 ΧΧ2 - 90 - .45 L1 - 1000 - .6 ΧΧ1- 30 - .26 ΧΧ2 -120 - .46 L1 - 1050 - .7 ΧΧ1- 60 - .27 ΧΧ2 -150 - .47 L1-1100 - .8 ΧΧ1- 90 - .28 ΧΧ2 -180 - .48 L1-1150 - .9 ΧΧ1 - 120 - .29 ΧΧ2 -210 - .49 L1 - 1200 - .10 ΧΧ1 - 150 - .30 ΧΧ2 -240 - .50 L1 - 1250 - .11 ΧΧ1 - 180 - .31 ΧΧ2 -300 6840,00 .51 L1 - 1300 - .12 ΧΧ1 - 210 - .32 ΧΧ2 -360 - .52 L1 - 1350 - .13 ΧΧ1 - 240 - .33 ΧΧ2 -420 - .53 L1 - 1400 - .14 ΧΧ1 – 300 4704,00 .34 ΧΧ2 -480 - .54 L1 - 1450 - .15 ΧΧ1 - 360 - .35 L1 - 500 - .55 L1 - 400 (α) - .16 ΧΧ1 - 420 - .36 L1 - 550 - .56 L1 - 800 (β) - .17 ΧΧ1 - 480 - .37 L1 - 600 - .57 L1 – 1200 (γ) - .18 Χ2 - 30 - .38 L1 - 650 - .58 L2 - 500 - .19 Χ2 - 60 - .39 L1 - 700 - .59 L2 - 550 - .20 Χ2 - 90 - .40 L1 - 750",Material,General,,0.0,0.0,0.0,0.0,0,UGX,0.0,0.575,2,1,Hydraulic works,Detailed Project Pricing (GGDE),Hydraulic works,Hydraulic works - chapter 64
2263Δ,OIK 2263Δ,Abstract Material,General,,100671.55,100671.55,100671.55,100671.55,1,UGX,67953.3,0.675,2,1,Building works,Detailed Project Pricing (GGDE),Building works,Building works - chapter 22
233.1,"Reinforcement steel strength (H.O.S.) kg 0,694 .2 Steel structural concrete reinforcement mesh (ST. IV) kg 0,6398 .3 High strength prestressing steel for concrete",Material,General,kg,1349.29,1349.29,1349.29,1349.29,1,UGX,1416.87,1.05,2,2,Hydraulic works,Detailed Project Pricing (GGDE),Hydraulic works,Hydraulic works - chapter 63
469,Special transport train for excavation products type SALZGITTER BZ 40 or similar,Equipment,General,H.M,210635.32,210635.32,210635.32,210635.32,1,UGX,210635.32,1.0,2,2,Hydraulic works,Detailed Project Pricing (GGDE),Hydraulic works,Hydraulic works - chapter 57
470,"Electric traction engine on rails, type SIG ETB 70 with three battery units and auxiliary equipment or",Equipment,General,H.M,169874.2,169874.2,169874.2,169874.2,1,UGX,169874.2,1.0,2,2,Hydraulic works,Detailed Project Pricing (GGDE),Hydraulic works,Hydraulic works - chapter 57
386,"Iron spring box for iron roller shutter shaft 1 ins, including bearings",Material,General,unit,69093.6,69093.6,69093.6,69093.6,1,UGX,24182.76,0.35,2,2,Building works,Detailed Project Pricing (GGDE),Building works,Building works - chapter 62
389.1,"SI- 60 - 389.4 SI - 250 5568,00 389.7 SI - 700 - .2 SI - 125 - .5 SI - 350 - .8 SI - 1000 - .3 SI - 180 - .6 SI - 500 - .9 SI - 1400",Material,General,,0.0,0.0,0.0,0.0,0,UGX,0.0,0.6,2,1,Hydraulic works,Detailed Project Pricing (GGDE),Hydraulic works,Hydraulic works - chapter 64
290,"Perforated corner brackets, standard type (41 χ 62 χ 2 mm)",Material,General,m,8856.92,8856.92,8856.92,8856.92,1,UGX,26570.75,3.0,2,2,Building works,Detailed Project Pricing (GGDE),Building works,Building works - chapter 61
387.1,"500/ 500 - 387.5 1250/1250 - .2 630/ 630 - .6 1400/1400 - .3 800/ 800 17980,00 .7 1600/1600 - .4 1000/1000",Material,General,,0.0,0.0,0.0,0.0,0,UGX,0.0,0.55,2,1,Hydraulic works,Detailed Project Pricing (GGDE),Hydraulic works,Hydraulic works - chapter 64
385.1,"Body with cover, ""HP"" type valve and operating wheel pcs - .2 Frost protection system pcs - .3 Water meter pcs - .4 Pressure regulator from 12,5 bar to standardized pressures from 2,5 to 5 bar pcs - .5 Flow restrictor at 5 or 12 or 15 It/s pcs - YDR 386. CONSTANT LEVEL AIR VENTS TYPE NEYRPIC or similar (MET) (T = Price in €/pcs) a) Constant level air vents b) Constant level air vents c) Constant level air vents d) Mixed air vents upstream level (AMIL) downstream level (AVIO) downstream level (AVIS) (VANNES MIXTES) High level High level With diaphragm Type. T Type. T Type. T Type. T NO. NO. NO. NO. .1 D.80 - .22 28/ 6 - .48 56/106 - .68 160/140 - .2 D.90 - .23 36/ 10 - .49 71/132 - .69 160/180 - .3 D.100 - .24 45/ 16 - .50 90/170 - .70 200/180 - .4 D.110 - .25 56/ 25 - .51 110/212 - .71 200/224 - .5 D.125 - .26 71/ 40 - .52 140/265 - .72 250/224 - .6 D.140 - .27 90/ 63 - .53 160/300 111968,00 .73 250/280 - .7 D.160 - .28 110/100 - .54 180/335 - .74 315/280 - .8 D.180 - .29 140/160 - .55 200/375 - .75 315/355 - .9 D.200 21433,00 .30 160/200 94454,00 .56 220/425 - Without diaphragm .10 D.220 - .31 180/250 - .57 250/475 - .76 160/140 - .11 D.250 - .32 200/315 - .58 280/630 - .77 160/180 - .12 D.280 - .33 220/400 - Low level .78 200/180 - .13 D.315 - .34 250/500 - .59 90/190 - .79 200/224 - .14 D.355 - .35 280/630 - .60 110/236 - .80 250/224 - .15 D.400 - Low level .61 140/300 - .81 250/280 - .16 D.450 - .36 45/32 - .62 160/335 - .82 315/280 - .17 D.500 - .37 56/50 - .63 180/375 - .83 315/355 - .18 D.560 - .38 71/ 80 - .64 200/425 128349,00 .19 D.630 - .39 90/125 - .65 250/475 - .20 D.710 - .40 110/ 200 64170,00 .66 250/530 - .21 D.800 - .41 140/ 315 - .67 280/600 - .42 160/ 400 - .43 180/ 500 - .44 200/ 630 - .45 220/ 800 - .46 250/1000 - .47 280/1250",Material,General,,0.0,0.0,0.0,0.0,0,UGX,0.0,1.0,2,2,Hydraulic works,Detailed Project Pricing (GGDE),Hydraulic works,Hydraulic works - chapter 66
260,"Reinforcement steel, circular cross-section (H.B.S.)",Material,General,kg,1349.29,1349.29,1349.29,1349.29,1,UGX,7103.99,5.265,2,2,Building works,Detailed Project Pricing (GGDE),Building works,Building works - chapter 38
262,Torsion reinforcement steel with ribs (T.R.S.),Material,General,kg,32409.92,1349.29,63470.54,32409.92,2,UGX,32430.19,1.015,2,2,Building works,Detailed Project Pricing (GGDE),Building works,Building works - chapter 38
4601.1,BUI 4601.1,Abstract Material,General,,0.0,0.0,0.0,0.0,0,UGX,0.0,1.7,2,2,Building works,Detailed Project Pricing (GGDE),Building works,Building works - chapter 46
1472,OIK 1472,Abstract Material,General,,16921.21,16921.21,16921.21,16921.21,1,UGX,16921.29,1.0,2,2,Building works,Detailed Project Pricing (GGDE),Building works,Building works - chapter 54
1474,BUI 1474,Abstract Material,General,,35022.86,35022.86,35022.86,35022.86,1,UGX,35022.95,1.0,2,2,Building works,Detailed Project Pricing (GGDE),Building works,Building works - chapter 54
1475,BUILD 1475,Abstract Material,General,,97495.84,97495.84,97495.84,97495.84,1,UGX,87746.21,0.9,2,2,Building works,Detailed Project Pricing (GGDE),Building works,Building works - chapter 54
380,Ready-made plastic shutters of hard polyvinyl chloride with slats after vacuum m2 reinforced with metal strip.,Material,General,kg,20332.29,699.87,39964.72,20332.29,2,UGX,299928.48,400.5,2,2,Building works,Detailed Project Pricing (GGDE),Building works,Building works - chapter 54
1480,OIK 1480,Abstract Material,General,,88668.87,88668.87,88668.87,88668.87,1,UGX,88668.83,1.0,2,2,Building works,Detailed Project Pricing (GGDE),Building works,Building works - chapter 54
210,"Larch timber (large-sized, wild pine, domestic)",Material,General,,0.0,0.0,0.0,0.0,0,UGX,0.0,0.57,2,2,Building works,Detailed Project Pricing (GGDE),Building works,Building works - chapter 55
267,Simple special section steel beams with height or side 8 to 16 cm,Material,General,kg,2246.81,2246.81,2246.81,2246.81,1,UGX,2336.71,1.04,2,2,Building works,Detailed Project Pricing (GGDE),Building works,Building works - chapter 61
268,Steel beams of simple special sections with height or side over 16 cm,Material,General,kg,2494.42,2494.42,2494.42,2494.42,1,UGX,2594.21,1.04,2,2,Building works,Detailed Project Pricing (GGDE),Building works,Building works - chapter 61
2730Γ,ROAD 2730G,Abstract Material,General,,146677.31,146677.31,146677.31,146677.31,1,UGX,146677.29,1.0,2,2,Road works,Detailed Project Pricing (GGDE),Road works,Road works - chapter 27
495,Lead sheet,Material,General,kg,0.0,0.0,0.0,0.0,0,UGX,0.0,0.75,2,2,Building works,Detailed Project Pricing (GGDE),Building works,Building works - chapter 72
274,Corrugated galvanized sheet metal,Material,General,kg,3478.09,3478.09,3478.09,3478.09,1,UGX,2434.57,0.7,2,1,Building works,Detailed Project Pricing (GGDE),Building works,Building works - chapter 72
055,White marble powder (white marble dust),Material,General,kg,217.2,217.2,217.2,217.2,1,UGX,65159.87,300.0,2,2,Building works,Detailed Project Pricing (GGDE),Building works,Building works - chapter 35
508,"Domestic origin asphalt felt weighing 1,00 kg/m2",Material,General,m2,2075.46,2075.46,2075.46,2075.46,1,UGX,2386.78,1.15,2,2,Building works,Detailed Project Pricing (GGDE),Building works,Building works - chapter 72
1458,OIK 1458,Abstract Material,General,,0.0,0.0,0.0,0.0,0,UGX,0.0,0.0185,2,2,Building works,Detailed Project Pricing (GGDE),Building works,Building works - chapter 71
1454,BUI 1454,Abstract Material,General,,509146.57,509146.57,509146.57,509146.57,1,UGX,9419.22,0.0185,2,2,Building works,Detailed Project Pricing (GGDE),Building works,Building works - chapter 71
1455,OIK 1455,Abstract Material,General,,0.0,0.0,0.0,0.0,0,UGX,0.0,0.0185,2,2,Building works,Detailed Project Pricing (GGDE),Building works,Building works - chapter 71
1459,CONSTR 1459,Abstract Material,General,,509146.57,509146.57,509146.57,509146.57,1,UGX,9419.22,0.0185,2,2,Building works,Detailed Project Pricing (GGDE),Building works,Building works - chapter 71
1448,OIK 1448,Abstract Material,General,,0.0,0.0,0.0,0.0,0,UGX,0.0,0.016,2,2,Building works,Detailed Project Pricing (GGDE),Building works,Building works - chapter 71
1453,BUILD 1453,Abstract Material,General,,453109.08,453109.08,453109.08,453109.08,1,UGX,8382.58,0.0185,2,2,Building works,Detailed Project Pricing (GGDE),Building works,Building works - chapter 71
164,20 x 20 cm monochrome cement slabs (white-black) thickness 2 cm,Material,General,m2,0.0,0.0,0.0,0.0,0,UGX,0.0,1.03,2,2,Building works,Detailed Project Pricing (GGDE),Building works,Building works - chapter 73
298.1,"Brass in sheets kg 4,33 .2 Brass in rods kg 3,63 MARBLE",Material,General,,16434.77,16434.77,16434.77,16434.77,1,UGX,63940.18,3.8905,2,2,Building works,Detailed Project Pricing (GGDE),Building works,Building works - chapter 72
417,"from 10 51 Rotary drilling rig with the capability to drill rocky soils with a hole diameter of 146 mm to a depth of 100 m, including",Equipment,General,H.M,324665.1,324665.1,324665.1,324665.1,1,UGX,324665.1,1.0,2,2,Hydraulic works,Detailed Project Pricing (GGDE),Hydraulic works,Hydraulic works - chapter 51
2264.2Δ,OIK 2264.2Δ,Abstract Material,General,,153404.27,153404.27,153404.27,153404.27,1,UGX,103547.85,0.675,2,1,Building works,Detailed Project Pricing (GGDE),Building works,Building works - chapter 22
165,20 x 20 cm cementitious mosaic tiles with 2 cm thickness,Material,General,,0.0,0.0,0.0,0.0,0,UGX,0.0,1.03,2,2,Building works,Detailed Project Pricing (GGDE),Building works,Building works - chapter 73
4522,ROAD 4522,Abstract Material,General,,69.45,69.45,69.45,69.45,1,UGX,9723.54,140.0,2,1,Road works,Detailed Project Pricing (GGDE),Road works,Road works - chapter 46
7362.1,OIK 7362.1,Abstract Material,General,,116878.2,116878.2,116878.2,116878.2,1,UGX,116878.23,1.0,2,2,Building works,Detailed Project Pricing (GGDE),Building works,Building works - chapter 73
2264.3A,BUILD 2264.3A,Abstract Material,General,,115053.2,115053.2,115053.2,115053.2,1,UGX,77660.91,0.675,2,1,Building works,Detailed Project Pricing (GGDE),Building works,Building works - chapter 22
7362.2,OIK 7362.2,Abstract Material,General,,119341.73,119341.73,119341.73,119341.73,1,UGX,119341.75,1.0,2,2,Building works,Detailed Project Pricing (GGDE),Building works,Building works - chapter 73
7363,"Marble tesserae (mosaic) coverings Marble tesserae (mosaic) coverings, size up to No 6, white or with addition of tesserae of any other colors, executed in two layers. Careful cleaning of the surfaces to be covered and washing, materials and mixing work, spreading - Mosaic coverings with thickness 3,5 cm, with common cement and white tesserae size up to No 8 in proportion",Abstract Material,General,,135240.11,135240.11,135240.11,135240.11,1,UGX,135240.04,1.0,2,2,Building works,Detailed Project Pricing (GGDE),Building works,Building works - chapter 73
455,Hydroseeding unit before 16-8-1994,Equipment,General,H.M,560218.04,75488.92,1044947.15,560218.04,2,UGX,560218.04,1.0,2,2,Hydraulic works,Detailed Project Pricing (GGDE),Hydraulic works,Hydraulic works - chapter 55
465,GUNITE mixing and spraying unit with approximately 100 meters of piping and MEYCO GM-7 type fittings or similar,Equipment,General,H.M,247631.65,247631.65,247631.65,247631.65,1,UGX,247631.65,1.0,2,2,Hydraulic works,Detailed Project Pricing (GGDE),Hydraulic works,Hydraulic works - chapter 56
468,"Perforating assembly with 5 arms, i.e. 4 light peripheral air hammers and one central type PANTOFORE or similar",Equipment,General,H.M,210635.32,210635.32,210635.32,210635.32,1,UGX,210635.32,1.0,2,2,Hydraulic works,Detailed Project Pricing (GGDE),Hydraulic works,Hydraulic works - chapter 56
467,"Perforating assembly with 5 arms, i.e. 4 light peripheral air hammers and one central type PANTOFORE or similar",Equipment,General,H.M,841093.28,841093.28,841093.28,841093.28,1,UGX,841093.28,1.0,2,2,Hydraulic works,Detailed Project Pricing (GGDE),Hydraulic works,Hydraulic works - chapter 56
1421,BUILD 1421,Abstract Material,General,,0.0,0.0,0.0,0.0,0,UGX,0.0,0.016,2,2,Building works,Detailed Project Pricing (GGDE),Building works,Building works - chapter 71
453,Petrol-powered lawn mower with one skilled worker,Equipment,General,H.M,218937.17,218937.17,218937.17,218937.17,1,UGX,41050.72,0.5938,2,2,Hydraulic works,Detailed Project Pricing (GGDE),Hydraulic works,Hydraulic works - chapter 55
420,"ASPHALT CONCRETE PRODUCTION UNIT 17.1 Mixer capacity unit 1200 kg, total installed 17.2 Unit",Equipment,General,H.M,234792.74,234792.74,234792.74,234792.74,1,UGX,234792.74,1.0,2,2,Hydraulic works,Detailed Project Pricing (GGDE),Hydraulic works,Hydraulic works - chapter 52
472,"High-shear grout mixer, type ATLAS CEMIX 175 or equivalent",Equipment,General,H.M,63977.34,63977.34,63977.34,63977.34,1,UGX,39985.84,0.625,2,1,Hydraulic works,Detailed Project Pricing (GGDE),Hydraulic works,Hydraulic works - chapter 57
478,"from 10 51 Rotary drilling rig with the capability to drill rocky soils with a hole diameter of 146 mm to a depth of 100 m, including",Equipment,General,H.M,277822.39,277822.39,277822.39,277822.39,1,UGX,277822.39,1.0,2,2,Hydraulic works,Detailed Project Pricing (GGDE),Hydraulic works,Hydraulic works - chapter 57
477,Water pumping device with air injection and water jetting for borehole development (AIR LIFT and JET) with diameter,Equipment,General,H.M,16772.63,16772.63,16772.63,16772.63,1,UGX,16772.63,1.0,2,2,Hydraulic works,Detailed Project Pricing (GGDE),Hydraulic works,Hydraulic works - chapter 57
481,"from 10 51 Rotary drilling rig with the capability to drill rocky soils with a hole diameter of 146 mm to a depth of 100 m, including",Equipment,General,H.M,1960805.36,1960805.36,1960805.36,1960805.36,1,UGX,1960805.36,1.0,2,2,Hydraulic works,Detailed Project Pricing (GGDE),Hydraulic works,Hydraulic works - chapter 58
476,"Pumping unit with a ""pomona"" type pump of diameter 20 ins with a pumping capacity of 400 It/s from a depth of 50 m and with pe",Equipment,General,H.M,206098.26,206098.26,206098.26,206098.26,1,UGX,206098.26,1.0,2,2,Hydraulic works,Detailed Project Pricing (GGDE),Hydraulic works,Hydraulic works - chapter 57
7372.4,BUI 7372.4,Abstract Material,General,,0.0,0.0,0.0,0.0,0,UGX,0.0,0.4,2,2,Building works,Detailed Project Pricing (GGDE),Building works,Building works - chapter 73
7372.3,OIK 7372.3,Abstract Material,General,,121085.11,121085.11,121085.11,121085.11,1,UGX,48433.94,0.4,2,2,Building works,Detailed Project Pricing (GGDE),Building works,Building works - chapter 73
7372.2,OIK 7372.2,Abstract Material,General,,0.0,0.0,0.0,0.0,0,UGX,0.0,0.4,2,2,Building works,Detailed Project Pricing (GGDE),Building works,Building works - chapter 73
7372.1,OIK 7372.1,Abstract Material,General,,118621.59,118621.59,118621.59,118621.59,1,UGX,47448.57,0.4,2,2,Building works,Detailed Project Pricing (GGDE),Building works,Building works - chapter 73
7374.2,BUI 7374.2,Abstract Material,General,,0.0,0.0,0.0,0.0,0,UGX,0.0,0.4,2,2,Building works,Detailed Project Pricing (GGDE),Building works,Building works - chapter 73
7374.3,OIK 7374.3,Abstract Material,General,,141276.33,141276.33,141276.33,141276.33,1,UGX,56510.5,0.4,2,2,Building works,Detailed Project Pricing (GGDE),Building works,Building works - chapter 73
7367.2,OIK 7367.2,Abstract Material,General,,240297.67,240297.67,240297.67,240297.67,1,UGX,240297.78,1.0,2,2,Building works,Detailed Project Pricing (GGDE),Building works,Building works - chapter 73
7371.1,BUI 7371.1,Abstract Material,General,,117725.76,117725.76,117725.76,117725.76,1,UGX,47090.2,0.4,2,2,Building works,Detailed Project Pricing (GGDE),Building works,Building works - chapter 73
7364.2,BUILD 7364.2,Abstract Material,General,,139159.36,139159.36,139159.36,139159.36,1,UGX,139159.28,1.0,2,2,Building works,Detailed Project Pricing (GGDE),Building works,Building works - chapter 73
7364.1,BUILD 7364.1,Abstract Material,General,,136471.87,136471.87,136471.87,136471.87,1,UGX,136471.8,1.0,2,2,Building works,Detailed Project Pricing (GGDE),Building works,Building works - chapter 73
7367.1,BUILD 7367.1,Abstract Material,General,,236938.31,236938.31,236938.31,236938.31,1,UGX,236938.43,1.0,2,2,Building works,Detailed Project Pricing (GGDE),Building works,Building works - chapter 73
7366,BUILD 7366,Abstract Material,General,,235258.64,235258.64,235258.64,235258.64,1,UGX,235258.75,1.0,2,2,Building works,Detailed Project Pricing (GGDE),Building works,Building works - chapter 73
2264.3Γ,BUILD 2264.3G,Abstract Material,General,,158198.15,158198.15,158198.15,158198.15,1,UGX,106783.76,0.675,2,1,Building works,Detailed Project Pricing (GGDE),Building works,Building works - chapter 22
2264.3Δ,OIK 2264.3Δ,Abstract Material,General,,179770.63,179770.63,179770.63,179770.63,1,UGX,121345.18,0.675,2,1,Building works,Detailed Project Pricing (GGDE),Building works,Building works - chapter 22
7373.1,BUILD 7373.1,Abstract Material,General,,137357.08,137357.08,137357.08,137357.08,1,UGX,54942.8,0.4,2,2,Building works,Detailed Project Pricing (GGDE),Building works,Building works - chapter 73
7373.2,OIK 7373.2,Abstract Material,General,,0.0,0.0,0.0,0.0,0,UGX,0.0,0.4,2,2,Building works,Detailed Project Pricing (GGDE),Building works,Building works - chapter 73
327.1,"Marble sink width 50 cm, thickness 20 to 25 cm and length 50 cm pcs - .2 Marble sink width 50 cm, thickness 20 to 25 cm and length 60 cm pcs - .3 Marble sink width 50 cm, thickness 20 to 25 cm and length 70 cm",Material,General,unit,0.0,0.0,0.0,0.0,0,UGX,0.0,0.515,2,1,Building works,Detailed Project Pricing (GGDE),Building works,Building works - chapter 75
323,"Marble full-body steps of useful length 1,41 to 1,80 m and origin Penteli (white)",Material,General,m,274757.46,274757.46,274757.46,274757.46,1,UGX,315971.08,1.15,2,2,Building works,Detailed Project Pricing (GGDE),Building works,Building works - chapter 75
403,Transparent semi-double glazing panes thickness 3 mm,Material,General,,34486.47,34486.47,34486.47,34486.47,1,UGX,37935.11,1.1,2,2,Building works,Detailed Project Pricing (GGDE),Building works,Building works - chapter 76
401,Simple transparent glass panes thickness 2 mm,Material,General,m2,29442.61,29442.61,29442.61,29442.61,1,UGX,32386.87,1.1,2,2,Building works,Detailed Project Pricing (GGDE),Building works,Building works - chapter 76
409,"Transparent glass panes, domestic glass thickness 5 mm",Material,General,,50752.3,50752.3,50752.3,50752.3,1,UGX,55827.53,1.1,2,2,Building works,Detailed Project Pricing (GGDE),Building works,Building works - chapter 76
7374.4,BUILD 7374.4,Abstract Material,General,,0.0,0.0,0.0,0.0,0,UGX,0.0,0.4,2,2,Building works,Detailed Project Pricing (GGDE),Building works,Building works - chapter 73
7371.2,OIK 7371.2,Abstract Material,General,,0.0,0.0,0.0,0.0,0,UGX,0.0,0.4,2,2,Building works,Detailed Project Pricing (GGDE),Building works,Building works - chapter 73
406,Double transparent glass panes thickness 4 mm,Material,General,m2,42619.38,42619.38,42619.38,42619.38,1,UGX,46881.32,1.1,2,2,Building works,Detailed Project Pricing (GGDE),Building works,Building works - chapter 76
2261Δ,ΟΙΚ 2261Δ,Abstract Material,General,,57526.6,57526.6,57526.6,57526.6,1,UGX,38830.46,0.675,2,1,Building works,Detailed Project Pricing (GGDE),Building works,Building works - chapter 22
2261Γ,OIK 2261G,Abstract Material,General,,43144.95,43144.95,43144.95,43144.95,1,UGX,29122.84,0.675,2,1,Building works,Detailed Project Pricing (GGDE),Building works,Building works - chapter 22
2262Δ,OIK 2262Δ,Abstract Material,General,,76702.14,76702.14,76702.14,76702.14,1,UGX,51773.98,0.675,2,1,Building works,Detailed Project Pricing (GGDE),Building works,Building works - chapter 22
2262Γ,OIK 2262G,Abstract Material,General,,57526.6,57526.6,57526.6,57526.6,1,UGX,38830.46,0.675,2,1,Building works,Detailed Project Pricing (GGDE),Building works,Building works - chapter 22
239,Prestressed concrete hard steel,Material,General,kg,20030.63,20030.63,20030.63,20030.63,1,UGX,13150.11,0.6565,2,1,Road works,Detailed Project Pricing (GGDE),Road works,Road works - chapter 26
322,"Marble of full-body steps with useful length from 1,01 to 1,40 m and origin Penteli (white)",Material,General,m,240415.8,240415.8,240415.8,240415.8,1,UGX,276478.16,1.15,2,2,Building works,Detailed Project Pricing (GGDE),Building works,Building works - chapter 75
7374.1,CONSTR 7374.1,Abstract Material,General,,138588.85,138588.85,138588.85,138588.85,1,UGX,55435.49,0.4,2,2,Building works,Detailed Project Pricing (GGDE),Building works,Building works - chapter 73
2264.3B,CONSTR 2264.3B,Abstract Material,General,,136625.68,136625.68,136625.68,136625.68,1,UGX,92222.34,0.675,2,1,Building works,Detailed Project Pricing (GGDE),Building works,Building works - chapter 22
2264.1Δ,OIK 2264.1Δ,Abstract Material,General,,110259.32,110259.32,110259.32,110259.32,1,UGX,74425.12,0.675,2,1,Building works,Detailed Project Pricing (GGDE),Building works,Building works - chapter 22
2264.1Γ,BUILD 2264.1G,Abstract Material,General,,100671.55,100671.55,100671.55,100671.55,1,UGX,67953.3,0.675,2,1,Building works,Detailed Project Pricing (GGDE),Building works,Building works - chapter 22
2264.1B,BUILD 2264.1B,Abstract Material,General,,88686.84,88686.84,88686.84,88686.84,1,UGX,59863.7,0.675,2,1,Building works,Detailed Project Pricing (GGDE),Building works,Building works - chapter 22
2264.1A,BUILD 2264.1A,Abstract Material,General,,76702.14,76702.14,76702.14,76702.14,1,UGX,51773.98,0.675,2,1,Building works,Detailed Project Pricing (GGDE),Building works,Building works - chapter 22
510,Glass wool,Material,General,kg,7288.25,7288.25,7288.25,7288.25,1,UGX,10385.76,1.425,2,2,Building works,Detailed Project Pricing (GGDE),Building works,Building works - chapter 79
536,"Plastic joint filler putty, domestic",Material,General,kg,6033.32,6033.32,6033.32,6033.32,1,UGX,1357.5,0.225,2,2,Building works,Detailed Project Pricing (GGDE),Building works,Building works - chapter 79
520,"Thermoacoustic insulation material, as per 519, but in expanded polystyrene boards",Material,General,,106017.53,106017.53,106017.53,106017.53,1,UGX,0.0,0.0,2,2,Building works,Detailed Project Pricing (GGDE),Building works,Building works - chapter 79
514,Expanded polystyrene in sheets of any thickness,Material,General,,110168.45,110168.45,110168.45,110168.45,1,UGX,0.0,0.0,2,2,Building works,Detailed Project Pricing (GGDE),Building works,Building works - chapter 79
422,SECURIT type safety glass thickness 10 mm,Material,General,,324520.3,324520.3,324520.3,324520.3,1,UGX,324520.3,1.0,2,2,Building works,Detailed Project Pricing (GGDE),Building works,Building works - chapter 76
421,SECURIT type safety glass thickness 8 mm,Material,General,,236120.07,236120.07,236120.07,236120.07,1,UGX,236120.07,1.0,2,2,Building works,Detailed Project Pricing (GGDE),Building works,Building works - chapter 76
2264.2A,BUI 2264.2A,Abstract Material,General,,95877.67,95877.67,95877.67,95877.67,1,UGX,64717.39,0.675,2,1,Building works,Detailed Project Pricing (GGDE),Building works,Building works - chapter 22
2264.2B,BUILD 2264.2B,Abstract Material,General,,115053.2,115053.2,115053.2,115053.2,1,UGX,77660.91,0.675,2,1,Building works,Detailed Project Pricing (GGDE),Building works,Building works - chapter 22
414,"Diamond glass panes thickness 3,5 mm length up to 1",Material,General,m,50752.3,50752.3,50752.3,50752.3,1,UGX,55827.53,1.1,2,2,Building works,Detailed Project Pricing (GGDE),Building works,Building works - chapter 76
415,"Diamond glass panes thickness 3,5 mm length over 1",Material,General,m,50752.3,50752.3,50752.3,50752.3,1,UGX,55827.53,1.1,2,2,Building works,Detailed Project Pricing (GGDE),Building works,Building works - chapter 76
2264.2Γ,RES 2264.2G,Abstract Material,General,,134228.74,134228.74,134228.74,134228.74,1,UGX,90604.44,0.675,2,1,Building works,Detailed Project Pricing (GGDE),Building works,Building works - chapter 22
412,"Opaque (matte) semi-double glass panes, thickness 3 mm",Material,General,m2,69576.26,69576.26,69576.26,69576.26,1,UGX,76533.89,1.1,2,2,Building works,Detailed Project Pricing (GGDE),Building works,Building works - chapter 76
7721,CONSTR 7721,Abstract Material,General,,12845.22,12845.22,12845.22,12845.22,1,UGX,4495.79,0.35,2,2,Building works,Detailed Project Pricing (GGDE),Building works,Building works - chapter 77
7720,OIK 7720,Abstract Material,General,,19242.38,19242.38,19242.38,19242.38,1,UGX,6734.88,0.35,2,2,Building works,Detailed Project Pricing (GGDE),Building works,Building works - chapter 77
511,Hessian fabric,Material,General,,1338.79,1181.32,1496.26,1338.79,2,UGX,777.7,0.625,2,2,Building works,Detailed Project Pricing (GGDE),Building works,Building works - chapter 23
2268Δ,RES 2268D,Abstract Material,General,,330777.96,330777.96,330777.96,330777.96,1,UGX,264622.45,0.8,2,1,Building works,Detailed Project Pricing (GGDE),Building works,Building works - chapter 22
2267,Opening of hole or recess in masonry,Abstract Material,General,,167785.92,167785.92,167785.92,167785.92,1,UGX,134228.73,0.8,2,1,Building works,Detailed Project Pricing (GGDE),Building works,Building works - chapter 22
2268Γ,BUILD 2268G,Abstract Material,General,,306808.54,306808.54,306808.54,306808.54,1,UGX,245446.86,0.8,2,1,Building works,Detailed Project Pricing (GGDE),Building works,Building works - chapter 22
1490,OIK 1490,Abstract Material,General,,3847.37,3847.37,3847.37,3847.37,1,UGX,346.31,0.09,2,2,Building works,Detailed Project Pricing (GGDE),Building works,Building works - chapter 77
411,"Opaque (matte) single glass panes, thickness 2 mm",Material,General,,64460.01,64460.01,64460.01,64460.01,1,UGX,70906.01,1.1,2,2,Building works,Detailed Project Pricing (GGDE),Building works,Building works - chapter 76
478,Plastic paint based on latex (P.V.A.),Material,General,kg,7384.79,7384.79,7384.79,7384.79,1,UGX,996.95,0.135,2,2,Building works,Detailed Project Pricing (GGDE),Building works,Building works - chapter 77
410,"Transparent glass panes, domestic glass thickness 6 mm",Material,General,m2,69045.33,69045.33,69045.33,69045.33,1,UGX,75949.86,1.1,2,2,Building works,Detailed Project Pricing (GGDE),Building works,Building works - chapter 76
4666.1,RES 4666.1,Abstract Material,General,,516398.92,516398.92,516398.92,516398.92,1,UGX,516398.99,1.0,2,2,Building works,Detailed Project Pricing (GGDE),Building works,Building works - chapter 48
362,Lawn seed kg 5.25,Material,General,,9411.98,9411.98,9411.98,9411.98,1,UGX,329419.35,35.0,2,2,Landscaping / green works,Detailed Project Pricing (GGDE),Landscaping / green works,Landscaping / green works - chapter 55
4666.2,BUILD 4666.2,Abstract Material,General,,528779.31,528779.31,528779.31,528779.31,1,UGX,528779.36,1.0,2,2,Building works,Detailed Project Pricing (GGDE),Building works,Building works - chapter 48
377,Wooden roller tape,Material,General,m,5461.85,2235.71,8687.98,5461.85,2,UGX,1092704.99,128.0,2,2,Building works,Detailed Project Pricing (GGDE),Building works,Building works - chapter 14
378,Concealed wooden roller tape mechanism,Material,General,unit,18691.23,1303.2,36079.26,18691.23,2,UGX,83199.5,50.5,2,2,Building works,Detailed Project Pricing (GGDE),Building works,Building works - chapter 14
291,Machine wire rope,Material,General,kg,10859.98,10859.98,10859.98,10859.98,1,UGX,23891.95,2.2,2,2,Building works,Detailed Project Pricing (GGDE),Building works,Building works - chapter 11
022,Hydrated lime in lumps,Material,General,kg,168.93,168.93,168.93,168.93,1,UGX,81087.84,480.0,1,1,Building works,Detailed Project Pricing (GGDE),Building works,Building works - chapter 14
297.1,Lead in turtles kg 1.80,Material,General,,4609.46,4609.46,4609.46,4609.46,1,UGX,5531.35,1.2,1,1,Electromechanical works,Detailed Project Pricing (GGDE),Electromechanical works,Electromechanical works - chapter 1
7106.5,Heavy type forepoling beams,Abstract Material,General,,908482.24,908482.24,908482.24,908482.24,1,UGX,908482.35,1.0,1,1,Hydraulic works,Detailed Project Pricing (GGDE),Hydraulic works,Hydraulic works - chapter 71
7106.4,Heavy type forepoling beams,Abstract Material,General,,726785.79,726785.79,726785.79,726785.79,1,UGX,726785.73,1.0,1,1,Hydraulic works,Detailed Project Pricing (GGDE),Hydraulic works,Hydraulic works - chapter 71
7106.3,Heavy type forepoling beams,Abstract Material,General,,599598.28,599598.28,599598.28,599598.28,1,UGX,599598.25,1.0,1,1,Hydraulic works,Detailed Project Pricing (GGDE),Hydraulic works,Hydraulic works - chapter 71
7106.2,Heavy type forepoling beams,Abstract Material,General,,508750.05,508750.05,508750.05,508750.05,1,UGX,508749.94,1.0,1,1,Hydraulic works,Detailed Project Pricing (GGDE),Hydraulic works,Hydraulic works - chapter 71
7106.1,Heavy type forepoling beams,Abstract Material,General,,454241.12,454241.12,454241.12,454241.12,1,UGX,454241.05,1.0,1,1,Hydraulic works,Detailed Project Pricing (GGDE),Hydraulic works,Hydraulic works - chapter 71
7017.7,APPLICATION OF SHOTCRETE OUTSIDE UNDERGROUND WORKS,Abstract Material,General,,122244.03,122244.03,122244.03,122244.03,1,UGX,122244.02,1.0,1,1,Hydraulic works,Detailed Project Pricing (GGDE),Hydraulic works,Hydraulic works - chapter 70
7017.6,APPLICATION OF SHOTCRETE OUTSIDE UNDERGROUND WORKS,Abstract Material,General,,188500.53,188500.53,188500.53,188500.53,1,UGX,188500.51,1.0,1,1,Hydraulic works,Detailed Project Pricing (GGDE),Hydraulic works,Hydraulic works - chapter 70
376,Wooden roller slats,Material,General,unit,531.9,531.9,531.9,531.9,1,UGX,85103.62,160.0,1,1,Building works,Detailed Project Pricing (GGDE),Building works,Building works - chapter 14
371,Threaded nails (wood screws) 18/20 in boxes of 144 pcs.,Material,General,unit,4294.28,4294.28,4294.28,4294.28,1,UGX,8588.55,2.0,1,1,Building works,Detailed Project Pricing (GGDE),Building works,Building works - chapter 14
581.2,Rainwater cement pipe diameter 100 mm,Material,General,m,21937.16,21937.16,21937.16,21937.16,1,UGX,26324.59,1.2,1,1,Electromechanical works,Detailed Project Pricing (GGDE),Electromechanical works,Electromechanical works - chapter 10
582.2,"Cast iron centrifugal cast drainage pipe, diameter 100 mm, thickness ... mm",Material,General,m,65159.87,65159.87,65159.87,65159.87,1,UGX,84707.83,1.3,1,1,Electromechanical works,Detailed Project Pricing (GGDE),Electromechanical works,Electromechanical works - chapter 1
325,"from 10 51 Rotary drilling rig with the capability to drill rocky soils with a hole diameter of 146 mm to a depth of 100 m, including",Equipment,General,H.M,765580.23,765580.23,765580.23,765580.23,1,UGX,765580.23,1.0,1,1,Marine / port works,Detailed Project Pricing (GGDE),Marine / port works,Marine / port works - chapter 41
321,"from 10 51 Rotary drilling rig with the capability to drill rocky soils with a hole diameter of 146 mm to a depth of 100 m, including",Equipment,General,H.M,514907.79,514907.79,514907.79,514907.79,1,UGX,514907.79,1.0,1,1,Marine / port works,Detailed Project Pricing (GGDE),Marine / port works,Marine / port works - chapter 41
320,"from 10 51 Rotary drilling rig with the capability to drill rocky soils with a hole diameter of 146 mm to a depth of 100 m, including",Equipment,General,H.M,378265.13,378265.13,378265.13,378265.13,1,UGX,378265.13,1.0,1,1,Marine / port works,Detailed Project Pricing (GGDE),Marine / port works,Marine / port works - chapter 40
450,Tractor with plough or platform or trenching system or rotary tiller or lawn mower,Equipment,General,H.M,277822.39,277822.39,277822.39,277822.39,1,UGX,277822.39,1.0,1,1,Landscaping / green works,Detailed Project Pricing (GGDE),Landscaping / green works,Landscaping / green works - chapter 55
575.3,"Clay pipe, coated, underground diameter",Material,General,,0.0,0.0,0.0,0.0,0,UGX,0.0,1.2,1,1,Electromechanical works,Detailed Project Pricing (GGDE),Electromechanical works,Electromechanical works - chapter 9
567.13,"Black seamless steel pipe diameter 64/70 mm m 18,12 571.5.1 Copper pipe external diameter 15 mm, wall thickness ... mm m 1,58 572.1.7 Plastic pipe made of rigid PVC for 60 ˚C, drainage, pressure 4 atm, diameter 100 mm",Material,General,m,46360.04,46360.04,46360.04,46360.04,1,UGX,60268.06,1.3,1,1,Electromechanical works,Detailed Project Pricing (GGDE),Electromechanical works,Electromechanical works - chapter 6
513,Insulation cardboard,Material,General,m2,2895.99,2895.99,2895.99,2895.99,1,UGX,724.0,0.25,1,1,Electromechanical works,Detailed Project Pricing (GGDE),Electromechanical works,Electromechanical works - chapter 40
036,White gypsum (plastic),Material,General,kg,218.89,218.89,218.89,218.89,1,UGX,656.67,3.0,1,1,Electromechanical works,Detailed Project Pricing (GGDE),Electromechanical works,Electromechanical works - chapter 40
720.11,"Water level manometric indicator diameter 10 cm, indication 0 to 50 m pcs 7,00 729.1.2 Local fan coil unit (F.C.U) floor type with casing, capacity 300 CFM",Material,General,unit,21719.96,21719.96,21719.96,21719.96,1,UGX,22154.36,1.02,1,1,Electromechanical works,Detailed Project Pricing (GGDE),Electromechanical works,Electromechanical works - chapter 31
588.3,Asbestos cement sewer pipe diameter,Material,General,,0.0,0.0,0.0,0.0,0,UGX,0.0,1.3,1,1,Electromechanical works,Detailed Project Pricing (GGDE),Electromechanical works,Electromechanical works - chapter 3
363,"Complete crew of a work submarine vessel without crew and diver, i.e. rental of vessel and diving machine, etc.",Equipment,General,H.M,247631.65,247631.65,247631.65,247631.65,1,UGX,247631.65,1.0,1,1,Marine / port works,Detailed Project Pricing (GGDE),Marine / port works,Marine / port works - chapter 51
2271Γ,OIK 2271G,Abstract Material,General,,167785.92,167785.92,167785.92,167785.92,1,UGX,218121.71,1.3,1,1,Building works,Detailed Project Pricing (GGDE),Building works,Building works - chapter 22
2273Δ,OIK 2273D,Abstract Material,General,,623204.85,623204.85,623204.85,623204.85,1,UGX,810166.24,1.3,1,1,Building works,Detailed Project Pricing (GGDE),Building works,Building works - chapter 22
498,Gypsum angles (cornices) of external profile development 25 cm,Material,General,m,2392.57,2392.57,2392.57,2392.57,1,UGX,2751.44,1.15,1,1,Building works,Detailed Project Pricing (GGDE),Building works,Building works - chapter 78
496,Gypsum strips 8 cm wide,Material,General,m,2141.59,2141.59,2141.59,2141.59,1,UGX,2569.95,1.2,1,1,Building works,Detailed Project Pricing (GGDE),Building works,Building works - chapter 78
480,Corrosive paint,Material,General,kg,0.0,0.0,0.0,0.0,0,UGX,0.0,0.5,1,1,Building works,Detailed Project Pricing (GGDE),Building works,Building works - chapter 77
479,RELIEF plastic paint,Material,General,kg,4528.85,4528.85,4528.85,4528.85,1,UGX,4528.85,1.0,1,1,Building works,Detailed Project Pricing (GGDE),Building works,Building works - chapter 77
459,Exterior varnish for wooden surfaces,Material,General,kg,12742.38,12742.38,12742.38,12742.38,1,UGX,1274.24,0.1,1,1,Building works,Detailed Project Pricing (GGDE),Building works,Building works - chapter 77
458,Interior use varnish for wooden surfaces,Material,General,kg,12742.38,12742.38,12742.38,12742.38,1,UGX,1274.24,0.1,1,1,Building works,Detailed Project Pricing (GGDE),Building works,Building works - chapter 77
475,Two-component epoxy resin varnish paint,Material,General,kg,15486.09,15486.09,15486.09,15486.09,1,UGX,1935.73,0.125,1,1,Building works,Detailed Project Pricing (GGDE),Building works,Building works - chapter 77
474,Synthetic resin varnish (Duko),Material,General,kg,9371.2,9371.2,9371.2,9371.2,1,UGX,1171.43,0.125,1,1,Building works,Detailed Project Pricing (GGDE),Building works,Building works - chapter 77
465,Two-component epoxy anti-corrosion,Material,General,kg,14914.37,14914.37,14914.37,14914.37,1,UGX,1864.3,0.125,1,1,Building works,Detailed Project Pricing (GGDE),Building works,Building works - chapter 77
464,Rust-inhibitive zinc primer RUST PRIMER brown color,Material,General,kg,8760.38,8760.38,8760.38,8760.38,1,UGX,1094.93,0.125,1,1,Building works,Detailed Project Pricing (GGDE),Building works,Building works - chapter 77
7913,CONSTR 7913,Abstract Material,General,,27847.72,27847.72,27847.72,27847.72,1,UGX,23670.65,0.85,1,1,Building works,Detailed Project Pricing (GGDE),Building works,Building works - chapter 79
7912,HDPE membrane with double-sided conical or spherical protrusions and bonded geotextile,Abstract Material,General,,28523.0,28523.0,28523.0,28523.0,1,UGX,24244.54,0.85,1,1,Building works,Detailed Project Pricing (GGDE),Building works,Building works - chapter 79
7911,BUILD 7911,Abstract Material,General,,25300.44,25300.44,25300.44,25300.44,1,UGX,21505.41,0.85,1,1,Building works,Detailed Project Pricing (GGDE),Building works,Building works - chapter 79
509,Fiberglass fabric,Material,General,,989.46,989.46,989.46,989.46,1,UGX,1088.41,1.1,1,1,Building works,Detailed Project Pricing (GGDE),Building works,Building works - chapter 79
507,"Domestic roofing felt weighing 2,5",Material,General,,4537.06,4537.06,4537.06,4537.06,1,UGX,4990.76,1.1,1,1,Building works,Detailed Project Pricing (GGDE),Building works,Building works - chapter 79
494,Asphalt aluminum,Material,General,kg,13225.04,13225.04,13225.04,13225.04,1,UGX,13886.29,1.05,1,1,Building works,Detailed Project Pricing (GGDE),Building works,Building works - chapter 79
528,"Surface waterproofing material based on epoxy resins, domestic",Material,General,kg,16676.1,16676.1,16676.1,16676.1,1,UGX,17509.91,1.05,1,1,Building works,Detailed Project Pricing (GGDE),Building works,Building works - chapter 79
527,"Surface waterproofing material based on silicones, domestic",Material,General,kg,12356.24,12356.24,12356.24,12356.24,1,UGX,12974.05,1.05,1,1,Building works,Detailed Project Pricing (GGDE),Building works,Building works - chapter 79
490,Bituminous material,Material,General,kg,1761.73,1761.73,1761.73,1761.73,1,UGX,1902.67,1.08,1,1,Building works,Detailed Project Pricing (GGDE),Building works,Building works - chapter 79
505,Venetian blinds ready for installation,Material,General,,46263.51,46263.51,46263.51,46263.51,1,UGX,46263.51,1.0,1,1,Building works,Detailed Project Pricing (GGDE),Building works,Building works - chapter 78
504,Gypsum rosette with diameter or large side 50 cm,Material,General,unit,2835.9,2835.9,2835.9,2835.9,1,UGX,3686.6,1.3,1,1,Building works,Detailed Project Pricing (GGDE),Building works,Building works - chapter 78
503,Gypsum rosette with diameter or large side 40 cm,Material,General,unit,2141.59,2141.59,2141.59,2141.59,1,UGX,2569.95,1.2,1,1,Building works,Detailed Project Pricing (GGDE),Building works,Building works - chapter 78
502,Gypsum boards thickness 18 mm,Material,General,,9122.38,9122.38,9122.38,9122.38,1,UGX,10946.86,1.2,1,1,Building works,Detailed Project Pricing (GGDE),Building works,Building works - chapter 78
501,Gypsum boards thickness 12 mm,Material,General,m2,6515.99,6515.99,6515.99,6515.99,1,UGX,7819.18,1.2,1,1,Building works,Detailed Project Pricing (GGDE),Building works,Building works - chapter 78
463,Chromium zinc anti-corrosion coating,Material,General,kg,9868.34,9868.34,9868.34,9868.34,1,UGX,1233.45,0.125,1,1,Building works,Detailed Project Pricing (GGDE),Building works,Building works - chapter 77
462,Thixotropic minium (Duko),Material,General,kg,0.0,0.0,0.0,0.0,0,UGX,0.0,0.25,1,1,Building works,Detailed Project Pricing (GGDE),Building works,Building works - chapter 77
471,Cement paint,Material,General,kg,9556.78,9556.78,9556.78,9556.78,1,UGX,2867.03,0.3,1,1,Building works,Detailed Project Pricing (GGDE),Building works,Building works - chapter 77
430,"Glass floor slab, size 30 x 30 cm, thickness 3 cm, qty 7.48, COLORS - INSULATION - MISCELLANEOUS",Material,General,,18051.7,18051.7,18051.7,18051.7,1,UGX,19856.87,1.1,1,1,Building works,Detailed Project Pricing (GGDE),Building works,Building works - chapter 76
429,"Glass floor slab, size 25 x 25 cm, thickness 3 cm",Material,General,unit,13007.84,13007.84,13007.84,13007.84,1,UGX,14308.63,1.1,1,1,Building works,Detailed Project Pricing (GGDE),Building works,Building works - chapter 76
428,"Glass floor slab, 20 x 20 cm, thickness 3 cm",Material,General,unit,10594.51,10594.51,10594.51,10594.51,1,UGX,11653.96,1.1,1,1,Building works,Detailed Project Pricing (GGDE),Building works,Building works - chapter 76
426,"from 10 51 Rotary drilling rig with the capability to drill rocky soils with a hole diameter of 146 mm to a depth of 100 m, including",Equipment,General,H.M,0.0,0.0,0.0,0.0,0,UGX,0.0,1.1,1,1,Building works,Detailed Project Pricing (GGDE),Building works,Building works - chapter 76
512,Plastic membrane (nylon),Material,General,m2,1055.83,1055.83,1055.83,1055.83,1,UGX,1055.83,1.0,1,1,Building works,Detailed Project Pricing (GGDE),Building works,Building works - chapter 23
2271Θ,OIK 2271Θ,Abstract Material,General,,311602.43,311602.43,311602.43,311602.43,1,UGX,405083.24,1.3,1,1,Building works,Detailed Project Pricing (GGDE),Building works,Building works - chapter 22
2271Δ,RES 2271D,Abstract Material,General,,191755.34,191755.34,191755.34,191755.34,1,UGX,249281.88,1.3,1,1,Building works,Detailed Project Pricing (GGDE),Building works,Building works - chapter 22
7463,"Floor coverings with isometric squared marble slabs. Includes supply and transport of schist marble slabs on site, materials for grinding, laying, and cleaning - Coverings with hard to extra hard marble slabs, thickness 3 cm, in a ratio of 11 to 25 pieces per square meter",Abstract Material,General,,627220.39,627220.39,627220.39,627220.39,1,UGX,627220.48,1.0,1,1,Building works,Detailed Project Pricing (GGDE),Building works,Building works - chapter 75
2273Γ,RES 2273G,Abstract Material,General,,551296.6,551296.6,551296.6,551296.6,1,UGX,716685.47,1.3,1,1,Building works,Detailed Project Pricing (GGDE),Building works,Building works - chapter 22
2272Θ,OIK 2272Θ,Abstract Material,General,,412273.98,412273.98,412273.98,412273.98,1,UGX,535956.12,1.3,1,1,Building works,Detailed Project Pricing (GGDE),Building works,Building works - chapter 22
2272Δ,OIK 2272Δ,Abstract Material,General,,244488.06,244488.06,244488.06,244488.06,1,UGX,317834.41,1.3,1,1,Building works,Detailed Project Pricing (GGDE),Building works,Building works - chapter 22
2272Γ,OIK 2272G,Abstract Material,General,,210930.87,210930.87,210930.87,210930.87,1,UGX,274210.12,1.3,1,1,Building works,Detailed Project Pricing (GGDE),Building works,Building works - chapter 22
419,"Reinforced glass panes thickness 6,5 mm length over 1",Material,General,m,71072.53,71072.53,71072.53,71072.53,1,UGX,78179.78,1.1,1,1,Building works,Detailed Project Pricing (GGDE),Building works,Building works - chapter 76
418,"Reinforced glass panes thickness 6,5 mm and length up to 1",Material,General,m,71072.53,71072.53,71072.53,71072.53,1,UGX,78179.78,1.1,1,1,Building works,Detailed Project Pricing (GGDE),Building works,Building works - chapter 76
500,Gypsum corners (cornices) of external profile development 50 cm,Material,General,m,4823.76,4823.76,4823.76,4823.76,1,UGX,5547.28,1.15,1,1,Building works,Detailed Project Pricing (GGDE),Building works,Building works - chapter 78
499,Gypsum corners (cornices) with external profile development 35 cm,Material,General,m,3279.71,3279.71,3279.71,3279.71,1,UGX,3771.79,1.15,1,1,Building works,Detailed Project Pricing (GGDE),Building works,Building works - chapter 78
535,Sound-absorbing boards 25 mm thick of Heraklith type,Material,General,,17013.97,17013.97,17013.97,17013.97,1,UGX,19566.06,1.15,1,1,Building works,Detailed Project Pricing (GGDE),Building works,Building works - chapter 79
531,"Mass rapid hardening material, domestic",Material,General,kg,2847.73,2847.73,2847.73,2847.73,1,UGX,2933.16,1.03,1,1,Building works,Detailed Project Pricing (GGDE),Building works,Building works - chapter 79
3211,"Supply, on-site transport, placement, and compaction of concrete using a pump or tower crane. Production or supply and on-site transport of concrete of any category or quality, according to the provisions of the Regulation - For constructions made of concrete category C8/10",Abstract Material,General,,308786.98,308786.98,308786.98,308786.98,1,UGX,6175.71,0.02,1,1,Building works,Detailed Project Pricing (GGDE),Building works,Building works - chapter 75
7564,"Facing with marble slabs up to 2,00 m long on vertical or inclined walls of any height. Schist marble and materials for grinding, coating (cement mortar and gypsum mortar) and - Facing with hard marble 3 cm thick",Abstract Material,General,,655880.6,655880.6,655880.6,655880.6,1,UGX,983820.92,1.5,1,1,Building works,Detailed Project Pricing (GGDE),Building works,Building works - chapter 75
7563,"Facing with marble slabs up to 2,00 m in length on vertical or inclined walls of any height. Schist marble and materials for grinding, coating (cement mortar and gypsum mortar) and - Facing with hard marble of 2 cm thickness",Abstract Material,General,,502079.32,502079.32,502079.32,502079.32,1,UGX,753119.01,1.5,1,1,Building works,Detailed Project Pricing (GGDE),Building works,Building works - chapter 75
7562,"Facing with marble slabs up to 2,00 m length on vertical or inclined walls of any height. Schist marble and grinding, surfacing materials (cement mortar and gypsum mortar) and - Facing with soft marble 3 cm thick",Abstract Material,General,,607856.14,607856.14,607856.14,607856.14,1,UGX,911784.26,1.5,1,1,Building works,Detailed Project Pricing (GGDE),Building works,Building works - chapter 75
7561,"Facing with marble slabs up to 2,00 m long on vertical or inclined walls of any height. Schist marble and grinding, surfacing materials (cement mortar and gypsum mortar) and - Facing with soft marble of 2 cm thickness",Abstract Material,General,,473262.15,473262.15,473262.15,473262.15,1,UGX,709893.16,1.5,1,1,Building works,Detailed Project Pricing (GGDE),Building works,Building works - chapter 75
338,"Schist marble with thickness 5 cm, squared, length over 1,50 m, originating from Penteli (white)",Material,General,m2,0.0,0.0,0.0,0.0,0,UGX,0.0,0.35,1,1,Building works,Detailed Project Pricing (GGDE),Building works,Building works - chapter 75
530,"Mass plasticizing material, domestic",Material,General,kg,5285.19,5285.19,5285.19,5285.19,1,UGX,5443.75,1.03,1,1,Building works,Detailed Project Pricing (GGDE),Building works,Building works - chapter 79
529,"Mass waterproofing material, domestic",Material,General,kg,3378.66,3378.66,3378.66,3378.66,1,UGX,3480.02,1.03,1,1,Building works,Detailed Project Pricing (GGDE),Building works,Building works - chapter 79
2611,Reinforcement steel B500A,Abstract Material,General,,3094.62,3094.62,3094.62,3094.62,1,UGX,3094.61,1.0,1,1,Road works,Detailed Project Pricing (GGDE),Road works,Road works - chapter 27
2551,"Construction of pier section at an elevation above 10,0 m from the ground and the corresponding protective casings, bearing caps, bearing beams, head ties, etc., made of reinforced concrete C30/37",Abstract Material,General,,392001.84,392001.84,392001.84,392001.84,1,UGX,392001.79,1.0,1,1,Road works,Detailed Project Pricing (GGDE),Road works,Road works - chapter 27
2350,ROAD 2350,Abstract Material,General,,23155.59,23155.59,23155.59,23155.59,1,UGX,23155.65,1.0,1,1,Road works,Detailed Project Pricing (GGDE),Road works,Road works - chapter 24
329,"Asphalt sheets kg 0,66 OTHER MATERIALS",Material,General,,1761.73,1761.73,1761.73,1761.73,1,UGX,3523.46,2.0,1,1,Road works,Detailed Project Pricing (GGDE),Road works,Road works - chapter 24
1441,BUI 1441,Abstract Material,General,,65427.75,65427.75,65427.75,65427.75,1,UGX,196.2,0.003,1,1,Building works,Detailed Project Pricing (GGDE),Building works,Building works - chapter 73
175,from 10 8 PERCUSSIVE CARRIERS (WAGON DRILL) 8.1 pcs. ATLAS COPCO ROC D7 146 HP 8.2 pcs. PCR 200A FURUCAWA 200 HP 8.3 pcs. ATLAS C,Equipment,General,H.M,0.0,0.0,0.0,0.0,0,UGX,0.0,95.0,1,1,Building works,Detailed Project Pricing (GGDE),Building works,Building works - chapter 73
7453,"Floor coverings with isometric marble slabs, squared. Includes supply and transport of schist marble slabs on site, materials for grinding, laying, and cleaning - Coverings with soft marble slabs, thickness 3 cm, at a ratio of 11 to 25 pieces per square meter",Abstract Material,General,,581119.35,581119.35,581119.35,581119.35,1,UGX,581119.39,1.0,1,1,Building works,Detailed Project Pricing (GGDE),Building works,Building works - chapter 75
7443,"Floor coverings with isometric marble slabs, squared. Includes supply and transport of schist marble slabs on site, materials for grinding, laying, and cleaning - Coverings with hard to extra hard marble slabs, thickness 2 cm, in a ratio of 11 to 25 pieces per square meter",Abstract Material,General,,488924.75,488924.75,488924.75,488924.75,1,UGX,488924.69,1.0,1,1,Building works,Detailed Project Pricing (GGDE),Building works,Building works - chapter 75
7433,"Floor coverings with isometric marble slabs, squared. Includes supply and transport of schist marble slabs on site, materials for grinding, laying, and cleaning - Coverings with soft marble slabs, thickness 2 cm, in a ratio of 11 to 25 pieces per square meter",Abstract Material,General,,460790.55,460790.55,460790.55,460790.55,1,UGX,460790.59,1.0,1,1,Building works,Detailed Project Pricing (GGDE),Building works,Building works - chapter 75
526,Plastic edge protection angle for steps,Material,General,m,3378.66,3378.66,3378.66,3378.66,1,UGX,3716.53,1.1,1,1,Building works,Detailed Project Pricing (GGDE),Building works,Building works - chapter 73
525,Carpet made of synthetic fibers (MOQUETTE),Material,General,m2,18920.5,18920.5,18920.5,18920.5,1,UGX,20244.93,1.07,1,1,Building works,Detailed Project Pricing (GGDE),Building works,Building works - chapter 73
524,"Polyvinyl plastic sheets of any dimensions, thickness 2 mm, m2 domestic",Material,General,,18099.96,18099.96,18099.96,18099.96,1,UGX,20814.96,1.15,1,1,Building works,Detailed Project Pricing (GGDE),Building works,Building works - chapter 73
523,"Polyvinyl chloride plastic sheeting in rolls, thickness 2 mm, domestic",Material,General,,18099.96,18099.96,18099.96,18099.96,1,UGX,21719.96,1.2,1,1,Building works,Detailed Project Pricing (GGDE),Building works,Building works - chapter 73
447,Polish for mosaics,Material,General,kg,10921.52,10921.52,10921.52,10921.52,1,UGX,546.14,0.05,1,1,Building works,Detailed Project Pricing (GGDE),Building works,Building works - chapter 73
456,Metal paint for mosaics,Material,General,kg,4002.02,4002.02,4002.02,4002.02,1,UGX,400.13,0.1,1,1,Building works,Detailed Project Pricing (GGDE),Building works,Building works - chapter 73
355,Emery cloth pcs 0.1183,Material,General,,293.94,293.94,293.94,293.94,1,UGX,73.61,0.25,1,1,Road works,Detailed Project Pricing (GGDE),Road works,Road works - chapter 66
353,Ready-made minium oil paint (RUST PRIMER),Material,General,kg,8760.38,8760.38,8760.38,8760.38,1,UGX,1401.66,0.16,1,1,Road works,Detailed Project Pricing (GGDE),Road works,Road works - chapter 66
234,Iron in strips and squares,Material,General,kg,2101.04,2101.04,2101.04,2101.04,1,UGX,100850.11,48.0,1,1,Road works,Detailed Project Pricing (GGDE),Road works,Road works - chapter 52
325,Water-repellent materials,Material,General,kg,6709.05,6709.05,6709.05,6709.05,1,UGX,6709.05,1.0,1,1,Road works,Detailed Project Pricing (GGDE),Road works,Road works - chapter 48
4120,ASPHALT BONDING COAT,Abstract Material,General,,1237.07,1237.07,1237.07,1237.07,1,UGX,1237.07,1.0,1,1,Road works,Detailed Project Pricing (GGDE),Road works,Road works - chapter 46
4120.1,ASPHALT BONDING COAT,Abstract Material,General,,550.96,550.96,550.96,550.96,1,UGX,550.96,1.0,1,1,Road works,Detailed Project Pricing (GGDE),Road works,Road works - chapter 46
1467,OIK 1467,Abstract Material,General,,212840.26,212840.26,212840.26,212840.26,1,UGX,3192.59,0.015,1,1,Building works,Detailed Project Pricing (GGDE),Building works,Building works - chapter 71
173,White porcelain tiles 15 x 15 cm,Material,General,unit,618.05,618.05,618.05,618.05,1,UGX,29666.57,48.0,1,1,Building works,Detailed Project Pricing (GGDE),Building works,Building works - chapter 73
166,"Edging of single-color or mosaic cement slabs with length 20 cm, height 6,5 to 10 cm and thickness 2 cm",Material,General,m,0.0,0.0,0.0,0.0,0,UGX,0.0,1.05,1,1,Building works,Detailed Project Pricing (GGDE),Building works,Building works - chapter 73
163,"Square cement slabs with thickness from 2 to 3 cm, side length from 21 to 30 cm",Material,General,,15010.9,15010.9,15010.9,15010.9,1,UGX,15761.45,1.05,1,1,Building works,Detailed Project Pricing (GGDE),Building works,Building works - chapter 73
161,"Square cement slabs 5 cm thick, side length over 30 cm, semi-white, category A",Material,General,m2,14576.5,14576.5,14576.5,14576.5,1,UGX,15305.33,1.05,1,1,Building works,Detailed Project Pricing (GGDE),Building works,Building works - chapter 73
155,Margins (baseboards) of artificial marble slabs 7 cm wide and 2 cm thick polished,Material,General,m,5389.93,5389.93,5389.93,5389.93,1,UGX,5659.5,1.05,1,1,Building works,Detailed Project Pricing (GGDE),Building works,Building works - chapter 73
181,Corrugated asbestos cement sheets (National Greek Standard NHS 8/1971 Government Gazette m2 B 147/1971) thickness 6 mm and height 51 mm - TIMBER,Material,General,,0.0,0.0,0.0,0.0,0,UGX,0.0,1.2,1,1,Building works,Detailed Project Pricing (GGDE),Building works,Building works - chapter 72
146,French-type ceramic tile 40.5 x 24.5 cm,Material,General,unit,1001.53,1001.53,1001.53,1001.53,1,UGX,15022.97,15.0,1,1,Building works,Detailed Project Pricing (GGDE),Building works,Building works - chapter 72
1464,BUI 1464,Abstract Material,General,,137969.51,137969.51,137969.51,137969.51,1,UGX,2069.43,0.015,1,1,Building works,Detailed Project Pricing (GGDE),Building works,Building works - chapter 71
1463,BUILD 1463,Abstract Material,General,,186250.44,186250.44,186250.44,186250.44,1,UGX,2793.67,0.015,1,1,Building works,Detailed Project Pricing (GGDE),Building works,Building works - chapter 71
263,"Plain cement pipes diameter 0,40 m M",Material,General,,78191.85,78191.85,78191.85,78191.85,1,UGX,78191.85,1.0,1,1,Road works,Detailed Project Pricing (GGDE),Road works,Road works - chapter 28
466,Electrically driven air compressor 600 ft3/min type ATLAS DT.4 with 1/2 air receiver or similar,Equipment,General,H.M,115501.91,115501.91,115501.91,115501.91,1,UGX,115501.91,1.0,1,1,Hydraulic works,Detailed Project Pricing (GGDE),Hydraulic works,Hydraulic works - chapter 56
464,"Aggregate production of inert materials daily m3 output 800 with screens, conveyor belts, washer, crusher",Equipment,General,H.M,925680.45,925680.45,925680.45,925680.45,1,UGX,925680.45,1.0,1,1,Hydraulic works,Detailed Project Pricing (GGDE),Hydraulic works,Hydraulic works - chapter 56
463,"Towed vibratory roller weighing 5,7t",Equipment,General,H.M,105703.79,105703.79,105703.79,105703.79,1,UGX,105703.79,1.0,1,1,Hydraulic works,Detailed Project Pricing (GGDE),Hydraulic works,Hydraulic works - chapter 56
462,Tipper truck with a payload of 17t,Equipment,General,H.M,841093.28,841093.28,841093.28,841093.28,1,UGX,841093.28,1.0,1,1,Hydraulic works,Detailed Project Pricing (GGDE),Hydraulic works,Hydraulic works - chapter 56
461,Tipper truck with a payload of 17t,Equipment,General,H.M,576857.94,576857.94,576857.94,576857.94,1,UGX,576857.94,1.0,1,1,Hydraulic works,Detailed Project Pricing (GGDE),Hydraulic works,Hydraulic works - chapter 56
460,"Excavator 4,5 yd3",Equipment,General,H.M,1259492.06,1259492.06,1259492.06,1259492.06,1,UGX,1259492.06,1.0,1,1,Hydraulic works,Detailed Project Pricing (GGDE),Hydraulic works,Hydraulic works - chapter 55
459,Excavator 3,Equipment,General,H.M,1018545.34,1018545.34,1018545.34,1018545.34,1,UGX,1018545.34,1.0,1,1,Hydraulic works,Detailed Project Pricing (GGDE),Hydraulic works,Hydraulic works - chapter 55
454,Spraying machine (6 t tanker with spraying system,Equipment,General,H.M,234792.74,234792.74,234792.74,234792.74,1,UGX,234792.74,1.0,1,1,Hydraulic works,Detailed Project Pricing (GGDE),Hydraulic works,Hydraulic works - chapter 55
452,Manual milling machine with one skilled worker,Equipment,General,H.M,248717.65,248717.65,248717.65,248717.65,1,UGX,248717.65,1.0,1,1,Hydraulic works,Detailed Project Pricing (GGDE),Hydraulic works,Hydraulic works - chapter 55
451,Screw trenching device with two specialized workers,Equipment,General,H.M,11752.91,11752.91,11752.91,11752.91,1,UGX,47011.64,4.0,1,1,Hydraulic works,Detailed Project Pricing (GGDE),Hydraulic works,Hydraulic works - chapter 55
2117,"on rocky ground, except granite-conglomerate, without use of explosives",Abstract Material,General,,163164.63,163164.63,163164.63,163164.63,1,UGX,212113.97,1.3,1,1,Building works,Detailed Project Pricing (GGDE),Building works,Building works - chapter 21
2115,"on rocky ground, excluding granite-conglomerate with the possibility of using explosives",Abstract Material,General,,97873.4,97873.4,97873.4,97873.4,1,UGX,127235.51,1.3,1,1,Building works,Detailed Project Pricing (GGDE),Building works,Building works - chapter 21
480,"from 10 51 Rotary drilling rig with the capability to drill rocky soils with a hole diameter of 146 mm to a depth of 100 m, including",Equipment,General,H.M,65690.8,65690.8,65690.8,65690.8,1,UGX,65690.8,1.0,1,1,Hydraulic works,Detailed Project Pricing (GGDE),Hydraulic works,Hydraulic works - chapter 57
479,"from 10 51 Rotary drilling rig with the capability to drill rocky soils with a hole diameter of 146 mm to a depth of 100 m, including",Equipment,General,H.M,446948.46,446948.46,446948.46,446948.46,1,UGX,446948.46,1.0,1,1,Hydraulic works,Detailed Project Pricing (GGDE),Hydraulic works,Hydraulic works - chapter 57
471,"Rotary air-operated drilling rig type GRAELIUS X 4 or equivalent with pump, rods, etc.",Equipment,General,H.M,147213.04,147213.04,147213.04,147213.04,1,UGX,147213.04,1.0,1,1,Hydraulic works,Detailed Project Pricing (GGDE),Hydraulic works,Hydraulic works - chapter 57
1466,OIK 1466,Abstract Material,General,,226567.75,226567.75,226567.75,226567.75,1,UGX,3398.45,0.015,1,1,Building works,Detailed Project Pricing (GGDE),Building works,Building works - chapter 71
1465,OIK 1465,Abstract Material,General,,232450.97,232450.97,232450.97,232450.97,1,UGX,3486.78,0.015,1,1,Building works,Detailed Project Pricing (GGDE),Building works,Building works - chapter 71
1462,OIK 1462,Abstract Material,General,,216867.14,216867.14,216867.14,216867.14,1,UGX,3252.93,0.015,1,1,Building works,Detailed Project Pricing (GGDE),Building works,Building works - chapter 71
288,Diamond mesh wire fencing,Material,General,m2,4971.46,4971.46,4971.46,4971.46,1,UGX,5220.03,1.05,1,1,Building works,Detailed Project Pricing (GGDE),Building works,Building works - chapter 64
286,Square mesh wire fencing,Material,General,,4580.74,4580.74,4580.74,4580.74,1,UGX,4809.76,1.05,1,1,Building works,Detailed Project Pricing (GGDE),Building works,Building works - chapter 64
285,"Galvanized barbed wire thickness 1,6 mm",Material,General,m,207.55,207.55,207.55,207.55,1,UGX,228.3,1.1,1,1,Building works,Detailed Project Pricing (GGDE),Building works,Building works - chapter 64
3833,OIK 3833,Abstract Material,General,,363420.81,363420.81,363420.81,363420.81,1,UGX,72684.15,0.2,1,1,Building works,Detailed Project Pricing (GGDE),Building works,Building works - chapter 38
3831,OIK 3831,Abstract Material,General,,288965.53,288965.53,288965.53,288965.53,1,UGX,43344.83,0.15,1,1,Building works,Detailed Project Pricing (GGDE),Building works,Building works - chapter 38
3823,Double curvature curved formwork,Abstract Material,General,,197889.66,197889.66,197889.66,197889.66,1,UGX,39577.87,0.2,1,1,Building works,Detailed Project Pricing (GGDE),Building works,Building works - chapter 38
3821,Simple curvature wooden formwork,Abstract Material,General,,160967.72,160967.72,160967.72,160967.72,1,UGX,24145.11,0.15,1,1,Building works,Detailed Project Pricing (GGDE),Building works,Building works - chapter 38
3816,Shaping of notches and recesses on concrete surfaces,Abstract Material,General,,47844.35,47844.35,47844.35,47844.35,1,UGX,7176.76,0.15,1,1,Building works,Detailed Project Pricing (GGDE),Building works,Building works - chapter 38
3801,Formwork for cast walls,Abstract Material,General,,42224.38,42224.38,42224.38,42224.38,1,UGX,2111.18,0.05,1,1,Building works,Detailed Project Pricing (GGDE),Building works,Building works - chapter 38
1478,BUILD 1478,Abstract Material,General,,8572.38,8572.38,8572.38,8572.38,1,UGX,8572.38,1.0,1,1,Building works,Detailed Project Pricing (GGDE),Building works,Building works - chapter 54
279,"Expanded metal mesh (deplated metal) with finger-sized holes, for ceilings",Material,General,,10274.75,10274.75,10274.75,10274.75,1,UGX,11096.73,1.08,1,1,Building works,Detailed Project Pricing (GGDE),Building works,Building works - chapter 64
278,Mesh sheet (metal depleague) opening 10 x 4 cm and thickness 3 mm,Material,General,,9943.4,9943.4,9943.4,9943.4,1,UGX,10937.69,1.1,1,1,Building works,Detailed Project Pricing (GGDE),Building works,Building works - chapter 64
276,Rolled steel sheet,Material,General,kg,1847.4,1847.4,1847.4,1847.4,1,UGX,10807.37,5.85,1,1,Building works,Detailed Project Pricing (GGDE),Building works,Building works - chapter 62
390,Iron wire friction tape for roll,Material,General,m,3619.99,3619.99,3619.99,3619.99,1,UGX,7601.99,2.1,1,1,Building works,Detailed Project Pricing (GGDE),Building works,Building works - chapter 62
396.1,"Waterproofing mass kg 1,40 .2 Water to cement ratio reducing material kg 0,77 .3 Material preventing segregation of stone components during laying kg 1,68 .4 Hardening material kg 0,98 .5 Setting acceleration material kg 1,18 .6 Anti-freeze material kg 1,58 .7 Surface protection material for concrete against dehydration during setting kg 3,80 .8 Surface waterproofing material for concrete based on silicones (in liquid state) kg 5,12 .9 Surface waterproofing material for concrete based on epoxy resins (in liquid state) kg 6,91 .10 Elastomeric joint waterproofing material kg 6,94 .11 Joint waterproofing tape type HYDROFOIL or similar with tape width 150 mm m 2,56 .12 Joint waterproofing tape type HYDROFOIL or similar with tape width 250 mm m 3,68 .13 Asphaltic material type ASBESTUMEN or similar kg 1,77 .14 Expanded polystyrene",Material,General,m3,3378.66,3378.66,3378.66,3378.66,1,UGX,3378.66,1.0,1,1,Hydraulic works,Detailed Project Pricing (GGDE),Hydraulic works,Hydraulic works - chapter 63
6302,Formwork for double-curvature or warped surfaces,Abstract Material,General,,71809.14,71809.14,71809.14,71809.14,1,UGX,47872.23,0.6667,1,1,Hydraulic works,Detailed Project Pricing (GGDE),Hydraulic works,Hydraulic works - chapter 63
1505,BUI 1505,Abstract Material,General,,611857.99,611857.99,611857.99,611857.99,1,UGX,2019.23,0.0033,1,1,Building works,Detailed Project Pricing (GGDE),Building works,Building works - chapter 21
2145,"on rocky ground of any kind, without the use of explosives",Abstract Material,General,,343900.46,343900.46,343900.46,343900.46,1,UGX,447070.57,1.3,1,1,Building works,Detailed Project Pricing (GGDE),Building works,Building works - chapter 21
2143,"on rocky ground, excluding granite-conglomerate, with the possibility of using explosives",Abstract Material,General,,251734.73,251734.73,251734.73,251734.73,1,UGX,327255.08,1.3,1,1,Building works,Detailed Project Pricing (GGDE),Building works,Building works - chapter 21
2128,"on granitic-conglomerate soils, without use of explosives",Abstract Material,General,,293291.35,293291.35,293291.35,293291.35,1,UGX,381278.65,1.3,1,1,Building works,Detailed Project Pricing (GGDE),Building works,Building works - chapter 21
2122,on earthy-semi-rocky soils,Abstract Material,General,,105330.51,105330.51,105330.51,105330.51,1,UGX,136929.61,1.3,1,1,Building works,Detailed Project Pricing (GGDE),Building works,Building works - chapter 21
2121,BUI 2121,Abstract Material,General,,87953.51,87953.51,87953.51,87953.51,1,UGX,114339.65,1.3,1,1,Building works,Detailed Project Pricing (GGDE),Building works,Building works - chapter 21
2125,"on rocky ground, excluding granite-conglomerate",Abstract Material,General,,139754.95,139754.95,139754.95,139754.95,1,UGX,181681.41,1.3,1,1,Building works,Detailed Project Pricing (GGDE),Building works,Building works - chapter 21
352,French swivel No 14,Material,General,unit,2734.3,2734.3,2734.3,2734.3,1,UGX,8202.9,3.0,1,1,Building works,Detailed Project Pricing (GGDE),Building works,Building works - chapter 14
373,Threaded nails (wood screws) 20/35 in boxes of 144 pcs.,Material,General,unit,6601.66,6601.66,6601.66,6601.66,1,UGX,1320.33,0.2,1,1,Building works,Detailed Project Pricing (GGDE),Building works,Building works - chapter 14
375,Ball bearing (roller bearing) of wooden roller shaft,Material,General,unit,8376.42,8376.42,8376.42,8376.42,1,UGX,16752.84,2.0,1,1,Building works,Detailed Project Pricing (GGDE),Building works,Building works - chapter 14
371.1,"110 5,49 371.4 200 17,58 371.7 315 44,99 .2 140 8,70 .5 225 22,25 .8 355 57,17 .3 160 11,30 .6 280 34,96 .9 400",Material,General,,11656.38,11656.38,11656.38,11656.38,1,UGX,11889.5,1.02,1,1,Hydraulic works,Detailed Project Pricing (GGDE),Hydraulic works,Hydraulic works - chapter 66
361.1,"100 11,48 361.4 175 -- 361.7 300 73,90 361.10 450 - 361.13 700 - .2 125 15,30 .5 200 35,56 .8 350 - .11 500 - .14 800 - .3 150 19,28 .6 250 49,22 .9 400 - .12 600 - - HYD 362. ASBESTOS CEMENT PIPES nominal pressure",Material,General,,32628.2,32628.2,32628.2,32628.2,1,UGX,32628.2,1.0,1,1,Hydraulic works,Detailed Project Pricing (GGDE),Hydraulic works,Hydraulic works - chapter 66
360.1,for asbestos cement pipes kg .2 for PVC pipes,Material,General,kg,0.0,0.0,0.0,0.0,0,UGX,0.0,1.0,1,1,Hydraulic works,Detailed Project Pricing (GGDE),Hydraulic works,Hydraulic works - chapter 66
367.1,100 - 367.15 100 - 367.29 100 - 367.43 100 - .2 125 - .16 125 - .30 125 - .44 125 - .3 150 - .17 150 - .31 150 - .45 150 - .4 175 - .18 175 - .32 175 - .46 175 - .5 200 - .19 200 - .33 200 - .47 200 - .6 250 - .20 250 - .34 250 - .48 250 - .7 300 - .21 300 - .35 300 - .49 300 - .8 350 - .22 350 - .36 350 - .50 350 - .9 400 - .23 400 - .37 400 - .51 400 - .10 450 - .24 450 - .38 450 - .52 450 - .11 500 - .25 500 - .39 500 - .53 500 - .12 600 - .26 600 - .40 600 - .54 600 - .13 700 - .27 700 - .41 700 - .55 700 - .14 800 - .28 800 - .42 800 - .56 800 - ASBESTOS-CEMENT SEWER PIPES SERIES 368. WATER,Material,General,,0.0,0.0,0.0,0.0,0,UGX,0.0,0.224,1,1,Hydraulic works,Detailed Project Pricing (GGDE),Hydraulic works,Hydraulic works - chapter 66
366.1,100 - 366.8 350 - 366.15 100 - 366.22 350 - .2 125 - .9 400 - .16 125 - .23 400 - .3 150 - .10 450 - .17 150 - .24 450 - .4 175 - .11 500 - .18 175 - .25 500 - .5 200 - .12 600 - .19 200 - .26 600 - .6 250 - .13 700 - .20 250 - .27 700 - .7 300 - .14 800 - .21 300 - .28 800,Material,General,,0.0,0.0,0.0,0.0,0,UGX,0.0,1.02,1,1,Hydraulic works,Detailed Project Pricing (GGDE),Hydraulic works,Hydraulic works - chapter 66
365.1,"100 - 365.8 350 - 365.15 100 - 365.22 350 - .2 125 - .9 400 - .16 125 - .23 400 - .3 150 - .10 450 - .17 150 - .24 450 - .4 175 - .11 500 - .18 175 - .25 500 - .5 200 - .12 600 - .19 200 - .26 600 - .6 250 - .13 700 - .20 250 - .27 700 - .7 300 - .14 800 - .21 300 - .28 800 - YDRA 366. ACIANΤΟΤΣΙΜΕΝΤΟΣΩΛΗΝΕΣ nominal pressure 12.5 and 15 bar (MET) (D = Diameter in mm, T = Connection value in € per m) Nominal Pressure 12.5 bar Nominal pressure",Material,General,,0.0,0.0,0.0,0.0,0,UGX,0.0,0.224,1,1,Hydraulic works,Detailed Project Pricing (GGDE),Hydraulic works,Hydraulic works - chapter 66
364.1,100 - 364.4 175 - 364.7 300 - 364.10 450 - 364.13 700 - .2 125 - .5 200 - .8 350 - .11 500 - .14 800 - .3 150 - .6 250 - .9 400 - .12 600 - WATER 365. ASBESTOS-CEMENT CONNECTIONS nominal pressure,Material,General,,0.0,0.0,0.0,0.0,0,UGX,0.0,1.02,1,1,Hydraulic works,Detailed Project Pricing (GGDE),Hydraulic works,Hydraulic works - chapter 66
363.1,100 - 363.8 350 - 363.15 100 - 363.22 350 - .2 125 - .9 400 - .16 125 - .23 400 - .3 150 - .10 450 - .17 150 - .24 450 - .4 175 - .11 500 - .18 175 - .25 500 - .5 200 - .12 600 - .19 200 - .26 600 - .6 250 - .13 700 - .20 250 - .27 700 - .7 300 - .14 800 - .21 300 - .28 800 - ASBESTOS CEMENT PIPES NOMINAL PRESSURE 364.,Material,General,,0.0,0.0,0.0,0.0,0,UGX,0.0,0.224,1,1,Hydraulic works,Detailed Project Pricing (GGDE),Hydraulic works,Hydraulic works - chapter 66
362.1,100 - 362.4 175 - 362.7 300 - 362.10 450 - 362.13 700 - .2 125 - .5 200 - .8 350 - .11 500 - 800 - .14 .3 150 - .6 250 - .9 400 - .12 600,Material,General,,0.0,0.0,0.0,0.0,0,UGX,0.0,1.02,1,1,Hydraulic works,Detailed Project Pricing (GGDE),Hydraulic works,Hydraulic works - chapter 66
230,"Tongue-and-groove strips made of larch-type timber (larch), width from 4 to 7 cm, net thickness at least 22 mm and length at least 40 cm, of domestic origin",Material,General,m2,0.0,0.0,0.0,0.0,0,UGX,0.0,1.05,1,1,Building works,Detailed Project Pricing (GGDE),Building works,Building works - chapter 53
229,"Tongue-and-groove strips of chestnut timber, width from 4 to 7 cm, net thickness at least 22 mm and length at least 40 cm, of domestic origin",Material,General,m2,0.0,0.0,0.0,0.0,0,UGX,0.0,1.05,1,1,Building works,Detailed Project Pricing (GGDE),Building works,Building works - chapter 53
293,Steel mesh sheet (including corresponding micro-materials),Material,General,m2,0.0,0.0,0.0,0.0,0,UGX,0.0,1.1,1,1,Building works,Detailed Project Pricing (GGDE),Building works,Building works - chapter 61
280,Corner bead made of galvanized sheet metal,Material,General,m,2762.05,2762.05,2762.05,2762.05,1,UGX,2900.1,1.05,1,1,Building works,Detailed Project Pricing (GGDE),Building works,Building works - chapter 61
521,Formica glue,Material,General,kg,5940.89,5940.89,5940.89,5940.89,1,UGX,1485.16,0.25,1,1,Building works,Detailed Project Pricing (GGDE),Building works,Building works - chapter 56
225,Domestic phenolic sheets (formica),Material,General,m2,9653.31,9653.31,9653.31,9653.31,1,UGX,10618.65,1.1,1,1,Building works,Detailed Project Pricing (GGDE),Building works,Building works - chapter 56
537,"Plastic handrail, 50 mm wide and of any color",Material,General,m,4102.66,4102.66,4102.66,4102.66,1,UGX,4307.79,1.05,1,1,Building works,Detailed Project Pricing (GGDE),Building works,Building works - chapter 55
4623.2,OIK 4623.2,Abstract Material,General,,113529.81,113529.81,113529.81,113529.81,1,UGX,113529.73,1.0,1,1,Building works,Detailed Project Pricing (GGDE),Building works,Building works - chapter 46
4623.1,OIK 4623.1,Abstract Material,General,,111302.01,111302.01,111302.01,111302.01,1,UGX,111301.99,1.0,1,1,Building works,Detailed Project Pricing (GGDE),Building works,Building works - chapter 46
1473,BUI 1473,Abstract Material,General,,28865.2,28865.2,28865.2,28865.2,1,UGX,28865.1,1.0,1,1,Building works,Detailed Project Pricing (GGDE),Building works,Building works - chapter 54
240,"Margins (baseboards) made of pitch-pine timber, width from 5 to 8 cm, thickness at least 12 mm and length at least 2 m, of American origin",Material,General,m,3378.66,3378.66,3378.66,3378.66,1,UGX,3581.38,1.06,1,1,Building works,Detailed Project Pricing (GGDE),Building works,Building works - chapter 53
127,Honeycomb concrete brick weighing 300 or 400 kg/m3 of any dimensions,Material,General,m3,196010.55,196010.55,196010.55,196010.55,1,UGX,205811.08,1.05,1,1,Building works,Detailed Project Pricing (GGDE),Building works,Building works - chapter 38
259,Prestressing reinforcement anchorage element per cable of any diameter,Material,General,unit,61226.15,61226.15,61226.15,61226.15,1,UGX,61226.15,1.0,1,1,Building works,Detailed Project Pricing (GGDE),Building works,Building works - chapter 38
258,High-strength prestressing reinforcement steel (strands),Material,General,kg,18872.23,18872.23,18872.23,18872.23,1,UGX,27364.73,1.45,1,1,Building works,Detailed Project Pricing (GGDE),Building works,Building works - chapter 38
6404,WAT 6404,Abstract Material,General,,135801.1,135801.1,135801.1,135801.1,1,UGX,135801.14,1.0,1,1,Hydraulic works,Detailed Project Pricing (GGDE),Hydraulic works,Hydraulic works - chapter 64
377.1,500 - 377.4 800 - 377.7 1100 - .2 700 - .5 900 - .8 1200 - .3 600 - .6 1000 - .9 1300 - HYDR 378. SLIDING GATE VALVES WITH FLANGES nominal pressure,Material,General,,0.0,0.0,0.0,0.0,0,UGX,0.0,1.0,1,1,Hydraulic works,Detailed Project Pricing (GGDE),Hydraulic works,Hydraulic works - chapter 66
376.12,"400 6,3 88,96 376.16 700 7,1 176,88 376.20 1100 11,0 400,99 .13 450 6,3 98,96 .17 800 8,0 224,52 .21 1200 12,5 487,60 .14 500 6,3 109,782 .18 900 10,0 302,64 .22 1300 12,5 528,60 .15 600 6,3 140,65 .19 1000 10,0 336,58 HYD 377. PRESTRESSED CONCRETE PIPES maximum nominal pressure",Material,General,,221060.9,221060.9,221060.9,221060.9,1,UGX,221060.9,1.0,1,1,Hydraulic works,Detailed Project Pricing (GGDE),Hydraulic works,Hydraulic works - chapter 66
373.1,"110 12,87 373.4 200 41,41 373.7 315 105,15 .2 140 20,31 .5 225 52,09 .8 355 133,45 .3 160 26,49 .6 280 82,68 .9 400 169,39 WATER 374. PLASTIC SEWER PIPES of the series",Material,General,,27294.75,27294.75,27294.75,27294.75,1,UGX,27840.64,1.02,1,1,Hydraulic works,Detailed Project Pricing (GGDE),Hydraulic works,Hydraulic works - chapter 66
372.1,"110 8,65 372.4 200 27,62 372.7 315 70,33 .2 140 13,61 .5 225 35,14 .8 355 89,42 .3 160 17,84 .6 280 55,38 .9 400 113,19 WATER 373. PVC PLASTIC PIPES nominal pressure",Material,General,,18341.3,18341.3,18341.3,18341.3,1,UGX,18708.12,1.02,1,1,Hydraulic works,Detailed Project Pricing (GGDE),Hydraulic works,Hydraulic works - chapter 66
455,Red lead 100% powder,Material,General,kg,7457.19,7457.19,7457.19,7457.19,1,UGX,5443.75,0.73,1,1,Building works,Detailed Project Pricing (GGDE),Building works,Building works - chapter 14
487,Adhesive for watercolors,Material,General,kg,33506.65,33506.65,33506.65,33506.65,1,UGX,1340.36,0.04,1,1,Building works,Detailed Project Pricing (GGDE),Building works,Building works - chapter 14
356,Gypsum door frame,Material,General,unit,1596.66,1596.66,1596.66,1596.66,1,UGX,3193.32,2.0,1,1,Building works,Detailed Project Pricing (GGDE),Building works,Building works - chapter 14
7016.1,WAT 7016.1,Abstract Material,General,,190200.74,190200.74,190200.74,190200.74,1,UGX,190200.7,1.0,1,1,Hydraulic works,Detailed Project Pricing (GGDE),Hydraulic works,Hydraulic works - chapter 70
7008,"Slope protection with riprap, including transportation of materials from any distance",Abstract Material,General,,48291.1,48291.1,48291.1,48291.1,1,UGX,48291.19,1.0,1,1,Hydraulic works,Detailed Project Pricing (GGDE),Hydraulic works,Hydraulic works - chapter 70
7007,WAT 7007,Abstract Material,General,,27643.99,27643.99,27643.99,27643.99,1,UGX,30408.42,1.1,1,1,Hydraulic works,Detailed Project Pricing (GGDE),Hydraulic works,Hydraulic works - chapter 70
397.1,"Fence posts made of concrete, length 1.90 m, cross-section Φ 7/9.5, 6.78 .2 Portable stainless steel latch, 6.32 .4 Firewood",Material,General,kg,17013.97,17013.97,17013.97,17013.97,1,UGX,35729.33,2.1,1,1,Hydraulic works,Detailed Project Pricing (GGDE),Hydraulic works,Hydraulic works - chapter 68
6324,WATER 6324,Abstract Material,General,,265267.76,265267.76,265267.76,265267.76,1,UGX,66316.82,0.25,1,1,Hydraulic works,Detailed Project Pricing (GGDE),Hydraulic works,Hydraulic works - chapter 68
237.1,Cast iron domestic pipe support boxes,Material,General,kg,3330.39,3330.39,3330.39,3330.39,1,UGX,3330.39,1.0,1,1,Hydraulic works,Detailed Project Pricing (GGDE),Hydraulic works,Hydraulic works - chapter 67
6741.1,WAT 6741.1,Abstract Material,General,,0.0,0.0,0.0,0.0,0,UGX,0.0,1.0,1,1,Hydraulic works,Detailed Project Pricing (GGDE),Hydraulic works,Hydraulic works - chapter 67
6740.1,WAT 6740.1,Abstract Material,General,,0.0,0.0,0.0,0.0,0,UGX,0.0,1.0,1,1,Hydraulic works,Detailed Project Pricing (GGDE),Hydraulic works,Hydraulic works - chapter 67
375.8,"200-160 12,59 375.13 160 10,98 375.14 200-160 18,93 .9 250-160 16,19 .10 315-160 21,78 .11 355-160 29,50 .12 400-160",Material,General,,26691.41,26691.41,26691.41,26691.41,1,UGX,28025.99,1.05,1,1,Hydraulic works,Detailed Project Pricing (GGDE),Hydraulic works,Hydraulic works - chapter 67
375.1,"160 9,20 375.4 315 36,38 375.7 500 95,04 46,27 .2 200 14,41 .5 355 58,62 .3 250 22,47 .6 400 WATER 375 b, c, d. FITTINGS FOR PLASTIC SEWER PIPES of the series",Material,General,,19523.83,19523.83,19523.83,19523.83,1,UGX,19914.3,1.02,1,1,Hydraulic works,Detailed Project Pricing (GGDE),Hydraulic works,Hydraulic works - chapter 67
374.1,250 - 374.4 400 - 374.7 630 - .2 315 - .5 450 - .8 710 - .3 355 - .6 500 - WATER 375a. PLASTIC SEWER PIPES of the series,Material,General,,0.0,0.0,0.0,0.0,0,UGX,0.0,1.02,1,1,Hydraulic works,Detailed Project Pricing (GGDE),Hydraulic works,Hydraulic works - chapter 67
370.1,200/150 - 370.9 200/150 - 370.17 200/150 - .2 250/150 - .10 250/150 - .18 250/150 - .3 300/150 - .11 300/150 - .19 300/150 - .4 350/150 - .12 350/150 - .20 350/150 - .5 400/150 - .13 400/150 - .21 400/150 - .6 450/150 - .14 450/150 - .22 450/150 - .7 500/150 - .15 500/150 - .23 500/150,Material,General,,0.0,0.0,0.0,0.0,0,UGX,0.0,1.0,1,1,Hydraulic works,Detailed Project Pricing (GGDE),Hydraulic works,Hydraulic works - chapter 67
4661.2,BUILD 4661.2,Abstract Material,General,,49071.07,49071.07,49071.07,49071.07,1,UGX,49071.18,1.0,1,1,Building works,Detailed Project Pricing (GGDE),Building works,Building works - chapter 48
4661.1,BUI 4661.1,Abstract Material,General,,48424.7,48424.7,48424.7,48424.7,1,UGX,48424.65,1.0,1,1,Building works,Detailed Project Pricing (GGDE),Building works,Building works - chapter 48
228,"Tongue-and-groove strips of oak timber, width from 4 to 7 cm, net thickness per m2 at least 22 mm and length at least 40 cm, origin Slovenia",Material,General,,84466.5,84466.5,84466.5,84466.5,1,UGX,88689.83,1.05,1,1,Building works,Detailed Project Pricing (GGDE),Building works,Building works - chapter 53
488,Colophonium,Material,General,kg,13273.31,13273.31,13273.31,13273.31,1,UGX,7167.59,0.54,1,1,Building works,Detailed Project Pricing (GGDE),Building works,Building works - chapter 51
369.1,200 - 369.11 200 - 369.21 200 - .2 250 - .12 250 - .22 250 - .3 300 - .13 300 - .23 300 - .4 350 - .14 350 - .24 350 - .5 400 - .15 400 - .25 400 - .6 450 - .16 450 - .26 450 - .7 500 - .17 500 - .27 500 - .8 600 - .18 600 - .28 600 - .9 700 - .19 700 - .29 700 - .10 800 - .20 800 - .30 800 - ΥΔΡ 370. SPECIFIC PIECES OF ASBESTOS CEMENT for asbestos cement sewer pipes of the series,Material,General,,0.0,0.0,0.0,0.0,0,UGX,0.0,0.224,1,1,Hydraulic works,Detailed Project Pricing (GGDE),Hydraulic works,Hydraulic works - chapter 67
368.1,200 - 368.11 200 - 368.21 200 - .2 250 - .12 250 - .22 250 - .3 300 - .13 300 - .23 300 - .4 350 - .14 350 - .24 350 - .5 400 - .15 400 - .25 400 - .6 450 - .16 450 - .26 450 - .7 500 - .17 500 - .27 500 - .8 600 - .18 600 - .28 600 - .9 700 - .19 700 - .29 700 - .10 800 - .20 800 - .30 800,Material,General,,0.0,0.0,0.0,0.0,0,UGX,0.0,1.02,1,1,Hydraulic works,Detailed Project Pricing (GGDE),Hydraulic works,Hydraulic works - chapter 67
358,Recessed window stay without handle,Material,General,unit,8056.9,8056.9,8056.9,8056.9,1,UGX,8056.9,1.0,1,1,Building works,Detailed Project Pricing (GGDE),Building works,Building works - chapter 14
7017.5,APPLICATION OF SHOTCRETE OUTSIDE UNDERGROUND WORKS,Abstract Material,General,,81017.17,81017.17,81017.17,81017.17,1,UGX,81017.13,1.0,1,1,Hydraulic works,Detailed Project Pricing (GGDE),Hydraulic works,Hydraulic works - chapter 70
7017.2,APPLICATION OF SHOTCRETE OUTSIDE UNDERGROUND WORKS,Abstract Material,General,,34846.96,34846.96,34846.96,34846.96,1,UGX,34847.02,1.0,1,1,Hydraulic works,Detailed Project Pricing (GGDE),Hydraulic works,Hydraulic works - chapter 70
7017.1,APPLICATION OF SHOTCRETE OUTSIDE UNDERGROUND WORKS,Abstract Material,General,,190200.74,190200.74,190200.74,190200.74,1,UGX,190200.7,1.0,1,1,Hydraulic works,Detailed Project Pricing (GGDE),Hydraulic works,Hydraulic works - chapter 70
7016.7,WAT 7016.7,Abstract Material,General,,188500.53,188500.53,188500.53,188500.53,1,UGX,188500.51,1.0,1,1,Hydraulic works,Detailed Project Pricing (GGDE),Hydraulic works,Hydraulic works - chapter 70
7016.6,WAT 7016.6,Abstract Material,General,,92428.77,92428.77,92428.77,92428.77,1,UGX,92428.8,1.0,1,1,Hydraulic works,Detailed Project Pricing (GGDE),Hydraulic works,Hydraulic works - chapter 70
7016.8,WAT 7016.8,Abstract Material,General,,244488.06,244488.06,244488.06,244488.06,1,UGX,244488.05,1.0,1,1,Hydraulic works,Detailed Project Pricing (GGDE),Hydraulic works,Hydraulic works - chapter 70
357,German cover turner No 12,Material,General,unit,3478.33,3478.33,3478.33,3478.33,1,UGX,13913.32,4.0,1,1,Building works,Detailed Project Pricing (GGDE),Building works,Building works - chapter 14
4612.2,CONSTR 4612.2,Abstract Material,General,,0.0,0.0,0.0,0.0,0,UGX,0.0,1.0,1,1,Building works,Detailed Project Pricing (GGDE),Building works,Building works - chapter 46
4612.1,BUI 4612.1,Abstract Material,General,,0.0,0.0,0.0,0.0,0,UGX,0.0,1.0,1,1,Building works,Detailed Project Pricing (GGDE),Building works,Building works - chapter 46
4602.2,CONSTR 4602.2,Abstract Material,General,,0.0,0.0,0.0,0.0,0,UGX,0.0,1.0,1,1,Building works,Detailed Project Pricing (GGDE),Building works,Building works - chapter 46
4602.1,CONSTR 4602.1,Abstract Material,General,,0.0,0.0,0.0,0.0,0,UGX,0.0,1.0,1,1,Building works,Detailed Project Pricing (GGDE),Building works,Building works - chapter 46
491,Pitch,Material,General,kg,1303.2,1303.2,1303.2,1303.2,1,UGX,1642.03,1.26,1,1,Building works,Detailed Project Pricing (GGDE),Building works,Building works - chapter 51
483,Firewood,Material,General,kg,404.23,404.23,404.23,404.23,1,UGX,727.62,1.8,1,1,Building works,Detailed Project Pricing (GGDE),Building works,Building works - chapter 51
132,"Fireclay brick, dimensions 23 x 11 x 6 cm, of domestic origin",Material,General,unit,2123.73,2123.73,2123.73,2123.73,1,UGX,1316712.09,620.0,1,1,Building works,Detailed Project Pricing (GGDE),Building works,Building works - chapter 48
7016.2,WATER 7016.2,Abstract Material,General,,63142.34,63142.34,63142.34,63142.34,1,UGX,63142.33,1.0,1,1,Hydraulic works,Detailed Project Pricing (GGDE),Hydraulic works,Hydraulic works - chapter 70
7016.3,WAT 7016.3,Abstract Material,General,,54752.81,54752.81,54752.81,54752.81,1,UGX,54752.88,1.0,1,1,Hydraulic works,Detailed Project Pricing (GGDE),Hydraulic works,Hydraulic works - chapter 70
359,Φ3 barge,Equipment,General,H.M,234792.74,234792.74,234792.74,234792.74,1,UGX,234792.74,1.0,1,1,Marine / port works,Detailed Project Pricing (GGDE),Marine / port works,Marine / port works - chapter 50
358,Φ2 barge,Equipment,General,H.M,113257.51,113257.51,113257.51,113257.51,1,UGX,113257.51,1.0,1,1,Marine / port works,Detailed Project Pricing (GGDE),Marine / port works,Marine / port works - chapter 50
357,"from 10 51 Rotary drilling rig with the capability to drill rocky soils with a hole diameter of 146 mm to a depth of 100 m, including",Equipment,General,H.M,562498.63,562498.63,562498.63,562498.63,1,UGX,562498.63,1.0,1,1,Marine / port works,Detailed Project Pricing (GGDE),Marine / port works,Marine / port works - chapter 50
356,"from 10 51 Rotary drilling rig with the capability to drill rocky soils with a hole diameter of 146 mm to a depth of 100 m, including",Equipment,General,H.M,117408.44,117408.44,117408.44,117408.44,1,UGX,117408.44,1.0,1,1,Marine / port works,Detailed Project Pricing (GGDE),Marine / port works,Marine / port works - chapter 50
385,"Irrigation water intakes type ""B"" SCHLUMBERGER or similar",Material,Wood & Timber,,475184.4,475184.4,475184.4,475184.4,1,UGX,475184.4,1.0,1,1,Marine / port works,Detailed Project Pricing (GGDE),Marine / port works,Marine / port works - chapter 50
355,"from 10 51 Rotary drilling rig with the capability to drill rocky soils with a hole diameter of 146 mm to a depth of 100 m, including",Equipment,General,H.M,715407.13,715407.13,715407.13,715407.13,1,UGX,715407.13,1.0,1,1,Marine / port works,Detailed Project Pricing (GGDE),Marine / port works,Marine / port works - chapter 50
354,"from 10 51 Rotary drilling rig with the capability to drill rocky soils with a hole diameter of 146 mm to a depth of 100 m, including",Equipment,General,H.M,1430404.0,1430404.0,1430404.0,1430404.0,1,UGX,1430404.0,1.0,1,1,Marine / port works,Detailed Project Pricing (GGDE),Marine / port works,Marine / port works - chapter 50
353,"from 10 51 Rotary drilling rig with the capability to drill rocky soils with a hole diameter of 146 mm to a depth of 100 m, including",Equipment,General,H.M,1090269.46,1090269.46,1090269.46,1090269.46,1,UGX,1090269.46,1.0,1,1,Marine / port works,Detailed Project Pricing (GGDE),Marine / port works,Marine / port works - chapter 50
352,"from 10 51 Rotary drilling rig with the capability to drill rocky soils with a hole diameter of 146 mm to a depth of 100 m, including",Equipment,General,H.M,925680.45,925680.45,925680.45,925680.45,1,UGX,925680.45,1.0,1,1,Marine / port works,Detailed Project Pricing (GGDE),Marine / port works,Marine / port works - chapter 50
351,"from 10 51 Rotary drilling rig with the capability to drill rocky soils with a hole diameter of 146 mm to a depth of 100 m, including",Equipment,General,H.M,1090269.46,1090269.46,1090269.46,1090269.46,1,UGX,1090269.46,1.0,1,1,Marine / port works,Detailed Project Pricing (GGDE),Marine / port works,Marine / port works - chapter 50
620.1,"High-pressure porcelain toilet bowl, ""European"" (sitting) type",Material,General,unit,176172.99,176172.99,176172.99,176172.99,1,UGX,176172.99,1.0,1,1,Electromechanical works,Detailed Project Pricing (GGDE),Electromechanical works,Electromechanical works - chapter 14
603.3,"Brass gate valve (valve) diameter 1 ins pcs 4,89 605.3.5 Gate valve (valve), wedge, cast iron, for heating installations, nominal pressure 10 atm, diameter 100 mm pcs 136,00 619.2.2 Mixer (battery) hot - cold water on washbasin, diam. 1/2 ins",Material,General,unit,13635.31,13635.31,13635.31,13635.31,1,UGX,14044.37,1.03,1,1,Electromechanical works,Detailed Project Pricing (GGDE),Electromechanical works,Electromechanical works - chapter 11
561,Lead pipe for water conveyance kg 1.90,Material,General,,4899.06,4899.06,4899.06,4899.06,1,UGX,26062.98,5.32,1,1,Electromechanical works,Detailed Project Pricing (GGDE),Electromechanical works,Electromechanical works - chapter 2
647.2,"Plastic toilet bowl seat with white color cover pcs 17,40 660.1.1 Powder fire extinguisher type Ra complete, portable, charge 3 kg",Material,General,unit,45853.24,45853.24,45853.24,45853.24,1,UGX,45853.24,1.0,1,1,Electromechanical works,Detailed Project Pricing (GGDE),Electromechanical works,Electromechanical works - chapter 18
