resource_code,name,type,category,unit,price_avg,price_min,price_max,price_median,price_variants,currency,avg_cost_per_use,avg_qty_per_use,usage_count,used_in_work_items,parent_category,parent_collection,parent_department,parent_section
L.01,Lucrător,Labor,Labor,OH,0.0,0.0,0.0,0.0,0,RON,0.0,0.7496,2750,2739,Water resources works,Analiza Prețului Unitar al Lucrărilor (AHSP) - Hotărârea PUPR 2016,Lucrări de gestionare a resurselor de apă,A.1.1 Lucrări de teren manuale și semi-mecanizate (Normativ)
L.04,Mandor Echipament (A+B+C),Labor,Labor,OH,0.0,0.0,0.0,0.0,0,RON,0.0,0.0614,2685,2685,Water resources works,Analiza Prețului Unitar al Lucrărilor (AHSP) - Hotărârea PUPR 2016,Lucrări de gestionare a resurselor de apă,A.1.1 Lucrări de teren manuale și semi-mecanizate (Normativ)
L.02,Tâmplar,Labor,Labor,OH,0.0,0.0,0.0,0.0,0,RON,0.0,0.6428,2301,2260,Water resources works,Analiza Prețului Unitar al Lucrărilor (AHSP) - Hotărârea PUPR 2016,Lucrări de gestionare a resurselor de apă,A.1.1 Lucrări de teren manuale și semi-mecanizate (Normativ)
L.03,Șef de echipă,Labor,Labor,OH,0.0,0.0,0.0,0.0,0,RON,0.0,0.1629,1761,1680,Water resources works,Analiza Prețului Unitar al Lucrărilor (AHSP) - Hotărârea PUPR 2016,Lucrări de gestionare a resurselor de apă,A.1.1 Lucrări de teren manuale și semi-mecanizate (Normativ)
Ciment Portland,Ciment Portland,Material,General,Kg,0.0,0.0,0.0,0.0,0,RON,0.0,66.2005,276,276,Building and settlement works,Analiza Prețului Unitar al Lucrărilor (AHSP) - Hotărârea PUPR 2016,Lucrări de construcții și amenajări,A.2.2.1 PREȚUL UNITĂȚII DE LUCRU PREGĂTIRE
Închiriere Tripot/Tackel,Închiriere Tripot/Tackel,Equipment,General,hari,0.0,0.0,0.0,0.0,0,RON,0.0,0.4201,213,213,Building and settlement works,Analiza Prețului Unitar al Lucrărilor (AHSP) - Hotărârea PUPR 2016,Lucrări de construcții și amenajări,A.8.4.1 PREȚUL UNITĂȚII DE LUCRU PENTRU INSTALAREA ȚEVURILOR ÎN AFARA CLĂDIRII
Nisip de așezat,Nisip de așezat,Material,General,m3,0.0,0.0,0.0,0.0,0,RON,0.0,0.1095,97,97,Water resources works,Analiza Prețului Unitar al Lucrărilor (AHSP) - Hotărârea PUPR 2016,Lucrări de gestionare a resurselor de apă,A.2 Lucrări de pereți (Normativ)
Montare și demontare,Montare și demontare,Material,General,m3,0.0,0.0,0.0,0.0,0,RON,0.0,0.0459,83,83,Building and settlement works,Analiza Prețului Unitar al Lucrărilor (AHSP) - Permen PUPR 2022,Lucrări de construcții și amenajări,3.6.1 PERETE DE CĂRĂMIDĂ ROȘIE
Umplere cu nisip,Umplere cu nisip,Material,General,m3,0.0,0.0,0.0,0.0,0,RON,0.0,0.1373,82,82,Building and settlement works,Analiza Prețului Unitar al Lucrărilor (AHSP) - Permen PUPR 2022,Lucrări de construcții și amenajări,8.1 CANAL U-DITCH
nisip beton,nisip beton,Material,General,m3,0.0,0.0,0.0,0.0,0,RON,0.0,374.0967,68,68,Building and settlement works,Analiza Prețului Unitar al Lucrărilor (AHSP) - Hotărârea PUPR 2016,Lucrări de construcții și amenajări,A.2.2.1 PREȚUL UNITĂȚII DE LUCRU PREGĂTIRE
pipelină T2/mecanică cilindru saw,pipelină T2/mecanică cilindru saw,Equipment,General,hari,0.0,0.0,0.0,0.0,0,RON,0.0,0.3783,60,60,Building and settlement works,Analiza Prețului Unitar al Lucrărilor (AHSP) - Hotărârea PUPR 2016,Lucrări de construcții și amenajări,A.8.4.2 PREȚUL UNITĂȚII DE LUCRU PENTRU TĂIEREA ȚEVULUI
Ciment de culoare,Ciment de culoare,Material,General,kg,0.0,0.0,0.0,0.0,0,RON,0.0,1.0252,59,59,Building and settlement works,Analiza Prețului Unitar al Lucrărilor (AHSP) - Permen PUPR 2022,Lucrări de construcții și amenajări,3.1.1 ACOPERIS DINȚATĂ
"Mașină de ridicat cu macarón 3 Ton, 5 Ton *)","Mașină de ridicat cu macarón 3 Ton, 5 Ton *)",Equipment,General,jam,0.0,0.0,0.0,0.0,0,RON,0.0,0.2414,57,57,Building and settlement works,Analiza Prețului Unitar al Lucrărilor (AHSP) - Permen PUPR 2022,Lucrări de construcții și amenajări,8.1 CANAL U-DITCH
M.15,Ciment Portland,Material,Concrete & Cement,kg,0.0,0.0,0.0,0.0,0,RON,0.0,208.9316,56,56,Water resources works,Analiza Prețului Unitar al Lucrărilor (AHSP) - Hotărârea PUPR 2016,Lucrări de gestionare a resurselor de apă,A.2 Lucrări de pereți (Normativ)
Apă,Apă,Material,General,Liter,0.0,0.0,0.0,0.0,0,RON,0.0,163.4264,51,51,Building and settlement works,Analiza Prețului Unitar al Lucrărilor (AHSP) - Hotărârea PUPR 2016,Lucrări de construcții și amenajări,A.4.1.1 PREȚ PE UNITATE DE LUCRU BETON
"Pardoseală de lucru f'c 7,5 MPa","Pardoseală de lucru f'c 7,5 MPa",Material,Rubber,m3,0.0,0.0,0.0,0.0,0,RON,0.0,0.0599,47,47,Building and settlement works,Analiza Prețului Unitar al Lucrărilor (AHSP) - Permen PUPR 2022,Lucrări de construcții și amenajări,8.1 CANAL U-DITCH
Ciment colorat,Ciment colorat,Material,General,Kg,0.0,0.0,0.0,0.0,0,RON,0.0,1.0707,47,47,Building and settlement works,Analiza Prețului Unitar al Lucrărilor (AHSP) - Hotărârea PUPR 2016,Lucrări de construcții și amenajări,A.4.4.3 PREȚUL UNITĂȚII DE LUCRU PENTRU ÎNCHEIETURA PODELELUI ȘI ACOPERIRE
L.15,Șef de echipă,Labor,Labor,OH,0.0,0.0,0.0,0.0,0,RON,0.0,0.0074,43,43,Building and settlement works,Analiza Prețului Unitar al Lucrărilor (AHSP) - Hotărârea PUPR 2016,Lucrări de construcții și amenajări,A.4.5.2. PREȚUL UNITĂȚII DE LUCRU PENTRU ÎNVELIȘUL DE ACOPERIS
L.11,Șef de echipă,Labor,Labor,OH,0.0,0.0,0.0,0.0,0,RON,0.0,0.0148,43,43,Building and settlement works,Analiza Prețului Unitar al Lucrărilor (AHSP) - Hotărârea PUPR 2016,Lucrări de construcții și amenajări,A.4.5.2. PREȚUL UNITĂȚII DE LUCRU PENTRU ÎNVELIȘUL DE ACOPERIS
Nisip de umplutură,Nisip de umplutură,Material,General,m3,0.0,0.0,0.0,0.0,0,RON,0.0,0.1065,42,42,Building and settlement works,Analiza Prețului Unitar al Lucrărilor (AHSP) - Hotărârea PUPR 2016,Lucrări de construcții și amenajări,A.2.3.1 PREȚ PE UNITATE PENTRU LUCRĂRI DE Pământ
Echipament de tăiat țevi T2/mecanic / ferăstrău cilindru,Echipament de tăiat țevi T2/mecanic / ferăstrău cilindru,Equipment,General,Hari,0.0,0.0,0.0,0.0,0,RON,0.0,0.1325,39,39,Building and settlement works,Analiza Prețului Unitar al Lucrărilor (AHSP) - Permen PUPR 2022,Lucrări de construcții și amenajări,9.2 Țeavă galvanizată
Pardoseală de lucru f'c 10 MPa,Pardoseală de lucru f'c 10 MPa,Material,Rubber,m3,0.0,0.0,0.0,0.0,0,RON,0.0,0.0716,35,35,Building and settlement works,Analiza Prețului Unitar al Lucrărilor (AHSP) - Permen PUPR 2022,Lucrări de construcții și amenajări,8.1 CANAL U-DITCH
Cărămidă roșie,Cărămidă roșie,Material,General,Bh,0.0,0.0,0.0,0.0,0,RON,0.0,86.6493,35,35,Building and settlement works,Analiza Prețului Unitar al Lucrărilor (AHSP) - Hotărârea PUPR 2016,Lucrări de construcții și amenajări,A.2.2.1 PREȚUL UNITĂȚII DE LUCRU PREGĂTIRE
L.08,Expert senior (inginerie civilă/hidrologie) Miră măsurare fier/aluminiu,Labor,Labor,OH,0.0,0.0,0.0,0.0,0,RON,0.0,0.3707,34,34,Water resources works,Analiza Prețului Unitar al Lucrărilor (AHSP) - Hotărârea PUPR 2016,Lucrări de gestionare a resurselor de apă,P.13 Lucrări de mal
nisip,nisip,Material,General,m3,0.0,0.0,0.0,0.0,0,RON,0.0,154.5495,30,30,Building and settlement works,Analiza Prețului Unitar al Lucrărilor (AHSP) - Hotărârea PUPR 2016,Lucrări de construcții și amenajări,A.3.2.1 PREȚUL UNITĂȚII DE LUCRU FUNDATIE
M.14.b,Nisip de așezat,Material,General,m3,0.0,0.0,0.0,0.0,0,RON,0.0,0.3089,28,28,Water resources works,Analiza Prețului Unitar al Lucrărilor (AHSP) - Hotărârea PUPR 2016,Lucrări de gestionare a resurselor de apă,5 (K175)
M.14.a,PB / nisip beton,Material,General,kg,0.0,0.0,0.0,0.0,0,RON,0.0,546.1573,28,28,Water resources works,Analiza Prețului Unitar al Lucrărilor (AHSP) - Hotărârea PUPR 2016,Lucrări de gestionare a resurselor de apă,P.13 Lucrări de mal
M.12,Kr / Kiepen,Material,General,kg,0.0,0.0,0.0,0.0,0,RON,0.0,766.4236,28,28,Water resources works,Analiza Prețului Unitar al Lucrărilor (AHSP) - Hotărârea PUPR 2016,Lucrări de gestionare a resurselor de apă,P.13 Lucrări de mal
E.29.b,"Mașină de frezat cu capacitatea de 0,3 1 m3",Equipment,General,Sewa-hari,0.0,0.0,0.0,0.0,0,RON,0.0,0.1318,26,26,Water resources works,Analiza Prețului Unitar al Lucrărilor (AHSP) - Hotărârea PUPR 2016,Lucrări de gestionare a resurselor de apă,A.2 Lucrări de pereți (Normativ)
Izolare,Izolare,Material,General,m,0.0,0.0,0.0,0.0,0,RON,0.0,1.032,25,25,Building and settlement works,Analiza Prețului Unitar al Lucrărilor (AHSP) - Permen PUPR 2022,Lucrări de construcții și amenajări,"L.0 OH m' 1,15"
M.37.a,Kaso 5/7 cm *,Material,General,m3,0.0,0.0,0.0,0.0,0,RON,0.0,0.0077,25,21,Water resources works,Analiza Prețului Unitar al Lucrărilor (AHSP) - Hotărârea PUPR 2016,Lucrări de gestionare a resurselor de apă,1 1PC : 2PB : 3Kr
M.02,Apă,Material,General,Liter,0.0,0.0,0.0,0.0,0,RON,0.0,198.8,25,25,Water resources works,Analiza Prețului Unitar al Lucrărilor (AHSP) - Hotărârea PUPR 2016,Lucrări de gestionare a resurselor de apă,P.13 Lucrări de mal
M.06.a,Piatră / piatră spintecată Fir broboiță ø,Material,General,m3,0.0,0.0,0.0,0.0,0,RON,0.0,2.0982,25,25,Water resources works,Analiza Prețului Unitar al Lucrărilor (AHSP) - Hotărârea PUPR 2016,Lucrări de gestionare a resurselor de apă,P.04 1 m2 Lucrări de tencuială cu mortar de tip PC-PP (1 m2)
M.71.b,Șurub 5 cm și 7 cm,Material,General,kg,0.0,0.0,0.0,0.0,0,RON,0.0,0.304,25,25,Water resources works,Analiza Prețului Unitar al Lucrărilor (AHSP) - Hotărârea PUPR 2016,Lucrări de gestionare a resurselor de apă,A.1.1 Lucrări de teren manuale și semi-mecanizate (Normativ)
M.136b,Combustibil motorină non subsidiat,Material,General,Liter,0.0,0.0,0.0,0.0,0,RON,0.0,1.2892,24,24,Water resources works,Analiza Prețului Unitar al Lucrărilor (AHSP) - Hotărârea PUPR 2016,Lucrări de gestionare a resurselor de apă,5 (K175)
piatră zdrobită,piatră zdrobită,Material,General,m3,0.0,0.0,0.0,0.0,0,RON,0.0,1.0638,24,24,Building and settlement works,Analiza Prețului Unitar al Lucrărilor (AHSP) - Hotărârea PUPR 2016,Lucrări de construcții și amenajări,A.2.2.1 PREȚUL UNITĂȚII DE LUCRU PREGĂTIRE
PP,PP,Material,General,m3,0.0,0.0,0.0,0.0,0,RON,0.0,0.0239,19,19,Building and settlement works,Analiza Prețului Unitar al Lucrărilor (AHSP) - Hotărârea PUPR 2016,Lucrări de construcții și amenajări,A.4.4.2 PREȚUL UNITĂȚII DE LUCRU PELUSTRARE
sol fertil: 75%,sol fertil: 75%,Material,General,m3,0.0,0.0,0.0,0.0,0,RON,0.0,0.0936,18,18,Building and settlement works,Analiza Prețului Unitar al Lucrărilor (AHSP) - Permen PUPR 2022,Lucrări de construcții și amenajări,4.1 LUCRĂRI DE PLANTARE
Apă potabilă,Apă potabilă,Material,General,liter,0.0,0.0,0.0,0.0,0,RON,0.0,6.2222,18,18,Building and settlement works,Analiza Prețului Unitar al Lucrărilor (AHSP) - Permen PUPR 2022,Lucrări de construcții și amenajări,4.1 LUCRĂRI DE PLANTARE
Conductor de priză 20 mm,Conductor de priză 20 mm,Material,General,buah,0.0,0.0,0.0,0.0,0,RON,0.0,11.4444,18,18,Building and settlement works,Analiza Prețului Unitar al Lucrărilor (AHSP) - Permen PUPR 2022,Lucrări de construcții și amenajări,"L.0 OH m' 1,15"
lemn de cofrare,lemn de cofrare,Material,General,Liter,0.0,0.0,0.0,0.0,0,RON,0.0,0.1722,18,18,Building and settlement works,Analiza Prețului Unitar al Lucrărilor (AHSP) - Hotărârea PUPR 2016,Lucrări de construcții și amenajări,A.4.1.1 PREȚ PE UNITATE DE LUCRU BETON
T Dus,T Dus,Material,General,buah,0.0,0.0,0.0,0.0,0,RON,0.0,1.1111,18,18,Building and settlement works,Analiza Prețului Unitar al Lucrărilor (AHSP) - Hotărârea PUPR 2016,Lucrări de construcții și amenajări,A.8.4.6 PREȚ PE UNITATE DE MUNCĂ PENTRU ELECTRICE
"Închiriere excavator cu capacitatea de 0,5 1,0 m3","Închiriere excavator cu capacitatea de 0,5 1,0 m3",Equipment,Excavators,hari,0.0,0.0,0.0,0.0,0,RON,0.0,0.0647,18,18,Building and settlement works,Analiza Prețului Unitar al Lucrărilor (AHSP) - Hotărârea PUPR 2016,Lucrări de construcții și amenajări,A.8.4.1 PREȚUL UNITĂȚII DE LUCRU PENTRU INSTALAREA ȚEVURILOR ÎN AFARA CLĂDIRII
b Pupuk organic: 20% c Nisip/compoziție/,b Pupuk organic: 20% c Nisip/compoziție/,Material,General,m3,0.0,0.0,0.0,0.0,0,RON,0.0,0.025,18,18,Building and settlement works,Analiza Prețului Unitar al Lucrărilor (AHSP) - Permen PUPR 2022,Lucrări de construcții și amenajări,4.1 LUCRĂRI DE PLANTARE
Cuie obișnuite ½”-1”,Cuie obișnuite ½”-1”,Material,General,Kg,0.0,0.0,0.0,0.0,0,RON,0.0,0.0767,18,18,Building and settlement works,Analiza Prețului Unitar al Lucrărilor (AHSP) - Hotărârea PUPR 2016,Lucrări de construcții și amenajări,A.4.5.2. PREȚUL UNITĂȚII DE LUCRU PENTRU ÎNVELIȘUL DE ACOPERIS
Fischer S6 + șurub,Fischer S6 + șurub,Material,General,buah,0.0,0.0,0.0,0.0,0,RON,0.0,31.9412,17,17,Building and settlement works,Analiza Prețului Unitar al Lucrărilor (AHSP) - Permen PUPR 2022,Lucrări de construcții și amenajări,"L.0 OH m' 1,15"
Clame 20 mm,Clame 20 mm,Material,General,buah,0.0,0.0,0.0,0.0,0,RON,0.0,21.2941,17,17,Building and settlement works,Analiza Prețului Unitar al Lucrărilor (AHSP) - Permen PUPR 2022,Lucrări de construcții și amenajări,"L.0 OH m' 1,15"
material de compactare a solului: 5%,material de compactare a solului: 5%,Material,General,m3,0.0,0.0,0.0,0.0,0,RON,0.0,0.0062,17,17,Building and settlement works,Analiza Prețului Unitar al Lucrărilor (AHSP) - Permen PUPR 2022,Lucrări de construcții și amenajări,4.1 LUCRĂRI DE PLANTARE
"Stâlp de foraj, diametru 1 1/4""","Stâlp de foraj, diametru 1 1/4""",Equipment,General,hari,0.0,0.0,0.0,0.0,0,RON,0.0,0.3728,16,16,Building and settlement works,Analiza Prețului Unitar al Lucrărilor (AHSP) - Permen PUPR 2022,Lucrări de construcții și amenajări,2.2.1.8.2 Vibrometru pentru 1 m3 beton (Vezi Regulamentul Ministrului Lucrărilor
Închiriere macarale,Închiriere macarale,Equipment,General,unit hari,0.0,0.0,0.0,0.0,0,RON,0.0,0.5427,16,16,Building and settlement works,Analiza Prețului Unitar al Lucrărilor (AHSP) - Hotărârea PUPR 2016,Lucrări de construcții și amenajări,A.4.1.2 PREȚ PE UNITATE PENTRU LUCRĂRI DE BETON PREMOLDUIT
Rețea de alimentare cu apă și canalizare,Rețea de alimentare cu apă și canalizare,Material,General,Kg,0.0,0.0,0.0,0.0,0,RON,0.0,7.2375,16,16,Building and settlement works,Analiza Prețului Unitar al Lucrărilor (AHSP) - Hotărârea PUPR 2016,Lucrări de construcții și amenajări,A.4.4.2 PREȚUL UNITĂȚII DE LUCRU PELUSTRARE
Lem Kayu,Lem Kayu,Material,General,kg,0.0,0.0,0.0,0.0,0,RON,0.0,0.6038,16,16,Water resources works,Analiza Prețului Unitar al Lucrărilor (AHSP) - Hotărârea PUPR 2016,Lucrări de gestionare a resurselor de apă,4 - - LS
E.14.a,Ciocan pneumatic,Equipment,General,hari,0.0,0.0,0.0,0.0,0,RON,0.0,0.1313,15,15,Water resources works,Analiza Prețului Unitar al Lucrărilor (AHSP) - Hotărârea PUPR 2016,Lucrări de gestionare a resurselor de apă,5 (K175)
Diluant,Diluant,Material,General,Kg,0.0,0.0,0.0,0.0,0,RON,0.0,0.0153,15,15,Building and settlement works,Analiza Prețului Unitar al Lucrărilor (AHSP) - Hotărârea PUPR 2016,Lucrări de construcții și amenajări,A.4.7.1 PREȚUL UNITĂȚII DE LUCRU PENTRU VOPSITORIE
amorsare,amorsare,Material,General,Lbr,0.0,0.0,0.0,0.0,0,RON,0.0,0.8147,15,15,Building and settlement works,Analiza Prețului Unitar al Lucrărilor (AHSP) - Hotărârea PUPR 2016,Lucrări de construcții și amenajări,A.4.7.1 PREȚUL UNITĂȚII DE LUCRU PENTRU VOPSITORIE
Finisare Cat,Finisare Cat,Material,General,Lot,0.0,0.0,0.0,0.0,0,RON,0.0,1.0,15,15,Building and settlement works,Analiza Prețului Unitar al Lucrărilor (AHSP) - Permen PUPR 2022,Lucrări de construcții și amenajări,5.5 LUCRĂRI SISTEM DE CLIMATIZARE
Macara de forat cu crawler 10 + scară 14 tone,Macara de forat cu crawler 10 + scară 14 tone,Equipment,General,jam,0.0,0.0,0.0,0.0,0,RON,0.0,0.0595,15,15,Building and settlement works,Analiza Prețului Unitar al Lucrărilor (AHSP) - Permen PUPR 2022,Lucrări de construcții și amenajări,2.2.1.8.2 Vibrometru pentru 1 m3 beton (Vezi Regulamentul Ministrului Lucrărilor
Conduit flexibil 20 mm,Conduit flexibil 20 mm,Material,General,m,0.0,0.0,0.0,0.0,0,RON,0.0,1.0,15,15,Building and settlement works,Analiza Prețului Unitar al Lucrărilor (AHSP) - Permen PUPR 2022,Lucrări de construcții și amenajări,5.3 LUCRĂRI DE SISTEM DE ILUMINAT
Flinkote,Flinkote,Material,General,Lot,0.0,0.0,0.0,0.0,0,RON,0.0,1.0,15,15,Building and settlement works,Analiza Prețului Unitar al Lucrărilor (AHSP) - Permen PUPR 2022,Lucrări de construcții și amenajări,5.5 LUCRĂRI SISTEM DE CLIMATIZARE
Suport + suport,Suport + suport,Material,General,Lot,0.0,0.0,0.0,0.0,0,RON,0.0,1.0,15,15,Building and settlement works,Analiza Prețului Unitar al Lucrărilor (AHSP) - Permen PUPR 2022,Lucrări de construcții și amenajări,5.5 LUCRĂRI SISTEM DE CLIMATIZARE
Macara mobil ≤ 3 tone,Macara mobil ≤ 3 tone,Equipment,General,hari,0.0,0.0,0.0,0.0,0,RON,0.0,0.4393,14,14,Building and settlement works,Analiza Prețului Unitar al Lucrărilor (AHSP) - Permen PUPR 2022,Lucrări de construcții și amenajări,9.7 ACCESORII PIPĂ
Cuie de fixare 6x23,Cuie de fixare 6x23,Material,General,kg,0.0,0.0,0.0,0.0,0,RON,0.0,0.12,14,14,Building and settlement works,Analiza Prețului Unitar al Lucrărilor (AHSP) - Permen PUPR 2022,Lucrări de construcții și amenajări,3.1.2 ACOPERIS DIN BETON ARMAT CU ȘAPĂ
Lemn de lemn,Lemn de lemn,Material,General,m3,0.0,0.0,0.0,0.0,0,RON,0.0,0.057,14,14,Building and settlement works,Analiza Prețului Unitar al Lucrărilor (AHSP) - Permen PUPR 2022,Lucrări de construcții și amenajări,3.3 LUCRĂRI ADIACENTE PENTRU ACOPERIȘ
Ciment PC,Ciment PC,Material,General,Kg,0.0,0.0,0.0,0.0,0,RON,0.0,17.2584,14,14,Building and settlement works,Analiza Prețului Unitar al Lucrărilor (AHSP) - Hotărârea PUPR 2016,Lucrări de construcții și amenajări,A.2.2.1 PREȚUL UNITĂȚII DE LUCRU PREGĂTIRE
Echipament de tăiere T2/mecanic / ferăstrău cilindru,Echipament de tăiere T2/mecanic / ferăstrău cilindru,Equipment,General,hari,0.0,0.0,0.0,0.0,0,RON,0.0,0.9402,14,14,Building and settlement works,Analiza Prețului Unitar al Lucrărilor (AHSP) - Permen PUPR 2022,Lucrări de construcții și amenajări,9.3 ȚEAVĂ HDPE/PE
Conduit 20 mm,Conduit 20 mm,Material,General,m,0.0,0.0,0.0,0.0,0,RON,0.0,24.5929,14,14,Building and settlement works,Analiza Prețului Unitar al Lucrărilor (AHSP) - Permen PUPR 2022,Lucrări de construcții și amenajări,5.4 LUCRĂRI SISTEM ELECTRONIC
M.129,lemn de cofrare,Material,General,Liter,0.0,0.0,0.0,0.0,0,RON,0.0,0.2071,14,14,Water resources works,Analiza Prețului Unitar al Lucrărilor (AHSP) - Hotărârea PUPR 2016,Lucrări de gestionare a resurselor de apă,1 1PC : 2PB : 3Kr
b Tali ijuk/pengikat sejenisnya 4 Media tanam,b Tali ijuk/pengikat sejenisnya 4 Media tanam,Material,General,m’,0.0,0.0,0.0,0.0,0,RON,0.0,11.7143,14,14,Building and settlement works,Analiza Prețului Unitar al Lucrărilor (AHSP) - Permen PUPR 2022,Lucrări de construcții și amenajări,4.1 LUCRĂRI DE PLANTARE
Anti rayap pada tanah 3 Steger,Anti rayap pada tanah 3 Steger,Material,General,kg,0.0,0.0,0.0,0.0,0,RON,0.0,0.0143,14,14,Building and settlement works,Analiza Prețului Unitar al Lucrărilor (AHSP) - Permen PUPR 2022,Lucrări de construcții și amenajări,4.1 LUCRĂRI DE PLANTARE
Placă de lemn,Placă de lemn,Material,General,m3,0.0,0.0,0.0,0.0,0,RON,0.0,0.0306,13,13,Building and settlement works,Analiza Prețului Unitar al Lucrărilor (AHSP) - Hotărârea PUPR 2016,Lucrări de construcții și amenajări,A.4.6.1 PREȚ PE UNITATE DE MUNCĂ PENTRU LEMN
M.137b,"BBM nesubvenționat 4""",Material,General,Liter,0.0,0.0,0.0,0.0,0,RON,0.0,1.5523,13,13,Water resources works,Analiza Prețului Unitar al Lucrărilor (AHSP) - Hotărârea PUPR 2016,Lucrări de gestionare a resurselor de apă,1 1PC : 2PB : 3Kr
Mașină Molen 1m3,Mașină Molen 1m3,Equipment,General,hari,0.0,0.0,0.0,0.0,0,RON,0.0,0.0714,13,13,Building and settlement works,Analiza Prețului Unitar al Lucrărilor (AHSP) - Permen PUPR 2022,Lucrări de construcții și amenajări,4.1 LUCRĂRI DE PLANTARE
E.24a,1* Încărcător cu roți/Excavator,Equipment,Excavators,jam,0.0,0.0,0.0,0.0,0,RON,0.0,0.1192,13,13,Water resources works,Analiza Prețului Unitar al Lucrărilor (AHSP) - Hotărârea PUPR 2016,Lucrări de gestionare a resurselor de apă,P.13 Lucrări de mal
& handle crane 2 Mobile crane  3,& handle crane 2 Mobile crane  3,Equipment,Cranes,hari,0.0,0.0,0.0,0.0,0,RON,0.0,0.4346,13,13,Building and settlement works,Analiza Prețului Unitar al Lucrărilor (AHSP) - Hotărârea PUPR 2016,Lucrări de construcții și amenajări,A.8.4.3 PREȚUL UNITĂȚII DE LUCRU PENTRU INSTALAREA ACCESORIILOR PE ȚEAVĂ
Material Organic,Material Organic,Material,General,m3,0.0,0.0,0.0,0.0,0,RON,0.0,0.3808,13,13,Building and settlement works,Analiza Prețului Unitar al Lucrărilor (AHSP) - Permen PUPR 2022,Lucrări de construcții și amenajări,4.1 LUCRĂRI DE PLANTARE
"Excavator (Std.); 0,55 m3; 95 HP *)","Excavator (Std.); 0,55 m3; 95 HP *)",Equipment,Excavators,jam,0.0,0.0,0.0,0.0,0,RON,0.0,0.064,12,12,Building and settlement works,Analiza Prețului Unitar al Lucrărilor (AHSP) - Permen PUPR 2022,Lucrări de construcții și amenajări,8.1 CANAL U-DITCH
Montaj tencuială 1 SP : 4 PP grosime 15 mm,Montaj tencuială 1 SP : 4 PP grosime 15 mm,Material,General,m2,0.0,0.0,0.0,0.0,0,RON,0.0,0.0969,12,12,Building and settlement works,Analiza Prețului Unitar al Lucrărilor (AHSP) - Permen PUPR 2022,Lucrări de construcții și amenajări,8.2 CANALE DE ȚEAVĂ PENTRU BETON
Cuie de ancorare 6,Cuie de ancorare 6,Material,General,Kg,0.0,0.0,0.0,0.0,0,RON,0.0,0.12,12,12,Building and settlement works,Analiza Prețului Unitar al Lucrărilor (AHSP) - Hotărârea PUPR 2016,Lucrări de construcții și amenajări,A.4.5.2. PREȚUL UNITĂȚII DE LUCRU PENTRU ÎNVELIȘUL DE ACOPERIS
Nisip Beton,Nisip Beton,Material,General,m3,0.0,0.0,0.0,0.0,0,RON,0.0,272.4979,12,12,Building and settlement works,Analiza Prețului Unitar al Lucrărilor (AHSP) - Hotărârea PUPR 2016,Lucrări de construcții și amenajări,A.4.1.1 PREȚ PE UNITATE DE LUCRU BETON
"Motofieră 20”; 5,5HP","Motofieră 20”; 5,5HP",Equipment,General,hari,0.0,0.0,0.0,0.0,0,RON,0.0,0.2288,12,12,Building and settlement works,Analiza Prețului Unitar al Lucrărilor (AHSP) - Permen PUPR 2022,Lucrări de construcții și amenajări,1.1 LUCRĂRI DE PREGĂTIRE
Chirie generator 5 KW,Chirie generator 5 KW,Equipment,General,hari,0.0,0.0,0.0,0.0,0,RON,0.0,1.3245,12,12,Building and settlement works,Analiza Prețului Unitar al Lucrărilor (AHSP) - Permen PUPR 2022,Lucrări de construcții și amenajări,9.7 ACCESORII PIPĂ
M.138,Stempet,Material,General,kg,0.0,0.0,0.0,0.0,0,RON,0.0,0.0317,12,12,Water resources works,Analiza Prețului Unitar al Lucrărilor (AHSP) - Hotărârea PUPR 2016,Lucrări de gestionare a resurselor de apă,A.6 Lucrări de poartă de apă (Normativ)
inclus materiale auxiliare / accesorii,inclus materiale auxiliare / accesorii,Material,General,Unit,0.0,0.0,0.0,0.0,0,RON,0.0,1.0,12,12,Building and settlement works,Analiza Prețului Unitar al Lucrărilor (AHSP) - Permen PUPR 2022,Lucrări de construcții și amenajări,"L.0 OH m' 1,15"
M.132b,Ulei SAE 20,Material,General,Liter,0.0,0.0,0.0,0.0,0,RON,0.0,0.0225,12,12,Water resources works,Analiza Prețului Unitar al Lucrărilor (AHSP) - Hotărârea PUPR 2016,Lucrări de gestionare a resurselor de apă,A.6 Lucrări de poartă de apă (Normativ)
Asbest gel 92 x,Asbest gel 92 x,Material,General,Lbr,0.0,0.0,0.0,0.0,0,RON,0.0,0.5375,12,12,Building and settlement works,Analiza Prețului Unitar al Lucrărilor (AHSP) - Hotărârea PUPR 2016,Lucrări de construcții și amenajări,A.4.5.2. PREȚUL UNITĂȚII DE LUCRU PENTRU ÎNVELIȘUL DE ACOPERIS
Închiriere generator 1500 watt,Închiriere generator 1500 watt,Equipment,General,hari,0.0,0.0,0.0,0.0,0,RON,0.0,1.3245,12,12,Building and settlement works,Analiza Prețului Unitar al Lucrărilor (AHSP) - Hotărârea PUPR 2016,Lucrări de construcții și amenajări,A.8.4.4 PREȚUL UNITĂȚII DE LUCRU PUNEREA ÎN FUNCȚIUNE A NOII ȚEVI PE ȚEVI EXISTE
Închiriere pompă submersibilă 3m3/h,Închiriere pompă submersibilă 3m3/h,Equipment,General,hari,0.0,0.0,0.0,0.0,0,RON,0.0,2.6042,12,12,Building and settlement works,Analiza Prețului Unitar al Lucrărilor (AHSP) - Hotărârea PUPR 2016,Lucrări de construcții și amenajări,A.8.4.4 PREȚUL UNITĂȚII DE LUCRU PUNEREA ÎN FUNCȚIUNE A NOII ȚEVI PE ȚEVI EXISTE
Lemn de clasa III,Lemn de clasa III,Material,General,m3,0.0,0.0,0.0,0.0,0,RON,0.0,0.025,11,11,Building and settlement works,Analiza Prețului Unitar al Lucrărilor (AHSP) - Hotărârea PUPR 2016,Lucrări de construcții și amenajări,A.4.1.1 PREȚ PE UNITATE DE LUCRU BETON
Închiriere pompă de aspirare Ø 5”,Închiriere pompă de aspirare Ø 5”,Equipment,General,hari,0.0,0.0,0.0,0.0,0,RON,0.0,2.393,11,11,Building and settlement works,Analiza Prețului Unitar al Lucrărilor (AHSP) - Permen PUPR 2022,Lucrări de construcții și amenajări,9.7 ACCESORII PIPĂ
Sârmă de sudură,Sârmă de sudură,Material,General,kg,0.0,0.0,0.0,0.0,0,RON,0.0,0.0504,11,11,Building and settlement works,Analiza Prețului Unitar al Lucrărilor (AHSP) - Permen PUPR 2022,Lucrări de construcții și amenajări,3.5.3 STRUCTURĂ TAVAN (PLAFON)
Silicon 300 ml,Silicon 300 ml,Material,General,tube,0.0,0.0,0.0,0.0,0,RON,0.0,0.0875,11,11,Building and settlement works,Analiza Prețului Unitar al Lucrărilor (AHSP) - Permen PUPR 2022,Lucrări de construcții și amenajări,3.12 LUCRĂRI CU STICLĂ
E.48,Vibrator,Equipment,General,hari,0.0,0.0,0.0,0.0,0,RON,0.0,0.0569,10,10,Water resources works,Analiza Prețului Unitar al Lucrărilor (AHSP) - Hotărârea PUPR 2016,Lucrări de gestionare a resurselor de apă,P.13 Lucrări de mal
Echipament de tăiat țevi,Echipament de tăiat țevi,Equipment,General,Hari,0.0,0.0,0.0,0.0,0,RON,0.0,0.1054,10,10,Building and settlement works,Analiza Prețului Unitar al Lucrărilor (AHSP) - Permen PUPR 2022,Lucrări de construcții și amenajări,9.1 ȚEAVĂ PVC
M.68,"2,7 mm",Material,General,kg,0.0,0.0,0.0,0.0,0,RON,0.0,32.597,10,10,Water resources works,Analiza Prețului Unitar al Lucrărilor (AHSP) - Hotărârea PUPR 2016,Lucrări de gestionare a resurselor de apă,P.04 1 m2 Lucrări de tencuială cu mortar de tip PC-PP (1 m2)
Armătură de beton,Armătură de beton,Material,General,Kg,0.0,0.0,0.0,0.0,0,RON,0.0,0.312,10,10,Building and settlement works,Analiza Prețului Unitar al Lucrărilor (AHSP) - Hotărârea PUPR 2016,Lucrări de construcții și amenajări,A.3.2.1 PREȚUL UNITĂȚII DE LUCRU FUNDATIE
Bandă adezivă,Bandă adezivă,Material,General,Gulung,0.0,0.0,0.0,0.0,0,RON,0.0,0.5,10,10,Building and settlement works,Analiza Prețului Unitar al Lucrărilor (AHSP) - Permen PUPR 2022,Lucrări de construcții și amenajări,5.5 LUCRĂRI SISTEM DE CLIMATIZARE
Test de aer (aer curat),Test de aer (aer curat),Material,General,m3,0.0,0.0,0.0,0.0,0,RON,0.0,0.075,10,10,Building and settlement works,Analiza Prețului Unitar al Lucrărilor (AHSP) - Hotărârea PUPR 2016,Lucrări de construcții și amenajări,A.8.4.5 PREȚUL UNITĂȚII DE LUCRU PENTRU TESTAREA ȚEVIILOR
Combustibil,Combustibil,Material,General,liter,0.0,0.0,0.0,0.0,0,RON,0.0,0.06,10,10,Building and settlement works,Analiza Prețului Unitar al Lucrărilor (AHSP) - Hotărârea PUPR 2016,Lucrări de construcții și amenajări,A.8.4.5 PREȚUL UNITĂȚII DE LUCRU PENTRU TESTAREA ȚEVIILOR
M.55.d,Fier beton ø 12 mm,Material,General,m,0.0,0.0,0.0,0.0,0,RON,0.0,43.677,10,10,Water resources works,Analiza Prețului Unitar al Lucrărilor (AHSP) - Hotărârea PUPR 2016,Lucrări de gestionare a resurselor de apă,P.04 1 m2 Lucrări de tencuială cu mortar de tip PC-PP (1 m2)
Ulei,Ulei,Material,General,liter,0.0,0.0,0.0,0.0,0,RON,0.0,0.002,10,10,Building and settlement works,Analiza Prețului Unitar al Lucrărilor (AHSP) - Hotărârea PUPR 2016,Lucrări de construcții și amenajări,A.8.4.5 PREȚUL UNITĂȚII DE LUCRU PENTRU TESTAREA ȚEVIILOR
M.04.c,Cărămidă roșie,Material,General,buah,0.0,0.0,0.0,0.0,0,RON,0.0,500.0,10,10,Water resources works,Analiza Prețului Unitar al Lucrărilor (AHSP) - Hotărârea PUPR 2016,Lucrări de gestionare a resurselor de apă,A.2 Lucrări de pereți (Normativ)
Lem de lemn,Lem de lemn,Material,General,Kg,0.0,0.0,0.0,0.0,0,RON,0.0,0.596,10,10,Building and settlement works,Analiza Prețului Unitar al Lucrărilor (AHSP) - Hotărârea PUPR 2016,Lucrări de construcții și amenajări,A.4.6.1 PREȚ PE UNITATE DE MUNCĂ PENTRU LEMN
L.05,Tehnician topografic,Labor,Labor,OH,0.0,0.0,0.0,0.0,0,RON,0.0,0.314,10,10,Water resources works,Analiza Prețului Unitar al Lucrărilor (AHSP) - Hotărârea PUPR 2016,Lucrări de gestionare a resurselor de apă,A.1.1 Lucrări de teren manuale și semi-mecanizate (Normativ)
sigilant,sigilant,Material,General,Tube,0.0,0.0,0.0,0.0,0,RON,0.0,0.122,10,10,Building and settlement works,Analiza Prețului Unitar al Lucrărilor (AHSP) - Hotărârea PUPR 2016,Lucrări de construcții și amenajări,A.4.2.1 PREȚ PE UNITATE PENTRU LUCRĂRI DE OȚEL ȘI ALUMINIU
2-1/2“ (65 mm) + Material Bantu,2-1/2“ (65 mm) + Material Bantu,Material,General,Unit,0.0,0.0,0.0,0.0,0,RON,0.0,1.155,10,10,Building and settlement works,Analiza Prețului Unitar al Lucrărilor (AHSP) - Permen PUPR 2022,Lucrări de construcții și amenajări,6.5 ACCESORII ȚEVI
Ciocan cu ciocan de ghidare 2,Ciocan cu ciocan de ghidare 2,Equipment,General,jam,0.0,0.0,0.0,0.0,0,RON,0.0,0.0611,9,9,Building and settlement works,Analiza Prețului Unitar al Lucrărilor (AHSP) - Permen PUPR 2022,Lucrări de construcții și amenajări,2.2.1.8.2 Vibrometru pentru 1 m3 beton (Vezi Regulamentul Ministrului Lucrărilor
Mașină de tăiat țevi T2/Mecanic / Fierăstrău cilindru,Mașină de tăiat țevi T2/Mecanic / Fierăstrău cilindru,Equipment,General,Hari,0.0,0.0,0.0,0.0,0,RON,0.0,0.3258,9,9,Building and settlement works,Analiza Prețului Unitar al Lucrărilor (AHSP) - Permen PUPR 2022,Lucrări de construcții și amenajări,9.4 ȚEAVĂ DCI (FONTĂ DIN FONTĂ DUCTILĂ)
Căprior,Căprior,Material,General,m3,0.0,0.0,0.0,0.0,0,RON,0.0,0.4498,9,9,Building and settlement works,Analiza Prețului Unitar al Lucrărilor (AHSP) - Hotărârea PUPR 2016,Lucrări de construcții și amenajări,A.3.2.1 PREȚUL UNITĂȚII DE LUCRU FUNDATIE
Tripod înalt 5 m,Tripod înalt 5 m,Equipment,General,hari,0.0,0.0,0.0,0.0,0,RON,0.0,0.1481,9,9,Water resources works,Analiza Prețului Unitar al Lucrărilor (AHSP) - Hotărârea PUPR 2016,Lucrări de gestionare a resurselor de apă,A.4 Lucrări de forare manuală (Normativ)
M.05,piatră zdrobită,Material,General,m3,0.0,0.0,0.0,0.0,0,RON,0.0,1.2,9,9,Water resources works,Analiza Prețului Unitar al Lucrărilor (AHSP) - Hotărârea PUPR 2016,Lucrări de gestionare a resurselor de apă,A.2 Lucrări de pereți (Normativ)
"Închiriere excavator tip 225 capacitate 0,5 - 1,0 m3","Închiriere excavator tip 225 capacitate 0,5 - 1,0 m3",Equipment,Excavators,Hari,0.0,0.0,0.0,0.0,0,RON,0.0,0.085,9,9,Building and settlement works,Analiza Prețului Unitar al Lucrărilor (AHSP) - Permen PUPR 2022,Lucrări de construcții și amenajări,9.4 ȚEAVĂ DCI (FONTĂ DIN FONTĂ DUCTILĂ)
To.12,Pensulă 2”- 4”,Material,General,Buah,0.0,0.0,0.0,0.0,0,RON,0.0,0.0182,9,9,Water resources works,Analiza Prețului Unitar al Lucrărilor (AHSP) - Hotărârea PUPR 2016,Lucrări de gestionare a resurselor de apă,A.6 Lucrări de poartă de apă (Normativ)
Grusă (max 30mm),Grusă (max 30mm),Material,General,kg,0.0,0.0,0.0,0.0,0,RON,0.0,711.5608,9,9,Building and settlement works,Analiza Prețului Unitar al Lucrărilor (AHSP) - Hotărârea PUPR 2016,Lucrări de construcții și amenajări,A.4.1.1 PREȚ PE UNITATE DE LUCRU BETON
Cuie 5 cm – 12 cm,Cuie 5 cm – 12 cm,Material,General,kg,0.0,0.0,0.0,0.0,0,RON,0.0,0.2511,9,9,Building and settlement works,Analiza Prețului Unitar al Lucrărilor (AHSP) - Hotărârea PUPR 2016,Lucrări de construcții și amenajări,A.4.1.1 PREȚ PE UNITATE DE LUCRU BETON
pensulă,pensulă,Material,General,buah,0.0,0.0,0.0,0.0,0,RON,0.0,0.01,9,9,Building and settlement works,Analiza Prețului Unitar al Lucrărilor (AHSP) - Hotărârea PUPR 2016,Lucrări de construcții și amenajări,A.4.7.1 PREȚUL UNITĂȚII DE LUCRU PENTRU VOPSITORIE
Fai de ceramică,Fai de ceramică,Material,General,buah,0.0,0.0,0.0,0.0,0,RON,0.0,40.984,9,9,Building and settlement works,Analiza Prețului Unitar al Lucrărilor (AHSP) - Permen PUPR 2022,Lucrări de construcții și amenajări,3.9.7 CERAMICĂ ARTISTICĂ
"Închiriere excavator tip capacitate 0,5 -1,0 m3","Închiriere excavator tip capacitate 0,5 -1,0 m3",Equipment,Excavators,hari,0.0,0.0,0.0,0.0,0,RON,0.0,0.0462,8,8,Building and settlement works,Analiza Prețului Unitar al Lucrărilor (AHSP) - Permen PUPR 2022,Lucrări de construcții și amenajări,9.5 ȚEAVĂ DE OȚEL CARBON
"Camion cu macara 5 Tone, 8 Tone *)","Camion cu macara 5 Tone, 8 Tone *)",Equipment,General,jam,0.0,0.0,0.0,0.0,0,RON,0.0,0.3857,8,8,Building and settlement works,Analiza Prețului Unitar al Lucrărilor (AHSP) - Permen PUPR 2022,Lucrări de construcții și amenajări,8.1 CANAL U-DITCH
Lem,Lem,Material,General,Kg,0.0,0.0,0.0,0.0,0,RON,0.0,0.3475,8,8,Building and settlement works,Analiza Prețului Unitar al Lucrărilor (AHSP) - Hotărârea PUPR 2016,Lucrări de construcții și amenajări,A.4.4.3 PREȚUL UNITĂȚII DE LUCRU PENTRU ÎNCHEIETURA PODELELUI ȘI ACOPERIRE
To.15,keras),Equipment,General,buah,0.0,0.0,0.0,0.0,0,RON,0.0,0.0184,8,5,Water resources works,Analiza Prețului Unitar al Lucrărilor (AHSP) - Hotărârea PUPR 2016,Lucrări de gestionare a resurselor de apă,A.2 Lucrări de pereți (Normativ)
Șurub 7 cm,Șurub 7 cm,Material,General,kg,0.0,0.0,0.0,0.0,0,RON,0.0,0.1309,8,8,Building and settlement works,Analiza Prețului Unitar al Lucrărilor (AHSP) - Permen PUPR 2022,Lucrări de construcții și amenajări,7.2 DRUM DE BETON
a Bambus sau lemn (lungime 5 m’),a Bambus sau lemn (lungime 5 m’),Material,General,batang,0.0,0.0,0.0,0.0,0,RON,0.0,3.0,8,8,Building and settlement works,Analiza Prețului Unitar al Lucrărilor (AHSP) - Permen PUPR 2022,Lucrări de construcții și amenajări,4.1 LUCRĂRI DE PLANTARE
M.69,Wiring de sudură electrică,Material,General,kg,0.0,0.0,0.0,0.0,0,RON,0.0,1.705,8,8,Water resources works,Analiza Prețului Unitar al Lucrărilor (AHSP) - Hotărârea PUPR 2016,Lucrări de gestionare a resurselor de apă,A.4 Lucrări de forare manuală (Normativ)
E.11.b,Excavator (Standard),Equipment,General,jam,0.0,0.0,0.0,0.0,0,RON,0.0,0.0508,8,8,Water resources works,Analiza Prețului Unitar al Lucrărilor (AHSP) - Hotărârea PUPR 2016,Lucrări de gestionare a resurselor de apă,A.1.2 Lucrări de teren mecanizate (Informatív)
E.46.b,Tripod înalt 7 m,Equipment,General,hari,0.0,0.0,0.0,0.0,0,RON,0.0,0.0838,8,8,Water resources works,Analiza Prețului Unitar al Lucrărilor (AHSP) - Hotărârea PUPR 2016,Lucrări de gestionare a resurselor de apă,A.4 Lucrări de forare manuală (Normativ)
"Cuie 1 cm – 2,5 cm","Cuie 1 cm – 2,5 cm",Material,General,kg,0.0,0.0,0.0,0.0,0,RON,0.0,0.0425,8,8,Building and settlement works,Analiza Prețului Unitar al Lucrărilor (AHSP) - Hotărârea PUPR 2016,Lucrări de construcții și amenajări,A.4.2.1 PREȚ PE UNITATE PENTRU LUCRĂRI DE OȚEL ȘI ALUMINIU
cuie 12 cm,cuie 12 cm,Material,General,buah,0.0,0.0,0.0,0.0,0,RON,0.0,4.4288,8,8,Building and settlement works,Analiza Prețului Unitar al Lucrărilor (AHSP) - Hotărârea PUPR 2016,Lucrări de construcții și amenajări,A.4.4.3 PREȚUL UNITĂȚII DE LUCRU PENTRU ÎNCHEIETURA PODELELUI ȘI ACOPERIRE
"cuie cu șurub 3,5”","cuie cu șurub 3,5”",Material,General,buah,0.0,0.0,0.0,0.0,0,RON,0.0,6.0,8,8,Building and settlement works,Analiza Prețului Unitar al Lucrărilor (AHSP) - Hotărârea PUPR 2016,Lucrări de construcții și amenajări,A.4.5.2. PREȚUL UNITĂȚII DE LUCRU PENTRU ÎNVELIȘUL DE ACOPERIS
"Ciocan pneumatic 2,5 KW + generator KW","Ciocan pneumatic 2,5 KW + generator KW",Equipment,General,hari,0.0,0.0,0.0,0.0,0,RON,0.0,0.0558,8,8,Building and settlement works,Analiza Prețului Unitar al Lucrărilor (AHSP) - Permen PUPR 2022,Lucrări de construcții și amenajări,1 m (Consultați Regulamentul Ministrului Lucrărilor Publice și Locuințe)
pipelină T1/manual (ferăstrău) /saw,pipelină T1/manual (ferăstrău) /saw,Equipment,General,hari,0.0,0.0,0.0,0.0,0,RON,0.0,0.0228,8,8,Building and settlement works,Analiza Prețului Unitar al Lucrărilor (AHSP) - Hotărârea PUPR 2016,Lucrări de construcții și amenajări,A.8.4.2 PREȚUL UNITĂȚII DE LUCRU PENTRU TĂIEREA ȚEVULUI
Solar,Solar,Material,General,L,0.0,0.0,0.0,0.0,0,RON,0.0,3.5068,8,8,Building and settlement works,Analiza Prețului Unitar al Lucrărilor (AHSP) - Hotărârea PUPR 2016,Lucrări de construcții și amenajări,A.4.1.2 PREȚ PE UNITATE PENTRU LUCRĂRI DE BETON PREMOLDUIT
M.35.e,Papan 2/20,Material,General,m3,0.0,0.0,0.0,0.0,0,RON,0.0,0.0116,7,7,Water resources works,Analiza Prețului Unitar al Lucrărilor (AHSP) - Hotărârea PUPR 2016,Lucrări de gestionare a resurselor de apă,A.1.1 Lucrări de teren manuale și semi-mecanizate (Normativ)
Echipamente,Echipamente,Equipment,General,%,0.0,0.0,0.0,0.0,0,RON,0.0,10.0,7,7,Building and settlement works,Analiza Prețului Unitar al Lucrărilor (AHSP) - Hotărârea PUPR 2016,Lucrări de construcții și amenajări,A.4.2.1 PREȚ PE UNITATE PENTRU LUCRĂRI DE OȚEL ȘI ALUMINIU
Lemn de cadru 5/7 clasă,Lemn de cadru 5/7 clasă,Material,General,m3,0.0,0.0,0.0,0.0,0,RON,0.0,0.0288,7,7,Building and settlement works,Analiza Prețului Unitar al Lucrărilor (AHSP) - Permen PUPR 2022,Lucrări de construcții și amenajări,7.2 DRUM DE BETON
Vopsea de acoperire,Vopsea de acoperire,Material,General,kg,0.0,0.0,0.0,0.0,0,RON,0.0,0.3329,7,7,Building and settlement works,Analiza Prețului Unitar al Lucrărilor (AHSP) - Permen PUPR 2022,Lucrări de construcții și amenajări,3.8 LUCRĂRI DE VOPSIT ȘI PELICULIT
Buloane de ancorare diametrul 8,Buloane de ancorare diametrul 8,Material,General,kg,0.0,0.0,0.0,0.0,0,RON,0.0,0.28,7,7,Building and settlement works,Analiza Prețului Unitar al Lucrărilor (AHSP) - Permen PUPR 2022,Lucrări de construcții și amenajări,3.6.2 PERETE DE BLOCURI DE CONCRET
Dia. 6“ (150 mm) + Material Bantu,Dia. 6“ (150 mm) + Material Bantu,Material,General,Unit,0.0,0.0,0.0,0.0,0,RON,0.0,1.2929,7,7,Building and settlement works,Analiza Prețului Unitar al Lucrărilor (AHSP) - Permen PUPR 2022,Lucrări de construcții și amenajări,6.5 ACCESORII ȚEVI
Mașină de sudură geotextil,Mașină de sudură geotextil,Equipment,General,hari,0.0,0.0,0.0,0.0,0,RON,0.0,0.0024,7,7,Building and settlement works,Analiza Prețului Unitar al Lucrărilor (AHSP) - Permen PUPR 2022,Lucrări de construcții și amenajări,1.5 LUCRĂRI DE GEOTEKSTIL ȘI GEOMEMBRANĂ
Beton armat,Beton armat,Material,General,m3,0.0,0.0,0.0,0.0,0,RON,0.0,0.061,7,7,Building and settlement works,Analiza Prețului Unitar al Lucrărilor (AHSP) - Hotărârea PUPR 2016,Lucrări de construcții și amenajări,A.2.2.1 PREȚUL UNITĂȚII DE LUCRU PREGĂTIRE
agregat grosier,agregat grosier,Material,General,kg,0.0,0.0,0.0,0.0,0,RON,0.0,727.0,7,7,Building and settlement works,Analiza Prețului Unitar al Lucrărilor (AHSP) - Permen PUPR 2022,Lucrări de construcții și amenajări,2.2.1.8.2 Vibrometru pentru 1 m3 beton (Vezi Regulamentul Ministrului Lucrărilor
ciment Portland,ciment Portland,Material,General,Kg,0.0,0.0,0.0,0.0,0,RON,0.0,79.5429,7,7,Building and settlement works,Analiza Prețului Unitar al Lucrărilor (AHSP) - Hotărârea PUPR 2016,Lucrări de construcții și amenajări,A.2.2.1 PREȚUL UNITĂȚII DE LUCRU PREGĂTIRE
M.54.g,Profil oțel L.40.40.4,Material,General,m,0.0,0.0,0.0,0.0,0,RON,0.0,5.0943,7,7,Water resources works,Analiza Prețului Unitar al Lucrărilor (AHSP) - Hotărârea PUPR 2016,Lucrări de gestionare a resurselor de apă,P.04 1 m2 Lucrări de tencuială cu mortar de tip PC-PP (1 m2)
Vopsea de bază,Vopsea de bază,Material,General,kg,0.0,0.0,0.0,0.0,0,RON,0.0,0.1557,7,7,Building and settlement works,Analiza Prețului Unitar al Lucrărilor (AHSP) - Permen PUPR 2022,Lucrări de construcții și amenajări,3.8 LUCRĂRI DE VOPSIT ȘI PELICULIT
M.132c,Oli SAE 90,Material,General,Liter,0.0,0.0,0.0,0.0,0,RON,0.0,0.0643,7,7,Water resources works,Analiza Prețului Unitar al Lucrărilor (AHSP) - Hotărârea PUPR 2016,Lucrări de gestionare a resurselor de apă,A.6 Lucrări de poartă de apă (Normativ)
Închiriere macarale cu capacitatea de 1 tonă,Închiriere macarale cu capacitatea de 1 tonă,Equipment,General,jam,0.0,0.0,0.0,0.0,0,RON,0.0,0.5171,7,7,Building and settlement works,Analiza Prețului Unitar al Lucrărilor (AHSP) - Permen PUPR 2022,Lucrări de construcții și amenajări,4.1 LUCRĂRI DE PLANTARE
E.22,Lumină electrică 250 A diesel,Equipment,General,hari,0.0,0.0,0.0,0.0,0,RON,0.0,0.4461,7,7,Water resources works,Analiza Prețului Unitar al Lucrărilor (AHSP) - Hotărârea PUPR 2016,Lucrări de gestionare a resurselor de apă,A.4 Lucrări de forare manuală (Normativ)
Faiant ceramic,Faiant ceramic,Material,General,Bh,0.0,0.0,0.0,0.0,0,RON,0.0,29.5743,7,7,Building and settlement works,Analiza Prețului Unitar al Lucrărilor (AHSP) - Hotărârea PUPR 2016,Lucrări de construcții și amenajări,A.4.4.3 PREȚUL UNITĂȚII DE LUCRU PENTRU ÎNCHEIETURA PODELELUI ȘI ACOPERIRE
Chimie Water Truck*),Chimie Water Truck*),Equipment,Trucks,hari,0.0,0.0,0.0,0.0,0,RON,0.0,0.0005,7,7,Building and settlement works,Analiza Prețului Unitar al Lucrărilor (AHSP) - Permen PUPR 2022,Lucrări de construcții și amenajări,4.1 LUCRĂRI DE PLANTARE
M.71.c,Cuie 7 cm - 12 cm,Material,General,kg,0.0,0.0,0.0,0.0,0,RON,0.0,0.6386,7,7,Water resources works,Analiza Prețului Unitar al Lucrărilor (AHSP) - Hotărârea PUPR 2016,Lucrări de gestionare a resurselor de apă,5 (K175)
cuie 10 cm,cuie 10 cm,Material,General,Kg,0.0,0.0,0.0,0.0,0,RON,0.0,0.5017,6,6,Building and settlement works,Analiza Prețului Unitar al Lucrărilor (AHSP) - Hotărârea PUPR 2016,Lucrări de construcții și amenajări,A.4.6.1 PREȚ PE UNITATE DE MUNCĂ PENTRU LEMN
Lasdop,Lasdop,Material,General,buah,0.0,0.0,0.0,0.0,0,RON,0.0,4.0,6,6,Building and settlement works,Analiza Prețului Unitar al Lucrărilor (AHSP) - Permen PUPR 2022,Lucrări de construcții și amenajări,"L.0 OH m' 1,15"
Închiriere suport țeavă,Închiriere suport țeavă,Equipment,General,buah,0.0,0.0,0.0,0.0,0,RON,0.0,1.4667,6,6,Building and settlement works,Analiza Prețului Unitar al Lucrărilor (AHSP) - Hotărârea PUPR 2016,Lucrări de construcții și amenajări,A.4.1.2 PREȚ PE UNITATE PENTRU LUCRĂRI DE BETON PREMOLDUIT
Anorganik**) 7 Apă,Anorganik**) 7 Apă,Material,General,kg liter,0.0,0.0,0.0,0.0,0,RON,0.0,5.6,6,6,Building and settlement works,Analiza Prețului Unitar al Lucrărilor (AHSP) - Permen PUPR 2022,Lucrări de construcții și amenajări,4.1 LUCRĂRI DE PLANTARE
Gazon*) 4 Mulș,Gazon*) 4 Mulș,Material,General,kg kg,0.0,0.0,0.0,0.0,0,RON,0.0,0.3,6,6,Building and settlement works,Analiza Prețului Unitar al Lucrărilor (AHSP) - Permen PUPR 2022,Lucrări de construcții și amenajări,4.1 LUCRĂRI DE PLANTARE
Dia. 3“ (80 mm) + Material Bantu,Dia. 3“ (80 mm) + Material Bantu,Material,General,Unit,0.0,0.0,0.0,0.0,0,RON,0.0,1.2917,6,6,Building and settlement works,Analiza Prețului Unitar al Lucrărilor (AHSP) - Permen PUPR 2022,Lucrări de construcții și amenajări,6.5 ACCESORII ȚEVI
cuie obișnuite,cuie obișnuite,Material,General,Kg,0.0,0.0,0.0,0.0,0,RON,0.0,0.2567,6,6,Building and settlement works,Analiza Prețului Unitar al Lucrărilor (AHSP) - Hotărârea PUPR 2016,Lucrări de construcții și amenajări,A.2.2.1 PREȚUL UNITĂȚII DE LUCRU PREGĂTIRE
Fier de armare din sârmă beton,Fier de armare din sârmă beton,Material,General,kg,0.0,0.0,0.0,0.0,0,RON,0.0,0.016,6,6,Building and settlement works,Analiza Prețului Unitar al Lucrărilor (AHSP) - Permen PUPR 2022,Lucrări de construcții și amenajări,2.2 LUCRĂRI DE STRUCTURĂ BETON
"0,35 m3 echipat cu alimentator automat","0,35 m3 echipat cu alimentator automat",Equipment,General,hari,0.0,0.0,0.0,0.0,0,RON,0.0,0.1475,6,6,Building and settlement works,Analiza Prețului Unitar al Lucrărilor (AHSP) - Permen PUPR 2022,Lucrări de construcții și amenajări,2.2 LUCRĂRI DE STRUCTURĂ BETON
Cuie 5 – 10 cm,Cuie 5 – 10 cm,Material,General,kg,0.0,0.0,0.0,0.0,0,RON,0.0,0.35,6,6,Building and settlement works,Analiza Prețului Unitar al Lucrărilor (AHSP) - Hotărârea PUPR 2016,Lucrări de construcții și amenajări,A.4.1.1 PREȚ PE UNITATE DE LUCRU BETON
Multiplek 12 mm,Multiplek 12 mm,Material,General,lembar,0.0,0.0,0.0,0.0,0,RON,0.0,0.2546,6,6,Building and settlement works,Analiza Prețului Unitar al Lucrărilor (AHSP) - Permen PUPR 2022,Lucrări de construcții și amenajări,7.2 DRUM DE BETON
E.28,Mașină de tuns iarba,Equipment,General,hari,0.0,0.0,0.0,0.0,0,RON,0.0,0.0119,6,6,Water resources works,Analiza Prețului Unitar al Lucrărilor (AHSP) - Hotărârea PUPR 2016,Lucrări de gestionare a resurselor de apă,P.04 1 m2 Lucrări de tencuială cu mortar de tip PC-PP (1 m2)
(100 mm) + Material Bantu,(100 mm) + Material Bantu,Material,General,Unit,0.0,0.0,0.0,0.0,0,RON,0.0,1.225,6,6,Building and settlement works,Analiza Prețului Unitar al Lucrărilor (AHSP) - Permen PUPR 2022,Lucrări de construcții și amenajări,6.5 ACCESORII ȚEVI
"Dia. 8"" (200 mm) + Material Auxiliar","Dia. 8"" (200 mm) + Material Auxiliar",Material,General,Unit,0.0,0.0,0.0,0.0,0,RON,0.0,1.3083,6,6,Building and settlement works,Analiza Prețului Unitar al Lucrărilor (AHSP) - Permen PUPR 2022,Lucrări de construcții și amenajări,6.5 ACCESORII ȚEVI
1-1/2“ (40 mm) + Material Bantu,1-1/2“ (40 mm) + Material Bantu,Material,General,Unit,0.0,0.0,0.0,0.0,0,RON,0.0,1.15,6,6,Building and settlement works,Analiza Prețului Unitar al Lucrărilor (AHSP) - Permen PUPR 2022,Lucrări de construcții și amenajări,6.5 ACCESORII ȚEVI
(50 mm) + Material Bantu,(50 mm) + Material Bantu,Material,General,Unit,0.0,0.0,0.0,0.0,0,RON,0.0,1.1417,6,6,Building and settlement works,Analiza Prețului Unitar al Lucrărilor (AHSP) - Permen PUPR 2022,Lucrări de construcții și amenajări,6.5 ACCESORII ȚEVI
Geotextil (> 100 400 g/m2),Geotextil (> 100 400 g/m2),Material,General,m2,0.0,0.0,0.0,0.0,0,RON,0.0,1.2,6,6,Building and settlement works,Analiza Prețului Unitar al Lucrărilor (AHSP) - Permen PUPR 2022,Lucrări de construcții și amenajări,1.5 LUCRĂRI DE GEOTEKSTIL ȘI GEOMEMBRANĂ
Nisip de umplere *),Nisip de umplere *),Material,General,m3,0.0,0.0,0.0,0.0,0,RON,0.0,0.432,6,6,Building and settlement works,Analiza Prețului Unitar al Lucrărilor (AHSP) - Permen PUPR 2022,Lucrări de construcții și amenajări,2.6 LUCRĂRI DE STRUCTURĂ DIN LEMN
Piatră de 12-25 cm,Piatră de 12-25 cm,Material,General,m3,0.0,0.0,0.0,0.0,0,RON,0.0,1.3,6,6,Building and settlement works,Analiza Prețului Unitar al Lucrărilor (AHSP) - Permen PUPR 2022,Lucrări de construcții și amenajări,2.6 LUCRĂRI DE STRUCTURĂ DIN LEMN
Grinzi de lemn clasa II,Grinzi de lemn clasa II,Material,General,m3,0.0,0.0,0.0,0.0,0,RON,0.0,0.0076,6,6,Building and settlement works,Analiza Prețului Unitar al Lucrărilor (AHSP) - Hotărârea PUPR 2016,Lucrări de construcții și amenajări,A.4.1.1 PREȚ PE UNITATE DE LUCRU BETON
Dia. 4“ (100 mm) + Material Bantu,Dia. 4“ (100 mm) + Material Bantu,Material,General,Unit,0.0,0.0,0.0,0.0,0,RON,0.0,1.2917,6,6,Building and settlement works,Analiza Prețului Unitar al Lucrărilor (AHSP) - Permen PUPR 2022,Lucrări de construcții și amenajări,6.5 ACCESORII ȚEVI
L.09,Asistent operator macarale,Labor,Labor,OH,0.0,0.0,0.0,0.0,0,RON,0.0,0.0447,6,6,Building and settlement works,Analiza Prețului Unitar al Lucrărilor (AHSP) - Hotărârea PUPR 2016,Lucrări de construcții și amenajări,A.4.1.2 PREȚ PE UNITATE PENTRU LUCRĂRI DE BETON PREMOLDUIT
Dia. 2-1/2“ (65 mm) + Material Bantu,Dia. 2-1/2“ (65 mm) + Material Bantu,Material,General,Unit,0.0,0.0,0.0,0.0,0,RON,0.0,1.1667,6,6,Building and settlement works,Analiza Prețului Unitar al Lucrărilor (AHSP) - Permen PUPR 2022,Lucrări de construcții și amenajări,6.5 ACCESORII ȚEVI
Dia. 2“ (50 mm) + Material Bantu,Dia. 2“ (50 mm) + Material Bantu,Material,General,Unit,0.0,0.0,0.0,0.0,0,RON,0.0,1.15,6,6,Building and settlement works,Analiza Prețului Unitar al Lucrărilor (AHSP) - Permen PUPR 2022,Lucrări de construcții și amenajări,6.5 ACCESORII ȚEVI
Pantof frânare ø,Pantof frânare ø,Material,General,buah,0.0,0.0,0.0,0.0,0,RON,0.0,0.1667,6,6,Building and settlement works,Analiza Prețului Unitar al Lucrărilor (AHSP) - Permen PUPR 2022,Lucrări de construcții și amenajări,2.2.1.8.2 Vibrometru pentru 1 m3 beton (Vezi Regulamentul Ministrului Lucrărilor
& handle crane 2,& handle crane 2,Equipment,Cranes,hari,0.0,0.0,0.0,0.0,0,RON,0.0,0.1588,6,6,Building and settlement works,Analiza Prețului Unitar al Lucrărilor (AHSP) - Hotărârea PUPR 2016,Lucrări de construcții și amenajări,A.8.4.1 PREȚUL UNITĂȚII DE LUCRU PENTRU INSTALAREA ȚEVURILOR ÎN AFARA CLĂDIRII
"Sekrup 3,5”","Sekrup 3,5”",Material,General,buah,0.0,0.0,0.0,0.0,0,RON,0.0,6.0,6,6,Building and settlement works,Analiza Prețului Unitar al Lucrărilor (AHSP) - Permen PUPR 2022,Lucrări de construcții și amenajări,3.1.2 ACOPERIS DIN BETON ARMAT CU ȘAPĂ
Cuie pentru tripleks,Cuie pentru tripleks,Material,General,kg,0.0,0.0,0.0,0.0,0,RON,0.0,0.0333,6,6,Building and settlement works,Analiza Prețului Unitar al Lucrărilor (AHSP) - Hotărârea PUPR 2016,Lucrări de construcții și amenajări,A.4.5.1 UNITATE DE LUCRU TAVAN (PLAFON)
Grinzi de lemn,Grinzi de lemn,Material,General,m3,0.0,0.0,0.0,0.0,0,RON,0.0,0.9547,6,6,Building and settlement works,Analiza Prețului Unitar al Lucrărilor (AHSP) - Hotărârea PUPR 2016,Lucrări de construcții și amenajări,A.4.6.1 PREȚ PE UNITATE DE MUNCĂ PENTRU LEMN
cuie,cuie,Material,General,kg,0.0,0.0,0.0,0.0,0,RON,0.0,0.134,6,6,Building and settlement works,Analiza Prețului Unitar al Lucrărilor (AHSP) - Hotărârea PUPR 2016,Lucrări de construcții și amenajări,A.4.5.1 UNITATE DE LUCRU TAVAN (PLAFON)
Cuie (5 s.d.7) cm,Cuie (5 s.d.7) cm,Material,General,kg,0.0,0.0,0.0,0.0,0,RON,0.0,0.1187,6,6,Building and settlement works,Analiza Prețului Unitar al Lucrărilor (AHSP) - Hotărârea PUPR 2016,Lucrări de construcții și amenajări,A.4.1.2 PREȚ PE UNITATE PENTRU LUCRĂRI DE BETON PREMOLDUIT
Grund de vopsea,Grund de vopsea,Material,General,Kg,0.0,0.0,0.0,0.0,0,RON,0.0,0.1617,6,6,Building and settlement works,Analiza Prețului Unitar al Lucrărilor (AHSP) - Hotărârea PUPR 2016,Lucrări de construcții și amenajări,A.4.7.1 PREȚUL UNITĂȚII DE LUCRU PENTRU VOPSITORIE
M.137.b,Combustibil motorină non subsidiat,Material,General,Liter,0.0,0.0,0.0,0.0,0,RON,0.0,0.132,5,5,Water resources works,Analiza Prețului Unitar al Lucrărilor (AHSP) - Hotărârea PUPR 2016,Lucrări de gestionare a resurselor de apă,A.4 Lucrări de forare manuală (Normativ)
Besi strip,Besi strip,Material,General,Kg,0.0,0.0,0.0,0.0,0,RON,0.0,3.1754,5,5,Building and settlement works,Analiza Prețului Unitar al Lucrărilor (AHSP) - Hotărârea PUPR 2016,Lucrări de construcții și amenajări,A.2.2.1 PREȚUL UNITĂȚII DE LUCRU PREGĂTIRE
Apă betoniera/mixer beton,Apă betoniera/mixer beton,Material,General,liter,0.0,0.0,0.0,0.0,0,RON,0.0,203.6,5,5,Building and settlement works,Analiza Prețului Unitar al Lucrărilor (AHSP) - Permen PUPR 2022,Lucrări de construcții și amenajări,2.2 LUCRĂRI DE STRUCTURĂ BETON
"Mixer/Betonieră 0,35 m3","Mixer/Betonieră 0,35 m3",Equipment,General,hari,0.0,0.0,0.0,0.0,0,RON,0.0,0.1475,5,5,Building and settlement works,Analiza Prețului Unitar al Lucrărilor (AHSP) - Permen PUPR 2022,Lucrări de construcții și amenajări,2.2 LUCRĂRI DE STRUCTURĂ BETON
Tablă ondulată Zinc,Tablă ondulată Zinc,Material,General,Lbr,0.0,0.0,0.0,0.0,0,RON,0.0,1.4026,5,5,Building and settlement works,Analiza Prețului Unitar al Lucrărilor (AHSP) - Hotărârea PUPR 2016,Lucrări de construcții și amenajări,A.2.2.1 PREȚUL UNITĂȚII DE LUCRU PREGĂTIRE
"0,35 m3 + conductor Material","0,35 m3 + conductor Material",Equipment,General,hari,0.0,0.0,0.0,0.0,0,RON,0.0,0.0443,5,5,Building and settlement works,Analiza Prețului Unitar al Lucrărilor (AHSP) - Permen PUPR 2022,Lucrări de construcții și amenajări,2.2.1.8.2 Vibrometru pentru 1 m3 beton (Vezi Regulamentul Ministrului Lucrărilor
M.113.b,subsidi,Material,General,Liter,0.0,0.0,0.0,0.0,0,RON,0.0,0.0147,5,5,Water resources works,Analiza Prețului Unitar al Lucrărilor (AHSP) - Hotărârea PUPR 2016,Lucrări de gestionare a resurselor de apă,P.04 1 m2 Lucrări de tencuială cu mortar de tip PC-PP (1 m2)
Mașină de aspirat nămol cu capacitatea de 3 m3,Mașină de aspirat nămol cu capacitatea de 3 m3,Equipment,General,jam,0.0,0.0,0.0,0.0,0,RON,0.0,0.5489,5,5,Building and settlement works,Analiza Prețului Unitar al Lucrărilor (AHSP) - Permen PUPR 2022,Lucrări de construcții și amenajări,1.4 LUCRĂRI DE TRANSPORT AL MATERIALELOR ȘI/SAU ALE PRODUSELOR DE EXCAVARE
Camion cu platformă plată ton,Camion cu platformă plată ton,Equipment,General,hari,0.0,0.0,0.0,0.0,0,RON,0.0,0.0001,5,5,Building and settlement works,Analiza Prețului Unitar al Lucrărilor (AHSP) - Permen PUPR 2022,Lucrări de construcții și amenajări,1.5 LUCRĂRI DE GEOTEKSTIL ȘI GEOMEMBRANĂ
"10"" (250 mm) + material auxiliar","10"" (250 mm) + material auxiliar",Material,General,Unit,0.0,0.0,0.0,0.0,0,RON,0.0,1.3,5,5,Building and settlement works,Analiza Prețului Unitar al Lucrărilor (AHSP) - Permen PUPR 2022,Lucrări de construcții și amenajări,6.5 ACCESORII ȚEVI
Ancoră fier diametru 8,Ancoră fier diametru 8,Material,General,Kg,0.0,0.0,0.0,0.0,0,RON,0.0,0.28,5,5,Building and settlement works,Analiza Prețului Unitar al Lucrărilor (AHSP) - Hotărârea PUPR 2016,Lucrări de construcții și amenajări,A.4.4.1 PREȚUL UNITĂȚII DE LUCRU PENTRU ÎNĂLȚAREA PERETILOR
Bentonite,Bentonite,Material,General,kg,0.0,0.0,0.0,0.0,0,RON,0.0,0.0914,5,5,Building and settlement works,Analiza Prețului Unitar al Lucrărilor (AHSP) - Permen PUPR 2022,Lucrări de construcții și amenajări,1.5 LUCRĂRI DE GEOTEKSTIL ȘI GEOMEMBRANĂ
Nisip zidărie Malaxor/Betonieră,Nisip zidărie Malaxor/Betonieră,Material,General,m3,0.0,0.0,0.0,0.0,0,RON,0.0,0.51,5,5,Building and settlement works,Analiza Prețului Unitar al Lucrărilor (AHSP) - Permen PUPR 2022,Lucrări de construcții și amenajări,2.2.1.8.2 Vibrometru pentru 1 m3 beton (Vezi Regulamentul Ministrului Lucrărilor
To.16,solid) daltă beton (oțel,Equipment,General,buah,0.0,0.0,0.0,0.0,0,RON,0.0,0.0076,5,5,Water resources works,Analiza Prețului Unitar al Lucrărilor (AHSP) - Hotărârea PUPR 2016,Lucrări de gestionare a resurselor de apă,A.2 Lucrări de pereți (Normativ)
"1/2"" (15 mm) + Material Auxiliar","1/2"" (15 mm) + Material Auxiliar",Material,General,Unit,0.0,0.0,0.0,0.0,0,RON,0.0,1.15,5,5,Building and settlement works,Analiza Prețului Unitar al Lucrărilor (AHSP) - Permen PUPR 2022,Lucrări de construcții și amenajări,6.5 ACCESORII ȚEVI
"1-1/4"" (32 mm) + Material auxiliar","1-1/4"" (32 mm) + Material auxiliar",Material,General,Unit,0.0,0.0,0.0,0.0,0,RON,0.0,1.15,5,5,Building and settlement works,Analiza Prețului Unitar al Lucrărilor (AHSP) - Permen PUPR 2022,Lucrări de construcții și amenajări,6.5 ACCESORII ȚEVI
BjTP sau BjTS *),BjTP sau BjTS *),Material,General,kg,0.0,0.0,0.0,0.0,0,RON,0.0,1.026,5,5,Building and settlement works,Analiza Prețului Unitar al Lucrărilor (AHSP) - Permen PUPR 2022,Lucrări de construcții și amenajări,2.2 LUCRĂRI DE STRUCTURĂ BETON
Kayu,Kayu,Material,General,m3,0.0,0.0,0.0,0.0,0,RON,0.0,0.2064,5,5,Building and settlement works,Analiza Prețului Unitar al Lucrărilor (AHSP) - Hotărârea PUPR 2016,Lucrări de construcții și amenajări,A.2.2.1 PREȚUL UNITĂȚII DE LUCRU PREGĂTIRE
Nok patent 92 cm,Nok patent 92 cm,Material,General,Lbr,0.0,0.0,0.0,0.0,0,RON,0.0,1.16,5,5,Building and settlement works,Analiza Prețului Unitar al Lucrărilor (AHSP) - Hotărârea PUPR 2016,Lucrări de construcții și amenajări,A.4.5.2. PREȚUL UNITĂȚII DE LUCRU PENTRU ÎNVELIȘUL DE ACOPERIS
placaj grosime 12,placaj grosime 12,Material,General,lembar,0.0,0.0,0.0,0.0,0,RON,0.0,0.127,5,5,Building and settlement works,Analiza Prețului Unitar al Lucrărilor (AHSP) - Permen PUPR 2022,Lucrări de construcții și amenajări,2.2 LUCRĂRI DE STRUCTURĂ BETON
Instrument de puncție + ciocan 2 tone,Instrument de puncție + ciocan 2 tone,Equipment,General,Sewa-hari,0.0,0.0,0.0,0.0,0,RON,0.0,0.1666,5,5,Water resources works,Analiza Prețului Unitar al Lucrărilor (AHSP) - Hotărârea PUPR 2016,Lucrări de gestionare a resurselor de apă,A.4 Lucrări de forare manuală (Normativ)
M.39.d,Multiflex 18 mm *,Material,General,Lembar,0.0,0.0,0.0,0.0,0,RON,0.0,0.128,5,5,Water resources works,Analiza Prețului Unitar al Lucrărilor (AHSP) - Hotărârea PUPR 2016,Lucrări de gestionare a resurselor de apă,1 1PC : 2PB : 3Kr
E.46.a,Tripod înalt 5 m,Equipment,General,hari,0.0,0.0,0.0,0.0,0,RON,0.0,0.111,5,5,Water resources works,Analiza Prețului Unitar al Lucrărilor (AHSP) - Hotărârea PUPR 2016,Lucrări de gestionare a resurselor de apă,A.4 Lucrări de forare manuală (Normativ)
Lem Karet,Lem Karet,Material,General,kg,0.0,0.0,0.0,0.0,0,RON,0.0,0.276,5,5,Building and settlement works,Analiza Prețului Unitar al Lucrărilor (AHSP) - Permen PUPR 2022,Lucrări de construcții și amenajări,3.9.9 ACOPERIRE PODEA ALTE
Îngrășământ organic 6 Îngrășământ,Îngrășământ organic 6 Îngrășământ,Material,General,kg,0.0,0.0,0.0,0.0,0,RON,0.0,0.84,5,5,Building and settlement works,Analiza Prețului Unitar al Lucrărilor (AHSP) - Permen PUPR 2022,Lucrări de construcții și amenajări,4.1 LUCRĂRI DE PLANTARE
KP,KP,Material,General,m3,0.0,0.0,0.0,0.0,0,RON,0.0,0.0066,5,5,Building and settlement works,Analiza Prețului Unitar al Lucrărilor (AHSP) - Hotărârea PUPR 2016,Lucrări de construcții și amenajări,A.4.4.2 PREȚUL UNITĂȚII DE LUCRU PELUSTRARE
"lemn căprior 5/7 (lărgime 5 cm, înălțime 7 cm)","lemn căprior 5/7 (lărgime 5 cm, înălțime 7 cm)",Material,General,m3,0.0,0.0,0.0,0.0,0,RON,0.0,0.0076,5,5,Building and settlement works,Analiza Prețului Unitar al Lucrărilor (AHSP) - Hotărârea PUPR 2016,Lucrări de construcții și amenajări,A.4.1.2 PREȚ PE UNITATE PENTRU LUCRĂRI DE BETON PREMOLDUIT
mm2 + PVC Conduit HI 20 mm2 și accesorii,mm2 + PVC Conduit HI 20 mm2 și accesorii,Material,General,m',0.0,0.0,0.0,0.0,0,RON,0.0,1.15,5,5,Building and settlement works,Analiza Prețului Unitar al Lucrărilor (AHSP) - Permen PUPR 2022,Lucrări de construcții și amenajări,5.1 LUCRĂRI SISTEM DISTRIBUȚIE REȚEA ELECTRICĂ
Supapă Test Dren,Supapă Test Dren,Material,General,buah,0.0,0.0,0.0,0.0,0,RON,0.0,2.0,5,5,Building and settlement works,Analiza Prețului Unitar al Lucrărilor (AHSP) - Permen PUPR 2022,Lucrări de construcții și amenajări,5.6 LUCRĂRI SISTEM PROTECȚIE INCENDIU
Batu Belah,Batu Belah,Material,General,m3,0.0,0.0,0.0,0.0,0,RON,0.0,0.4752,5,5,Building and settlement works,Analiza Prețului Unitar al Lucrărilor (AHSP) - Permen PUPR 2022,Lucrări de construcții și amenajări,2.2.1.8.2 Vibrometru pentru 1 m3 beton (Vezi Regulamentul Ministrului Lucrărilor
Seng pelat,Seng pelat,Material,General,Lbr,0.0,0.0,0.0,0.0,0,RON,0.0,0.57,5,5,Building and settlement works,Analiza Prețului Unitar al Lucrărilor (AHSP) - Hotărârea PUPR 2016,Lucrări de construcții și amenajări,A.2.2.1 PREȚUL UNITĂȚII DE LUCRU PREGĂTIRE
Șurub 5 cm și 7 cm,Șurub 5 cm și 7 cm,Material,General,kg,0.0,0.0,0.0,0.0,0,RON,0.0,0.08,5,5,Building and settlement works,Analiza Prețului Unitar al Lucrărilor (AHSP) - Permen PUPR 2022,Lucrări de construcții și amenajări,3.3 LUCRĂRI ADIACENTE PENTRU ACOPERIȘ
Sârmă Sudare Electrică,Sârmă Sudare Electrică,Material,General,kg,0.0,0.0,0.0,0.0,0,RON,0.0,0.5039,5,5,Building and settlement works,Analiza Prețului Unitar al Lucrărilor (AHSP) - Permen PUPR 2022,Lucrări de construcții și amenajări,2.2.1.8.2 Vibrometru pentru 1 m3 beton (Vezi Regulamentul Ministrului Lucrărilor
Sigh Glass,Sigh Glass,Material,Glass,buah,0.0,0.0,0.0,0.0,0,RON,0.0,1.0,5,5,Building and settlement works,Analiza Prețului Unitar al Lucrărilor (AHSP) - Permen PUPR 2022,Lucrări de construcții și amenajări,5.6 LUCRĂRI SISTEM PROTECȚIE INCENDIU
Cuplare 1 set,Cuplare 1 set,Material,General,Set,0.0,0.0,0.0,0.0,0,RON,0.0,1.0,5,5,Building and settlement works,Analiza Prețului Unitar al Lucrărilor (AHSP) - Permen PUPR 2022,Lucrări de construcții și amenajări,5.6 LUCRĂRI SISTEM PROTECȚIE INCENDIU
Tablă lemn clasa,Tablă lemn clasa,Material,General,M3,0.0,0.0,0.0,0.0,0,RON,0.0,0.0101,5,5,Building and settlement works,Analiza Prețului Unitar al Lucrărilor (AHSP) - Hotărârea PUPR 2016,Lucrări de construcții și amenajări,A.4.4.3 PREȚUL UNITĂȚII DE LUCRU PENTRU ÎNCHEIETURA PODELELUI ȘI ACOPERIRE
"3/4"" (20 mm) + Material auxiliar","3/4"" (20 mm) + Material auxiliar",Material,General,Unit,0.0,0.0,0.0,0.0,0,RON,0.0,1.15,5,5,Building and settlement works,Analiza Prețului Unitar al Lucrărilor (AHSP) - Permen PUPR 2022,Lucrări de construcții și amenajări,6.5 ACCESORII ȚEVI
(80 mm) + material auxiliar,(80 mm) + material auxiliar,Material,General,Unit,0.0,0.0,0.0,0.0,0,RON,0.0,1.21,5,5,Building and settlement works,Analiza Prețului Unitar al Lucrărilor (AHSP) - Permen PUPR 2022,Lucrări de construcții și amenajări,6.5 ACCESORII ȚEVI
"12"" (300 mm) + Material auxiliar","12"" (300 mm) + Material auxiliar",Material,General,Unit,0.0,0.0,0.0,0.0,0,RON,0.0,1.3,5,5,Building and settlement works,Analiza Prețului Unitar al Lucrărilor (AHSP) - Permen PUPR 2022,Lucrări de construcții și amenajări,6.5 ACCESORII ȚEVI
"NYM 3 x 2,5 mm² și accesorii","NYM 3 x 2,5 mm² și accesorii",Material,General,m',0.0,0.0,0.0,0.0,0,RON,0.0,13.8,5,5,Building and settlement works,Analiza Prețului Unitar al Lucrărilor (AHSP) - Permen PUPR 2022,Lucrări de construcții și amenajări,5.1 LUCRĂRI SISTEM DISTRIBUȚIE REȚEA ELECTRICĂ
Cat penutup,Cat penutup,Material,Fasteners,Kg,0.0,0.0,0.0,0.0,0,RON,0.0,0.226,5,5,Building and settlement works,Analiza Prețului Unitar al Lucrărilor (AHSP) - Hotărârea PUPR 2016,Lucrări de construcții și amenajări,A.4.7.1 PREȚUL UNITĂȚII DE LUCRU PENTRU VOPSITORIE
M.60,Kawat Ikat,Material,General,kg,0.0,0.0,0.0,0.0,0,RON,0.0,0.11,5,5,Water resources works,Analiza Prețului Unitar al Lucrărilor (AHSP) - Hotărârea PUPR 2016,Lucrări de gestionare a resurselor de apă,1 1PC : 2PB : 3Kr
E.09.a,Platformă de foraj + echipamente (A+B+C),Equipment,General,m,0.0,0.0,0.0,0.0,0,RON,0.0,0.1152,5,5,Water resources works,Analiza Prețului Unitar al Lucrărilor (AHSP) - Hotărârea PUPR 2016,Lucrări de gestionare a resurselor de apă,A.7 Lucrări de apă subterană (Informatív)
Kwas,Kwas,Material,General,buah,0.0,0.0,0.0,0.0,0,RON,0.0,0.01,5,5,Building and settlement works,Analiza Prețului Unitar al Lucrărilor (AHSP) - Hotărârea PUPR 2016,Lucrări de construcții și amenajări,A.4.7.1 PREȚUL UNITĂȚII DE LUCRU PENTRU VOPSITORIE
Pengelasan,Pengelasan,Material,General,cm,0.0,0.0,0.0,0.0,0,RON,0.0,19.276,5,5,Building and settlement works,Analiza Prețului Unitar al Lucrărilor (AHSP) - Hotărârea PUPR 2016,Lucrări de construcții și amenajări,A.4.2.1 PREȚ PE UNITATE PENTRU LUCRĂRI DE OȚEL ȘI ALUMINIU
Tub HI 20 mm,Tub HI 20 mm,Material,General,m,0.0,0.0,0.0,0.0,0,RON,0.0,11.55,4,4,Building and settlement works,Analiza Prețului Unitar al Lucrărilor (AHSP) - Permen PUPR 2022,Lucrări de construcții și amenajări,"L.0 OH m' 1,15"
Elbow,Elbow,Material,General,buah,0.0,0.0,0.0,0.0,0,RON,0.0,4.0,4,4,Building and settlement works,Analiza Prețului Unitar al Lucrărilor (AHSP) - Permen PUPR 2022,Lucrări de construcții și amenajări,"L.0 OH m' 1,15"
"Cablu NYA 2 x 1,5 mm2","Cablu NYA 2 x 1,5 mm2",Material,General,m,0.0,0.0,0.0,0.0,0,RON,0.0,18.7,4,4,Building and settlement works,Analiza Prețului Unitar al Lucrărilor (AHSP) - Permen PUPR 2022,Lucrări de construcții și amenajări,5.4 LUCRĂRI SISTEM ELECTRONIC
Baterie Nicad și accesorii,Baterie Nicad și accesorii,Material,General,buah,0.0,0.0,0.0,0.0,0,RON,0.0,1.1,4,4,Building and settlement works,Analiza Prețului Unitar al Lucrărilor (AHSP) - Permen PUPR 2022,Lucrări de construcții și amenajări,5.3 LUCRĂRI DE SISTEM DE ILUMINAT
Închiriere macarale Tripot/Tackel&handle 2 T,Închiriere macarale Tripot/Tackel&handle 2 T,Equipment,General,hari,0.0,0.0,0.0,0.0,0,RON,0.0,0.7928,4,4,Building and settlement works,Analiza Prețului Unitar al Lucrărilor (AHSP) - Permen PUPR 2022,Lucrări de construcții și amenajări,9.7 ACCESORII PIPĂ
Paku 5 – 7 cm,Paku 5 – 7 cm,Material,General,Kg,0.0,0.0,0.0,0.0,0,RON,0.0,0.05,4,4,Building and settlement works,Analiza Prețului Unitar al Lucrărilor (AHSP) - Hotărârea PUPR 2016,Lucrări de construcții și amenajări,A.4.6.1 PREȚ PE UNITATE DE MUNCĂ PENTRU LEMN
E.50,Nivel de apă,Equipment,General,hari,0.0,0.0,0.0,0.0,0,RON,0.0,0.0049,4,4,Water resources works,Analiza Prețului Unitar al Lucrărilor (AHSP) - Hotărârea PUPR 2016,Lucrări de gestionare a resurselor de apă,A.1.1 Lucrări de teren manuale și semi-mecanizate (Normativ)
E.01.b,"Aparat de batere + Ciocan 2 1,0 tonă",Equipment,General,Sewa-hari,0.0,0.0,0.0,0.0,0,RON,0.0,0.0762,4,4,Water resources works,Analiza Prețului Unitar al Lucrărilor (AHSP) - Hotărârea PUPR 2016,Lucrări de gestionare a resurselor de apă,A.4 Lucrări de forare manuală (Normativ)
plantă copac mare,plantă copac mare,Material,General,buah,0.0,0.0,0.0,0.0,0,RON,0.0,1.05,4,4,Building and settlement works,Analiza Prețului Unitar al Lucrărilor (AHSP) - Permen PUPR 2022,Lucrări de construcții și amenajări,4.1 LUCRĂRI DE PLANTARE
Racord E27 și accesorii,Racord E27 și accesorii,Material,General,buah,0.0,0.0,0.0,0.0,0,RON,0.0,1.1,4,4,Building and settlement works,Analiza Prețului Unitar al Lucrărilor (AHSP) - Permen PUPR 2022,Lucrări de construcții și amenajări,5.3 LUCRĂRI DE SISTEM DE ILUMINAT
Protecție termite pe sol 3 Mediu plantare,Protecție termite pe sol 3 Mediu plantare,Material,General,kg,0.0,0.0,0.0,0.0,0,RON,0.0,0.01,4,4,Building and settlement works,Analiza Prețului Unitar al Lucrărilor (AHSP) - Permen PUPR 2022,Lucrări de construcții și amenajări,4.1 LUCRĂRI DE PLANTARE
Plantă palmeă mare,Plantă palmeă mare,Material,General,buah,0.0,0.0,0.0,0.0,0,RON,0.0,1.05,4,4,Building and settlement works,Analiza Prețului Unitar al Lucrărilor (AHSP) - Permen PUPR 2022,Lucrări de construcții și amenajări,4.1 LUCRĂRI DE PLANTARE
Placaj grosime 4 mm mărime (90x220) cm,Placaj grosime 4 mm mărime (90x220) cm,Material,General,lembar,0.0,0.0,0.0,0.0,0,RON,0.0,1.0,4,4,Building and settlement works,Analiza Prețului Unitar al Lucrărilor (AHSP) - Permen PUPR 2022,Lucrări de construcții și amenajări,3.11.1 UȘĂ
E.37.b,Ponton 2,Equipment,General,jam,0.0,0.0,0.0,0.0,0,RON,0.0,2.3889,4,4,Water resources works,Analiza Prețului Unitar al Lucrărilor (AHSP) - Hotărârea PUPR 2016,Lucrări de gestionare a resurselor de apă,A.1.2 Lucrări de teren mecanizate (Informatív)
"Pompa de aspirare a nisipului, diesel 7,5 KW; 5""","Pompa de aspirare a nisipului, diesel 7,5 KW; 5""",Equipment,General,hari,0.0,0.0,0.0,0.0,0,RON,0.0,0.0472,4,4,Building and settlement works,Analiza Prețului Unitar al Lucrărilor (AHSP) - Permen PUPR 2022,Lucrări de construcții și amenajări,2.000 m3 (Consultați Regulamentul Ministrului Lucrărilor Publice și Locuinței So
"1,5 kW + Genset KWH","1,5 kW + Genset KWH",Equipment,General,hari,0.0,0.0,0.0,0.0,0,RON,0.0,0.0362,4,4,Building and settlement works,Analiza Prețului Unitar al Lucrărilor (AHSP) - Permen PUPR 2022,Lucrări de construcții și amenajări,2.000 m3 (Consultați Regulamentul Ministrului Lucrărilor Publice și Locuinței So
E.46,Trepied/Tăclu&mânere 1,Equipment,General,sewa-,0.0,0.0,0.0,0.0,0,RON,0.0,0.02,4,4,Water resources works,Analiza Prețului Unitar al Lucrărilor (AHSP) - Hotărârea PUPR 2016,Lucrări de gestionare a resurselor de apă,5 (K175)
Sulfur,Sulfur,Material,General,kg,0.0,0.0,0.0,0.0,0,RON,0.0,0.15,4,4,Building and settlement works,Analiza Prețului Unitar al Lucrărilor (AHSP) - Permen PUPR 2022,Lucrări de construcții și amenajări,4.1 LUCRĂRI DE PLANTARE
Pasir,Pasir,Material,General,m3,0.0,0.0,0.0,0.0,0,RON,0.0,0.15,4,4,Building and settlement works,Analiza Prețului Unitar al Lucrărilor (AHSP) - Permen PUPR 2022,Lucrări de construcții și amenajări,4.1 LUCRĂRI DE PLANTARE
"Dia. 1-1/4"" ; (32 mm) + fitting & accesorii","Dia. 1-1/4"" ; (32 mm) + fitting & accesorii",Material,Pipes & Fittings,m',0.0,0.0,0.0,0.0,0,RON,0.0,1.6,4,4,Building and settlement works,Analiza Prețului Unitar al Lucrărilor (AHSP) - Permen PUPR 2022,Lucrări de construcții și amenajări,6.4 SISTEM DE INSTALARE A ȚEVILOR ÎN CLĂDIRE
Foraj: Auger ∅ 20 cm,Foraj: Auger ∅ 20 cm,Equipment,General,hari,0.0,0.0,0.0,0.0,0,RON,0.0,0.1219,4,4,Building and settlement works,Analiza Prețului Unitar al Lucrărilor (AHSP) - Permen PUPR 2022,Lucrări de construcții și amenajări,2.2.1.8.2 Vibrometru pentru 1 m3 beton (Vezi Regulamentul Ministrului Lucrărilor
Ciocan cu tambur pentru excavare,Ciocan cu tambur pentru excavare,Equipment,General,jam,0.0,0.0,0.0,0.0,0,RON,0.0,0.0494,4,4,Building and settlement works,Analiza Prețului Unitar al Lucrărilor (AHSP) - Permen PUPR 2022,Lucrări de construcții și amenajări,2.2.1.8.2 Vibrometru pentru 1 m3 beton (Vezi Regulamentul Ministrului Lucrărilor
Cadru metal gol 40.40,Cadru metal gol 40.40,Material,Steel & Metal,m’,0.0,0.0,0.0,0.0,0,RON,0.0,4.0,4,4,Building and settlement works,Analiza Prețului Unitar al Lucrărilor (AHSP) - Permen PUPR 2022,Lucrări de construcții și amenajări,3.5.3 STRUCTURĂ TAVAN (PLAFON)
"Dia. 1/2"" (15 mm) Material auxiliar","Dia. 1/2"" (15 mm) Material auxiliar",Material,General,Unit,0.0,0.0,0.0,0.0,0,RON,0.0,1.15,4,4,Building and settlement works,Analiza Prețului Unitar al Lucrărilor (AHSP) - Permen PUPR 2022,Lucrări de construcții și amenajări,6.5 ACCESORII ȚEVI
Grindă lemn clasă,Grindă lemn clasă,Material,General,m3,0.0,0.0,0.0,0.0,0,RON,0.0,0.0158,4,4,Building and settlement works,Analiza Prețului Unitar al Lucrărilor (AHSP) - Hotărârea PUPR 2016,Lucrări de construcții și amenajări,A.4.1.1 PREȚ PE UNITATE DE LUCRU BETON
P.02c,4ps (*,Material,General,m3,0.0,0.0,0.0,0.0,0,RON,0.0,0.2278,4,4,Water resources works,Analiza Prețului Unitar al Lucrărilor (AHSP) - Hotărârea PUPR 2016,Lucrări de gestionare a resurselor de apă,P.13 Lucrări de mal
Pasir Urug,Pasir Urug,Material,General,m3,0.0,0.0,0.0,0.0,0,RON,0.0,0.0295,4,4,Building and settlement works,Analiza Prețului Unitar al Lucrărilor (AHSP) - Permen PUPR 2022,Lucrări de construcții și amenajări,6.4 SISTEM DE INSTALARE A ȚEVILOR ÎN CLĂDIRE
Palisadă lemn 8-10/400 cm,Palisadă lemn 8-10/400 cm,Material,General,Batang,0.0,0.0,0.0,0.0,0,RON,0.0,1.625,4,4,Building and settlement works,Analiza Prețului Unitar al Lucrărilor (AHSP) - Hotărârea PUPR 2016,Lucrări de construcții și amenajări,A.2.2.1 PREȚUL UNITĂȚII DE LUCRU PREGĂTIRE
"Dia. 5"" (125 mm) + Material Auxiliar","Dia. 5"" (125 mm) + Material Auxiliar",Material,General,Unit,0.0,0.0,0.0,0.0,0,RON,0.0,1.3,4,4,Building and settlement works,Analiza Prețului Unitar al Lucrărilor (AHSP) - Permen PUPR 2022,Lucrări de construcții și amenajări,6.5 ACCESORII ȚEVI
KR (maxim 30 mm),KR (maxim 30 mm),Material,General,kg,0.0,0.0,0.0,0.0,0,RON,0.0,115.7625,4,4,Building and settlement works,Analiza Prețului Unitar al Lucrărilor (AHSP) - Permen PUPR 2022,Lucrări de construcții și amenajări,2.4 LUCRĂRI DE STRUCTURĂ DIN BETON PREMOLDUIT
Cărămidă Cocos,Cărămidă Cocos,Material,General,buah,0.0,0.0,0.0,0.0,0,RON,0.0,33.9075,4,4,Building and settlement works,Analiza Prețului Unitar al Lucrărilor (AHSP) - Permen PUPR 2022,Lucrări de construcții și amenajări,3.6.3 PERETE ROSTER
Sârmă Bronjong ø 4 mm,Sârmă Bronjong ø 4 mm,Material,General,kg,0.0,0.0,0.0,0.0,0,RON,0.0,14.35,4,4,Building and settlement works,Analiza Prețului Unitar al Lucrărilor (AHSP) - Permen PUPR 2022,Lucrări de construcții și amenajări,2.6 LUCRĂRI DE STRUCTURĂ DIN LEMN
Gresie artistică,Gresie artistică,Material,General,buah,0.0,0.0,0.0,0.0,0,RON,0.0,59.625,4,4,Building and settlement works,Analiza Prețului Unitar al Lucrărilor (AHSP) - Hotărârea PUPR 2016,Lucrări de construcții și amenajări,A.4.4.3 PREȚUL UNITĂȚII DE LUCRU PENTRU ÎNCHEIETURA PODELELUI ȘI ACOPERIRE
(150 mm) + Material auxiliar,(150 mm) + Material auxiliar,Material,General,Bh,0.0,0.0,0.0,0.0,0,RON,0.0,1.2375,4,4,Building and settlement works,Analiza Prețului Unitar al Lucrărilor (AHSP) - Permen PUPR 2022,Lucrări de construcții și amenajări,6.5 ACCESORII ȚEVI
"Dia. 1"" (25 mm) + Material Ajutor","Dia. 1"" (25 mm) + Material Ajutor",Material,General,Unit,0.0,0.0,0.0,0.0,0,RON,0.0,1.15,4,4,Building and settlement works,Analiza Prețului Unitar al Lucrărilor (AHSP) - Permen PUPR 2022,Lucrări de construcții și amenajări,6.5 ACCESORII ȚEVI
"Dia. 1-1/2"" ; (40 mm) + fitinguri & accesorii","Dia. 1-1/2"" ; (40 mm) + fitinguri & accesorii",Material,General,m',0.0,0.0,0.0,0.0,0,RON,0.0,1.6,4,4,Building and settlement works,Analiza Prețului Unitar al Lucrărilor (AHSP) - Permen PUPR 2022,Lucrări de construcții și amenajări,6.4 SISTEM DE INSTALARE A ȚEVILOR ÎN CLĂDIRE
a Bambus sau lemn (lungime 2 m'),a Bambus sau lemn (lungime 2 m'),Material,General,batang,0.0,0.0,0.0,0.0,0,RON,0.0,3.75,4,4,Building and settlement works,Analiza Prețului Unitar al Lucrărilor (AHSP) - Permen PUPR 2022,Lucrări de construcții și amenajări,4.1 LUCRĂRI DE PLANTARE
Vynil,Vynil,Material,General,buah,0.0,0.0,0.0,0.0,0,RON,0.0,7.15,4,4,Building and settlement works,Analiza Prețului Unitar al Lucrărilor (AHSP) - Hotărârea PUPR 2016,Lucrări de construcții și amenajări,A.4.4.3 PREȚUL UNITĂȚII DE LUCRU PENTRU ÎNCHEIETURA PODELELUI ȘI ACOPERIRE
Pensulă 2”- 4”,Pensulă 2”- 4”,Material,General,Buah,0.0,0.0,0.0,0.0,0,RON,0.0,0.0222,4,4,Water resources works,Analiza Prețului Unitar al Lucrărilor (AHSP) - Hotărârea PUPR 2016,Lucrări de gestionare a resurselor de apă,A.6 Lucrări de poartă de apă (Normativ)
căpriori 5 x 7cm,căpriori 5 x 7cm,Material,General,m3,0.0,0.0,0.0,0.0,0,RON,0.0,0.0149,4,4,Building and settlement works,Analiza Prețului Unitar al Lucrărilor (AHSP) - Hotărârea PUPR 2016,Lucrări de construcții și amenajări,A.4.6.1 PREȚ PE UNITATE DE MUNCĂ PENTRU LEMN
Soclu gresie,Soclu gresie,Material,General,buah,0.0,0.0,0.0,0.0,0,RON,0.0,3.2812,4,4,Building and settlement works,Analiza Prețului Unitar al Lucrărilor (AHSP) - Permen PUPR 2022,Lucrări de construcții și amenajări,3.9.8 CERAMICĂ
Margine rapă culoare,Margine rapă culoare,Material,General,buah,0.0,0.0,0.0,0.0,0,RON,0.0,3.2812,4,4,Building and settlement works,Analiza Prețului Unitar al Lucrărilor (AHSP) - Permen PUPR 2022,Lucrări de construcții și amenajări,3.9.2 UBIN COLORAT
Oțel Armare,Oțel Armare,Material,General,kg,0.0,0.0,0.0,0.0,0,RON,0.0,47.2625,4,4,Building and settlement works,Analiza Prețului Unitar al Lucrărilor (AHSP) - Permen PUPR 2022,Lucrări de construcții și amenajări,3.18.5 BĂC AIR
Alang-alang,Alang-alang,Material,General,Ikat,0.0,0.0,0.0,0.0,0,RON,0.0,0.25,4,4,Building and settlement works,Analiza Prețului Unitar al Lucrărilor (AHSP) - Hotărârea PUPR 2016,Lucrări de construcții și amenajări,A.4.7.1 PREȚUL UNITĂȚII DE LUCRU PENTRU VOPSITORIE
Plintă faianță PC Gri-Gri,Plintă faianță PC Gri-Gri,Material,General,buah,0.0,0.0,0.0,0.0,0,RON,0.0,3.2812,4,4,Building and settlement works,Analiza Prețului Unitar al Lucrărilor (AHSP) - Permen PUPR 2022,Lucrări de construcții și amenajări,3.9.1 UBIN PC
Ubin Warna,Ubin Warna,Material,General,buah,0.0,0.0,0.0,0.0,0,RON,0.0,11.8492,4,4,Building and settlement works,Analiza Prețului Unitar al Lucrărilor (AHSP) - Permen PUPR 2022,Lucrări de construcții și amenajări,3.9.2 UBIN COLORAT
Gresie PC gri,Gresie PC gri,Material,General,buah,0.0,0.0,0.0,0.0,0,RON,0.0,11.8492,4,4,Building and settlement works,Analiza Prețului Unitar al Lucrărilor (AHSP) - Permen PUPR 2022,Lucrări de construcții și amenajări,3.9.1 UBIN PC
"Amestec beton, fc' > 1 MPa Armătură practică 120","Amestec beton, fc' > 1 MPa Armătură practică 120",Material,General,m3,0.0,0.0,0.0,0.0,0,RON,0.0,0.2838,4,4,Water resources works,Analiza Prețului Unitar al Lucrărilor (AHSP) - Hotărârea PUPR 2016,Lucrări de gestionare a resurselor de apă,P.13 Lucrări de mal
"dia. 2-1/2"" ; (65 mm) + cuplare & accesorii","dia. 2-1/2"" ; (65 mm) + cuplare & accesorii",Material,General,m',0.0,0.0,0.0,0.0,0,RON,0.0,1.6,4,4,Building and settlement works,Analiza Prețului Unitar al Lucrărilor (AHSP) - Permen PUPR 2022,Lucrări de construcții și amenajări,6.4 SISTEM DE INSTALARE A ȚEVILOR ÎN CLĂDIRE
Watt 2.100 Lumen (Grindă) și accesorii,Watt 2.100 Lumen (Grindă) și accesorii,Material,General,buah,0.0,0.0,0.0,0.0,0,RON,0.0,1.1,4,4,Building and settlement works,Analiza Prețului Unitar al Lucrărilor (AHSP) - Permen PUPR 2022,Lucrări de construcții și amenajări,5.3 LUCRĂRI DE SISTEM DE ILUMINAT
Baja Profil,Baja Profil,Material,General,kg,0.0,0.0,0.0,0.0,0,RON,0.0,30.7842,4,4,Building and settlement works,Analiza Prețului Unitar al Lucrărilor (AHSP) - Permen PUPR 2022,Lucrări de construcții și amenajări,2.3 LUCRĂRI STRUCTURĂ DIN OȚEL
"2"" (50 mm) + Material Ajutor","2"" (50 mm) + Material Ajutor",Material,General,Unit,0.0,0.0,0.0,0.0,0,RON,0.0,1.15,4,4,Building and settlement works,Analiza Prețului Unitar al Lucrărilor (AHSP) - Permen PUPR 2022,Lucrări de construcții și amenajări,6.5 ACCESORII ȚEVI
Foraj: Auger ∅ 40 cm,Foraj: Auger ∅ 40 cm,Equipment,General,hari,0.0,0.0,0.0,0.0,0,RON,0.0,0.337,4,4,Building and settlement works,Analiza Prețului Unitar al Lucrărilor (AHSP) - Permen PUPR 2022,Lucrări de construcții și amenajări,2.2.1.8.2 Vibrometru pentru 1 m3 beton (Vezi Regulamentul Ministrului Lucrărilor
Foraj: Auger ∅ 50 cm,Foraj: Auger ∅ 50 cm,Equipment,General,hari,0.0,0.0,0.0,0.0,0,RON,0.0,0.7611,4,4,Building and settlement works,Analiza Prețului Unitar al Lucrărilor (AHSP) - Permen PUPR 2022,Lucrări de construcții și amenajări,2.2.1.8.2 Vibrometru pentru 1 m3 beton (Vezi Regulamentul Ministrului Lucrărilor
Cheie de șurub (oțel dur),Cheie de șurub (oțel dur),Equipment,General,buah,0.0,0.0,0.0,0.0,0,RON,0.0,0.0318,4,4,Building and settlement works,Analiza Prețului Unitar al Lucrărilor (AHSP) - Permen PUPR 2022,Lucrări de construcții și amenajări,1.6 LUCRĂRI DE DEMOLARE
Balok Kayu,Balok Kayu,Material,General,m3,0.0,0.0,0.0,0.0,0,RON,0.0,0.857,4,4,Building and settlement works,Analiza Prețului Unitar al Lucrărilor (AHSP) - Permen PUPR 2022,Lucrări de construcții și amenajări,2.1 LUCRĂRI DE CADRU ACOPERIS
"Dia. 12"" (300 mm) Material Auxiliar","Dia. 12"" (300 mm) Material Auxiliar",Material,General,Unit,0.0,0.0,0.0,0.0,0,RON,0.0,1.3,4,4,Building and settlement works,Analiza Prețului Unitar al Lucrărilor (AHSP) - Permen PUPR 2022,Lucrări de construcții și amenajări,6.5 ACCESORII ȚEVI
"Dia. 10"" (250 mm) Material auxiliar","Dia. 10"" (250 mm) Material auxiliar",Material,General,Unit,0.0,0.0,0.0,0.0,0,RON,0.0,1.3,4,4,Building and settlement works,Analiza Prețului Unitar al Lucrărilor (AHSP) - Permen PUPR 2022,Lucrări de construcții și amenajări,6.5 ACCESORII ȚEVI
Polytene 125 micron,Polytene 125 micron,Material,General,kg,0.0,0.0,0.0,0.0,0,RON,0.0,0.4862,4,4,Building and settlement works,Analiza Prețului Unitar al Lucrărilor (AHSP) - Permen PUPR 2022,Lucrări de construcții și amenajări,7.2 DRUM DE BETON
compound curing,compound curing,Material,General,liter,0.0,0.0,0.0,0.0,0,RON,0.0,1.1666,4,4,Building and settlement works,Analiza Prețului Unitar al Lucrărilor (AHSP) - Permen PUPR 2022,Lucrări de construcții și amenajări,7.2 DRUM DE BETON
Macara de foraj 20 Tone + scară 14 tone Alat de puncție,Macara de foraj 20 Tone + scară 14 tone Alat de puncție,Equipment,General,jam,0.0,0.0,0.0,0.0,0,RON,0.0,0.0815,4,4,Building and settlement works,Analiza Prețului Unitar al Lucrărilor (AHSP) - Permen PUPR 2022,Lucrări de construcții și amenajări,2.2.1.8.2 Vibrometru pentru 1 m3 beton (Vezi Regulamentul Ministrului Lucrărilor
Mașină de foraj cu piloți hidraulici 3 tone,Mașină de foraj cu piloți hidraulici 3 tone,Equipment,General,jam,0.0,0.0,0.0,0.0,0,RON,0.0,0.0815,4,4,Building and settlement works,Analiza Prețului Unitar al Lucrărilor (AHSP) - Permen PUPR 2022,Lucrări de construcții și amenajări,2.2.1.8.2 Vibrometru pentru 1 m3 beton (Vezi Regulamentul Ministrului Lucrărilor
Stâlpior lemn 8-10 lungime 4 m,Stâlpior lemn 8-10 lungime 4 m,Material,General,batang,0.0,0.0,0.0,0.0,0,RON,0.0,0.9344,4,4,Building and settlement works,Analiza Prețului Unitar al Lucrărilor (AHSP) - Permen PUPR 2022,Lucrări de construcții și amenajări,2.2 LUCRĂRI DE STRUCTURĂ BETON
(200 mm) + Material auxiliar,(200 mm) + Material auxiliar,Material,General,Bh,0.0,0.0,0.0,0.0,0,RON,0.0,1.2375,4,4,Building and settlement works,Analiza Prețului Unitar al Lucrărilor (AHSP) - Permen PUPR 2022,Lucrări de construcții și amenajări,6.5 ACCESORII ȚEVI
"5"" (125 mm) + Material auxiliar","5"" (125 mm) + Material auxiliar",Material,General,Unit,0.0,0.0,0.0,0.0,0,RON,0.0,1.3,4,4,Building and settlement works,Analiza Prețului Unitar al Lucrărilor (AHSP) - Permen PUPR 2022,Lucrări de construcții și amenajări,6.5 ACCESORII ȚEVI
Foraj: Auger ∅ 30 cm,Foraj: Auger ∅ 30 cm,Equipment,General,hari,0.0,0.0,0.0,0.0,0,RON,0.0,0.2712,4,4,Building and settlement works,Analiza Prețului Unitar al Lucrărilor (AHSP) - Permen PUPR 2022,Lucrări de construcții și amenajări,2.2.1.8.2 Vibrometru pentru 1 m3 beton (Vezi Regulamentul Ministrului Lucrărilor
Dalnă beton (oțel dur),Dalnă beton (oțel dur),Equipment,General,buah,0.0,0.0,0.0,0.0,0,RON,0.0,0.018,4,4,Building and settlement works,Analiza Prețului Unitar al Lucrărilor (AHSP) - Permen PUPR 2022,Lucrări de construcții și amenajări,1.6 LUCRĂRI DE DEMOLARE
"8"" (200 mm) + Material auxiliar","8"" (200 mm) + Material auxiliar",Material,General,Unit,0.0,0.0,0.0,0.0,0,RON,0.0,1.3,4,4,Building and settlement works,Analiza Prețului Unitar al Lucrărilor (AHSP) - Permen PUPR 2022,Lucrări de construcții și amenajări,6.5 ACCESORII ȚEVI
"4"" (100 mm) + Material Auxiliar","4"" (100 mm) + Material Auxiliar",Material,General,Unit,0.0,0.0,0.0,0.0,0,RON,0.0,1.3,4,4,Building and settlement works,Analiza Prețului Unitar al Lucrărilor (AHSP) - Permen PUPR 2022,Lucrări de construcții și amenajări,6.5 ACCESORII ȚEVI
"3"" (80 mm) + Material auxiliar","3"" (80 mm) + Material auxiliar",Material,General,Unit,0.0,0.0,0.0,0.0,0,RON,0.0,1.3,4,4,Building and settlement works,Analiza Prețului Unitar al Lucrărilor (AHSP) - Permen PUPR 2022,Lucrări de construcții și amenajări,6.5 ACCESORII ȚEVI
"6"" (150 mm) + Material auxiliar","6"" (150 mm) + Material auxiliar",Material,General,Unit,0.0,0.0,0.0,0.0,0,RON,0.0,1.3,4,4,Building and settlement works,Analiza Prețului Unitar al Lucrărilor (AHSP) - Permen PUPR 2022,Lucrări de construcții și amenajări,6.5 ACCESORII ȚEVI
Căpriori 5/7 lemn clasa II,Căpriori 5/7 lemn clasa II,Material,General,m3,0.0,0.0,0.0,0.0,0,RON,0.0,0.0298,4,4,Building and settlement works,Analiza Prețului Unitar al Lucrărilor (AHSP) - Permen PUPR 2022,Lucrări de construcții și amenajări,1.1 LUCRĂRI DE PREGĂTIRE
Etanșant Îmbinare,Etanșant Îmbinare,Material,General,kg,0.0,0.0,0.0,0.0,0,RON,0.0,0.625,4,4,Building and settlement works,Analiza Prețului Unitar al Lucrărilor (AHSP) - Permen PUPR 2022,Lucrări de construcții și amenajări,7.2 DRUM DE BETON
Vibrator de beton,Vibrator de beton,Equipment,General,hari,0.0,0.0,0.0,0.0,0,RON,0.0,0.0861,4,4,Building and settlement works,Analiza Prețului Unitar al Lucrărilor (AHSP) - Permen PUPR 2022,Lucrări de construcții și amenajări,7.2 DRUM DE BETON
E.01.a,"stâlp+Ciocan 2 0,5tone",Equipment,General,Sewa-hari,0.0,0.0,0.0,0.0,0,RON,0.0,0.1412,4,4,Water resources works,Analiza Prețului Unitar al Lucrărilor (AHSP) - Hotărârea PUPR 2016,Lucrări de gestionare a resurselor de apă,P.04 1 m2 Lucrări de tencuială cu mortar de tip PC-PP (1 m2)
To.03,Bor listrik,Equipment,General,hari,0.0,0.0,0.0,0.0,0,RON,0.0,0.27,4,4,Water resources works,Analiza Prețului Unitar al Lucrărilor (AHSP) - Hotărârea PUPR 2016,Lucrări de gestionare a resurselor de apă,P.04 1 m2 Lucrări de tencuială cu mortar de tip PC-PP (1 m2)
Pasir urug,Pasir urug,Material,General,m3,0.0,0.0,0.0,0.0,0,RON,0.0,0.5332,4,4,Building and settlement works,Analiza Prețului Unitar al Lucrărilor (AHSP) - Hotărârea PUPR 2016,Lucrări de construcții și amenajări,A.2.3.1 PREȚ PE UNITATE PENTRU LUCRĂRI DE Pământ
Stamper Kodok kg *),Stamper Kodok kg *),Equipment,General,hari,0.0,0.0,0.0,0.0,0,RON,0.0,0.0574,4,4,Building and settlement works,Analiza Prețului Unitar al Lucrărilor (AHSP) - Permen PUPR 2022,Lucrări de construcții și amenajări,1.3 LUCRĂRI DE ÎNĂLȚARE ȘI NIVELARE (INCLUSIV Așezarea)
Margine rapă ceramică,Margine rapă ceramică,Material,General,Bh,0.0,0.0,0.0,0.0,0,RON,0.0,3.0762,4,4,Building and settlement works,Analiza Prețului Unitar al Lucrărilor (AHSP) - Hotărârea PUPR 2016,Lucrări de construcții și amenajări,A.4.4.3 PREȚUL UNITĂȚII DE LUCRU PENTRU ÎNCHEIETURA PODELELUI ȘI ACOPERIRE
"Pompa de noroi diesel KW; 3""","Pompa de noroi diesel KW; 3""",Equipment,General,Sewa-hari,0.0,0.0,0.0,0.0,0,RON,0.0,0.1475,4,4,Water resources works,Analiza Prețului Unitar al Lucrărilor (AHSP) - Hotărârea PUPR 2016,Lucrări de gestionare a resurselor de apă,5 (K175)
HB-10,HB-10,Material,General,m3,0.0,0.0,0.0,0.0,0,RON,0.0,12.5,4,4,Building and settlement works,Analiza Prețului Unitar al Lucrărilor (AHSP) - Hotărârea PUPR 2016,Lucrări de construcții și amenajări,A.4.4.1 PREȚUL UNITĂȚII DE LUCRU PENTRU ÎNĂLȚAREA PERETILOR
HB-15,HB-15,Material,General,m3,0.0,0.0,0.0,0.0,0,RON,0.0,12.5,4,4,Building and settlement works,Analiza Prețului Unitar al Lucrărilor (AHSP) - Hotărârea PUPR 2016,Lucrări de construcții și amenajări,A.4.4.1 PREȚUL UNITĂȚII DE LUCRU PENTRU ÎNĂLȚAREA PERETILOR
HB-20,HB-20,Material,General,m3,0.0,0.0,0.0,0.0,0,RON,0.0,13.25,4,4,Building and settlement works,Analiza Prețului Unitar al Lucrărilor (AHSP) - Hotărârea PUPR 2016,Lucrări de construcții și amenajări,A.4.4.1 PREȚUL UNITĂȚII DE LUCRU PENTRU ÎNĂLȚAREA PERETILOR
Kapur padam,Kapur padam,Material,General,m3,0.0,0.0,0.0,0.0,0,RON,0.0,0.0186,4,4,Building and settlement works,Analiza Prețului Unitar al Lucrărilor (AHSP) - Hotărârea PUPR 2016,Lucrări de construcții și amenajări,A.4.4.1 PREȚUL UNITĂȚII DE LUCRU PENTRU ÎNĂLȚAREA PERETILOR
E.34.l,"Pompă absorbtie nisip diesel 5 KW; 4""",Equipment,General,Sewa-hari,0.0,0.0,0.0,0.0,0,RON,0.0,0.118,3,3,Water resources works,Analiza Prețului Unitar al Lucrărilor (AHSP) - Hotărârea PUPR 2016,Lucrări de gestionare a resurselor de apă,5 (K175)
Cui 5 cm și 7,Cui 5 cm și 7,Material,General,kg,0.0,0.0,0.0,0.0,0,RON,0.0,0.2133,3,3,Water resources works,Analiza Prețului Unitar al Lucrărilor (AHSP) - Hotărârea PUPR 2016,Lucrări de gestionare a resurselor de apă,A.1.1 Lucrări de teren manuale și semi-mecanizate (Normativ)
Echipament de tăiere,Echipament de tăiere,Equipment,General,hari,0.0,0.0,0.0,0.0,0,RON,0.0,0.0817,3,3,Building and settlement works,Analiza Prețului Unitar al Lucrărilor (AHSP) - Permen PUPR 2022,Lucrări de construcții și amenajări,9.2 Țeavă galvanizată
Ubin warna,Ubin warna,Material,General,Bh,0.0,0.0,0.0,0.0,0,RON,0.0,15.0,3,3,Building and settlement works,Analiza Prețului Unitar al Lucrărilor (AHSP) - Hotărârea PUPR 2016,Lucrări de construcții și amenajări,A.4.4.3 PREȚUL UNITĂȚII DE LUCRU PENTRU ÎNCHEIETURA PODELELUI ȘI ACOPERIRE
Gresie gri,Gresie gri,Material,General,buah,0.0,0.0,0.0,0.0,0,RON,0.0,15.0,3,3,Building and settlement works,Analiza Prețului Unitar al Lucrărilor (AHSP) - Hotărârea PUPR 2016,Lucrări de construcții și amenajări,A.4.4.3 PREȚUL UNITĂȚII DE LUCRU PENTRU ÎNCHEIETURA PODELELUI ȘI ACOPERIRE
SM,SM,Material,General,m3,0.0,0.0,0.0,0.0,0,RON,0.0,0.0083,3,3,Building and settlement works,Analiza Prețului Unitar al Lucrărilor (AHSP) - Hotărârea PUPR 2016,Lucrări de construcții și amenajări,A.4.4.2 PREȚUL UNITĂȚII DE LUCRU PELUSTRARE
beton 1 m3 pentru coloană beton prefabricat,beton 1 m3 pentru coloană beton prefabricat,Material,General,m3,0.0,0.0,0.0,0.0,0,RON,0.0,0.0153,3,3,Building and settlement works,Analiza Prețului Unitar al Lucrărilor (AHSP) - Permen PUPR 2022,Lucrări de construcții și amenajări,10.1 Lucrări de producție panou RISHA
M.33.d,Kaso 4/6 cm,Material,General,m3,0.0,0.0,0.0,0.0,0,RON,0.0,0.0045,3,3,Water resources works,Analiza Prețului Unitar al Lucrărilor (AHSP) - Hotărârea PUPR 2016,Lucrări de gestionare a resurselor de apă,A.1.1 Lucrări de teren manuale și semi-mecanizate (Normativ)
Echipament de sudură electrică,Echipament de sudură electrică,Equipment,General,jam,0.0,0.0,0.0,0.0,0,RON,0.0,0.0333,3,3,Building and settlement works,Analiza Prețului Unitar al Lucrărilor (AHSP) - Permen PUPR 2022,Lucrări de construcții și amenajări,10.1 Lucrări de producție panou RISHA
waterpass,waterpass,Equipment,General,hari,0.0,0.0,0.0,0.0,0,RON,0.0,0.0053,3,3,Building and settlement works,Analiza Prețului Unitar al Lucrărilor (AHSP) - Permen PUPR 2022,Lucrări de construcții și amenajări,1.1.4.2 Pereche 1 m’ de panou de construcție (Vezi Regulamentul Ministrului Lucr
Paku payung,Paku payung,Material,General,kg,0.0,0.0,0.0,0.0,0,RON,0.0,0.9027,3,3,Building and settlement works,Analiza Prețului Unitar al Lucrărilor (AHSP) - Permen PUPR 2022,Lucrări de construcții și amenajări,1.1 LUCRĂRI DE PREGĂTIRE
Încărcător cu roți,Încărcător cu roți,Equipment,General,jam,0.0,0.0,0.0,0.0,0,RON,0.0,0.0088,3,3,Building and settlement works,Analiza Prețului Unitar al Lucrărilor (AHSP) - Permen PUPR 2022,Lucrări de construcții și amenajări,1.1 LUCRĂRI DE PREGĂTIRE
Aspal,Aspal,Material,General,kg,0.0,0.0,0.0,0.0,0,RON,0.0,66.8367,3,3,Building and settlement works,Analiza Prețului Unitar al Lucrărilor (AHSP) - Permen PUPR 2022,Lucrări de construcții și amenajări,1.1 LUCRĂRI DE PREGĂTIRE
Ijuk,Ijuk,Material,General,m3,0.0,0.0,0.0,0.0,0,RON,0.0,4.0333,3,3,Building and settlement works,Analiza Prețului Unitar al Lucrărilor (AHSP) - Hotărârea PUPR 2016,Lucrări de construcții și amenajări,A.2.3.1 PREȚ PE UNITATE PENTRU LUCRĂRI DE Pământ
Kapur Padam,Kapur Padam,Material,General,m3,0.0,0.0,0.0,0.0,0,RON,0.0,0.195,3,3,Building and settlement works,Analiza Prețului Unitar al Lucrărilor (AHSP) - Hotărârea PUPR 2016,Lucrări de construcții și amenajări,A.2.3.1 PREȚ PE UNITATE PENTRU LUCRĂRI DE Pământ
Paku 5 – 12 cm,Paku 5 – 12 cm,Material,General,kg,0.0,0.0,0.0,0.0,0,RON,0.0,0.4667,3,3,Building and settlement works,Analiza Prețului Unitar al Lucrărilor (AHSP) - Permen PUPR 2022,Lucrări de construcții și amenajări,2.2 LUCRĂRI DE STRUCTURĂ BETON
Plywood 4mm,Plywood 4mm,Material,Wood & Timber,Lbr,0.0,0.0,0.0,0.0,0,RON,0.0,0.49,3,3,Building and settlement works,Analiza Prețului Unitar al Lucrărilor (AHSP) - Hotărârea PUPR 2016,Lucrări de construcții și amenajări,A.2.2.1 PREȚUL UNITĂȚII DE LUCRU PREGĂTIRE
Kunci tanam,Kunci tanam,Material,General,Bh,0.0,0.0,0.0,0.0,0,RON,0.0,0.4333,3,3,Building and settlement works,Analiza Prețului Unitar al Lucrărilor (AHSP) - Hotărârea PUPR 2016,Lucrări de construcții și amenajări,A.2.2.1 PREȚUL UNITĂȚII DE LUCRU PREGĂTIRE
Bandă Fier grosime 5,Bandă Fier grosime 5,Material,General,kg,0.0,0.0,0.0,0.0,0,RON,0.0,15.0,3,3,Building and settlement works,Analiza Prețului Unitar al Lucrărilor (AHSP) - Permen PUPR 2022,Lucrări de construcții și amenajări,2.1 LUCRĂRI DE CADRU ACOPERIS
Capacitatea molenului m3 inclusiv alimentator,Capacitatea molenului m3 inclusiv alimentator,Equipment,General,hari,0.0,0.0,0.0,0.0,0,RON,0.0,0.1309,3,3,Building and settlement works,Analiza Prețului Unitar al Lucrărilor (AHSP) - Permen PUPR 2022,Lucrări de construcții și amenajări,2.2.1.8.2 Vibrometru pentru 1 m3 beton (Vezi Regulamentul Ministrului Lucrărilor
L.14.b,muncitor calificat operator*),Labor,Labor,OH,0.0,0.0,0.0,0.0,0,RON,0.0,0.1293,3,3,Building and settlement works,Analiza Prețului Unitar al Lucrărilor (AHSP) - Permen PUPR 2022,Lucrări de construcții și amenajări,2.4 LUCRĂRI DE STRUCTURĂ DIN BETON PREMOLDUIT
Dinabolt Ø 12 (10 până la 15 cm),Dinabolt Ø 12 (10 până la 15 cm),Material,Fasteners,buah,0.0,0.0,0.0,0.0,0,RON,0.0,1.756,3,3,Building and settlement works,Analiza Prețului Unitar al Lucrărilor (AHSP) - Permen PUPR 2022,Lucrări de construcții și amenajări,2.4 LUCRĂRI DE STRUCTURĂ DIN BETON PREMOLDUIT
M.38,"tronc copac cocos diametru 18-20 cm, lungime 4 m'",Material,General,Batang,0.0,0.0,0.0,0.0,0,RON,0.0,0.0055,3,3,Water resources works,Analiza Prețului Unitar al Lucrărilor (AHSP) - Hotărârea PUPR 2016,Lucrări de gestionare a resurselor de apă,5 Lucrări de dewatering
Ulei de ungere,Ulei de ungere,Material,General,Liter,0.0,0.0,0.0,0.0,0,RON,0.0,0.06,3,3,Water resources works,Analiza Prețului Unitar al Lucrărilor (AHSP) - Hotărârea PUPR 2016,Lucrări de gestionare a resurselor de apă,4 - - LS
Cui placaj,Cui placaj,Material,General,kg,0.0,0.0,0.0,0.0,0,RON,0.0,0.0167,3,3,Building and settlement works,Analiza Prețului Unitar al Lucrărilor (AHSP) - Permen PUPR 2022,Lucrări de construcții și amenajări,3.5.2 TAVANE (PLAFON) ALTE
"Cui șurub 3,5""","Cui șurub 3,5""",Material,General,buah,0.0,0.0,0.0,0.0,0,RON,0.0,6.0,3,3,Building and settlement works,Analiza Prețului Unitar al Lucrărilor (AHSP) - Permen PUPR 2022,Lucrări de construcții și amenajări,3.1.2 ACOPERIS DIN BETON ARMAT CU ȘAPĂ
Țiglă de creastă,Țiglă de creastă,Material,General,buah,0.0,0.0,0.0,0.0,0,RON,0.0,4.6667,3,3,Building and settlement works,Analiza Prețului Unitar al Lucrărilor (AHSP) - Permen PUPR 2022,Lucrări de construcții și amenajări,3.1.1 ACOPERIS DINȚATĂ
Țeavă HDPE Ø 500 mm,Țeavă HDPE Ø 500 mm,Material,General,m,0.0,0.0,0.0,0.0,0,RON,0.0,1.0,3,3,Building and settlement works,Analiza Prețului Unitar al Lucrărilor (AHSP) - Hotărârea PUPR 2016,Lucrări de construcții și amenajări,A.8.4.1 PREȚUL UNITĂȚII DE LUCRU PENTRU INSTALAREA ȚEVURILOR ÎN AFARA CLĂDIRII
Cat,Cat,Material,General,Kg,0.0,0.0,0.0,0.0,0,RON,0.0,0.1533,3,3,Building and settlement works,Analiza Prețului Unitar al Lucrărilor (AHSP) - Hotărârea PUPR 2016,Lucrări de construcții și amenajări,A.4.7.1 PREȚUL UNITĂȚII DE LUCRU PENTRU VOPSITORIE
Margine Teralux marmură,Margine Teralux marmură,Material,General,buah,0.0,0.0,0.0,0.0,0,RON,0.0,2.625,3,3,Building and settlement works,Analiza Prețului Unitar al Lucrărilor (AHSP) - Permen PUPR 2022,Lucrări de construcții și amenajări,3.9.6 UBIN TERALUX
Plintă Teralux Shells,Plintă Teralux Shells,Material,General,buah,0.0,0.0,0.0,0.0,0,RON,0.0,2.625,3,3,Building and settlement works,Analiza Prețului Unitar al Lucrărilor (AHSP) - Permen PUPR 2022,Lucrări de construcții și amenajări,3.9.6 UBIN TERALUX
Faianță Teralux marmură,Faianță Teralux marmură,Material,General,buah,0.0,0.0,0.0,0.0,0,RON,0.0,7.049,3,3,Building and settlement works,Analiza Prețului Unitar al Lucrărilor (AHSP) - Permen PUPR 2022,Lucrări de construcții și amenajări,3.9.6 UBIN TERALUX
Plintă faianță granit,Plintă faianță granit,Material,General,buah,0.0,0.0,0.0,0.0,0,RON,0.0,2.625,3,3,Building and settlement works,Analiza Prețului Unitar al Lucrărilor (AHSP) - Permen PUPR 2022,Lucrări de construcții și amenajări,3.9.5 UBIN GRANIT
Ubin Granit,Ubin Granit,Material,General,buah,0.0,0.0,0.0,0.0,0,RON,0.0,7.049,3,3,Building and settlement works,Analiza Prețului Unitar al Lucrărilor (AHSP) - Permen PUPR 2022,Lucrări de construcții și amenajări,3.9.5 UBIN GRANIT
Mortar Adeziv Cărămidă Ușoară,Mortar Adeziv Cărămidă Ușoară,Material,Concrete & Cement,kg,0.0,0.0,0.0,0.0,0,RON,0.0,4.2857,3,3,Building and settlement works,Analiza Prețului Unitar al Lucrărilor (AHSP) - Permen PUPR 2022,Lucrări de construcții și amenajări,3.6.4 PERETE DE CĂRĂMIDĂ UȘOARĂ
Plamuur,Plamuur,Material,General,Kg,0.0,0.0,0.0,0.0,0,RON,0.0,0.1333,3,3,Building and settlement works,Analiza Prețului Unitar al Lucrărilor (AHSP) - Hotărârea PUPR 2016,Lucrări de construcții și amenajări,A.4.7.1 PREȚUL UNITĂȚII DE LUCRU PENTRU VOPSITORIE
Sabun,Sabun,Material,General,Kg,0.0,0.0,0.0,0.0,0,RON,0.0,0.05,3,3,Building and settlement works,Analiza Prețului Unitar al Lucrărilor (AHSP) - Hotărârea PUPR 2016,Lucrări de construcții și amenajări,A.4.7.1 PREȚUL UNITĂȚII DE LUCRU PENTRU VOPSITORIE
Film Phenol 12 mm,Film Phenol 12 mm,Material,General,Lbr,0.0,0.0,0.0,0.0,0,RON,0.0,0.0463,3,3,Building and settlement works,Analiza Prețului Unitar al Lucrărilor (AHSP) - Hotărârea PUPR 2016,Lucrări de construcții și amenajări,A.4.1.2 PREȚ PE UNITATE PENTRU LUCRĂRI DE BETON PREMOLDUIT
Ulei form (cofraj),Ulei form (cofraj),Material,General,L,0.0,0.0,0.0,0.0,0,RON,0.0,0.2,3,3,Building and settlement works,Analiza Prețului Unitar al Lucrărilor (AHSP) - Hotărârea PUPR 2016,Lucrări de construcții și amenajări,A.4.1.2 PREȚ PE UNITATE PENTRU LUCRĂRI DE BETON PREMOLDUIT
Paku 5 dan 10,Paku 5 dan 10,Material,General,kg,0.0,0.0,0.0,0.0,0,RON,0.0,0.1667,3,3,Building and settlement works,Analiza Prețului Unitar al Lucrărilor (AHSP) - Hotărârea PUPR 2016,Lucrări de construcții și amenajări,A.4.6.1 PREȚ PE UNITATE DE MUNCĂ PENTRU LEMN
Cui 5 și 10 cm,Cui 5 și 10 cm,Material,General,kg,0.0,0.0,0.0,0.0,0,RON,0.0,0.25,3,3,Building and settlement works,Analiza Prețului Unitar al Lucrărilor (AHSP) - Hotărârea PUPR 2016,Lucrări de construcții și amenajări,A.4.6.1 PREȚ PE UNITATE DE MUNCĂ PENTRU LEMN
"Opritor Robinet PVC 3/4""","Opritor Robinet PVC 3/4""",Material,General,buah,0.0,0.0,0.0,0.0,0,RON,0.0,1.0,3,3,Building and settlement works,Analiza Prețului Unitar al Lucrărilor (AHSP) - Permen PUPR 2022,Lucrări de construcții și amenajări,3.18.5 BĂC AIR
"Pipa PVC 3/4""","Pipa PVC 3/4""",Material,General,m’,0.0,0.0,0.0,0.0,0,RON,0.0,2.0,3,3,Building and settlement works,Analiza Prețului Unitar al Lucrărilor (AHSP) - Permen PUPR 2022,Lucrări de construcții și amenajări,3.18.5 BĂC AIR
Sealtape,Sealtape,Material,Rubber,buah,0.0,0.0,0.0,0.0,0,RON,0.0,0.025,3,3,Building and settlement works,Analiza Prețului Unitar al Lucrărilor (AHSP) - Permen PUPR 2022,Lucrări de construcții și amenajări,3.18.4 URINOIR
Furtun Flexibil,Furtun Flexibil,Material,General,unit,0.0,0.0,0.0,0.0,0,RON,0.0,1.0,3,3,Building and settlement works,Analiza Prețului Unitar al Lucrărilor (AHSP) - Permen PUPR 2022,Lucrări de construcții și amenajări,3.18.3 KLOSET
Porselen,Porselen,Material,General,dus,0.0,0.0,0.0,0.0,0,RON,0.0,26.7667,3,3,Building and settlement works,Analiza Prețului Unitar al Lucrărilor (AHSP) - Permen PUPR 2022,Lucrări de construcții și amenajări,3.10.3 PERETE DE PORCELANAT
Plantă cărț,Plantă cărț,Material,General,buah,0.0,0.0,0.0,0.0,0,RON,0.0,16.6667,3,3,Building and settlement works,Analiza Prețului Unitar al Lucrărilor (AHSP) - Permen PUPR 2022,Lucrări de construcții și amenajări,4.1 LUCRĂRI DE PLANTARE
Tăclu/Trepied înălțime 2 5m,Tăclu/Trepied înălțime 2 5m,Equipment,General,Sewa-hari,0.0,0.0,0.0,0.0,0,RON,0.0,0.9477,3,3,Water resources works,Analiza Prețului Unitar al Lucrărilor (AHSP) - Hotărârea PUPR 2016,Lucrări de gestionare a resurselor de apă,A.6 Lucrări de poartă de apă (Normativ)
Poartă apă **),Poartă apă **),Equipment,General,buah,0.0,0.0,0.0,0.0,0,RON,0.0,1.0,3,3,Water resources works,Analiza Prețului Unitar al Lucrărilor (AHSP) - Hotărârea PUPR 2016,Lucrări de gestionare a resurselor de apă,A.6 Lucrări de poartă de apă (Normativ)
B.07a,"19,3 MPa Perete cărămidă, mortar",Material,Concrete & Cement,m3,0.0,0.0,0.0,0.0,0,RON,0.0,0.1367,3,3,Water resources works,Analiza Prețului Unitar al Lucrărilor (AHSP) - Hotărârea PUPR 2016,Lucrări de gestionare a resurselor de apă,A.6 Lucrări de poartă de apă (Normativ)
100 mm și accesorii,100 mm și accesorii,Material,General,m',0.0,0.0,0.0,0.0,0,RON,0.0,1.2,3,3,Building and settlement works,Analiza Prețului Unitar al Lucrărilor (AHSP) - Permen PUPR 2022,Lucrări de construcții și amenajări,"L.0 OH m' 1,15"
E.01.c,"Instrument de puncție + ciocan 2 2,0 tone",Equipment,General,Sewa-hari,0.0,0.0,0.0,0.0,0,RON,0.0,0.0767,3,3,Water resources works,Analiza Prețului Unitar al Lucrărilor (AHSP) - Hotărârea PUPR 2016,Lucrări de gestionare a resurselor de apă,A.4 Lucrări de forare manuală (Normativ)
Lipici amestec Hidroinseminare 3 sămânță vegetație (Semință,Lipici amestec Hidroinseminare 3 sămânță vegetație (Semință,Material,General,kg,0.0,0.0,0.0,0.0,0,RON,0.0,0.003,3,3,Building and settlement works,Analiza Prețului Unitar al Lucrărilor (AHSP) - Permen PUPR 2022,Lucrări de construcții și amenajări,4.1 LUCRĂRI DE PLANTARE
Chirie mașină hidroinseminare 2000L,Chirie mașină hidroinseminare 2000L,Equipment,General,hari,0.0,0.0,0.0,0.0,0,RON,0.0,0.0005,3,3,Building and settlement works,Analiza Prețului Unitar al Lucrărilor (AHSP) - Permen PUPR 2022,Lucrări de construcții și amenajări,4.1 LUCRĂRI DE PLANTARE
"Paku 1 – 2,5 cm","Paku 1 – 2,5 cm",Material,General,kg,0.0,0.0,0.0,0.0,0,RON,0.0,0.07,3,3,Building and settlement works,Analiza Prețului Unitar al Lucrărilor (AHSP) - Hotărârea PUPR 2016,Lucrări de construcții și amenajări,A.4.6.1 PREȚ PE UNITATE DE MUNCĂ PENTRU LEMN
Acoperis din geluri,Acoperis din geluri,Material,General,Lbr,0.0,0.0,0.0,0.0,0,RON,0.0,2.1833,3,3,Building and settlement works,Analiza Prețului Unitar al Lucrărilor (AHSP) - Hotărârea PUPR 2016,Lucrări de construcții și amenajări,A.4.5.2. PREȚUL UNITĂȚII DE LUCRU PENTRU ÎNVELIȘUL DE ACOPERIS
Țiglă crestă,Țiglă crestă,Material,General,Buah,0.0,0.0,0.0,0.0,0,RON,0.0,4.6667,3,3,Building and settlement works,Analiza Prețului Unitar al Lucrărilor (AHSP) - Hotărârea PUPR 2016,Lucrări de construcții și amenajări,A.4.5.2. PREȚUL UNITĂȚII DE LUCRU PENTRU ÎNVELIȘUL DE ACOPERIS
Țiglă broască,Țiglă broască,Material,General,buah,0.0,0.0,0.0,0.0,0,RON,0.0,20.6667,3,3,Building and settlement works,Analiza Prețului Unitar al Lucrărilor (AHSP) - Hotărârea PUPR 2016,Lucrări de construcții și amenajări,A.4.5.2. PREȚUL UNITĂȚII DE LUCRU PENTRU ÎNVELIȘUL DE ACOPERIS
M.29.b,"Bambus ø 8 cm -10 cm, lungime 4 m*",Material,General,btg,0.0,0.0,0.0,0.0,0,RON,0.0,1.24,3,3,Water resources works,Analiza Prețului Unitar al Lucrărilor (AHSP) - Hotărârea PUPR 2016,Lucrări de gestionare a resurselor de apă,1 1PC : 2PB : 3Kr
M.39.c,18 mm *,Material,General,Lembar,0.0,0.0,0.0,0.0,0,RON,0.0,0.128,3,3,Water resources works,Analiza Prețului Unitar al Lucrărilor (AHSP) - Hotărârea PUPR 2016,Lucrări de gestionare a resurselor de apă,1 1PC : 2PB : 3Kr
Tiang,Tiang,Material,General,M,0.0,0.0,0.0,0.0,0,RON,0.0,1.5,3,3,Building and settlement works,Analiza Prețului Unitar al Lucrărilor (AHSP) - Permen PUPR 2022,Lucrări de construcții și amenajări,5.4 LUCRĂRI SISTEM ELECTRONIC
Convențional și accesorii,Convențional și accesorii,Material,General,Unit,0.0,0.0,0.0,0.0,0,RON,0.0,1.05,3,3,Building and settlement works,Analiza Prețului Unitar al Lucrărilor (AHSP) - Permen PUPR 2022,Lucrări de construcții și amenajări,5.4 LUCRĂRI SISTEM ELECTRONIC
Adresabil și accesorii,Adresabil și accesorii,Material,General,Unit,0.0,0.0,0.0,0.0,0,RON,0.0,1.05,3,3,Building and settlement works,Analiza Prețului Unitar al Lucrărilor (AHSP) - Permen PUPR 2022,Lucrări de construcții și amenajări,5.4 LUCRĂRI SISTEM ELECTRONIC
"dia. 6"" ; (150 mm) cuplare & accesorii","dia. 6"" ; (150 mm) cuplare & accesorii",Material,General,m',0.0,0.0,0.0,0.0,0,RON,0.0,1.6167,3,3,Building and settlement works,Analiza Prețului Unitar al Lucrărilor (AHSP) - Permen PUPR 2022,Lucrări de construcții și amenajări,6.4 SISTEM DE INSTALARE A ȚEVILOR ÎN CLĂDIRE
"Dia. 4"" ; (100 mm) cuplaje & accesorii","Dia. 4"" ; (100 mm) cuplaje & accesorii",Material,General,m',0.0,0.0,0.0,0.0,0,RON,0.0,1.6167,3,3,Building and settlement works,Analiza Prețului Unitar al Lucrărilor (AHSP) - Permen PUPR 2022,Lucrări de construcții și amenajări,6.4 SISTEM DE INSTALARE A ȚEVILOR ÎN CLĂDIRE
"dia. 3"" ; (80 mm) + cuplare & accesorii","dia. 3"" ; (80 mm) + cuplare & accesorii",Material,General,m',0.0,0.0,0.0,0.0,0,RON,0.0,1.6167,3,3,Building and settlement works,Analiza Prețului Unitar al Lucrărilor (AHSP) - Permen PUPR 2022,Lucrări de construcții și amenajări,6.4 SISTEM DE INSTALARE A ȚEVILOR ÎN CLĂDIRE
"Dia. 2"" ; (50 mm) + racord & accesorii","Dia. 2"" ; (50 mm) + racord & accesorii",Material,General,m',0.0,0.0,0.0,0.0,0,RON,0.0,1.6167,3,3,Building and settlement works,Analiza Prețului Unitar al Lucrărilor (AHSP) - Permen PUPR 2022,Lucrări de construcții și amenajări,6.4 SISTEM DE INSTALARE A ȚEVILOR ÎN CLĂDIRE
"Dia. 1"" ; (25 mm) + fitting & accesorii","Dia. 1"" ; (25 mm) + fitting & accesorii",Material,Pipes & Fittings,m',0.0,0.0,0.0,0.0,0,RON,0.0,1.6167,3,3,Building and settlement works,Analiza Prețului Unitar al Lucrărilor (AHSP) - Permen PUPR 2022,Lucrări de construcții și amenajări,6.4 SISTEM DE INSTALARE A ȚEVILOR ÎN CLĂDIRE
"Dia. 3/4"" ; (20 mm) fitinguri & accesorii","Dia. 3/4"" ; (20 mm) fitinguri & accesorii",Material,General,m',0.0,0.0,0.0,0.0,0,RON,0.0,1.6167,3,3,Building and settlement works,Analiza Prețului Unitar al Lucrărilor (AHSP) - Permen PUPR 2022,Lucrări de construcții și amenajări,6.4 SISTEM DE INSTALARE A ȚEVILOR ÎN CLĂDIRE
"Dia. 1/2"" ; (15 mm) fitinguri & accesorii","Dia. 1/2"" ; (15 mm) fitinguri & accesorii",Material,General,m',0.0,0.0,0.0,0.0,0,RON,0.0,1.6167,3,3,Building and settlement works,Analiza Prețului Unitar al Lucrărilor (AHSP) - Permen PUPR 2022,Lucrări de construcții și amenajări,6.4 SISTEM DE INSTALARE A ȚEVILOR ÎN CLĂDIRE
E.35,Pompă și transportor beton,Equipment,General,Sewa-hari,0.0,0.0,0.0,0.0,0,RON,0.0,0.12,3,3,Water resources works,Analiza Prețului Unitar al Lucrărilor (AHSP) - Hotărârea PUPR 2016,Lucrări de gestionare a resurselor de apă,1 1PC : 2PB : 3Kr
Putere 4 m3 + Material auxiliar / Accesorii,Putere 4 m3 + Material auxiliar / Accesorii,Material,General,Unit,0.0,0.0,0.0,0.0,0,RON,0.0,1.0867,3,3,Building and settlement works,Analiza Prețului Unitar al Lucrărilor (AHSP) - Permen PUPR 2022,Lucrări de construcții și amenajări,6.1 SISTEM DE APĂ POTABILĂ
Akustik,Akustik,Material,General,Lembar,0.0,0.0,0.0,0.0,0,RON,0.0,6.4333,3,3,Building and settlement works,Analiza Prețului Unitar al Lucrărilor (AHSP) - Hotărârea PUPR 2016,Lucrări de construcții și amenajări,A.4.5.1 UNITATE DE LUCRU TAVAN (PLAFON)
Profil aluminiu,Profil aluminiu,Material,General,m,0.0,0.0,0.0,0.0,0,RON,0.0,3.3,3,3,Building and settlement works,Analiza Prețului Unitar al Lucrărilor (AHSP) - Hotărârea PUPR 2016,Lucrări de construcții și amenajări,A.4.2.1 PREȚ PE UNITATE PENTRU LUCRĂRI DE OȚEL ȘI ALUMINIU
Porslen,Porslen,Material,General,Doos,0.0,0.0,0.0,0.0,0,RON,0.0,26.6833,3,3,Building and settlement works,Analiza Prețului Unitar al Lucrărilor (AHSP) - Hotărârea PUPR 2016,Lucrări de construcții și amenajări,A.4.4.3 PREȚUL UNITĂȚII DE LUCRU PENTRU ÎNCHEIETURA PODELELUI ȘI ACOPERIRE
Marmer,Marmer,Material,General,Bh,0.0,0.0,0.0,0.0,0,RON,0.0,1.06,3,3,Building and settlement works,Analiza Prețului Unitar al Lucrărilor (AHSP) - Hotărârea PUPR 2016,Lucrări de construcții și amenajări,A.4.4.3 PREȚUL UNITĂȚII DE LUCRU PENTRU ÎNCHEIETURA PODELELUI ȘI ACOPERIRE
Margine ceramică,Margine ceramică,Material,General,Bh,0.0,0.0,0.0,0.0,0,RON,0.0,7.0667,3,3,Building and settlement works,Analiza Prețului Unitar al Lucrărilor (AHSP) - Hotărârea PUPR 2016,Lucrări de construcții și amenajări,A.4.4.3 PREȚUL UNITĂȚII DE LUCRU PENTRU ÎNCHEIETURA PODELELUI ȘI ACOPERIRE
"Dia. 1-1/2"" (40 mm) + Material auxiliar","Dia. 1-1/2"" (40 mm) + Material auxiliar",Material,General,Unit,0.0,0.0,0.0,0.0,0,RON,0.0,1.15,3,3,Building and settlement works,Analiza Prețului Unitar al Lucrărilor (AHSP) - Permen PUPR 2022,Lucrări de construcții și amenajări,6.5 ACCESORII ȚEVI
"Dia. 1-1/4"" (32 mm) + Material Auxiliar","Dia. 1-1/4"" (32 mm) + Material Auxiliar",Material,General,Unit,0.0,0.0,0.0,0.0,0,RON,0.0,1.15,3,3,Building and settlement works,Analiza Prețului Unitar al Lucrărilor (AHSP) - Permen PUPR 2022,Lucrări de construcții și amenajări,6.5 ACCESORII ȚEVI
"dia. 3/4"" (20 mm) material auxiliar","dia. 3/4"" (20 mm) material auxiliar",Material,General,Unit,0.0,0.0,0.0,0.0,0,RON,0.0,1.15,3,3,Building and settlement works,Analiza Prețului Unitar al Lucrărilor (AHSP) - Permen PUPR 2022,Lucrări de construcții și amenajări,6.5 ACCESORII ȚEVI
"Amestec beton, fc' 1 20 MPa Armătură practică 120","Amestec beton, fc' 1 20 MPa Armătură practică 120",Material,General,m3,0.0,0.0,0.0,0.0,0,RON,0.0,0.1437,3,3,Water resources works,Analiza Prețului Unitar al Lucrărilor (AHSP) - Hotărârea PUPR 2016,Lucrări de gestionare a resurselor de apă,P.13 Lucrări de mal
M.140,Frânghie de legare,Material,General,m,0.0,0.0,0.0,0.0,0,RON,0.0,3.0,3,3,Water resources works,Analiza Prețului Unitar al Lucrărilor (AHSP) - Hotărârea PUPR 2016,Lucrări de gestionare a resurselor de apă,P.13 Lucrări de mal
(125 mm) + Material auxiliar,(125 mm) + Material auxiliar,Material,General,Bh,0.0,0.0,0.0,0.0,0,RON,0.0,1.2167,3,3,Building and settlement works,Analiza Prețului Unitar al Lucrărilor (AHSP) - Permen PUPR 2022,Lucrări de construcții și amenajări,6.5 ACCESORII ȚEVI
"Robinet de Poartă Dia. 1"" (25 mm)","Robinet de Poartă Dia. 1"" (25 mm)",Material,General,Unit,0.0,0.0,0.0,0.0,0,RON,0.0,1.0,3,3,Building and settlement works,Analiza Prețului Unitar al Lucrărilor (AHSP) - Permen PUPR 2022,Lucrări de construcții și amenajări,6.5 ACCESORII ȚEVI
"Supapă Poartă Dia. 1/2"" (15 mm)","Supapă Poartă Dia. 1/2"" (15 mm)",Material,General,Unit,0.0,0.0,0.0,0.0,0,RON,0.0,1.0,3,3,Building and settlement works,Analiza Prețului Unitar al Lucrărilor (AHSP) - Permen PUPR 2022,Lucrări de construcții și amenajări,6.5 ACCESORII ȚEVI
E.08.b,Autoutilitară de descărcare,Equipment,Trucks,jam,0.0,0.0,0.0,0.0,0,RON,0.0,1.0757,3,3,Water resources works,Analiza Prețului Unitar al Lucrărilor (AHSP) - Hotărârea PUPR 2016,Lucrări de gestionare a resurselor de apă,A.1.2 Lucrări de teren mecanizate (Informatív)
E.11.c,Excavator 2 (braț lung),Equipment,Excavators,jam,0.0,0.0,0.0,0.0,0,RON,0.0,0.0398,3,3,Water resources works,Analiza Prețului Unitar al Lucrărilor (AHSP) - Hotărârea PUPR 2016,Lucrări de gestionare a resurselor de apă,A.1.2 Lucrări de teren mecanizate (Informatív)
Soclu teralux marmură,Soclu teralux marmură,Material,General,Bh,0.0,0.0,0.0,0.0,0,RON,0.0,2.6267,3,3,Building and settlement works,Analiza Prețului Unitar al Lucrărilor (AHSP) - Hotărârea PUPR 2016,Lucrări de construcții și amenajări,A.4.4.3 PREȚUL UNITĂȚII DE LUCRU PENTRU ÎNCHEIETURA PODELELUI ȘI ACOPERIRE
Soclu gresie culoare,Soclu gresie culoare,Material,General,Bh,0.0,0.0,0.0,0.0,0,RON,0.0,2.9433,3,3,Building and settlement works,Analiza Prețului Unitar al Lucrărilor (AHSP) - Hotărârea PUPR 2016,Lucrări de construcții și amenajări,A.4.4.3 PREȚUL UNITĂȚII DE LUCRU PENTRU ÎNCHEIETURA PODELELUI ȘI ACOPERIRE
Oțel ușor laminat la rece C75,Oțel ușor laminat la rece C75,Material,General,kg,0.0,0.0,0.0,0.0,0,RON,0.0,1.6619,3,3,Building and settlement works,Analiza Prețului Unitar al Lucrărilor (AHSP) - Hotărârea PUPR 2016,Lucrări de construcții și amenajări,A.4.2.1 PREȚ PE UNITATE PENTRU LUCRĂRI DE OȚEL ȘI ALUMINIU
"Cui 1 cm - 2,5 cm","Cui 1 cm - 2,5 cm",Material,General,kg,0.0,0.0,0.0,0.0,0,RON,0.0,0.0133,3,3,Building and settlement works,Analiza Prețului Unitar al Lucrărilor (AHSP) - Hotărârea PUPR 2016,Lucrări de construcții și amenajări,A.4.2.1 PREȚ PE UNITATE PENTRU LUCRĂRI DE OȚEL ȘI ALUMINIU
Soclu țiglă PC,Soclu țiglă PC,Material,General,Bh,0.0,0.0,0.0,0.0,0,RON,0.0,3.8267,3,3,Building and settlement works,Analiza Prețului Unitar al Lucrărilor (AHSP) - Hotărârea PUPR 2016,Lucrări de construcții și amenajări,A.4.4.3 PREȚUL UNITĂȚII DE LUCRU PENTRU ÎNCHEIETURA PODELELUI ȘI ACOPERIRE
Gresie marmoră teralux,Gresie marmoră teralux,Material,General,Bh,0.0,0.0,0.0,0.0,0,RON,0.0,7.2,3,3,Building and settlement works,Analiza Prețului Unitar al Lucrărilor (AHSP) - Hotărârea PUPR 2016,Lucrări de construcții și amenajări,A.4.4.3 PREȚUL UNITĂȚII DE LUCRU PENTRU ÎNCHEIETURA PODELELUI ȘI ACOPERIRE
Ulei Cofrare,Ulei Cofrare,Material,General,liter,0.0,0.0,0.0,0.0,0,RON,0.0,0.05,3,3,Building and settlement works,Analiza Prețului Unitar al Lucrărilor (AHSP) - Permen PUPR 2022,Lucrări de construcții și amenajări,10.1 Lucrări de producție panou RISHA
L.06,asistent măsurător,Labor,Labor,OH,0.0,0.0,0.0,0.0,0,RON,0.0,0.0913,3,3,Water resources works,Analiza Prețului Unitar al Lucrărilor (AHSP) - Hotărârea PUPR 2016,Lucrări de gestionare a resurselor de apă,A.1.1 Lucrări de teren manuale și semi-mecanizate (Normativ)
pentru tablă sau perete sau fermocement manual 3 fabricare 1,pentru tablă sau perete sau fermocement manual 3 fabricare 1,Material,Concrete & Cement,m2,0.0,0.0,0.0,0.0,0,RON,0.0,0.1904,2,2,Building and settlement works,Analiza Prețului Unitar al Lucrărilor (AHSP) - Permen PUPR 2022,Lucrări de construcții și amenajări,10.1 Lucrări de producție panou RISHA
"1 kg Armătură tablă pentru BjTP sau BjTS diametru < 12 mm, mod Manual 2 1 kg Armătură Plasă Sârmă M6-M10","1 kg Armătură tablă pentru BjTP sau BjTS diametru < 12 mm, mod Manual 2 1 kg Armătură Plasă Sârmă M6-M10",Material,General,kg,0.0,0.0,0.0,0.0,0,RON,0.0,5.7891,2,2,Building and settlement works,Analiza Prețului Unitar al Lucrărilor (AHSP) - Permen PUPR 2022,Lucrări de construcții și amenajări,10.1 Lucrări de producție panou RISHA
1) 1 m3 piatră/pietriș,1) 1 m3 piatră/pietriș,Equipment,General,turun >,0.0,0.0,0.0,0.0,0,RON,0.0,3.0,2,2,Water resources works,Analiza Prețului Unitar al Lucrărilor (AHSP) - Hotărârea PUPR 2016,Lucrări de gestionare a resurselor de apă,"17 DCIP 7,50 - 8,65 8,00 0,8"
E.31,Compresor umplutură 1 (Stamper),Equipment,General,Sewa-hari,0.0,0.0,0.0,0.0,0,RON,0.0,0.075,2,2,Water resources works,Analiza Prețului Unitar al Lucrărilor (AHSP) - Hotărârea PUPR 2016,Lucrări de gestionare a resurselor de apă,5 (K175)
Cărămidă cocoș,Cărămidă cocoș,Material,General,m3,0.0,0.0,0.0,0.0,0,RON,0.0,50.0,2,2,Building and settlement works,Analiza Prețului Unitar al Lucrărilor (AHSP) - Hotărârea PUPR 2016,Lucrări de construcții și amenajări,A.4.4.1 PREȚUL UNITĂȚII DE LUCRU PENTRU ÎNĂLȚAREA PERETILOR
Semen merah,Semen merah,Material,General,Kg,0.0,0.0,0.0,0.0,0,RON,0.0,0.016,2,2,Building and settlement works,Analiza Prețului Unitar al Lucrărilor (AHSP) - Hotărârea PUPR 2016,Lucrări de construcții și amenajări,A.4.4.1 PREȚUL UNITĂȚII DE LUCRU PENTRU ÎNĂLȚAREA PERETILOR
Cadru metal tubular 40.40.2 mm,Cadru metal tubular 40.40.2 mm,Material,Steel & Metal,M1,0.0,0.0,0.0,0.0,0,RON,0.0,3.75,2,2,Building and settlement works,Analiza Prețului Unitar al Lucrărilor (AHSP) - Hotărârea PUPR 2016,Lucrări de construcții și amenajări,A.4.2.1 PREȚ PE UNITATE PENTRU LUCRĂRI DE OȚEL ȘI ALUMINIU
Faianță teralux,Faianță teralux,Material,General,Bh,0.0,0.0,0.0,0.0,0,RON,0.0,9.25,2,2,Building and settlement works,Analiza Prețului Unitar al Lucrărilor (AHSP) - Hotărârea PUPR 2016,Lucrări de construcții și amenajări,A.4.4.3 PREȚUL UNITĂȚII DE LUCRU PENTRU ÎNCHEIETURA PODELELUI ȘI ACOPERIRE
Ubin granit,Ubin granit,Material,General,Bh,0.0,0.0,0.0,0.0,0,RON,0.0,9.25,2,2,Building and settlement works,Analiza Prețului Unitar al Lucrărilor (AHSP) - Hotărârea PUPR 2016,Lucrări de construcții și amenajări,A.4.4.3 PREȚUL UNITĂȚII DE LUCRU PENTRU ÎNCHEIETURA PODELELUI ȘI ACOPERIRE
Ubin teraso,Ubin teraso,Material,General,Bh,0.0,0.0,0.0,0.0,0,RON,0.0,9.25,2,2,Building and settlement works,Analiza Prețului Unitar al Lucrărilor (AHSP) - Hotărârea PUPR 2016,Lucrări de construcții și amenajări,A.4.4.3 PREȚUL UNITĂȚII DE LUCRU PENTRU ÎNCHEIETURA PODELELUI ȘI ACOPERIRE
Mortar gata pregătit,Mortar gata pregătit,Material,Concrete & Cement,Kg,0.0,0.0,0.0,0.0,0,RON,0.0,0.268,2,2,Building and settlement works,Analiza Prețului Unitar al Lucrărilor (AHSP) - Hotărârea PUPR 2016,Lucrări de construcții și amenajări,A.4.4.1 PREȚUL UNITĂȚII DE LUCRU PENTRU ÎNĂLȚAREA PERETILOR
Închirierea Tripot/Tackel manetă macara 2T,Închirierea Tripot/Tackel manetă macara 2T,Equipment,General,hari,0.0,0.0,0.0,0.0,0,RON,0.0,1.0,2,2,Building and settlement works,Analiza Prețului Unitar al Lucrărilor (AHSP) - Permen PUPR 2022,Lucrări de construcții și amenajări,9.7 ACCESORII PIPĂ
T1/manual (ferăstău) / ferăstău,T1/manual (ferăstău) / ferăstău,Equipment,General,Hari,0.0,0.0,0.0,0.0,0,RON,0.0,0.0985,2,2,Building and settlement works,Analiza Prețului Unitar al Lucrărilor (AHSP) - Permen PUPR 2022,Lucrări de construcții și amenajări,9.1 ȚEAVĂ PVC
Echipament de tăiere țeavă T1/manual (ferăstrău) / saw,Echipament de tăiere țeavă T1/manual (ferăstrău) / saw,Equipment,General,Hari,0.0,0.0,0.0,0.0,0,RON,0.0,0.0285,2,2,Building and settlement works,Analiza Prețului Unitar al Lucrărilor (AHSP) - Permen PUPR 2022,Lucrări de construcții și amenajări,9.1 ȚEAVĂ PVC
Echipament de tăiere T1/manual (ferăstrău) /saw,Echipament de tăiere T1/manual (ferăstrău) /saw,Equipment,General,hari,0.0,0.0,0.0,0.0,0,RON,0.0,0.003,2,2,Building and settlement works,Analiza Prețului Unitar al Lucrărilor (AHSP) - Permen PUPR 2022,Lucrări de construcții și amenajări,9.1 ȚEAVĂ PVC
"camion deric 10 tonă, 12 tonă *)","camion deric 10 tonă, 12 tonă *)",Equipment,General,jam,0.0,0.0,0.0,0.0,0,RON,0.0,0.9123,2,2,Building and settlement works,Analiza Prețului Unitar al Lucrărilor (AHSP) - Permen PUPR 2022,Lucrări de construcții și amenajări,8.3 Canal de boxă pentru drenaj
Culvert Cutie 300x300x100 cm,Culvert Cutie 300x300x100 cm,Material,General,buah,0.0,0.0,0.0,0.0,0,RON,0.0,1.0,2,2,Building and settlement works,Analiza Prețului Unitar al Lucrărilor (AHSP) - Permen PUPR 2022,Lucrări de construcții și amenajări,8.3 Canal de boxă pentru drenaj
"camion deric 8 tonă, 10 tonă *)","camion deric 8 tonă, 10 tonă *)",Equipment,General,jam,0.0,0.0,0.0,0.0,0,RON,0.0,0.6152,2,2,Building and settlement works,Analiza Prețului Unitar al Lucrărilor (AHSP) - Permen PUPR 2022,Lucrări de construcții și amenajări,8.3 Canal de boxă pentru drenaj
Culvert Box 200x200x100 cm,Culvert Box 200x200x100 cm,Material,General,buah,0.0,0.0,0.0,0.0,0,RON,0.0,1.0,2,2,Building and settlement works,Analiza Prețului Unitar al Lucrărilor (AHSP) - Permen PUPR 2022,Lucrări de construcții și amenajări,8.3 Canal de boxă pentru drenaj
Box Culvertă 150x150x100 cm,Box Culvertă 150x150x100 cm,Material,General,buah,0.0,0.0,0.0,0.0,0,RON,0.0,1.0,2,2,Building and settlement works,Analiza Prețului Unitar al Lucrărilor (AHSP) - Permen PUPR 2022,Lucrări de construcții și amenajări,8.3 Canal de boxă pentru drenaj
cutie canal 100x100x100 cm,cutie canal 100x100x100 cm,Material,General,buah,0.0,0.0,0.0,0.0,0,RON,0.0,1.0,2,2,Building and settlement works,Analiza Prețului Unitar al Lucrărilor (AHSP) - Permen PUPR 2022,Lucrări de construcții și amenajări,8.3 Canal de boxă pentru drenaj
Culvertă cutie 80x80x100 cm,Culvertă cutie 80x80x100 cm,Material,General,buah,0.0,0.0,0.0,0.0,0,RON,0.0,1.0,2,2,Building and settlement works,Analiza Prețului Unitar al Lucrărilor (AHSP) - Permen PUPR 2022,Lucrări de construcții și amenajări,8.3 Canal de boxă pentru drenaj
Box Culvert 60x60x100 cm,Box Culvert 60x60x100 cm,Material,General,buah,0.0,0.0,0.0,0.0,0,RON,0.0,1.0,2,2,Building and settlement works,Analiza Prețului Unitar al Lucrărilor (AHSP) - Permen PUPR 2022,Lucrări de construcții și amenajări,8.3 Canal de boxă pentru drenaj
Culvert Cutie 50x50x100 cm,Culvert Cutie 50x50x100 cm,Material,General,buah,0.0,0.0,0.0,0.0,0,RON,0.0,1.0,2,2,Building and settlement works,Analiza Prețului Unitar al Lucrărilor (AHSP) - Permen PUPR 2022,Lucrări de construcții și amenajări,8.3 Canal de boxă pentru drenaj
cutie canal 40x40x100 cm,cutie canal 40x40x100 cm,Material,General,buah,0.0,0.0,0.0,0.0,0,RON,0.0,1.0,2,2,Building and settlement works,Analiza Prețului Unitar al Lucrărilor (AHSP) - Permen PUPR 2022,Lucrări de construcții și amenajări,8.3 Canal de boxă pentru drenaj
Wallpaper,Wallpaper,Material,General,m,0.0,0.0,0.0,0.0,0,RON,0.0,2.2,2,2,Building and settlement works,Analiza Prețului Unitar al Lucrărilor (AHSP) - Hotărârea PUPR 2016,Lucrări de construcții și amenajări,A.4.4.3 PREȚUL UNITĂȚII DE LUCRU PENTRU ÎNCHEIETURA PODELELUI ȘI ACOPERIRE
Parquet,Parquet,Material,General,m2,0.0,0.0,0.0,0.0,0,RON,0.0,1.05,2,2,Building and settlement works,Analiza Prețului Unitar al Lucrărilor (AHSP) - Hotărârea PUPR 2016,Lucrări de construcții și amenajări,A.4.4.3 PREȚUL UNITĂȚII DE LUCRU PENTRU ÎNCHEIETURA PODELELUI ȘI ACOPERIRE
Underlayer,Underlayer,Material,General,m2,0.0,0.0,0.0,0.0,0,RON,0.0,1.05,2,2,Building and settlement works,Analiza Prețului Unitar al Lucrărilor (AHSP) - Hotărârea PUPR 2016,Lucrări de construcții și amenajări,A.4.4.3 PREȚUL UNITĂȚII DE LUCRU PENTRU ÎNCHEIETURA PODELELUI ȘI ACOPERIRE
Karpet,Karpet,Material,General,m2,0.0,0.0,0.0,0.0,0,RON,0.0,1.05,2,2,Building and settlement works,Analiza Prețului Unitar al Lucrărilor (AHSP) - Hotărârea PUPR 2016,Lucrări de construcții și amenajări,A.4.4.3 PREȚUL UNITĂȚII DE LUCRU PENTRU ÎNCHEIETURA PODELELUI ȘI ACOPERIRE
Plintă teralux coji,Plintă teralux coji,Material,General,Bh,0.0,0.0,0.0,0.0,0,RON,0.0,3.08,2,2,Building and settlement works,Analiza Prețului Unitar al Lucrărilor (AHSP) - Hotărârea PUPR 2016,Lucrări de construcții și amenajări,A.4.4.3 PREȚUL UNITĂȚII DE LUCRU PENTRU ÎNCHEIETURA PODELELUI ȘI ACOPERIRE
Margine rapă granit,Margine rapă granit,Material,General,Bh,0.0,0.0,0.0,0.0,0,RON,0.0,3.09,2,2,Building and settlement works,Analiza Prețului Unitar al Lucrărilor (AHSP) - Hotărârea PUPR 2016,Lucrări de construcții și amenajări,A.4.4.3 PREȚUL UNITĂȚII DE LUCRU PENTRU ÎNCHEIETURA PODELELUI ȘI ACOPERIRE
E.49,Compactor Vibro,Equipment,General,jam,0.0,0.0,0.0,0.0,0,RON,0.0,0.0128,2,2,Water resources works,Analiza Prețului Unitar al Lucrărilor (AHSP) - Hotărârea PUPR 2016,Lucrări de gestionare a resurselor de apă,A.1.2 Lucrări de teren mecanizate (Informatív)
E.05.b,Bulldozer,Equipment,Bulldozers,jam,0.0,0.0,0.0,0.0,0,RON,0.0,0.019,2,2,Water resources works,Analiza Prețului Unitar al Lucrărilor (AHSP) - Hotărârea PUPR 2016,Lucrări de gestionare a resurselor de apă,A.1.2 Lucrări de teren mecanizate (Informatív)
U-Ditch 200 x 200 x 120 cm,U-Ditch 200 x 200 x 120 cm,Material,General,buah,0.0,0.0,0.0,0.0,0,RON,0.0,0.8333,2,2,Building and settlement works,Analiza Prețului Unitar al Lucrărilor (AHSP) - Permen PUPR 2022,Lucrări de construcții și amenajări,8.1 CANAL U-DITCH
U-Ditch 180 x 200 x 120 cm,U-Ditch 180 x 200 x 120 cm,Material,General,buah,0.0,0.0,0.0,0.0,0,RON,0.0,0.8333,2,2,Building and settlement works,Analiza Prețului Unitar al Lucrărilor (AHSP) - Permen PUPR 2022,Lucrări de construcții și amenajări,8.1 CANAL U-DITCH
U-Ditch 180 x 180 x 120 cm,U-Ditch 180 x 180 x 120 cm,Material,General,buah,0.0,0.0,0.0,0.0,0,RON,0.0,0.8333,2,2,Building and settlement works,Analiza Prețului Unitar al Lucrărilor (AHSP) - Permen PUPR 2022,Lucrări de construcții și amenajări,8.1 CANAL U-DITCH
U-Ditch 160 x 180 x 120 cm,U-Ditch 160 x 180 x 120 cm,Material,General,buah,0.0,0.0,0.0,0.0,0,RON,0.0,0.8333,2,2,Building and settlement works,Analiza Prețului Unitar al Lucrărilor (AHSP) - Permen PUPR 2022,Lucrări de construcții și amenajări,8.1 CANAL U-DITCH
Grilă țânțari,Grilă țânțari,Material,General,m2,0.0,0.0,0.0,0.0,0,RON,0.0,1.1,2,2,Building and settlement works,Analiza Prețului Unitar al Lucrărilor (AHSP) - Hotărârea PUPR 2016,Lucrări de construcții și amenajări,A.4.2.1 PREȚ PE UNITATE PENTRU LUCRĂRI DE OȚEL ȘI ALUMINIU
Bandă aluminiu,Bandă aluminiu,Material,General,m,0.0,0.0,0.0,0.0,0,RON,0.0,14.6,2,2,Building and settlement works,Analiza Prețului Unitar al Lucrărilor (AHSP) - Hotărârea PUPR 2016,Lucrări de construcții și amenajări,A.4.2.1 PREȚ PE UNITATE PENTRU LUCRĂRI DE OȚEL ȘI ALUMINIU
U-Ditch 160 x 160 x 120 cm,U-Ditch 160 x 160 x 120 cm,Material,General,buah,0.0,0.0,0.0,0.0,0,RON,0.0,0.8333,2,2,Building and settlement works,Analiza Prețului Unitar al Lucrărilor (AHSP) - Permen PUPR 2022,Lucrări de construcții și amenajări,8.1 CANAL U-DITCH
U-Ditch 150 x 170 x 120 cm,U-Ditch 150 x 170 x 120 cm,Material,General,buah,0.0,0.0,0.0,0.0,0,RON,0.0,0.8333,2,2,Building and settlement works,Analiza Prețului Unitar al Lucrărilor (AHSP) - Permen PUPR 2022,Lucrări de construcții și amenajări,8.1 CANAL U-DITCH
U-Ditch 150 x 150 x 120 cm,U-Ditch 150 x 150 x 120 cm,Material,General,buah,0.0,0.0,0.0,0.0,0,RON,0.0,0.8333,2,2,Building and settlement works,Analiza Prețului Unitar al Lucrărilor (AHSP) - Permen PUPR 2022,Lucrări de construcții și amenajări,8.1 CANAL U-DITCH
U-Ditch 150 x 100 x 120 cm,U-Ditch 150 x 100 x 120 cm,Material,General,buah,0.0,0.0,0.0,0.0,0,RON,0.0,0.8333,2,2,Building and settlement works,Analiza Prețului Unitar al Lucrărilor (AHSP) - Permen PUPR 2022,Lucrări de construcții și amenajări,8.1 CANAL U-DITCH
U-Ditch 140 x 140 x 120 cm,U-Ditch 140 x 140 x 120 cm,Material,General,buah,0.0,0.0,0.0,0.0,0,RON,0.0,0.8333,2,2,Building and settlement works,Analiza Prețului Unitar al Lucrărilor (AHSP) - Permen PUPR 2022,Lucrări de construcții și amenajări,8.1 CANAL U-DITCH
U-Ditch 120 x 140 x 120 cm,U-Ditch 120 x 140 x 120 cm,Material,General,buah,0.0,0.0,0.0,0.0,0,RON,0.0,0.8333,2,2,Building and settlement works,Analiza Prețului Unitar al Lucrărilor (AHSP) - Permen PUPR 2022,Lucrări de construcții și amenajări,8.1 CANAL U-DITCH
U-Ditch 120 x 120 x 120 cm,U-Ditch 120 x 120 x 120 cm,Material,General,buah,0.0,0.0,0.0,0.0,0,RON,0.0,0.8333,2,2,Building and settlement works,Analiza Prețului Unitar al Lucrărilor (AHSP) - Permen PUPR 2022,Lucrări de construcții și amenajări,8.1 CANAL U-DITCH
U-Ditch 100 x 120 x 120 cm,U-Ditch 100 x 120 x 120 cm,Material,General,buah,0.0,0.0,0.0,0.0,0,RON,0.0,0.8333,2,2,Building and settlement works,Analiza Prețului Unitar al Lucrărilor (AHSP) - Permen PUPR 2022,Lucrări de construcții și amenajări,8.1 CANAL U-DITCH
U-Ditch 80 x 100 x 120 cm,U-Ditch 80 x 100 x 120 cm,Material,General,buah,0.0,0.0,0.0,0.0,0,RON,0.0,0.8333,2,2,Building and settlement works,Analiza Prețului Unitar al Lucrărilor (AHSP) - Permen PUPR 2022,Lucrări de construcții și amenajări,8.1 CANAL U-DITCH
U-Ditch 80 x 80 x 120,U-Ditch 80 x 80 x 120,Material,General,buah,0.0,0.0,0.0,0.0,0,RON,0.0,0.8333,2,2,Building and settlement works,Analiza Prețului Unitar al Lucrărilor (AHSP) - Permen PUPR 2022,Lucrări de construcții și amenajări,8.1 CANAL U-DITCH
U-Ditch 80 x 60 x 120,U-Ditch 80 x 60 x 120,Material,General,buah,0.0,0.0,0.0,0.0,0,RON,0.0,0.8333,2,2,Building and settlement works,Analiza Prețului Unitar al Lucrărilor (AHSP) - Permen PUPR 2022,Lucrări de construcții și amenajări,8.1 CANAL U-DITCH
U-Ditch 60 x 80 x 120,U-Ditch 60 x 80 x 120,Material,General,buah,0.0,0.0,0.0,0.0,0,RON,0.0,0.8333,2,2,Building and settlement works,Analiza Prețului Unitar al Lucrărilor (AHSP) - Permen PUPR 2022,Lucrări de construcții și amenajări,8.1 CANAL U-DITCH
U-Ditch 60 x 70 x 120,U-Ditch 60 x 70 x 120,Material,General,buah,0.0,0.0,0.0,0.0,0,RON,0.0,0.8333,2,2,Building and settlement works,Analiza Prețului Unitar al Lucrărilor (AHSP) - Permen PUPR 2022,Lucrări de construcții și amenajări,8.1 CANAL U-DITCH
U-Ditch 60 x 60 x 120,U-Ditch 60 x 60 x 120,Material,General,buah,0.0,0.0,0.0,0.0,0,RON,0.0,0.8333,2,2,Building and settlement works,Analiza Prețului Unitar al Lucrărilor (AHSP) - Permen PUPR 2022,Lucrări de construcții și amenajări,8.1 CANAL U-DITCH
U-Ditch 50 x 70 x 120,U-Ditch 50 x 70 x 120,Material,General,buah,0.0,0.0,0.0,0.0,0,RON,0.0,0.8333,2,2,Building and settlement works,Analiza Prețului Unitar al Lucrărilor (AHSP) - Permen PUPR 2022,Lucrări de construcții și amenajări,8.1 CANAL U-DITCH
Ramset,Ramset,Material,General,Buah,0.0,0.0,0.0,0.0,0,RON,0.0,1.05,2,2,Building and settlement works,Analiza Prețului Unitar al Lucrărilor (AHSP) - Hotărârea PUPR 2016,Lucrări de construcții și amenajări,A.4.5.1 UNITATE DE LUCRU TAVAN (PLAFON)
U-Ditch 50 x 60 x 120,U-Ditch 50 x 60 x 120,Material,General,buah,0.0,0.0,0.0,0.0,0,RON,0.0,0.8333,2,2,Building and settlement works,Analiza Prețului Unitar al Lucrărilor (AHSP) - Permen PUPR 2022,Lucrări de construcții și amenajări,8.1 CANAL U-DITCH
U-Ditch 50 x 50 x 120,U-Ditch 50 x 50 x 120,Material,General,buah,0.0,0.0,0.0,0.0,0,RON,0.0,0.8333,2,2,Building and settlement works,Analiza Prețului Unitar al Lucrărilor (AHSP) - Permen PUPR 2022,Lucrări de construcții și amenajări,8.1 CANAL U-DITCH
U-Ditch 40 x 60 x 120,U-Ditch 40 x 60 x 120,Material,General,buah,0.0,0.0,0.0,0.0,0,RON,0.0,0.8333,2,2,Building and settlement works,Analiza Prețului Unitar al Lucrărilor (AHSP) - Permen PUPR 2022,Lucrări de construcții și amenajări,8.1 CANAL U-DITCH
U-Ditch 40 x 50 x 120,U-Ditch 40 x 50 x 120,Material,General,buah,0.0,0.0,0.0,0.0,0,RON,0.0,0.8333,2,2,Building and settlement works,Analiza Prețului Unitar al Lucrărilor (AHSP) - Permen PUPR 2022,Lucrări de construcții și amenajări,8.1 CANAL U-DITCH
U-Ditch 30 x 30 x 120,U-Ditch 30 x 30 x 120,Material,General,buah,0.0,0.0,0.0,0.0,0,RON,0.0,0.8333,2,2,Building and settlement works,Analiza Prețului Unitar al Lucrărilor (AHSP) - Permen PUPR 2022,Lucrări de construcții și amenajări,8.1 CANAL U-DITCH
Cilindru pneu,Cilindru pneu,Equipment,General,jam,0.0,0.0,0.0,0.0,0,RON,0.0,0.0052,2,2,Building and settlement works,Analiza Prețului Unitar al Lucrărilor (AHSP) - Permen PUPR 2022,Lucrări de construcții și amenajări,7.3 DRUM DE ASPALT
Vibrator tandem,Vibrator tandem,Equipment,General,jam,0.0,0.0,0.0,0.0,0,RON,0.0,0.0122,2,2,Building and settlement works,Analiza Prețului Unitar al Lucrărilor (AHSP) - Permen PUPR 2022,Lucrări de construcții și amenajări,7.3 DRUM DE ASPALT
Finisatoare asfalt,Finisatoare asfalt,Equipment,General,jam,0.0,0.0,0.0,0.0,0,RON,0.0,0.1235,2,2,Building and settlement works,Analiza Prețului Unitar al Lucrărilor (AHSP) - Permen PUPR 2022,Lucrări de construcții și amenajări,7.3 DRUM DE ASPALT
Dump Truck,Dump Truck,Equipment,Trucks,jam,0.0,0.0,0.0,0.0,0,RON,0.0,0.2589,2,2,Building and settlement works,Analiza Prețului Unitar al Lucrărilor (AHSP) - Permen PUPR 2022,Lucrări de construcții și amenajări,7.3 DRUM DE ASPALT
Genset,Genset,Equipment,General,jam,0.0,0.0,0.0,0.0,0,RON,0.0,0.0201,2,2,Building and settlement works,Analiza Prețului Unitar al Lucrărilor (AHSP) - Permen PUPR 2022,Lucrări de construcții și amenajări,7.3 DRUM DE ASPALT
AMP,AMP,Equipment,General,jam,0.0,0.0,0.0,0.0,0,RON,0.0,0.0201,2,2,Building and settlement works,Analiza Prețului Unitar al Lucrărilor (AHSP) - Permen PUPR 2022,Lucrări de construcții și amenajări,7.3 DRUM DE ASPALT
Trecere sită2 dimensiune (0-5),Trecere sită2 dimensiune (0-5),Material,General,m3,0.0,0.0,0.0,0.0,0,RON,0.0,0.297,2,2,Building and settlement works,Analiza Prețului Unitar al Lucrărilor (AHSP) - Permen PUPR 2022,Lucrări de construcții și amenajări,7.3 DRUM DE ASPALT
"pierde cernere2 mărime (9,5-19,0)","pierde cernere2 mărime (9,5-19,0)",Material,General,m3,0.0,0.0,0.0,0.0,0,RON,0.0,0.36,2,2,Building and settlement works,Analiza Prețului Unitar al Lucrărilor (AHSP) - Permen PUPR 2022,Lucrări de construcții și amenajări,7.3 DRUM DE ASPALT
Cui ciorapi lungă 15 cm,Cui ciorapi lungă 15 cm,Material,General,Kg,0.0,0.0,0.0,0.0,0,RON,0.0,0.03,2,2,Building and settlement works,Analiza Prețului Unitar al Lucrărilor (AHSP) - Hotărârea PUPR 2016,Lucrări de construcții și amenajări,A.4.5.2. PREȚUL UNITĂȚII DE LUCRU PENTRU ÎNVELIȘUL DE ACOPERIS
Țiglă metal,Țiglă metal,Material,Steel & Metal,buah,0.0,0.0,0.0,0.0,0,RON,0.0,1.65,2,2,Building and settlement works,Analiza Prețului Unitar al Lucrărilor (AHSP) - Hotărârea PUPR 2016,Lucrări de construcții și amenajări,A.4.5.2. PREȚUL UNITĂȚII DE LUCRU PENTRU ÎNVELIȘUL DE ACOPERIS
Placaj 6 mm,Placaj 6 mm,Material,General,Lbr,0.0,0.0,0.0,0.0,0,RON,0.0,0.35,2,2,Building and settlement works,Analiza Prețului Unitar al Lucrărilor (AHSP) - Hotărârea PUPR 2016,Lucrări de construcții și amenajări,A.4.5.2. PREȚUL UNITĂȚII DE LUCRU PENTRU ÎNVELIȘUL DE ACOPERIS
"cuie obișnuite 2""-5""","cuie obișnuite 2""-5""",Material,General,Kg,0.0,0.0,0.0,0.0,0,RON,0.0,0.04,2,2,Building and settlement works,Analiza Prețului Unitar al Lucrărilor (AHSP) - Hotărârea PUPR 2016,Lucrări de construcții și amenajări,A.4.5.2. PREȚUL UNITĂȚII DE LUCRU PENTRU ÎNVELIȘUL DE ACOPERIS
Disc tăiere beton,Disc tăiere beton,Equipment,General,hari,0.0,0.0,0.0,0.0,0,RON,0.0,0.0051,2,2,Building and settlement works,Analiza Prețului Unitar al Lucrărilor (AHSP) - Permen PUPR 2022,Lucrări de construcții și amenajări,7.2 DRUM DE BETON
Bară conector diametru 16 (BjTS),Bară conector diametru 16 (BjTS),Material,General,kg,0.0,0.0,0.0,0.0,0,RON,0.0,6.629,2,2,Building and settlement works,Analiza Prețului Unitar al Lucrărilor (AHSP) - Permen PUPR 2022,Lucrări de construcții și amenajări,7.2 DRUM DE BETON
rezervor apă cap. 2 m3,rezervor apă cap. 2 m3,Equipment,General,hari,0.0,0.0,0.0,0.0,0,RON,0.0,0.8508,2,2,Building and settlement works,Analiza Prețului Unitar al Lucrărilor (AHSP) - Permen PUPR 2022,Lucrări de construcții și amenajări,7.2 DRUM DE BETON
"Betoniera 0,35 m3 + Alimentare Automată","Betoniera 0,35 m3 + Alimentare Automată",Equipment,General,hari,0.0,0.0,0.0,0.0,0,RON,0.0,0.1475,2,2,Building and settlement works,Analiza Prețului Unitar al Lucrărilor (AHSP) - Permen PUPR 2022,Lucrări de construcții și amenajări,7.2 DRUM DE BETON
Zat aditif,Zat aditif,Material,General,kg,0.0,0.0,0.0,0.0,0,RON,0.0,1.2,2,2,Building and settlement works,Analiza Prețului Unitar al Lucrărilor (AHSP) - Permen PUPR 2022,Lucrări de construcții și amenajări,7.2 DRUM DE BETON
Beton f'c 10 MPa,Beton f'c 10 MPa,Material,General,m3,0.0,0.0,0.0,0.0,0,RON,0.0,1.02,2,2,Building and settlement works,Analiza Prețului Unitar al Lucrărilor (AHSP) - Permen PUPR 2022,Lucrări de construcții și amenajări,7.2 DRUM DE BETON
vibrator beton *),vibrator beton *),Equipment,General,hari,0.0,0.0,0.0,0.0,0,RON,0.0,0.0861,2,2,Building and settlement works,Analiza Prețului Unitar al Lucrărilor (AHSP) - Permen PUPR 2022,Lucrări de construcții și amenajări,7.2 DRUM DE BETON
Tandon apă cap. 2 m3,Tandon apă cap. 2 m3,Equipment,General,hari,0.0,0.0,0.0,0.0,0,RON,0.0,0.7554,2,2,Building and settlement works,Analiza Prețului Unitar al Lucrărilor (AHSP) - Permen PUPR 2022,Lucrări de construcții și amenajări,7.2 DRUM DE BETON
E.47,Trepied înălțime 5 m Aparat,Equipment,General,hari,0.0,0.0,0.0,0.0,0,RON,0.0,0.045,2,2,Water resources works,Analiza Prețului Unitar al Lucrărilor (AHSP) - Hotărârea PUPR 2016,Lucrări de gestionare a resurselor de apă,P.04 1 m2 Lucrări de tencuială cu mortar de tip PC-PP (1 m2)
"Molen 0,35 m3","Molen 0,35 m3",Equipment,General,hari,0.0,0.0,0.0,0.0,0,RON,0.0,0.1475,2,2,Building and settlement works,Analiza Prețului Unitar al Lucrărilor (AHSP) - Permen PUPR 2022,Lucrări de construcții și amenajări,7.2 DRUM DE BETON
Agregat Grosier uk 38,Agregat Grosier uk 38,Material,General,kg,0.0,0.0,0.0,0.0,0,RON,0.0,909.0,2,2,Building and settlement works,Analiza Prețului Unitar al Lucrărilor (AHSP) - Permen PUPR 2022,Lucrări de construcții și amenajări,7.2 DRUM DE BETON
Kawat las,Kawat las,Material,General,Kg,0.0,0.0,0.0,0.0,0,RON,0.0,0.0515,2,2,Building and settlement works,Analiza Prețului Unitar al Lucrărilor (AHSP) - Hotărârea PUPR 2016,Lucrări de construcții și amenajări,A.4.2.1 PREȚ PE UNITATE PENTRU LUCRĂRI DE OȚEL ȘI ALUMINIU
Papan cor,Papan cor,Material,General,m3,0.0,0.0,0.0,0.0,0,RON,0.0,0.004,2,2,Building and settlement works,Analiza Prețului Unitar al Lucrărilor (AHSP) - Hotărârea PUPR 2016,Lucrări de construcții și amenajări,A.4.1.2 PREȚ PE UNITATE PENTRU LUCRĂRI DE BETON PREMOLDUIT
Semen grout,Semen grout,Material,General,Kg,0.0,0.0,0.0,0.0,0,RON,0.0,1525.0,2,2,Building and settlement works,Analiza Prețului Unitar al Lucrărilor (AHSP) - Hotărârea PUPR 2016,Lucrări de construcții și amenajări,A.4.1.2 PREȚ PE UNITATE PENTRU LUCRĂRI DE BETON PREMOLDUIT
Închirierea schele,Închirierea schele,Equipment,General,unit,0.0,0.0,0.0,0.0,0,RON,0.0,1.1,2,2,Building and settlement works,Analiza Prețului Unitar al Lucrărilor (AHSP) - Hotărârea PUPR 2016,Lucrări de construcții și amenajări,A.4.1.2 PREȚ PE UNITATE PENTRU LUCRĂRI DE BETON PREMOLDUIT
Bloc pavare Grosime cm f'c 20 MPa,Bloc pavare Grosime cm f'c 20 MPa,Material,General,m2,0.0,0.0,0.0,0.0,0,RON,0.0,1.01,2,2,Building and settlement works,Analiza Prețului Unitar al Lucrărilor (AHSP) - Permen PUPR 2022,Lucrări de construcții și amenajări,7.1 PAVARETE PAVĂZATĂ DIN CĂRĂMIDĂ
"Supapă Poartă Dia. 4"" (100 mm)","Supapă Poartă Dia. 4"" (100 mm)",Material,General,Unit,0.0,0.0,0.0,0.0,0,RON,0.0,1.0,2,2,Building and settlement works,Analiza Prețului Unitar al Lucrărilor (AHSP) - Permen PUPR 2022,Lucrări de construcții și amenajări,6.5 ACCESORII ȚEVI
"Supapă Poartă Dia. 3"" (80 mm)","Supapă Poartă Dia. 3"" (80 mm)",Material,General,Unit,0.0,0.0,0.0,0.0,0,RON,0.0,1.0,2,2,Building and settlement works,Analiza Prețului Unitar al Lucrărilor (AHSP) - Permen PUPR 2022,Lucrări de construcții și amenajări,6.5 ACCESORII ȚEVI
"Robinet de Poartă Dia. 2"" (50 mm)","Robinet de Poartă Dia. 2"" (50 mm)",Material,General,Unit,0.0,0.0,0.0,0.0,0,RON,0.0,1.0,2,2,Building and settlement works,Analiza Prețului Unitar al Lucrărilor (AHSP) - Permen PUPR 2022,Lucrări de construcții și amenajări,6.5 ACCESORII ȚEVI
(300 mm) + Material auxiliar,(300 mm) + Material auxiliar,Material,General,Bh,0.0,0.0,0.0,0.0,0,RON,0.0,1.275,2,2,Building and settlement works,Analiza Prețului Unitar al Lucrărilor (AHSP) - Permen PUPR 2022,Lucrări de construcții și amenajări,6.5 ACCESORII ȚEVI
(250 mm) + material auxiliar,(250 mm) + material auxiliar,Material,General,Bh,0.0,0.0,0.0,0.0,0,RON,0.0,1.275,2,2,Building and settlement works,Analiza Prețului Unitar al Lucrărilor (AHSP) - Permen PUPR 2022,Lucrări de construcții și amenajări,6.5 ACCESORII ȚEVI
"14"" (350 mm) + Material Auxiliar","14"" (350 mm) + Material Auxiliar",Material,General,Unit,0.0,0.0,0.0,0.0,0,RON,0.0,1.3,2,2,Building and settlement works,Analiza Prețului Unitar al Lucrărilor (AHSP) - Permen PUPR 2022,Lucrări de construcții și amenajări,6.5 ACCESORII ȚEVI
Aparat de sudură electric sau 1 diesel,Aparat de sudură electric sau 1 diesel,Equipment,General,Sewa-hari,0.0,0.0,0.0,0.0,0,RON,0.0,0.1,2,2,Water resources works,Analiza Prețului Unitar al Lucrărilor (AHSP) - Hotărârea PUPR 2016,Lucrări de gestionare a resurselor de apă,P.04 1 m2 Lucrări de tencuială cu mortar de tip PC-PP (1 m2)
M.122.a,Geotekstil,Material,General,m2,0.0,0.0,0.0,0.0,0,RON,0.0,4.275,2,2,Water resources works,Analiza Prețului Unitar al Lucrărilor (AHSP) - Hotărârea PUPR 2016,Lucrări de gestionare a resurselor de apă,P.04 1 m2 Lucrări de tencuială cu mortar de tip PC-PP (1 m2)
"1"" (25 mm) + material auxiliar","1"" (25 mm) + material auxiliar",Material,General,Unit,0.0,0.0,0.0,0.0,0,RON,0.0,1.15,2,2,Building and settlement works,Analiza Prețului Unitar al Lucrărilor (AHSP) - Permen PUPR 2022,Lucrări de construcții și amenajări,6.5 ACCESORII ȚEVI
(25 mm) + Material Auxiliar,(25 mm) + Material Auxiliar,Material,General,Unit,0.0,0.0,0.0,0.0,0,RON,0.0,1.15,2,2,Building and settlement works,Analiza Prețului Unitar al Lucrărilor (AHSP) - Permen PUPR 2022,Lucrări de construcții și amenajări,6.5 ACCESORII ȚEVI
M.116.c,Matriță blindaj 3B,Material,General,buah,0.0,0.0,0.0,0.0,0,RON,0.0,0.002,2,2,Water resources works,Analiza Prețului Unitar al Lucrărilor (AHSP) - Hotărârea PUPR 2016,Lucrări de gestionare a resurselor de apă,P.13 Lucrări de mal
Alat bantu,Alat bantu,Equipment,General,LS,0.0,0.0,0.0,0.0,0,RON,0.0,1.0,2,2,Water resources works,Analiza Prețului Unitar al Lucrărilor (AHSP) - Hotărârea PUPR 2016,Lucrări de gestionare a resurselor de apă,P.13 Lucrări de mal
Cui 5 și 7 cm,Cui 5 și 7 cm,Material,General,kg,0.0,0.0,0.0,0.0,0,RON,0.0,0.125,2,2,Building and settlement works,Analiza Prețului Unitar al Lucrărilor (AHSP) - Hotărârea PUPR 2016,Lucrări de construcții și amenajări,A.4.6.1 PREȚ PE UNITATE DE MUNCĂ PENTRU LEMN
Fier bandă grosime mm,Fier bandă grosime mm,Material,General,kg,0.0,0.0,0.0,0.0,0,RON,0.0,15.0,2,2,Building and settlement works,Analiza Prețului Unitar al Lucrărilor (AHSP) - Hotărârea PUPR 2016,Lucrări de construcții și amenajări,A.4.6.1 PREȚ PE UNITATE DE MUNCĂ PENTRU LEMN
Lemn Teak 4 mm 90 x 220 cm,Lemn Teak 4 mm 90 x 220 cm,Material,General,Lembar,0.0,0.0,0.0,0.0,0,RON,0.0,1.0,2,2,Building and settlement works,Analiza Prețului Unitar al Lucrărilor (AHSP) - Hotărârea PUPR 2016,Lucrări de construcții și amenajări,A.4.6.1 PREȚ PE UNITATE DE MUNCĂ PENTRU LEMN
M.116.d,"3* Matriță blindaj 0,5 tone",Material,General,buah,0.0,0.0,0.0,0.0,0,RON,0.0,0.002,2,2,Water resources works,Analiza Prețului Unitar al Lucrărilor (AHSP) - Hotărârea PUPR 2016,Lucrări de gestionare a resurselor de apă,P.13 Lucrări de mal
E.07.a,Crane*,Equipment,Cranes,hari,0.0,0.0,0.0,0.0,0,RON,0.0,0.025,2,2,Water resources works,Analiza Prețului Unitar al Lucrărilor (AHSP) - Hotărârea PUPR 2016,Lucrări de gestionare a resurselor de apă,1 1PC : 2PB : 3Kr
M.67,Kawat Ikat,Material,General,kg,0.0,0.0,0.0,0.0,0,RON,0.0,1.25,2,2,Water resources works,Analiza Prețului Unitar al Lucrărilor (AHSP) - Hotărârea PUPR 2016,Lucrări de gestionare a resurselor de apă,1 1PC : 2PB : 3Kr
"Molen capacitate 0,3","Molen capacitate 0,3",Equipment,General,hari,0.0,0.0,0.0,0.0,0,RON,0.0,0.25,2,2,Water resources works,Analiza Prețului Unitar al Lucrărilor (AHSP) - Hotărârea PUPR 2016,Lucrări de gestionare a resurselor de apă,1 1PC : 2PB : 3Kr
"16"" ; (400 mm) + cuplaje & accesorii","16"" ; (400 mm) + cuplaje & accesorii",Material,General,m',0.0,0.0,0.0,0.0,0,RON,0.0,1.45,2,2,Building and settlement works,Analiza Prețului Unitar al Lucrărilor (AHSP) - Permen PUPR 2022,Lucrări de construcții și amenajări,6.4 SISTEM DE INSTALARE A ȚEVILOR ÎN CLĂDIRE
"14"" ; (350 mm) + racord & accesorii","14"" ; (350 mm) + racord & accesorii",Material,General,m',0.0,0.0,0.0,0.0,0,RON,0.0,1.45,2,2,Building and settlement works,Analiza Prețului Unitar al Lucrărilor (AHSP) - Permen PUPR 2022,Lucrări de construcții și amenajări,6.4 SISTEM DE INSTALARE A ȚEVILOR ÎN CLĂDIRE
"10"" ; (250 mm) + fitinguri & accesorii","10"" ; (250 mm) + fitinguri & accesorii",Material,General,m',0.0,0.0,0.0,0.0,0,RON,0.0,1.45,2,2,Building and settlement works,Analiza Prețului Unitar al Lucrărilor (AHSP) - Permen PUPR 2022,Lucrări de construcții și amenajări,6.4 SISTEM DE INSTALARE A ȚEVILOR ÎN CLĂDIRE
"8"" ; (200 mm) + racord & accesorii","8"" ; (200 mm) + racord & accesorii",Material,General,m',0.0,0.0,0.0,0.0,0,RON,0.0,1.45,2,2,Building and settlement works,Analiza Prețului Unitar al Lucrărilor (AHSP) - Permen PUPR 2022,Lucrări de construcții și amenajări,6.4 SISTEM DE INSTALARE A ȚEVILOR ÎN CLĂDIRE
"6"" ; (150 mm) + fitting & accesorii","6"" ; (150 mm) + fitting & accesorii",Material,Pipes & Fittings,m',0.0,0.0,0.0,0.0,0,RON,0.0,1.45,2,2,Building and settlement works,Analiza Prețului Unitar al Lucrărilor (AHSP) - Permen PUPR 2022,Lucrări de construcții și amenajări,6.4 SISTEM DE INSTALARE A ȚEVILOR ÎN CLĂDIRE
"5"" ; (125 mm) + fitting & accesorii","5"" ; (125 mm) + fitting & accesorii",Material,Pipes & Fittings,m',0.0,0.0,0.0,0.0,0,RON,0.0,1.45,2,2,Building and settlement works,Analiza Prețului Unitar al Lucrărilor (AHSP) - Permen PUPR 2022,Lucrări de construcții și amenajări,6.4 SISTEM DE INSTALARE A ȚEVILOR ÎN CLĂDIRE
"4"" ; (100 mm) + cuplaje & accesorii","4"" ; (100 mm) + cuplaje & accesorii",Material,General,m',0.0,0.0,0.0,0.0,0,RON,0.0,1.45,2,2,Building and settlement works,Analiza Prețului Unitar al Lucrărilor (AHSP) - Permen PUPR 2022,Lucrări de construcții și amenajări,6.4 SISTEM DE INSTALARE A ȚEVILOR ÎN CLĂDIRE
"2-1/2"" ; (65 mm) + fitinguri & accesorii","2-1/2"" ; (65 mm) + fitinguri & accesorii",Material,General,m',0.0,0.0,0.0,0.0,0,RON,0.0,1.45,2,2,Building and settlement works,Analiza Prețului Unitar al Lucrărilor (AHSP) - Permen PUPR 2022,Lucrări de construcții și amenajări,6.4 SISTEM DE INSTALARE A ȚEVILOR ÎN CLĂDIRE
"2"" ; (50 mm) + fitinguri & accesorii","2"" ; (50 mm) + fitinguri & accesorii",Material,General,m',0.0,0.0,0.0,0.0,0,RON,0.0,1.45,2,2,Building and settlement works,Analiza Prețului Unitar al Lucrărilor (AHSP) - Permen PUPR 2022,Lucrări de construcții și amenajări,6.4 SISTEM DE INSTALARE A ȚEVILOR ÎN CLĂDIRE
"1-1/2"" ; (40 mm) + cuplare & accesorii","1-1/2"" ; (40 mm) + cuplare & accesorii",Material,General,m',0.0,0.0,0.0,0.0,0,RON,0.0,1.45,2,2,Building and settlement works,Analiza Prețului Unitar al Lucrărilor (AHSP) - Permen PUPR 2022,Lucrări de construcții și amenajări,6.4 SISTEM DE INSTALARE A ȚEVILOR ÎN CLĂDIRE
Balamă aer,Balamă aer,Material,General,buah,0.0,0.0,0.0,0.0,0,RON,0.0,1.0,2,2,Building and settlement works,Analiza Prețului Unitar al Lucrărilor (AHSP) - Hotărârea PUPR 2016,Lucrări de construcții și amenajări,A.4.6.2 PREȚ PE UNITATE PENTRU LUCRARE DE ÎNCHIDERE ȘI STICLĂ
Balamă ușă,Balamă ușă,Material,General,buah,0.0,0.0,0.0,0.0,0,RON,0.0,1.0,2,2,Building and settlement works,Analiza Prețului Unitar al Lucrărilor (AHSP) - Hotărârea PUPR 2016,Lucrări de construcții și amenajări,A.4.6.2 PREȚ PE UNITATE PENTRU LUCRARE DE ÎNCHIDERE ȘI STICLĂ
Cheie ingropat antic,Cheie ingropat antic,Material,General,buah,0.0,0.0,0.0,0.0,0,RON,0.0,1.0,2,2,Building and settlement works,Analiza Prețului Unitar al Lucrărilor (AHSP) - Hotărârea PUPR 2016,Lucrări de construcții și amenajări,A.4.6.2 PREȚ PE UNITATE PENTRU LUCRARE DE ÎNCHIDERE ȘI STICLĂ
"1-1/4"" ; (32 mm) + fitinguri & accesorii","1-1/4"" ; (32 mm) + fitinguri & accesorii",Material,General,m',0.0,0.0,0.0,0.0,0,RON,0.0,1.45,2,2,Building and settlement works,Analiza Prețului Unitar al Lucrărilor (AHSP) - Permen PUPR 2022,Lucrări de construcții și amenajări,6.4 SISTEM DE INSTALARE A ȚEVILOR ÎN CLĂDIRE
(Fibră de sticlă) Kap. 5 m3 + Material Auxiliar / Accesorii,(Fibră de sticlă) Kap. 5 m3 + Material Auxiliar / Accesorii,Material,General,Unit,0.0,0.0,0.0,0.0,0,RON,0.0,1.2625,2,2,Building and settlement works,Analiza Prețului Unitar al Lucrărilor (AHSP) - Permen PUPR 2022,Lucrări de construcții și amenajări,6.2 SISTEM DE APĂ REZIDUALĂ
"Capacitate 0,1 m3/zi + Material auxiliar / Accesorii","Capacitate 0,1 m3/zi + Material auxiliar / Accesorii",Material,General,Unit,0.0,0.0,0.0,0.0,0,RON,0.0,1.025,2,2,Building and settlement works,Analiza Prețului Unitar al Lucrărilor (AHSP) - Permen PUPR 2022,Lucrări de construcții și amenajări,6.1 SISTEM DE APĂ POTABILĂ
lpm (centrifugal capăt absorpție) + material auxiliar / accesorii,lpm (centrifugal capăt absorpție) + material auxiliar / accesorii,Material,General,Set,0.0,0.0,0.0,0.0,0,RON,0.0,1.025,2,2,Building and settlement works,Analiza Prețului Unitar al Lucrărilor (AHSP) - Permen PUPR 2022,Lucrări de construcții și amenajări,6.1 SISTEM DE APĂ POTABILĂ
Putere 12 m3 + Material auxiliar / Accesorii,Putere 12 m3 + Material auxiliar / Accesorii,Material,General,Unit,0.0,0.0,0.0,0.0,0,RON,0.0,1.135,2,2,Building and settlement works,Analiza Prețului Unitar al Lucrărilor (AHSP) - Permen PUPR 2022,Lucrări de construcții și amenajări,6.1 SISTEM DE APĂ POTABILĂ
Capacitate 2 m3 + Material auxiliar / Accesorii,Capacitate 2 m3 + Material auxiliar / Accesorii,Material,General,Unit,0.0,0.0,0.0,0.0,0,RON,0.0,1.115,2,2,Building and settlement works,Analiza Prețului Unitar al Lucrărilor (AHSP) - Permen PUPR 2022,Lucrări de construcții și amenajări,6.1 SISTEM DE APĂ POTABILĂ
"aspirație, 1.250 USGPM și accesorii","aspirație, 1.250 USGPM și accesorii",Material,General,Unit,0.0,0.0,0.0,0.0,0,RON,0.0,1.05,2,2,Building and settlement works,Analiza Prețului Unitar al Lucrărilor (AHSP) - Permen PUPR 2022,Lucrări de construcții și amenajări,5.6.3 APAR
"absorpție, 1.000 USGPM și accesorii","absorpție, 1.000 USGPM și accesorii",Material,General,Unit,0.0,0.0,0.0,0.0,0,RON,0.0,1.05,2,2,Building and settlement works,Analiza Prețului Unitar al Lucrărilor (AHSP) - Permen PUPR 2022,Lucrări de construcții și amenajări,5.6.3 APAR
200 x 200 mm și accesorii,200 x 200 mm și accesorii,Material,General,Unit,0.0,0.0,0.0,0.0,0,RON,0.0,1.1,2,2,Building and settlement works,Analiza Prețului Unitar al Lucrărilor (AHSP) - Permen PUPR 2022,Lucrări de construcții și amenajări,5.5 LUCRĂRI SISTEM DE CLIMATIZARE
1.000 x 450 mm și accesorii,1.000 x 450 mm și accesorii,Material,General,Unit,0.0,0.0,0.0,0.0,0,RON,0.0,1.1,2,2,Building and settlement works,Analiza Prețului Unitar al Lucrărilor (AHSP) - Permen PUPR 2022,Lucrări de construcții și amenajări,5.5 LUCRĂRI SISTEM DE CLIMATIZARE
1.000 x 400 mm și accesorii,1.000 x 400 mm și accesorii,Material,General,Unit,0.0,0.0,0.0,0.0,0,RON,0.0,1.1,2,2,Building and settlement works,Analiza Prețului Unitar al Lucrărilor (AHSP) - Permen PUPR 2022,Lucrări de construcții și amenajări,5.5 LUCRĂRI SISTEM DE CLIMATIZARE
900 x 500 mm și accesorii,900 x 500 mm și accesorii,Material,General,Unit,0.0,0.0,0.0,0.0,0,RON,0.0,1.1,2,2,Building and settlement works,Analiza Prețului Unitar al Lucrărilor (AHSP) - Permen PUPR 2022,Lucrări de construcții și amenajări,5.5 LUCRĂRI SISTEM DE CLIMATIZARE
Pietriș (max 30mm),Pietriș (max 30mm),Material,General,Kg,0.0,0.0,0.0,0.0,0,RON,0.0,113.19,2,2,Building and settlement works,Analiza Prețului Unitar al Lucrărilor (AHSP) - Hotărârea PUPR 2016,Lucrări de construcții și amenajări,A.4.1.2 PREȚ PE UNITATE PENTRU LUCRĂRI DE BETON PREMOLDUIT
Pietriș (max 30 mm),Pietriș (max 30 mm),Material,General,Kg,0.0,0.0,0.0,0.0,0,RON,0.0,118.335,2,2,Building and settlement works,Analiza Prețului Unitar al Lucrărilor (AHSP) - Hotărârea PUPR 2016,Lucrări de construcții și amenajări,A.4.1.2 PREȚ PE UNITATE PENTRU LUCRĂRI DE BETON PREMOLDUIT
Sticlă grosime 8 mm,Sticlă grosime 8 mm,Material,General,m2,0.0,0.0,0.0,0.0,0,RON,0.0,1.1,2,2,Building and settlement works,Analiza Prețului Unitar al Lucrărilor (AHSP) - Hotărârea PUPR 2016,Lucrări de construcții și amenajări,A.4.6.2 PREȚ PE UNITATE PENTRU LUCRARE DE ÎNCHIDERE ȘI STICLĂ
sticlă groasă 5 mm,sticlă groasă 5 mm,Material,General,m2,0.0,0.0,0.0,0.0,0,RON,0.0,1.1,2,2,Building and settlement works,Analiza Prețului Unitar al Lucrărilor (AHSP) - Hotărârea PUPR 2016,Lucrări de construcții și amenajări,A.4.6.2 PREȚ PE UNITATE PENTRU LUCRARE DE ÎNCHIDERE ȘI STICLĂ
Sticlă grosime 3 mm,Sticlă grosime 3 mm,Material,General,m2,0.0,0.0,0.0,0.0,0,RON,0.0,1.1,2,2,Building and settlement works,Analiza Prețului Unitar al Lucrărilor (AHSP) - Hotărârea PUPR 2016,Lucrări de construcții și amenajări,A.4.6.2 PREȚ PE UNITATE PENTRU LUCRARE DE ÎNCHIDERE ȘI STICLĂ
M.71.cmb,Cui 5 cm și 7,Material,General,kg,0.0,0.0,0.0,0.0,0,RON,0.0,0.275,2,2,Water resources works,Analiza Prețului Unitar al Lucrărilor (AHSP) - Hotărârea PUPR 2016,Lucrări de gestionare a resurselor de apă,1 1PC : 2PB : 3Kr
Frânghie iută sau,Frânghie iută sau,Material,General,m,0.0,0.0,0.0,0.0,0,RON,0.0,3.5,2,2,Water resources works,Analiza Prețului Unitar al Lucrărilor (AHSP) - Hotărârea PUPR 2016,Lucrări de gestionare a resurselor de apă,1 1PC : 2PB : 3Kr
"Dolken lemn clasa III ø cm, lungime 4m","Dolken lemn clasa III ø cm, lungime 4m",Material,General,batang,0.0,0.0,0.0,0.0,0,RON,0.0,1.138,2,2,Water resources works,Analiza Prețului Unitar al Lucrărilor (AHSP) - Hotărârea PUPR 2016,Lucrări de gestionare a resurselor de apă,1 1PC : 2PB : 3Kr
800 x 400 mm și accesorii,800 x 400 mm și accesorii,Material,General,Unit,0.0,0.0,0.0,0.0,0,RON,0.0,1.1,2,2,Building and settlement works,Analiza Prețului Unitar al Lucrărilor (AHSP) - Permen PUPR 2022,Lucrări de construcții și amenajări,5.5 LUCRĂRI SISTEM DE CLIMATIZARE
650 x 350 mm și accesorii,650 x 350 mm și accesorii,Material,General,Unit,0.0,0.0,0.0,0.0,0,RON,0.0,1.1,2,2,Building and settlement works,Analiza Prețului Unitar al Lucrărilor (AHSP) - Permen PUPR 2022,Lucrări de construcții și amenajări,5.5 LUCRĂRI SISTEM DE CLIMATIZARE
600 x 300 mm și accesorii,600 x 300 mm și accesorii,Material,General,Unit,0.0,0.0,0.0,0.0,0,RON,0.0,1.1,2,2,Building and settlement works,Analiza Prețului Unitar al Lucrărilor (AHSP) - Permen PUPR 2022,Lucrări de construcții și amenajări,5.5 LUCRĂRI SISTEM DE CLIMATIZARE
întrerupător principal hub port și accesorii,întrerupător principal hub port și accesorii,Material,General,Unit,0.0,0.0,0.0,0.0,0,RON,0.0,1.05,2,2,Building and settlement works,Analiza Prețului Unitar al Lucrărilor (AHSP) - Permen PUPR 2022,Lucrări de construcții și amenajări,5.4 LUCRĂRI SISTEM ELECTRONIC
Cablu NYMHY 2 x mm2,Cablu NYMHY 2 x mm2,Material,General,M,0.0,0.0,0.0,0.0,0,RON,0.0,21.45,2,2,Building and settlement works,Analiza Prețului Unitar al Lucrărilor (AHSP) - Permen PUPR 2022,Lucrări de construcții și amenajări,5.4 LUCRĂRI SISTEM ELECTRONIC
Difuzor corn și accesorii,Difuzor corn și accesorii,Material,General,Unit,0.0,0.0,0.0,0.0,0,RON,0.0,1.05,2,2,Building and settlement works,Analiza Prețului Unitar al Lucrărilor (AHSP) - Permen PUPR 2022,Lucrări de construcții și amenajări,5.4 LUCRĂRI SISTEM ELECTRONIC
Bracket,Bracket,Material,General,buah,0.0,0.0,0.0,0.0,0,RON,0.0,1.0,2,2,Building and settlement works,Analiza Prețului Unitar al Lucrărilor (AHSP) - Permen PUPR 2022,Lucrări de construcții și amenajări,5.4 LUCRĂRI SISTEM ELECTRONIC
Kapur sirih,Kapur sirih,Material,General,Kg,0.0,0.0,0.0,0.0,0,RON,0.0,0.225,2,2,Building and settlement works,Analiza Prețului Unitar al Lucrărilor (AHSP) - Hotărârea PUPR 2016,Lucrări de construcții și amenajări,A.4.7.1 PREȚUL UNITĂȚII DE LUCRU PENTRU VOPSITORIE
Dempul,Dempul,Material,General,Kg,0.0,0.0,0.0,0.0,0,RON,0.0,0.05,2,2,Building and settlement works,Analiza Prețului Unitar al Lucrărilor (AHSP) - Hotărârea PUPR 2016,Lucrări de construcții și amenajări,A.4.7.1 PREȚUL UNITĂȚII DE LUCRU PENTRU VOPSITORIE
Vernis,Vernis,Material,General,L,0.0,0.0,0.0,0.0,0,RON,0.0,0.15,2,2,Building and settlement works,Analiza Prețului Unitar al Lucrărilor (AHSP) - Hotărârea PUPR 2016,Lucrări de construcții și amenajări,A.4.7.1 PREȚUL UNITĂȚII DE LUCRU PENTRU VOPSITORIE
Cat menie,Cat menie,Material,General,Kg,0.0,0.0,0.0,0.0,0,RON,0.0,0.2,2,2,Building and settlement works,Analiza Prețului Unitar al Lucrărilor (AHSP) - Hotărârea PUPR 2016,Lucrări de construcții și amenajări,A.4.7.1 PREȚUL UNITĂȚII DE LUCRU PENTRU VOPSITORIE
"Lemn rافter 5/7 (lățime cm, înălțime 7 cm)","Lemn rافter 5/7 (lățime cm, înălțime 7 cm)",Material,General,m3,0.0,0.0,0.0,0.0,0,RON,0.0,0.0045,2,2,Building and settlement works,Analiza Prețului Unitar al Lucrărilor (AHSP) - Hotărârea PUPR 2016,Lucrări de construcții și amenajări,A.4.1.2 PREȚ PE UNITATE PENTRU LUCRĂRI DE BETON PREMOLDUIT
"Cablu FRC 2 x 1,5 mm2","Cablu FRC 2 x 1,5 mm2",Material,General,m,0.0,0.0,0.0,0.0,0,RON,0.0,16.5,2,2,Building and settlement works,Analiza Prețului Unitar al Lucrărilor (AHSP) - Permen PUPR 2022,Lucrări de construcții și amenajări,5.4 LUCRĂRI SISTEM ELECTRONIC
grosime tablă 3 mm) + fundație și accesorii,grosime tablă 3 mm) + fundație și accesorii,Material,General,buah,0.0,0.0,0.0,0.0,0,RON,0.0,1.05,2,2,Building and settlement works,Analiza Prețului Unitar al Lucrărilor (AHSP) - Permen PUPR 2022,Lucrări de construcții și amenajări,5.3 LUCRĂRI DE SISTEM DE ILUMINAT
Lampă LED E27 19 Watt și accesorii,Lampă LED E27 19 Watt și accesorii,Material,General,buah,0.0,0.0,0.0,0.0,0,RON,0.0,1.1,2,2,Building and settlement works,Analiza Prețului Unitar al Lucrărilor (AHSP) - Permen PUPR 2022,Lucrări de construcții și amenajări,5.3 LUCRĂRI DE SISTEM DE ILUMINAT
Lampă LED E27 10 Watt și accesorii,Lampă LED E27 10 Watt și accesorii,Material,General,buah,0.0,0.0,0.0,0.0,0,RON,0.0,1.1,2,2,Building and settlement works,Analiza Prețului Unitar al Lucrărilor (AHSP) - Permen PUPR 2022,Lucrări de construcții și amenajări,5.3 LUCRĂRI DE SISTEM DE ILUMINAT
M.123.b,Karung goni,Material,General,m2,0.0,0.0,0.0,0.0,0,RON,0.0,51.65,2,2,Water resources works,Analiza Prețului Unitar al Lucrărilor (AHSP) - Hotărârea PUPR 2016,Lucrări de gestionare a resurselor de apă,1 1PC : 2PB : 3Kr
"Cablu NYM 3 x 2,5 mm2 (LSOH)","Cablu NYM 3 x 2,5 mm2 (LSOH)",Material,General,M,0.0,0.0,0.0,0.0,0,RON,0.0,11.55,2,2,Building and settlement works,Analiza Prețului Unitar al Lucrărilor (AHSP) - Permen PUPR 2022,Lucrări de construcții și amenajări,"L.0 OH m' 1,15"
"Cablu NYM 3 x 2,5 mm2","Cablu NYM 3 x 2,5 mm2",Material,General,m,0.0,0.0,0.0,0.0,0,RON,0.0,11.55,2,2,Building and settlement works,Analiza Prețului Unitar al Lucrărilor (AHSP) - Permen PUPR 2022,Lucrări de construcții și amenajări,"L.0 OH m' 1,15"
kVA Tip Silențios și accesorii,kVA Tip Silențios și accesorii,Material,General,buah,0.0,0.0,0.0,0.0,0,RON,0.0,1.035,2,2,Building and settlement works,Analiza Prețului Unitar al Lucrărilor (AHSP) - Permen PUPR 2022,Lucrări de construcții și amenajări,"L.0 OH m' 1,15"
închiriere trepied/taclu,închiriere trepied/taclu,Equipment,General,hari,0.0,0.0,0.0,0.0,0,RON,0.0,2.0,2,2,Building and settlement works,Analiza Prețului Unitar al Lucrărilor (AHSP) - Permen PUPR 2022,Lucrări de construcții și amenajări,"L.0 OH m' 1,15"
x 200 mm) inclusiv material auxiliar / accesorii,x 200 mm) inclusiv material auxiliar / accesorii,Material,General,Unit,0.0,0.0,0.0,0.0,0,RON,0.0,1.0,2,2,Building and settlement works,Analiza Prețului Unitar al Lucrărilor (AHSP) - Permen PUPR 2022,Lucrări de construcții și amenajări,"L.0 OH m' 1,15"
Șef de echipă,Șef de echipă,Labor,Labor,,0.0,0.0,0.0,0.0,0,RON,0.0,0.002,2,1,Building and settlement works,Analiza Prețului Unitar al Lucrărilor (AHSP) - Permen PUPR 2022,Lucrări de construcții și amenajări,5.1.1.5 Cablu NYFGBY
Thinner,Thinner,Material,General,L,0.0,0.0,0.0,0.0,0,RON,0.0,1.1,2,2,Building and settlement works,Analiza Prețului Unitar al Lucrărilor (AHSP) - Hotărârea PUPR 2016,Lucrări de construcții și amenajări,A.4.7.1 PREȚUL UNITĂȚII DE LUCRU PENTRU VOPSITORIE
Melamic,Melamic,Material,General,kg,0.0,0.0,0.0,0.0,0,RON,0.0,1.32,2,2,Building and settlement works,Analiza Prețului Unitar al Lucrărilor (AHSP) - Hotărârea PUPR 2016,Lucrări de construcții și amenajări,A.4.7.1 PREȚUL UNITĂȚII DE LUCRU PENTRU VOPSITORIE
Sanding,Sanding,Material,Aggregates,kg,0.0,0.0,0.0,0.0,0,RON,0.0,0.825,2,2,Building and settlement works,Analiza Prețului Unitar al Lucrărilor (AHSP) - Hotărârea PUPR 2016,Lucrări de construcții și amenajări,A.4.7.1 PREȚUL UNITĂȚII DE LUCRU PENTRU VOPSITORIE
Woodstain,Woodstain,Material,Wood & Timber,kg,0.0,0.0,0.0,0.0,0,RON,0.0,0.825,2,2,Building and settlement works,Analiza Prețului Unitar al Lucrărilor (AHSP) - Hotărârea PUPR 2016,Lucrări de construcții și amenajări,A.4.7.1 PREȚUL UNITĂȚII DE LUCRU PENTRU VOPSITORIE
Menie B,Menie B,Material,General,Kg,0.0,0.0,0.0,0.0,0,RON,0.0,0.1,2,2,Building and settlement works,Analiza Prețului Unitar al Lucrărilor (AHSP) - Hotărârea PUPR 2016,Lucrări de construcții și amenajări,A.4.7.1 PREȚUL UNITĂȚII DE LUCRU PENTRU VOPSITORIE
Menie A,Menie A,Material,General,Kg,0.0,0.0,0.0,0.0,0,RON,0.0,0.1,2,2,Building and settlement works,Analiza Prețului Unitar al Lucrărilor (AHSP) - Hotărârea PUPR 2016,Lucrări de construcții și amenajări,A.4.7.1 PREȚUL UNITĂȚII DE LUCRU PENTRU VOPSITORIE
Schela Lemn,Schela Lemn,Material,General,m3,0.0,0.0,0.0,0.0,0,RON,0.0,0.002,2,2,Building and settlement works,Analiza Prețului Unitar al Lucrărilor (AHSP) - Hotărârea PUPR 2016,Lucrări de construcții și amenajări,A.4.7.1 PREȚUL UNITĂȚII DE LUCRU PENTRU VOPSITORIE
Menie besi,Menie besi,Material,General,Kg,0.0,0.0,0.0,0.0,0,RON,0.0,0.1,2,2,Building and settlement works,Analiza Prețului Unitar al Lucrărilor (AHSP) - Hotărârea PUPR 2016,Lucrări de construcții și amenajări,A.4.7.1 PREȚUL UNITĂȚII DE LUCRU PENTRU VOPSITORIE
Echipament frânare+Ciocan 2 ton,Echipament frânare+Ciocan 2 ton,Equipment,General,Sewa-hari,0.0,0.0,0.0,0.0,0,RON,0.0,0.075,2,2,Water resources works,Analiza Prețului Unitar al Lucrărilor (AHSP) - Hotărârea PUPR 2016,Lucrări de gestionare a resurselor de apă,A.4 Lucrări de forare manuală (Normativ)
Fungicide/insecticide,Fungicide/insecticide,Material,General,kg,0.0,0.0,0.0,0.0,0,RON,0.0,0.001,2,2,Building and settlement works,Analiza Prețului Unitar al Lucrărilor (AHSP) - Permen PUPR 2022,Lucrări de construcții și amenajări,4.2 LUCRĂRI DE ÎNTREȚINERE A PLANTELOR
Îngrășământ anorganic NPK),Îngrășământ anorganic NPK),Material,General,m3,0.0,0.0,0.0,0.0,0,RON,0.0,0.0012,2,2,Building and settlement works,Analiza Prețului Unitar al Lucrărilor (AHSP) - Permen PUPR 2022,Lucrări de construcții și amenajări,4.2 LUCRĂRI DE ÎNTREȚINERE A PLANTELOR
Îngrășământ organic,Îngrășământ organic,Material,General,m3,0.0,0.0,0.0,0.0,0,RON,0.0,0.0048,2,2,Building and settlement works,Analiza Prețului Unitar al Lucrărilor (AHSP) - Permen PUPR 2022,Lucrări de construcții și amenajări,4.2 LUCRĂRI DE ÎNTREȚINERE A PLANTELOR
"Saltea Tip III, inclusiv ancore/consolidare saltea","Saltea Tip III, inclusiv ancore/consolidare saltea",Material,General,m2,0.0,0.0,0.0,0.0,0,RON,0.0,1.0,2,2,Building and settlement works,Analiza Prețului Unitar al Lucrărilor (AHSP) - Permen PUPR 2022,Lucrări de construcții și amenajări,4.1 LUCRĂRI DE PLANTARE
"Saltea tip II, inclusiv ancore/întărire saltea","Saltea tip II, inclusiv ancore/întărire saltea",Material,General,m2,0.0,0.0,0.0,0.0,0,RON,0.0,1.0,2,2,Building and settlement works,Analiza Prețului Unitar al Lucrărilor (AHSP) - Permen PUPR 2022,Lucrări de construcții și amenajări,4.1 LUCRĂRI DE PLANTARE
Adeziv strat întărire (lipici) 3 răsad vegetație (semințe,Adeziv strat întărire (lipici) 3 răsad vegetație (semințe,Material,General,kg,0.0,0.0,0.0,0.0,0,RON,0.0,0.003,2,2,Building and settlement works,Analiza Prețului Unitar al Lucrărilor (AHSP) - Permen PUPR 2022,Lucrări de construcții și amenajări,4.1 LUCRĂRI DE PLANTARE
"Strat tip I, inclusiv ancore/întăriri ale stratului","Strat tip I, inclusiv ancore/întăriri ale stratului",Material,General,m2,0.0,0.0,0.0,0.0,0,RON,0.0,1.0,2,2,Building and settlement works,Analiza Prețului Unitar al Lucrărilor (AHSP) - Permen PUPR 2022,Lucrări de construcții și amenajări,4.1 LUCRĂRI DE PLANTARE
plantă palmă mică,plantă palmă mică,Material,General,buah,0.0,0.0,0.0,0.0,0,RON,0.0,1.05,2,2,Building and settlement works,Analiza Prețului Unitar al Lucrărilor (AHSP) - Permen PUPR 2022,Lucrări de construcții și amenajări,4.1 LUCRĂRI DE PLANTARE
a Bambus sau lemn (lungime 4 m'),a Bambus sau lemn (lungime 4 m'),Material,General,batang,0.0,0.0,0.0,0.0,0,RON,0.0,3.0,2,2,Building and settlement works,Analiza Prețului Unitar al Lucrărilor (AHSP) - Permen PUPR 2022,Lucrări de construcții și amenajări,4.1 LUCRĂRI DE PLANTARE
Țeavă HDPE Ø 63 mm,Țeavă HDPE Ø 63 mm,Material,General,m,0.0,0.0,0.0,0.0,0,RON,0.0,1.0,2,2,Building and settlement works,Analiza Prețului Unitar al Lucrărilor (AHSP) - Hotărârea PUPR 2016,Lucrări de construcții și amenajări,A.8.4.1 PREȚUL UNITĂȚII DE LUCRU PENTRU INSTALAREA ȚEVURILOR ÎN AFARA CLĂDIRII
Țeavă PVC Ø 1200 mm,Țeavă PVC Ø 1200 mm,Material,General,m,0.0,0.0,0.0,0.0,0,RON,0.0,1.0,2,2,Building and settlement works,Analiza Prețului Unitar al Lucrărilor (AHSP) - Hotărârea PUPR 2016,Lucrări de construcții și amenajări,A.8.4.1 PREȚUL UNITĂȚII DE LUCRU PENTRU INSTALAREA ȚEVURILOR ÎN AFARA CLĂDIRII
țeavă PVC Ø 1100 mm,țeavă PVC Ø 1100 mm,Material,General,m,0.0,0.0,0.0,0.0,0,RON,0.0,1.0,2,2,Building and settlement works,Analiza Prețului Unitar al Lucrărilor (AHSP) - Hotărârea PUPR 2016,Lucrări de construcții și amenajări,A.8.4.1 PREȚUL UNITĂȚII DE LUCRU PENTRU INSTALAREA ȚEVURILOR ÎN AFARA CLĂDIRII
țeavă PVC Ø 1000 mm,țeavă PVC Ø 1000 mm,Material,General,m,0.0,0.0,0.0,0.0,0,RON,0.0,1.0,2,2,Building and settlement works,Analiza Prețului Unitar al Lucrărilor (AHSP) - Hotărârea PUPR 2016,Lucrări de construcții și amenajări,A.8.4.1 PREȚUL UNITĂȚII DE LUCRU PENTRU INSTALAREA ȚEVURILOR ÎN AFARA CLĂDIRII
Plantă copac mediu,Plantă copac mediu,Material,General,buah,0.0,0.0,0.0,0.0,0,RON,0.0,1.05,2,2,Building and settlement works,Analiza Prețului Unitar al Lucrărilor (AHSP) - Permen PUPR 2022,Lucrări de construcții și amenajări,4.1 LUCRĂRI DE PLANTARE
Plantă de copac,Plantă de copac,Material,General,buah,0.0,0.0,0.0,0.0,0,RON,0.0,1.05,2,2,Building and settlement works,Analiza Prețului Unitar al Lucrărilor (AHSP) - Permen PUPR 2022,Lucrări de construcții și amenajări,4.1 LUCRĂRI DE PLANTARE
Centralizer,Centralizer,Material,General,Ls,0.0,0.0,0.0,0.0,0,RON,0.0,0.1,2,2,Water resources works,Analiza Prețului Unitar al Lucrărilor (AHSP) - Hotărârea PUPR 2016,Lucrări de gestionare a resurselor de apă,A.7 Lucrări de apă subterană (Informatív)
Cadă Fibră de sticlă,Cadă Fibră de sticlă,Material,General,unit,0.0,0.0,0.0,0.0,0,RON,0.0,1.0,2,2,Building and settlement works,Analiza Prețului Unitar al Lucrărilor (AHSP) - Permen PUPR 2022,Lucrări de construcții și amenajări,3.18.5 BĂC AIR
Waterdrain,Waterdrain,Material,Water,buah,0.0,0.0,0.0,0.0,0,RON,0.0,1.0,2,2,Building and settlement works,Analiza Prețului Unitar al Lucrărilor (AHSP) - Permen PUPR 2022,Lucrări de construcții și amenajări,3.18.2 Chiuvetă de bucătărie
chiuvetă spălare vase,chiuvetă spălare vase,Material,General,unit,0.0,0.0,0.0,0.0,0,RON,0.0,1.0,2,2,Building and settlement works,Analiza Prețului Unitar al Lucrărilor (AHSP) - Permen PUPR 2022,Lucrări de construcții și amenajări,3.18.2 Chiuvetă de bucătărie
Tăietoare Sticker,Tăietoare Sticker,Material,General,set,0.0,0.0,0.0,0.0,0,RON,0.0,1.0,2,2,Building and settlement works,Analiza Prețului Unitar al Lucrărilor (AHSP) - Permen PUPR 2022,Lucrări de construcții și amenajări,3.16 LUCRĂRI DE SEMNALISTICĂ
Vopsea zincromat,Vopsea zincromat,Material,General,kg,0.0,0.0,0.0,0.0,0,RON,0.0,0.1,2,2,Building and settlement works,Analiza Prețului Unitar al Lucrărilor (AHSP) - Permen PUPR 2022,Lucrări de construcții și amenajări,3.13 LUCRĂRI DIN OȚEL ȘI ALUMINIU
"Țeavă Oțel Negru 3""","Țeavă Oțel Negru 3""",Material,General,m’,0.0,0.0,0.0,0.0,0,RON,0.0,3.9,2,2,Building and settlement works,Analiza Prețului Unitar al Lucrărilor (AHSP) - Permen PUPR 2022,Lucrări de construcții și amenajări,3.13 LUCRĂRI DIN OȚEL ȘI ALUMINIU
Cadru Aluminiu,Cadru Aluminiu,Material,General,m',0.0,0.0,0.0,0.0,0,RON,0.0,4.0,2,2,Building and settlement works,Analiza Prețului Unitar al Lucrărilor (AHSP) - Permen PUPR 2022,Lucrări de construcții și amenajări,3.12 LUCRĂRI CU STICLĂ
Sticlă laminată 8 mm + 8 mm,Sticlă laminată 8 mm + 8 mm,Material,General,m2,0.0,0.0,0.0,0.0,0,RON,0.0,2.1,2,2,Building and settlement works,Analiza Prețului Unitar al Lucrărilor (AHSP) - Permen PUPR 2022,Lucrări de construcții și amenajări,3.12 LUCRĂRI CU STICLĂ
Țeavă HDPE Ø 450 mm,Țeavă HDPE Ø 450 mm,Material,General,m,0.0,0.0,0.0,0.0,0,RON,0.0,1.0,2,2,Building and settlement works,Analiza Prețului Unitar al Lucrărilor (AHSP) - Hotărârea PUPR 2016,Lucrări de construcții și amenajări,A.8.4.1 PREȚUL UNITĂȚII DE LUCRU PENTRU INSTALAREA ȚEVURILOR ÎN AFARA CLĂDIRII
Conductă HDPE Ø 400 mm,Conductă HDPE Ø 400 mm,Material,General,m,0.0,0.0,0.0,0.0,0,RON,0.0,1.0,2,2,Building and settlement works,Analiza Prețului Unitar al Lucrărilor (AHSP) - Hotărârea PUPR 2016,Lucrări de construcții și amenajări,A.8.4.1 PREȚUL UNITĂȚII DE LUCRU PENTRU INSTALAREA ȚEVURILOR ÎN AFARA CLĂDIRII
Țeavă HDPE Ø 300 mm,Țeavă HDPE Ø 300 mm,Material,General,m,0.0,0.0,0.0,0.0,0,RON,0.0,1.0,2,2,Building and settlement works,Analiza Prețului Unitar al Lucrărilor (AHSP) - Hotărârea PUPR 2016,Lucrări de construcții și amenajări,A.8.4.1 PREȚUL UNITĂȚII DE LUCRU PENTRU INSTALAREA ȚEVURILOR ÎN AFARA CLĂDIRII
Țeavă HDPE Ø 250 mm,Țeavă HDPE Ø 250 mm,Material,General,m,0.0,0.0,0.0,0.0,0,RON,0.0,1.0,2,2,Building and settlement works,Analiza Prețului Unitar al Lucrărilor (AHSP) - Hotărârea PUPR 2016,Lucrări de construcții și amenajări,A.8.4.1 PREȚUL UNITĂȚII DE LUCRU PENTRU INSTALAREA ȚEVURILOR ÎN AFARA CLĂDIRII
Țeavă HDPE Ø 200 mm,Țeavă HDPE Ø 200 mm,Material,General,m,0.0,0.0,0.0,0.0,0,RON,0.0,1.0,2,2,Building and settlement works,Analiza Prețului Unitar al Lucrărilor (AHSP) - Hotărârea PUPR 2016,Lucrări de construcții și amenajări,A.8.4.1 PREȚUL UNITĂȚII DE LUCRU PENTRU INSTALAREA ȚEVURILOR ÎN AFARA CLĂDIRII
Țeavă HDPE Ø 150 mm,Țeavă HDPE Ø 150 mm,Material,General,m,0.0,0.0,0.0,0.0,0,RON,0.0,1.0,2,2,Building and settlement works,Analiza Prețului Unitar al Lucrărilor (AHSP) - Hotărârea PUPR 2016,Lucrări de construcții și amenajări,A.8.4.1 PREȚUL UNITĂȚII DE LUCRU PENTRU INSTALAREA ȚEVURILOR ÎN AFARA CLĂDIRII
țeavă HDPE Ø 125 mm,țeavă HDPE Ø 125 mm,Material,General,m,0.0,0.0,0.0,0.0,0,RON,0.0,1.0,2,2,Building and settlement works,Analiza Prețului Unitar al Lucrărilor (AHSP) - Hotărârea PUPR 2016,Lucrări de construcții și amenajări,A.8.4.1 PREȚUL UNITĂȚII DE LUCRU PENTRU INSTALAREA ȚEVURILOR ÎN AFARA CLĂDIRII
Țeavă HDPE Ø 100 mm,Țeavă HDPE Ø 100 mm,Material,General,m,0.0,0.0,0.0,0.0,0,RON,0.0,1.0,2,2,Building and settlement works,Analiza Prețului Unitar al Lucrărilor (AHSP) - Hotărârea PUPR 2016,Lucrări de construcții și amenajări,A.8.4.1 PREȚUL UNITĂȚII DE LUCRU PENTRU INSTALAREA ȚEVURILOR ÎN AFARA CLĂDIRII
Șină Ușă Glisantă,Șină Ușă Glisantă,Material,General,set,0.0,0.0,0.0,0.0,0,RON,0.0,1.0,2,2,Building and settlement works,Analiza Prețului Unitar al Lucrărilor (AHSP) - Permen PUPR 2022,Lucrări de construcții și amenajări,3.11.4 ACCESORII UȘI ȘI FERESTRE
Grindă lemn 6/15,Grindă lemn 6/15,Material,General,m3,0.0,0.0,0.0,0.0,0,RON,0.0,0.0108,2,2,Building and settlement works,Analiza Prețului Unitar al Lucrărilor (AHSP) - Permen PUPR 2022,Lucrări de construcții și amenajări,3.11.3 UȘI ȘI FERESTRE
Grindă lemn 6/12,Grindă lemn 6/12,Material,General,m3,0.0,0.0,0.0,0.0,0,RON,0.0,0.0086,2,2,Building and settlement works,Analiza Prețului Unitar al Lucrărilor (AHSP) - Permen PUPR 2022,Lucrări de construcții și amenajări,3.11.3 UȘI ȘI FERESTRE
șurub fixator,șurub fixator,Material,General,buah,0.0,0.0,0.0,0.0,0,RON,0.0,2.0,2,2,Building and settlement works,Analiza Prețului Unitar al Lucrărilor (AHSP) - Permen PUPR 2022,Lucrări de construcții și amenajări,3.11.3 UȘI ȘI FERESTRE
"Oțel Bandă (0,2 x 2) cm","Oțel Bandă (0,2 x 2) cm",Material,General,m’,0.0,0.0,0.0,0.0,0,RON,0.0,4.358,2,2,Building and settlement works,Analiza Prețului Unitar al Lucrărilor (AHSP) - Permen PUPR 2022,Lucrări de construcții și amenajări,3.11.2 FERESTRE
Profil sticlă grosă 6 mm,Profil sticlă grosă 6 mm,Material,General,m2,0.0,0.0,0.0,0.0,0,RON,0.0,1.1,2,2,Building and settlement works,Analiza Prețului Unitar al Lucrărilor (AHSP) - Permen PUPR 2022,Lucrări de construcții și amenajări,3.11.1 UȘĂ
Cadru aluminiu,Cadru aluminiu,Material,General,m’,0.0,0.0,0.0,0.0,0,RON,0.0,4.4,2,2,Building and settlement works,Analiza Prețului Unitar al Lucrărilor (AHSP) - Permen PUPR 2022,Lucrări de construcții și amenajări,3.11.1 UȘĂ
Țeavă DCI Ø 150,Țeavă DCI Ø 150,Material,General,m,0.0,0.0,0.0,0.0,0,RON,0.0,1.0,2,2,Building and settlement works,Analiza Prețului Unitar al Lucrărilor (AHSP) - Hotărârea PUPR 2016,Lucrări de construcții și amenajări,A.8.4.1 PREȚUL UNITĂȚII DE LUCRU PENTRU INSTALAREA ȚEVURILOR ÎN AFARA CLĂDIRII
Țeavă DCI Ø 100,Țeavă DCI Ø 100,Material,General,m,0.0,0.0,0.0,0.0,0,RON,0.0,1.0,2,2,Building and settlement works,Analiza Prețului Unitar al Lucrărilor (AHSP) - Hotărârea PUPR 2016,Lucrări de construcții și amenajări,A.8.4.1 PREȚUL UNITĂȚII DE LUCRU PENTRU INSTALAREA ȚEVURILOR ÎN AFARA CLĂDIRII
Dynabolt/Șurub de Ancoră,Dynabolt/Șurub de Ancoră,Material,Fasteners,buah,0.0,0.0,0.0,0.0,0,RON,0.0,7.0,2,2,Building and settlement works,Analiza Prețului Unitar al Lucrărilor (AHSP) - Permen PUPR 2022,Lucrări de construcții și amenajări,3.10.5 ACOPERIRE PENTRU PERETE ALTE
"cm x 100 cm, grosime cm","cm x 100 cm, grosime cm",Material,General,buah,0.0,0.0,0.0,0.0,0,RON,0.0,1.1,2,2,Building and settlement works,Analiza Prețului Unitar al Lucrărilor (AHSP) - Permen PUPR 2022,Lucrări de construcții și amenajări,3.10.5 ACOPERIRE PENTRU PERETE ALTE
cui 5 cm și 10 cm,cui 5 cm și 10 cm,Material,General,kg,0.0,0.0,0.0,0.0,0,RON,0.0,0.125,2,2,Building and settlement works,Analiza Prețului Unitar al Lucrărilor (AHSP) - Permen PUPR 2022,Lucrări de construcții și amenajări,3.10.5 ACOPERIRE PENTRU PERETE ALTE
Keramik,Keramik,Material,General,buah,0.0,0.0,0.0,0.0,0,RON,0.0,39.0,2,2,Building and settlement works,Analiza Prețului Unitar al Lucrărilor (AHSP) - Permen PUPR 2022,Lucrări de construcții și amenajări,3.10.1 PARETE CERAMICĂ
Ceramică Artistică,Ceramică Artistică,Material,General,buah,0.0,0.0,0.0,0.0,0,RON,0.0,78.75,2,2,Building and settlement works,Analiza Prețului Unitar al Lucrărilor (AHSP) - Permen PUPR 2022,Lucrări de construcții și amenajări,3.10.1 PARETE CERAMICĂ
M.88.d,Tablă ondulată zincată BJLS-30,Material,General,Lemb,0.0,0.0,0.0,0.0,0,RON,0.0,1.2,2,2,Water resources works,Analiza Prețului Unitar al Lucrărilor (AHSP) - Hotărârea PUPR 2016,Lucrări de gestionare a resurselor de apă,A.8 Lucrări diverse (Normativ/Informatív)
Țiglă Omogenă mărime 60x60cm,Țiglă Omogenă mărime 60x60cm,Material,General,buah,0.0,0.0,0.0,0.0,0,RON,0.0,2.9185,2,2,Building and settlement works,Analiza Prețului Unitar al Lucrărilor (AHSP) - Permen PUPR 2022,Lucrări de construcții și amenajări,3.9.4 GLAZĂ HOMOGENĂ
Faianță Omogenă dimensiune 40x40cm,Faianță Omogenă dimensiune 40x40cm,Material,General,buah,0.0,0.0,0.0,0.0,0,RON,0.0,6.5615,2,2,Building and settlement works,Analiza Prețului Unitar al Lucrărilor (AHSP) - Permen PUPR 2022,Lucrări de construcții și amenajări,3.9.4 GLAZĂ HOMOGENĂ
Faianță Omogenă dimensiune 30x30cm,Faianță Omogenă dimensiune 30x30cm,Material,General,buah,0.0,0.0,0.0,0.0,0,RON,0.0,11.6685,2,2,Building and settlement works,Analiza Prețului Unitar al Lucrărilor (AHSP) - Permen PUPR 2022,Lucrări de construcții și amenajări,3.9.4 GLAZĂ HOMOGENĂ
Ubin Teraso,Ubin Teraso,Material,General,buah,0.0,0.0,0.0,0.0,0,RON,0.0,9.115,2,2,Building and settlement works,Analiza Prețului Unitar al Lucrărilor (AHSP) - Permen PUPR 2022,Lucrări de construcții și amenajări,3.9.3 UBIN TERASO
Meniu fier (Zinc Cromat),Meniu fier (Zinc Cromat),Material,General,kg,0.0,0.0,0.0,0.0,0,RON,0.0,0.1,2,2,Building and settlement works,Analiza Prețului Unitar al Lucrărilor (AHSP) - Permen PUPR 2022,Lucrări de construcții și amenajări,3.8 LUCRĂRI DE VOPSIT ȘI PELICULIT
Plamur,Plamur,Material,General,kg,0.0,0.0,0.0,0.0,0,RON,0.0,0.15,2,2,Building and settlement works,Analiza Prețului Unitar al Lucrărilor (AHSP) - Permen PUPR 2022,Lucrări de construcții și amenajări,3.8 LUCRĂRI DE VOPSIT ȘI PELICULIT
Menie,Menie,Material,General,kg,0.0,0.0,0.0,0.0,0,RON,0.0,0.2,2,2,Building and settlement works,Analiza Prețului Unitar al Lucrărilor (AHSP) - Permen PUPR 2022,Lucrări de construcții și amenajări,3.8 LUCRĂRI DE VOPSIT ȘI PELICULIT
Batako,Batako,Material,General,buah,0.0,0.0,0.0,0.0,0,RON,0.0,14.0,2,2,Building and settlement works,Analiza Prețului Unitar al Lucrărilor (AHSP) - Permen PUPR 2022,Lucrări de construcții și amenajări,3.6.5 PERETE DE CĂRĂMIDĂ
Țeavă oțel Ø 63 mm,Țeavă oțel Ø 63 mm,Material,General,m,0.0,0.0,0.0,0.0,0,RON,0.0,1.0,2,2,Building and settlement works,Analiza Prețului Unitar al Lucrărilor (AHSP) - Hotărârea PUPR 2016,Lucrări de construcții și amenajări,A.8.4.1 PREȚUL UNITĂȚII DE LUCRU PENTRU INSTALAREA ȚEVURILOR ÎN AFARA CLĂDIRII
Țeavă DCI Ø 1200 mm,Țeavă DCI Ø 1200 mm,Material,General,m,0.0,0.0,0.0,0.0,0,RON,0.0,1.0,2,2,Building and settlement works,Analiza Prețului Unitar al Lucrărilor (AHSP) - Hotărârea PUPR 2016,Lucrări de construcții și amenajări,A.8.4.1 PREȚUL UNITĂȚII DE LUCRU PENTRU INSTALAREA ȚEVURILOR ÎN AFARA CLĂDIRII
Țeavă DCI Ø 1100 mm,Țeavă DCI Ø 1100 mm,Material,General,m,0.0,0.0,0.0,0.0,0,RON,0.0,1.0,2,2,Building and settlement works,Analiza Prețului Unitar al Lucrărilor (AHSP) - Hotărârea PUPR 2016,Lucrări de construcții și amenajări,A.8.4.1 PREȚUL UNITĂȚII DE LUCRU PENTRU INSTALAREA ȚEVURILOR ÎN AFARA CLĂDIRII
Țeavă DCI Ø 1000 mm,Țeavă DCI Ø 1000 mm,Material,General,m,0.0,0.0,0.0,0.0,0,RON,0.0,1.0,2,2,Building and settlement works,Analiza Prețului Unitar al Lucrărilor (AHSP) - Hotărârea PUPR 2016,Lucrări de construcții și amenajări,A.8.4.1 PREȚUL UNITĂȚII DE LUCRU PENTRU INSTALAREA ȚEVURILOR ÎN AFARA CLĂDIRII
Țeavă DCI Ø 250,Țeavă DCI Ø 250,Material,General,M,0.0,0.0,0.0,0.0,0,RON,0.0,1.0,2,2,Building and settlement works,Analiza Prețului Unitar al Lucrărilor (AHSP) - Hotărârea PUPR 2016,Lucrări de construcții și amenajări,A.8.4.1 PREȚUL UNITĂȚII DE LUCRU PENTRU INSTALAREA ȚEVURILOR ÎN AFARA CLĂDIRII
lungime 20cm adeziv lemn,lungime 20cm adeziv lemn,Material,General,kg,0.0,0.0,0.0,0.0,0,RON,0.0,0.25,2,2,Water resources works,Analiza Prețului Unitar al Lucrărilor (AHSP) - Hotărârea PUPR 2016,Lucrări de gestionare a resurselor de apă,4 - - LS
M.03.a,Hârtie abrazivă fină,Material,General,m',0.0,0.0,0.0,0.0,0,RON,0.0,0.2,2,2,Water resources works,Analiza Prețului Unitar al Lucrărilor (AHSP) - Hotărârea PUPR 2016,Lucrări de gestionare a resurselor de apă,4 - - LS
Plafon acustic 60 x 120 cm,Plafon acustic 60 x 120 cm,Material,General,lembar,0.0,0.0,0.0,0.0,0,RON,0.0,1.5,2,2,Building and settlement works,Analiza Prețului Unitar al Lucrărilor (AHSP) - Permen PUPR 2022,Lucrări de construcții și amenajări,3.5.1 TAVANE ACOUSTICE (PLAFON)
Besi Strip,Besi Strip,Material,General,kg,0.0,0.0,0.0,0.0,0,RON,0.0,3.3385,2,2,Building and settlement works,Analiza Prețului Unitar al Lucrărilor (AHSP) - Permen PUPR 2022,Lucrări de construcții și amenajări,3.3 LUCRĂRI ADIACENTE PENTRU ACOPERIȘ
Seng Pelat,Seng Pelat,Material,General,m,0.0,0.0,0.0,0.0,0,RON,0.0,1.05,2,2,Building and settlement works,Analiza Prețului Unitar al Lucrărilor (AHSP) - Permen PUPR 2022,Lucrări de construcții și amenajări,3.3 LUCRĂRI ADIACENTE PENTRU ACOPERIȘ
Cui Piscină,Cui Piscină,Material,General,kg,0.0,0.0,0.0,0.0,0,RON,0.0,0.02,2,2,Building and settlement works,Analiza Prețului Unitar al Lucrărilor (AHSP) - Permen PUPR 2022,Lucrări de construcții și amenajări,3.1.3 ACOPERIREA ALTE TIPURI DE ACOPERISURI
Fir plasă cărămidă,Fir plasă cărămidă,Material,General,buah,0.0,0.0,0.0,0.0,0,RON,0.0,1.0,2,2,Building and settlement works,Analiza Prețului Unitar al Lucrărilor (AHSP) - Permen PUPR 2022,Lucrări de construcții și amenajări,2.6 LUCRĂRI DE STRUCTURĂ DIN LEMN
peliculă fenol 12mm,peliculă fenol 12mm,Material,General,lembar,0.0,0.0,0.0,0.0,0,RON,0.0,0.0615,2,2,Building and settlement works,Analiza Prețului Unitar al Lucrărilor (AHSP) - Permen PUPR 2022,Lucrări de construcții și amenajări,2.4 LUCRĂRI DE STRUCTURĂ DIN BETON PREMOLDUIT
ciocan hidraulic pilot 2 tonă,ciocan hidraulic pilot 2 tonă,Equipment,General,jam,0.0,0.0,0.0,0.0,0,RON,0.0,0.0467,2,2,Building and settlement works,Analiza Prețului Unitar al Lucrărilor (AHSP) - Permen PUPR 2022,Lucrări de construcții și amenajări,2.2.1.8.2 Vibrometru pentru 1 m3 beton (Vezi Regulamentul Ministrului Lucrărilor
Macara Șenilă 10 Ton + scară 14 ton Echipament frânare,Macara Șenilă 10 Ton + scară 14 ton Echipament frânare,Equipment,General,jam,0.0,0.0,0.0,0.0,0,RON,0.0,0.0467,2,2,Building and settlement works,Analiza Prețului Unitar al Lucrărilor (AHSP) - Permen PUPR 2022,Lucrări de construcții și amenajări,2.2.1.8.2 Vibrometru pentru 1 m3 beton (Vezi Regulamentul Ministrului Lucrărilor
Kayu 5/7,Kayu 5/7,Material,General,m3,0.0,0.0,0.0,0.0,0,RON,0.0,0.072,2,2,Building and settlement works,Analiza Prețului Unitar al Lucrărilor (AHSP) - Hotărârea PUPR 2016,Lucrări de construcții și amenajări,A.2.2.1 PREȚUL UNITĂȚII DE LUCRU PREGĂTIRE
Țeavă de oțel Ø 1200 mm,Țeavă de oțel Ø 1200 mm,Material,General,m,0.0,0.0,0.0,0.0,0,RON,0.0,1.0,2,2,Building and settlement works,Analiza Prețului Unitar al Lucrărilor (AHSP) - Hotărârea PUPR 2016,Lucrări de construcții și amenajări,A.8.4.1 PREȚUL UNITĂȚII DE LUCRU PENTRU INSTALAREA ȚEVURILOR ÎN AFARA CLĂDIRII
Țeavă de oțel Ø 1100 mm,Țeavă de oțel Ø 1100 mm,Material,General,m,0.0,0.0,0.0,0.0,0,RON,0.0,1.0,2,2,Building and settlement works,Analiza Prețului Unitar al Lucrărilor (AHSP) - Hotărârea PUPR 2016,Lucrări de construcții și amenajări,A.8.4.1 PREȚUL UNITĂȚII DE LUCRU PENTRU INSTALAREA ȚEVURILOR ÎN AFARA CLĂDIRII
Țeavă de oțel Ø 1000 mm,Țeavă de oțel Ø 1000 mm,Material,General,m,0.0,0.0,0.0,0.0,0,RON,0.0,1.0,2,2,Building and settlement works,Analiza Prețului Unitar al Lucrărilor (AHSP) - Hotărârea PUPR 2016,Lucrări de construcții și amenajări,A.8.4.1 PREȚUL UNITĂȚII DE LUCRU PENTRU INSTALAREA ȚEVURILOR ÎN AFARA CLĂDIRII
Lucrător,Lucrător,Labor,Labor,0,0.0,0.0,0.0,0.0,0,RON,0.0,0.0484,2,2,Water resources works,Analiza Prețului Unitar al Lucrărilor (AHSP) - Hotărârea PUPR 2016,Lucrări de gestionare a resurselor de apă,"5 Lucrări de oțel beton obișnuit (deșeuri) B.17 3.690 kg 12.128,48 44.754.072,75"
Driver Ciocan 3,Driver Ciocan 3,Equipment,General,jam,0.0,0.0,0.0,0.0,0,RON,0.0,0.0724,2,2,Building and settlement works,Analiza Prețului Unitar al Lucrărilor (AHSP) - Permen PUPR 2022,Lucrări de construcții și amenajări,2.2.1.8.2 Vibrometru pentru 1 m3 beton (Vezi Regulamentul Ministrului Lucrărilor
Lemn tablă 3/20,Lemn tablă 3/20,Material,General,m3,0.0,0.0,0.0,0.0,0,RON,0.0,0.007,2,2,Building and settlement works,Analiza Prețului Unitar al Lucrărilor (AHSP) - Hotărârea PUPR 2016,Lucrări de construcții și amenajări,A.2.2.1 PREȚUL UNITĂȚII DE LUCRU PREGĂTIRE
Kawat duri,Kawat duri,Material,General,M’,0.0,0.0,0.0,0.0,0,RON,0.0,22.723,2,2,Building and settlement works,Analiza Prețului Unitar al Lucrărilor (AHSP) - Hotărârea PUPR 2016,Lucrări de construcții și amenajări,A.2.2.1 PREȚUL UNITĂȚII DE LUCRU PREGĂTIRE
Residu,Residu,Material,General,Liter,0.0,0.0,0.0,0.0,0,RON,0.0,0.4,2,2,Building and settlement works,Analiza Prețului Unitar al Lucrărilor (AHSP) - Hotărârea PUPR 2016,Lucrări de construcții și amenajări,A.2.2.1 PREȚUL UNITĂȚII DE LUCRU PREGĂTIRE
"Cui obișnuit 2"" –","Cui obișnuit 2"" –",Material,General,Kg,0.0,0.0,0.0,0.0,0,RON,0.0,0.06,2,2,Building and settlement works,Analiza Prețului Unitar al Lucrărilor (AHSP) - Hotărârea PUPR 2016,Lucrări de construcții și amenajări,A.2.2.1 PREȚUL UNITĂȚII DE LUCRU PREGĂTIRE
Ciment Portland (SP),Ciment Portland (SP),Material,General,kg,0.0,0.0,0.0,0.0,0,RON,0.0,117.0,2,2,Building and settlement works,Analiza Prețului Unitar al Lucrărilor (AHSP) - Permen PUPR 2022,Lucrări de construcții și amenajări,2.2.1.8.2 Vibrometru pentru 1 m3 beton (Vezi Regulamentul Ministrului Lucrărilor
Oțel beton neted,Oțel beton neted,Material,General,kg,0.0,0.0,0.0,0.0,0,RON,0.0,3.3,2,2,Building and settlement works,Analiza Prețului Unitar al Lucrărilor (AHSP) - Permen PUPR 2022,Lucrări de construcții și amenajări,2.2.1.8.2 Vibrometru pentru 1 m3 beton (Vezi Regulamentul Ministrului Lucrărilor
Bandă de etanșare lățime mm,Bandă de etanșare lățime mm,Material,General,m,0.0,0.0,0.0,0.0,0,RON,0.0,1.05,2,2,Building and settlement works,Analiza Prețului Unitar al Lucrărilor (AHSP) - Permen PUPR 2022,Lucrări de construcții și amenajări,2.2 LUCRĂRI DE STRUCTURĂ BETON
Plasă metalică M6-M10,Plasă metalică M6-M10,Material,Steel & Metal,kg,0.0,0.0,0.0,0.0,0,RON,0.0,1.02,2,2,Building and settlement works,Analiza Prețului Unitar al Lucrărilor (AHSP) - Permen PUPR 2022,Lucrări de construcții și amenajări,2.2 LUCRĂRI DE STRUCTURĂ BETON
Îndoit oțel beton,Îndoit oțel beton,Equipment,General,hari,0.0,0.0,0.0,0.0,0,RON,0.0,0.0201,2,2,Building and settlement works,Analiza Prețului Unitar al Lucrărilor (AHSP) - Permen PUPR 2022,Lucrări de construcții și amenajări,2.2 LUCRĂRI DE STRUCTURĂ BETON
Tăietor oțel beton,Tăietor oțel beton,Equipment,General,hari,0.0,0.0,0.0,0.0,0,RON,0.0,0.0201,2,2,Building and settlement works,Analiza Prețului Unitar al Lucrărilor (AHSP) - Permen PUPR 2022,Lucrări de construcții și amenajări,2.2 LUCRĂRI DE STRUCTURĂ BETON
Stâlp beton prefabricat,Stâlp beton prefabricat,Material,General,Batang,0.0,0.0,0.0,0.0,0,RON,0.0,0.525,2,2,Building and settlement works,Analiza Prețului Unitar al Lucrărilor (AHSP) - Hotărârea PUPR 2016,Lucrări de construcții și amenajări,A.2.2.1 PREȚUL UNITĂȚII DE LUCRU PREGĂTIRE
Panou beton prefabricat,Panou beton prefabricat,Material,General,Lbr,0.0,0.0,0.0,0.0,0,RON,0.0,0.986,2,2,Building and settlement works,Analiza Prețului Unitar al Lucrărilor (AHSP) - Hotărârea PUPR 2016,Lucrări de construcții și amenajări,A.2.2.1 PREȚUL UNITĂȚII DE LUCRU PREGĂTIRE
Stâlpior lemn diametru 8-10/400 cm,Stâlpior lemn diametru 8-10/400 cm,Material,General,Batang,0.0,0.0,0.0,0.0,0,RON,0.0,1.475,2,2,Building and settlement works,Analiza Prețului Unitar al Lucrărilor (AHSP) - Hotărârea PUPR 2016,Lucrări de construcții și amenajări,A.2.2.1 PREȚUL UNITĂȚII DE LUCRU PREGĂTIRE
Kaca polos,Kaca polos,Material,General,m2,0.0,0.0,0.0,0.0,0,RON,0.0,0.08,2,2,Building and settlement works,Analiza Prețului Unitar al Lucrărilor (AHSP) - Hotărârea PUPR 2016,Lucrări de construcții și amenajări,A.2.2.1 PREȚUL UNITĂȚII DE LUCRU PREGĂTIRE
Fereastră naco,Fereastră naco,Material,General,Bh,0.0,0.0,0.0,0.0,0,RON,0.0,0.2,2,2,Building and settlement works,Analiza Prețului Unitar al Lucrărilor (AHSP) - Hotărârea PUPR 2016,Lucrări de construcții și amenajări,A.2.2.1 PREȚUL UNITĂȚII DE LUCRU PREGĂTIRE
Grinzi-grinzi 5x7 cm,Grinzi-grinzi 5x7 cm,Material,General,m3,0.0,0.0,0.0,0.0,0,RON,0.0,0.014,2,2,Building and settlement works,Analiza Prețului Unitar al Lucrărilor (AHSP) - Permen PUPR 2022,Lucrări de construcții și amenajări,2.1 LUCRĂRI DE CADRU ACOPERIS
Ciocan Pneumatic și generator; 12 HP,Ciocan Pneumatic și generator; 12 HP,Equipment,General,hari,0.0,0.0,0.0,0.0,0,RON,0.0,0.075,2,2,Building and settlement works,Analiza Prețului Unitar al Lucrărilor (AHSP) - Permen PUPR 2022,Lucrări de construcții și amenajări,1.6 LUCRĂRI DE DEMOLARE
Ferăstrău Fier (Oțel Dur),Ferăstrău Fier (Oțel Dur),Equipment,General,hari,0.0,0.0,0.0,0.0,0,RON,0.0,0.1,2,2,Building and settlement works,Analiza Prețului Unitar al Lucrărilor (AHSP) - Permen PUPR 2022,Lucrări de construcții și amenajări,1.6 LUCRĂRI DE DEMOLARE
Palu/godam,Palu/godam,Equipment,General,hari,0.0,0.0,0.0,0.0,0,RON,0.0,0.02,2,2,Building and settlement works,Analiza Prețului Unitar al Lucrărilor (AHSP) - Permen PUPR 2022,Lucrări de construcții și amenajări,1.6 LUCRĂRI DE DEMOLARE
Cuka Bibit,Cuka Bibit,Material,General,liter,0.0,0.0,0.0,0.0,0,RON,0.0,1.2,2,2,Building and settlement works,Analiza Prețului Unitar al Lucrărilor (AHSP) - Permen PUPR 2022,Lucrări de construcții și amenajări,1.6 LUCRĂRI DE DEMOLARE
Ciocan/maul (oțel dur),Ciocan/maul (oțel dur),Equipment,General,buah,0.0,0.0,0.0,0.0,0,RON,0.0,0.004,2,2,Building and settlement works,Analiza Prețului Unitar al Lucrărilor (AHSP) - Permen PUPR 2022,Lucrări de construcții și amenajări,1.6 LUCRĂRI DE DEMOLARE
Pietriș (Max mm),Pietriș (Max mm),Material,General,kg,0.0,0.0,0.0,0.0,0,RON,0.0,1008.0,2,2,Building and settlement works,Analiza Prețului Unitar al Lucrărilor (AHSP) - Hotărârea PUPR 2016,Lucrări de construcții și amenajări,A.4.1.1 PREȚ PE UNITATE DE LUCRU BETON
Sirtu,Sirtu,Material,General,m3,0.0,0.0,0.0,0.0,0,RON,0.0,1.2,2,2,Building and settlement works,Analiza Prețului Unitar al Lucrărilor (AHSP) - Hotărârea PUPR 2016,Lucrări de construcții și amenajări,A.2.3.1 PREȚ PE UNITATE PENTRU LUCRĂRI DE Pământ
Pasir uruk,Pasir uruk,Material,General,m3,0.0,0.0,0.0,0.0,0,RON,0.0,1.2,2,2,Building and settlement works,Analiza Prețului Unitar al Lucrărilor (AHSP) - Permen PUPR 2022,Lucrări de construcții și amenajări,1.3 LUCRĂRI DE ÎNĂLȚARE ȘI NIVELARE (INCLUSIV Așezarea)
"pompă nămol motorină 10 kw; 5""","pompă nămol motorină 10 kw; 5""",Equipment,General,hari,0.0,0.0,0.0,0.0,0,RON,0.0,0.0275,2,2,Building and settlement works,Analiza Prețului Unitar al Lucrărilor (AHSP) - Permen PUPR 2022,Lucrări de construcții și amenajări,1 m (Consultați Regulamentul Ministrului Lucrărilor Publice și Locuințe)
"Pompă mocirlă motorină 7,5 KW; 4""""","Pompă mocirlă motorină 7,5 KW; 4""""",Equipment,General,hari,0.0,0.0,0.0,0.0,0,RON,0.0,0.0625,2,2,Building and settlement works,Analiza Prețului Unitar al Lucrărilor (AHSP) - Permen PUPR 2022,Lucrări de construcții și amenajări,1 m (Consultați Regulamentul Ministrului Lucrărilor Publice și Locuințe)
Kaso 5/7 cm clasă,Kaso 5/7 cm clasă,Material,General,m3,0.0,0.0,0.0,0.0,0,RON,0.0,0.0026,2,2,Building and settlement works,Analiza Prețului Unitar al Lucrărilor (AHSP) - Permen PUPR 2022,Lucrări de construcții și amenajări,1.1.4.2 Pereche 1 m’ de panou de construcție (Vezi Regulamentul Ministrului Lucr
Oțel beton (neted/canelat),Oțel beton (neted/canelat),Material,General,kg,0.0,0.0,0.0,0.0,0,RON,0.0,10.5,2,2,Building and settlement works,Analiza Prețului Unitar al Lucrărilor (AHSP) - Hotărârea PUPR 2016,Lucrări de construcții și amenajări,A.4.1.1 PREȚ PE UNITATE DE LUCRU BETON
Strorox – 100,Strorox – 100,Material,General,kg,0.0,0.0,0.0,0.0,0,RON,0.0,1.2,2,2,Building and settlement works,Analiza Prețului Unitar al Lucrărilor (AHSP) - Hotărârea PUPR 2016,Lucrări de construcții și amenajări,A.4.1.1 PREȚ PE UNITATE DE LUCRU BETON
Pietriș (Max 30 mm),Pietriș (Max 30 mm),Material,General,kg,0.0,0.0,0.0,0.0,0,RON,0.0,1016.5,2,2,Building and settlement works,Analiza Prețului Unitar al Lucrărilor (AHSP) - Hotărârea PUPR 2016,Lucrări de construcții și amenajări,A.4.1.1 PREȚ PE UNITATE DE LUCRU BETON
Cat kayu,Cat kayu,Material,General,kg,0.0,0.0,0.0,0.0,0,RON,0.0,2.0,2,2,Building and settlement works,Analiza Prețului Unitar al Lucrărilor (AHSP) - Permen PUPR 2022,Lucrări de construcții și amenajări,1.1 LUCRĂRI DE PREGĂTIRE
Cui amestecat 5 cm + 7cm,Cui amestecat 5 cm + 7cm,Material,General,kg,0.0,0.0,0.0,0.0,0,RON,0.0,1.25,2,2,Building and settlement works,Analiza Prețului Unitar al Lucrărilor (AHSP) - Permen PUPR 2022,Lucrări de construcții și amenajări,1.1 LUCRĂRI DE PREGĂTIRE
"BJLS-30 (t=0,05)0,9mx1,8 m’","BJLS-30 (t=0,05)0,9mx1,8 m’",Material,General,lembar,0.0,0.0,0.0,0.0,0,RON,0.0,1.2,2,2,Building and settlement works,Analiza Prețului Unitar al Lucrărilor (AHSP) - Permen PUPR 2022,Lucrări de construcții și amenajări,1.1 LUCRĂRI DE PREGĂTIRE
Paku 5 inci,Paku 5 inci,Material,General,kg,0.0,0.0,0.0,0.0,0,RON,0.0,0.507,2,2,Building and settlement works,Analiza Prețului Unitar al Lucrărilor (AHSP) - Permen PUPR 2022,Lucrări de construcții și amenajări,1.1 LUCRĂRI DE PREGĂTIRE
Klem,Klem,Material,General,buah,0.0,0.0,0.0,0.0,0,RON,0.0,12.5,2,2,Building and settlement works,Analiza Prețului Unitar al Lucrărilor (AHSP) - Hotărârea PUPR 2016,Lucrări de construcții și amenajări,A.8.4.6 PREȚ PE UNITATE DE MUNCĂ PENTRU ELECTRICE
Tee Ø 1200 mm,Tee Ø 1200 mm,Material,General,buah,0.0,0.0,0.0,0.0,0,RON,0.0,1.0,2,2,Building and settlement works,Analiza Prețului Unitar al Lucrărilor (AHSP) - Hotărârea PUPR 2016,Lucrări de construcții și amenajări,A.8.4.3 PREȚUL UNITĂȚII DE LUCRU PENTRU INSTALAREA ACCESORIILOR PE ȚEAVĂ
Tee Ø 1100 mm,Tee Ø 1100 mm,Material,General,buah,0.0,0.0,0.0,0.0,0,RON,0.0,1.0,2,2,Building and settlement works,Analiza Prețului Unitar al Lucrărilor (AHSP) - Hotărârea PUPR 2016,Lucrări de construcții și amenajări,A.8.4.3 PREȚUL UNITĂȚII DE LUCRU PENTRU INSTALAREA ACCESORIILOR PE ȚEAVĂ
Tee Ø 1000 mm,Tee Ø 1000 mm,Material,General,buah,0.0,0.0,0.0,0.0,0,RON,0.0,1.0,2,2,Building and settlement works,Analiza Prețului Unitar al Lucrărilor (AHSP) - Hotărârea PUPR 2016,Lucrări de construcții și amenajări,A.8.4.3 PREȚUL UNITĂȚII DE LUCRU PENTRU INSTALAREA ACCESORIILOR PE ȚEAVĂ
Tee Ø 900 mm,Tee Ø 900 mm,Material,General,buah,0.0,0.0,0.0,0.0,0,RON,0.0,1.0,2,2,Building and settlement works,Analiza Prețului Unitar al Lucrărilor (AHSP) - Hotărârea PUPR 2016,Lucrări de construcții și amenajări,A.8.4.3 PREȚUL UNITĂȚII DE LUCRU PENTRU INSTALAREA ACCESORIILOR PE ȚEAVĂ
Tee Ø 800 mm,Tee Ø 800 mm,Material,General,buah,0.0,0.0,0.0,0.0,0,RON,0.0,1.0,2,2,Building and settlement works,Analiza Prețului Unitar al Lucrărilor (AHSP) - Hotărârea PUPR 2016,Lucrări de construcții și amenajări,A.8.4.3 PREȚUL UNITĂȚII DE LUCRU PENTRU INSTALAREA ACCESORIILOR PE ȚEAVĂ
Tee Ø 700 mm,Tee Ø 700 mm,Material,General,buah,0.0,0.0,0.0,0.0,0,RON,0.0,1.0,2,2,Building and settlement works,Analiza Prețului Unitar al Lucrărilor (AHSP) - Hotărârea PUPR 2016,Lucrări de construcții și amenajări,A.8.4.3 PREȚUL UNITĂȚII DE LUCRU PENTRU INSTALAREA ACCESORIILOR PE ȚEAVĂ
Tee Ø 600 mm,Tee Ø 600 mm,Material,General,buah,0.0,0.0,0.0,0.0,0,RON,0.0,1.0,2,2,Building and settlement works,Analiza Prețului Unitar al Lucrărilor (AHSP) - Hotărârea PUPR 2016,Lucrări de construcții și amenajări,A.8.4.3 PREȚUL UNITĂȚII DE LUCRU PENTRU INSTALAREA ACCESORIILOR PE ȚEAVĂ
Tee Ø 500 mm,Tee Ø 500 mm,Material,General,buah,0.0,0.0,0.0,0.0,0,RON,0.0,1.0,2,2,Building and settlement works,Analiza Prețului Unitar al Lucrărilor (AHSP) - Hotărârea PUPR 2016,Lucrări de construcții și amenajări,A.8.4.3 PREȚUL UNITĂȚII DE LUCRU PENTRU INSTALAREA ACCESORIILOR PE ȚEAVĂ
Tee Ø 450 mm,Tee Ø 450 mm,Material,General,buah,0.0,0.0,0.0,0.0,0,RON,0.0,1.0,2,2,Building and settlement works,Analiza Prețului Unitar al Lucrărilor (AHSP) - Hotărârea PUPR 2016,Lucrări de construcții și amenajări,A.8.4.3 PREȚUL UNITĂȚII DE LUCRU PENTRU INSTALAREA ACCESORIILOR PE ȚEAVĂ
Tee Ø 250 mm,Tee Ø 250 mm,Material,General,buah,0.0,0.0,0.0,0.0,0,RON,0.0,1.0,2,2,Building and settlement works,Analiza Prețului Unitar al Lucrărilor (AHSP) - Hotărârea PUPR 2016,Lucrări de construcții și amenajări,A.8.4.3 PREȚUL UNITĂȚII DE LUCRU PENTRU INSTALAREA ACCESORIILOR PE ȚEAVĂ
Tee Ø 200 mm,Tee Ø 200 mm,Material,General,buah,0.0,0.0,0.0,0.0,0,RON,0.0,1.0,2,2,Building and settlement works,Analiza Prețului Unitar al Lucrărilor (AHSP) - Hotărârea PUPR 2016,Lucrări de construcții și amenajări,A.8.4.3 PREȚUL UNITĂȚII DE LUCRU PENTRU INSTALAREA ACCESORIILOR PE ȚEAVĂ
Tee Ø 150 mm,Tee Ø 150 mm,Material,General,buah,0.0,0.0,0.0,0.0,0,RON,0.0,1.0,2,2,Building and settlement works,Analiza Prețului Unitar al Lucrărilor (AHSP) - Hotărârea PUPR 2016,Lucrări de construcții și amenajări,A.8.4.3 PREȚUL UNITĂȚII DE LUCRU PENTRU INSTALAREA ACCESORIILOR PE ȚEAVĂ
Supapă Ø 1200 mm,Supapă Ø 1200 mm,Material,General,buah,0.0,0.0,0.0,0.0,0,RON,0.0,1.0,2,2,Building and settlement works,Analiza Prețului Unitar al Lucrărilor (AHSP) - Hotărârea PUPR 2016,Lucrări de construcții și amenajări,A.8.4.3 PREȚUL UNITĂȚII DE LUCRU PENTRU INSTALAREA ACCESORIILOR PE ȚEAVĂ
Robinet Ø 1100 mm,Robinet Ø 1100 mm,Material,General,buah,0.0,0.0,0.0,0.0,0,RON,0.0,1.0,2,2,Building and settlement works,Analiza Prețului Unitar al Lucrărilor (AHSP) - Hotărârea PUPR 2016,Lucrări de construcții și amenajări,A.8.4.3 PREȚUL UNITĂȚII DE LUCRU PENTRU INSTALAREA ACCESORIILOR PE ȚEAVĂ
Supapă Ø 1000 mm,Supapă Ø 1000 mm,Material,General,buah,0.0,0.0,0.0,0.0,0,RON,0.0,1.0,2,2,Building and settlement works,Analiza Prețului Unitar al Lucrărilor (AHSP) - Hotărârea PUPR 2016,Lucrări de construcții și amenajări,A.8.4.3 PREȚUL UNITĂȚII DE LUCRU PENTRU INSTALAREA ACCESORIILOR PE ȚEAVĂ
vană Ø 900 mm,vană Ø 900 mm,Material,General,buah,0.0,0.0,0.0,0.0,0,RON,0.0,1.0,2,2,Building and settlement works,Analiza Prețului Unitar al Lucrărilor (AHSP) - Hotărârea PUPR 2016,Lucrări de construcții și amenajări,A.8.4.3 PREȚUL UNITĂȚII DE LUCRU PENTRU INSTALAREA ACCESORIILOR PE ȚEAVĂ
Supapă Ø 800 mm,Supapă Ø 800 mm,Material,General,buah,0.0,0.0,0.0,0.0,0,RON,0.0,1.0,2,2,Building and settlement works,Analiza Prețului Unitar al Lucrărilor (AHSP) - Hotărârea PUPR 2016,Lucrări de construcții și amenajări,A.8.4.3 PREȚUL UNITĂȚII DE LUCRU PENTRU INSTALAREA ACCESORIILOR PE ȚEAVĂ
Supapă Ø 600 mm,Supapă Ø 600 mm,Material,General,buah,0.0,0.0,0.0,0.0,0,RON,0.0,1.0,2,2,Building and settlement works,Analiza Prețului Unitar al Lucrărilor (AHSP) - Hotărârea PUPR 2016,Lucrări de construcții și amenajări,A.8.4.3 PREȚUL UNITĂȚII DE LUCRU PENTRU INSTALAREA ACCESORIILOR PE ȚEAVĂ
vană Ø 500 mm,vană Ø 500 mm,Material,General,buah,0.0,0.0,0.0,0.0,0,RON,0.0,1.0,2,2,Building and settlement works,Analiza Prețului Unitar al Lucrărilor (AHSP) - Hotărârea PUPR 2016,Lucrări de construcții și amenajări,A.8.4.3 PREȚUL UNITĂȚII DE LUCRU PENTRU INSTALAREA ACCESORIILOR PE ȚEAVĂ
Supapă Ø 450 mm,Supapă Ø 450 mm,Material,General,buah,0.0,0.0,0.0,0.0,0,RON,0.0,1.0,2,2,Building and settlement works,Analiza Prețului Unitar al Lucrărilor (AHSP) - Hotărârea PUPR 2016,Lucrări de construcții și amenajări,A.8.4.3 PREȚUL UNITĂȚII DE LUCRU PENTRU INSTALAREA ACCESORIILOR PE ȚEAVĂ
Robinet Ø 400 mm,Robinet Ø 400 mm,Material,General,buah,0.0,0.0,0.0,0.0,0,RON,0.0,1.0,2,2,Building and settlement works,Analiza Prețului Unitar al Lucrărilor (AHSP) - Hotărârea PUPR 2016,Lucrări de construcții și amenajări,A.8.4.3 PREȚUL UNITĂȚII DE LUCRU PENTRU INSTALAREA ACCESORIILOR PE ȚEAVĂ
Supapă Ø 300 mm,Supapă Ø 300 mm,Material,General,buah,0.0,0.0,0.0,0.0,0,RON,0.0,1.0,2,2,Building and settlement works,Analiza Prețului Unitar al Lucrărilor (AHSP) - Hotărârea PUPR 2016,Lucrări de construcții și amenajări,A.8.4.3 PREȚUL UNITĂȚII DE LUCRU PENTRU INSTALAREA ACCESORIILOR PE ȚEAVĂ
Robinet Ø 250 mm,Robinet Ø 250 mm,Material,General,buah,0.0,0.0,0.0,0.0,0,RON,0.0,1.0,2,2,Building and settlement works,Analiza Prețului Unitar al Lucrărilor (AHSP) - Hotărârea PUPR 2016,Lucrări de construcții și amenajări,A.8.4.3 PREȚUL UNITĂȚII DE LUCRU PENTRU INSTALAREA ACCESORIILOR PE ȚEAVĂ
Ventil Ø 200 mm,Ventil Ø 200 mm,Material,General,buah,0.0,0.0,0.0,0.0,0,RON,0.0,1.0,2,2,Building and settlement works,Analiza Prețului Unitar al Lucrărilor (AHSP) - Hotărârea PUPR 2016,Lucrări de construcții și amenajări,A.8.4.3 PREȚUL UNITĂȚII DE LUCRU PENTRU INSTALAREA ACCESORIILOR PE ȚEAVĂ
Supapă Ø 150 mm,Supapă Ø 150 mm,Material,General,buah,0.0,0.0,0.0,0.0,0,RON,0.0,1.0,2,2,Building and settlement works,Analiza Prețului Unitar al Lucrărilor (AHSP) - Hotărârea PUPR 2016,Lucrări de construcții și amenajări,A.8.4.3 PREȚUL UNITĂȚII DE LUCRU PENTRU INSTALAREA ACCESORIILOR PE ȚEAVĂ
Țeavă oțel Ø 1100 mm Echipament tăiere,Țeavă oțel Ø 1100 mm Echipament tăiere,Material,General,buah,0.0,0.0,0.0,0.0,0,RON,0.0,1.0,2,2,Building and settlement works,Analiza Prețului Unitar al Lucrărilor (AHSP) - Hotărârea PUPR 2016,Lucrări de construcții și amenajări,A.8.4.2 PREȚUL UNITĂȚII DE LUCRU PENTRU TĂIEREA ȚEVULUI
Ulei cofrare Oțel beton neted,Ulei cofrare Oțel beton neted,Material,General,Liter kg,0.0,0.0,0.0,0.0,0,RON,0.0,3.3,2,2,Building and settlement works,Analiza Prețului Unitar al Lucrărilor (AHSP) - Hotărârea PUPR 2016,Lucrări de construcții și amenajări,A.4.1.1 PREȚ PE UNITATE DE LUCRU BETON
distanțier cofraj,distanțier cofraj,Material,General,Buah,0.0,0.0,0.0,0.0,0,RON,0.0,4.0,2,2,Building and settlement works,Analiza Prețului Unitar al Lucrărilor (AHSP) - Hotărârea PUPR 2016,Lucrări de construcții și amenajări,A.4.1.1 PREȚ PE UNITATE DE LUCRU BETON
Placaj grosime 9,Placaj grosime 9,Material,General,Lbr,0.0,0.0,0.0,0.0,0,RON,0.0,0.35,2,2,Building and settlement works,Analiza Prețului Unitar al Lucrărilor (AHSP) - Hotărârea PUPR 2016,Lucrări de construcții și amenajări,A.4.1.1 PREȚ PE UNITATE DE LUCRU BETON
Placaj grosime 9 mm,Placaj grosime 9 mm,Material,General,Lbr,0.0,0.0,0.0,0.0,0,RON,0.0,0.35,2,2,Building and settlement works,Analiza Prețului Unitar al Lucrărilor (AHSP) - Hotărârea PUPR 2016,Lucrări de construcții și amenajări,A.4.1.1 PREȚ PE UNITATE DE LUCRU BETON
M.37.b,Kaso 5/7 cm,Material,General,m3,0.0,0.0,0.0,0.0,0,RON,0.0,0.0247,2,2,Water resources works,Analiza Prețului Unitar al Lucrărilor (AHSP) - Hotărârea PUPR 2016,Lucrări de gestionare a resurselor de apă,A.1.1 Lucrări de teren manuale și semi-mecanizate (Normativ)
5) 100 kg țeavă PVC,5) 100 kg țeavă PVC,Equipment,General,turun > 2,0.0,0.0,0.0,0.0,0,RON,0.0,3.0,2,2,Water resources works,Analiza Prețului Unitar al Lucrărilor (AHSP) - Hotărârea PUPR 2016,Lucrări de gestionare a resurselor de apă,"17 DCIP 7,50 - 8,65 8,00 0,8"
4) 100 kg GIP distanță,4) 100 kg GIP distanță,Equipment,General,> 2 m s.d.,0.0,0.0,0.0,0.0,0,RON,0.0,3.0,2,2,Water resources works,Analiza Prețului Unitar al Lucrărilor (AHSP) - Hotărârea PUPR 2016,Lucrări de gestionare a resurselor de apă,"17 DCIP 7,50 - 8,65 8,00 0,8"
3) 100 kg oțel beton,3) 100 kg oțel beton,Equipment,General,turun >,0.0,0.0,0.0,0.0,0,RON,0.0,3.0,2,2,Water resources works,Analiza Prețului Unitar al Lucrărilor (AHSP) - Hotărârea PUPR 2016,Lucrări de gestionare a resurselor de apă,"17 DCIP 7,50 - 8,65 8,00 0,8"
2) 1 sac ciment 50 kg,2) 1 sac ciment 50 kg,Equipment,General,turun >,0.0,0.0,0.0,0.0,0,RON,0.0,3.0,2,2,Water resources works,Analiza Prețului Unitar al Lucrărilor (AHSP) - Hotărârea PUPR 2016,Lucrări de gestionare a resurselor de apă,"17 DCIP 7,50 - 8,65 8,00 0,8"
"Sedrul (100 ± 25) mm, agregat max 19 mm semimecanizat 6 Turnare/Răspândire","Sedrul (100 ± 25) mm, agregat max 19 mm semimecanizat 6 Turnare/Răspândire",Material,General,m3,0.0,0.0,0.0,0.0,0,RON,0.0,0.0174,2,2,Building and settlement works,Analiza Prețului Unitar al Lucrărilor (AHSP) - Permen PUPR 2022,Lucrări de construcții și amenajări,10.1 Lucrări de producție panou RISHA
"deschidere forme component P1 RISHA 5 1 m3 beton calitate medie f'c 25 MPa,","deschidere forme component P1 RISHA 5 1 m3 beton calitate medie f'c 25 MPa,",Material,General,unit,0.0,0.0,0.0,0.0,0,RON,0.0,1.0,1,1,Building and settlement works,Analiza Prețului Unitar al Lucrărilor (AHSP) - Permen PUPR 2022,Lucrări de construcții și amenajări,10.1 Lucrări de producție panou RISHA
Matriță panou P2 RISHA (Presupunere 400 de ori folosință) 4 Instalare și,Matriță panou P2 RISHA (Presupunere 400 de ori folosință) 4 Instalare și,Material,General,buah,0.0,0.0,0.0,0.0,0,RON,0.0,0.0025,1,1,Building and settlement works,Analiza Prețului Unitar al Lucrărilor (AHSP) - Permen PUPR 2022,Lucrări de construcții și amenajări,10.1 Lucrări de producție panou RISHA
"deschidere matriță componentă P2 RISHA 5 1 m3 beton calitate medie f'c 25 MPa,","deschidere matriță componentă P2 RISHA 5 1 m3 beton calitate medie f'c 25 MPa,",Material,General,unit,0.0,0.0,0.0,0.0,0,RON,0.0,1.0,1,1,Building and settlement works,Analiza Prețului Unitar al Lucrărilor (AHSP) - Permen PUPR 2022,Lucrări de construcții și amenajări,10.1 Lucrări de producție panou RISHA
"1 kg armătură plăcuță pentru BjTP sau BjTS diametru < 12 mm, modalitate manual 2 realizare 1 bucată","1 kg armătură plăcuță pentru BjTP sau BjTS diametru < 12 mm, modalitate manual 2 realizare 1 bucată",Material,General,kg,0.0,0.0,0.0,0.0,0,RON,0.0,4.2973,1,1,Building and settlement works,Analiza Prețului Unitar al Lucrărilor (AHSP) - Permen PUPR 2022,Lucrări de construcții și amenajări,10.1 Lucrări de producție panou RISHA
Matriță panou P3 RISHA (Presupunere 400 ori folosire) 3 Instalare și,Matriță panou P3 RISHA (Presupunere 400 ori folosire) 3 Instalare și,Material,General,buah,0.0,0.0,0.0,0.0,0,RON,0.0,0.0025,1,1,Building and settlement works,Analiza Prețului Unitar al Lucrărilor (AHSP) - Permen PUPR 2022,Lucrări de construcții și amenajări,10.1 Lucrări de producție panou RISHA
"deschidere cofrare buc component P3 RISHA 4 1 m3 beton calitate medie f'c 25 MPa,","deschidere cofrare buc component P3 RISHA 4 1 m3 beton calitate medie f'c 25 MPa,",Material,General,unit,0.0,0.0,0.0,0.0,0,RON,0.0,1.0,1,1,Building and settlement works,Analiza Prețului Unitar al Lucrărilor (AHSP) - Permen PUPR 2022,Lucrări de construcții și amenajări,10.1 Lucrări de producție panou RISHA
"Slump (100 ± 25) mm, agregat max 19 mm semi-mecanizat 5 Turnare/diseminare","Slump (100 ± 25) mm, agregat max 19 mm semi-mecanizat 5 Turnare/diseminare",Material,General,m3,0.0,0.0,0.0,0.0,0,RON,0.0,0.011,1,1,Building and settlement works,Analiza Prețului Unitar al Lucrărilor (AHSP) - Permen PUPR 2022,Lucrări de construcții și amenajări,10.1 Lucrări de producție panou RISHA
Bandă Strângere larg 15 mm,Bandă Strângere larg 15 mm,Material,General,m,0.0,0.0,0.0,0.0,0,RON,0.0,57.6,1,1,Building and settlement works,Analiza Prețului Unitar al Lucrărilor (AHSP) - Permen PUPR 2022,Lucrări de construcții și amenajări,10.2 Împachetarea și livrarea completă a panourilor
Conductă oțel Ø 200 mm,Conductă oțel Ø 200 mm,Material,General,m,0.0,0.0,0.0,0.0,0,RON,0.0,1.0,1,1,Building and settlement works,Analiza Prețului Unitar al Lucrărilor (AHSP) - Permen PUPR 2022,Lucrări de construcții și amenajări,9.5 ȚEAVĂ DE OȚEL CARBON
Țeavă de oțel Ø 150 mm,Țeavă de oțel Ø 150 mm,Material,General,m,0.0,0.0,0.0,0.0,0,RON,0.0,1.0,1,1,Building and settlement works,Analiza Prețului Unitar al Lucrărilor (AHSP) - Permen PUPR 2022,Lucrări de construcții și amenajări,9.5 ȚEAVĂ DE OȚEL CARBON
Țeavă de oțel Ø 125 mm,Țeavă de oțel Ø 125 mm,Material,General,m,0.0,0.0,0.0,0.0,0,RON,0.0,1.0,1,1,Building and settlement works,Analiza Prețului Unitar al Lucrărilor (AHSP) - Permen PUPR 2022,Lucrări de construcții și amenajări,9.5 ȚEAVĂ DE OȚEL CARBON
"Cărămidă ușoară grosime 7,5cm","Cărămidă ușoară grosime 7,5cm",Material,General,m3,0.0,0.0,0.0,0.0,0,RON,0.0,8.4,1,1,Building and settlement works,Analiza Prețului Unitar al Lucrărilor (AHSP) - Hotărârea PUPR 2016,Lucrări de construcții și amenajări,A.4.4.1 PREȚUL UNITĂȚII DE LUCRU PENTRU ÎNĂLȚAREA PERETILOR
Cărămidă cu goluri,Cărămidă cu goluri,Material,General,m3,0.0,0.0,0.0,0.0,0,RON,0.0,30.0,1,1,Building and settlement works,Analiza Prețului Unitar al Lucrărilor (AHSP) - Hotărârea PUPR 2016,Lucrări de construcții și amenajări,A.4.4.1 PREȚUL UNITĂȚII DE LUCRU PENTRU ÎNĂLȚAREA PERETILOR
Ancoră fier diametru,Ancoră fier diametru,Material,General,Kg,0.0,0.0,0.0,0.0,0,RON,0.0,0.28,1,1,Building and settlement works,Analiza Prețului Unitar al Lucrărilor (AHSP) - Hotărârea PUPR 2016,Lucrări de construcții și amenajări,A.4.4.1 PREȚUL UNITĂȚII DE LUCRU PENTRU ÎNĂLȚAREA PERETILOR
tablă lemn clasa II sau III,tablă lemn clasa II sau III,Material,General,m3,0.0,0.0,0.0,0.0,0,RON,0.0,0.019,1,1,Building and settlement works,Analiza Prețului Unitar al Lucrărilor (AHSP) - Hotărârea PUPR 2016,Lucrări de construcții și amenajări,A.4.2.1 PREȚ PE UNITATE PENTRU LUCRĂRI DE OȚEL ȘI ALUMINIU
Batu traso,Batu traso,Material,General,Kg,0.0,0.0,0.0,0.0,0,RON,0.0,15.0,1,1,Building and settlement works,Analiza Prețului Unitar al Lucrărilor (AHSP) - Hotărârea PUPR 2016,Lucrări de construcții și amenajări,A.4.4.2 PREȚUL UNITĂȚII DE LUCRU PELUSTRARE
Batu granit,Batu granit,Material,General,Kg,0.0,0.0,0.0,0.0,0,RON,0.0,15.0,1,1,Building and settlement works,Analiza Prețului Unitar al Lucrărilor (AHSP) - Hotărârea PUPR 2016,Lucrări de construcții și amenajări,A.4.4.2 PREȚUL UNITĂȚII DE LUCRU PELUSTRARE
Cărămidă ușoară grosime 10cm,Cărămidă ușoară grosime 10cm,Material,General,m3,0.0,0.0,0.0,0.0,0,RON,0.0,8.4,1,1,Building and settlement works,Analiza Prețului Unitar al Lucrărilor (AHSP) - Hotărârea PUPR 2016,Lucrări de construcții și amenajări,A.4.4.1 PREȚUL UNITĂȚII DE LUCRU PENTRU ÎNĂLȚAREA PERETILOR
"Închirierea Pompă de Aspirație 5""","Închirierea Pompă de Aspirație 5""",Equipment,General,hari,0.0,0.0,0.0,0.0,0,RON,0.0,4.928,1,1,Building and settlement works,Analiza Prețului Unitar al Lucrărilor (AHSP) - Permen PUPR 2022,Lucrări de construcții și amenajări,9.7 ACCESORII PIPĂ
țeavă oțel Ø 100 mm,țeavă oțel Ø 100 mm,Material,General,m,0.0,0.0,0.0,0.0,0,RON,0.0,1.0,1,1,Building and settlement works,Analiza Prețului Unitar al Lucrărilor (AHSP) - Permen PUPR 2022,Lucrări de construcții și amenajări,9.5 ȚEAVĂ DE OȚEL CARBON
Țeavă DCI Ø 900 mm,Țeavă DCI Ø 900 mm,Material,General,m,0.0,0.0,0.0,0.0,0,RON,0.0,1.0,1,1,Building and settlement works,Analiza Prețului Unitar al Lucrărilor (AHSP) - Permen PUPR 2022,Lucrări de construcții și amenajări,9.4 ȚEAVĂ DCI (FONTĂ DIN FONTĂ DUCTILĂ)
Țeavă DCI Ø 800 mm,Țeavă DCI Ø 800 mm,Material,General,m,0.0,0.0,0.0,0.0,0,RON,0.0,1.0,1,1,Building and settlement works,Analiza Prețului Unitar al Lucrărilor (AHSP) - Permen PUPR 2022,Lucrări de construcții și amenajări,9.4 ȚEAVĂ DCI (FONTĂ DIN FONTĂ DUCTILĂ)
Țeavă DCI Ø 600 mm,Țeavă DCI Ø 600 mm,Material,General,m,0.0,0.0,0.0,0.0,0,RON,0.0,1.0,1,1,Building and settlement works,Analiza Prețului Unitar al Lucrărilor (AHSP) - Permen PUPR 2022,Lucrări de construcții și amenajări,9.4 ȚEAVĂ DCI (FONTĂ DIN FONTĂ DUCTILĂ)
Țeavă DCI Ø 500 mm,Țeavă DCI Ø 500 mm,Material,General,m,0.0,0.0,0.0,0.0,0,RON,0.0,1.0,1,1,Building and settlement works,Analiza Prețului Unitar al Lucrărilor (AHSP) - Permen PUPR 2022,Lucrări de construcții și amenajări,9.4 ȚEAVĂ DCI (FONTĂ DIN FONTĂ DUCTILĂ)
țeavă DCI Ø 450 echipament tăiere,țeavă DCI Ø 450 echipament tăiere,Material,General,buah,0.0,0.0,0.0,0.0,0,RON,0.0,1.0,1,1,Building and settlement works,Analiza Prețului Unitar al Lucrărilor (AHSP) - Hotărârea PUPR 2016,Lucrări de construcții și amenajări,A.8.4.2 PREȚUL UNITĂȚII DE LUCRU PENTRU TĂIEREA ȚEVULUI
Țeavă DCI Ø 400 Echipament de tăiere,Țeavă DCI Ø 400 Echipament de tăiere,Material,General,buah,0.0,0.0,0.0,0.0,0,RON,0.0,1.0,1,1,Building and settlement works,Analiza Prețului Unitar al Lucrărilor (AHSP) - Hotărârea PUPR 2016,Lucrări de construcții și amenajări,A.8.4.2 PREȚUL UNITĂȚII DE LUCRU PENTRU TĂIEREA ȚEVULUI
Țeavă oțel Ø 600 Echipament tăiere,Țeavă oțel Ø 600 Echipament tăiere,Material,General,buah,0.0,0.0,0.0,0.0,0,RON,0.0,1.0,1,1,Building and settlement works,Analiza Prețului Unitar al Lucrărilor (AHSP) - Hotărârea PUPR 2016,Lucrări de construcții și amenajări,A.8.4.2 PREȚUL UNITĂȚII DE LUCRU PENTRU TĂIEREA ȚEVULUI
"Stâlpior lemn , lungime 4m","Stâlpior lemn , lungime 4m",Material,General,Batang,0.0,0.0,0.0,0.0,0,RON,0.0,0.5,1,1,Building and settlement works,Analiza Prețului Unitar al Lucrărilor (AHSP) - Hotărârea PUPR 2016,Lucrări de construcții și amenajări,A.4.1.1 PREȚ PE UNITATE DE LUCRU BETON
Lemn clasa III (tablă),Lemn clasa III (tablă),Material,General,m3,0.0,0.0,0.0,0.0,0,RON,0.0,0.0264,1,1,Building and settlement works,Analiza Prețului Unitar al Lucrărilor (AHSP) - Hotărârea PUPR 2016,Lucrări de construcții și amenajări,A.4.1.1 PREȚ PE UNITATE DE LUCRU BETON
"Placaj grosime 9 Dolken lemn, 8–","Placaj grosime 9 Dolken lemn, 8–",Material,General,Lbr,0.0,0.0,0.0,0.0,0,RON,0.0,0.35,1,1,Building and settlement works,Analiza Prețului Unitar al Lucrărilor (AHSP) - Hotărârea PUPR 2016,Lucrări de construcții și amenajări,A.4.1.1 PREȚ PE UNITATE DE LUCRU BETON
"Dolken lemn , 10 cm, panj4 m","Dolken lemn , 10 cm, panj4 m",Material,General,Batang,0.0,0.0,0.0,0.0,0,RON,0.0,3.0,1,1,Building and settlement works,Analiza Prețului Unitar al Lucrărilor (AHSP) - Hotărârea PUPR 2016,Lucrări de construcții și amenajări,A.4.1.1 PREȚ PE UNITATE DE LUCRU BETON
"Dolken lemn galam, (8–10) cm lungime 4m","Dolken lemn galam, (8–10) cm lungime 4m",Material,General,Batang,0.0,0.0,0.0,0.0,0,RON,0.0,6.0,1,1,Building and settlement works,Analiza Prețului Unitar al Lucrărilor (AHSP) - Hotărârea PUPR 2016,Lucrări de construcții și amenajări,A.4.1.1 PREȚ PE UNITATE DE LUCRU BETON
Palisadă lemn (8–10) cm lungime 4 m,Palisadă lemn (8–10) cm lungime 4 m,Material,General,Batang,0.0,0.0,0.0,0.0,0,RON,0.0,2.0,1,1,Building and settlement works,Analiza Prețului Unitar al Lucrărilor (AHSP) - Hotărârea PUPR 2016,Lucrări de construcții și amenajări,A.4.1.1 PREȚ PE UNITATE DE LUCRU BETON
Dolken lemn 10cm –panj 4 m,Dolken lemn 10cm –panj 4 m,Material,General,Batang,0.0,0.0,0.0,0.0,0,RON,0.0,2.0,1,1,Building and settlement works,Analiza Prețului Unitar al Lucrărilor (AHSP) - Hotărârea PUPR 2016,Lucrări de construcții și amenajări,A.4.1.1 PREȚ PE UNITATE DE LUCRU BETON
Paku 5 cm – 12,Paku 5 cm – 12,Material,General,kg,0.0,0.0,0.0,0.0,0,RON,0.0,0.4,1,1,Building and settlement works,Analiza Prețului Unitar al Lucrărilor (AHSP) - Hotărârea PUPR 2016,Lucrări de construcții și amenajări,A.4.1.1 PREȚ PE UNITATE DE LUCRU BETON
țeavă oțel Ø 500 echipament tăiere,țeavă oțel Ø 500 echipament tăiere,Material,General,buah,0.0,0.0,0.0,0.0,0,RON,0.0,1.0,1,1,Building and settlement works,Analiza Prețului Unitar al Lucrărilor (AHSP) - Hotărârea PUPR 2016,Lucrări de construcții și amenajări,A.8.4.2 PREȚUL UNITĂȚII DE LUCRU PENTRU TĂIEREA ȚEVULUI
Țeavă de oțel Ø 450 Echipament de tăiere,Țeavă de oțel Ø 450 Echipament de tăiere,Material,General,buah,0.0,0.0,0.0,0.0,0,RON,0.0,1.0,1,1,Building and settlement works,Analiza Prețului Unitar al Lucrărilor (AHSP) - Hotărârea PUPR 2016,Lucrări de construcții și amenajări,A.8.4.2 PREȚUL UNITĂȚII DE LUCRU PENTRU TĂIEREA ȚEVULUI
țeavă oțel Ø 400 echipament tăiere,țeavă oțel Ø 400 echipament tăiere,Material,General,buah,0.0,0.0,0.0,0.0,0,RON,0.0,1.0,1,1,Building and settlement works,Analiza Prețului Unitar al Lucrărilor (AHSP) - Hotărârea PUPR 2016,Lucrări de construcții și amenajări,A.8.4.2 PREȚUL UNITĂȚII DE LUCRU PENTRU TĂIEREA ȚEVULUI
M.130,ulei gaz,Material,General,Liter,0.0,0.0,0.0,0.0,0,RON,0.0,0.01,1,1,Water resources works,Analiza Prețului Unitar al Lucrărilor (AHSP) - Hotărârea PUPR 2016,Lucrări de gestionare a resurselor de apă,A.1.1 Lucrări de teren manuale și semi-mecanizate (Normativ)
Supapă Ø 700 mm,Supapă Ø 700 mm,Material,General,buah,0.0,0.0,0.0,0.0,0,RON,0.0,1.0,1,1,Building and settlement works,Analiza Prețului Unitar al Lucrărilor (AHSP) - Permen PUPR 2022,Lucrări de construcții și amenajări,9.7 ACCESORII PIPĂ
țeavă oțel Ø 900 echipament tăiere,țeavă oțel Ø 900 echipament tăiere,Material,General,buah,0.0,0.0,0.0,0.0,0,RON,0.0,1.0,1,1,Building and settlement works,Analiza Prețului Unitar al Lucrărilor (AHSP) - Hotărârea PUPR 2016,Lucrări de construcții și amenajări,A.8.4.2 PREȚUL UNITĂȚII DE LUCRU PENTRU TĂIEREA ȚEVULUI
Conductă oțel Ø 800 Echipament tăiere,Conductă oțel Ø 800 Echipament tăiere,Material,General,buah,0.0,0.0,0.0,0.0,0,RON,0.0,1.0,1,1,Building and settlement works,Analiza Prețului Unitar al Lucrărilor (AHSP) - Hotărârea PUPR 2016,Lucrări de construcții și amenajări,A.8.4.2 PREȚUL UNITĂȚII DE LUCRU PENTRU TĂIEREA ȚEVULUI
Țeavă oțel Ø 300 Echipament tăiere,Țeavă oțel Ø 300 Echipament tăiere,Material,General,buah,0.0,0.0,0.0,0.0,0,RON,0.0,1.0,1,1,Building and settlement works,Analiza Prețului Unitar al Lucrărilor (AHSP) - Hotărârea PUPR 2016,Lucrări de construcții și amenajări,A.8.4.2 PREȚUL UNITĂȚII DE LUCRU PENTRU TĂIEREA ȚEVULUI
Conductă oțel Ø 250 Echipament Tăiere,Conductă oțel Ø 250 Echipament Tăiere,Material,General,buah,0.0,0.0,0.0,0.0,0,RON,0.0,1.0,1,1,Building and settlement works,Analiza Prețului Unitar al Lucrărilor (AHSP) - Hotărârea PUPR 2016,Lucrări de construcții și amenajări,A.8.4.2 PREȚUL UNITĂȚII DE LUCRU PENTRU TĂIEREA ȚEVULUI
țeavă oțel Ø 200 echipament tăiere,țeavă oțel Ø 200 echipament tăiere,Material,General,buah,0.0,0.0,0.0,0.0,0,RON,0.0,1.0,1,1,Building and settlement works,Analiza Prețului Unitar al Lucrărilor (AHSP) - Hotărârea PUPR 2016,Lucrări de construcții și amenajări,A.8.4.2 PREȚUL UNITĂȚII DE LUCRU PENTRU TĂIEREA ȚEVULUI
Țeavă oțel Ø 150 Echipament de tăiere,Țeavă oțel Ø 150 Echipament de tăiere,Material,General,buah,0.0,0.0,0.0,0.0,0,RON,0.0,1.0,1,1,Building and settlement works,Analiza Prețului Unitar al Lucrărilor (AHSP) - Hotărârea PUPR 2016,Lucrări de construcții și amenajări,A.8.4.2 PREȚUL UNITĂȚII DE LUCRU PENTRU TĂIEREA ȚEVULUI
Țeavă de oțel Ø 125 Echipament de tăiere,Țeavă de oțel Ø 125 Echipament de tăiere,Material,General,buah,0.0,0.0,0.0,0.0,0,RON,0.0,1.0,1,1,Building and settlement works,Analiza Prețului Unitar al Lucrărilor (AHSP) - Hotărârea PUPR 2016,Lucrări de construcții și amenajări,A.8.4.2 PREȚUL UNITĂȚII DE LUCRU PENTRU TĂIEREA ȚEVULUI
Conductă oțel Ø 100 Echipament tăiere,Conductă oțel Ø 100 Echipament tăiere,Material,General,buah,0.0,0.0,0.0,0.0,0,RON,0.0,1.0,1,1,Building and settlement works,Analiza Prețului Unitar al Lucrărilor (AHSP) - Hotărârea PUPR 2016,Lucrări de construcții și amenajări,A.8.4.2 PREȚUL UNITĂȚII DE LUCRU PENTRU TĂIEREA ȚEVULUI
țeavă oțel Ø 63 mm echipament tăiere,țeavă oțel Ø 63 mm echipament tăiere,Material,General,buah,0.0,0.0,0.0,0.0,0,RON,0.0,1.0,1,1,Building and settlement works,Analiza Prețului Unitar al Lucrărilor (AHSP) - Hotărârea PUPR 2016,Lucrări de construcții și amenajări,A.8.4.2 PREȚUL UNITĂȚII DE LUCRU PENTRU TĂIEREA ȚEVULUI
Țeavă DCI Ø 1200 mm Echipament de tăiere,Țeavă DCI Ø 1200 mm Echipament de tăiere,Material,General,buah,0.0,0.0,0.0,0.0,0,RON,0.0,1.0,1,1,Building and settlement works,Analiza Prețului Unitar al Lucrărilor (AHSP) - Hotărârea PUPR 2016,Lucrări de construcții și amenajări,A.8.4.2 PREȚUL UNITĂȚII DE LUCRU PENTRU TĂIEREA ȚEVULUI
țeavă DCI Ø 1100 mm echipament tăiere,țeavă DCI Ø 1100 mm echipament tăiere,Material,General,buah,0.0,0.0,0.0,0.0,0,RON,0.0,1.0,1,1,Building and settlement works,Analiza Prețului Unitar al Lucrărilor (AHSP) - Hotărârea PUPR 2016,Lucrări de construcții și amenajări,A.8.4.2 PREȚUL UNITĂȚII DE LUCRU PENTRU TĂIEREA ȚEVULUI
Țeavă DCI Ø 1000 mm Echipament de tăiere,Țeavă DCI Ø 1000 mm Echipament de tăiere,Material,General,buah,0.0,0.0,0.0,0.0,0,RON,0.0,1.0,1,1,Building and settlement works,Analiza Prețului Unitar al Lucrărilor (AHSP) - Hotărârea PUPR 2016,Lucrări de construcții și amenajări,A.8.4.2 PREȚUL UNITĂȚII DE LUCRU PENTRU TĂIEREA ȚEVULUI
Țeavă DCI Ø 900 Echipament de tăiere,Țeavă DCI Ø 900 Echipament de tăiere,Material,General,buah,0.0,0.0,0.0,0.0,0,RON,0.0,1.0,1,1,Building and settlement works,Analiza Prețului Unitar al Lucrărilor (AHSP) - Hotărârea PUPR 2016,Lucrări de construcții și amenajări,A.8.4.2 PREȚUL UNITĂȚII DE LUCRU PENTRU TĂIEREA ȚEVULUI
țeavă DCI Ø 800 echipament tăiere,țeavă DCI Ø 800 echipament tăiere,Material,General,buah,0.0,0.0,0.0,0.0,0,RON,0.0,1.0,1,1,Building and settlement works,Analiza Prețului Unitar al Lucrărilor (AHSP) - Hotărârea PUPR 2016,Lucrări de construcții și amenajări,A.8.4.2 PREȚUL UNITĂȚII DE LUCRU PENTRU TĂIEREA ȚEVULUI
Țeavă DCI Ø 600 Echipament de tăiere,Țeavă DCI Ø 600 Echipament de tăiere,Material,General,buah,0.0,0.0,0.0,0.0,0,RON,0.0,1.0,1,1,Building and settlement works,Analiza Prețului Unitar al Lucrărilor (AHSP) - Hotărârea PUPR 2016,Lucrări de construcții și amenajări,A.8.4.2 PREȚUL UNITĂȚII DE LUCRU PENTRU TĂIEREA ȚEVULUI
Țeavă DCI Ø 500 Echipament de tăiere,Țeavă DCI Ø 500 Echipament de tăiere,Material,General,buah,0.0,0.0,0.0,0.0,0,RON,0.0,1.0,1,1,Building and settlement works,Analiza Prețului Unitar al Lucrărilor (AHSP) - Hotărârea PUPR 2016,Lucrări de construcții și amenajări,A.8.4.2 PREȚUL UNITĂȚII DE LUCRU PENTRU TĂIEREA ȚEVULUI
Țeavă GIP Ø 1200 mm Echipament de tăiere,Țeavă GIP Ø 1200 mm Echipament de tăiere,Material,General,buah,0.0,0.0,0.0,0.0,0,RON,0.0,1.0,1,1,Building and settlement works,Analiza Prețului Unitar al Lucrărilor (AHSP) - Hotărârea PUPR 2016,Lucrări de construcții și amenajări,A.8.4.2 PREȚUL UNITĂȚII DE LUCRU PENTRU TĂIEREA ȚEVULUI
Țeavă GIP Ø 1100 mm Echipament de tăiere,Țeavă GIP Ø 1100 mm Echipament de tăiere,Material,General,buah,0.0,0.0,0.0,0.0,0,RON,0.0,1.0,1,1,Building and settlement works,Analiza Prețului Unitar al Lucrărilor (AHSP) - Hotărârea PUPR 2016,Lucrări de construcții și amenajări,A.8.4.2 PREȚUL UNITĂȚII DE LUCRU PENTRU TĂIEREA ȚEVULUI
Țeavă GIP Ø 1000 mm Echipament tăiere,Țeavă GIP Ø 1000 mm Echipament tăiere,Material,General,buah,0.0,0.0,0.0,0.0,0,RON,0.0,1.0,1,1,Building and settlement works,Analiza Prețului Unitar al Lucrărilor (AHSP) - Hotărârea PUPR 2016,Lucrări de construcții și amenajări,A.8.4.2 PREȚUL UNITĂȚII DE LUCRU PENTRU TĂIEREA ȚEVULUI
Țeavă GIP Ø 900 Echipament tăiere,Țeavă GIP Ø 900 Echipament tăiere,Material,General,buah,0.0,0.0,0.0,0.0,0,RON,0.0,1.0,1,1,Building and settlement works,Analiza Prețului Unitar al Lucrărilor (AHSP) - Hotărârea PUPR 2016,Lucrări de construcții și amenajări,A.8.4.2 PREȚUL UNITĂȚII DE LUCRU PENTRU TĂIEREA ȚEVULUI
Țeavă GIP Ø 800 Echipament tăiere,Țeavă GIP Ø 800 Echipament tăiere,Material,General,buah,0.0,0.0,0.0,0.0,0,RON,0.0,1.0,1,1,Building and settlement works,Analiza Prețului Unitar al Lucrărilor (AHSP) - Hotărârea PUPR 2016,Lucrări de construcții și amenajări,A.8.4.2 PREȚUL UNITĂȚII DE LUCRU PENTRU TĂIEREA ȚEVULUI
Țeavă GIP Ø 600 Echipament tăiere,Țeavă GIP Ø 600 Echipament tăiere,Material,General,buah,0.0,0.0,0.0,0.0,0,RON,0.0,1.0,1,1,Building and settlement works,Analiza Prețului Unitar al Lucrărilor (AHSP) - Hotărârea PUPR 2016,Lucrări de construcții și amenajări,A.8.4.2 PREȚUL UNITĂȚII DE LUCRU PENTRU TĂIEREA ȚEVULUI
țeavă GIP Ø 500 echipament tăiere,țeavă GIP Ø 500 echipament tăiere,Material,General,buah,0.0,0.0,0.0,0.0,0,RON,0.0,1.0,1,1,Building and settlement works,Analiza Prețului Unitar al Lucrărilor (AHSP) - Hotărârea PUPR 2016,Lucrări de construcții și amenajări,A.8.4.2 PREȚUL UNITĂȚII DE LUCRU PENTRU TĂIEREA ȚEVULUI
Țeavă GIP Ø 450 Echipament tăiere,Țeavă GIP Ø 450 Echipament tăiere,Material,General,buah,0.0,0.0,0.0,0.0,0,RON,0.0,1.0,1,1,Building and settlement works,Analiza Prețului Unitar al Lucrărilor (AHSP) - Hotărârea PUPR 2016,Lucrări de construcții și amenajări,A.8.4.2 PREȚUL UNITĂȚII DE LUCRU PENTRU TĂIEREA ȚEVULUI
Țeavă GIP Ø 400 Echipament tăiere,Țeavă GIP Ø 400 Echipament tăiere,Material,General,buah,0.0,0.0,0.0,0.0,0,RON,0.0,1.0,1,1,Building and settlement works,Analiza Prețului Unitar al Lucrărilor (AHSP) - Hotărârea PUPR 2016,Lucrări de construcții și amenajări,A.8.4.2 PREȚUL UNITĂȚII DE LUCRU PENTRU TĂIEREA ȚEVULUI
țeavă GIP Ø 300 echipament tăiere,țeavă GIP Ø 300 echipament tăiere,Material,General,buah,0.0,0.0,0.0,0.0,0,RON,0.0,1.0,1,1,Building and settlement works,Analiza Prețului Unitar al Lucrărilor (AHSP) - Hotărârea PUPR 2016,Lucrări de construcții și amenajări,A.8.4.2 PREȚUL UNITĂȚII DE LUCRU PENTRU TĂIEREA ȚEVULUI
Țeavă GIP Ø 250 Echipament tăiere,Țeavă GIP Ø 250 Echipament tăiere,Material,General,buah,0.0,0.0,0.0,0.0,0,RON,0.0,1.0,1,1,Building and settlement works,Analiza Prețului Unitar al Lucrărilor (AHSP) - Hotărârea PUPR 2016,Lucrări de construcții și amenajări,A.8.4.2 PREȚUL UNITĂȚII DE LUCRU PENTRU TĂIEREA ȚEVULUI
Conductă GIP Ø 200 Echipament tăiere,Conductă GIP Ø 200 Echipament tăiere,Material,General,buah,0.0,0.0,0.0,0.0,0,RON,0.0,1.0,1,1,Building and settlement works,Analiza Prețului Unitar al Lucrărilor (AHSP) - Hotărârea PUPR 2016,Lucrări de construcții și amenajări,A.8.4.2 PREȚUL UNITĂȚII DE LUCRU PENTRU TĂIEREA ȚEVULUI
țeavă GIP Ø 150 echipament tăiere,țeavă GIP Ø 150 echipament tăiere,Material,General,buah,0.0,0.0,0.0,0.0,0,RON,0.0,1.0,1,1,Building and settlement works,Analiza Prețului Unitar al Lucrărilor (AHSP) - Hotărârea PUPR 2016,Lucrări de construcții și amenajări,A.8.4.2 PREȚUL UNITĂȚII DE LUCRU PENTRU TĂIEREA ȚEVULUI
Trepied/Tackel & cărucior macara 2 T Macara mobilă 3 tone,Trepied/Tackel & cărucior macara 2 T Macara mobilă 3 tone,Equipment,General,hari,0.0,0.0,0.0,0.0,0,RON,0.0,0.5,1,1,Building and settlement works,Analiza Prețului Unitar al Lucrărilor (AHSP) - Hotărârea PUPR 2016,Lucrări de construcții și amenajări,A.8.4.3 PREȚUL UNITĂȚII DE LUCRU PENTRU INSTALAREA ACCESORIILOR PE ȚEAVĂ
vană Ø 700 mm închiriere,vană Ø 700 mm închiriere,Material,General,buah,0.0,0.0,0.0,0.0,0,RON,0.0,1.0,1,1,Building and settlement works,Analiza Prețului Unitar al Lucrărilor (AHSP) - Hotărârea PUPR 2016,Lucrări de construcții și amenajări,A.8.4.3 PREȚUL UNITĂȚII DE LUCRU PENTRU INSTALAREA ACCESORIILOR PE ȚEAVĂ
Țeavă oțel Ø 1000 mm Echipament de tăiere,Țeavă oțel Ø 1000 mm Echipament de tăiere,Material,General,buah,0.0,0.0,0.0,0.0,0,RON,0.0,1.0,1,1,Building and settlement works,Analiza Prețului Unitar al Lucrărilor (AHSP) - Hotărârea PUPR 2016,Lucrări de construcții și amenajări,A.8.4.2 PREȚUL UNITĂȚII DE LUCRU PENTRU TĂIEREA ȚEVULUI
țeavă Ø 700 mm echipament tăiere,țeavă Ø 700 mm echipament tăiere,Material,General,buah,0.0,0.0,0.0,0.0,0,RON,0.0,1.0,1,1,Building and settlement works,Analiza Prețului Unitar al Lucrărilor (AHSP) - Hotărârea PUPR 2016,Lucrări de construcții și amenajări,A.8.4.4 PREȚUL UNITĂȚII DE LUCRU PUNEREA ÎN FUNCȚIUNE A NOII ȚEVI PE ȚEVI EXISTE
Țeavă Ø 600 mm Echipament de tăiere,Țeavă Ø 600 mm Echipament de tăiere,Material,General,buah,0.0,0.0,0.0,0.0,0,RON,0.0,1.0,1,1,Building and settlement works,Analiza Prețului Unitar al Lucrărilor (AHSP) - Hotărârea PUPR 2016,Lucrări de construcții și amenajări,A.8.4.4 PREȚUL UNITĂȚII DE LUCRU PUNEREA ÎN FUNCȚIUNE A NOII ȚEVI PE ȚEVI EXISTE
Țeavă Ø 500 mm Echipament de tăiere,Țeavă Ø 500 mm Echipament de tăiere,Material,General,buah,0.0,0.0,0.0,0.0,0,RON,0.0,1.0,1,1,Building and settlement works,Analiza Prețului Unitar al Lucrărilor (AHSP) - Hotărârea PUPR 2016,Lucrări de construcții și amenajări,A.8.4.4 PREȚUL UNITĂȚII DE LUCRU PUNEREA ÎN FUNCȚIUNE A NOII ȚEVI PE ȚEVI EXISTE
Țeavă Ø 450 mm Echipament de tăiere,Țeavă Ø 450 mm Echipament de tăiere,Material,General,buah,0.0,0.0,0.0,0.0,0,RON,0.0,1.0,1,1,Building and settlement works,Analiza Prețului Unitar al Lucrărilor (AHSP) - Hotărârea PUPR 2016,Lucrări de construcții și amenajări,A.8.4.4 PREȚUL UNITĂȚII DE LUCRU PUNEREA ÎN FUNCȚIUNE A NOII ȚEVI PE ȚEVI EXISTE
țeavă Ø 400 mm echipament tăiere,țeavă Ø 400 mm echipament tăiere,Material,General,buah,0.0,0.0,0.0,0.0,0,RON,0.0,1.0,1,1,Building and settlement works,Analiza Prețului Unitar al Lucrărilor (AHSP) - Hotărârea PUPR 2016,Lucrări de construcții și amenajări,A.8.4.4 PREȚUL UNITĂȚII DE LUCRU PUNEREA ÎN FUNCȚIUNE A NOII ȚEVI PE ȚEVI EXISTE
țeavă Ø 300 mm echipament tăiere,țeavă Ø 300 mm echipament tăiere,Material,General,buah,0.0,0.0,0.0,0.0,0,RON,0.0,1.0,1,1,Building and settlement works,Analiza Prețului Unitar al Lucrărilor (AHSP) - Hotărârea PUPR 2016,Lucrări de construcții și amenajări,A.8.4.4 PREȚUL UNITĂȚII DE LUCRU PUNEREA ÎN FUNCȚIUNE A NOII ȚEVI PE ȚEVI EXISTE
Țeavă Ø 250 mm Echipament de tăiere,Țeavă Ø 250 mm Echipament de tăiere,Material,General,buah,0.0,0.0,0.0,0.0,0,RON,0.0,1.0,1,1,Building and settlement works,Analiza Prețului Unitar al Lucrărilor (AHSP) - Hotărârea PUPR 2016,Lucrări de construcții și amenajări,A.8.4.4 PREȚUL UNITĂȚII DE LUCRU PUNEREA ÎN FUNCȚIUNE A NOII ȚEVI PE ȚEVI EXISTE
Țeavă Ø 200 mm Echipament de tăiere,Țeavă Ø 200 mm Echipament de tăiere,Material,General,buah,0.0,0.0,0.0,0.0,0,RON,0.0,1.0,1,1,Building and settlement works,Analiza Prețului Unitar al Lucrărilor (AHSP) - Hotărârea PUPR 2016,Lucrări de construcții și amenajări,A.8.4.4 PREȚUL UNITĂȚII DE LUCRU PUNEREA ÎN FUNCȚIUNE A NOII ȚEVI PE ȚEVI EXISTE
Țeavă Ø 150 mm Echipament tăiere,Țeavă Ø 150 mm Echipament tăiere,Material,General,buah,0.0,0.0,0.0,0.0,0,RON,0.0,1.0,1,1,Building and settlement works,Analiza Prețului Unitar al Lucrărilor (AHSP) - Hotărârea PUPR 2016,Lucrări de construcții și amenajări,A.8.4.4 PREȚUL UNITĂȚII DE LUCRU PUNEREA ÎN FUNCȚIUNE A NOII ȚEVI PE ȚEVI EXISTE
Țeavă Ø 100 mm Echipament de tăiere,Țeavă Ø 100 mm Echipament de tăiere,Material,General,buah,0.0,0.0,0.0,0.0,0,RON,0.0,1.0,1,1,Building and settlement works,Analiza Prețului Unitar al Lucrărilor (AHSP) - Hotărârea PUPR 2016,Lucrări de construcții și amenajări,A.8.4.4 PREȚUL UNITĂȚII DE LUCRU PUNEREA ÎN FUNCȚIUNE A NOII ȚEVI PE ȚEVI EXISTE
Țeavă Ø 80 mm Echipament tăiere,Țeavă Ø 80 mm Echipament tăiere,Material,General,buah,0.0,0.0,0.0,0.0,0,RON,0.0,1.0,1,1,Building and settlement works,Analiza Prețului Unitar al Lucrărilor (AHSP) - Hotărârea PUPR 2016,Lucrări de construcții și amenajări,A.8.4.4 PREȚUL UNITĂȚII DE LUCRU PUNEREA ÎN FUNCȚIUNE A NOII ȚEVI PE ȚEVI EXISTE
Tee Ø 400 mm,Tee Ø 400 mm,Material,General,buah,0.0,0.0,0.0,0.0,0,RON,0.0,1.0,1,1,Building and settlement works,Analiza Prețului Unitar al Lucrărilor (AHSP) - Hotărârea PUPR 2016,Lucrări de construcții și amenajări,A.8.4.3 PREȚUL UNITĂȚII DE LUCRU PENTRU INSTALAREA ACCESORIILOR PE ȚEAVĂ
Tee Ø 300 mm,Tee Ø 300 mm,Material,General,buah,0.0,0.0,0.0,0.0,0,RON,0.0,1.0,1,1,Building and settlement works,Analiza Prețului Unitar al Lucrărilor (AHSP) - Hotărârea PUPR 2016,Lucrări de construcții și amenajări,A.8.4.3 PREȚUL UNITĂȚII DE LUCRU PENTRU INSTALAREA ACCESORIILOR PE ȚEAVĂ
Țeavă DCI Ø 300,Țeavă DCI Ø 300,Material,General,buah,0.0,0.0,0.0,0.0,0,RON,0.0,1.0,1,1,Building and settlement works,Analiza Prețului Unitar al Lucrărilor (AHSP) - Hotărârea PUPR 2016,Lucrări de construcții și amenajări,A.8.4.2 PREȚUL UNITĂȚII DE LUCRU PENTRU TĂIEREA ȚEVULUI
Țeavă DCI Ø 200,Țeavă DCI Ø 200,Material,General,buah,0.0,0.0,0.0,0.0,0,RON,0.0,1.0,1,1,Building and settlement works,Analiza Prețului Unitar al Lucrărilor (AHSP) - Hotărârea PUPR 2016,Lucrări de construcții și amenajări,A.8.4.2 PREȚUL UNITĂȚII DE LUCRU PENTRU TĂIEREA ȚEVULUI
Țeavă DCI Ø 125,Țeavă DCI Ø 125,Material,General,buah,0.0,0.0,0.0,0.0,0,RON,0.0,1.0,1,1,Building and settlement works,Analiza Prețului Unitar al Lucrărilor (AHSP) - Hotărârea PUPR 2016,Lucrări de construcții și amenajări,A.8.4.2 PREȚUL UNITĂȚII DE LUCRU PENTRU TĂIEREA ȚEVULUI
Cui 7 cm Zidărie piatră,Cui 7 cm Zidărie piatră,Material,General,kg,0.0,0.0,0.0,0.0,0,RON,0.0,0.12,1,1,Building and settlement works,Analiza Prețului Unitar al Lucrărilor (AHSP) - Permen PUPR 2022,Lucrări de construcții și amenajări,1.1 LUCRĂRI DE PREGĂTIRE
Paku seng,Paku seng,Material,General,kg,0.0,0.0,0.0,0.0,0,RON,0.0,0.3,1,1,Building and settlement works,Analiza Prețului Unitar al Lucrărilor (AHSP) - Permen PUPR 2022,Lucrări de construcții și amenajări,1.1 LUCRĂRI DE PREGĂTIRE
"dimensiune 20/50, t=40cm","dimensiune 20/50, t=40cm",Material,General,m3,0.0,0.0,0.0,0.0,0,RON,0.0,0.15,1,1,Building and settlement works,Analiza Prețului Unitar al Lucrărilor (AHSP) - Permen PUPR 2022,Lucrări de construcții și amenajări,1.1 LUCRĂRI DE PREGĂTIRE
Fir zincată 3mm zidărie piatră,Fir zincată 3mm zidărie piatră,Material,General,kg,0.0,0.0,0.0,0.0,0,RON,0.0,0.3,1,1,Building and settlement works,Analiza Prețului Unitar al Lucrărilor (AHSP) - Permen PUPR 2022,Lucrări de construcții și amenajări,1.1 LUCRĂRI DE PREGĂTIRE
Baja L 40.40.4,Baja L 40.40.4,Material,General,kg,0.0,0.0,0.0,0.0,0,RON,0.0,13.5,1,1,Building and settlement works,Analiza Prețului Unitar al Lucrărilor (AHSP) - Permen PUPR 2022,Lucrări de construcții și amenajări,1.1 LUCRĂRI DE PREGĂTIRE
Paku 5 inch,Paku 5 inch,Material,General,kg,0.0,0.0,0.0,0.0,0,RON,0.0,0.472,1,1,Building and settlement works,Analiza Prețului Unitar al Lucrărilor (AHSP) - Permen PUPR 2022,Lucrări de construcții și amenajări,1.1 LUCRĂRI DE PREGĂTIRE
Tablă lemn mărime 2/20 cm,Tablă lemn mărime 2/20 cm,Material,General,m3,0.0,0.0,0.0,0.0,0,RON,0.0,0.04,1,1,Building and settlement works,Analiza Prețului Unitar al Lucrărilor (AHSP) - Permen PUPR 2022,Lucrări de construcții și amenajări,1.1 LUCRĂRI DE PREGĂTIRE
Fitting,Fitting,Material,Pipes & Fittings,buah,0.0,0.0,0.0,0.0,0,RON,0.0,1.0,1,1,Building and settlement works,Analiza Prețului Unitar al Lucrărilor (AHSP) - Hotărârea PUPR 2016,Lucrări de construcții și amenajări,A.8.4.6 PREȚ PE UNITATE DE MUNCĂ PENTRU ELECTRICE
Saklar,Saklar,Material,General,buah,0.0,0.0,0.0,0.0,0,RON,0.0,1.0,1,1,Building and settlement works,Analiza Prețului Unitar al Lucrărilor (AHSP) - Hotărârea PUPR 2016,Lucrări de construcții și amenajări,A.8.4.6 PREȚ PE UNITATE DE MUNCĂ PENTRU ELECTRICE
Mongkok,Mongkok,Material,General,buah,0.0,0.0,0.0,0.0,0,RON,0.0,1.0,1,1,Building and settlement works,Analiza Prețului Unitar al Lucrărilor (AHSP) - Hotărârea PUPR 2016,Lucrări de construcții și amenajări,A.8.4.6 PREȚ PE UNITATE DE MUNCĂ PENTRU ELECTRICE
Las Dop,Las Dop,Material,General,buah,0.0,0.0,0.0,0.0,0,RON,0.0,3.0,1,1,Building and settlement works,Analiza Prețului Unitar al Lucrărilor (AHSP) - Hotărârea PUPR 2016,Lucrări de construcții și amenajări,A.8.4.6 PREȚ PE UNITATE DE MUNCĂ PENTRU ELECTRICE
L Bow,L Bow,Material,General,buah,0.0,0.0,0.0,0.0,0,RON,0.0,4.0,1,1,Building and settlement works,Analiza Prețului Unitar al Lucrărilor (AHSP) - Hotărârea PUPR 2016,Lucrări de construcții și amenajări,A.8.4.6 PREȚ PE UNITATE DE MUNCĂ PENTRU ELECTRICE
Kabel,Kabel,Material,General,m,0.0,0.0,0.0,0.0,0,RON,0.0,24.0,1,1,Building and settlement works,Analiza Prețului Unitar al Lucrărilor (AHSP) - Hotărârea PUPR 2016,Lucrări de construcții și amenajări,A.8.4.6 PREȚ PE UNITATE DE MUNCĂ PENTRU ELECTRICE
"Țeavă electric 5/8""","Țeavă electric 5/8""",Material,General,btg,0.0,0.0,0.0,0.0,0,RON,0.0,3.0,1,1,Building and settlement works,Analiza Prețului Unitar al Lucrărilor (AHSP) - Hotărârea PUPR 2016,Lucrări de construcții și amenajări,A.8.4.6 PREȚ PE UNITATE DE MUNCĂ PENTRU ELECTRICE
Upah,Upah,Labor,Labor,%,0.0,0.0,0.0,0.0,0,RON,0.0,100.0,1,1,Building and settlement works,Analiza Prețului Unitar al Lucrărilor (AHSP) - Hotărârea PUPR 2016,Lucrări de construcții și amenajări,A.8.4.6 PREȚ PE UNITATE DE MUNCĂ PENTRU ELECTRICE
țeavă Ø 800 mm echipament tăiere,țeavă Ø 800 mm echipament tăiere,Material,General,buah,0.0,0.0,0.0,0.0,0,RON,0.0,1.0,1,1,Building and settlement works,Analiza Prețului Unitar al Lucrărilor (AHSP) - Hotărârea PUPR 2016,Lucrări de construcții și amenajări,A.8.4.4 PREȚUL UNITĂȚII DE LUCRU PUNEREA ÎN FUNCȚIUNE A NOII ȚEVI PE ȚEVI EXISTE
Paku asbes,Paku asbes,Material,General,kg,0.0,0.0,0.0,0.0,0,RON,0.0,0.1,1,1,Building and settlement works,Analiza Prețului Unitar al Lucrărilor (AHSP) - Permen PUPR 2022,Lucrări de construcții și amenajări,1.1 LUCRĂRI DE PREGĂTIRE
Azbest ondulat,Azbest ondulat,Material,General,lembar,0.0,0.0,0.0,0.0,0,RON,0.0,0.3,1,1,Building and settlement works,Analiza Prețului Unitar al Lucrărilor (AHSP) - Permen PUPR 2022,Lucrări de construcții și amenajări,1.1 LUCRĂRI DE PREGĂTIRE
"Tablă GRC, t=4mm, dim 122x244 cm","Tablă GRC, t=4mm, dim 122x244 cm",Material,General,lembar,0.0,0.0,0.0,0.0,0,RON,0.0,1.24,1,1,Building and settlement works,Analiza Prețului Unitar al Lucrărilor (AHSP) - Permen PUPR 2022,Lucrări de construcții și amenajări,1.1 LUCRĂRI DE PREGĂTIRE
Fundație zidărie piatră,Fundație zidărie piatră,Material,General,m3,0.0,0.0,0.0,0.0,0,RON,0.0,0.17,1,1,Building and settlement works,Analiza Prețului Unitar al Lucrărilor (AHSP) - Permen PUPR 2022,Lucrări de construcții și amenajări,1.1 LUCRĂRI DE PREGĂTIRE
perete placaj 4mm,perete placaj 4mm,Material,General,lembar,0.0,0.0,0.0,0.0,0,RON,0.0,1.0,1,1,Building and settlement works,Analiza Prețului Unitar al Lucrărilor (AHSP) - Permen PUPR 2022,Lucrări de construcții și amenajări,1.1 LUCRĂRI DE PREGĂTIRE
Kaso 5/7,Kaso 5/7,Material,General,m3,0.0,0.0,0.0,0.0,0,RON,0.0,0.35,1,1,Building and settlement works,Analiza Prețului Unitar al Lucrărilor (AHSP) - Permen PUPR 2022,Lucrări de construcții și amenajări,1.1 LUCRĂRI DE PREGĂTIRE
Dolken lemn φ 8- 10/400 cm,Dolken lemn φ 8- 10/400 cm,Material,General,m',0.0,0.0,0.0,0.0,0,RON,0.0,1.25,1,1,Building and settlement works,Analiza Prețului Unitar al Lucrărilor (AHSP) - Permen PUPR 2022,Lucrări de construcții și amenajări,1.1 LUCRĂRI DE PREGĂTIRE
"banner plastic 0,6 0,8 m2","banner plastic 0,6 0,8 m2",Material,General,m2,0.0,0.0,0.0,0.0,0,RON,0.0,0.48,1,1,Building and settlement works,Analiza Prețului Unitar al Lucrărilor (AHSP) - Permen PUPR 2022,Lucrări de construcții și amenajări,1.1 LUCRĂRI DE PREGĂTIRE
Cadru aluminiu L.10.1 **),Cadru aluminiu L.10.1 **),Material,General,kg,0.0,0.0,0.0,0.0,0,RON,0.0,0.1,1,1,Building and settlement works,Analiza Prețului Unitar al Lucrărilor (AHSP) - Permen PUPR 2022,Lucrări de construcții și amenajări,1.1 LUCRĂRI DE PREGĂTIRE
"Stâlp lemn 5/7 (II), T= 3 m'","Stâlp lemn 5/7 (II), T= 3 m'",Material,General,m3,0.0,0.0,0.0,0.0,0,RON,0.0,0.021,1,1,Building and settlement works,Analiza Prețului Unitar al Lucrărilor (AHSP) - Permen PUPR 2022,Lucrări de construcții și amenajări,1.1 LUCRĂRI DE PREGĂTIRE
Placaj grosime 9 *),Placaj grosime 9 *),Material,General,lembar,0.0,0.0,0.0,0.0,0,RON,0.0,0.18,1,1,Building and settlement works,Analiza Prețului Unitar al Lucrărilor (AHSP) - Permen PUPR 2022,Lucrări de construcții și amenajări,1.1 LUCRĂRI DE PREGĂTIRE
Cadru fier L.30.30.3 ***),Cadru fier L.30.30.3 ***),Material,General,kg,0.0,0.0,0.0,0.0,0,RON,0.0,5.8,1,1,Building and settlement works,Analiza Prețului Unitar al Lucrărilor (AHSP) - Permen PUPR 2022,Lucrări de construcții și amenajări,1.1 LUCRĂRI DE PREGĂTIRE
"clasa II, înălțime 4m","clasa II, înălțime 4m",Material,General,m3,0.0,0.0,0.0,0.0,0,RON,0.0,0.077,1,1,Building and settlement works,Analiza Prețului Unitar al Lucrărilor (AHSP) - Permen PUPR 2022,Lucrări de construcții și amenajări,1.1 LUCRĂRI DE PREGĂTIRE
Placaj grosime 18 mm **) Stâlp lemn 8/12,Placaj grosime 18 mm **) Stâlp lemn 8/12,Material,General,lembar,0.0,0.0,0.0,0.0,0,RON,0.0,0.35,1,1,Building and settlement works,Analiza Prețului Unitar al Lucrărilor (AHSP) - Permen PUPR 2022,Lucrări de construcții și amenajări,1.1 LUCRĂRI DE PREGĂTIRE
"Fir plasă lungime 2,4 m și accesorii","Fir plasă lungime 2,4 m și accesorii",Material,General,lembar,0.0,0.0,0.0,0.0,0,RON,0.0,0.0165,1,1,Building and settlement works,Analiza Prețului Unitar al Lucrărilor (AHSP) - Permen PUPR 2022,Lucrări de construcții și amenajări,1.1 LUCRĂRI DE PREGĂTIRE
"mărime 20/50,t=40cm","mărime 20/50,t=40cm",Material,General,m3,0.0,0.0,0.0,0.0,0,RON,0.0,0.15,1,1,Building and settlement works,Analiza Prețului Unitar al Lucrărilor (AHSP) - Permen PUPR 2022,Lucrări de construcții și amenajări,1.1 LUCRĂRI DE PREGĂTIRE
L.12d,**) personal expert primar,Labor,Labor,OH,0.0,0.0,0.0,0.0,0,RON,0.0,2.0,1,1,Building and settlement works,Analiza Prețului Unitar al Lucrărilor (AHSP) - Permen PUPR 2022,Lucrări de construcții și amenajări,1.1 LUCRĂRI DE PREGĂTIRE
L.14b,*) Muncitor Calificat Operator,Labor,Labor,OH,0.0,0.0,0.0,0.0,0,RON,0.0,2.0,1,1,Building and settlement works,Analiza Prețului Unitar al Lucrărilor (AHSP) - Permen PUPR 2022,Lucrări de construcții și amenajări,1.1 LUCRĂRI DE PREGĂTIRE
"Ferăstrău cu lanț 30""; 10""","Ferăstrău cu lanț 30""; 10""",Equipment,General,hari,0.0,0.0,0.0,0.0,0,RON,0.0,0.09,1,1,Building and settlement works,Analiza Prețului Unitar al Lucrărilor (AHSP) - Permen PUPR 2022,Lucrări de construcții și amenajări,1.1 LUCRĂRI DE PREGĂTIRE
"Ferăstrău 30""; 7,5HP","Ferăstrău 30""; 7,5HP",Equipment,General,hari,0.0,0.0,0.0,0.0,0,RON,0.0,0.08,1,1,Building and settlement works,Analiza Prețului Unitar al Lucrărilor (AHSP) - Permen PUPR 2022,Lucrări de construcții și amenajări,1.1 LUCRĂRI DE PREGĂTIRE
Distribuitor asfaltic,Distribuitor asfaltic,Equipment,General,jam,0.0,0.0,0.0,0.0,0,RON,0.0,0.0157,1,1,Building and settlement works,Analiza Prețului Unitar al Lucrărilor (AHSP) - Permen PUPR 2022,Lucrări de construcții și amenajări,1.1 LUCRĂRI DE PREGĂTIRE
Compactor cu Trei Roți,Compactor cu Trei Roți,Equipment,General,jam,0.0,0.0,0.0,0.0,0,RON,0.0,0.0655,1,1,Building and settlement works,Analiza Prețului Unitar al Lucrărilor (AHSP) - Permen PUPR 2022,Lucrări de construcții și amenajări,1.1 LUCRĂRI DE PREGĂTIRE
Camion basculant 3,Camion basculant 3,Equipment,General,jam,0.0,0.0,0.0,0.0,0,RON,0.0,0.3237,1,1,Building and settlement works,Analiza Prețului Unitar al Lucrărilor (AHSP) - Permen PUPR 2022,Lucrări de construcții și amenajări,1.1 LUCRĂRI DE PREGĂTIRE
Camion Basculant 2,Camion Basculant 2,Equipment,General,jam,0.0,0.0,0.0,0.0,0,RON,0.0,0.3202,1,1,Building and settlement works,Analiza Prețului Unitar al Lucrărilor (AHSP) - Permen PUPR 2022,Lucrări de construcții și amenajări,1.1 LUCRĂRI DE PREGĂTIRE
Camion basculantă 1,Camion basculantă 1,Equipment,General,jam,0.0,0.0,0.0,0.0,0,RON,0.0,0.3189,1,1,Building and settlement works,Analiza Prețului Unitar al Lucrărilor (AHSP) - Permen PUPR 2022,Lucrări de construcții și amenajări,1.1 LUCRĂRI DE PREGĂTIRE
Agg Penutup,Agg Penutup,Material,Fasteners,kg,0.0,0.0,0.0,0.0,0,RON,0.0,0.1854,1,1,Building and settlement works,Analiza Prețului Unitar al Lucrărilor (AHSP) - Permen PUPR 2022,Lucrări de construcții și amenajări,1.1 LUCRĂRI DE PREGĂTIRE
Agg Blocare,Agg Blocare,Material,General,m3,0.0,0.0,0.0,0.0,0,RON,0.0,0.3311,1,1,Building and settlement works,Analiza Prețului Unitar al Lucrărilor (AHSP) - Permen PUPR 2022,Lucrări de construcții și amenajări,1.1 LUCRĂRI DE PREGĂTIRE
Agg Pokok,Agg Pokok,Material,General,m3,0.0,0.0,0.0,0.0,0,RON,0.0,1.0594,1,1,Building and settlement works,Analiza Prețului Unitar al Lucrărilor (AHSP) - Permen PUPR 2022,Lucrări de construcții și amenajări,1.1 LUCRĂRI DE PREGĂTIRE
Vopsea perete/tavan,Vopsea perete/tavan,Material,General,m2,0.0,0.0,0.0,0.0,0,RON,0.0,16.5,1,1,Building and settlement works,Analiza Prețului Unitar al Lucrărilor (AHSP) - Permen PUPR 2022,Lucrări de construcții și amenajări,1.1 LUCRĂRI DE PREGĂTIRE
cadru oțel sticlă nako,cadru oțel sticlă nako,Material,General,daun,0.0,0.0,0.0,0.0,0,RON,0.0,1.0,1,1,Building and settlement works,Analiza Prețului Unitar al Lucrărilor (AHSP) - Permen PUPR 2022,Lucrări de construcții și amenajări,1.1 LUCRĂRI DE PREGĂTIRE
lemn teak cadru lemn,lemn teak cadru lemn,Material,General,m2,0.0,0.0,0.0,0.0,0,RON,0.0,0.1,1,1,Building and settlement works,Analiza Prețului Unitar al Lucrărilor (AHSP) - Permen PUPR 2022,Lucrări de construcții și amenajări,1.1 LUCRĂRI DE PREGĂTIRE
pardoseală sală (beton pardoseală lucru ușă dublă,pardoseală sală (beton pardoseală lucru ușă dublă,Material,Rubber,m3,0.0,0.0,0.0,0.0,0,RON,0.0,0.15,1,1,Building and settlement works,Analiza Prețului Unitar al Lucrărilor (AHSP) - Permen PUPR 2022,Lucrări de construcții și amenajări,1.1 LUCRĂRI DE PREGĂTIRE
Țeavă HDPE Ø 400 mm Echipament de tăiere,Țeavă HDPE Ø 400 mm Echipament de tăiere,Material,General,buah,0.0,0.0,0.0,0.0,0,RON,0.0,1.0,1,1,Building and settlement works,Analiza Prețului Unitar al Lucrărilor (AHSP) - Hotărârea PUPR 2016,Lucrări de construcții și amenajări,A.8.4.2 PREȚUL UNITĂȚII DE LUCRU PENTRU TĂIEREA ȚEVULUI
Țeavă HDPE Ø 300 mm Echipament tăiere,Țeavă HDPE Ø 300 mm Echipament tăiere,Material,General,buah,0.0,0.0,0.0,0.0,0,RON,0.0,1.0,1,1,Building and settlement works,Analiza Prețului Unitar al Lucrărilor (AHSP) - Hotărârea PUPR 2016,Lucrări de construcții și amenajări,A.8.4.2 PREȚUL UNITĂȚII DE LUCRU PENTRU TĂIEREA ȚEVULUI
Țeavă HDPE Ø 250 mm Echipament tăiere,Țeavă HDPE Ø 250 mm Echipament tăiere,Material,General,buah,0.0,0.0,0.0,0.0,0,RON,0.0,1.0,1,1,Building and settlement works,Analiza Prețului Unitar al Lucrărilor (AHSP) - Hotărârea PUPR 2016,Lucrări de construcții și amenajări,A.8.4.2 PREȚUL UNITĂȚII DE LUCRU PENTRU TĂIEREA ȚEVULUI
Conductă HDPE Ø 200 mm Echipament tăiere,Conductă HDPE Ø 200 mm Echipament tăiere,Material,General,buah,0.0,0.0,0.0,0.0,0,RON,0.0,1.0,1,1,Building and settlement works,Analiza Prețului Unitar al Lucrărilor (AHSP) - Hotărârea PUPR 2016,Lucrări de construcții și amenajări,A.8.4.2 PREȚUL UNITĂȚII DE LUCRU PENTRU TĂIEREA ȚEVULUI
Theodolit,Theodolit,Equipment,General,hari,0.0,0.0,0.0,0.0,0,RON,0.0,1.0,1,1,Building and settlement works,Analiza Prețului Unitar al Lucrărilor (AHSP) - Permen PUPR 2022,Lucrări de construcții și amenajări,1.1 LUCRĂRI DE PREGĂTIRE
Paku 5 cm – 10,Paku 5 cm – 10,Material,General,kg,0.0,0.0,0.0,0.0,0,RON,0.0,0.3,1,1,Building and settlement works,Analiza Prețului Unitar al Lucrărilor (AHSP) - Hotărârea PUPR 2016,Lucrări de construcții și amenajări,A.4.1.1 PREȚ PE UNITATE DE LUCRU BETON
Plasă din sârmă oțel sudată,Plasă din sârmă oțel sudată,Material,General,kg,0.0,0.0,0.0,0.0,0,RON,0.0,10.2,1,1,Building and settlement works,Analiza Prețului Unitar al Lucrărilor (AHSP) - Hotărârea PUPR 2016,Lucrări de construcții și amenajări,A.4.1.1 PREȚ PE UNITATE DE LUCRU BETON
Waterstop lățime 230 mm - 320 mm,Waterstop lățime 230 mm - 320 mm,Material,Water,m,0.0,0.0,0.0,0.0,0,RON,0.0,1.05,1,1,Building and settlement works,Analiza Prețului Unitar al Lucrărilor (AHSP) - Hotărârea PUPR 2016,Lucrări de construcții și amenajări,A.4.1.1 PREȚ PE UNITATE DE LUCRU BETON
Waterstop lățime 200 mm,Waterstop lățime 200 mm,Material,Water,m,0.0,0.0,0.0,0.0,0,RON,0.0,1.05,1,1,Building and settlement works,Analiza Prețului Unitar al Lucrărilor (AHSP) - Hotărârea PUPR 2016,Lucrări de construcții și amenajări,A.4.1.1 PREȚ PE UNITATE DE LUCRU BETON
barieră apă lărgime 150 mm,barieră apă lărgime 150 mm,Material,General,m,0.0,0.0,0.0,0.0,0,RON,0.0,1.05,1,1,Building and settlement works,Analiza Prețului Unitar al Lucrărilor (AHSP) - Hotărârea PUPR 2016,Lucrări de construcții și amenajări,A.4.1.1 PREȚ PE UNITATE DE LUCRU BETON
Pietriș (2cm/3cm),Pietriș (2cm/3cm),Material,General,m3,0.0,0.0,0.0,0.0,0,RON,0.0,0.8,1,1,Building and settlement works,Analiza Prețului Unitar al Lucrărilor (AHSP) - Hotărârea PUPR 2016,Lucrări de construcții și amenajări,A.4.1.1 PREȚ PE UNITATE DE LUCRU BETON
Material aditiv chimic,Material aditiv chimic,Material,General,Liter,0.0,0.0,0.0,0.0,0,RON,0.0,4.5,1,1,Building and settlement works,Analiza Prețului Unitar al Lucrărilor (AHSP) - Hotărârea PUPR 2016,Lucrări de construcții și amenajări,A.4.1.1 PREȚ PE UNITATE DE LUCRU BETON
pietriș (maxim 30 mm),pietriș (maxim 30 mm),Material,General,kg,0.0,0.0,0.0,0.0,0,RON,0.0,1000.0,1,1,Building and settlement works,Analiza Prețului Unitar al Lucrărilor (AHSP) - Hotărârea PUPR 2016,Lucrări de construcții și amenajări,A.4.1.1 PREȚ PE UNITATE DE LUCRU BETON
Pietriș (maxim 30mm),Pietriș (maxim 30mm),Material,General,kg,0.0,0.0,0.0,0.0,0,RON,0.0,1039.0,1,1,Building and settlement works,Analiza Prețului Unitar al Lucrărilor (AHSP) - Hotărârea PUPR 2016,Lucrări de construcții și amenajări,A.4.1.1 PREȚ PE UNITATE DE LUCRU BETON
Nivel de apă,Nivel de apă,Equipment,General,hari,0.0,0.0,0.0,0.0,0,RON,0.0,1.0,1,1,Building and settlement works,Analiza Prețului Unitar al Lucrărilor (AHSP) - Permen PUPR 2022,Lucrări de construcții și amenajări,1.1 LUCRĂRI DE PREGĂTIRE
Cărucior de măsură lemn,Cărucior de măsură lemn,Material,General,m3,0.0,0.0,0.0,0.0,0,RON,0.0,0.151,1,1,Building and settlement works,Analiza Prețului Unitar al Lucrărilor (AHSP) - Permen PUPR 2022,Lucrări de construcții și amenajări,1.1 LUCRĂRI DE PREGĂTIRE
Pământ argilă (glod) *),Pământ argilă (glod) *),Material,General,m3,0.0,0.0,0.0,0.0,0,RON,0.0,1.62,1,1,Building and settlement works,Analiza Prețului Unitar al Lucrărilor (AHSP) - Permen PUPR 2022,Lucrări de construcții și amenajări,1.3 LUCRĂRI DE ÎNĂLȚARE ȘI NIVELARE (INCLUSIV Așezarea)
Pământ obișnuit/ nisipos *),Pământ obișnuit/ nisipos *),Material,General,m3,0.0,0.0,0.0,0.0,0,RON,0.0,1.4,1,1,Building and settlement works,Analiza Prețului Unitar al Lucrărilor (AHSP) - Permen PUPR 2022,Lucrări de construcții și amenajări,1.3 LUCRĂRI DE ÎNĂLȚARE ȘI NIVELARE (INCLUSIV Așezarea)
Cui amestec 2 cm și 5 cm,Cui amestec 2 cm și 5 cm,Material,General,kg,0.0,0.0,0.0,0.0,0,RON,0.0,0.02,1,1,Building and settlement works,Analiza Prețului Unitar al Lucrărilor (AHSP) - Permen PUPR 2022,Lucrări de construcții și amenajări,1.1.4.2 Pereche 1 m’ de panou de construcție (Vezi Regulamentul Ministrului Lucr
Kaso 5/7 cm,Kaso 5/7 cm,Material,General,m3,0.0,0.0,0.0,0.0,0,RON,0.0,0.013,1,1,Building and settlement works,Analiza Prețului Unitar al Lucrărilor (AHSP) - Permen PUPR 2022,Lucrări de construcții și amenajări,1.1.4.2 Pereche 1 m’ de panou de construcție (Vezi Regulamentul Ministrului Lucr
Conductă GIP Ø 125 Echipament tăiere,Conductă GIP Ø 125 Echipament tăiere,Material,General,buah,0.0,0.0,0.0,0.0,0,RON,0.0,1.0,1,1,Building and settlement works,Analiza Prețului Unitar al Lucrărilor (AHSP) - Hotărârea PUPR 2016,Lucrări de construcții și amenajări,A.8.4.2 PREȚUL UNITĂȚII DE LUCRU PENTRU TĂIEREA ȚEVULUI
Țeavă GIP Ø 100 Echipament de tăiere,Țeavă GIP Ø 100 Echipament de tăiere,Material,General,buah,0.0,0.0,0.0,0.0,0,RON,0.0,1.0,1,1,Building and settlement works,Analiza Prețului Unitar al Lucrărilor (AHSP) - Hotărârea PUPR 2016,Lucrări de construcții și amenajări,A.8.4.2 PREȚUL UNITĂȚII DE LUCRU PENTRU TĂIEREA ȚEVULUI
Țeavă GIP Ø 63 mm Echipament tăiere,Țeavă GIP Ø 63 mm Echipament tăiere,Material,General,buah,0.0,0.0,0.0,0.0,0,RON,0.0,1.0,1,1,Building and settlement works,Analiza Prețului Unitar al Lucrărilor (AHSP) - Hotărârea PUPR 2016,Lucrări de construcții și amenajări,A.8.4.2 PREȚUL UNITĂȚII DE LUCRU PENTRU TĂIEREA ȚEVULUI
Țeavă HDPE Ø 1200 mm Echipament de tăiere,Țeavă HDPE Ø 1200 mm Echipament de tăiere,Material,General,buah,0.0,0.0,0.0,0.0,0,RON,0.0,1.0,1,1,Building and settlement works,Analiza Prețului Unitar al Lucrărilor (AHSP) - Hotărârea PUPR 2016,Lucrări de construcții și amenajări,A.8.4.2 PREȚUL UNITĂȚII DE LUCRU PENTRU TĂIEREA ȚEVULUI
T2/mecanic / ferăstrău cilindru,T2/mecanic / ferăstrău cilindru,Equipment,General,hari,0.0,0.0,0.0,0.0,0,RON,0.0,0.365,1,1,Building and settlement works,Analiza Prețului Unitar al Lucrărilor (AHSP) - Hotărârea PUPR 2016,Lucrări de construcții și amenajări,A.8.4.2 PREȚUL UNITĂȚII DE LUCRU PENTRU TĂIEREA ȚEVULUI
Țeavă HDPE Ø 1100 mm Echipament de tăiere țeavă,Țeavă HDPE Ø 1100 mm Echipament de tăiere țeavă,Material,General,buah,0.0,0.0,0.0,0.0,0,RON,0.0,1.0,1,1,Building and settlement works,Analiza Prețului Unitar al Lucrărilor (AHSP) - Hotărârea PUPR 2016,Lucrări de construcții și amenajări,A.8.4.2 PREȚUL UNITĂȚII DE LUCRU PENTRU TĂIEREA ȚEVULUI
Conductă HDPE Ø 1000 mm Echipament tăiere,Conductă HDPE Ø 1000 mm Echipament tăiere,Material,General,buah,0.0,0.0,0.0,0.0,0,RON,0.0,1.0,1,1,Building and settlement works,Analiza Prețului Unitar al Lucrărilor (AHSP) - Hotărârea PUPR 2016,Lucrări de construcții și amenajări,A.8.4.2 PREȚUL UNITĂȚII DE LUCRU PENTRU TĂIEREA ȚEVULUI
Țeavă HDPE Ø 900 mm Echipament de tăiere,Țeavă HDPE Ø 900 mm Echipament de tăiere,Material,General,buah,0.0,0.0,0.0,0.0,0,RON,0.0,1.0,1,1,Building and settlement works,Analiza Prețului Unitar al Lucrărilor (AHSP) - Hotărârea PUPR 2016,Lucrări de construcții și amenajări,A.8.4.2 PREȚUL UNITĂȚII DE LUCRU PENTRU TĂIEREA ȚEVULUI
Țeavă HDPE Ø 800 mm Echipament de tăiere,Țeavă HDPE Ø 800 mm Echipament de tăiere,Material,General,buah,0.0,0.0,0.0,0.0,0,RON,0.0,1.0,1,1,Building and settlement works,Analiza Prețului Unitar al Lucrărilor (AHSP) - Hotărârea PUPR 2016,Lucrări de construcții și amenajări,A.8.4.2 PREȚUL UNITĂȚII DE LUCRU PENTRU TĂIEREA ȚEVULUI
Țeavă HDPE Ø 600 mm Echipament de tăiere,Țeavă HDPE Ø 600 mm Echipament de tăiere,Material,General,buah,0.0,0.0,0.0,0.0,0,RON,0.0,1.0,1,1,Building and settlement works,Analiza Prețului Unitar al Lucrărilor (AHSP) - Hotărârea PUPR 2016,Lucrări de construcții și amenajări,A.8.4.2 PREȚUL UNITĂȚII DE LUCRU PENTRU TĂIEREA ȚEVULUI
Conductă HDPE Ø 500 mm Echipament tăiere,Conductă HDPE Ø 500 mm Echipament tăiere,Material,General,buah,0.0,0.0,0.0,0.0,0,RON,0.0,1.0,1,1,Building and settlement works,Analiza Prețului Unitar al Lucrărilor (AHSP) - Hotărârea PUPR 2016,Lucrări de construcții și amenajări,A.8.4.2 PREȚUL UNITĂȚII DE LUCRU PENTRU TĂIEREA ȚEVULUI
Conductă HDPE Ø 450 mm Echipament tăiere,Conductă HDPE Ø 450 mm Echipament tăiere,Material,General,buah,0.0,0.0,0.0,0.0,0,RON,0.0,1.0,1,1,Building and settlement works,Analiza Prețului Unitar al Lucrărilor (AHSP) - Hotărârea PUPR 2016,Lucrări de construcții și amenajări,A.8.4.2 PREȚUL UNITĂȚII DE LUCRU PENTRU TĂIEREA ȚEVULUI
Foaie geosintetic (GCL),Foaie geosintetic (GCL),Material,General,m2,0.0,0.0,0.0,0.0,0,RON,0.0,1.3,1,1,Building and settlement works,Analiza Prețului Unitar al Lucrărilor (AHSP) - Permen PUPR 2022,Lucrări de construcții și amenajări,1.5 LUCRĂRI DE GEOTEKSTIL ȘI GEOMEMBRANĂ
Trepied înălțime 7 m 2 tone,Trepied înălțime 7 m 2 tone,Equipment,General,hari,0.0,0.0,0.0,0.0,0,RON,0.0,0.0024,1,1,Building and settlement works,Analiza Prețului Unitar al Lucrărilor (AHSP) - Permen PUPR 2022,Lucrări de construcții și amenajări,1.5 LUCRĂRI DE GEOTEKSTIL ȘI GEOMEMBRANĂ
Membrană Geo t = mm,Membrană Geo t = mm,Material,General,m2,0.0,0.0,0.0,0.0,0,RON,0.0,1.1,1,1,Building and settlement works,Analiza Prețului Unitar al Lucrărilor (AHSP) - Permen PUPR 2022,Lucrări de construcții și amenajări,1.5 LUCRĂRI DE GEOTEKSTIL ȘI GEOMEMBRANĂ
Ciment Portland **),Ciment Portland **),Material,General,kg,0.0,0.0,0.0,0.0,0,RON,0.0,55.0,1,1,Building and settlement works,Analiza Prețului Unitar al Lucrărilor (AHSP) - Permen PUPR 2022,Lucrări de construcții și amenajări,1.3 LUCRĂRI DE ÎNĂLȚARE ȘI NIVELARE (INCLUSIV Așezarea)
Lut *).,Lut *).,Material,General,m3,0.0,0.0,0.0,0.0,0,RON,0.0,1.4,1,1,Building and settlement works,Analiza Prețului Unitar al Lucrărilor (AHSP) - Permen PUPR 2022,Lucrări de construcții și amenajări,1.3 LUCRĂRI DE ÎNĂLȚARE ȘI NIVELARE (INCLUSIV Așezarea)
Macadam (piatră spartă 5/7),Macadam (piatră spartă 5/7),Material,General,m3,0.0,0.0,0.0,0.0,0,RON,0.0,1.13,1,1,Building and settlement works,Analiza Prețului Unitar al Lucrărilor (AHSP) - Permen PUPR 2022,Lucrări de construcții și amenajări,1.3 LUCRĂRI DE ÎNĂLȚARE ȘI NIVELARE (INCLUSIV Așezarea)
"Piatră pietriș uk. cm, 4-5 cm și cm","Piatră pietriș uk. cm, 4-5 cm și cm",Material,General,m3,0.0,0.0,0.0,0.0,0,RON,0.0,1.13,1,1,Building and settlement works,Analiza Prețului Unitar al Lucrărilor (AHSP) - Permen PUPR 2022,Lucrări de construcții și amenajări,1.3 LUCRĂRI DE ÎNĂLȚARE ȘI NIVELARE (INCLUSIV Așezarea)
"Stamper Smooth _Drum 1,5 Ton *)","Stamper Smooth _Drum 1,5 Ton *)",Equipment,General,hari,0.0,0.0,0.0,0.0,0,RON,0.0,0.0089,1,1,Building and settlement works,Analiza Prețului Unitar al Lucrărilor (AHSP) - Permen PUPR 2022,Lucrări de construcții și amenajări,1.3 LUCRĂRI DE ÎNĂLȚARE ȘI NIVELARE (INCLUSIV Așezarea)
4. Air,4. Air,Material,General,Liter,0.0,0.0,0.0,0.0,0,RON,0.0,215.0,1,1,Building and settlement works,Analiza Prețului Unitar al Lucrărilor (AHSP) - Hotărârea PUPR 2016,Lucrări de construcții și amenajări,A.4.1.1 PREȚ PE UNITATE DE LUCRU BETON
3. Pietriș (Max 30mm),3. Pietriș (Max 30mm),Material,General,kg,0.0,0.0,0.0,0.0,0,RON,0.0,1012.0,1,1,Building and settlement works,Analiza Prețului Unitar al Lucrărilor (AHSP) - Hotărârea PUPR 2016,Lucrări de construcții și amenajări,A.4.1.1 PREȚ PE UNITATE DE LUCRU BETON
2. Nisip de beton,2. Nisip de beton,Material,General,kg,0.0,0.0,0.0,0.0,0,RON,0.0,828.0,1,1,Building and settlement works,Analiza Prețului Unitar al Lucrărilor (AHSP) - Hotărârea PUPR 2016,Lucrări de construcții și amenajări,A.4.1.1 PREȚ PE UNITATE DE LUCRU BETON
1. ciment Portland,1. ciment Portland,Material,General,kg,0.0,0.0,0.0,0.0,0,RON,0.0,276.0,1,1,Building and settlement works,Analiza Prețului Unitar al Lucrărilor (AHSP) - Hotărârea PUPR 2016,Lucrări de construcții și amenajări,A.4.1.1 PREȚ PE UNITATE DE LUCRU BETON
Besi beton,Besi beton,Material,General,Kg,0.0,0.0,0.0,0.0,0,RON,0.0,126.0,1,1,Building and settlement works,Analiza Prețului Unitar al Lucrărilor (AHSP) - Hotărârea PUPR 2016,Lucrări de construcții și amenajări,A.3.2.1 PREȚUL UNITĂȚII DE LUCRU FUNDATIE
Tanah Liat,Tanah Liat,Material,General,m3,0.0,0.0,0.0,0.0,0,RON,0.0,0.948,1,1,Building and settlement works,Analiza Prețului Unitar al Lucrărilor (AHSP) - Hotărârea PUPR 2016,Lucrări de construcții și amenajări,A.2.3.1 PREȚ PE UNITATE PENTRU LUCRĂRI DE Pământ
Tamper D-Drum kg *),Tamper D-Drum kg *),Equipment,General,hari,0.0,0.0,0.0,0.0,0,RON,0.0,0.0183,1,1,Building and settlement works,Analiza Prețului Unitar al Lucrărilor (AHSP) - Permen PUPR 2022,Lucrări de construcții și amenajări,1.3 LUCRĂRI DE ÎNĂLȚARE ȘI NIVELARE (INCLUSIV Așezarea)
Compactor Cai 70 *),Compactor Cai 70 *),Equipment,General,hari,0.0,0.0,0.0,0.0,0,RON,0.0,0.077,1,1,Building and settlement works,Analiza Prețului Unitar al Lucrărilor (AHSP) - Permen PUPR 2022,Lucrări de construcții și amenajări,1.3 LUCRĂRI DE ÎNĂLȚARE ȘI NIVELARE (INCLUSIV Așezarea)
Țeavă PVC Ø 300 Echipament tăiere,Țeavă PVC Ø 300 Echipament tăiere,Material,General,buah,0.0,0.0,0.0,0.0,0,RON,0.0,1.0,1,1,Building and settlement works,Analiza Prețului Unitar al Lucrărilor (AHSP) - Hotărârea PUPR 2016,Lucrări de construcții și amenajări,A.8.4.2 PREȚUL UNITĂȚII DE LUCRU PENTRU TĂIEREA ȚEVULUI
Țeavă PVC Ø 250 Echipament de tăiere,Țeavă PVC Ø 250 Echipament de tăiere,Material,General,buah,0.0,0.0,0.0,0.0,0,RON,0.0,1.0,1,1,Building and settlement works,Analiza Prețului Unitar al Lucrărilor (AHSP) - Hotărârea PUPR 2016,Lucrări de construcții și amenajări,A.8.4.2 PREȚUL UNITĂȚII DE LUCRU PENTRU TĂIEREA ȚEVULUI
Țeavă PVC Ø 200 Echipament de tăiere,Țeavă PVC Ø 200 Echipament de tăiere,Material,General,buah,0.0,0.0,0.0,0.0,0,RON,0.0,1.0,1,1,Building and settlement works,Analiza Prețului Unitar al Lucrărilor (AHSP) - Hotărârea PUPR 2016,Lucrări de construcții și amenajări,A.8.4.2 PREȚUL UNITĂȚII DE LUCRU PENTRU TĂIEREA ȚEVULUI
Fir plasă,Fir plasă,Material,General,Lbr,0.0,0.0,0.0,0.0,0,RON,0.0,0.1434,1,1,Building and settlement works,Analiza Prețului Unitar al Lucrărilor (AHSP) - Hotărârea PUPR 2016,Lucrări de construcții și amenajări,A.2.2.1 PREȚUL UNITĂȚII DE LUCRU PREGĂTIRE
Batu pecah,Batu pecah,Material,General,m3,0.0,0.0,0.0,0.0,0,RON,0.0,0.09,1,1,Building and settlement works,Analiza Prețului Unitar al Lucrărilor (AHSP) - Hotărârea PUPR 2016,Lucrări de construcții și amenajări,A.2.2.1 PREȚUL UNITĂȚII DE LUCRU PREGĂTIRE
Grindă lemn clasă III,Grindă lemn clasă III,Material,General,m3,0.0,0.0,0.0,0.0,0,RON,0.0,0.014,1,1,Building and settlement works,Analiza Prețului Unitar al Lucrărilor (AHSP) - Hotărârea PUPR 2016,Lucrări de construcții și amenajări,A.2.2.1 PREȚUL UNITĂȚII DE LUCRU PREGĂTIRE
Lemn tablă clasa III,Lemn tablă clasa III,Material,General,m3,0.0,0.0,0.0,0.0,0,RON,0.0,0.036,1,1,Building and settlement works,Analiza Prețului Unitar al Lucrărilor (AHSP) - Hotărârea PUPR 2016,Lucrări de construcții și amenajări,A.2.2.1 PREȚUL UNITĂȚII DE LUCRU PREGĂTIRE
Tali ijuk,Tali ijuk,Material,General,m3,0.0,0.0,0.0,0.0,0,RON,0.0,0.186,1,1,Building and settlement works,Analiza Prețului Unitar al Lucrărilor (AHSP) - Hotărârea PUPR 2016,Lucrări de construcții și amenajări,A.2.2.1 PREȚUL UNITĂȚII DE LUCRU PREGĂTIRE
Bambus diametru 6-8/600 cm,Bambus diametru 6-8/600 cm,Material,General,Batang,0.0,0.0,0.0,0.0,0,RON,0.0,1.25,1,1,Building and settlement works,Analiza Prețului Unitar al Lucrărilor (AHSP) - Hotărârea PUPR 2016,Lucrări de construcții și amenajări,A.2.2.1 PREȚUL UNITĂȚII DE LUCRU PREGĂTIRE
Cui 5 cm - 10 cm,Cui 5 cm - 10 cm,Material,General,m3,0.0,0.0,0.0,0.0,0,RON,0.0,0.2,1,1,Building and settlement works,Analiza Prețului Unitar al Lucrărilor (AHSP) - Permen PUPR 2022,Lucrări de construcții și amenajări,2.1 LUCRĂRI DE CADRU ACOPERIS
Lemn clasa II,Lemn clasa II,Material,General,batang,0.0,0.0,0.0,0.0,0,RON,0.0,0.165,1,1,Building and settlement works,Analiza Prețului Unitar al Lucrărilor (AHSP) - Permen PUPR 2022,Lucrări de construcții și amenajări,2.1 LUCRĂRI DE CADRU ACOPERIS
Reng 3x4 cm,Reng 3x4 cm,Material,General,m3,0.0,0.0,0.0,0.0,0,RON,0.0,0.0057,1,1,Building and settlement works,Analiza Prețului Unitar al Lucrărilor (AHSP) - Permen PUPR 2022,Lucrări de construcții și amenajări,2.1 LUCRĂRI DE CADRU ACOPERIS
Reng 2x3 cm,Reng 2x3 cm,Material,General,m3,0.0,0.0,0.0,0.0,0,RON,0.0,0.0036,1,1,Building and settlement works,Analiza Prețului Unitar al Lucrărilor (AHSP) - Permen PUPR 2022,Lucrări de construcții și amenajări,2.1 LUCRĂRI DE CADRU ACOPERIS
Ciocan pneumatic,Ciocan pneumatic,Equipment,General,hari,0.0,0.0,0.0,0.0,0,RON,0.0,0.015,1,1,Building and settlement works,Analiza Prețului Unitar al Lucrărilor (AHSP) - Permen PUPR 2022,Lucrări de construcții și amenajări,1.6 LUCRĂRI DE DEMOLARE
Ciocan pneumatic (5 KW) + Generator (12 HP),Ciocan pneumatic (5 KW) + Generator (12 HP),Equipment,General,hari,0.0,0.0,0.0,0.0,0,RON,0.0,0.05,1,1,Building and settlement works,Analiza Prețului Unitar al Lucrărilor (AHSP) - Permen PUPR 2022,Lucrări de construcții și amenajări,1.6 LUCRĂRI DE DEMOLARE
ancoră M16 lungime 50 cm,ancoră M16 lungime 50 cm,Material,General,buah,0.0,0.0,0.0,0.0,0,RON,0.0,21.0,1,1,Building and settlement works,Analiza Prețului Unitar al Lucrărilor (AHSP) - Permen PUPR 2022,Lucrări de construcții și amenajări,1.5 LUCRĂRI DE GEOTEKSTIL ȘI GEOMEMBRANĂ
Macara Turn brațul 30 m,Macara Turn brațul 30 m,Equipment,General,hari,0.0,0.0,0.0,0.0,0,RON,0.0,0.0002,1,1,Building and settlement works,Analiza Prețului Unitar al Lucrărilor (AHSP) - Permen PUPR 2022,Lucrări de construcții și amenajări,2.2 LUCRĂRI DE STRUCTURĂ BETON
tăietor oțel beton,tăietor oțel beton,Equipment,General,hari,0.0,0.0,0.0,0.0,0,RON,0.0,0.0001,1,1,Building and settlement works,Analiza Prețului Unitar al Lucrărilor (AHSP) - Permen PUPR 2022,Lucrări de construcții și amenajări,2.2 LUCRĂRI DE STRUCTURĂ BETON
Koral,Koral,Material,General,m3,0.0,0.0,0.0,0.0,0,RON,0.0,0.146,1,1,Building and settlement works,Analiza Prețului Unitar al Lucrărilor (AHSP) - Hotărârea PUPR 2016,Lucrări de construcții și amenajări,A.2.2.1 PREȚUL UNITĂȚII DE LUCRU PREGĂTIRE
Țeavă HDPE Ø 150 mm Echipament de tăiere,Țeavă HDPE Ø 150 mm Echipament de tăiere,Material,General,buah,0.0,0.0,0.0,0.0,0,RON,0.0,1.0,1,1,Building and settlement works,Analiza Prețului Unitar al Lucrărilor (AHSP) - Hotărârea PUPR 2016,Lucrări de construcții și amenajări,A.8.4.2 PREȚUL UNITĂȚII DE LUCRU PENTRU TĂIEREA ȚEVULUI
Țeavă HDPE Ø 125 mm Echipament de tăiere,Țeavă HDPE Ø 125 mm Echipament de tăiere,Material,General,buah,0.0,0.0,0.0,0.0,0,RON,0.0,1.0,1,1,Building and settlement works,Analiza Prețului Unitar al Lucrărilor (AHSP) - Hotărârea PUPR 2016,Lucrări de construcții și amenajări,A.8.4.2 PREȚUL UNITĂȚII DE LUCRU PENTRU TĂIEREA ȚEVULUI
Țeavă HDPE Ø 100 mm Echipament de tăiere,Țeavă HDPE Ø 100 mm Echipament de tăiere,Material,General,buah,0.0,0.0,0.0,0.0,0,RON,0.0,1.0,1,1,Building and settlement works,Analiza Prețului Unitar al Lucrărilor (AHSP) - Hotărârea PUPR 2016,Lucrări de construcții și amenajări,A.8.4.2 PREȚUL UNITĂȚII DE LUCRU PENTRU TĂIEREA ȚEVULUI
Țeavă HDPE Ø 63 mm Echipament tăiere,Țeavă HDPE Ø 63 mm Echipament tăiere,Material,General,buah,0.0,0.0,0.0,0.0,0,RON,0.0,1.0,1,1,Building and settlement works,Analiza Prețului Unitar al Lucrărilor (AHSP) - Hotărârea PUPR 2016,Lucrări de construcții și amenajări,A.8.4.2 PREȚUL UNITĂȚII DE LUCRU PENTRU TĂIEREA ȚEVULUI
Conductă PVC Ø 1200 mm Echipament tăiere,Conductă PVC Ø 1200 mm Echipament tăiere,Material,General,buah,0.0,0.0,0.0,0.0,0,RON,0.0,1.0,1,1,Building and settlement works,Analiza Prețului Unitar al Lucrărilor (AHSP) - Hotărârea PUPR 2016,Lucrări de construcții și amenajări,A.8.4.2 PREȚUL UNITĂȚII DE LUCRU PENTRU TĂIEREA ȚEVULUI
Țeavă PVC Ø 1100 mm Echipament de tăiere,Țeavă PVC Ø 1100 mm Echipament de tăiere,Material,General,buah,0.0,0.0,0.0,0.0,0,RON,0.0,1.0,1,1,Building and settlement works,Analiza Prețului Unitar al Lucrărilor (AHSP) - Hotărârea PUPR 2016,Lucrări de construcții și amenajări,A.8.4.2 PREȚUL UNITĂȚII DE LUCRU PENTRU TĂIEREA ȚEVULUI
Țeavă PVC Ø 1000 mm Echipament de tăiere,Țeavă PVC Ø 1000 mm Echipament de tăiere,Material,General,buah,0.0,0.0,0.0,0.0,0,RON,0.0,1.0,1,1,Building and settlement works,Analiza Prețului Unitar al Lucrărilor (AHSP) - Hotărârea PUPR 2016,Lucrări de construcții și amenajări,A.8.4.2 PREȚUL UNITĂȚII DE LUCRU PENTRU TĂIEREA ȚEVULUI
Conductă PVC Ø 900 Echipament tăiere,Conductă PVC Ø 900 Echipament tăiere,Material,General,buah,0.0,0.0,0.0,0.0,0,RON,0.0,1.0,1,1,Building and settlement works,Analiza Prețului Unitar al Lucrărilor (AHSP) - Hotărârea PUPR 2016,Lucrări de construcții și amenajări,A.8.4.2 PREȚUL UNITĂȚII DE LUCRU PENTRU TĂIEREA ȚEVULUI
Țeavă PVC Ø 800 Echipament tăiere,Țeavă PVC Ø 800 Echipament tăiere,Material,General,buah,0.0,0.0,0.0,0.0,0,RON,0.0,1.0,1,1,Building and settlement works,Analiza Prețului Unitar al Lucrărilor (AHSP) - Hotărârea PUPR 2016,Lucrări de construcții și amenajări,A.8.4.2 PREȚUL UNITĂȚII DE LUCRU PENTRU TĂIEREA ȚEVULUI
Țeavă PVC Ø 600 Echipament de tăiere,Țeavă PVC Ø 600 Echipament de tăiere,Material,General,buah,0.0,0.0,0.0,0.0,0,RON,0.0,1.0,1,1,Building and settlement works,Analiza Prețului Unitar al Lucrărilor (AHSP) - Hotărârea PUPR 2016,Lucrări de construcții și amenajări,A.8.4.2 PREȚUL UNITĂȚII DE LUCRU PENTRU TĂIEREA ȚEVULUI
Conductă PVC Ø 500 Echipament tăiere,Conductă PVC Ø 500 Echipament tăiere,Material,General,buah,0.0,0.0,0.0,0.0,0,RON,0.0,1.0,1,1,Building and settlement works,Analiza Prețului Unitar al Lucrărilor (AHSP) - Hotărârea PUPR 2016,Lucrări de construcții și amenajări,A.8.4.2 PREȚUL UNITĂȚII DE LUCRU PENTRU TĂIEREA ȚEVULUI
Țeavă PVC Ø 450 Echipament tăiere,Țeavă PVC Ø 450 Echipament tăiere,Material,General,buah,0.0,0.0,0.0,0.0,0,RON,0.0,1.0,1,1,Building and settlement works,Analiza Prețului Unitar al Lucrărilor (AHSP) - Hotărârea PUPR 2016,Lucrări de construcții și amenajări,A.8.4.2 PREȚUL UNITĂȚII DE LUCRU PENTRU TĂIEREA ȚEVULUI
țeavă PVC Ø 400 echipament tăiere,țeavă PVC Ø 400 echipament tăiere,Material,General,buah,0.0,0.0,0.0,0.0,0,RON,0.0,1.0,1,1,Building and settlement works,Analiza Prețului Unitar al Lucrărilor (AHSP) - Hotărârea PUPR 2016,Lucrări de construcții și amenajări,A.8.4.2 PREȚUL UNITĂȚII DE LUCRU PENTRU TĂIEREA ȚEVULUI
Mesin bor,Mesin bor,Equipment,General,jam,0.0,0.0,0.0,0.0,0,RON,0.0,0.1667,1,1,Building and settlement works,Analiza Prețului Unitar al Lucrărilor (AHSP) - Permen PUPR 2022,Lucrări de construcții și amenajări,2.2.1.8.2 Vibrometru pentru 1 m3 beton (Vezi Regulamentul Ministrului Lucrărilor
mașină 30 kw; 60 75 bar (d),mașină 30 kw; 60 75 bar (d),Equipment,General,jam,0.0,0.0,0.0,0.0,0,RON,0.0,0.1667,1,1,Building and settlement works,Analiza Prețului Unitar al Lucrărilor (AHSP) - Permen PUPR 2022,Lucrări de construcții și amenajări,2.2.1.8.2 Vibrometru pentru 1 m3 beton (Vezi Regulamentul Ministrului Lucrărilor
Injecție grout rășină epoxidică Injecție sub presiune,Injecție grout rășină epoxidică Injecție sub presiune,Material,General,kg,0.0,0.0,0.0,0.0,0,RON,0.0,1.1,1,1,Building and settlement works,Analiza Prețului Unitar al Lucrărilor (AHSP) - Permen PUPR 2022,Lucrări de construcții și amenajări,2.2.1.8.2 Vibrometru pentru 1 m3 beton (Vezi Regulamentul Ministrului Lucrărilor
Ciment mortar Shrink,Ciment mortar Shrink,Material,Concrete & Cement,kg,0.0,0.0,0.0,0.0,0,RON,0.0,1920.0,1,1,Building and settlement works,Analiza Prețului Unitar al Lucrărilor (AHSP) - Permen PUPR 2022,Lucrări de construcții și amenajări,2.2.1.8.2 Vibrometru pentru 1 m3 beton (Vezi Regulamentul Ministrului Lucrărilor
Karung goni,Karung goni,Material,General,m2,0.0,0.0,0.0,0.0,0,RON,0.0,1.02,1,1,Building and settlement works,Analiza Prețului Unitar al Lucrărilor (AHSP) - Permen PUPR 2022,Lucrări de construcții și amenajări,2.2.1.8.2 Vibrometru pentru 1 m3 beton (Vezi Regulamentul Ministrului Lucrărilor
Terpal,Terpal,Material,General,m2,0.0,0.0,0.0,0.0,0,RON,0.0,1.02,1,1,Building and settlement works,Analiza Prețului Unitar al Lucrărilor (AHSP) - Permen PUPR 2022,Lucrări de construcții și amenajări,2.2.1.8.2 Vibrometru pentru 1 m3 beton (Vezi Regulamentul Ministrului Lucrărilor
Vibrator,Vibrator,Equipment,General,hari,0.0,0.0,0.0,0.0,0,RON,0.0,0.08,1,1,Building and settlement works,Analiza Prețului Unitar al Lucrărilor (AHSP) - Permen PUPR 2022,Lucrări de construcții și amenajări,2.2.1.8.2 Vibrometru pentru 1 m3 beton (Vezi Regulamentul Ministrului Lucrărilor
"Pompă beton 140KW; 180 bar, T 75 m' / H=150","Pompă beton 140KW; 180 bar, T 75 m' / H=150",Equipment,General,hari,0.0,0.0,0.0,0.0,0,RON,0.0,0.08,1,1,Building and settlement works,Analiza Prețului Unitar al Lucrărilor (AHSP) - Permen PUPR 2022,Lucrări de construcții și amenajări,2.2 LUCRĂRI DE STRUCTURĂ BETON
"Pompă beton ∅ 75KW; 120 bar, T= m'/H=80 m'","Pompă beton ∅ 75KW; 120 bar, T= m'/H=80 m'",Equipment,General,hari,0.0,0.0,0.0,0.0,0,RON,0.0,0.1,1,1,Building and settlement works,Analiza Prețului Unitar al Lucrărilor (AHSP) - Permen PUPR 2022,Lucrări de construcții și amenajări,2.2 LUCRĂRI DE STRUCTURĂ BETON
"20KW; 20 bar, T = m'","20KW; 20 bar, T = m'",Equipment,General,hari,0.0,0.0,0.0,0.0,0,RON,0.0,0.12,1,1,Building and settlement works,Analiza Prețului Unitar al Lucrărilor (AHSP) - Permen PUPR 2022,Lucrări de construcții și amenajări,2.2 LUCRĂRI DE STRUCTURĂ BETON
Pompă beton φ,Pompă beton φ,Equipment,General,hari,0.0,0.0,0.0,0.0,0,RON,0.0,0.14,1,1,Building and settlement works,Analiza Prețului Unitar al Lucrărilor (AHSP) - Permen PUPR 2022,Lucrări de construcții și amenajări,2.2 LUCRĂRI DE STRUCTURĂ BETON
Beton Gata Preparat,Beton Gata Preparat,Material,General,m3,0.0,0.0,0.0,0.0,0,RON,0.0,1.02,1,1,Building and settlement works,Analiza Prețului Unitar al Lucrărilor (AHSP) - Permen PUPR 2022,Lucrări de construcții și amenajări,2.2 LUCRĂRI DE STRUCTURĂ BETON
Cenușă zburătoare Molen/Mixer beton,Cenușă zburătoare Molen/Mixer beton,Material,General,kg,0.0,0.0,0.0,0.0,0,RON,0.0,102.0,1,1,Building and settlement works,Analiza Prețului Unitar al Lucrărilor (AHSP) - Permen PUPR 2022,Lucrări de construcții și amenajări,2.2 LUCRĂRI DE STRUCTURĂ BETON
lemn dolken dia. 8- 10 cm lungime 4 m,lemn dolken dia. 8- 10 cm lungime 4 m,Material,General,batang,0.0,0.0,0.0,0.0,0,RON,0.0,0.65,1,1,Building and settlement works,Analiza Prețului Unitar al Lucrărilor (AHSP) - Permen PUPR 2022,Lucrări de construcții și amenajări,2.2 LUCRĂRI DE STRUCTURĂ BETON
Stâlpior lemn dia. 10 cm lungime 4 m,Stâlpior lemn dia. 10 cm lungime 4 m,Material,General,batang,0.0,0.0,0.0,0.0,0,RON,0.0,0.65,1,1,Building and settlement works,Analiza Prețului Unitar al Lucrărilor (AHSP) - Permen PUPR 2022,Lucrări de construcții și amenajări,2.2 LUCRĂRI DE STRUCTURĂ BETON
Opritor apă PVC: 320 mm,Opritor apă PVC: 320 mm,Material,General,m,0.0,0.0,0.0,0.0,0,RON,0.0,1.05,1,1,Building and settlement works,Analiza Prețului Unitar al Lucrărilor (AHSP) - Permen PUPR 2022,Lucrări de construcții și amenajări,2.2 LUCRĂRI DE STRUCTURĂ BETON
Dispozitiv conectare bârnă Δ 32 cm,Dispozitiv conectare bârnă Δ 32 cm,Material,General,buah,0.0,0.0,0.0,0.0,0,RON,0.0,0.1667,1,1,Building and settlement works,Analiza Prețului Unitar al Lucrărilor (AHSP) - Permen PUPR 2022,Lucrări de construcții și amenajări,2.2.1.8.2 Vibrometru pentru 1 m3 beton (Vezi Regulamentul Ministrului Lucrărilor
Pantof frânare beton Δ 28 cm,Pantof frânare beton Δ 28 cm,Material,General,buah,0.0,0.0,0.0,0.0,0,RON,0.0,0.1667,1,1,Building and settlement works,Analiza Prețului Unitar al Lucrărilor (AHSP) - Permen PUPR 2022,Lucrări de construcții și amenajări,2.2.1.8.2 Vibrometru pentru 1 m3 beton (Vezi Regulamentul Ministrului Lucrărilor
dispozitiv conectare grindă Δ 28 cm,dispozitiv conectare grindă Δ 28 cm,Material,General,buah,0.0,0.0,0.0,0.0,0,RON,0.0,0.1667,1,1,Building and settlement works,Analiza Prețului Unitar al Lucrărilor (AHSP) - Permen PUPR 2022,Lucrări de construcții și amenajări,2.2.1.8.2 Vibrometru pentru 1 m3 beton (Vezi Regulamentul Ministrului Lucrărilor
(Hidraulic) Găurire 120 cm,(Hidraulic) Găurire 120 cm,Equipment,General,jam,0.0,0.0,0.0,0.0,0,RON,0.0,0.3725,1,1,Building and settlement works,Analiza Prețului Unitar al Lucrărilor (AHSP) - Permen PUPR 2022,Lucrări de construcții și amenajări,2.2.1.8.2 Vibrometru pentru 1 m3 beton (Vezi Regulamentul Ministrului Lucrărilor
(Hidraulic) Auger 100 cm,(Hidraulic) Auger 100 cm,Equipment,General,jam,0.0,0.0,0.0,0.0,0,RON,0.0,0.2995,1,1,Building and settlement works,Analiza Prețului Unitar al Lucrărilor (AHSP) - Permen PUPR 2022,Lucrări de construcții și amenajări,2.2.1.8.2 Vibrometru pentru 1 m3 beton (Vezi Regulamentul Ministrului Lucrărilor
(Hidraulic) Burghiu 80 cm,(Hidraulic) Burghiu 80 cm,Equipment,General,jam,0.0,0.0,0.0,0.0,0,RON,0.0,0.2742,1,1,Building and settlement works,Analiza Prețului Unitar al Lucrărilor (AHSP) - Permen PUPR 2022,Lucrări de construcții și amenajări,2.2.1.8.2 Vibrometru pentru 1 m3 beton (Vezi Regulamentul Ministrului Lucrărilor
(hidraulic) burghiu 60 cm,(hidraulic) burghiu 60 cm,Equipment,General,jam,0.0,0.0,0.0,0.0,0,RON,0.0,0.2494,1,1,Building and settlement works,Analiza Prețului Unitar al Lucrărilor (AHSP) - Permen PUPR 2022,Lucrări de construcții și amenajări,2.2.1.8.2 Vibrometru pentru 1 m3 beton (Vezi Regulamentul Ministrului Lucrărilor
Închiriere Tubular Oțel Diametru 50 *),Închiriere Tubular Oțel Diametru 50 *),Equipment,General,m',0.0,0.0,0.0,0.0,0,RON,0.0,1.0,1,1,Building and settlement works,Analiza Prețului Unitar al Lucrărilor (AHSP) - Permen PUPR 2022,Lucrări de construcții și amenajări,2.2.1.8.2 Vibrometru pentru 1 m3 beton (Vezi Regulamentul Ministrului Lucrărilor
Închirierea tubulaturii de oțel Diametru 40 *),Închirierea tubulaturii de oțel Diametru 40 *),Equipment,General,m',0.0,0.0,0.0,0.0,0,RON,0.0,1.0,1,1,Building and settlement works,Analiza Prețului Unitar al Lucrărilor (AHSP) - Permen PUPR 2022,Lucrări de construcții și amenajări,2.2.1.8.2 Vibrometru pentru 1 m3 beton (Vezi Regulamentul Ministrului Lucrărilor
Închirierea tubulaturii de oțel Diametru 30 *),Închirierea tubulaturii de oțel Diametru 30 *),Equipment,General,m',0.0,0.0,0.0,0.0,0,RON,0.0,1.0,1,1,Building and settlement works,Analiza Prețului Unitar al Lucrărilor (AHSP) - Permen PUPR 2022,Lucrări de construcții și amenajări,2.2.1.8.2 Vibrometru pentru 1 m3 beton (Vezi Regulamentul Ministrului Lucrărilor
Chirie tubing diametru 20 cm *),Chirie tubing diametru 20 cm *),Equipment,General,m',0.0,0.0,0.0,0.0,0,RON,0.0,1.0,1,1,Building and settlement works,Analiza Prețului Unitar al Lucrărilor (AHSP) - Permen PUPR 2022,Lucrări de construcții și amenajări,2.2.1.8.2 Vibrometru pentru 1 m3 beton (Vezi Regulamentul Ministrului Lucrărilor
Dolken lemn diametru 8- 10/400 cm,Dolken lemn diametru 8- 10/400 cm,Material,General,Batang,0.0,0.0,0.0,0.0,0,RON,0.0,1.25,1,1,Building and settlement works,Analiza Prețului Unitar al Lucrărilor (AHSP) - Hotărârea PUPR 2016,Lucrări de construcții și amenajări,A.2.2.1 PREȚUL UNITĂȚII DE LUCRU PREGĂTIRE
Paku 2”-3”,Paku 2”-3”,Material,General,Kg,0.0,0.0,0.0,0.0,0,RON,0.0,0.02,1,1,Building and settlement works,Analiza Prețului Unitar al Lucrărilor (AHSP) - Hotărârea PUPR 2016,Lucrări de construcții și amenajări,A.2.2.1 PREȚUL UNITĂȚII DE LUCRU PREGĂTIRE
Lemn grindă 5/7,Lemn grindă 5/7,Material,General,m3,0.0,0.0,0.0,0.0,0,RON,0.0,0.012,1,1,Building and settlement works,Analiza Prețului Unitar al Lucrărilor (AHSP) - Hotărârea PUPR 2016,Lucrări de construcții și amenajări,A.2.2.1 PREȚUL UNITĂȚII DE LUCRU PREGĂTIRE
Meni besi,Meni besi,Material,General,Liter,0.0,0.0,0.0,0.0,0,RON,0.0,0.45,1,1,Building and settlement works,Analiza Prețului Unitar al Lucrărilor (AHSP) - Hotărârea PUPR 2016,Lucrări de construcții și amenajări,A.2.2.1 PREȚUL UNITĂȚII DE LUCRU PREGĂTIRE
"Cui obișnuit 2"" – 5""","Cui obișnuit 2"" – 5""",Material,General,Kg,0.0,0.0,0.0,0.0,0,RON,0.0,0.06,1,1,Building and settlement works,Analiza Prețului Unitar al Lucrărilor (AHSP) - Hotărârea PUPR 2016,Lucrări de construcții și amenajări,A.2.2.1 PREȚUL UNITĂȚII DE LUCRU PREGĂTIRE
Dispozitiv cuplare beton ø 30,Dispozitiv cuplare beton ø 30,Material,General,buah,0.0,0.0,0.0,0.0,0,RON,0.0,0.1667,1,1,Building and settlement works,Analiza Prețului Unitar al Lucrărilor (AHSP) - Permen PUPR 2022,Lucrări de construcții și amenajări,2.2.1.8.2 Vibrometru pentru 1 m3 beton (Vezi Regulamentul Ministrului Lucrărilor
Pantof batere 50 x 50 cm,Pantof batere 50 x 50 cm,Material,General,buah,0.0,0.0,0.0,0.0,0,RON,0.0,0.1667,1,1,Building and settlement works,Analiza Prețului Unitar al Lucrărilor (AHSP) - Permen PUPR 2022,Lucrări de construcții și amenajări,2.2.1.8.2 Vibrometru pentru 1 m3 beton (Vezi Regulamentul Ministrului Lucrărilor
Dispozitiv de legătură beton 50 x 50 cm,Dispozitiv de legătură beton 50 x 50 cm,Material,General,buah,0.0,0.0,0.0,0.0,0,RON,0.0,0.1667,1,1,Building and settlement works,Analiza Prețului Unitar al Lucrărilor (AHSP) - Permen PUPR 2022,Lucrări de construcții și amenajări,2.2.1.8.2 Vibrometru pentru 1 m3 beton (Vezi Regulamentul Ministrului Lucrărilor
pantof pilot 45 x 45 cm,pantof pilot 45 x 45 cm,Material,General,buah,0.0,0.0,0.0,0.0,0,RON,0.0,0.1667,1,1,Building and settlement works,Analiza Prețului Unitar al Lucrărilor (AHSP) - Permen PUPR 2022,Lucrări de construcții și amenajări,2.2.1.8.2 Vibrometru pentru 1 m3 beton (Vezi Regulamentul Ministrului Lucrărilor
Dispozitiv imbinare beton 45 x 45 cm,Dispozitiv imbinare beton 45 x 45 cm,Material,General,buah,0.0,0.0,0.0,0.0,0,RON,0.0,0.1667,1,1,Building and settlement works,Analiza Prețului Unitar al Lucrărilor (AHSP) - Permen PUPR 2022,Lucrări de construcții și amenajări,2.2.1.8.2 Vibrometru pentru 1 m3 beton (Vezi Regulamentul Ministrului Lucrărilor
Pantof stâlp 40 x 40 cm,Pantof stâlp 40 x 40 cm,Material,General,buah,0.0,0.0,0.0,0.0,0,RON,0.0,0.1667,1,1,Building and settlement works,Analiza Prețului Unitar al Lucrărilor (AHSP) - Permen PUPR 2022,Lucrări de construcții și amenajări,2.2.1.8.2 Vibrometru pentru 1 m3 beton (Vezi Regulamentul Ministrului Lucrărilor
Echipament conector beton 40 x 40 cm,Echipament conector beton 40 x 40 cm,Material,General,buah,0.0,0.0,0.0,0.0,0,RON,0.0,0.1667,1,1,Building and settlement works,Analiza Prețului Unitar al Lucrărilor (AHSP) - Permen PUPR 2022,Lucrări de construcții și amenajări,2.2.1.8.2 Vibrometru pentru 1 m3 beton (Vezi Regulamentul Ministrului Lucrărilor
Șpatulă de încadrare 35 x 35 cm,Șpatulă de încadrare 35 x 35 cm,Material,General,buah,0.0,0.0,0.0,0.0,0,RON,0.0,0.1667,1,1,Building and settlement works,Analiza Prețului Unitar al Lucrărilor (AHSP) - Permen PUPR 2022,Lucrări de construcții și amenajări,2.2.1.8.2 Vibrometru pentru 1 m3 beton (Vezi Regulamentul Ministrului Lucrărilor
Dispozitiv conectare beton 35 x 35 cm,Dispozitiv conectare beton 35 x 35 cm,Material,General,buah,0.0,0.0,0.0,0.0,0,RON,0.0,0.1667,1,1,Building and settlement works,Analiza Prețului Unitar al Lucrărilor (AHSP) - Permen PUPR 2022,Lucrări de construcții și amenajări,2.2.1.8.2 Vibrometru pentru 1 m3 beton (Vezi Regulamentul Ministrului Lucrărilor
Șpatulă de încadrare 30 x 30 cm,Șpatulă de încadrare 30 x 30 cm,Material,General,buah,0.0,0.0,0.0,0.0,0,RON,0.0,0.1667,1,1,Building and settlement works,Analiza Prețului Unitar al Lucrărilor (AHSP) - Permen PUPR 2022,Lucrări de construcții și amenajări,2.2.1.8.2 Vibrometru pentru 1 m3 beton (Vezi Regulamentul Ministrului Lucrărilor
Dispozitiv de legătură beton 30 x 30 cm,Dispozitiv de legătură beton 30 x 30 cm,Material,General,buah,0.0,0.0,0.0,0.0,0,RON,0.0,0.1667,1,1,Building and settlement works,Analiza Prețului Unitar al Lucrărilor (AHSP) - Permen PUPR 2022,Lucrări de construcții și amenajări,2.2.1.8.2 Vibrometru pentru 1 m3 beton (Vezi Regulamentul Ministrului Lucrărilor
Pantof stâlp 25 x 25 cm,Pantof stâlp 25 x 25 cm,Material,General,buah,0.0,0.0,0.0,0.0,0,RON,0.0,0.1667,1,1,Building and settlement works,Analiza Prețului Unitar al Lucrărilor (AHSP) - Permen PUPR 2022,Lucrări de construcții și amenajări,2.2.1.8.2 Vibrometru pentru 1 m3 beton (Vezi Regulamentul Ministrului Lucrărilor
Dispozitiv de legătură beton 25 x 25 cm,Dispozitiv de legătură beton 25 x 25 cm,Material,General,buah,0.0,0.0,0.0,0.0,0,RON,0.0,0.1667,1,1,Building and settlement works,Analiza Prețului Unitar al Lucrărilor (AHSP) - Permen PUPR 2022,Lucrări de construcții și amenajări,2.2.1.8.2 Vibrometru pentru 1 m3 beton (Vezi Regulamentul Ministrului Lucrărilor
Pantof piloți 20 x 20 cm,Pantof piloți 20 x 20 cm,Material,General,buah,0.0,0.0,0.0,0.0,0,RON,0.0,0.1667,1,1,Building and settlement works,Analiza Prețului Unitar al Lucrărilor (AHSP) - Permen PUPR 2022,Lucrări de construcții și amenajări,2.2.1.8.2 Vibrometru pentru 1 m3 beton (Vezi Regulamentul Ministrului Lucrărilor
Dispozitiv de legătură beton 20 x 20 cm,Dispozitiv de legătură beton 20 x 20 cm,Material,General,buah,0.0,0.0,0.0,0.0,0,RON,0.0,0.1667,1,1,Building and settlement works,Analiza Prețului Unitar al Lucrărilor (AHSP) - Permen PUPR 2022,Lucrări de construcții și amenajări,2.2.1.8.2 Vibrometru pentru 1 m3 beton (Vezi Regulamentul Ministrului Lucrărilor
Pantof frânare beton Δ 32 cm,Pantof frânare beton Δ 32 cm,Material,General,buah,0.0,0.0,0.0,0.0,0,RON,0.0,0.1667,1,1,Building and settlement works,Analiza Prețului Unitar al Lucrărilor (AHSP) - Permen PUPR 2022,Lucrări de construcții și amenajări,2.2.1.8.2 Vibrometru pentru 1 m3 beton (Vezi Regulamentul Ministrului Lucrărilor
Conductă oțel Ø 200,Conductă oțel Ø 200,Material,General,m,0.0,0.0,0.0,0.0,0,RON,0.0,1.0,1,1,Building and settlement works,Analiza Prețului Unitar al Lucrărilor (AHSP) - Hotărârea PUPR 2016,Lucrări de construcții și amenajări,A.8.4.1 PREȚUL UNITĂȚII DE LUCRU PENTRU INSTALAREA ȚEVURILOR ÎN AFARA CLĂDIRII
E.11.a,Excavator Standard,Equipment,Excavators,Unit/Jam,0.0,0.0,0.0,0.0,0,RON,0.0,0.0722,1,1,Water resources works,Analiza Prețului Unitar al Lucrărilor (AHSP) - Hotărârea PUPR 2016,Lucrări de gestionare a resurselor de apă,5 Lucrări de dewatering
E.18.a,Kapal Keruk,Equipment,General,jam,0.0,0.0,0.0,0.0,0,RON,0.0,0.0047,1,1,Water resources works,Analiza Prețului Unitar al Lucrărilor (AHSP) - Hotărârea PUPR 2016,Lucrări de gestionare a resurselor de apă,3 LUCRĂRI DIVERSE
E.40,Viertuose Roller,Equipment,General,Unit/Jam,0.0,0.0,0.0,0.0,0,RON,0.0,0.0178,1,1,Water resources works,Analiza Prețului Unitar al Lucrărilor (AHSP) - Hotărârea PUPR 2016,Lucrări de gestionare a resurselor de apă,"5 Lucrări de oțel beton obișnuit (deșeuri) B.17 3.690 kg 12.128,48 44.754.072,75"
E.16.b,Buldozer (răspândire),Equipment,Bulldozers,Unit/Jam,0.0,0.0,0.0,0.0,0,RON,0.0,0.018,1,1,Water resources works,Analiza Prețului Unitar al Lucrărilor (AHSP) - Hotărârea PUPR 2016,Lucrări de gestionare a resurselor de apă,"5 Lucrări de oțel beton obișnuit (deșeuri) B.17 3.690 kg 12.128,48 44.754.072,75"
E.16.a,Buldozer (Curatare),Equipment,Bulldozers,Unit/Jam,0.0,0.0,0.0,0.0,0,RON,0.0,0.009,1,1,Water resources works,Analiza Prețului Unitar al Lucrărilor (AHSP) - Hotărârea PUPR 2016,Lucrări de gestionare a resurselor de apă,"5 Lucrări de oțel beton obișnuit (deșeuri) B.17 3.690 kg 12.128,48 44.754.072,75"
AE.22,Sudare electric 250 motorină,Equipment,General,Jam,0.0,0.0,0.0,0.0,0,RON,0.0,0.17,1,1,Water resources works,Analiza Prețului Unitar al Lucrărilor (AHSP) - Hotărârea PUPR 2016,Lucrări de gestionare a resurselor de apă,4 - - LS
solar nesubvencionat,solar nesubvencionat,Material,General,Liter,0.0,0.0,0.0,0.0,0,RON,0.0,0.3,1,1,Water resources works,Analiza Prețului Unitar al Lucrărilor (AHSP) - Hotărârea PUPR 2016,Lucrări de gestionare a resurselor de apă,4 - - LS
E.12.a,Grup electrogen 5 KW,Equipment,General,,0.0,0.0,0.0,0.0,0,RON,0.0,0.1,1,1,Water resources works,Analiza Prețului Unitar al Lucrărilor (AHSP) - Hotărârea PUPR 2016,Lucrări de gestionare a resurselor de apă,4 - - LS
Aparat de sudură electric 250 A,Aparat de sudură electric 250 A,Equipment,General,jam,0.0,0.0,0.0,0.0,0,RON,0.0,0.0142,1,1,Building and settlement works,Analiza Prețului Unitar al Lucrărilor (AHSP) - Permen PUPR 2022,Lucrări de construcții și amenajări,2.2.1.8.2 Vibrometru pentru 1 m3 beton (Vezi Regulamentul Ministrului Lucrărilor
Aparat de sudură electric 150 A,Aparat de sudură electric 150 A,Equipment,General,jam,0.0,0.0,0.0,0.0,0,RON,0.0,0.0201,1,1,Building and settlement works,Analiza Prețului Unitar al Lucrărilor (AHSP) - Permen PUPR 2022,Lucrări de construcții și amenajări,2.2.1.8.2 Vibrometru pentru 1 m3 beton (Vezi Regulamentul Ministrului Lucrărilor
Instrument de îmbinare beton ø 60,Instrument de îmbinare beton ø 60,Material,General,buah,0.0,0.0,0.0,0.0,0,RON,0.0,0.1667,1,1,Building and settlement works,Analiza Prețului Unitar al Lucrărilor (AHSP) - Permen PUPR 2022,Lucrări de construcții și amenajări,2.2.1.8.2 Vibrometru pentru 1 m3 beton (Vezi Regulamentul Ministrului Lucrărilor
dispozitiv conectare beton ø 50,dispozitiv conectare beton ø 50,Material,General,buah,0.0,0.0,0.0,0.0,0,RON,0.0,0.1667,1,1,Building and settlement works,Analiza Prețului Unitar al Lucrărilor (AHSP) - Permen PUPR 2022,Lucrări de construcții și amenajări,2.2.1.8.2 Vibrometru pentru 1 m3 beton (Vezi Regulamentul Ministrului Lucrărilor
Dispozitiv conectare beton ø 45,Dispozitiv conectare beton ø 45,Material,General,buah,0.0,0.0,0.0,0.0,0,RON,0.0,0.1667,1,1,Building and settlement works,Analiza Prețului Unitar al Lucrărilor (AHSP) - Permen PUPR 2022,Lucrări de construcții și amenajări,2.2.1.8.2 Vibrometru pentru 1 m3 beton (Vezi Regulamentul Ministrului Lucrărilor
Instrument de îmbinare beton ø 40,Instrument de îmbinare beton ø 40,Material,General,buah,0.0,0.0,0.0,0.0,0,RON,0.0,0.1667,1,1,Building and settlement works,Analiza Prețului Unitar al Lucrărilor (AHSP) - Permen PUPR 2022,Lucrări de construcții și amenajări,2.2.1.8.2 Vibrometru pentru 1 m3 beton (Vezi Regulamentul Ministrului Lucrărilor
Dispozitiv conectare beton ø 35,Dispozitiv conectare beton ø 35,Material,General,buah,0.0,0.0,0.0,0.0,0,RON,0.0,0.1667,1,1,Building and settlement works,Analiza Prețului Unitar al Lucrărilor (AHSP) - Permen PUPR 2022,Lucrări de construcții și amenajări,2.2.1.8.2 Vibrometru pentru 1 m3 beton (Vezi Regulamentul Ministrului Lucrărilor
Macara mobilă 7 tone,Macara mobilă 7 tone,Equipment,General,jam,0.0,0.0,0.0,0.0,0,RON,0.0,0.0013,1,1,Building and settlement works,Analiza Prețului Unitar al Lucrărilor (AHSP) - Permen PUPR 2022,Lucrări de construcții și amenajări,2.3 LUCRĂRI STRUCTURĂ DIN OȚEL
Echipament sudare Electrică,Echipament sudare Electrică,Equipment,General,jam,0.0,0.0,0.0,0.0,0,RON,0.0,0.033,1,1,Building and settlement works,Analiza Prețului Unitar al Lucrărilor (AHSP) - Permen PUPR 2022,Lucrări de construcții și amenajări,2.3 LUCRĂRI STRUCTURĂ DIN OȚEL
Mașină Sudare electrică 500 A,Mașină Sudare electrică 500 A,Equipment,General,jam,0.0,0.0,0.0,0.0,0,RON,0.0,0.0096,1,1,Building and settlement works,Analiza Prețului Unitar al Lucrărilor (AHSP) - Permen PUPR 2022,Lucrări de construcții și amenajări,2.2.1.8.2 Vibrometru pentru 1 m3 beton (Vezi Regulamentul Ministrului Lucrărilor
Mașină de Sudare Electrică 350 A,Mașină de Sudare Electrică 350 A,Equipment,General,jam,0.0,0.0,0.0,0.0,0,RON,0.0,0.012,1,1,Building and settlement works,Analiza Prețului Unitar al Lucrărilor (AHSP) - Permen PUPR 2022,Lucrări de construcții și amenajări,2.2.1.8.2 Vibrometru pentru 1 m3 beton (Vezi Regulamentul Ministrului Lucrărilor
Țeavă PVC Ø 150 Echipament tăiere,Țeavă PVC Ø 150 Echipament tăiere,Material,General,buah,0.0,0.0,0.0,0.0,0,RON,0.0,1.0,1,1,Building and settlement works,Analiza Prețului Unitar al Lucrărilor (AHSP) - Hotărârea PUPR 2016,Lucrări de construcții și amenajări,A.8.4.2 PREȚUL UNITĂȚII DE LUCRU PENTRU TĂIEREA ȚEVULUI
Țeavă PVC Ø 110 mm Echipament tăiere,Țeavă PVC Ø 110 mm Echipament tăiere,Material,General,buah,0.0,0.0,0.0,0.0,0,RON,0.0,1.0,1,1,Building and settlement works,Analiza Prețului Unitar al Lucrărilor (AHSP) - Hotărârea PUPR 2016,Lucrări de construcții și amenajări,A.8.4.2 PREȚUL UNITĂȚII DE LUCRU PENTRU TĂIEREA ȚEVULUI
Țeavă PVC Ø 90 mm Echipament tăiere,Țeavă PVC Ø 90 mm Echipament tăiere,Material,General,buah,0.0,0.0,0.0,0.0,0,RON,0.0,1.0,1,1,Building and settlement works,Analiza Prețului Unitar al Lucrărilor (AHSP) - Hotărârea PUPR 2016,Lucrări de construcții și amenajări,A.8.4.2 PREȚUL UNITĂȚII DE LUCRU PENTRU TĂIEREA ȚEVULUI
Țeavă PVC Ø 63 mm Echipament tăiere,Țeavă PVC Ø 63 mm Echipament tăiere,Material,General,buah,0.0,0.0,0.0,0.0,0,RON,0.0,1.0,1,1,Building and settlement works,Analiza Prețului Unitar al Lucrărilor (AHSP) - Hotărârea PUPR 2016,Lucrări de construcții și amenajări,A.8.4.2 PREȚUL UNITĂȚII DE LUCRU PENTRU TĂIEREA ȚEVULUI
Țeavă oțel Ø 900,Țeavă oțel Ø 900,Material,General,m,0.0,0.0,0.0,0.0,0,RON,0.0,1.0,1,1,Building and settlement works,Analiza Prețului Unitar al Lucrărilor (AHSP) - Hotărârea PUPR 2016,Lucrări de construcții și amenajări,A.8.4.1 PREȚUL UNITĂȚII DE LUCRU PENTRU INSTALAREA ȚEVURILOR ÎN AFARA CLĂDIRII
țeavă oțel Ø 800,țeavă oțel Ø 800,Material,General,m,0.0,0.0,0.0,0.0,0,RON,0.0,1.0,1,1,Building and settlement works,Analiza Prețului Unitar al Lucrărilor (AHSP) - Hotărârea PUPR 2016,Lucrări de construcții și amenajări,A.8.4.1 PREȚUL UNITĂȚII DE LUCRU PENTRU INSTALAREA ȚEVURILOR ÎN AFARA CLĂDIRII
Conductă oțel Ø 600,Conductă oțel Ø 600,Material,General,m,0.0,0.0,0.0,0.0,0,RON,0.0,1.0,1,1,Building and settlement works,Analiza Prețului Unitar al Lucrărilor (AHSP) - Hotărârea PUPR 2016,Lucrări de construcții și amenajări,A.8.4.1 PREȚUL UNITĂȚII DE LUCRU PENTRU INSTALAREA ȚEVURILOR ÎN AFARA CLĂDIRII
Țeavă oțel Ø 500,Țeavă oțel Ø 500,Material,General,m,0.0,0.0,0.0,0.0,0,RON,0.0,1.0,1,1,Building and settlement works,Analiza Prețului Unitar al Lucrărilor (AHSP) - Hotărârea PUPR 2016,Lucrări de construcții și amenajări,A.8.4.1 PREȚUL UNITĂȚII DE LUCRU PENTRU INSTALAREA ȚEVURILOR ÎN AFARA CLĂDIRII
țeavă oțel Ø 450,țeavă oțel Ø 450,Material,General,m,0.0,0.0,0.0,0.0,0,RON,0.0,1.0,1,1,Building and settlement works,Analiza Prețului Unitar al Lucrărilor (AHSP) - Hotărârea PUPR 2016,Lucrări de construcții și amenajări,A.8.4.1 PREȚUL UNITĂȚII DE LUCRU PENTRU INSTALAREA ȚEVURILOR ÎN AFARA CLĂDIRII
Țeavă oțel Ø 400,Țeavă oțel Ø 400,Material,General,m,0.0,0.0,0.0,0.0,0,RON,0.0,1.0,1,1,Building and settlement works,Analiza Prețului Unitar al Lucrărilor (AHSP) - Hotărârea PUPR 2016,Lucrări de construcții și amenajări,A.8.4.1 PREȚUL UNITĂȚII DE LUCRU PENTRU INSTALAREA ȚEVURILOR ÎN AFARA CLĂDIRII
țeavă oțel Ø 300,țeavă oțel Ø 300,Material,General,m,0.0,0.0,0.0,0.0,0,RON,0.0,1.0,1,1,Building and settlement works,Analiza Prețului Unitar al Lucrărilor (AHSP) - Hotărârea PUPR 2016,Lucrări de construcții și amenajări,A.8.4.1 PREȚUL UNITĂȚII DE LUCRU PENTRU INSTALAREA ȚEVURILOR ÎN AFARA CLĂDIRII
țeavă oțel Ø 250,țeavă oțel Ø 250,Material,General,m,0.0,0.0,0.0,0.0,0,RON,0.0,1.0,1,1,Building and settlement works,Analiza Prețului Unitar al Lucrărilor (AHSP) - Hotărârea PUPR 2016,Lucrări de construcții și amenajări,A.8.4.1 PREȚUL UNITĂȚII DE LUCRU PENTRU INSTALAREA ȚEVURILOR ÎN AFARA CLĂDIRII
"Conductă PVC ø 1"" până ø","Conductă PVC ø 1"" până ø",Material,General,m',0.0,0.0,0.0,0.0,0,RON,0.0,1.05,1,1,Building and settlement works,Analiza Prețului Unitar al Lucrărilor (AHSP) - Permen PUPR 2022,Lucrări de construcții și amenajări,2.6 LUCRĂRI DE STRUCTURĂ DIN LEMN
Sârmă legătură,Sârmă legătură,Material,General,kg,0.0,0.0,0.0,0.0,0,RON,0.0,0.1477,1,1,Building and settlement works,Analiza Prețului Unitar al Lucrărilor (AHSP) - Permen PUPR 2022,Lucrări de construcții și amenajări,2.6 LUCRĂRI DE STRUCTURĂ DIN LEMN
țesătură bambus (geribig),țesătură bambus (geribig),Material,General,lembar,0.0,0.0,0.0,0.0,0,RON,0.0,0.3,1,1,Building and settlement works,Analiza Prețului Unitar al Lucrărilor (AHSP) - Permen PUPR 2022,Lucrări de construcții și amenajări,2.6 LUCRĂRI DE STRUCTURĂ DIN LEMN
"Bambus Lungime 4,5 metru","Bambus Lungime 4,5 metru",Material,General,batang,0.0,0.0,0.0,0.0,0,RON,0.0,0.8333,1,1,Building and settlement works,Analiza Prețului Unitar al Lucrărilor (AHSP) - Permen PUPR 2022,Lucrări de construcții și amenajări,2.6 LUCRĂRI DE STRUCTURĂ DIN LEMN
Conducător Pali (Vibrator) Ciocan 500 kg (10 HP),Conducător Pali (Vibrator) Ciocan 500 kg (10 HP),Equipment,General,hari,0.0,0.0,0.0,0.0,0,RON,0.0,0.0759,1,1,Building and settlement works,Analiza Prețului Unitar al Lucrărilor (AHSP) - Permen PUPR 2022,Lucrări de construcții și amenajări,2.6 LUCRĂRI DE STRUCTURĂ DIN LEMN
Macara Camion 3 T Echipament Frânare Mini,Macara Camion 3 T Echipament Frânare Mini,Equipment,General,hari,0.0,0.0,0.0,0.0,0,RON,0.0,0.0759,1,1,Building and settlement works,Analiza Prețului Unitar al Lucrărilor (AHSP) - Permen PUPR 2022,Lucrări de construcții și amenajări,2.6 LUCRĂRI DE STRUCTURĂ DIN LEMN
Cizme de conducere lemn ø18-20 cm,Cizme de conducere lemn ø18-20 cm,Material,General,buah,0.0,0.0,0.0,0.0,0,RON,0.0,0.25,1,1,Building and settlement works,Analiza Prețului Unitar al Lucrărilor (AHSP) - Permen PUPR 2022,Lucrări de construcții și amenajări,2.6 LUCRĂRI DE STRUCTURĂ DIN LEMN
fabricat din oțel ø 18-20 cm,fabricat din oțel ø 18-20 cm,Material,General,buah,0.0,0.0,0.0,0.0,0,RON,0.0,0.25,1,1,Building and settlement works,Analiza Prețului Unitar al Lucrărilor (AHSP) - Permen PUPR 2022,Lucrări de construcții și amenajări,2.6 LUCRĂRI DE STRUCTURĂ DIN LEMN
ciocan pilot (vibratoriu) 50 kg (1 hp),ciocan pilot (vibratoriu) 50 kg (1 hp),Equipment,General,hari,0.0,0.0,0.0,0.0,0,RON,0.0,0.0605,1,1,Building and settlement works,Analiza Prețului Unitar al Lucrărilor (AHSP) - Permen PUPR 2022,Lucrări de construcții și amenajări,2.6 LUCRĂRI DE STRUCTURĂ DIN LEMN
Cizme de conducere dolken ø6-8 cm Instrument de conducere Mini,Cizme de conducere dolken ø6-8 cm Instrument de conducere Mini,Material,General,buah,0.0,0.0,0.0,0.0,0,RON,0.0,0.25,1,1,Building and settlement works,Analiza Prețului Unitar al Lucrărilor (AHSP) - Permen PUPR 2022,Lucrări de construcții și amenajări,2.6 LUCRĂRI DE STRUCTURĂ DIN LEMN
Dispozitiv cuplare dolken ø6-8 cm,Dispozitiv cuplare dolken ø6-8 cm,Material,General,buah,0.0,0.0,0.0,0.0,0,RON,0.0,0.25,1,1,Building and settlement works,Analiza Prețului Unitar al Lucrărilor (AHSP) - Permen PUPR 2022,Lucrări de construcții și amenajări,2.6 LUCRĂRI DE STRUCTURĂ DIN LEMN
Fier gol (50 x 50 3) mm,Fier gol (50 x 50 3) mm,Material,General,kg,0.0,0.0,0.0,0.0,0,RON,0.0,9.394,1,1,Building and settlement works,Analiza Prețului Unitar al Lucrărilor (AHSP) - Permen PUPR 2022,Lucrări de construcții și amenajări,2.4 LUCRĂRI DE STRUCTURĂ DIN BETON PREMOLDUIT
"Podea lucru t = 10""","Podea lucru t = 10""",Material,General,m3,0.0,0.0,0.0,0.0,0,RON,0.0,0.008,1,1,Building and settlement works,Analiza Prețului Unitar al Lucrărilor (AHSP) - Permen PUPR 2022,Lucrări de construcții și amenajări,2.4 LUCRĂRI DE STRUCTURĂ DIN BETON PREMOLDUIT
Kunci momen,Kunci momen,Equipment,General,hari,0.0,0.0,0.0,0.0,0,RON,0.0,0.0357,1,1,Building and settlement works,Analiza Prețului Unitar al Lucrărilor (AHSP) - Permen PUPR 2022,Lucrări de construcții și amenajări,2.3 LUCRĂRI STRUCTURĂ DIN OȚEL
Baut,Baut,Material,General,kg,0.0,0.0,0.0,0.0,0,RON,0.0,1.0,1,1,Building and settlement works,Analiza Prețului Unitar al Lucrărilor (AHSP) - Permen PUPR 2022,Lucrări de construcții și amenajări,2.3 LUCRĂRI STRUCTURĂ DIN OȚEL
Angkur,Angkur,Material,General,kg,0.0,0.0,0.0,0.0,0,RON,0.0,1.0,1,1,Building and settlement works,Analiza Prețului Unitar al Lucrărilor (AHSP) - Permen PUPR 2022,Lucrări de construcții și amenajări,2.3 LUCRĂRI STRUCTURĂ DIN OȚEL
Fibră ciment ondulat 108x270,Fibră ciment ondulat 108x270,Material,General,lembar,0.0,0.0,0.0,0.0,0,RON,0.0,0.38,1,1,Building and settlement works,Analiza Prețului Unitar al Lucrărilor (AHSP) - Permen PUPR 2022,Lucrări de construcții și amenajări,3.1.2 ACOPERIS DIN BETON ARMAT CU ȘAPĂ
Fibră ciment ondulată 108x300,Fibră ciment ondulată 108x300,Material,General,lembar,0.0,0.0,0.0,0.0,0,RON,0.0,0.37,1,1,Building and settlement works,Analiza Prețului Unitar al Lucrărilor (AHSP) - Permen PUPR 2022,Lucrări de construcții și amenajări,3.1.2 ACOPERIS DIN BETON ARMAT CU ȘAPĂ
Fibră ciment ondulat 105x150,Fibră ciment ondulat 105x150,Material,General,lembar,0.0,0.0,0.0,0.0,0,RON,0.0,0.8,1,1,Building and settlement works,Analiza Prețului Unitar al Lucrărilor (AHSP) - Permen PUPR 2022,Lucrări de construcții și amenajări,3.1.2 ACOPERIS DIN BETON ARMAT CU ȘAPĂ
Fibră Ciment Ondulat 105x210,Fibră Ciment Ondulat 105x210,Material,General,lembar,0.0,0.0,0.0,0.0,0,RON,0.0,0.51,1,1,Building and settlement works,Analiza Prețului Unitar al Lucrărilor (AHSP) - Permen PUPR 2022,Lucrări de construcții și amenajări,3.1.2 ACOPERIS DIN BETON ARMAT CU ȘAPĂ
Fibră ciment ondulat 105x240,Fibră ciment ondulat 105x240,Material,General,lembar,0.0,0.0,0.0,0.0,0,RON,0.0,0.44,1,1,Building and settlement works,Analiza Prețului Unitar al Lucrărilor (AHSP) - Permen PUPR 2022,Lucrări de construcții și amenajări,3.1.2 ACOPERIS DIN BETON ARMAT CU ȘAPĂ
Fibre Ciment Ondulat 105x300,Fibre Ciment Ondulat 105x300,Material,General,lembar,0.0,0.0,0.0,0.0,0,RON,0.0,0.35,1,1,Building and settlement works,Analiza Prețului Unitar al Lucrărilor (AHSP) - Permen PUPR 2022,Lucrări de construcții și amenajări,3.1.2 ACOPERIS DIN BETON ARMAT CU ȘAPĂ
Fibre Ciment Ondulat 105x270,Fibre Ciment Ondulat 105x270,Material,General,lembar,0.0,0.0,0.0,0.0,0,RON,0.0,0.42,1,1,Building and settlement works,Analiza Prețului Unitar al Lucrărilor (AHSP) - Permen PUPR 2022,Lucrări de construcții și amenajări,3.1.2 ACOPERIS DIN BETON ARMAT CU ȘAPĂ
Ciment fibros ondulat 92x180,Ciment fibros ondulat 92x180,Material,General,lembar,0.0,0.0,0.0,0.0,0,RON,0.0,0.75,1,1,Building and settlement works,Analiza Prețului Unitar al Lucrărilor (AHSP) - Permen PUPR 2022,Lucrări de construcții și amenajări,3.1.2 ACOPERIS DIN BETON ARMAT CU ȘAPĂ
Fibre Ciment Ondulat 92x200,Fibre Ciment Ondulat 92x200,Material,General,lembar,0.0,0.0,0.0,0.0,0,RON,0.0,0.6,1,1,Building and settlement works,Analiza Prețului Unitar al Lucrărilor (AHSP) - Permen PUPR 2022,Lucrări de construcții și amenajări,3.1.2 ACOPERIS DIN BETON ARMAT CU ȘAPĂ
Ciment fibros ondulat 92x225,Ciment fibros ondulat 92x225,Material,General,lembar,0.0,0.0,0.0,0.0,0,RON,0.0,0.6,1,1,Building and settlement works,Analiza Prețului Unitar al Lucrărilor (AHSP) - Permen PUPR 2022,Lucrări de construcții și amenajări,3.1.2 ACOPERIS DIN BETON ARMAT CU ȘAPĂ
Fibră ciment ondulat 92x250,Fibră ciment ondulat 92x250,Material,General,lembar,0.0,0.0,0.0,0.0,0,RON,0.0,0.5,1,1,Building and settlement works,Analiza Prețului Unitar al Lucrărilor (AHSP) - Permen PUPR 2022,Lucrări de construcții și amenajări,3.1.2 ACOPERIS DIN BETON ARMAT CU ȘAPĂ
Noc țiglă de beton,Noc țiglă de beton,Material,General,buah,0.0,0.0,0.0,0.0,0,RON,0.0,3.5,1,1,Building and settlement works,Analiza Prețului Unitar al Lucrărilor (AHSP) - Permen PUPR 2022,Lucrări de construcții și amenajări,3.1.1 ACOPERIS DINȚATĂ
"Cui obișnuit 2-5""","Cui obișnuit 2-5""",Material,General,kg,0.0,0.0,0.0,0.0,0,RON,0.0,0.03,1,1,Building and settlement works,Analiza Prețului Unitar al Lucrărilor (AHSP) - Permen PUPR 2022,Lucrări de construcții și amenajări,3.1.1 ACOPERIS DINȚATĂ
țiglă beton,țiglă beton,Material,General,buah,0.0,0.0,0.0,0.0,0,RON,0.0,11.0,1,1,Building and settlement works,Analiza Prețului Unitar al Lucrărilor (AHSP) - Permen PUPR 2022,Lucrări de construcții și amenajări,3.1.1 ACOPERIS DINȚATĂ
țiglă mare palentong (morando),țiglă mare palentong (morando),Material,General,buah,0.0,0.0,0.0,0.0,0,RON,0.0,12.0,1,1,Building and settlement works,Analiza Prețului Unitar al Lucrărilor (AHSP) - Permen PUPR 2022,Lucrări de construcții și amenajări,3.1.1 ACOPERIS DINȚATĂ
Țiglă Palentong,Țiglă Palentong,Material,General,buah,0.0,0.0,0.0,0.0,0,RON,0.0,25.0,1,1,Building and settlement works,Analiza Prețului Unitar al Lucrărilor (AHSP) - Permen PUPR 2022,Lucrări de construcții și amenajări,3.1.1 ACOPERIS DINȚATĂ
Rooflight Dimensiune 90cm x 180 cm,Rooflight Dimensiune 90cm x 180 cm,Material,General,lembar,0.0,0.0,0.0,0.0,0,RON,0.0,0.65,1,1,Building and settlement works,Analiza Prețului Unitar al Lucrărilor (AHSP) - Permen PUPR 2022,Lucrări de construcții și amenajări,3.1.3 ACOPERIREA ALTE TIPURI DE ACOPERISURI
Sirap Kayu,Sirap Kayu,Material,General,buah,0.0,0.0,0.0,0.0,0,RON,0.0,30.0,1,1,Building and settlement works,Analiza Prețului Unitar al Lucrărilor (AHSP) - Permen PUPR 2022,Lucrări de construcții și amenajări,3.1.3 ACOPERIREA ALTE TIPURI DE ACOPERISURI
Ondulat Mărime 95cmx180cm,Ondulat Mărime 95cmx180cm,Material,General,lembar,0.0,0.0,0.0,0.0,0,RON,0.0,0.75,1,1,Building and settlement works,Analiza Prețului Unitar al Lucrărilor (AHSP) - Permen PUPR 2022,Lucrări de construcții și amenajări,3.1.3 ACOPERIREA ALTE TIPURI DE ACOPERISURI
"Tablă Zincată Ondulată 3""x6""","Tablă Zincată Ondulată 3""x6""",Material,General,lembar,0.0,0.0,0.0,0.0,0,RON,0.0,0.7,1,1,Building and settlement works,Analiza Prețului Unitar al Lucrărilor (AHSP) - Permen PUPR 2022,Lucrări de construcții și amenajări,3.1.3 ACOPERIREA ALTE TIPURI DE ACOPERISURI
Nok set nivel 108 cm,Nok set nivel 108 cm,Material,General,lembar,0.0,0.0,0.0,0.0,0,RON,0.0,1.1,1,1,Building and settlement works,Analiza Prețului Unitar al Lucrărilor (AHSP) - Permen PUPR 2022,Lucrări de construcții și amenajări,3.1.2 ACOPERIS DIN BETON ARMAT CU ȘAPĂ
Nok Tiglă Plană 105 cm,Nok Tiglă Plană 105 cm,Material,General,lembar,0.0,0.0,0.0,0.0,0,RON,0.0,1.1,1,1,Building and settlement works,Analiza Prețului Unitar al Lucrărilor (AHSP) - Permen PUPR 2022,Lucrări de construcții și amenajări,3.1.2 ACOPERIS DIN BETON ARMAT CU ȘAPĂ
Noc Setel Plat 92,Noc Setel Plat 92,Material,General,lembar,0.0,0.0,0.0,0.0,0,RON,0.0,1.1,1,1,Building and settlement works,Analiza Prețului Unitar al Lucrărilor (AHSP) - Permen PUPR 2022,Lucrări de construcții și amenajări,3.1.2 ACOPERIS DIN BETON ARMAT CU ȘAPĂ
Noc Paten 108 cm,Noc Paten 108 cm,Material,General,lembar,0.0,0.0,0.0,0.0,0,RON,0.0,1.2,1,1,Building and settlement works,Analiza Prețului Unitar al Lucrărilor (AHSP) - Permen PUPR 2022,Lucrări de construcții și amenajări,3.1.2 ACOPERIS DIN BETON ARMAT CU ȘAPĂ
Noc Paten 105 cm,Noc Paten 105 cm,Material,General,lembar,0.0,0.0,0.0,0.0,0,RON,0.0,1.2,1,1,Building and settlement works,Analiza Prețului Unitar al Lucrărilor (AHSP) - Permen PUPR 2022,Lucrări de construcții și amenajări,3.1.2 ACOPERIS DIN BETON ARMAT CU ȘAPĂ
Vârf Patent 92 cm,Vârf Patent 92 cm,Material,General,lembar,0.0,0.0,0.0,0.0,0,RON,0.0,1.1,1,1,Building and settlement works,Analiza Prețului Unitar al Lucrărilor (AHSP) - Permen PUPR 2022,Lucrări de construcții și amenajări,3.1.2 ACOPERIS DIN BETON ARMAT CU ȘAPĂ
Coamă Ajustare Ondulat 108 cm,Coamă Ajustare Ondulat 108 cm,Material,General,lembar,0.0,0.0,0.0,0.0,0,RON,0.0,2.0,1,1,Building and settlement works,Analiza Prețului Unitar al Lucrărilor (AHSP) - Permen PUPR 2022,Lucrări de construcții și amenajări,3.1.2 ACOPERIS DIN BETON ARMAT CU ȘAPĂ
Acoperis cu cute ondulate 105 cm,Acoperis cu cute ondulate 105 cm,Material,General,lembar,0.0,0.0,0.0,0.0,0,RON,0.0,2.1,1,1,Building and settlement works,Analiza Prețului Unitar al Lucrărilor (AHSP) - Permen PUPR 2022,Lucrări de construcții și amenajări,3.1.2 ACOPERIS DIN BETON ARMAT CU ȘAPĂ
Tiglă Ondulată Nok 92 cm,Tiglă Ondulată Nok 92 cm,Material,General,lembar,0.0,0.0,0.0,0.0,0,RON,0.0,2.4,1,1,Building and settlement works,Analiza Prețului Unitar al Lucrărilor (AHSP) - Permen PUPR 2022,Lucrări de construcții și amenajări,3.1.2 ACOPERIS DIN BETON ARMAT CU ȘAPĂ
Fibre Ciment Ondulat 108x180,Fibre Ciment Ondulat 108x180,Material,General,lembar,0.0,0.0,0.0,0.0,0,RON,0.0,0.57,1,1,Building and settlement works,Analiza Prețului Unitar al Lucrărilor (AHSP) - Permen PUPR 2022,Lucrări de construcții și amenajări,3.1.2 ACOPERIS DIN BETON ARMAT CU ȘAPĂ
Ciment fibros ondulat 108x210,Ciment fibros ondulat 108x210,Material,General,lembar,0.0,0.0,0.0,0.0,0,RON,0.0,0.49,1,1,Building and settlement works,Analiza Prețului Unitar al Lucrărilor (AHSP) - Permen PUPR 2022,Lucrări de construcții și amenajări,3.1.2 ACOPERIS DIN BETON ARMAT CU ȘAPĂ
fibră ciment ondulat 108x240,fibră ciment ondulat 108x240,Material,General,lembar,0.0,0.0,0.0,0.0,0,RON,0.0,0.46,1,1,Building and settlement works,Analiza Prețului Unitar al Lucrărilor (AHSP) - Permen PUPR 2022,Lucrări de construcții și amenajări,3.1.2 ACOPERIS DIN BETON ARMAT CU ȘAPĂ
Lemn bârnă Borneo,Lemn bârnă Borneo,Material,General,m3,0.0,0.0,0.0,0.0,0,RON,0.0,0.0035,1,1,Building and settlement works,Analiza Prețului Unitar al Lucrărilor (AHSP) - Permen PUPR 2022,Lucrări de construcții și amenajări,3.1.3 ACOPERIREA ALTE TIPURI DE ACOPERISURI
Vârf Țiglă Asfalt,Vârf Țiglă Asfalt,Material,General,buah,0.0,0.0,0.0,0.0,0,RON,0.0,2.0,1,1,Building and settlement works,Analiza Prețului Unitar al Lucrărilor (AHSP) - Permen PUPR 2022,Lucrări de construcții și amenajări,3.1.3 ACOPERIREA ALTE TIPURI DE ACOPERISURI
"Cui obișnuit ½""-1"" (1,5cm -2,5cm)","Cui obișnuit ½""-1"" (1,5cm -2,5cm)",Material,General,kg,0.0,0.0,0.0,0.0,0,RON,0.0,0.05,1,1,Building and settlement works,Analiza Prețului Unitar al Lucrărilor (AHSP) - Permen PUPR 2022,Lucrări de construcții și amenajări,3.1.3 ACOPERIREA ALTE TIPURI DE ACOPERISURI
Tablă zincată 3'x6' (90cmx180cm),Tablă zincată 3'x6' (90cmx180cm),Material,General,lembar,0.0,0.0,0.0,0.0,0,RON,0.0,0.4,1,1,Building and settlement works,Analiza Prețului Unitar al Lucrărilor (AHSP) - Permen PUPR 2022,Lucrări de construcții și amenajări,3.1.3 ACOPERIREA ALTE TIPURI DE ACOPERISURI
Nok Standar,Nok Standar,Material,General,lembar,0.0,0.0,0.0,0.0,0,RON,0.0,1.2,1,1,Building and settlement works,Analiza Prețului Unitar al Lucrărilor (AHSP) - Permen PUPR 2022,Lucrări de construcții și amenajări,3.1.3 ACOPERIREA ALTE TIPURI DE ACOPERISURI
"Tablă zincată 3""x6"" bjls","Tablă zincată 3""x6"" bjls",Material,General,lembar,0.0,0.0,0.0,0.0,0,RON,0.0,0.3,1,1,Building and settlement works,Analiza Prețului Unitar al Lucrărilor (AHSP) - Permen PUPR 2022,Lucrări de construcții și amenajări,3.1.3 ACOPERIREA ALTE TIPURI DE ACOPERISURI
Sealent,Sealent,Material,Rubber,buah,0.0,0.0,0.0,0.0,0,RON,0.0,0.05,1,1,Building and settlement works,Analiza Prețului Unitar al Lucrărilor (AHSP) - Permen PUPR 2022,Lucrări de construcții și amenajări,3.1.3 ACOPERIREA ALTE TIPURI DE ACOPERISURI
Sticlă întărită,Sticlă întărită,Material,General,m2,0.0,0.0,0.0,0.0,0,RON,0.0,1.1,1,1,Building and settlement works,Analiza Prețului Unitar al Lucrărilor (AHSP) - Permen PUPR 2022,Lucrări de construcții și amenajări,3.1.3 ACOPERIREA ALTE TIPURI DE ACOPERISURI
"Cui Șurub 2""","Cui Șurub 2""",Material,General,kg,0.0,0.0,0.0,0.0,0,RON,0.0,0.15,1,1,Building and settlement works,Analiza Prețului Unitar al Lucrărilor (AHSP) - Permen PUPR 2022,Lucrări de construcții și amenajări,3.1.3 ACOPERIREA ALTE TIPURI DE ACOPERISURI
Acoperiș metal continuu grosime 0.4 mm,Acoperiș metal continuu grosime 0.4 mm,Material,Steel & Metal,m2,0.0,0.0,0.0,0.0,0,RON,0.0,1.625,1,1,Building and settlement works,Analiza Prețului Unitar al Lucrărilor (AHSP) - Permen PUPR 2022,Lucrări de construcții și amenajări,3.1.3 ACOPERIREA ALTE TIPURI DE ACOPERISURI
"Cui obișnuit 1""","Cui obișnuit 1""",Material,General,kg,0.0,0.0,0.0,0.0,0,RON,0.0,0.05,1,1,Building and settlement works,Analiza Prețului Unitar al Lucrărilor (AHSP) - Permen PUPR 2022,Lucrări de construcții și amenajări,3.1.3 ACOPERIREA ALTE TIPURI DE ACOPERISURI
Acoperiș Metal Nisipant,Acoperiș Metal Nisipant,Material,Steel & Metal,m2,0.0,0.0,0.0,0.0,0,RON,0.0,1.625,1,1,Building and settlement works,Analiza Prețului Unitar al Lucrărilor (AHSP) - Permen PUPR 2022,Lucrări de construcții și amenajări,3.1.3 ACOPERIREA ALTE TIPURI DE ACOPERISURI
Plastic aerator,Plastic aerator,Material,General,buah,0.0,0.0,0.0,0.0,0,RON,0.0,0.5,1,1,Building and settlement works,Analiza Prețului Unitar al Lucrărilor (AHSP) - Permen PUPR 2022,Lucrări de construcții și amenajări,3.1.3 ACOPERIREA ALTE TIPURI DE ACOPERISURI
"Țiglă bitum mărimea 0,8m x 1m","Țiglă bitum mărimea 0,8m x 1m",Material,General,buah,0.0,0.0,0.0,0.0,0,RON,0.0,1.5,1,1,Building and settlement works,Analiza Prețului Unitar al Lucrărilor (AHSP) - Permen PUPR 2022,Lucrări de construcții și amenajări,3.1.3 ACOPERIREA ALTE TIPURI DE ACOPERISURI
cui șurub 75mm i,cui șurub 75mm i,Material,General,buah,0.0,0.0,0.0,0.0,0,RON,0.0,8.0,1,1,Building and settlement works,Analiza Prețului Unitar al Lucrărilor (AHSP) - Permen PUPR 2022,Lucrări de construcții și amenajări,3.1.3 ACOPERIREA ALTE TIPURI DE ACOPERISURI
Mărimea 86cm x 1190 cm,Mărimea 86cm x 1190 cm,Material,General,m2,0.0,0.0,0.0,0.0,0,RON,0.0,0.1002,1,1,Building and settlement works,Analiza Prețului Unitar al Lucrărilor (AHSP) - Permen PUPR 2022,Lucrări de construcții și amenajări,3.1.3 ACOPERIREA ALTE TIPURI DE ACOPERISURI
Tavan Acustic 30 x 30 cm,Tavan Acustic 30 x 30 cm,Material,General,lembar,0.0,0.0,0.0,0.0,0,RON,0.0,12.0,1,1,Building and settlement works,Analiza Prețului Unitar al Lucrărilor (AHSP) - Permen PUPR 2022,Lucrări de construcții și amenajări,3.5.1 TAVANE ACOUSTICE (PLAFON)
impermeabilizare bază acrilică,impermeabilizare bază acrilică,Material,General,kg,0.0,0.0,0.0,0.0,0,RON,0.0,1.389,1,1,Building and settlement works,Analiza Prețului Unitar al Lucrărilor (AHSP) - Permen PUPR 2022,Lucrări de construcții și amenajări,3.4 LUCRĂRI DE WATERPROOFING
Hidroizolație bază ciment,Hidroizolație bază ciment,Material,General,kg,0.0,0.0,0.0,0.0,0,RON,0.0,1.389,1,1,Building and settlement works,Analiza Prețului Unitar al Lucrărilor (AHSP) - Permen PUPR 2022,Lucrări de construcții și amenajări,3.4 LUCRĂRI DE WATERPROOFING
Hidroizolare Cristalinică,Hidroizolare Cristalinică,Material,General,kg,0.0,0.0,0.0,0.0,0,RON,0.0,1.389,1,1,Building and settlement works,Analiza Prețului Unitar al Lucrărilor (AHSP) - Permen PUPR 2022,Lucrări de construcții și amenajări,3.4 LUCRĂRI DE WATERPROOFING
Lichid Grund,Lichid Grund,Material,General,kg,0.0,0.0,0.0,0.0,0,RON,0.0,0.3,1,1,Building and settlement works,Analiza Prețului Unitar al Lucrărilor (AHSP) - Permen PUPR 2022,Lucrări de construcții și amenajări,3.4 LUCRĂRI DE WATERPROOFING
Membrană arsă,Membrană arsă,Material,General,m2,0.0,0.0,0.0,0.0,0,RON,0.0,1.05,1,1,Building and settlement works,Analiza Prețului Unitar al Lucrărilor (AHSP) - Permen PUPR 2022,Lucrări de construcții și amenajări,3.4 LUCRĂRI DE WATERPROOFING
Folie aluminiu,Folie aluminiu,Material,General,m2,0.0,0.0,0.0,0.0,0,RON,0.0,1.05,1,1,Building and settlement works,Analiza Prețului Unitar al Lucrărilor (AHSP) - Permen PUPR 2022,Lucrări de construcții și amenajări,3.3 LUCRĂRI ADIACENTE PENTRU ACOPERIȘ
GRC/Fibre Ciment Larg 20cm,GRC/Fibre Ciment Larg 20cm,Material,General,m’,0.0,0.0,0.0,0.0,0,RON,0.0,1.05,1,1,Building and settlement works,Analiza Prețului Unitar al Lucrărilor (AHSP) - Permen PUPR 2022,Lucrări de construcții și amenajări,3.3 LUCRĂRI ADIACENTE PENTRU ACOPERIȘ
GRC/Fibre Ciment Larg 30cm,GRC/Fibre Ciment Larg 30cm,Material,General,m’,0.0,0.0,0.0,0.0,0,RON,0.0,1.05,1,1,Building and settlement works,Analiza Prețului Unitar al Lucrărilor (AHSP) - Permen PUPR 2022,Lucrări de construcții și amenajări,3.3 LUCRĂRI ADIACENTE PENTRU ACOPERIȘ
Tablă lemn clasa sau III,Tablă lemn clasa sau III,Material,General,m3,0.0,0.0,0.0,0.0,0,RON,0.0,0.019,1,1,Building and settlement works,Analiza Prețului Unitar al Lucrărilor (AHSP) - Permen PUPR 2022,Lucrări de construcții și amenajări,3.3 LUCRĂRI ADIACENTE PENTRU ACOPERIȘ
Material Izolare Spumă,Material Izolare Spumă,Material,General,m2,0.0,0.0,0.0,0.0,0,RON,0.0,1.1,1,1,Building and settlement works,Analiza Prețului Unitar al Lucrărilor (AHSP) - Permen PUPR 2022,Lucrări de construcții și amenajări,3.2 LUCRĂRI DE IZOLARE
fir armonică,fir armonică,Material,General,m2,0.0,0.0,0.0,0.0,0,RON,0.0,1.1,1,1,Building and settlement works,Analiza Prețului Unitar al Lucrărilor (AHSP) - Permen PUPR 2022,Lucrări de construcții și amenajări,3.2 LUCRĂRI DE IZOLARE
Vată de sticlă Grosime 8 cm,Vată de sticlă Grosime 8 cm,Material,General,m2,0.0,0.0,0.0,0.0,0,RON,0.0,1.1,1,1,Building and settlement works,Analiza Prețului Unitar al Lucrărilor (AHSP) - Permen PUPR 2022,Lucrări de construcții și amenajări,3.2 LUCRĂRI DE IZOLARE
Ambele laturi Grosime mm,Ambele laturi Grosime mm,Material,General,m2,0.0,0.0,0.0,0.0,0,RON,0.0,1.1,1,1,Building and settlement works,Analiza Prețului Unitar al Lucrărilor (AHSP) - Permen PUPR 2022,Lucrări de construcții și amenajări,3.2 LUCRĂRI DE IZOLARE
"Cui șurub ½""-1""","Cui șurub ½""-1""",Material,General,kg,0.0,0.0,0.0,0.0,0,RON,0.0,0.05,1,1,Building and settlement works,Analiza Prețului Unitar al Lucrărilor (AHSP) - Permen PUPR 2022,Lucrări de construcții și amenajări,3.1.3 ACOPERIREA ALTE TIPURI DE ACOPERISURI
Nok Țiglă Metalică Lungime 100 cm,Nok Țiglă Metalică Lungime 100 cm,Material,Steel & Metal,buah,0.0,0.0,0.0,0.0,0,RON,0.0,1.1,1,1,Building and settlement works,Analiza Prețului Unitar al Lucrărilor (AHSP) - Permen PUPR 2022,Lucrări de construcții și amenajări,3.1.3 ACOPERIREA ALTE TIPURI DE ACOPERISURI
To.05.c,Ferăstrău electric,Equipment,General,,0.0,0.0,0.0,0.0,0,RON,0.0,0.8,1,1,Water resources works,Analiza Prețului Unitar al Lucrărilor (AHSP) - Hotărârea PUPR 2016,Lucrări de gestionare a resurselor de apă,4 - - LS
oțel profil 15%),oțel profil 15%),Material,General,Kg,0.0,0.0,0.0,0.0,0,RON,0.0,1.15,1,1,Water resources works,Analiza Prețului Unitar al Lucrărilor (AHSP) - Hotărârea PUPR 2016,Lucrări de gestionare a resurselor de apă,4 - - LS
ferăstrău electric (A+B+C) 15%),ferăstrău electric (A+B+C) 15%),Equipment,General,,0.0,0.0,0.0,0.0,0,RON,0.0,0.2,1,1,Water resources works,Analiza Prețului Unitar al Lucrărilor (AHSP) - Hotărârea PUPR 2016,Lucrări de gestionare a resurselor de apă,4 - - LS
To.01,accesorii lam slefuitor electric (exemplu 15%),Equipment,General,hari,0.0,0.0,0.0,0.0,0,RON,0.0,0.08,1,1,Water resources works,Analiza Prețului Unitar al Lucrărilor (AHSP) - Hotărârea PUPR 2016,Lucrări de gestionare a resurselor de apă,4 - - LS
To.11,Rindea electric +,Equipment,General,sewa-,0.0,0.0,0.0,0.0,0,RON,0.0,0.07,1,1,Water resources works,Analiza Prețului Unitar al Lucrărilor (AHSP) - Hotărârea PUPR 2016,Lucrări de gestionare a resurselor de apă,4 - - LS
Adeziv Lemn (A+B+C),Adeziv Lemn (A+B+C),Material,General,kg,0.0,0.0,0.0,0.0,0,RON,0.0,1.0,1,1,Water resources works,Analiza Prețului Unitar al Lucrărilor (AHSP) - Hotărârea PUPR 2016,Lucrări de gestionare a resurselor de apă,4 - - LS
M.71.a,"Paku 1 – 2,5 cm",Material,General,kg,0.0,0.0,0.0,0.0,0,RON,0.0,0.15,1,1,Water resources works,Analiza Prețului Unitar al Lucrărilor (AHSP) - Hotărârea PUPR 2016,Lucrări de gestionare a resurselor de apă,4 - - LS
E.37.a,Ponton,Equipment,General,hari,0.0,0.0,0.0,0.0,0,RON,0.0,0.025,1,1,Water resources works,Analiza Prețului Unitar al Lucrărilor (AHSP) - Hotărârea PUPR 2016,Lucrări de gestionare a resurselor de apă,4 - - LS
Excavator,Excavator,Equipment,Excavators,hari,0.0,0.0,0.0,0.0,0,RON,0.0,0.025,1,1,Water resources works,Analiza Prețului Unitar al Lucrărilor (AHSP) - Hotărârea PUPR 2016,Lucrări de gestionare a resurselor de apă,4 - - LS
E.45,lungime 250 m,Equipment,General,buah,0.0,0.0,0.0,0.0,0,RON,0.0,0.0006,1,1,Water resources works,Analiza Prețului Unitar al Lucrărilor (AHSP) - Hotărârea PUPR 2016,Lucrări de gestionare a resurselor de apă,4 - - LS
"Barcă, barcă motoare, motor 1 HP Plasă ø gaură 5mm,","Barcă, barcă motoare, motor 1 HP Plasă ø gaură 5mm,",Equipment,General,sewa-hari,0.0,0.0,0.0,0.0,0,RON,0.0,0.0006,1,1,Water resources works,Analiza Prețului Unitar al Lucrărilor (AHSP) - Hotărârea PUPR 2016,Lucrări de gestionare a resurselor de apă,4 - - LS
"Zidărie piatră mărime 20/50,t=40cm (A+B+C)","Zidărie piatră mărime 20/50,t=40cm (A+B+C)",Material,General,,0.0,0.0,0.0,0.0,0,RON,0.0,0.15,1,1,Water resources works,Analiza Prețului Unitar al Lucrărilor (AHSP) - Hotărârea PUPR 2016,Lucrări de gestionare a resurselor de apă,A.8 Lucrări diverse (Normativ/Informatív)
Tablă Gips 120x240 cm,Tablă Gips 120x240 cm,Material,General,lembar,0.0,0.0,0.0,0.0,0,RON,0.0,0.364,1,1,Building and settlement works,Analiza Prețului Unitar al Lucrărilor (AHSP) - Permen PUPR 2022,Lucrări de construcții și amenajări,3.5.2 TAVANE (PLAFON) ALTE
Kawat Ø4 mm,Kawat Ø4 mm,Material,General,kg,0.0,0.0,0.0,0.0,0,RON,0.0,0.15,1,1,Building and settlement works,Analiza Prețului Unitar al Lucrărilor (AHSP) - Permen PUPR 2022,Lucrări de construcții și amenajări,3.5.1 TAVANE ACOUSTICE (PLAFON)
"profil aluminiu ""T""","profil aluminiu ""T""",Material,General,m,0.0,0.0,0.0,0.0,0,RON,0.0,3.6,1,1,Building and settlement works,Analiza Prețului Unitar al Lucrărilor (AHSP) - Permen PUPR 2022,Lucrări de construcții și amenajări,3.5.1 TAVANE ACOUSTICE (PLAFON)
Tavan acustic 30 x 60 cm,Tavan acustic 30 x 60 cm,Material,General,lembar,0.0,0.0,0.0,0.0,0,RON,0.0,5.8,1,1,Building and settlement works,Analiza Prețului Unitar al Lucrărilor (AHSP) - Permen PUPR 2022,Lucrări de construcții și amenajări,3.5.1 TAVANE ACOUSTICE (PLAFON)
Kayu Papan,Kayu Papan,Material,General,m3,0.0,0.0,0.0,0.0,0,RON,0.0,0.015,1,1,Building and settlement works,Analiza Prețului Unitar al Lucrărilor (AHSP) - Permen PUPR 2022,Lucrări de construcții și amenajări,3.5.2 TAVANE (PLAFON) ALTE
Kayu Lapis,Kayu Lapis,Material,General,lembar,0.0,0.0,0.0,0.0,0,RON,0.0,0.375,1,1,Building and settlement works,Analiza Prețului Unitar al Lucrărilor (AHSP) - Permen PUPR 2022,Lucrări de construcții și amenajări,3.5.2 TAVANE (PLAFON) ALTE
Inclusiv Instrument de Instalare,Inclusiv Instrument de Instalare,Material,General,m2,0.0,0.0,0.0,0.0,0,RON,0.0,1.21,1,1,Building and settlement works,Analiza Prețului Unitar al Lucrărilor (AHSP) - Permen PUPR 2022,Lucrări de construcții și amenajări,3.5.2 TAVANE (PLAFON) ALTE
Paku Sekrup,Paku Sekrup,Material,General,kg,0.0,0.0,0.0,0.0,0,RON,0.0,0.11,1,1,Building and settlement works,Analiza Prețului Unitar al Lucrărilor (AHSP) - Permen PUPR 2022,Lucrări de construcții și amenajări,3.5.2 TAVANE (PLAFON) ALTE
Țeavă oțel Ø 150,Țeavă oțel Ø 150,Material,General,m,0.0,0.0,0.0,0.0,0,RON,0.0,1.0,1,1,Building and settlement works,Analiza Prețului Unitar al Lucrărilor (AHSP) - Hotărârea PUPR 2016,Lucrări de construcții și amenajări,A.8.4.1 PREȚUL UNITĂȚII DE LUCRU PENTRU INSTALAREA ȚEVURILOR ÎN AFARA CLĂDIRII
Conductă oțel Ø 125,Conductă oțel Ø 125,Material,General,m,0.0,0.0,0.0,0.0,0,RON,0.0,1.0,1,1,Building and settlement works,Analiza Prețului Unitar al Lucrărilor (AHSP) - Hotărârea PUPR 2016,Lucrări de construcții și amenajări,A.8.4.1 PREȚUL UNITĂȚII DE LUCRU PENTRU INSTALAREA ȚEVURILOR ÎN AFARA CLĂDIRII
Țeavă oțel Ø 100,Țeavă oțel Ø 100,Material,General,m,0.0,0.0,0.0,0.0,0,RON,0.0,1.0,1,1,Building and settlement works,Analiza Prețului Unitar al Lucrărilor (AHSP) - Hotărârea PUPR 2016,Lucrări de construcții și amenajări,A.8.4.1 PREȚUL UNITĂȚII DE LUCRU PENTRU INSTALAREA ȚEVURILOR ÎN AFARA CLĂDIRII
Conductă DCI Ø 900,Conductă DCI Ø 900,Material,General,m,0.0,0.0,0.0,0.0,0,RON,0.0,1.0,1,1,Building and settlement works,Analiza Prețului Unitar al Lucrărilor (AHSP) - Hotărârea PUPR 2016,Lucrări de construcții și amenajări,A.8.4.1 PREȚUL UNITĂȚII DE LUCRU PENTRU INSTALAREA ȚEVURILOR ÎN AFARA CLĂDIRII
Țeavă DCI Ø 800,Țeavă DCI Ø 800,Material,General,m,0.0,0.0,0.0,0.0,0,RON,0.0,1.0,1,1,Building and settlement works,Analiza Prețului Unitar al Lucrărilor (AHSP) - Hotărârea PUPR 2016,Lucrări de construcții și amenajări,A.8.4.1 PREȚUL UNITĂȚII DE LUCRU PENTRU INSTALAREA ȚEVURILOR ÎN AFARA CLĂDIRII
Țeavă DCI Ø 600,Țeavă DCI Ø 600,Material,General,m,0.0,0.0,0.0,0.0,0,RON,0.0,1.0,1,1,Building and settlement works,Analiza Prețului Unitar al Lucrărilor (AHSP) - Hotărârea PUPR 2016,Lucrări de construcții și amenajări,A.8.4.1 PREȚUL UNITĂȚII DE LUCRU PENTRU INSTALAREA ȚEVURILOR ÎN AFARA CLĂDIRII
"Țeavă DCI Ø 500""","Țeavă DCI Ø 500""",Material,General,m,0.0,0.0,0.0,0.0,0,RON,0.0,1.0,1,1,Building and settlement works,Analiza Prețului Unitar al Lucrărilor (AHSP) - Hotărârea PUPR 2016,Lucrări de construcții și amenajări,A.8.4.1 PREȚUL UNITĂȚII DE LUCRU PENTRU INSTALAREA ȚEVURILOR ÎN AFARA CLĂDIRII
Conductă DCI Ø 450,Conductă DCI Ø 450,Material,General,m,0.0,0.0,0.0,0.0,0,RON,0.0,1.0,1,1,Building and settlement works,Analiza Prețului Unitar al Lucrărilor (AHSP) - Hotărârea PUPR 2016,Lucrări de construcții și amenajări,A.8.4.1 PREȚUL UNITĂȚII DE LUCRU PENTRU INSTALAREA ȚEVURILOR ÎN AFARA CLĂDIRII
"Țeavă DCI Ø 400""","Țeavă DCI Ø 400""",Material,General,m,0.0,0.0,0.0,0.0,0,RON,0.0,1.0,1,1,Building and settlement works,Analiza Prețului Unitar al Lucrărilor (AHSP) - Hotărârea PUPR 2016,Lucrări de construcții și amenajări,A.8.4.1 PREȚUL UNITĂȚII DE LUCRU PENTRU INSTALAREA ȚEVURILOR ÎN AFARA CLĂDIRII
Conductă DCI Ø 300 Închiriere Trepied/Tăclu,Conductă DCI Ø 300 Închiriere Trepied/Tăclu,Material,General,m,0.0,0.0,0.0,0.0,0,RON,0.0,1.0,1,1,Building and settlement works,Analiza Prețului Unitar al Lucrărilor (AHSP) - Hotărârea PUPR 2016,Lucrări de construcții și amenajări,A.8.4.1 PREȚUL UNITĂȚII DE LUCRU PENTRU INSTALAREA ȚEVURILOR ÎN AFARA CLĂDIRII
Țeavă DCI Ø 200 Închirierea Tripot/Tackel,Țeavă DCI Ø 200 Închirierea Tripot/Tackel,Material,General,M,0.0,0.0,0.0,0.0,0,RON,0.0,1.0,1,1,Building and settlement works,Analiza Prețului Unitar al Lucrărilor (AHSP) - Hotărârea PUPR 2016,Lucrări de construcții și amenajări,A.8.4.1 PREȚUL UNITĂȚII DE LUCRU PENTRU INSTALAREA ȚEVURILOR ÎN AFARA CLĂDIRII
To.20,Slepan,Equipment,General,,0.0,0.0,0.0,0.0,0,RON,0.0,0.8,1,1,Water resources works,Analiza Prețului Unitar al Lucrărilor (AHSP) - Hotărârea PUPR 2016,Lucrări de gestionare a resurselor de apă,4 - - LS
Lac gata,Lac gata,Material,General,liter,0.0,0.0,0.0,0.0,0,RON,0.0,0.372,1,1,Building and settlement works,Analiza Prețului Unitar al Lucrărilor (AHSP) - Permen PUPR 2022,Lucrări de construcții și amenajări,3.8 LUCRĂRI DE VOPSIT ȘI PELICULIT
Pelitur,Pelitur,Material,General,liter,0.0,0.0,0.0,0.0,0,RON,0.0,0.15,1,1,Building and settlement works,Analiza Prețului Unitar al Lucrărilor (AHSP) - Permen PUPR 2022,Lucrări de construcții și amenajări,3.8 LUCRĂRI DE VOPSIT ȘI PELICULIT
Teak Oil,Teak Oil,Material,General,liter,0.0,0.0,0.0,0.0,0,RON,0.0,0.36,1,1,Building and settlement works,Analiza Prețului Unitar al Lucrărilor (AHSP) - Permen PUPR 2022,Lucrări de construcții și amenajări,3.8 LUCRĂRI DE VOPSIT ȘI PELICULIT
Lichid îndepărtare rugină,Lichid îndepărtare rugină,Material,General,kg,0.0,0.0,0.0,0.0,0,RON,0.0,0.05,1,1,Building and settlement works,Analiza Prețului Unitar al Lucrărilor (AHSP) - Permen PUPR 2022,Lucrări de construcții și amenajări,3.8 LUCRĂRI DE VOPSIT ȘI PELICULIT
Sodă Caustică (Sodă Caustică),Sodă Caustică (Sodă Caustică),Material,General,kg,0.0,0.0,0.0,0.0,0,RON,0.0,0.05,1,1,Building and settlement works,Analiza Prețului Unitar al Lucrărilor (AHSP) - Permen PUPR 2022,Lucrări de construcții și amenajări,3.8 LUCRĂRI DE VOPSIT ȘI PELICULIT
Praf Piatră Traso,Praf Piatră Traso,Material,General,kg,0.0,0.0,0.0,0.0,0,RON,0.0,15.0,1,1,Building and settlement works,Analiza Prețului Unitar al Lucrărilor (AHSP) - Permen PUPR 2022,Lucrări de construcții și amenajări,3.7 LUCRĂRI DE TENCUIELI ȘI FAȚADĂ
Praf piatră granit,Praf piatră granit,Material,General,kg,0.0,0.0,0.0,0.0,0,RON,0.0,15.0,1,1,Building and settlement works,Analiza Prețului Unitar al Lucrărilor (AHSP) - Permen PUPR 2022,Lucrări de construcții și amenajări,3.7 LUCRĂRI DE TENCUIELI ȘI FAȚADĂ
mortar gata-făcut (ciment instant),mortar gata-făcut (ciment instant),Material,Concrete & Cement,kg,0.0,0.0,0.0,0.0,0,RON,0.0,16.67,1,1,Building and settlement works,Analiza Prețului Unitar al Lucrărilor (AHSP) - Permen PUPR 2022,Lucrări de construcții și amenajări,3.7 LUCRĂRI DE TENCUIELI ȘI FAȚADĂ
Cărămidă Ușoară Grosime 20 cm,Cărămidă Ușoară Grosime 20 cm,Material,General,buah,0.0,0.0,0.0,0.0,0,RON,0.0,8.75,1,1,Building and settlement works,Analiza Prețului Unitar al Lucrărilor (AHSP) - Permen PUPR 2022,Lucrări de construcții și amenajări,3.6.4 PERETE DE CĂRĂMIDĂ UȘOARĂ
Cărămidă ușoară grosime 10 cm,Cărămidă ușoară grosime 10 cm,Material,General,buah,0.0,0.0,0.0,0.0,0,RON,0.0,8.75,1,1,Building and settlement works,Analiza Prețului Unitar al Lucrărilor (AHSP) - Permen PUPR 2022,Lucrări de construcții și amenajări,3.6.4 PERETE DE CĂRĂMIDĂ UȘOARĂ
"Cărămidă Ușoară Grosime 7,5 cm","Cărămidă Ușoară Grosime 7,5 cm",Material,General,buah,0.0,0.0,0.0,0.0,0,RON,0.0,8.75,1,1,Building and settlement works,Analiza Prețului Unitar al Lucrărilor (AHSP) - Permen PUPR 2022,Lucrări de construcții și amenajări,3.6.4 PERETE DE CĂRĂMIDĂ UȘOARĂ
cui 7 cm - 10 cm,cui 7 cm - 10 cm,Material,General,kg,0.0,0.0,0.0,0.0,0,RON,0.0,0.25,1,1,Building and settlement works,Analiza Prețului Unitar al Lucrărilor (AHSP) - Permen PUPR 2022,Lucrări de construcții și amenajări,3.5.3 STRUCTURĂ TAVAN (PLAFON)
Sekrup,Sekrup,Material,General,kg,0.0,0.0,0.0,0.0,0,RON,0.0,0.0145,1,1,Building and settlement works,Analiza Prețului Unitar al Lucrărilor (AHSP) - Permen PUPR 2022,Lucrări de construcții și amenajări,3.5.2 TAVANE (PLAFON) ALTE
Spandrel Aluminiu 0.1 m x 6 m,Spandrel Aluminiu 0.1 m x 6 m,Material,General,lembar,0.0,0.0,0.0,0.0,0,RON,0.0,1.75,1,1,Building and settlement works,Analiza Prețului Unitar al Lucrărilor (AHSP) - Permen PUPR 2022,Lucrări de construcții și amenajări,3.5.2 TAVANE (PLAFON) ALTE
List Gypsum,List Gypsum,Material,General,m’,0.0,0.0,0.0,0.0,0,RON,0.0,1.1,1,1,Building and settlement works,Analiza Prețului Unitar al Lucrărilor (AHSP) - Permen PUPR 2022,Lucrări de construcții și amenajări,3.5.2 TAVANE (PLAFON) ALTE
Platbandă Lemn Profil,Platbandă Lemn Profil,Material,General,m’,0.0,0.0,0.0,0.0,0,RON,0.0,1.1,1,1,Building and settlement works,Analiza Prețului Unitar al Lucrărilor (AHSP) - Permen PUPR 2022,Lucrări de construcții și amenajări,3.5.2 TAVANE (PLAFON) ALTE
Popă lemn kaso 5/7 - 1m',Popă lemn kaso 5/7 - 1m',Material,General,Ls,0.0,0.0,0.0,0.0,0,RON,0.0,6.0,1,1,Water resources works,Analiza Prețului Unitar al Lucrărilor (AHSP) - Hotărârea PUPR 2016,Lucrări de gestionare a resurselor de apă,A.7 Lucrări de apă subterană (Informatív)
3. Vopsea perete (A+B+C),3. Vopsea perete (A+B+C),Material,General,kg,0.0,0.0,0.0,0.0,0,RON,0.0,0.5,1,1,Water resources works,Analiza Prețului Unitar al Lucrărilor (AHSP) - Hotărârea PUPR 2016,Lucrări de gestionare a resurselor de apă,A.7 Lucrări de apă subterană (Informatív)
T.03.b,1. Țap beton mărime 20 x 20 cm,Material,General,buah,0.0,0.0,0.0,0.0,0,RON,0.0,1.0,1,1,Water resources works,Analiza Prețului Unitar al Lucrărilor (AHSP) - Hotărârea PUPR 2016,Lucrări de gestionare a resurselor de apă,A.7 Lucrări de apă subterană (Informatív)
calitate apă 2 Echipament de testare parametru,calitate apă 2 Echipament de testare parametru,Equipment,General,hari sewa-,0.0,0.0,0.0,0.0,0,RON,0.0,0.5,1,1,Water resources works,Analiza Prețului Unitar al Lucrărilor (AHSP) - Hotărârea PUPR 2016,Lucrări de gestionare a resurselor de apă,A.7 Lucrări de apă subterană (Informatív)
echipament eșantionare,echipament eșantionare,Equipment,General,sewa-,0.0,0.0,0.0,0.0,0,RON,0.0,0.5,1,1,Water resources works,Analiza Prețului Unitar al Lucrărilor (AHSP) - Hotărârea PUPR 2016,Lucrări de gestionare a resurselor de apă,A.7 Lucrări de apă subterană (Informatív)
"Cablu izolație, acumulator aer, fier bandă, acetilină H2O și altele.","Cablu izolație, acumulator aer, fier bandă, acetilină H2O și altele.",Material,General,Ls,0.0,0.0,0.0,0.0,0,RON,0.0,1.0,1,1,Water resources works,Analiza Prețului Unitar al Lucrărilor (AHSP) - Hotărârea PUPR 2016,Lucrări de gestionare a resurselor de apă,A.7 Lucrări de apă subterană (Informatív)
Resin,Resin,Material,General,tube,0.0,0.0,0.0,0.0,0,RON,0.0,2.0,1,1,Water resources works,Analiza Prețului Unitar al Lucrărilor (AHSP) - Hotărârea PUPR 2016,Lucrări de gestionare a resurselor de apă,A.7 Lucrări de apă subterană (Informatív)
Rig Foraj +,Rig Foraj +,Equipment,General,jam,0.0,0.0,0.0,0.0,0,RON,0.0,1.0,1,1,Water resources works,Analiza Prețului Unitar al Lucrărilor (AHSP) - Hotărârea PUPR 2016,Lucrări de gestionare a resurselor de apă,A.7 Lucrări de apă subterană (Informatív)
Platformă de foraj + echipamente (A+B+C),Platformă de foraj + echipamente (A+B+C),Equipment,General,jam,0.0,0.0,0.0,0.0,0,RON,0.0,1.0,1,1,Water resources works,Analiza Prețului Unitar al Lucrărilor (AHSP) - Hotărârea PUPR 2016,Lucrări de gestionare a resurselor de apă,A.7 Lucrări de apă subterană (Informatív)
gresie mărime 10 până la 15 cm x 30 cm,gresie mărime 10 până la 15 cm x 30 cm,Material,General,buah,0.0,0.0,0.0,0.0,0,RON,0.0,3.5,1,1,Building and settlement works,Analiza Prețului Unitar al Lucrărilor (AHSP) - Permen PUPR 2022,Lucrări de construcții și amenajări,3.9.4 GLAZĂ HOMOGENĂ
Teraso Cor,Teraso Cor,Material,General,m3,0.0,0.0,0.0,0.0,0,RON,0.0,0.036,1,1,Building and settlement works,Analiza Prețului Unitar al Lucrărilor (AHSP) - Permen PUPR 2022,Lucrări de construcții și amenajări,3.9.3 UBIN TERASO
Wood Filler,Wood Filler,Material,Wood & Timber,kg,0.0,0.0,0.0,0.0,0,RON,0.0,0.15,1,1,Building and settlement works,Analiza Prețului Unitar al Lucrărilor (AHSP) - Permen PUPR 2022,Lucrări de construcții și amenajări,3.8 LUCRĂRI DE VOPSIT ȘI PELICULIT
Cat Epoxy,Cat Epoxy,Material,General,kg,0.0,0.0,0.0,0.0,0,RON,0.0,1.0,1,1,Building and settlement works,Analiza Prețului Unitar al Lucrărilor (AHSP) - Permen PUPR 2022,Lucrări de construcții și amenajări,3.8 LUCRĂRI DE VOPSIT ȘI PELICULIT
Cat Enutu,Cat Enutu,Material,Fasteners,kg,0.0,0.0,0.0,0.0,0,RON,0.0,0.08,1,1,Building and settlement works,Analiza Prețului Unitar al Lucrărilor (AHSP) - Permen PUPR 2022,Lucrări de construcții și amenajări,3.8 LUCRĂRI DE VOPSIT ȘI PELICULIT
Cat Antara,Cat Antara,Material,General,kg,0.0,0.0,0.0,0.0,0,RON,0.0,0.17,1,1,Building and settlement works,Analiza Prețului Unitar al Lucrărilor (AHSP) - Permen PUPR 2022,Lucrări de construcții și amenajări,3.8 LUCRĂRI DE VOPSIT ȘI PELICULIT
Reziduu sau Catran,Reziduu sau Catran,Material,General,liter,0.0,0.0,0.0,0.0,0,RON,0.0,0.35,1,1,Building and settlement works,Analiza Prețului Unitar al Lucrărilor (AHSP) - Permen PUPR 2022,Lucrări de construcții și amenajări,3.8 LUCRĂRI DE VOPSIT ȘI PELICULIT
Wax,Wax,Material,General,kg,0.0,0.0,0.0,0.0,0,RON,0.0,0.0667,1,1,Building and settlement works,Analiza Prețului Unitar al Lucrărilor (AHSP) - Permen PUPR 2022,Lucrări de construcții și amenajări,3.9.9 ACOPERIRE PODEA ALTE
Bubuk Poles,Bubuk Poles,Material,General,kg,0.0,0.0,0.0,0.0,0,RON,0.0,0.0667,1,1,Building and settlement works,Analiza Prețului Unitar al Lucrărilor (AHSP) - Permen PUPR 2022,Lucrări de construcții și amenajări,3.9.9 ACOPERIRE PODEA ALTE
Podea UPVC Decking,Podea UPVC Decking,Material,General,m2,0.0,0.0,0.0,0.0,0,RON,0.0,2.71,1,1,Building and settlement works,Analiza Prețului Unitar al Lucrărilor (AHSP) - Permen PUPR 2022,Lucrări de construcții și amenajări,3.9.9 ACOPERIRE PODEA ALTE
Întăritor pardoseală,Întăritor pardoseală,Material,Rubber,buah,0.0,0.0,0.0,0.0,0,RON,0.0,5.0,1,1,Building and settlement works,Analiza Prețului Unitar al Lucrărilor (AHSP) - Permen PUPR 2022,Lucrări de construcții și amenajări,3.9.9 ACOPERIRE PODEA ALTE
cui/șurub 5cm,cui/șurub 5cm,Material,General,kg,0.0,0.0,0.0,0.0,0,RON,0.0,0.05,1,1,Building and settlement works,Analiza Prețului Unitar al Lucrărilor (AHSP) - Permen PUPR 2022,Lucrări de construcții și amenajări,3.9.9 ACOPERIRE PODEA ALTE
Lemn ingineresc,Lemn ingineresc,Material,General,m2,0.0,0.0,0.0,0.0,0,RON,0.0,1.05,1,1,Building and settlement works,Analiza Prețului Unitar al Lucrărilor (AHSP) - Permen PUPR 2022,Lucrări de construcții și amenajări,3.9.9 ACOPERIRE PODEA ALTE
Parcher Lemn,Parcher Lemn,Material,General,m2,0.0,0.0,0.0,0.0,0,RON,0.0,1.05,1,1,Building and settlement works,Analiza Prețului Unitar al Lucrărilor (AHSP) - Permen PUPR 2022,Lucrări de construcții și amenajări,3.9.9 ACOPERIRE PODEA ALTE
plintă cove intern,plintă cove intern,Material,General,buah,0.0,0.0,0.0,0.0,0,RON,0.0,5.3,1,1,Building and settlement works,Analiza Prețului Unitar al Lucrărilor (AHSP) - Permen PUPR 2022,Lucrări de construcții și amenajări,3.9.7 CERAMICĂ ARTISTICĂ
Faianță dimensiune 10 până la 15 cm x 60 cm,Faianță dimensiune 10 până la 15 cm x 60 cm,Material,General,buah,0.0,0.0,0.0,0.0,0,RON,0.0,1.75,1,1,Building and settlement works,Analiza Prețului Unitar al Lucrărilor (AHSP) - Permen PUPR 2022,Lucrări de construcții și amenajări,3.9.4 GLAZĂ HOMOGENĂ
Țiglă mărime 10 până 15 cm x 40 cm,Țiglă mărime 10 până 15 cm x 40 cm,Material,General,buah,0.0,0.0,0.0,0.0,0,RON,0.0,2.625,1,1,Building and settlement works,Analiza Prețului Unitar al Lucrărilor (AHSP) - Permen PUPR 2022,Lucrări de construcții și amenajări,3.9.4 GLAZĂ HOMOGENĂ
M.54.h,Paku seng,Material,General,kg,0.0,0.0,0.0,0.0,0,RON,0.0,0.3,1,1,Water resources works,Analiza Prețului Unitar al Lucrărilor (AHSP) - Hotărârea PUPR 2016,Lucrări de gestionare a resurselor de apă,A.8 Lucrări diverse (Normativ/Informatív)
"(t=0,05) înălțime 1,8 m' lățime 0,9m' 2 Cason 5/7 lemn clasa II","(t=0,05) înălțime 1,8 m' lățime 0,9m' 2 Cason 5/7 lemn clasa II",Material,General,m3,0.0,0.0,0.0,0.0,0,RON,0.0,0.035,1,1,Water resources works,Analiza Prețului Unitar al Lucrărilor (AHSP) - Hotărârea PUPR 2016,Lucrări de gestionare a resurselor de apă,A.8 Lucrări diverse (Normativ/Informatív)
"Zidărie piatră dimensiune 20/50, t=40cm","Zidărie piatră dimensiune 20/50, t=40cm",Material,General,,0.0,0.0,0.0,0.0,0,RON,0.0,0.15,1,1,Water resources works,Analiza Prețului Unitar al Lucrărilor (AHSP) - Hotărârea PUPR 2016,Lucrări de gestionare a resurselor de apă,A.8 Lucrări diverse (Normativ/Informatív)
M.63,Fir zinc 3mm,Material,General,kg,0.0,0.0,0.0,0.0,0,RON,0.0,0.3,1,1,Water resources works,Analiza Prețului Unitar al Lucrărilor (AHSP) - Hotărârea PUPR 2016,Lucrări de gestionare a resurselor de apă,A.8 Lucrări diverse (Normativ/Informatív)
E.13,Geo electric (A+B+C),Equipment,General,Sewa-,0.0,0.0,0.0,0.0,0,RON,0.0,0.333,1,1,Water resources works,Analiza Prețului Unitar al Lucrărilor (AHSP) - Hotărârea PUPR 2016,Lucrări de gestionare a resurselor de apă,A.7 Lucrări de apă subterană (Informatív)
Cat tembok,Cat tembok,Material,General,kg,0.0,0.0,0.0,0.0,0,RON,0.0,0.5,1,1,Water resources works,Analiza Prețului Unitar al Lucrărilor (AHSP) - Hotărârea PUPR 2016,Lucrări de gestionare a resurselor de apă,A.7 Lucrări de apă subterană (Informatív)
Țeavă GIP Ø 200 mm,Țeavă GIP Ø 200 mm,Material,General,m,0.0,0.0,0.0,0.0,0,RON,0.0,1.0,1,1,Building and settlement works,Analiza Prețului Unitar al Lucrărilor (AHSP) - Hotărârea PUPR 2016,Lucrări de construcții și amenajări,A.8.4.1 PREȚUL UNITĂȚII DE LUCRU PENTRU INSTALAREA ȚEVURILOR ÎN AFARA CLĂDIRII
Țeavă GIP Ø 150 mm Chirie Tripod/Tackel,Țeavă GIP Ø 150 mm Chirie Tripod/Tackel,Material,General,m,0.0,0.0,0.0,0.0,0,RON,0.0,1.0,1,1,Building and settlement works,Analiza Prețului Unitar al Lucrărilor (AHSP) - Hotărârea PUPR 2016,Lucrări de construcții și amenajări,A.8.4.1 PREȚUL UNITĂȚII DE LUCRU PENTRU INSTALAREA ȚEVURILOR ÎN AFARA CLĂDIRII
Paku Rivet,Paku Rivet,Material,General,buah,0.0,0.0,0.0,0.0,0,RON,0.0,4.0,1,1,Building and settlement works,Analiza Prețului Unitar al Lucrărilor (AHSP) - Permen PUPR 2022,Lucrări de construcții și amenajări,3.10.6 CADRU DE PERETE
Lem Epoxy,Lem Epoxy,Material,General,kg,0.0,0.0,0.0,0.0,0,RON,0.0,0.38,1,1,Building and settlement works,Analiza Prețului Unitar al Lucrărilor (AHSP) - Permen PUPR 2022,Lucrări de construcții și amenajări,3.10.5 ACOPERIRE PENTRU PERETE ALTE
oțel colț 40x40x4 mm,oțel colț 40x40x4 mm,Material,General,kg,0.0,0.0,0.0,0.0,0,RON,0.0,9.667,1,1,Building and settlement works,Analiza Prețului Unitar al Lucrărilor (AHSP) - Permen PUPR 2022,Lucrări de construcții și amenajări,3.10.5 ACOPERIRE PENTRU PERETE ALTE
Cornier lemn 2cm x 4cm,Cornier lemn 2cm x 4cm,Material,General,m3,0.0,0.0,0.0,0.0,0,RON,0.0,0.003,1,1,Building and settlement works,Analiza Prețului Unitar al Lucrărilor (AHSP) - Permen PUPR 2022,Lucrări de construcții și amenajări,3.10.5 ACOPERIRE PENTRU PERETE ALTE
Căpriori 5cm x 7cm,Căpriori 5cm x 7cm,Material,General,m3,0.0,0.0,0.0,0.0,0,RON,0.0,0.014,1,1,Building and settlement works,Analiza Prețului Unitar al Lucrărilor (AHSP) - Permen PUPR 2022,Lucrări de construcții și amenajări,3.10.5 ACOPERIRE PENTRU PERETE ALTE
Bilik Bambu,Bilik Bambu,Material,General,m2,0.0,0.0,0.0,0.0,0,RON,0.0,1.5,1,1,Building and settlement works,Analiza Prețului Unitar al Lucrărilor (AHSP) - Permen PUPR 2022,Lucrări de construcții și amenajări,3.10.5 ACOPERIRE PENTRU PERETE ALTE
Paku 1 dan 2.5,Paku 1 dan 2.5,Material,General,kg,0.0,0.0,0.0,0.0,0,RON,0.0,0.05,1,1,Building and settlement works,Analiza Prețului Unitar al Lucrărilor (AHSP) - Permen PUPR 2022,Lucrări de construcții și amenajări,3.10.5 ACOPERIRE PENTRU PERETE ALTE
Cui șurub 10 cm,Cui șurub 10 cm,Material,General,kg,0.0,0.0,0.0,0.0,0,RON,0.0,0.15,1,1,Building and settlement works,Analiza Prețului Unitar al Lucrărilor (AHSP) - Permen PUPR 2022,Lucrări de construcții și amenajări,3.10.5 ACOPERIRE PENTRU PERETE ALTE
"Placaj 4 mm, 120","Placaj 4 mm, 120",Material,General,lembar,0.0,0.0,0.0,0.0,0,RON,0.0,0.86,1,1,Building and settlement works,Analiza Prețului Unitar al Lucrărilor (AHSP) - Permen PUPR 2022,Lucrări de construcții și amenajări,3.10.5 ACOPERIRE PENTRU PERETE ALTE
"Grinzi Lemn, 6 x12","Grinzi Lemn, 6 x12",Material,General,m3,0.0,0.0,0.0,0.0,0,RON,0.0,0.028,1,1,Building and settlement works,Analiza Prețului Unitar al Lucrărilor (AHSP) - Permen PUPR 2022,Lucrări de construcții și amenajări,3.10.5 ACOPERIRE PENTRU PERETE ALTE
Piatră Fațadă Neagră,Piatră Fațadă Neagră,Material,General,m2,0.0,0.0,0.0,0.0,0,RON,0.0,1.1,1,1,Building and settlement works,Analiza Prețului Unitar al Lucrărilor (AHSP) - Permen PUPR 2022,Lucrări de construcții și amenajări,3.10.4 PERETE DE PIATRĂ NATURALĂ
Bata Paras,Bata Paras,Material,General,m2,0.0,0.0,0.0,0.0,0,RON,0.0,1.1,1,1,Building and settlement works,Analiza Prețului Unitar al Lucrărilor (AHSP) - Permen PUPR 2022,Lucrări de construcții și amenajări,3.10.4 PERETE DE PIATRĂ NATURALĂ
Cărămidă de Protecție,Cărămidă de Protecție,Material,General,buah,0.0,0.0,0.0,0.0,0,RON,0.0,63.0,1,1,Building and settlement works,Analiza Prețului Unitar al Lucrărilor (AHSP) - Permen PUPR 2022,Lucrări de construcții și amenajări,3.10.4 PERETE DE PIATRĂ NATURALĂ
Mesin Poles,Mesin Poles,Equipment,General,unit/hari,0.0,0.0,0.0,0.0,0,RON,0.0,0.1,1,1,Building and settlement works,Analiza Prețului Unitar al Lucrărilor (AHSP) - Permen PUPR 2022,Lucrări de construcții și amenajări,3.9.9 ACOPERIRE PODEA ALTE
Tablă Plumb dimensiune 1 m x 2 m,Tablă Plumb dimensiune 1 m x 2 m,Material,General,unit,0.0,0.0,0.0,0.0,0,RON,0.0,1.0,1,1,Building and settlement works,Analiza Prețului Unitar al Lucrărilor (AHSP) - Permen PUPR 2022,Lucrări de construcții și amenajări,3.11.1 UȘĂ
Pintu Lipat,Pintu Lipat,Material,General,m2,0.0,0.0,0.0,0.0,0,RON,0.0,1.0,1,1,Building and settlement works,Analiza Prețului Unitar al Lucrărilor (AHSP) - Permen PUPR 2022,Lucrări de construcții și amenajări,3.11.1 UȘĂ
Ușă rulantă din aluminiu,Ușă rulantă din aluminiu,Material,General,m2,0.0,0.0,0.0,0.0,0,RON,0.0,1.0,1,1,Building and settlement works,Analiza Prețului Unitar al Lucrărilor (AHSP) - Permen PUPR 2022,Lucrări de construcții și amenajări,3.11.1 UȘĂ
Ușă Rulantă Fier,Ușă Rulantă Fier,Material,General,m2,0.0,0.0,0.0,0.0,0,RON,0.0,1.0,1,1,Building and settlement works,Analiza Prețului Unitar al Lucrărilor (AHSP) - Permen PUPR 2022,Lucrări de construcții și amenajări,3.11.1 UȘĂ
Conductă DCI Ø 125 Închiriere Trepied/Tăclu,Conductă DCI Ø 125 Închiriere Trepied/Tăclu,Material,General,m,0.0,0.0,0.0,0.0,0,RON,0.0,1.0,1,1,Building and settlement works,Analiza Prețului Unitar al Lucrărilor (AHSP) - Hotărârea PUPR 2016,Lucrări de construcții și amenajări,A.8.4.1 PREȚUL UNITĂȚII DE LUCRU PENTRU INSTALAREA ȚEVURILOR ÎN AFARA CLĂDIRII
Conductă GIP Ø 1200 mm,Conductă GIP Ø 1200 mm,Material,General,m,0.0,0.0,0.0,0.0,0,RON,0.0,1.0,1,1,Building and settlement works,Analiza Prețului Unitar al Lucrărilor (AHSP) - Hotărârea PUPR 2016,Lucrări de construcții și amenajări,A.8.4.1 PREȚUL UNITĂȚII DE LUCRU PENTRU INSTALAREA ȚEVURILOR ÎN AFARA CLĂDIRII
Țeavă GIP Ø 1100 mm,Țeavă GIP Ø 1100 mm,Material,General,m,0.0,0.0,0.0,0.0,0,RON,0.0,1.0,1,1,Building and settlement works,Analiza Prețului Unitar al Lucrărilor (AHSP) - Hotărârea PUPR 2016,Lucrări de construcții și amenajări,A.8.4.1 PREȚUL UNITĂȚII DE LUCRU PENTRU INSTALAREA ȚEVURILOR ÎN AFARA CLĂDIRII
Țeavă GIP Ø 1000 mm,Țeavă GIP Ø 1000 mm,Material,General,m,0.0,0.0,0.0,0.0,0,RON,0.0,1.0,1,1,Building and settlement works,Analiza Prețului Unitar al Lucrărilor (AHSP) - Hotărârea PUPR 2016,Lucrări de construcții și amenajări,A.8.4.1 PREȚUL UNITĂȚII DE LUCRU PENTRU INSTALAREA ȚEVURILOR ÎN AFARA CLĂDIRII
Conductă GIP Ø 900 mm,Conductă GIP Ø 900 mm,Material,General,m,0.0,0.0,0.0,0.0,0,RON,0.0,1.0,1,1,Building and settlement works,Analiza Prețului Unitar al Lucrărilor (AHSP) - Hotărârea PUPR 2016,Lucrări de construcții și amenajări,A.8.4.1 PREȚUL UNITĂȚII DE LUCRU PENTRU INSTALAREA ȚEVURILOR ÎN AFARA CLĂDIRII
Țeavă GIP Ø 800 mm Închirierea Tripot/Tackel,Țeavă GIP Ø 800 mm Închirierea Tripot/Tackel,Material,General,m,0.0,0.0,0.0,0.0,0,RON,0.0,1.0,1,1,Building and settlement works,Analiza Prețului Unitar al Lucrărilor (AHSP) - Hotărârea PUPR 2016,Lucrări de construcții și amenajări,A.8.4.1 PREȚUL UNITĂȚII DE LUCRU PENTRU INSTALAREA ȚEVURILOR ÎN AFARA CLĂDIRII
Țeavă GIP Ø 600 mm,Țeavă GIP Ø 600 mm,Material,General,m,0.0,0.0,0.0,0.0,0,RON,0.0,1.0,1,1,Building and settlement works,Analiza Prețului Unitar al Lucrărilor (AHSP) - Hotărârea PUPR 2016,Lucrări de construcții și amenajări,A.8.4.1 PREȚUL UNITĂȚII DE LUCRU PENTRU INSTALAREA ȚEVURILOR ÎN AFARA CLĂDIRII
Țeavă GIP Ø 500 mm Chirie Tripod/Tăcăl,Țeavă GIP Ø 500 mm Chirie Tripod/Tăcăl,Material,General,m,0.0,0.0,0.0,0.0,0,RON,0.0,1.0,1,1,Building and settlement works,Analiza Prețului Unitar al Lucrărilor (AHSP) - Hotărârea PUPR 2016,Lucrări de construcții și amenajări,A.8.4.1 PREȚUL UNITĂȚII DE LUCRU PENTRU INSTALAREA ȚEVURILOR ÎN AFARA CLĂDIRII
Conductă GIP Ø 450 mm,Conductă GIP Ø 450 mm,Material,General,m,0.0,0.0,0.0,0.0,0,RON,0.0,1.0,1,1,Building and settlement works,Analiza Prețului Unitar al Lucrărilor (AHSP) - Hotărârea PUPR 2016,Lucrări de construcții și amenajări,A.8.4.1 PREȚUL UNITĂȚII DE LUCRU PENTRU INSTALAREA ȚEVURILOR ÎN AFARA CLĂDIRII
țeavă GIP Ø 400 mm închiriere trepied/taclu,țeavă GIP Ø 400 mm închiriere trepied/taclu,Material,General,m,0.0,0.0,0.0,0.0,0,RON,0.0,1.0,1,1,Building and settlement works,Analiza Prețului Unitar al Lucrărilor (AHSP) - Hotărârea PUPR 2016,Lucrări de construcții și amenajări,A.8.4.1 PREȚUL UNITĂȚII DE LUCRU PENTRU INSTALAREA ȚEVURILOR ÎN AFARA CLĂDIRII
Țeavă GIP Ø 300 mm,Țeavă GIP Ø 300 mm,Material,General,m,0.0,0.0,0.0,0.0,0,RON,0.0,1.0,1,1,Building and settlement works,Analiza Prețului Unitar al Lucrărilor (AHSP) - Hotărârea PUPR 2016,Lucrări de construcții și amenajări,A.8.4.1 PREȚUL UNITĂȚII DE LUCRU PENTRU INSTALAREA ȚEVURILOR ÎN AFARA CLĂDIRII
Conductă GIP Ø 250 mm Închiriere Trepied/Tăclu,Conductă GIP Ø 250 mm Închiriere Trepied/Tăclu,Material,General,m,0.0,0.0,0.0,0.0,0,RON,0.0,1.0,1,1,Building and settlement works,Analiza Prețului Unitar al Lucrărilor (AHSP) - Hotărârea PUPR 2016,Lucrări de construcții și amenajări,A.8.4.1 PREȚUL UNITĂȚII DE LUCRU PENTRU INSTALAREA ȚEVURILOR ÎN AFARA CLĂDIRII
Door Holder,Door Holder,Material,General,buah,0.0,0.0,0.0,0.0,0,RON,0.0,1.0,1,1,Building and settlement works,Analiza Prețului Unitar al Lucrărilor (AHSP) - Permen PUPR 2022,Lucrări de construcții și amenajări,3.11.4 ACCESORII UȘI ȘI FERESTRE
Door Closer,Door Closer,Material,General,buah,0.0,0.0,0.0,0.0,0,RON,0.0,1.0,1,1,Building and settlement works,Analiza Prețului Unitar al Lucrărilor (AHSP) - Permen PUPR 2022,Lucrări de construcții și amenajări,3.11.4 ACCESORII UȘI ȘI FERESTRE
Floor Hinge,Floor Hinge,Material,General,buah,0.0,0.0,0.0,0.0,0,RON,0.0,1.0,1,1,Building and settlement works,Analiza Prețului Unitar al Lucrărilor (AHSP) - Permen PUPR 2022,Lucrări de construcții și amenajări,3.11.4 ACCESORII UȘI ȘI FERESTRE
Cheie Cilindru,Cheie Cilindru,Material,General,buah,0.0,0.0,0.0,0.0,0,RON,0.0,1.0,1,1,Building and settlement works,Analiza Prețului Unitar al Lucrărilor (AHSP) - Permen PUPR 2022,Lucrări de construcții și amenajări,3.11.4 ACCESORII UȘI ȘI FERESTRE
lacăt cameră baie,lacăt cameră baie,Material,General,buah,0.0,0.0,0.0,0.0,0,RON,0.0,1.0,1,1,Building and settlement works,Analiza Prețului Unitar al Lucrărilor (AHSP) - Permen PUPR 2022,Lucrări de construcții și amenajări,3.11.4 ACCESORII UȘI ȘI FERESTRE
lacăt semi-permanent obișnuit,lacăt semi-permanent obișnuit,Material,General,buah,0.0,0.0,0.0,0.0,0,RON,0.0,1.0,1,1,Building and settlement works,Analiza Prețului Unitar al Lucrărilor (AHSP) - Permen PUPR 2022,Lucrări de construcții și amenajări,3.11.4 ACCESORII UȘI ȘI FERESTRE
Profil aluminiu 4 inch,Profil aluminiu 4 inch,Material,General,m,0.0,0.0,0.0,0.0,0,RON,0.0,1.1,1,1,Building and settlement works,Analiza Prețului Unitar al Lucrărilor (AHSP) - Permen PUPR 2022,Lucrări de construcții și amenajări,3.11.3 UȘI ȘI FERESTRE
"Cui șurub 1 cm 2,5 cm","Cui șurub 1 cm 2,5 cm",Material,General,buah,0.0,0.0,0.0,0.0,0,RON,0.0,10.0,1,1,Building and settlement works,Analiza Prețului Unitar al Lucrărilor (AHSP) - Permen PUPR 2022,Lucrări de construcții și amenajări,3.11.2 FERESTRE
"(Cadru + Sticlă 5mm, Lățime 15 cm)","(Cadru + Sticlă 5mm, Lățime 15 cm)",Material,General,m2,0.0,0.0,0.0,0.0,0,RON,0.0,1.1,1,1,Building and settlement works,Analiza Prețului Unitar al Lucrărilor (AHSP) - Permen PUPR 2022,Lucrări de construcții și amenajări,3.11.2 FERESTRE
cui șurub 1-2 cm,cui șurub 1-2 cm,Material,General,buah,0.0,0.0,0.0,0.0,0,RON,0.0,10.0,1,1,Building and settlement works,Analiza Prețului Unitar al Lucrărilor (AHSP) - Permen PUPR 2022,Lucrări de construcții și amenajări,3.11.2 FERESTRE
cadru aluminiu (cadru + sticlă 5 mm),cadru aluminiu (cadru + sticlă 5 mm),Material,General,m2,0.0,0.0,0.0,0.0,0,RON,0.0,1.1,1,1,Building and settlement works,Analiza Prețului Unitar al Lucrărilor (AHSP) - Permen PUPR 2022,Lucrări de construcții și amenajări,3.11.2 FERESTRE
Furnir Fibră Lemn grosime 2 mm,Furnir Fibră Lemn grosime 2 mm,Material,General,m2,0.0,0.0,0.0,0.0,0,RON,0.0,2.0,1,1,Building and settlement works,Analiza Prețului Unitar al Lucrărilor (AHSP) - Permen PUPR 2022,Lucrări de construcții și amenajări,3.11.1 UȘĂ
Tablă Bloc grosime 2 18 mm,Tablă Bloc grosime 2 18 mm,Material,General,m2,0.0,0.0,0.0,0.0,0,RON,0.0,1.0,1,1,Building and settlement works,Analiza Prețului Unitar al Lucrărilor (AHSP) - Permen PUPR 2022,Lucrări de construcții și amenajări,3.11.1 UȘĂ
Ușă Rezistentă la Foc,Ușă Rezistentă la Foc,Material,General,unit,0.0,0.0,0.0,0.0,0,RON,0.0,1.0,1,1,Building and settlement works,Analiza Prețului Unitar al Lucrărilor (AHSP) - Permen PUPR 2022,Lucrări de construcții și amenajări,3.11.1 UȘĂ
Fier Tablă Oțel grosime 2 mm,Fier Tablă Oțel grosime 2 mm,Material,General,kg,0.0,0.0,0.0,0.0,0,RON,0.0,32.0,1,1,Building and settlement works,Analiza Prețului Unitar al Lucrărilor (AHSP) - Permen PUPR 2022,Lucrări de construcții și amenajări,3.11.1 UȘĂ
Fier Unghi L 30.30.3,Fier Unghi L 30.30.3,Material,General,kg,0.0,0.0,0.0,0.0,0,RON,0.0,15.0,1,1,Building and settlement works,Analiza Prețului Unitar al Lucrărilor (AHSP) - Permen PUPR 2022,Lucrări de construcții și amenajări,3.11.1 UȘĂ
Grendel,Grendel,Material,General,buah,0.0,0.0,0.0,0.0,0,RON,0.0,1.0,1,1,Building and settlement works,Analiza Prețului Unitar al Lucrărilor (AHSP) - Permen PUPR 2022,Lucrări de construcții și amenajări,3.11.4 ACCESORII UȘI ȘI FERESTRE
Cheie Dulap,Cheie Dulap,Material,General,set,0.0,0.0,0.0,0.0,0,RON,0.0,1.0,1,1,Building and settlement works,Analiza Prețului Unitar al Lucrărilor (AHSP) - Permen PUPR 2022,Lucrări de construcții și amenajări,3.11.4 ACCESORII UȘI ȘI FERESTRE
Kait Angin,Kait Angin,Material,General,buah,0.0,0.0,0.0,0.0,0,RON,0.0,1.0,1,1,Building and settlement works,Analiza Prețului Unitar al Lucrărilor (AHSP) - Permen PUPR 2022,Lucrări de construcții și amenajări,3.11.4 ACCESORII UȘI ȘI FERESTRE
Conductă GIP Ø 125 mm,Conductă GIP Ø 125 mm,Material,General,m,0.0,0.0,0.0,0.0,0,RON,0.0,1.0,1,1,Building and settlement works,Analiza Prețului Unitar al Lucrărilor (AHSP) - Hotărârea PUPR 2016,Lucrări de construcții și amenajări,A.8.4.1 PREȚUL UNITĂȚII DE LUCRU PENTRU INSTALAREA ȚEVURILOR ÎN AFARA CLĂDIRII
Țeavă GIP Ø 100 mm Închirierea Tripot/Tackel,Țeavă GIP Ø 100 mm Închirierea Tripot/Tackel,Material,General,m,0.0,0.0,0.0,0.0,0,RON,0.0,1.0,1,1,Building and settlement works,Analiza Prețului Unitar al Lucrărilor (AHSP) - Hotărârea PUPR 2016,Lucrări de construcții și amenajări,A.8.4.1 PREȚUL UNITĂȚII DE LUCRU PENTRU INSTALAREA ȚEVURILOR ÎN AFARA CLĂDIRII
Țeavă GIP Ø 63 mm,Țeavă GIP Ø 63 mm,Material,General,m,0.0,0.0,0.0,0.0,0,RON,0.0,1.0,1,1,Building and settlement works,Analiza Prețului Unitar al Lucrărilor (AHSP) - Hotărârea PUPR 2016,Lucrări de construcții și amenajări,A.8.4.1 PREȚUL UNITĂȚII DE LUCRU PENTRU INSTALAREA ȚEVURILOR ÎN AFARA CLĂDIRII
Țeavă HDPE Ø 1200 mm,Țeavă HDPE Ø 1200 mm,Material,General,m,0.0,0.0,0.0,0.0,0,RON,0.0,1.0,1,1,Building and settlement works,Analiza Prețului Unitar al Lucrărilor (AHSP) - Hotărârea PUPR 2016,Lucrări de construcții și amenajări,A.8.4.1 PREȚUL UNITĂȚII DE LUCRU PENTRU INSTALAREA ȚEVURILOR ÎN AFARA CLĂDIRII
Țeavă HDPE Ø 1100 mm,Țeavă HDPE Ø 1100 mm,Material,General,m,0.0,0.0,0.0,0.0,0,RON,0.0,1.0,1,1,Building and settlement works,Analiza Prețului Unitar al Lucrărilor (AHSP) - Hotărârea PUPR 2016,Lucrări de construcții și amenajări,A.8.4.1 PREȚUL UNITĂȚII DE LUCRU PENTRU INSTALAREA ȚEVURILOR ÎN AFARA CLĂDIRII
Țeavă HDPE Ø 1000 mm,Țeavă HDPE Ø 1000 mm,Material,General,m,0.0,0.0,0.0,0.0,0,RON,0.0,1.0,1,1,Building and settlement works,Analiza Prețului Unitar al Lucrărilor (AHSP) - Hotărârea PUPR 2016,Lucrări de construcții și amenajări,A.8.4.1 PREȚUL UNITĂȚII DE LUCRU PENTRU INSTALAREA ȚEVURILOR ÎN AFARA CLĂDIRII
Conductă HDPE Ø 900 mm,Conductă HDPE Ø 900 mm,Material,General,m,0.0,0.0,0.0,0.0,0,RON,0.0,1.0,1,1,Building and settlement works,Analiza Prețului Unitar al Lucrărilor (AHSP) - Hotărârea PUPR 2016,Lucrări de construcții și amenajări,A.8.4.1 PREȚUL UNITĂȚII DE LUCRU PENTRU INSTALAREA ȚEVURILOR ÎN AFARA CLĂDIRII
Țeavă HDPE Ø 800 mm,Țeavă HDPE Ø 800 mm,Material,General,m,0.0,0.0,0.0,0.0,0,RON,0.0,1.0,1,1,Building and settlement works,Analiza Prețului Unitar al Lucrărilor (AHSP) - Hotărârea PUPR 2016,Lucrări de construcții și amenajări,A.8.4.1 PREȚUL UNITĂȚII DE LUCRU PENTRU INSTALAREA ȚEVURILOR ÎN AFARA CLĂDIRII
Spring Knip,Spring Knip,Material,General,buah,0.0,0.0,0.0,0.0,0,RON,0.0,1.0,1,1,Building and settlement works,Analiza Prețului Unitar al Lucrărilor (AHSP) - Permen PUPR 2022,Lucrări de construcții și amenajări,3.11.4 ACCESORII UȘI ȘI FERESTRE
Engsel,Engsel,Material,General,buah,0.0,0.0,0.0,0.0,0,RON,0.0,1.0,1,1,Building and settlement works,Analiza Prețului Unitar al Lucrărilor (AHSP) - Permen PUPR 2022,Lucrări de construcții și amenajări,3.11.4 ACCESORII UȘI ȘI FERESTRE
Kunci Slot,Kunci Slot,Material,General,buah,0.0,0.0,0.0,0.0,0,RON,0.0,1.0,1,1,Building and settlement works,Analiza Prețului Unitar al Lucrărilor (AHSP) - Permen PUPR 2022,Lucrări de construcții și amenajări,3.11.4 ACCESORII UȘI ȘI FERESTRE
Venetian Blinds Jaluzele verticale (perdele),Venetian Blinds Jaluzele verticale (perdele),Material,General,m2,0.0,0.0,0.0,0.0,0,RON,0.0,1.0,1,1,Building and settlement works,Analiza Prețului Unitar al Lucrărilor (AHSP) - Permen PUPR 2022,Lucrări de construcții și amenajări,3.11.4 ACCESORII UȘI ȘI FERESTRE
Door Stop,Door Stop,Material,General,buah,0.0,0.0,0.0,0.0,0,RON,0.0,1.0,1,1,Building and settlement works,Analiza Prețului Unitar al Lucrărilor (AHSP) - Permen PUPR 2022,Lucrări de construcții și amenajări,3.11.4 ACCESORII UȘI ȘI FERESTRE
"Țeavă Fier Negru 1.5""","Țeavă Fier Negru 1.5""",Material,General,m’,0.0,0.0,0.0,0.0,0,RON,0.0,2.0,1,1,Building and settlement works,Analiza Prețului Unitar al Lucrărilor (AHSP) - Permen PUPR 2022,Lucrări de construcții și amenajări,3.13 LUCRĂRI DIN OȚEL ȘI ALUMINIU
"Țeavă Fier Negru 2""","Țeavă Fier Negru 2""",Material,General,m’,0.0,0.0,0.0,0.0,0,RON,0.0,2.0,1,1,Building and settlement works,Analiza Prețului Unitar al Lucrărilor (AHSP) - Permen PUPR 2022,Lucrări de construcții și amenajări,3.13 LUCRĂRI DIN OȚEL ȘI ALUMINIU
"Țeavă fier negru 1""","Țeavă fier negru 1""",Material,General,m’,0.0,0.0,0.0,0.0,0,RON,0.0,9.9,1,1,Building and settlement works,Analiza Prețului Unitar al Lucrărilor (AHSP) - Permen PUPR 2022,Lucrări de construcții și amenajări,3.13 LUCRĂRI DIN OȚEL ȘI ALUMINIU
Sewa Alat,Sewa Alat,Equipment,General,jam,0.0,0.0,0.0,0.0,0,RON,0.0,0.17,1,1,Building and settlement works,Analiza Prețului Unitar al Lucrărilor (AHSP) - Permen PUPR 2022,Lucrări de construcții și amenajări,3.13 LUCRĂRI DIN OȚEL ȘI ALUMINIU
Jaluzele aluminiu,Jaluzele aluminiu,Material,General,m2,0.0,0.0,0.0,0.0,0,RON,0.0,1.1,1,1,Building and settlement works,Analiza Prețului Unitar al Lucrărilor (AHSP) - Permen PUPR 2022,Lucrări de construcții și amenajări,3.13 LUCRĂRI DIN OȚEL ȘI ALUMINIU
Profil Selimar Aluminiu,Profil Selimar Aluminiu,Material,General,m’,0.0,0.0,0.0,0.0,0,RON,0.0,1.1,1,1,Building and settlement works,Analiza Prețului Unitar al Lucrărilor (AHSP) - Permen PUPR 2022,Lucrări de construcții și amenajări,3.13 LUCRĂRI DIN OȚEL ȘI ALUMINIU
Sticlă laminată 12 mm,Sticlă laminată 12 mm,Material,General,m2,0.0,0.0,0.0,0.0,0,RON,0.0,2.1,1,1,Building and settlement works,Analiza Prețului Unitar al Lucrărilor (AHSP) - Permen PUPR 2022,Lucrări de construcții și amenajări,3.12 LUCRĂRI CU STICLĂ
Geam temperat 12 mm,Geam temperat 12 mm,Material,General,m2,0.0,0.0,0.0,0.0,0,RON,0.0,1.1,1,1,Building and settlement works,Analiza Prețului Unitar al Lucrărilor (AHSP) - Permen PUPR 2022,Lucrări de construcții și amenajări,3.12 LUCRĂRI CU STICLĂ
Sticlă vitraliu 5mm,Sticlă vitraliu 5mm,Material,General,m2,0.0,0.0,0.0,0.0,0,RON,0.0,1.1,1,1,Building and settlement works,Analiza Prețului Unitar al Lucrărilor (AHSP) - Permen PUPR 2022,Lucrări de construcții și amenajări,3.12 LUCRĂRI CU STICLĂ
Geam cu fire 5 mm,Geam cu fire 5 mm,Material,General,m2,0.0,0.0,0.0,0.0,0,RON,0.0,1.1,1,1,Building and settlement works,Analiza Prețului Unitar al Lucrărilor (AHSP) - Permen PUPR 2022,Lucrări de construcții și amenajări,3.12 LUCRĂRI CU STICLĂ
Geam oglindă 8 mm,Geam oglindă 8 mm,Material,General,m2,0.0,0.0,0.0,0.0,0,RON,0.0,1.1,1,1,Building and settlement works,Analiza Prețului Unitar al Lucrărilor (AHSP) - Permen PUPR 2022,Lucrări de construcții și amenajări,3.12 LUCRĂRI CU STICLĂ
sticlă oglindă 5 mm,sticlă oglindă 5 mm,Material,General,m2,0.0,0.0,0.0,0.0,0,RON,0.0,1.1,1,1,Building and settlement works,Analiza Prețului Unitar al Lucrărilor (AHSP) - Permen PUPR 2022,Lucrări de construcții și amenajări,3.12 LUCRĂRI CU STICLĂ
Sticlă grosă 12 mm,Sticlă grosă 12 mm,Material,General,m2,0.0,0.0,0.0,0.0,0,RON,0.0,1.1,1,1,Building and settlement works,Analiza Prețului Unitar al Lucrărilor (AHSP) - Permen PUPR 2022,Lucrări de construcții și amenajări,3.12 LUCRĂRI CU STICLĂ
Geam grosime 6 mm,Geam grosime 6 mm,Material,General,m2,0.0,0.0,0.0,0.0,0,RON,0.0,1.1,1,1,Building and settlement works,Analiza Prețului Unitar al Lucrărilor (AHSP) - Permen PUPR 2022,Lucrări de construcții și amenajări,3.12 LUCRĂRI CU STICLĂ
Umbră Ecran Aluminiu,Umbră Ecran Aluminiu,Material,General,m2,0.0,0.0,0.0,0.0,0,RON,0.0,1.0,1,1,Building and settlement works,Analiza Prețului Unitar al Lucrărilor (AHSP) - Permen PUPR 2022,Lucrări de construcții și amenajări,3.12 LUCRĂRI CU STICLĂ
Agrafă enterior,Agrafă enterior,Material,General,buah,0.0,0.0,0.0,0.0,0,RON,0.0,1.0,1,1,Building and settlement works,Analiza Prețului Unitar al Lucrărilor (AHSP) - Permen PUPR 2022,Lucrări de construcții și amenajări,3.11.4 ACCESORII UȘI ȘI FERESTRE
perete pișoar,perete pișoar,Material,General,buah,0.0,0.0,0.0,0.0,0,RON,0.0,1.0,1,1,Building and settlement works,Analiza Prețului Unitar al Lucrărilor (AHSP) - Permen PUPR 2022,Lucrări de construcții și amenajări,3.18.4 URINOIR
Pisoar Complet,Pisoar Complet,Material,General,unit,0.0,0.0,0.0,0.0,0,RON,0.0,1.0,1,1,Building and settlement works,Analiza Prețului Unitar al Lucrărilor (AHSP) - Permen PUPR 2022,Lucrări de construcții și amenajări,3.18.4 URINOIR
Ușă Cubicul,Ușă Cubicul,Material,General,set,0.0,0.0,0.0,0.0,0,RON,0.0,0.794,1,1,Building and settlement works,Analiza Prețului Unitar al Lucrărilor (AHSP) - Permen PUPR 2022,Lucrări de construcții și amenajări,3.18.3 KLOSET
Despărțitor cabină + Accesorii,Despărțitor cabină + Accesorii,Material,General,m2,0.0,0.0,0.0,0.0,0,RON,0.0,1.05,1,1,Building and settlement works,Analiza Prețului Unitar al Lucrărilor (AHSP) - Permen PUPR 2022,Lucrări de construcții și amenajări,3.18.3 KLOSET
Perete cărămidă 1PC:3PS,Perete cărămidă 1PC:3PS,Material,General,m2,0.0,0.0,0.0,0.0,0,RON,0.0,0.036,1,1,Building and settlement works,Analiza Prețului Unitar al Lucrărilor (AHSP) - Permen PUPR 2022,Lucrări de construcții și amenajări,3.18.3 KLOSET
Closet pe gât,Closet pe gât,Material,General,unit,0.0,0.0,0.0,0.0,0,RON,0.0,1.0,1,1,Building and settlement works,Analiza Prețului Unitar al Lucrărilor (AHSP) - Permen PUPR 2022,Lucrări de construcții și amenajări,3.18.3 KLOSET
Toaletă pe scaun,Toaletă pe scaun,Material,General,unit,0.0,0.0,0.0,0.0,0,RON,0.0,1.0,1,1,Building and settlement works,Analiza Prețului Unitar al Lucrărilor (AHSP) - Permen PUPR 2022,Lucrări de construcții și amenajări,3.18.3 KLOSET
Chiuvetă Completă,Chiuvetă Completă,Material,General,unit,0.0,0.0,0.0,0.0,0,RON,0.0,1.2,1,1,Building and settlement works,Analiza Prețului Unitar al Lucrărilor (AHSP) - Permen PUPR 2022,Lucrări de construcții și amenajări,3.18.1 WCĂLĂRIE DE DESEURI
Compressor,Compressor,Equipment,Compressors,jam,0.0,0.0,0.0,0.0,0,RON,0.0,0.0549,1,1,Building and settlement works,Analiza Prețului Unitar al Lucrărilor (AHSP) - Permen PUPR 2022,Lucrări de construcții și amenajări,3.16 LUCRĂRI DE SEMNALISTICĂ
Glass Beads,Glass Beads,Material,Glass,kg,0.0,0.0,0.0,0.0,0,RON,0.0,0.459,1,1,Building and settlement works,Analiza Prețului Unitar al Lucrărilor (AHSP) - Permen PUPR 2022,Lucrări de construcții și amenajări,3.16 LUCRĂRI DE SEMNALISTICĂ
vopsea thermoplast,vopsea thermoplast,Material,General,kg,0.0,0.0,0.0,0.0,0,RON,0.0,3.29,1,1,Building and settlement works,Analiza Prețului Unitar al Lucrărilor (AHSP) - Permen PUPR 2022,Lucrări de construcții și amenajări,3.16 LUCRĂRI DE SEMNALISTICĂ
Pen acrilic și șurub,Pen acrilic și șurub,Material,General,buah,0.0,0.0,0.0,0.0,0,RON,0.0,4.0,1,1,Building and settlement works,Analiza Prețului Unitar al Lucrărilor (AHSP) - Permen PUPR 2022,Lucrări de construcții și amenajări,3.16 LUCRĂRI DE SEMNALISTICĂ
Acrylic,Acrylic,Material,General,m2,0.0,0.0,0.0,0.0,0,RON,0.0,0.09,1,1,Building and settlement works,Analiza Prețului Unitar al Lucrărilor (AHSP) - Permen PUPR 2022,Lucrări de construcții și amenajări,3.16 LUCRĂRI DE SEMNALISTICĂ
Chirie echipament instalare,Chirie echipament instalare,Equipment,General,hari,0.0,0.0,0.0,0.0,0,RON,0.0,1.0,1,1,Building and settlement works,Analiza Prețului Unitar al Lucrărilor (AHSP) - Permen PUPR 2022,Lucrări de construcții și amenajări,3.16 LUCRĂRI DE SEMNALISTICĂ
Tablă fier grosime 3 mm,Tablă fier grosime 3 mm,Material,General,kg,0.0,0.0,0.0,0.0,0,RON,0.0,43.71,1,1,Building and settlement works,Analiza Prețului Unitar al Lucrărilor (AHSP) - Permen PUPR 2022,Lucrări de construcții și amenajări,3.16 LUCRĂRI DE SEMNALISTICĂ
Formica 120x240,Formica 120x240,Material,General,lembar,0.0,0.0,0.0,0.0,0,RON,0.0,0.5,1,1,Building and settlement works,Analiza Prețului Unitar al Lucrărilor (AHSP) - Permen PUPR 2022,Lucrări de construcții și amenajări,3.14 LUCRĂRI DIN LEMN
"Tubing temporar (ID) 17"" (A+B+C)","Tubing temporar (ID) 17"" (A+B+C)",Equipment,General,m,0.0,0.0,0.0,0.0,0,RON,0.0,0.5714,1,1,Water resources works,Analiza Prețului Unitar al Lucrărilor (AHSP) - Hotărârea PUPR 2016,Lucrări de gestionare a resurselor de apă,A.7 Lucrări de apă subterană (Informatív)
"Casing temporar (ID) 12"" Echipament (A+B+C)","Casing temporar (ID) 12"" Echipament (A+B+C)",Equipment,General,m,0.0,0.0,0.0,0.0,0,RON,0.0,0.5714,1,1,Water resources works,Analiza Prețului Unitar al Lucrărilor (AHSP) - Hotărârea PUPR 2016,Lucrări de gestionare a resurselor de apă,A.7 Lucrări de apă subterană (Informatív)
"Alezare Ø 8 3/4"" 14 3/4"" Echipament (A+B+C)","Alezare Ø 8 3/4"" 14 3/4"" Echipament (A+B+C)",Equipment,General,m,0.0,0.0,0.0,0.0,0,RON,0.0,0.5051,1,1,Water resources works,Analiza Prețului Unitar al Lucrărilor (AHSP) - Hotărârea PUPR 2016,Lucrări de gestionare a resurselor de apă,A.7 Lucrări de apă subterană (Informatív)
"Alezare dia 8 3/4"" 12"" Echipament (A+B+C)","Alezare dia 8 3/4"" 12"" Echipament (A+B+C)",Equipment,General,m,0.0,0.0,0.0,0.0,0,RON,0.0,0.5,1,1,Water resources works,Analiza Prețului Unitar al Lucrărilor (AHSP) - Hotărârea PUPR 2016,Lucrări de gestionare a resurselor de apă,A.7 Lucrări de apă subterană (Informatív)
"Fărună Ø 8 3/4"" (A+B+C) (Exemplu 15%)","Fărună Ø 8 3/4"" (A+B+C) (Exemplu 15%)",Equipment,General,m,0.0,0.0,0.0,0.0,0,RON,0.0,0.5405,1,1,Water resources works,Analiza Prețului Unitar al Lucrărilor (AHSP) - Hotărârea PUPR 2016,Lucrări de gestionare a resurselor de apă,A.7 Lucrări de apă subterană (Informatív)
Pungă plastic (gros) (A+B+C),Pungă plastic (gros) (A+B+C),Material,General,paket,0.0,0.0,0.0,0.0,0,RON,0.0,0.05,1,1,Water resources works,Analiza Prețului Unitar al Lucrărilor (AHSP) - Hotărârea PUPR 2016,Lucrări de gestionare a resurselor de apă,A.7 Lucrări de apă subterană (Informatív)
Cutie eșantion,Cutie eșantion,Material,General,paket,0.0,0.0,0.0,0.0,0,RON,0.0,0.2,1,1,Water resources works,Analiza Prețului Unitar al Lucrărilor (AHSP) - Hotărârea PUPR 2016,Lucrări de gestionare a resurselor de apă,A.7 Lucrări de apă subterană (Informatív)
Fir plasă eșantion,Fir plasă eșantion,Material,General,paket,0.0,0.0,0.0,0.0,0,RON,0.0,0.1,1,1,Water resources works,Analiza Prețului Unitar al Lucrărilor (AHSP) - Hotărârea PUPR 2016,Lucrări de gestionare a resurselor de apă,A.7 Lucrări de apă subterană (Informatív)
Floor Drain,Floor Drain,Material,General,unit,0.0,0.0,0.0,0.0,0,RON,0.0,1.0,1,1,Building and settlement works,Analiza Prețului Unitar al Lucrărilor (AHSP) - Permen PUPR 2022,Lucrări de construcții și amenajări,3.18.6 ACCESORII SANITARE
"Robinet Stop 1/2""","Robinet Stop 1/2""",Material,General,buah,0.0,0.0,0.0,0.0,0,RON,0.0,1.0,1,1,Building and settlement works,Analiza Prețului Unitar al Lucrărilor (AHSP) - Permen PUPR 2022,Lucrări de construcții și amenajări,3.18.5 BĂC AIR
Bathub,Bathub,Material,General,unit,0.0,0.0,0.0,0.0,0,RON,0.0,1.0,1,1,Building and settlement works,Analiza Prețului Unitar al Lucrărilor (AHSP) - Permen PUPR 2022,Lucrări de construcții și amenajări,3.18.5 BĂC AIR
Faianță porțelan 20x20cm,Faianță porțelan 20x20cm,Material,General,buah,0.0,0.0,0.0,0.0,0,RON,0.0,270.0,1,1,Building and settlement works,Analiza Prețului Unitar al Lucrărilor (AHSP) - Permen PUPR 2022,Lucrări de construcții și amenajări,3.18.5 BĂC AIR
Lemn cofraj,Lemn cofraj,Material,General,m2,0.0,0.0,0.0,0.0,0,RON,0.0,8.0,1,1,Building and settlement works,Analiza Prețului Unitar al Lucrărilor (AHSP) - Permen PUPR 2022,Lucrări de construcții și amenajări,3.18.5 BĂC AIR
Beton 1:2:3,Beton 1:2:3,Material,General,m3,0.0,0.0,0.0,0.0,0,RON,0.0,0.9,1,1,Building and settlement works,Analiza Prețului Unitar al Lucrărilor (AHSP) - Permen PUPR 2022,Lucrări de construcții și amenajări,3.18.5 BĂC AIR
Porțelan 11x11,Porțelan 11x11,Material,General,buah,0.0,0.0,0.0,0.0,0,RON,0.0,360.0,1,1,Building and settlement works,Analiza Prețului Unitar al Lucrărilor (AHSP) - Permen PUPR 2022,Lucrări de construcții și amenajări,3.18.5 BĂC AIR
Bak Teraso,Bak Teraso,Material,General,unit,0.0,0.0,0.0,0.0,0,RON,0.0,1.0,1,1,Building and settlement works,Analiza Prețului Unitar al Lucrărilor (AHSP) - Permen PUPR 2022,Lucrări de construcții și amenajări,3.18.5 BĂC AIR
E.34.b,Pompă apă diesel 5 KW,Equipment,General,jam,0.0,0.0,0.0,0.0,0,RON,0.0,0.15,1,1,Water resources works,Analiza Prețului Unitar al Lucrărilor (AHSP) - Hotărârea PUPR 2016,Lucrări de gestionare a resurselor de apă,A.5 Lucrări de dewatering (Normativ)
Șurub Ø 12 mm lungime 2 cm,Șurub Ø 12 mm lungime 2 cm,Material,General,buah,0.0,0.0,0.0,0.0,0,RON,0.0,8.0,1,1,Water resources works,Analiza Prețului Unitar al Lucrărilor (AHSP) - Hotărârea PUPR 2016,Lucrări de gestionare a resurselor de apă,A.5 Lucrări de dewatering (Normativ)
Titular Hârtie / Hârtie,Titular Hârtie / Hârtie,Material,General,unit,0.0,0.0,0.0,0.0,0,RON,0.0,1.0,1,1,Building and settlement works,Analiza Prețului Unitar al Lucrărilor (AHSP) - Permen PUPR 2022,Lucrări de construcții și amenajări,3.18.6 ACCESORII SANITARE
Soap Holder,Soap Holder,Material,General,unit,0.0,0.0,0.0,0.0,0,RON,0.0,1.0,1,1,Building and settlement works,Analiza Prețului Unitar al Lucrărilor (AHSP) - Permen PUPR 2022,Lucrări de construcții și amenajări,3.18.6 ACCESORII SANITARE
Clean Out,Clean Out,Material,General,buah,0.0,0.0,0.0,0.0,0,RON,0.0,1.0,1,1,Building and settlement works,Analiza Prețului Unitar al Lucrărilor (AHSP) - Permen PUPR 2022,Lucrări de construcții și amenajări,3.18.6 ACCESORII SANITARE
Grab Bar,Grab Bar,Material,General,unit,0.0,0.0,0.0,0.0,0,RON,0.0,1.0,1,1,Building and settlement works,Analiza Prețului Unitar al Lucrărilor (AHSP) - Permen PUPR 2022,Lucrări de construcții și amenajări,3.18.6 ACCESORII SANITARE
Towel Bar,Towel Bar,Material,General,unit,0.0,0.0,0.0,0.0,0,RON,0.0,1.0,1,1,Building and settlement works,Analiza Prețului Unitar al Lucrărilor (AHSP) - Permen PUPR 2022,Lucrări de construcții și amenajări,3.18.6 ACCESORII SANITARE
agățătoare haine (cârlig robă),agățătoare haine (cârlig robă),Material,General,unit,0.0,0.0,0.0,0.0,0,RON,0.0,1.0,1,1,Building and settlement works,Analiza Prețului Unitar al Lucrărilor (AHSP) - Permen PUPR 2022,Lucrări de construcții și amenajări,3.18.6 ACCESORII SANITARE
Jet Washer,Jet Washer,Material,General,buah,0.0,0.0,0.0,0.0,0,RON,0.0,1.0,1,1,Building and settlement works,Analiza Prețului Unitar al Lucrărilor (AHSP) - Permen PUPR 2022,Lucrări de construcții și amenajări,3.18.6 ACCESORII SANITARE
Kran Air,Kran Air,Material,General,buah,0.0,0.0,0.0,0.0,0,RON,0.0,1.0,1,1,Building and settlement works,Analiza Prețului Unitar al Lucrărilor (AHSP) - Permen PUPR 2022,Lucrări de construcții și amenajări,3.18.6 ACCESORII SANITARE
Foraj rg +,Foraj rg +,Equipment,General,jam,0.0,0.0,0.0,0.0,0,RON,0.0,1.818,1,1,Water resources works,Analiza Prețului Unitar al Lucrărilor (AHSP) - Hotărârea PUPR 2016,Lucrări de gestionare a resurselor de apă,A.7 Lucrări de apă subterană (Informatív)
țeavă sunet GIP + accesorii,țeavă sunet GIP + accesorii,Material,General,,0.0,0.0,0.0,0.0,0,RON,0.0,1.25,1,1,Water resources works,Analiza Prețului Unitar al Lucrărilor (AHSP) - Hotărârea PUPR 2016,Lucrări de gestionare a resurselor de apă,A.7 Lucrări de apă subterană (Informatív)
"LC Screen 8""","LC Screen 8""",Material,General,m,0.0,0.0,0.0,0.0,0,RON,0.0,1.05,1,1,Water resources works,Analiza Prețului Unitar al Lucrărilor (AHSP) - Hotărârea PUPR 2016,Lucrări de gestionare a resurselor de apă,A.7 Lucrări de apă subterană (Informatív)
"Țeavă oțel negru 8""","Țeavă oțel negru 8""",Material,General,m,0.0,0.0,0.0,0.0,0,RON,0.0,1.05,1,1,Water resources works,Analiza Prețului Unitar al Lucrărilor (AHSP) - Hotărârea PUPR 2016,Lucrări de gestionare a resurselor de apă,A.7 Lucrări de apă subterană (Informatív)
"Ecran LC 6""","Ecran LC 6""",Material,General,m,0.0,0.0,0.0,0.0,0,RON,0.0,1.05,1,1,Water resources works,Analiza Prețului Unitar al Lucrărilor (AHSP) - Hotărârea PUPR 2016,Lucrări de gestionare a resurselor de apă,A.7 Lucrări de apă subterană (Informatív)
"Țeavă oțel negru 6""","Țeavă oțel negru 6""",Material,General,m,0.0,0.0,0.0,0.0,0,RON,0.0,1.05,1,1,Water resources works,Analiza Prețului Unitar al Lucrărilor (AHSP) - Hotărârea PUPR 2016,Lucrări de gestionare a resurselor de apă,A.7 Lucrări de apă subterană (Informatív)
M.132a,Ulei motor (Diesel),Material,General,Liter,0.0,0.0,0.0,0.0,0,RON,0.0,0.05,1,1,Water resources works,Analiza Prețului Unitar al Lucrărilor (AHSP) - Hotărârea PUPR 2016,Lucrări de gestionare a resurselor de apă,A.5 Lucrări de dewatering (Normativ)
E.34.c,Pompă apă diesel 10 KW,Equipment,General,jam,0.0,0.0,0.0,0.0,0,RON,0.0,1.2,1,1,Water resources works,Analiza Prețului Unitar al Lucrărilor (AHSP) - Hotărârea PUPR 2016,Lucrări de gestionare a resurselor de apă,A.5 Lucrări de dewatering (Normativ)
Țeavă PVC Ø 900,Țeavă PVC Ø 900,Material,General,m,0.0,0.0,0.0,0.0,0,RON,0.0,1.0,1,1,Building and settlement works,Analiza Prețului Unitar al Lucrărilor (AHSP) - Hotărârea PUPR 2016,Lucrări de construcții și amenajări,A.8.4.1 PREȚUL UNITĂȚII DE LUCRU PENTRU INSTALAREA ȚEVURILOR ÎN AFARA CLĂDIRII
Țeavă PVC Ø 800,Țeavă PVC Ø 800,Material,General,m,0.0,0.0,0.0,0.0,0,RON,0.0,1.0,1,1,Building and settlement works,Analiza Prețului Unitar al Lucrărilor (AHSP) - Hotărârea PUPR 2016,Lucrări de construcții și amenajări,A.8.4.1 PREȚUL UNITĂȚII DE LUCRU PENTRU INSTALAREA ȚEVURILOR ÎN AFARA CLĂDIRII
țeavă PVC Ø 600,țeavă PVC Ø 600,Material,General,m,0.0,0.0,0.0,0.0,0,RON,0.0,1.0,1,1,Building and settlement works,Analiza Prețului Unitar al Lucrărilor (AHSP) - Hotărârea PUPR 2016,Lucrări de construcții și amenajări,A.8.4.1 PREȚUL UNITĂȚII DE LUCRU PENTRU INSTALAREA ȚEVURILOR ÎN AFARA CLĂDIRII
Conductă PVC Ø 500,Conductă PVC Ø 500,Material,General,m,0.0,0.0,0.0,0.0,0,RON,0.0,1.0,1,1,Building and settlement works,Analiza Prețului Unitar al Lucrărilor (AHSP) - Hotărârea PUPR 2016,Lucrări de construcții și amenajări,A.8.4.1 PREȚUL UNITĂȚII DE LUCRU PENTRU INSTALAREA ȚEVURILOR ÎN AFARA CLĂDIRII
Țeavă PVC Ø 450,Țeavă PVC Ø 450,Material,General,m,0.0,0.0,0.0,0.0,0,RON,0.0,1.0,1,1,Building and settlement works,Analiza Prețului Unitar al Lucrărilor (AHSP) - Hotărârea PUPR 2016,Lucrări de construcții și amenajări,A.8.4.1 PREȚUL UNITĂȚII DE LUCRU PENTRU INSTALAREA ȚEVURILOR ÎN AFARA CLĂDIRII
Țeavă PVC Ø 400 Închirierea Tripot/Tackel,Țeavă PVC Ø 400 Închirierea Tripot/Tackel,Material,General,m,0.0,0.0,0.0,0.0,0,RON,0.0,1.0,1,1,Building and settlement works,Analiza Prețului Unitar al Lucrărilor (AHSP) - Hotărârea PUPR 2016,Lucrări de construcții și amenajări,A.8.4.1 PREȚUL UNITĂȚII DE LUCRU PENTRU INSTALAREA ȚEVURILOR ÎN AFARA CLĂDIRII
Țeavă PVC Ø 300,Țeavă PVC Ø 300,Material,General,m,0.0,0.0,0.0,0.0,0,RON,0.0,1.0,1,1,Building and settlement works,Analiza Prețului Unitar al Lucrărilor (AHSP) - Hotărârea PUPR 2016,Lucrări de construcții și amenajări,A.8.4.1 PREȚUL UNITĂȚII DE LUCRU PENTRU INSTALAREA ȚEVURILOR ÎN AFARA CLĂDIRII
Conductă PVC Ø 250 Închiriere Trepied/Tăclu,Conductă PVC Ø 250 Închiriere Trepied/Tăclu,Material,General,m,0.0,0.0,0.0,0.0,0,RON,0.0,1.0,1,1,Building and settlement works,Analiza Prețului Unitar al Lucrărilor (AHSP) - Hotărârea PUPR 2016,Lucrări de construcții și amenajări,A.8.4.1 PREȚUL UNITĂȚII DE LUCRU PENTRU INSTALAREA ȚEVURILOR ÎN AFARA CLĂDIRII
Conductă PVC Ø 200,Conductă PVC Ø 200,Material,General,m,0.0,0.0,0.0,0.0,0,RON,0.0,1.0,1,1,Building and settlement works,Analiza Prețului Unitar al Lucrărilor (AHSP) - Hotărârea PUPR 2016,Lucrări de construcții și amenajări,A.8.4.1 PREȚUL UNITĂȚII DE LUCRU PENTRU INSTALAREA ȚEVURILOR ÎN AFARA CLĂDIRII
Tripod/Tackel manipulare macara 2 T,Tripod/Tackel manipulare macara 2 T,Equipment,General,hari,0.0,0.0,0.0,0.0,0,RON,0.0,0.012,1,1,Building and settlement works,Analiza Prețului Unitar al Lucrărilor (AHSP) - Hotărârea PUPR 2016,Lucrări de construcții și amenajări,A.8.4.1 PREȚUL UNITĂȚII DE LUCRU PENTRU INSTALAREA ȚEVURILOR ÎN AFARA CLĂDIRII
Conductă PVC Ø 150 mm Închiriere,Conductă PVC Ø 150 mm Închiriere,Material,General,m,0.0,0.0,0.0,0.0,0,RON,0.0,1.0,1,1,Building and settlement works,Analiza Prețului Unitar al Lucrărilor (AHSP) - Hotărârea PUPR 2016,Lucrări de construcții și amenajări,A.8.4.1 PREȚUL UNITĂȚII DE LUCRU PENTRU INSTALAREA ȚEVURILOR ÎN AFARA CLĂDIRII
țeavă PVC Ø 110,țeavă PVC Ø 110,Material,General,m,0.0,0.0,0.0,0.0,0,RON,0.0,1.0,1,1,Building and settlement works,Analiza Prețului Unitar al Lucrărilor (AHSP) - Hotărârea PUPR 2016,Lucrări de construcții și amenajări,A.8.4.1 PREȚUL UNITĂȚII DE LUCRU PENTRU INSTALAREA ȚEVURILOR ÎN AFARA CLĂDIRII
M.132.a,Ulei,Material,General,Liter,0.0,0.0,0.0,0.0,0,RON,0.0,0.025,1,1,Water resources works,Analiza Prețului Unitar al Lucrărilor (AHSP) - Hotărârea PUPR 2016,Lucrări de gestionare a resurselor de apă,A.5 Lucrări de dewatering (Normativ)
M.136.b,Solar,Material,General,Liter,0.0,0.0,0.0,0.0,0,RON,0.0,6.1,1,1,Water resources works,Analiza Prețului Unitar al Lucrărilor (AHSP) - Hotărârea PUPR 2016,Lucrări de gestionare a resurselor de apă,A.5 Lucrări de dewatering (Normativ)
NYY 1 x 16 mm² și accesorii,NYY 1 x 16 mm² și accesorii,Material,General,m',0.0,0.0,0.0,0.0,0,RON,0.0,1.15,1,1,Building and settlement works,Analiza Prețului Unitar al Lucrărilor (AHSP) - Permen PUPR 2022,Lucrări de construcții și amenajări,5.1 LUCRĂRI SISTEM DISTRIBUȚIE REȚEA ELECTRICĂ
NYY 1 x 10 mm² și accesorii,NYY 1 x 10 mm² și accesorii,Material,General,m',0.0,0.0,0.0,0.0,0,RON,0.0,1.15,1,1,Building and settlement works,Analiza Prețului Unitar al Lucrărilor (AHSP) - Permen PUPR 2022,Lucrări de construcții și amenajări,5.1 LUCRĂRI SISTEM DISTRIBUȚIE REȚEA ELECTRICĂ
NYY 1 x 6 mm² și accesorii,NYY 1 x 6 mm² și accesorii,Material,General,m',0.0,0.0,0.0,0.0,0,RON,0.0,1.15,1,1,Building and settlement works,Analiza Prețului Unitar al Lucrărilor (AHSP) - Permen PUPR 2022,Lucrări de construcții și amenajări,5.1 LUCRĂRI SISTEM DISTRIBUȚIE REȚEA ELECTRICĂ
NYY 1 x 4 mm² și accesorii,NYY 1 x 4 mm² și accesorii,Material,General,m',0.0,0.0,0.0,0.0,0,RON,0.0,1.15,1,1,Building and settlement works,Analiza Prețului Unitar al Lucrărilor (AHSP) - Permen PUPR 2022,Lucrări de construcții și amenajări,5.1 LUCRĂRI SISTEM DISTRIBUȚIE REȚEA ELECTRICĂ
Pupuk,Pupuk,Material,General,,0.0,0.0,0.0,0.0,0,RON,0.0,0.004,1,1,Building and settlement works,Analiza Prețului Unitar al Lucrărilor (AHSP) - Permen PUPR 2022,Lucrări de construcții și amenajări,4.1 LUCRĂRI DE PLANTARE
Îngrășământ Organic,Îngrășământ Organic,Material,General,kg,0.0,0.0,0.0,0.0,0,RON,0.0,0.6,1,1,Building and settlement works,Analiza Prețului Unitar al Lucrărilor (AHSP) - Permen PUPR 2022,Lucrări de construcții și amenajări,4.1 LUCRĂRI DE PLANTARE
Semințe Vegetație (Semințe,Semințe Vegetație (Semințe,Material,General,,0.0,0.0,0.0,0.0,0,RON,0.0,0.01,1,1,Building and settlement works,Analiza Prețului Unitar al Lucrărilor (AHSP) - Permen PUPR 2022,Lucrări de construcții și amenajări,4.1 LUCRĂRI DE PLANTARE
Lipici amestec hidroinseminare,Lipici amestec hidroinseminare,Material,General,kg,0.0,0.0,0.0,0.0,0,RON,0.0,0.003,1,1,Building and settlement works,Analiza Prețului Unitar al Lucrărilor (AHSP) - Permen PUPR 2022,Lucrări de construcții și amenajări,4.1 LUCRĂRI DE PLANTARE
b Pasir: 10%,b Pasir: 10%,Material,General,m3,0.0,0.0,0.0,0.0,0,RON,0.0,0.01,1,1,Building and settlement works,Analiza Prețului Unitar al Lucrărilor (AHSP) - Permen PUPR 2022,Lucrări de construcții și amenajări,4.1 LUCRĂRI DE PLANTARE
a Sol fertil: 90%,a Sol fertil: 90%,Material,General,m3,0.0,0.0,0.0,0.0,0,RON,0.0,0.09,1,1,Building and settlement works,Analiza Prețului Unitar al Lucrărilor (AHSP) - Permen PUPR 2022,Lucrări de construcții și amenajări,4.1 LUCRĂRI DE PLANTARE
Iarbă 3 Mediu plantare,Iarbă 3 Mediu plantare,Material,General,buah,0.0,0.0,0.0,0.0,0,RON,0.0,1.0,1,1,Building and settlement works,Analiza Prețului Unitar al Lucrărilor (AHSP) - Permen PUPR 2022,Lucrări de construcții și amenajări,4.1 LUCRĂRI DE PLANTARE
Plantă acoperire sol,Plantă acoperire sol,Material,General,buah,0.0,0.0,0.0,0.0,0,RON,0.0,25.0,1,1,Building and settlement works,Analiza Prețului Unitar al Lucrărilor (AHSP) - Permen PUPR 2022,Lucrări de construcții și amenajări,4.1 LUCRĂRI DE PLANTARE
Chirie macara capacitate ton,Chirie macara capacitate ton,Equipment,General,jam,0.0,0.0,0.0,0.0,0,RON,0.0,0.28,1,1,Building and settlement works,Analiza Prețului Unitar al Lucrărilor (AHSP) - Permen PUPR 2022,Lucrări de construcții și amenajări,4.1 LUCRĂRI DE PLANTARE
material reparare 5%,material reparare 5%,Material,General,m3,0.0,0.0,0.0,0.0,0,RON,0.0,0.007,1,1,Building and settlement works,Analiza Prețului Unitar al Lucrărilor (AHSP) - Permen PUPR 2022,Lucrări de construcții și amenajări,4.1 LUCRĂRI DE PLANTARE
M.137,Stempet,Material,General,kg,0.0,0.0,0.0,0.0,0,RON,0.0,0.05,1,1,Water resources works,Analiza Prețului Unitar al Lucrărilor (AHSP) - Hotărârea PUPR 2016,Lucrări de gestionare a resurselor de apă,A.6 Lucrări de poartă de apă (Normativ)
E.34.d,Pompă apă diesel 20 KW,Equipment,General,unit,0.0,0.0,0.0,0.0,0,RON,0.0,1.2,1,1,Water resources works,Analiza Prețului Unitar al Lucrărilor (AHSP) - Hotărârea PUPR 2016,Lucrări de gestionare a resurselor de apă,A.5 Lucrări de dewatering (Normativ)
NYY 2 x 4 mm² și accesorii,NYY 2 x 4 mm² și accesorii,Material,General,m',0.0,0.0,0.0,0.0,0,RON,0.0,1.15,1,1,Building and settlement works,Analiza Prețului Unitar al Lucrărilor (AHSP) - Permen PUPR 2022,Lucrări de construcții și amenajări,5.1 LUCRĂRI SISTEM DISTRIBUȚIE REȚEA ELECTRICĂ
"NYY 2 x 2,5 mm² accesorii","NYY 2 x 2,5 mm² accesorii",Material,General,m',0.0,0.0,0.0,0.0,0,RON,0.0,1.15,1,1,Building and settlement works,Analiza Prețului Unitar al Lucrărilor (AHSP) - Permen PUPR 2022,Lucrări de construcții și amenajări,5.1 LUCRĂRI SISTEM DISTRIBUȚIE REȚEA ELECTRICĂ
"NYY 2 x 1,5 mm² accesorii","NYY 2 x 1,5 mm² accesorii",Material,General,m',0.0,0.0,0.0,0.0,0,RON,0.0,1.15,1,1,Building and settlement works,Analiza Prețului Unitar al Lucrărilor (AHSP) - Permen PUPR 2022,Lucrări de construcții și amenajări,5.1 LUCRĂRI SISTEM DISTRIBUȚIE REȚEA ELECTRICĂ
NYY 1 x 630 mm² și accesorii,NYY 1 x 630 mm² și accesorii,Material,General,m',0.0,0.0,0.0,0.0,0,RON,0.0,1.15,1,1,Building and settlement works,Analiza Prețului Unitar al Lucrărilor (AHSP) - Permen PUPR 2022,Lucrări de construcții și amenajări,5.1 LUCRĂRI SISTEM DISTRIBUȚIE REȚEA ELECTRICĂ
NYY 1 x 500 mm² și accesorii,NYY 1 x 500 mm² și accesorii,Material,General,m',0.0,0.0,0.0,0.0,0,RON,0.0,1.15,1,1,Building and settlement works,Analiza Prețului Unitar al Lucrărilor (AHSP) - Permen PUPR 2022,Lucrări de construcții și amenajări,5.1 LUCRĂRI SISTEM DISTRIBUȚIE REȚEA ELECTRICĂ
NYY 1 x 400 mm² și accesorii,NYY 1 x 400 mm² și accesorii,Material,General,m',0.0,0.0,0.0,0.0,0,RON,0.0,1.15,1,1,Building and settlement works,Analiza Prețului Unitar al Lucrărilor (AHSP) - Permen PUPR 2022,Lucrări de construcții și amenajări,5.1 LUCRĂRI SISTEM DISTRIBUȚIE REȚEA ELECTRICĂ
NYY 1 x 300 mm² și accesorii,NYY 1 x 300 mm² și accesorii,Material,General,m',0.0,0.0,0.0,0.0,0,RON,0.0,1.15,1,1,Building and settlement works,Analiza Prețului Unitar al Lucrărilor (AHSP) - Permen PUPR 2022,Lucrări de construcții și amenajări,5.1 LUCRĂRI SISTEM DISTRIBUȚIE REȚEA ELECTRICĂ
NYY 1 x 250 mm² și accesorii,NYY 1 x 250 mm² și accesorii,Material,General,m',0.0,0.0,0.0,0.0,0,RON,0.0,1.15,1,1,Building and settlement works,Analiza Prețului Unitar al Lucrărilor (AHSP) - Permen PUPR 2022,Lucrări de construcții și amenajări,5.1 LUCRĂRI SISTEM DISTRIBUȚIE REȚEA ELECTRICĂ
NYY 1 x 185 mm² și accesorii,NYY 1 x 185 mm² și accesorii,Material,General,m',0.0,0.0,0.0,0.0,0,RON,0.0,1.15,1,1,Building and settlement works,Analiza Prețului Unitar al Lucrărilor (AHSP) - Permen PUPR 2022,Lucrări de construcții și amenajări,5.1 LUCRĂRI SISTEM DISTRIBUȚIE REȚEA ELECTRICĂ
NYY 1 x 150 mm² și accesorii,NYY 1 x 150 mm² și accesorii,Material,General,m',0.0,0.0,0.0,0.0,0,RON,0.0,1.15,1,1,Building and settlement works,Analiza Prețului Unitar al Lucrărilor (AHSP) - Permen PUPR 2022,Lucrări de construcții și amenajări,5.1 LUCRĂRI SISTEM DISTRIBUȚIE REȚEA ELECTRICĂ
NYY 1 x 120 mm² și accesorii,NYY 1 x 120 mm² și accesorii,Material,General,m',0.0,0.0,0.0,0.0,0,RON,0.0,1.15,1,1,Building and settlement works,Analiza Prețului Unitar al Lucrărilor (AHSP) - Permen PUPR 2022,Lucrări de construcții și amenajări,5.1 LUCRĂRI SISTEM DISTRIBUȚIE REȚEA ELECTRICĂ
NYY 1 x 95 mm² și accesorii,NYY 1 x 95 mm² și accesorii,Material,General,m',0.0,0.0,0.0,0.0,0,RON,0.0,1.15,1,1,Building and settlement works,Analiza Prețului Unitar al Lucrărilor (AHSP) - Permen PUPR 2022,Lucrări de construcții și amenajări,5.1 LUCRĂRI SISTEM DISTRIBUȚIE REȚEA ELECTRICĂ
NYY 1 x 70 mm² și accesorii,NYY 1 x 70 mm² și accesorii,Material,General,m',0.0,0.0,0.0,0.0,0,RON,0.0,1.15,1,1,Building and settlement works,Analiza Prețului Unitar al Lucrărilor (AHSP) - Permen PUPR 2022,Lucrări de construcții și amenajări,5.1 LUCRĂRI SISTEM DISTRIBUȚIE REȚEA ELECTRICĂ
NYY 1 x 50 mm² și accesorii,NYY 1 x 50 mm² și accesorii,Material,General,m',0.0,0.0,0.0,0.0,0,RON,0.0,1.15,1,1,Building and settlement works,Analiza Prețului Unitar al Lucrărilor (AHSP) - Permen PUPR 2022,Lucrări de construcții și amenajări,5.1 LUCRĂRI SISTEM DISTRIBUȚIE REȚEA ELECTRICĂ
NYY 1 x 35 mm² și accesorii,NYY 1 x 35 mm² și accesorii,Material,General,m',0.0,0.0,0.0,0.0,0,RON,0.0,1.15,1,1,Building and settlement works,Analiza Prețului Unitar al Lucrărilor (AHSP) - Permen PUPR 2022,Lucrări de construcții și amenajări,5.1 LUCRĂRI SISTEM DISTRIBUȚIE REȚEA ELECTRICĂ
NYY 1 x 25 mm² și accesorii,NYY 1 x 25 mm² și accesorii,Material,General,m',0.0,0.0,0.0,0.0,0,RON,0.0,1.15,1,1,Building and settlement works,Analiza Prețului Unitar al Lucrărilor (AHSP) - Permen PUPR 2022,Lucrări de construcții și amenajări,5.1 LUCRĂRI SISTEM DISTRIBUȚIE REȚEA ELECTRICĂ
NYY 4 x 6 mm² și accesorii,NYY 4 x 6 mm² și accesorii,Material,General,m',0.0,0.0,0.0,0.0,0,RON,0.0,1.15,1,1,Building and settlement works,Analiza Prețului Unitar al Lucrărilor (AHSP) - Permen PUPR 2022,Lucrări de construcții și amenajări,5.1 LUCRĂRI SISTEM DISTRIBUȚIE REȚEA ELECTRICĂ
NYY 4 x 4 mm² și accesorii,NYY 4 x 4 mm² și accesorii,Material,General,m',0.0,0.0,0.0,0.0,0,RON,0.0,1.15,1,1,Building and settlement works,Analiza Prețului Unitar al Lucrărilor (AHSP) - Permen PUPR 2022,Lucrări de construcții și amenajări,5.1 LUCRĂRI SISTEM DISTRIBUȚIE REȚEA ELECTRICĂ
"NYY 4 x 2,5 mm² accesorii","NYY 4 x 2,5 mm² accesorii",Material,General,m',0.0,0.0,0.0,0.0,0,RON,0.0,1.15,1,1,Building and settlement works,Analiza Prețului Unitar al Lucrărilor (AHSP) - Permen PUPR 2022,Lucrări de construcții și amenajări,5.1 LUCRĂRI SISTEM DISTRIBUȚIE REȚEA ELECTRICĂ
"NYY 4 x 1,5 mm² accesorii","NYY 4 x 1,5 mm² accesorii",Material,General,m',0.0,0.0,0.0,0.0,0,RON,0.0,1.15,1,1,Building and settlement works,Analiza Prețului Unitar al Lucrărilor (AHSP) - Permen PUPR 2022,Lucrări de construcții și amenajări,5.1 LUCRĂRI SISTEM DISTRIBUȚIE REȚEA ELECTRICĂ
NYY 3 x 50 mm² și accesorii,NYY 3 x 50 mm² și accesorii,Material,General,m',0.0,0.0,0.0,0.0,0,RON,0.0,1.15,1,1,Building and settlement works,Analiza Prețului Unitar al Lucrărilor (AHSP) - Permen PUPR 2022,Lucrări de construcții și amenajări,5.1 LUCRĂRI SISTEM DISTRIBUȚIE REȚEA ELECTRICĂ
NYY 3 x 35 mm² și accesorii,NYY 3 x 35 mm² și accesorii,Material,General,m',0.0,0.0,0.0,0.0,0,RON,0.0,1.15,1,1,Building and settlement works,Analiza Prețului Unitar al Lucrărilor (AHSP) - Permen PUPR 2022,Lucrări de construcții și amenajări,5.1 LUCRĂRI SISTEM DISTRIBUȚIE REȚEA ELECTRICĂ
NYY 3 x 25 mm² și accesorii,NYY 3 x 25 mm² și accesorii,Material,General,m',0.0,0.0,0.0,0.0,0,RON,0.0,1.15,1,1,Building and settlement works,Analiza Prețului Unitar al Lucrărilor (AHSP) - Permen PUPR 2022,Lucrări de construcții și amenajări,5.1 LUCRĂRI SISTEM DISTRIBUȚIE REȚEA ELECTRICĂ
NYY 3 x 16 mm² și accesorii,NYY 3 x 16 mm² și accesorii,Material,General,m',0.0,0.0,0.0,0.0,0,RON,0.0,1.15,1,1,Building and settlement works,Analiza Prețului Unitar al Lucrărilor (AHSP) - Permen PUPR 2022,Lucrări de construcții și amenajări,5.1 LUCRĂRI SISTEM DISTRIBUȚIE REȚEA ELECTRICĂ
NYY 3 x 10 mm² și accesorii,NYY 3 x 10 mm² și accesorii,Material,General,m',0.0,0.0,0.0,0.0,0,RON,0.0,1.15,1,1,Building and settlement works,Analiza Prețului Unitar al Lucrărilor (AHSP) - Permen PUPR 2022,Lucrări de construcții și amenajări,5.1 LUCRĂRI SISTEM DISTRIBUȚIE REȚEA ELECTRICĂ
NYY 3 x 6 mm² și accesorii,NYY 3 x 6 mm² și accesorii,Material,General,m',0.0,0.0,0.0,0.0,0,RON,0.0,1.15,1,1,Building and settlement works,Analiza Prețului Unitar al Lucrărilor (AHSP) - Permen PUPR 2022,Lucrări de construcții și amenajări,5.1 LUCRĂRI SISTEM DISTRIBUȚIE REȚEA ELECTRICĂ
NYY 3 x 4 mm² și accesorii,NYY 3 x 4 mm² și accesorii,Material,General,m',0.0,0.0,0.0,0.0,0,RON,0.0,1.15,1,1,Building and settlement works,Analiza Prețului Unitar al Lucrărilor (AHSP) - Permen PUPR 2022,Lucrări de construcții și amenajări,5.1 LUCRĂRI SISTEM DISTRIBUȚIE REȚEA ELECTRICĂ
"NYY 3 x 2,5 mm² accesorii","NYY 3 x 2,5 mm² accesorii",Material,General,m',0.0,0.0,0.0,0.0,0,RON,0.0,1.15,1,1,Building and settlement works,Analiza Prețului Unitar al Lucrărilor (AHSP) - Permen PUPR 2022,Lucrări de construcții și amenajări,5.1 LUCRĂRI SISTEM DISTRIBUȚIE REȚEA ELECTRICĂ
"NYY 3 x 1,5 mm² accesorii","NYY 3 x 1,5 mm² accesorii",Material,General,m',0.0,0.0,0.0,0.0,0,RON,0.0,1.15,1,1,Building and settlement works,Analiza Prețului Unitar al Lucrărilor (AHSP) - Permen PUPR 2022,Lucrări de construcții și amenajări,5.1 LUCRĂRI SISTEM DISTRIBUȚIE REȚEA ELECTRICĂ
NYY 2 x 16 mm² și accesorii,NYY 2 x 16 mm² și accesorii,Material,General,m',0.0,0.0,0.0,0.0,0,RON,0.0,1.15,1,1,Building and settlement works,Analiza Prețului Unitar al Lucrărilor (AHSP) - Permen PUPR 2022,Lucrări de construcții și amenajări,5.1 LUCRĂRI SISTEM DISTRIBUȚIE REȚEA ELECTRICĂ
NYY 2 x 10 mm² și accesorii,NYY 2 x 10 mm² și accesorii,Material,General,m',0.0,0.0,0.0,0.0,0,RON,0.0,1.15,1,1,Building and settlement works,Analiza Prețului Unitar al Lucrărilor (AHSP) - Permen PUPR 2022,Lucrări de construcții și amenajări,5.1 LUCRĂRI SISTEM DISTRIBUȚIE REȚEA ELECTRICĂ
NYY 2 x 6 mm² și accesorii,NYY 2 x 6 mm² și accesorii,Material,General,m',0.0,0.0,0.0,0.0,0,RON,0.0,1.15,1,1,Building and settlement works,Analiza Prețului Unitar al Lucrărilor (AHSP) - Permen PUPR 2022,Lucrări de construcții și amenajări,5.1 LUCRĂRI SISTEM DISTRIBUȚIE REȚEA ELECTRICĂ
NYA 1 x 6 mm² și accesorii,NYA 1 x 6 mm² și accesorii,Material,General,m',0.0,0.0,0.0,0.0,0,RON,0.0,1.15,1,1,Building and settlement works,Analiza Prețului Unitar al Lucrărilor (AHSP) - Permen PUPR 2022,Lucrări de construcții și amenajări,5.1 LUCRĂRI SISTEM DISTRIBUȚIE REȚEA ELECTRICĂ
NYA 1 x 4 mm² și accesorii,NYA 1 x 4 mm² și accesorii,Material,General,m',0.0,0.0,0.0,0.0,0,RON,0.0,1.15,1,1,Building and settlement works,Analiza Prețului Unitar al Lucrărilor (AHSP) - Permen PUPR 2022,Lucrări de construcții și amenajări,5.1 LUCRĂRI SISTEM DISTRIBUȚIE REȚEA ELECTRICĂ
"NYA 1 x 2,5 mm² accesorii","NYA 1 x 2,5 mm² accesorii",Material,General,m',0.0,0.0,0.0,0.0,0,RON,0.0,1.15,1,1,Building and settlement works,Analiza Prețului Unitar al Lucrărilor (AHSP) - Permen PUPR 2022,Lucrări de construcții și amenajări,5.1 LUCRĂRI SISTEM DISTRIBUȚIE REȚEA ELECTRICĂ
"NYA 1 x 1,5 mm² accesorii","NYA 1 x 1,5 mm² accesorii",Material,General,m',0.0,0.0,0.0,0.0,0,RON,0.0,1.15,1,1,Building and settlement works,Analiza Prețului Unitar al Lucrărilor (AHSP) - Permen PUPR 2022,Lucrări de construcții și amenajări,5.1 LUCRĂRI SISTEM DISTRIBUȚIE REȚEA ELECTRICĂ
NYY 4 x 300 mm² și accesorii,NYY 4 x 300 mm² și accesorii,Material,General,m',0.0,0.0,0.0,0.0,0,RON,0.0,1.15,1,1,Building and settlement works,Analiza Prețului Unitar al Lucrărilor (AHSP) - Permen PUPR 2022,Lucrări de construcții și amenajări,5.1 LUCRĂRI SISTEM DISTRIBUȚIE REȚEA ELECTRICĂ
NYY 4 x 240 mm² și accesorii,NYY 4 x 240 mm² și accesorii,Material,General,m',0.0,0.0,0.0,0.0,0,RON,0.0,1.15,1,1,Building and settlement works,Analiza Prețului Unitar al Lucrărilor (AHSP) - Permen PUPR 2022,Lucrări de construcții și amenajări,5.1 LUCRĂRI SISTEM DISTRIBUȚIE REȚEA ELECTRICĂ
NYY 4 x 185 mm² și accesorii,NYY 4 x 185 mm² și accesorii,Material,General,m',0.0,0.0,0.0,0.0,0,RON,0.0,1.15,1,1,Building and settlement works,Analiza Prețului Unitar al Lucrărilor (AHSP) - Permen PUPR 2022,Lucrări de construcții și amenajări,5.1 LUCRĂRI SISTEM DISTRIBUȚIE REȚEA ELECTRICĂ
NYY 4 x 150 mm² și accesorii,NYY 4 x 150 mm² și accesorii,Material,General,m',0.0,0.0,0.0,0.0,0,RON,0.0,1.15,1,1,Building and settlement works,Analiza Prețului Unitar al Lucrărilor (AHSP) - Permen PUPR 2022,Lucrări de construcții și amenajări,5.1 LUCRĂRI SISTEM DISTRIBUȚIE REȚEA ELECTRICĂ
NYY 4 x 120 mm² și accesorii,NYY 4 x 120 mm² și accesorii,Material,General,m',0.0,0.0,0.0,0.0,0,RON,0.0,1.15,1,1,Building and settlement works,Analiza Prețului Unitar al Lucrărilor (AHSP) - Permen PUPR 2022,Lucrări de construcții și amenajări,5.1 LUCRĂRI SISTEM DISTRIBUȚIE REȚEA ELECTRICĂ
NYY 4 x 95 mm² și accesorii,NYY 4 x 95 mm² și accesorii,Material,General,m',0.0,0.0,0.0,0.0,0,RON,0.0,1.15,1,1,Building and settlement works,Analiza Prețului Unitar al Lucrărilor (AHSP) - Permen PUPR 2022,Lucrări de construcții și amenajări,5.1 LUCRĂRI SISTEM DISTRIBUȚIE REȚEA ELECTRICĂ
NYY 4 x 70 mm² și accesorii,NYY 4 x 70 mm² și accesorii,Material,General,m',0.0,0.0,0.0,0.0,0,RON,0.0,1.15,1,1,Building and settlement works,Analiza Prețului Unitar al Lucrărilor (AHSP) - Permen PUPR 2022,Lucrări de construcții și amenajări,5.1 LUCRĂRI SISTEM DISTRIBUȚIE REȚEA ELECTRICĂ
NYY 4 x 50 mm² și accesorii,NYY 4 x 50 mm² și accesorii,Material,General,m',0.0,0.0,0.0,0.0,0,RON,0.0,1.15,1,1,Building and settlement works,Analiza Prețului Unitar al Lucrărilor (AHSP) - Permen PUPR 2022,Lucrări de construcții și amenajări,5.1 LUCRĂRI SISTEM DISTRIBUȚIE REȚEA ELECTRICĂ
NYY 4 x 35 mm² și accesorii,NYY 4 x 35 mm² și accesorii,Material,General,m',0.0,0.0,0.0,0.0,0,RON,0.0,1.15,1,1,Building and settlement works,Analiza Prețului Unitar al Lucrărilor (AHSP) - Permen PUPR 2022,Lucrări de construcții și amenajări,5.1 LUCRĂRI SISTEM DISTRIBUȚIE REȚEA ELECTRICĂ
NYY 4 x 25 mm² și accesorii,NYY 4 x 25 mm² și accesorii,Material,General,m',0.0,0.0,0.0,0.0,0,RON,0.0,1.15,1,1,Building and settlement works,Analiza Prețului Unitar al Lucrărilor (AHSP) - Permen PUPR 2022,Lucrări de construcții și amenajări,5.1 LUCRĂRI SISTEM DISTRIBUȚIE REȚEA ELECTRICĂ
NYY 4 x 16 mm² și accesorii,NYY 4 x 16 mm² și accesorii,Material,General,m',0.0,0.0,0.0,0.0,0,RON,0.0,1.15,1,1,Building and settlement works,Analiza Prețului Unitar al Lucrărilor (AHSP) - Permen PUPR 2022,Lucrări de construcții și amenajări,5.1 LUCRĂRI SISTEM DISTRIBUȚIE REȚEA ELECTRICĂ
NYY 4 x 10 mm² și accesorii,NYY 4 x 10 mm² și accesorii,Material,General,m',0.0,0.0,0.0,0.0,0,RON,0.0,1.15,1,1,Building and settlement works,Analiza Prețului Unitar al Lucrărilor (AHSP) - Permen PUPR 2022,Lucrări de construcții și amenajări,5.1 LUCRĂRI SISTEM DISTRIBUȚIE REȚEA ELECTRICĂ
M.122.d,(pengikat),Material,General,m',0.0,0.0,0.0,0.0,0,RON,0.0,3.2,1,1,Water resources works,Analiza Prețului Unitar al Lucrărilor (AHSP) - Hotărârea PUPR 2016,Lucrări de gestionare a resurselor de apă,A.5 Lucrări de dewatering (Normativ)
Chirie nisip *),Chirie nisip *),Material,General,m3,0.0,0.0,0.0,0.0,0,RON,0.0,0.012,1,1,Water resources works,Analiza Prețului Unitar al Lucrărilor (AHSP) - Hotărârea PUPR 2016,Lucrări de gestionare a resurselor de apă,A.5 Lucrări de dewatering (Normativ)
M.123.a,Sac plastic / 1** bagor/goni,Material,General,buah,0.0,0.0,0.0,0.0,0,RON,0.0,1.0,1,1,Water resources works,Analiza Prețului Unitar al Lucrărilor (AHSP) - Hotărârea PUPR 2016,Lucrări de gestionare a resurselor de apă,A.5 Lucrări de dewatering (Normativ)
E.01.tona,"Instrument 2 piloți + ciocan 0,5",Equipment,General,Sewa-hari,0.0,0.0,0.0,0.0,0,RON,0.0,0.1,1,1,Water resources works,Analiza Prețului Unitar al Lucrărilor (AHSP) - Hotărârea PUPR 2016,Lucrări de gestionare a resurselor de apă,A.4 Lucrări de forare manuală (Normativ)
Instrument de conducere+ Ciocan 2 ton,Instrument de conducere+ Ciocan 2 ton,Equipment,General,Sewa-hari,0.0,0.0,0.0,0.0,0,RON,0.0,0.125,1,1,Water resources works,Analiza Prețului Unitar al Lucrărilor (AHSP) - Hotărârea PUPR 2016,Lucrări de gestionare a resurselor de apă,A.4 Lucrări de forare manuală (Normativ)
Aparat de încadrare+Ciocan 2 2 (manual),Aparat de încadrare+Ciocan 2 2 (manual),Equipment,General,Sewa-hari,0.0,0.0,0.0,0.0,0,RON,0.0,0.11,1,1,Water resources works,Analiza Prețului Unitar al Lucrărilor (AHSP) - Hotărârea PUPR 2016,Lucrări de gestionare a resurselor de apă,A.4 Lucrări de forare manuală (Normativ)
Aparat de încadrare+ Ciocan 2 (manual),Aparat de încadrare+ Ciocan 2 (manual),Equipment,General,Sewa-hari,0.0,0.0,0.0,0.0,0,RON,0.0,0.09,1,1,Water resources works,Analiza Prețului Unitar al Lucrărilor (AHSP) - Hotărârea PUPR 2016,Lucrări de gestionare a resurselor de apă,A.4 Lucrări de forare manuală (Normativ)
Tripod înalt 7 m,Tripod înalt 7 m,Equipment,General,hari,0.0,0.0,0.0,0.0,0,RON,0.0,0.09,1,1,Water resources works,Analiza Prețului Unitar al Lucrărilor (AHSP) - Hotărârea PUPR 2016,Lucrări de gestionare a resurselor de apă,A.4 Lucrări de forare manuală (Normativ)
Aparat de încadrare + Ciocan,Aparat de încadrare + Ciocan,Equipment,General,hari,0.0,0.0,0.0,0.0,0,RON,0.0,0.08,1,1,Water resources works,Analiza Prețului Unitar al Lucrărilor (AHSP) - Hotărârea PUPR 2016,Lucrări de gestionare a resurselor de apă,A.4 Lucrări de forare manuală (Normativ)
"NYM 3 x 1,5 mm² și accesorii","NYM 3 x 1,5 mm² și accesorii",Material,General,m',0.0,0.0,0.0,0.0,0,RON,0.0,1.2,1,1,Building and settlement works,Analiza Prețului Unitar al Lucrărilor (AHSP) - Permen PUPR 2022,Lucrări de construcții și amenajări,5.1 LUCRĂRI SISTEM DISTRIBUȚIE REȚEA ELECTRICĂ
NYM 2 x 10 mm² accesorii,NYM 2 x 10 mm² accesorii,Material,General,m',0.0,0.0,0.0,0.0,0,RON,0.0,1.2,1,1,Building and settlement works,Analiza Prețului Unitar al Lucrărilor (AHSP) - Permen PUPR 2022,Lucrări de construcții și amenajări,5.1 LUCRĂRI SISTEM DISTRIBUȚIE REȚEA ELECTRICĂ
NYM 2 x 6 mm² și accesorii,NYM 2 x 6 mm² și accesorii,Material,General,m',0.0,0.0,0.0,0.0,0,RON,0.0,1.2,1,1,Building and settlement works,Analiza Prețului Unitar al Lucrărilor (AHSP) - Permen PUPR 2022,Lucrări de construcții și amenajări,5.1 LUCRĂRI SISTEM DISTRIBUȚIE REȚEA ELECTRICĂ
NYM 2 x 4 mm² și accesorii,NYM 2 x 4 mm² și accesorii,Material,General,m',0.0,0.0,0.0,0.0,0,RON,0.0,1.2,1,1,Building and settlement works,Analiza Prețului Unitar al Lucrărilor (AHSP) - Permen PUPR 2022,Lucrări de construcții și amenajări,5.1 LUCRĂRI SISTEM DISTRIBUȚIE REȚEA ELECTRICĂ
"NYM 2 x 2,5 mm² și accesorii","NYM 2 x 2,5 mm² și accesorii",Material,General,m',0.0,0.0,0.0,0.0,0,RON,0.0,1.2,1,1,Building and settlement works,Analiza Prețului Unitar al Lucrărilor (AHSP) - Permen PUPR 2022,Lucrări de construcții și amenajări,5.1 LUCRĂRI SISTEM DISTRIBUȚIE REȚEA ELECTRICĂ
"NYM 2 x 1,5 mm² și accesorii","NYM 2 x 1,5 mm² și accesorii",Material,General,m',0.0,0.0,0.0,0.0,0,RON,0.0,1.2,1,1,Building and settlement works,Analiza Prețului Unitar al Lucrărilor (AHSP) - Permen PUPR 2022,Lucrări de construcții și amenajări,5.1 LUCRĂRI SISTEM DISTRIBUȚIE REȚEA ELECTRICĂ
NYA 1 x 10 mm² și accesorii,NYA 1 x 10 mm² și accesorii,Material,General,m',0.0,0.0,0.0,0.0,0,RON,0.0,1.15,1,1,Building and settlement works,Analiza Prețului Unitar al Lucrărilor (AHSP) - Permen PUPR 2022,Lucrări de construcții și amenajări,5.1 LUCRĂRI SISTEM DISTRIBUȚIE REȚEA ELECTRICĂ
"NYMHY 3 x 2,5 mm² și accesorii","NYMHY 3 x 2,5 mm² și accesorii",Material,General,m',0.0,0.0,0.0,0.0,0,RON,0.0,1.2,1,1,Building and settlement works,Analiza Prețului Unitar al Lucrărilor (AHSP) - Permen PUPR 2022,Lucrări de construcții și amenajări,5.1 LUCRĂRI SISTEM DISTRIBUȚIE REȚEA ELECTRICĂ
"NYMHY 3 x 1,5 mm² și accesorii","NYMHY 3 x 1,5 mm² și accesorii",Material,General,m',0.0,0.0,0.0,0.0,0,RON,0.0,1.2,1,1,Building and settlement works,Analiza Prețului Unitar al Lucrărilor (AHSP) - Permen PUPR 2022,Lucrări de construcții și amenajări,5.1 LUCRĂRI SISTEM DISTRIBUȚIE REȚEA ELECTRICĂ
"NYMHY 2 x 2,5 mm² și accesorii","NYMHY 2 x 2,5 mm² și accesorii",Material,General,m',0.0,0.0,0.0,0.0,0,RON,0.0,1.2,1,1,Building and settlement works,Analiza Prețului Unitar al Lucrărilor (AHSP) - Permen PUPR 2022,Lucrări de construcții și amenajări,5.1 LUCRĂRI SISTEM DISTRIBUȚIE REȚEA ELECTRICĂ
"NYMHY 2 x 1,5 mm² și accesorii","NYMHY 2 x 1,5 mm² și accesorii",Material,General,m',0.0,0.0,0.0,0.0,0,RON,0.0,1.2,1,1,Building and settlement works,Analiza Prețului Unitar al Lucrărilor (AHSP) - Permen PUPR 2022,Lucrări de construcții și amenajări,5.1 LUCRĂRI SISTEM DISTRIBUȚIE REȚEA ELECTRICĂ
NYM 4 x 16 mm² accesorii,NYM 4 x 16 mm² accesorii,Material,General,m',0.0,0.0,0.0,0.0,0,RON,0.0,1.2,1,1,Building and settlement works,Analiza Prețului Unitar al Lucrărilor (AHSP) - Permen PUPR 2022,Lucrări de construcții și amenajări,5.1 LUCRĂRI SISTEM DISTRIBUȚIE REȚEA ELECTRICĂ
NYM 4 x 10 mm² accesorii,NYM 4 x 10 mm² accesorii,Material,General,m',0.0,0.0,0.0,0.0,0,RON,0.0,1.2,1,1,Building and settlement works,Analiza Prețului Unitar al Lucrărilor (AHSP) - Permen PUPR 2022,Lucrări de construcții și amenajări,5.1 LUCRĂRI SISTEM DISTRIBUȚIE REȚEA ELECTRICĂ
NYM 4 x 6 mm² și accesorii,NYM 4 x 6 mm² și accesorii,Material,General,m',0.0,0.0,0.0,0.0,0,RON,0.0,1.2,1,1,Building and settlement works,Analiza Prețului Unitar al Lucrărilor (AHSP) - Permen PUPR 2022,Lucrări de construcții și amenajări,5.1 LUCRĂRI SISTEM DISTRIBUȚIE REȚEA ELECTRICĂ
NYM 4 x 4 mm² și accesorii,NYM 4 x 4 mm² și accesorii,Material,General,m',0.0,0.0,0.0,0.0,0,RON,0.0,1.2,1,1,Building and settlement works,Analiza Prețului Unitar al Lucrărilor (AHSP) - Permen PUPR 2022,Lucrări de construcții și amenajări,5.1 LUCRĂRI SISTEM DISTRIBUȚIE REȚEA ELECTRICĂ
"NYM 4 x 2,5 mm² și accesorii","NYM 4 x 2,5 mm² și accesorii",Material,General,m',0.0,0.0,0.0,0.0,0,RON,0.0,1.2,1,1,Building and settlement works,Analiza Prețului Unitar al Lucrărilor (AHSP) - Permen PUPR 2022,Lucrări de construcții și amenajări,5.1 LUCRĂRI SISTEM DISTRIBUȚIE REȚEA ELECTRICĂ
"NYM 4 x 1,5 mm² și accesorii","NYM 4 x 1,5 mm² și accesorii",Material,General,m',0.0,0.0,0.0,0.0,0,RON,0.0,1.2,1,1,Building and settlement works,Analiza Prețului Unitar al Lucrărilor (AHSP) - Permen PUPR 2022,Lucrări de construcții și amenajări,5.1 LUCRĂRI SISTEM DISTRIBUȚIE REȚEA ELECTRICĂ
NYM 3 x 10 mm² accesorii,NYM 3 x 10 mm² accesorii,Material,General,m',0.0,0.0,0.0,0.0,0,RON,0.0,1.2,1,1,Building and settlement works,Analiza Prețului Unitar al Lucrărilor (AHSP) - Permen PUPR 2022,Lucrări de construcții și amenajări,5.1 LUCRĂRI SISTEM DISTRIBUȚIE REȚEA ELECTRICĂ
NYM 3 x 6 mm² și accesorii,NYM 3 x 6 mm² și accesorii,Material,General,m',0.0,0.0,0.0,0.0,0,RON,0.0,1.2,1,1,Building and settlement works,Analiza Prețului Unitar al Lucrărilor (AHSP) - Permen PUPR 2022,Lucrări de construcții și amenajări,5.1 LUCRĂRI SISTEM DISTRIBUȚIE REȚEA ELECTRICĂ
NYM 3 x 4 mm² și accesorii,NYM 3 x 4 mm² și accesorii,Material,General,m',0.0,0.0,0.0,0.0,0,RON,0.0,1.2,1,1,Building and settlement works,Analiza Prețului Unitar al Lucrărilor (AHSP) - Permen PUPR 2022,Lucrări de construcții și amenajări,5.1 LUCRĂRI SISTEM DISTRIBUȚIE REȚEA ELECTRICĂ
Profil oțel L.50.50.5,Profil oțel L.50.50.5,Material,General,kg,0.0,0.0,0.0,0.0,0,RON,0.0,15.383,1,1,Water resources works,Analiza Prețului Unitar al Lucrărilor (AHSP) - Hotărârea PUPR 2016,Lucrări de gestionare a resurselor de apă,A.5 Lucrări de dewatering (Normativ)
Cui amestec 5 cm 2 7 cm,Cui amestec 5 cm 2 7 cm,Material,General,kg,0.0,0.0,0.0,0.0,0,RON,0.0,0.325,1,1,Water resources works,Analiza Prețului Unitar al Lucrărilor (AHSP) - Hotărârea PUPR 2016,Lucrări de gestionare a resurselor de apă,A.5 Lucrări de dewatering (Normativ)
M.122.e,Mașină cusătură geotextil,Equipment,General,hari,0.0,0.0,0.0,0.0,0,RON,0.0,0.1,1,1,Water resources works,Analiza Prețului Unitar al Lucrărilor (AHSP) - Hotărârea PUPR 2016,Lucrări de gestionare a resurselor de apă,A.5 Lucrări de dewatering (Normativ)
"NYFGBY 4 x 1,5 mm² și accesorii","NYFGBY 4 x 1,5 mm² și accesorii",Material,General,m',0.0,0.0,0.0,0.0,0,RON,0.0,1.2,1,1,Building and settlement works,Analiza Prețului Unitar al Lucrărilor (AHSP) - Permen PUPR 2022,Lucrări de construcții și amenajări,5.1.1.5 Cablu NYFGBY
NYFGBY 3 x 16 mm² și accesorii,NYFGBY 3 x 16 mm² și accesorii,Material,General,m',0.0,0.0,0.0,0.0,0,RON,0.0,1.2,1,1,Building and settlement works,Analiza Prețului Unitar al Lucrărilor (AHSP) - Permen PUPR 2022,Lucrări de construcții și amenajări,5.1.1.5 Cablu NYFGBY
NYFGBY 3 x 10 mm² și accesorii,NYFGBY 3 x 10 mm² și accesorii,Material,General,m',0.0,0.0,0.0,0.0,0,RON,0.0,1.2,1,1,Building and settlement works,Analiza Prețului Unitar al Lucrărilor (AHSP) - Permen PUPR 2022,Lucrări de construcții și amenajări,5.1.1.5 Cablu NYFGBY
NYFGBY 3 x 6 mm² și accesorii,NYFGBY 3 x 6 mm² și accesorii,Material,General,m',0.0,0.0,0.0,0.0,0,RON,0.0,1.2,1,1,Building and settlement works,Analiza Prețului Unitar al Lucrărilor (AHSP) - Permen PUPR 2022,Lucrări de construcții și amenajări,5.1.1.5 Cablu NYFGBY
NYFGBY 3 x 4 mm² și accesorii,NYFGBY 3 x 4 mm² și accesorii,Material,General,m',0.0,0.0,0.0,0.0,0,RON,0.0,1.2,1,1,Building and settlement works,Analiza Prețului Unitar al Lucrărilor (AHSP) - Permen PUPR 2022,Lucrări de construcții și amenajări,5.1.1.5 Cablu NYFGBY
"NYFGBY 3 x 2,5 mm² și accesorii","NYFGBY 3 x 2,5 mm² și accesorii",Material,General,m',0.0,0.0,0.0,0.0,0,RON,0.0,1.2,1,1,Building and settlement works,Analiza Prețului Unitar al Lucrărilor (AHSP) - Permen PUPR 2022,Lucrări de construcții și amenajări,5.1.1.5 Cablu NYFGBY
"NYFGBY 3 x 1,5 mm² și accesorii","NYFGBY 3 x 1,5 mm² și accesorii",Material,General,m',0.0,0.0,0.0,0.0,0,RON,0.0,1.2,1,1,Building and settlement works,Analiza Prețului Unitar al Lucrărilor (AHSP) - Permen PUPR 2022,Lucrări de construcții și amenajări,5.1.1.5 Cablu NYFGBY
NYFGBY 2 x 16 mm² și accesorii,NYFGBY 2 x 16 mm² și accesorii,Material,General,m',0.0,0.0,0.0,0.0,0,RON,0.0,1.2,1,1,Building and settlement works,Analiza Prețului Unitar al Lucrărilor (AHSP) - Permen PUPR 2022,Lucrări de construcții și amenajări,5.1.1.5 Cablu NYFGBY
NYFGBY 2 x 10 mm² și accesorii,NYFGBY 2 x 10 mm² și accesorii,Material,General,m',0.0,0.0,0.0,0.0,0,RON,0.0,1.2,1,1,Building and settlement works,Analiza Prețului Unitar al Lucrărilor (AHSP) - Permen PUPR 2022,Lucrări de construcții și amenajări,5.1.1.5 Cablu NYFGBY
NYFGBY 2 x 6 mm² și accesorii,NYFGBY 2 x 6 mm² și accesorii,Material,General,m',0.0,0.0,0.0,0.0,0,RON,0.0,1.2,1,1,Building and settlement works,Analiza Prețului Unitar al Lucrărilor (AHSP) - Permen PUPR 2022,Lucrări de construcții și amenajări,5.1.1.5 Cablu NYFGBY
NYFGBY 2 x 4 mm² și accesorii,NYFGBY 2 x 4 mm² și accesorii,Material,General,m',0.0,0.0,0.0,0.0,0,RON,0.0,1.2,1,1,Building and settlement works,Analiza Prețului Unitar al Lucrărilor (AHSP) - Permen PUPR 2022,Lucrări de construcții și amenajări,5.1.1.5 Cablu NYFGBY
"NYFGBY 2 x 2,5 mm² și accesorii","NYFGBY 2 x 2,5 mm² și accesorii",Material,General,m',0.0,0.0,0.0,0.0,0,RON,0.0,1.2,1,1,Building and settlement works,Analiza Prețului Unitar al Lucrărilor (AHSP) - Permen PUPR 2022,Lucrări de construcții și amenajări,5.1.1.5 Cablu NYFGBY
"NYFGBY 2 x 1,5 mm² și accesorii","NYFGBY 2 x 1,5 mm² și accesorii",Material,General,m',0.0,0.0,0.0,0.0,0,RON,0.0,1.2,1,1,Building and settlement works,Analiza Prețului Unitar al Lucrărilor (AHSP) - Permen PUPR 2022,Lucrări de construcții și amenajări,5.1.1.5 Cablu NYFGBY
"1,5 mm2) + țeavă PVC Conduit HI 20 mm2 și accesorii","1,5 mm2) + țeavă PVC Conduit HI 20 mm2 și accesorii",Material,General,m',0.0,0.0,0.0,0.0,0,RON,0.0,1.2,1,1,Building and settlement works,Analiza Prețului Unitar al Lucrărilor (AHSP) - Permen PUPR 2022,Lucrări de construcții și amenajări,5.1 LUCRĂRI SISTEM DISTRIBUȚIE REȚEA ELECTRICĂ
Cablu NYMHY 3 x mm2 + Conduct PVC HI 20 mm2 și accesorii,Cablu NYMHY 3 x mm2 + Conduct PVC HI 20 mm2 și accesorii,Material,General,m',0.0,0.0,0.0,0.0,0,RON,0.0,1.2,1,1,Building and settlement works,Analiza Prețului Unitar al Lucrărilor (AHSP) - Permen PUPR 2022,Lucrări de construcții și amenajări,5.1 LUCRĂRI SISTEM DISTRIBUȚIE REȚEA ELECTRICĂ
"NYMHY 4 x 2,5 mm² și accesorii","NYMHY 4 x 2,5 mm² și accesorii",Material,General,m',0.0,0.0,0.0,0.0,0,RON,0.0,1.2,1,1,Building and settlement works,Analiza Prețului Unitar al Lucrărilor (AHSP) - Permen PUPR 2022,Lucrări de construcții și amenajări,5.1 LUCRĂRI SISTEM DISTRIBUȚIE REȚEA ELECTRICĂ
"FRC 3 x 2,5 mm² accesorii","FRC 3 x 2,5 mm² accesorii",Material,General,m',0.0,0.0,0.0,0.0,0,RON,0.0,1.15,1,1,Building and settlement works,Analiza Prețului Unitar al Lucrărilor (AHSP) - Permen PUPR 2022,Lucrări de construcții și amenajări,5.1.1.5 Cablu NYFGBY
NYFGBY 4 x 300 mm² și accesorii,NYFGBY 4 x 300 mm² și accesorii,Material,General,m',0.0,0.0,0.0,0.0,0,RON,0.0,1.2,1,1,Building and settlement works,Analiza Prețului Unitar al Lucrărilor (AHSP) - Permen PUPR 2022,Lucrări de construcții și amenajări,5.1.1.5 Cablu NYFGBY
NYFGBY 4 x 240 mm² și accesorii,NYFGBY 4 x 240 mm² și accesorii,Material,General,m',0.0,0.0,0.0,0.0,0,RON,0.0,1.2,1,1,Building and settlement works,Analiza Prețului Unitar al Lucrărilor (AHSP) - Permen PUPR 2022,Lucrări de construcții și amenajări,5.1.1.5 Cablu NYFGBY
NYFGBY 4 x 185 mm² și accesorii,NYFGBY 4 x 185 mm² și accesorii,Material,General,m',0.0,0.0,0.0,0.0,0,RON,0.0,1.2,1,1,Building and settlement works,Analiza Prețului Unitar al Lucrărilor (AHSP) - Permen PUPR 2022,Lucrări de construcții și amenajări,5.1.1.5 Cablu NYFGBY
NYFGBY 4 x 150 mm² și accesorii,NYFGBY 4 x 150 mm² și accesorii,Material,General,m',0.0,0.0,0.0,0.0,0,RON,0.0,1.2,1,1,Building and settlement works,Analiza Prețului Unitar al Lucrărilor (AHSP) - Permen PUPR 2022,Lucrări de construcții și amenajări,5.1.1.5 Cablu NYFGBY
NYFGBY 4 x 120 mm² și accesorii,NYFGBY 4 x 120 mm² și accesorii,Material,General,m',0.0,0.0,0.0,0.0,0,RON,0.0,1.2,1,1,Building and settlement works,Analiza Prețului Unitar al Lucrărilor (AHSP) - Permen PUPR 2022,Lucrări de construcții și amenajări,5.1.1.5 Cablu NYFGBY
NYFGBY 4 x 95 mm² și accesorii,NYFGBY 4 x 95 mm² și accesorii,Material,General,m',0.0,0.0,0.0,0.0,0,RON,0.0,1.2,1,1,Building and settlement works,Analiza Prețului Unitar al Lucrărilor (AHSP) - Permen PUPR 2022,Lucrări de construcții și amenajări,5.1.1.5 Cablu NYFGBY
NYFGBY 4 x 70 mm² și accesorii,NYFGBY 4 x 70 mm² și accesorii,Material,General,m',0.0,0.0,0.0,0.0,0,RON,0.0,1.2,1,1,Building and settlement works,Analiza Prețului Unitar al Lucrărilor (AHSP) - Permen PUPR 2022,Lucrări de construcții și amenajări,5.1.1.5 Cablu NYFGBY
NYFGBY 4 x 50 mm² și accesorii,NYFGBY 4 x 50 mm² și accesorii,Material,General,m',0.0,0.0,0.0,0.0,0,RON,0.0,1.2,1,1,Building and settlement works,Analiza Prețului Unitar al Lucrărilor (AHSP) - Permen PUPR 2022,Lucrări de construcții și amenajări,5.1.1.5 Cablu NYFGBY
NYFGBY 4 x 35 mm² și accesorii,NYFGBY 4 x 35 mm² și accesorii,Material,General,m',0.0,0.0,0.0,0.0,0,RON,0.0,1.2,1,1,Building and settlement works,Analiza Prețului Unitar al Lucrărilor (AHSP) - Permen PUPR 2022,Lucrări de construcții și amenajări,5.1.1.5 Cablu NYFGBY
NYFGBY 4 x 25 mm² și accesorii,NYFGBY 4 x 25 mm² și accesorii,Material,General,m',0.0,0.0,0.0,0.0,0,RON,0.0,1.2,1,1,Building and settlement works,Analiza Prețului Unitar al Lucrărilor (AHSP) - Permen PUPR 2022,Lucrări de construcții și amenajări,5.1.1.5 Cablu NYFGBY
NYFGBY 4 x 16 mm² și accesorii,NYFGBY 4 x 16 mm² și accesorii,Material,General,m',0.0,0.0,0.0,0.0,0,RON,0.0,1.2,1,1,Building and settlement works,Analiza Prețului Unitar al Lucrărilor (AHSP) - Permen PUPR 2022,Lucrări de construcții și amenajări,5.1.1.5 Cablu NYFGBY
NYFGBY 4 x 10 mm² și accesorii,NYFGBY 4 x 10 mm² și accesorii,Material,General,m',0.0,0.0,0.0,0.0,0,RON,0.0,1.2,1,1,Building and settlement works,Analiza Prețului Unitar al Lucrărilor (AHSP) - Permen PUPR 2022,Lucrări de construcții și amenajări,5.1.1.5 Cablu NYFGBY
NYFGBY 4 x 6 mm² și accesorii,NYFGBY 4 x 6 mm² și accesorii,Material,General,m',0.0,0.0,0.0,0.0,0,RON,0.0,1.2,1,1,Building and settlement works,Analiza Prețului Unitar al Lucrărilor (AHSP) - Permen PUPR 2022,Lucrări de construcții și amenajări,5.1.1.5 Cablu NYFGBY
NYFGBY 4 x 4 mm² și accesorii,NYFGBY 4 x 4 mm² și accesorii,Material,General,m',0.0,0.0,0.0,0.0,0,RON,0.0,1.2,1,1,Building and settlement works,Analiza Prețului Unitar al Lucrărilor (AHSP) - Permen PUPR 2022,Lucrări de construcții și amenajări,5.1.1.5 Cablu NYFGBY
"NYFGBY 4 x 2,5 mm² și accesorii","NYFGBY 4 x 2,5 mm² și accesorii",Material,General,m',0.0,0.0,0.0,0.0,0,RON,0.0,1.2,1,1,Building and settlement works,Analiza Prețului Unitar al Lucrărilor (AHSP) - Permen PUPR 2022,Lucrări de construcții și amenajări,5.1.1.5 Cablu NYFGBY
"BCC 16 mm2 (0,16 kg/m) și accesorii","BCC 16 mm2 (0,16 kg/m) și accesorii",Material,General,m',0.0,0.0,0.0,0.0,0,RON,0.0,1.15,1,1,Building and settlement works,Analiza Prețului Unitar al Lucrărilor (AHSP) - Permen PUPR 2022,Lucrări de construcții și amenajări,"L.0 OH m' 1,15"
"BCC 10 mm2 (0,10 kg/m) și accesorii","BCC 10 mm2 (0,10 kg/m) și accesorii",Material,General,m',0.0,0.0,0.0,0.0,0,RON,0.0,1.15,1,1,Building and settlement works,Analiza Prețului Unitar al Lucrărilor (AHSP) - Permen PUPR 2022,Lucrări de construcții și amenajări,"L.0 OH m' 1,15"
Electrician / Electronic technician,Electrician / Electronic technician,Labor,Labor,,0.0,0.0,0.0,0.0,0,RON,0.0,0.032,1,1,Building and settlement works,Analiza Prețului Unitar al Lucrărilor (AHSP) - Permen PUPR 2022,Lucrări de construcții și amenajări,5.1.1.5 Cablu NYFGBY
"BCC 4 mm2 (0,04 kg/m) și accesorii","BCC 4 mm2 (0,04 kg/m) și accesorii",Material,General,m',0.0,0.0,0.0,0.0,0,RON,0.0,1.15,1,1,Building and settlement works,Analiza Prețului Unitar al Lucrărilor (AHSP) - Permen PUPR 2022,Lucrări de construcții și amenajări,5.1.1.5 Cablu NYFGBY
Țeavă PVC Ø 90 mm Închirierea Tripot/Tackel,Țeavă PVC Ø 90 mm Închirierea Tripot/Tackel,Material,General,m,0.0,0.0,0.0,0.0,0,RON,0.0,1.0,1,1,Building and settlement works,Analiza Prețului Unitar al Lucrărilor (AHSP) - Hotărârea PUPR 2016,Lucrări de construcții și amenajări,A.8.4.1 PREȚUL UNITĂȚII DE LUCRU PENTRU INSTALAREA ȚEVURILOR ÎN AFARA CLĂDIRII
Țeavă PVC Ø 63 mm,Țeavă PVC Ø 63 mm,Material,General,m,0.0,0.0,0.0,0.0,0,RON,0.0,1.0,1,1,Building and settlement works,Analiza Prețului Unitar al Lucrărilor (AHSP) - Hotărârea PUPR 2016,Lucrări de construcții și amenajări,A.8.4.1 PREȚUL UNITĂȚII DE LUCRU PENTRU INSTALAREA ȚEVURILOR ÎN AFARA CLĂDIRII
țeavă pământ dia,țeavă pământ dia,Material,General,buah,0.0,0.0,0.0,0.0,0,RON,0.0,1.1,1,1,Building and settlement works,Analiza Prețului Unitar al Lucrărilor (AHSP) - Hotărârea PUPR 2016,Lucrări de construcții și amenajări,A.5.1.1 PREȚUL UNITĂȚII DE LUCRU PENTRU SANITARE ÎN CLĂDIRI
Armătură oțel,Armătură oțel,Material,General,Kg,0.0,0.0,0.0,0.0,0,RON,0.0,1.6,1,1,Building and settlement works,Analiza Prețului Unitar al Lucrărilor (AHSP) - Hotărârea PUPR 2016,Lucrări de construcții și amenajări,A.5.1.1 PREȚUL UNITĂȚII DE LUCRU PENTRU SANITARE ÎN CLĂDIRI
Closet stând,Closet stând,Material,General,Unit,0.0,0.0,0.0,0.0,0,RON,0.0,1.0,1,1,Building and settlement works,Analiza Prețului Unitar al Lucrărilor (AHSP) - Hotărârea PUPR 2016,Lucrări de construcții și amenajări,A.5.1.1 PREȚUL UNITĂȚII DE LUCRU PENTRU SANITARE ÎN CLĂDIRI
Wood filler,Wood filler,Material,Wood & Timber,kg,0.0,0.0,0.0,0.0,0,RON,0.0,1.5,1,1,Building and settlement works,Analiza Prețului Unitar al Lucrărilor (AHSP) - Hotărârea PUPR 2016,Lucrări de construcții și amenajări,A.4.7.1 PREȚUL UNITĂȚII DE LUCRU PENTRU VOPSITORIE
Cat antara,Cat antara,Material,General,Kg,0.0,0.0,0.0,0.0,0,RON,0.0,0.17,1,1,Building and settlement works,Analiza Prețului Unitar al Lucrărilor (AHSP) - Hotărârea PUPR 2016,Lucrări de construcții și amenajări,A.4.7.1 PREȚUL UNITĂȚII DE LUCRU PENTRU VOPSITORIE
Wall paper,Wall paper,Material,General,m2,0.0,0.0,0.0,0.0,0,RON,0.0,1.2,1,1,Building and settlement works,Analiza Prețului Unitar al Lucrărilor (AHSP) - Hotărârea PUPR 2016,Lucrări de construcții și amenajări,A.4.7.1 PREȚUL UNITĂȚII DE LUCRU PENTRU VOPSITORIE
FRC 1 x 150 mm² și accesorii,FRC 1 x 150 mm² și accesorii,Material,General,m',0.0,0.0,0.0,0.0,0,RON,0.0,1.15,1,1,Building and settlement works,Analiza Prețului Unitar al Lucrărilor (AHSP) - Permen PUPR 2022,Lucrări de construcții și amenajări,5.1.1.5 Cablu NYFGBY
FRC 4 x 150 mm² și accesorii,FRC 4 x 150 mm² și accesorii,Material,General,m',0.0,0.0,0.0,0.0,0,RON,0.0,1.15,1,1,Building and settlement works,Analiza Prețului Unitar al Lucrărilor (AHSP) - Permen PUPR 2022,Lucrări de construcții și amenajări,5.1.1.5 Cablu NYFGBY
FRC 4 x 6 mm² și accesorii,FRC 4 x 6 mm² și accesorii,Material,General,m',0.0,0.0,0.0,0.0,0,RON,0.0,1.15,1,1,Building and settlement works,Analiza Prețului Unitar al Lucrărilor (AHSP) - Permen PUPR 2022,Lucrări de construcții și amenajări,5.1.1.5 Cablu NYFGBY
FRC 4 x 4 mm² și accesorii,FRC 4 x 4 mm² și accesorii,Material,General,m',0.0,0.0,0.0,0.0,0,RON,0.0,1.15,1,1,Building and settlement works,Analiza Prețului Unitar al Lucrărilor (AHSP) - Permen PUPR 2022,Lucrări de construcții și amenajări,5.1.1.5 Cablu NYFGBY
500 x 100 mm și accesorii,500 x 100 mm și accesorii,Material,General,m',0.0,0.0,0.0,0.0,0,RON,0.0,1.2,1,1,Building and settlement works,Analiza Prețului Unitar al Lucrărilor (AHSP) - Permen PUPR 2022,Lucrări de construcții și amenajări,"L.0 OH m' 1,15"
600 x 100 mm și accesorii,600 x 100 mm și accesorii,Material,General,m',0.0,0.0,0.0,0.0,0,RON,0.0,1.2,1,1,Building and settlement works,Analiza Prețului Unitar al Lucrărilor (AHSP) - Permen PUPR 2022,Lucrări de construcții și amenajări,"L.0 OH m' 1,15"
(orizontal) 200 x 100 mm și accesorii,(orizontal) 200 x 100 mm și accesorii,Material,General,m',0.0,0.0,0.0,0.0,0,RON,0.0,1.25,1,1,Building and settlement works,Analiza Prețului Unitar al Lucrărilor (AHSP) - Permen PUPR 2022,Lucrări de construcții și amenajări,"L.0 OH m' 1,15"
(Orizontal) 300 x 100 mm și accesorii,(Orizontal) 300 x 100 mm și accesorii,Material,General,m',0.0,0.0,0.0,0.0,0,RON,0.0,1.25,1,1,Building and settlement works,Analiza Prețului Unitar al Lucrărilor (AHSP) - Permen PUPR 2022,Lucrări de construcții și amenajări,"L.0 OH m' 1,15"
(Orizontal) 400 x 100 mm și accesorii,(Orizontal) 400 x 100 mm și accesorii,Material,General,m',0.0,0.0,0.0,0.0,0,RON,0.0,1.25,1,1,Building and settlement works,Analiza Prețului Unitar al Lucrărilor (AHSP) - Permen PUPR 2022,Lucrări de construcții și amenajări,"L.0 OH m' 1,15"
(Orizontal) 500 x 100 mm și accesorii,(Orizontal) 500 x 100 mm și accesorii,Material,General,m',0.0,0.0,0.0,0.0,0,RON,0.0,1.25,1,1,Building and settlement works,Analiza Prețului Unitar al Lucrărilor (AHSP) - Permen PUPR 2022,Lucrări de construcții și amenajări,"L.0 OH m' 1,15"
(orizontal) 600 x 100 mm și accesorii,(orizontal) 600 x 100 mm și accesorii,Material,General,m',0.0,0.0,0.0,0.0,0,RON,0.0,1.25,1,1,Building and settlement works,Analiza Prețului Unitar al Lucrărilor (AHSP) - Permen PUPR 2022,Lucrări de construcții și amenajări,"L.0 OH m' 1,15"
Cablu coaxial 7C-2V și accesorii,Cablu coaxial 7C-2V și accesorii,Material,General,m',0.0,0.0,0.0,0.0,0,RON,0.0,1.15,1,1,Building and settlement works,Analiza Prețului Unitar al Lucrărilor (AHSP) - Permen PUPR 2022,Lucrări de construcții și amenajări,"L.0 OH m' 1,15"
Țeavă PVC Conduit HI 20 mm2 și accesorii,Țeavă PVC Conduit HI 20 mm2 și accesorii,Material,General,m',0.0,0.0,0.0,0.0,0,RON,0.0,1.15,1,1,Building and settlement works,Analiza Prețului Unitar al Lucrărilor (AHSP) - Permen PUPR 2022,Lucrări de construcții și amenajări,"L.0 OH m' 1,15"
Cablu ITC 2 x 2 x mm2 + Tub PVC HI 20 mm2 și accesorii,Cablu ITC 2 x 2 x mm2 + Tub PVC HI 20 mm2 și accesorii,Material,General,m',0.0,0.0,0.0,0.0,0,RON,0.0,1.125,1,1,Building and settlement works,Analiza Prețului Unitar al Lucrărilor (AHSP) - Permen PUPR 2022,Lucrări de construcții și amenajări,"L.0 OH m' 1,15"
Cablu STP AWG 18 PVC Conduct HI 20 mm2 (de la MCFA la TB) și accesorii,Cablu STP AWG 18 PVC Conduct HI 20 mm2 (de la MCFA la TB) și accesorii,Material,General,m',0.0,0.0,0.0,0.0,0,RON,0.0,1.15,1,1,Building and settlement works,Analiza Prețului Unitar al Lucrărilor (AHSP) - Permen PUPR 2022,Lucrări de construcții și amenajări,"L.0 OH m' 1,15"
"BCC 95 mm2 (0,95 kg/m) și accesorii","BCC 95 mm2 (0,95 kg/m) și accesorii",Material,General,m',0.0,0.0,0.0,0.0,0,RON,0.0,1.15,1,1,Building and settlement works,Analiza Prețului Unitar al Lucrărilor (AHSP) - Permen PUPR 2022,Lucrări de construcții și amenajări,"L.0 OH m' 1,15"
"BCC 70 mm2 (0,70 kg/m) și accesorii","BCC 70 mm2 (0,70 kg/m) și accesorii",Material,General,m',0.0,0.0,0.0,0.0,0,RON,0.0,1.15,1,1,Building and settlement works,Analiza Prețului Unitar al Lucrărilor (AHSP) - Permen PUPR 2022,Lucrări de construcții și amenajări,"L.0 OH m' 1,15"
"BCC 50 mm2 (0,50 kg/m) și accesorii","BCC 50 mm2 (0,50 kg/m) și accesorii",Material,General,m',0.0,0.0,0.0,0.0,0,RON,0.0,1.15,1,1,Building and settlement works,Analiza Prețului Unitar al Lucrărilor (AHSP) - Permen PUPR 2022,Lucrări de construcții și amenajări,"L.0 OH m' 1,15"
"BCC 35 mm2 (0,35 kg/m) și accesorii","BCC 35 mm2 (0,35 kg/m) și accesorii",Material,General,m',0.0,0.0,0.0,0.0,0,RON,0.0,1.15,1,1,Building and settlement works,Analiza Prețului Unitar al Lucrărilor (AHSP) - Permen PUPR 2022,Lucrări de construcții și amenajări,"L.0 OH m' 1,15"
"BCC 25 mm2 (0,25 kg/m) și accesorii","BCC 25 mm2 (0,25 kg/m) și accesorii",Material,General,m',0.0,0.0,0.0,0.0,0,RON,0.0,1.15,1,1,Building and settlement works,Analiza Prețului Unitar al Lucrărilor (AHSP) - Permen PUPR 2022,Lucrări de construcții și amenajări,"L.0 OH m' 1,15"
Cutie MCB și accesorii,Cutie MCB și accesorii,Material,General,Unit,0.0,0.0,0.0,0.0,0,RON,0.0,1.03,1,1,Building and settlement works,Analiza Prețului Unitar al Lucrărilor (AHSP) - Permen PUPR 2022,Lucrări de construcții și amenajări,"L.0 OH m' 1,15"
Suprapresiune inclusiv material auxiliar / accesorii,Suprapresiune inclusiv material auxiliar / accesorii,Material,General,Unit,0.0,0.0,0.0,0.0,0,RON,0.0,1.0,1,1,Building and settlement works,Analiza Prețului Unitar al Lucrărilor (AHSP) - Permen PUPR 2022,Lucrări de construcții și amenajări,"L.0 OH m' 1,15"
turn răcire inclus material auxiliar / accesorii,turn răcire inclus material auxiliar / accesorii,Material,General,Unit,0.0,0.0,0.0,0.0,0,RON,0.0,1.0,1,1,Building and settlement works,Analiza Prețului Unitar al Lucrărilor (AHSP) - Permen PUPR 2022,Lucrări de construcții și amenajări,"L.0 OH m' 1,15"
Răcitor inclusiv material auxiliar / accesorii,Răcitor inclusiv material auxiliar / accesorii,Material,General,Unit,0.0,0.0,0.0,0.0,0,RON,0.0,1.0,1,1,Building and settlement works,Analiza Prețului Unitar al Lucrărilor (AHSP) - Permen PUPR 2022,Lucrări de construcții și amenajări,"L.0 OH m' 1,15"
(Sistem VRF/DX) inclusiv material ajutor / accesorii,(Sistem VRF/DX) inclusiv material ajutor / accesorii,Material,General,Unit,0.0,0.0,0.0,0.0,0,RON,0.0,1.0,1,1,Building and settlement works,Analiza Prețului Unitar al Lucrărilor (AHSP) - Permen PUPR 2022,Lucrări de construcții și amenajări,"L.0 OH m' 1,15"
Electronic inclusiv material ajutor / accesorii,Electronic inclusiv material ajutor / accesorii,Material,General,Unit,0.0,0.0,0.0,0.0,0,RON,0.0,1.0,1,1,Building and settlement works,Analiza Prețului Unitar al Lucrărilor (AHSP) - Permen PUPR 2022,Lucrări de construcții și amenajări,"L.0 OH m' 1,15"
Piscină inclusiv material auxiliar / accesorii,Piscină inclusiv material auxiliar / accesorii,Material,General,Unit,0.0,0.0,0.0,0.0,0,RON,0.0,1.0,1,1,Building and settlement works,Analiza Prețului Unitar al Lucrărilor (AHSP) - Permen PUPR 2022,Lucrări de construcții și amenajări,"L.0 OH m' 1,15"
Transfer inclusiv material auxiliar / accesorii,Transfer inclusiv material auxiliar / accesorii,Material,General,Unit,0.0,0.0,0.0,0.0,0,RON,0.0,1.0,1,1,Building and settlement works,Analiza Prețului Unitar al Lucrărilor (AHSP) - Permen PUPR 2022,Lucrări de construcții și amenajări,"L.0 OH m' 1,15"
exterior interior inclusiv material auxiliar / accesorii,exterior interior inclusiv material auxiliar / accesorii,Material,General,Unit,0.0,0.0,0.0,0.0,0,RON,0.0,1.0,1,1,Building and settlement works,Analiza Prețului Unitar al Lucrărilor (AHSP) - Permen PUPR 2022,Lucrări de construcții și amenajări,"L.0 OH m' 1,15"
material auxiliar / accesorii,material auxiliar / accesorii,Material,General,Unit,0.0,0.0,0.0,0.0,0,RON,0.0,1.0,1,1,Building and settlement works,Analiza Prețului Unitar al Lucrărilor (AHSP) - Permen PUPR 2022,Lucrări de construcții și amenajări,"L.0 OH m' 1,15"
"lungime 2,5 m Piuliță șurub","lungime 2,5 m Piuliță șurub",Material,General,buah buah,0.0,0.0,0.0,0.0,0,RON,0.0,2.0,1,1,Building and settlement works,Analiza Prețului Unitar al Lucrărilor (AHSP) - Permen PUPR 2022,Lucrări de construcții și amenajări,"L.0 OH m' 1,15"
Cărăci / agățător,Cărăci / agățător,Material,General,,0.0,0.0,0.0,0.0,0,RON,0.0,1.2,1,1,Building and settlement works,Analiza Prețului Unitar al Lucrărilor (AHSP) - Permen PUPR 2022,Lucrări de construcții și amenajări,"L.0 OH m' 1,15"
Oțel Ușor 75.100 grosime 1 mm,Oțel Ușor 75.100 grosime 1 mm,Material,General,m',0.0,0.0,0.0,0.0,0,RON,0.0,1.1,1,1,Building and settlement works,Analiza Prețului Unitar al Lucrărilor (AHSP) - Permen PUPR 2022,Lucrări de construcții și amenajări,"L.0 OH m' 1,15"
200 x 100 mm și accesorii,200 x 100 mm și accesorii,Material,General,m',0.0,0.0,0.0,0.0,0,RON,0.0,1.2,1,1,Building and settlement works,Analiza Prețului Unitar al Lucrărilor (AHSP) - Permen PUPR 2022,Lucrări de construcții și amenajări,"L.0 OH m' 1,15"
300 x 100 mm și accesorii,300 x 100 mm și accesorii,Material,General,m',0.0,0.0,0.0,0.0,0,RON,0.0,1.2,1,1,Building and settlement works,Analiza Prețului Unitar al Lucrărilor (AHSP) - Permen PUPR 2022,Lucrări de construcții și amenajări,"L.0 OH m' 1,15"
400 x 100 mm și accesorii,400 x 100 mm și accesorii,Material,General,m',0.0,0.0,0.0,0.0,0,RON,0.0,1.2,1,1,Building and settlement works,Analiza Prețului Unitar al Lucrărilor (AHSP) - Permen PUPR 2022,Lucrări de construcții și amenajări,"L.0 OH m' 1,15"
Uscător 1 Ph 1.000 W și accesorii,Uscător 1 Ph 1.000 W și accesorii,Material,General,buah,0.0,0.0,0.0,0.0,0,RON,0.0,1.1,1,1,Building and settlement works,Analiza Prețului Unitar al Lucrărilor (AHSP) - Permen PUPR 2022,Lucrări de construcții și amenajări,"L.0 OH m' 1,15"
"A, 200 W + copertă accesorii","A, 200 W + copertă accesorii",Material,General,buah,0.0,0.0,0.0,0.0,0,RON,0.0,1.1,1,1,Building and settlement works,Analiza Prețului Unitar al Lucrărilor (AHSP) - Permen PUPR 2022,Lucrări de construcții și amenajări,"L.0 OH m' 1,15"
"A, 200 W și accesorii","A, 200 W și accesorii",Material,General,buah,0.0,0.0,0.0,0.0,0,RON,0.0,1.1,1,1,Building and settlement works,Analiza Prețului Unitar al Lucrărilor (AHSP) - Permen PUPR 2022,Lucrări de construcții și amenajări,"L.0 OH m' 1,15"
Rețea Comutator 4 x 2 Gang și accesorii,Rețea Comutator 4 x 2 Gang și accesorii,Material,General,buah,0.0,0.0,0.0,0.0,0,RON,0.0,1.1,1,1,Building and settlement works,Analiza Prețului Unitar al Lucrărilor (AHSP) - Permen PUPR 2022,Lucrări de construcții și amenajări,"L.0 OH m' 1,15"
Comutator Grilă 2 x 24 și accesorii,Comutator Grilă 2 x 24 și accesorii,Material,General,buah,0.0,0.0,0.0,0.0,0,RON,0.0,1.1,1,1,Building and settlement works,Analiza Prețului Unitar al Lucrărilor (AHSP) - Permen PUPR 2022,Lucrări de construcții și amenajări,"L.0 OH m' 1,15"
Comutator grilă 2 x 14 și accesorii,Comutator grilă 2 x 14 și accesorii,Material,General,buah,0.0,0.0,0.0,0.0,0,RON,0.0,1.1,1,1,Building and settlement works,Analiza Prețului Unitar al Lucrărilor (AHSP) - Permen PUPR 2022,Lucrări de construcții și amenajări,"L.0 OH m' 1,15"
Comutator grilă 2 x 12 și accesorii,Comutator grilă 2 x 12 și accesorii,Material,General,buah,0.0,0.0,0.0,0.0,0,RON,0.0,1.1,1,1,Building and settlement works,Analiza Prețului Unitar al Lucrărilor (AHSP) - Permen PUPR 2022,Lucrări de construcții și amenajări,"L.0 OH m' 1,15"
Grid Switch 2 x 2 și accesorii,Grid Switch 2 x 2 și accesorii,Material,General,buah,0.0,0.0,0.0,0.0,0,RON,0.0,1.1,1,1,Building and settlement works,Analiza Prețului Unitar al Lucrărilor (AHSP) - Permen PUPR 2022,Lucrări de construcții și amenajări,"L.0 OH m' 1,15"
Comutator triplu și accesorii,Comutator triplu și accesorii,Material,General,buah,0.0,0.0,0.0,0.0,0,RON,0.0,1.1,1,1,Building and settlement works,Analiza Prețului Unitar al Lucrărilor (AHSP) - Permen PUPR 2022,Lucrări de construcții și amenajări,"L.0 OH m' 1,15"
Întrerupător dublu și accesorii,Întrerupător dublu și accesorii,Material,General,buah,0.0,0.0,0.0,0.0,0,RON,0.0,1.1,1,1,Building and settlement works,Analiza Prețului Unitar al Lucrărilor (AHSP) - Permen PUPR 2022,Lucrări de construcții și amenajări,"L.0 OH m' 1,15"
întrerupător unic și accesorii,întrerupător unic și accesorii,Material,General,buah,0.0,0.0,0.0,0.0,0,RON,0.0,1.1,1,1,Building and settlement works,Analiza Prețului Unitar al Lucrărilor (AHSP) - Permen PUPR 2022,Lucrări de construcții și amenajări,"L.0 OH m' 1,15"
(incluzând terminație instalație transformator) și accesorii,(incluzând terminație instalație transformator) și accesorii,Material,General,Unit,0.0,0.0,0.0,0.0,0,RON,0.0,1.1,1,1,Building and settlement works,Analiza Prețului Unitar al Lucrărilor (AHSP) - Permen PUPR 2022,Lucrări de construcții și amenajări,"L.0 OH m' 1,15"
pompă manuală solar și accesorii,pompă manuală solar și accesorii,Material,General,buah,0.0,0.0,0.0,0.0,0,RON,0.0,1.1,1,1,Building and settlement works,Analiza Prețului Unitar al Lucrărilor (AHSP) - Permen PUPR 2022,Lucrări de construcții și amenajări,"L.0 OH m' 1,15"
500 litru și accesorii,500 litru și accesorii,Material,General,buah,0.0,0.0,0.0,0.0,0,RON,0.0,1.1,1,1,Building and settlement works,Analiza Prețului Unitar al Lucrărilor (AHSP) - Permen PUPR 2022,Lucrări de construcții și amenajări,"L.0 OH m' 1,15"
Backup Online,Backup Online,Material,General,Unit,0.0,0.0,0.0,0.0,0,RON,0.0,1.03,1,1,Building and settlement works,Analiza Prețului Unitar al Lucrărilor (AHSP) - Permen PUPR 2022,Lucrări de construcții și amenajări,"L.0 OH m' 1,15"
Tip silențios și accesorii,Tip silențios și accesorii,Material,General,buah,0.0,0.0,0.0,0.0,0,RON,0.0,1.03,1,1,Building and settlement works,Analiza Prețului Unitar al Lucrărilor (AHSP) - Permen PUPR 2022,Lucrări de construcții și amenajări,"L.0 OH m' 1,15"
Clemă Non-Metalică DC Clip și accesorii,Clemă Non-Metalică DC Clip și accesorii,Material,Steel & Metal,Unit,0.0,0.0,0.0,0.0,0,RON,0.0,1.1,1,1,Building and settlement works,Analiza Prețului Unitar al Lucrărilor (AHSP) - Permen PUPR 2022,Lucrări de construcții și amenajări,5.2 SISTEM DE PROTECȚIE ÎMPOTRIVA TRĂSNETELOR
Bază terminal aer și accesorii,Bază terminal aer și accesorii,Material,General,Unit,0.0,0.0,0.0,0.0,0,RON,0.0,1.1,1,1,Building and settlement works,Analiza Prețului Unitar al Lucrărilor (AHSP) - Permen PUPR 2022,Lucrări de construcții și amenajări,5.2 SISTEM DE PROTECȚIE ÎMPOTRIVA TRĂSNETELOR
Terminal aer @ 1.000 mm și accesorii,Terminal aer @ 1.000 mm și accesorii,Material,General,Unit,0.0,0.0,0.0,0.0,0,RON,0.0,1.1,1,1,Building and settlement works,Analiza Prețului Unitar al Lucrărilor (AHSP) - Permen PUPR 2022,Lucrări de construcții și amenajări,5.2 SISTEM DE PROTECȚIE ÎMPOTRIVA TRĂSNETELOR
material auxiliar,material auxiliar,Material,General,lot,0.0,0.0,0.0,0.0,0,RON,0.0,1.0,1,1,Building and settlement works,Analiza Prețului Unitar al Lucrărilor (AHSP) - Permen PUPR 2022,Lucrări de construcții și amenajări,"L.0 OH m' 1,15"
Cuplaj Verghie,Cuplaj Verghie,Material,General,buah,0.0,0.0,0.0,0.0,0,RON,0.0,6.0,1,1,Building and settlement works,Analiza Prețului Unitar al Lucrărilor (AHSP) - Permen PUPR 2022,Lucrări de construcții și amenajări,"L.0 OH m' 1,15"
Cablu Skun 95 mm2,Cablu Skun 95 mm2,Material,General,m,0.0,0.0,0.0,0.0,0,RON,0.0,4.4,1,1,Building and settlement works,Analiza Prețului Unitar al Lucrărilor (AHSP) - Permen PUPR 2022,Lucrări de construcții și amenajări,"L.0 OH m' 1,15"
Cablu BC 95 mm2,Cablu BC 95 mm2,Material,General,m,0.0,0.0,0.0,0.0,0,RON,0.0,26.4,1,1,Building and settlement works,Analiza Prețului Unitar al Lucrărilor (AHSP) - Permen PUPR 2022,Lucrări de construcții și amenajări,"L.0 OH m' 1,15"
Pilot (adâncime min. 12 m),Pilot (adâncime min. 12 m),Material,General,lot,0.0,0.0,0.0,0.0,0,RON,0.0,1.0,1,1,Building and settlement works,Analiza Prețului Unitar al Lucrărilor (AHSP) - Permen PUPR 2022,Lucrări de construcții și amenajări,"L.0 OH m' 1,15"
Legare pământ Dia.5/8' (adâncime min. 12 m),Legare pământ Dia.5/8' (adâncime min. 12 m),Material,General,batang,0.0,0.0,0.0,0.0,0,RON,0.0,6.0,1,1,Building and settlement works,Analiza Prețului Unitar al Lucrărilor (AHSP) - Permen PUPR 2022,Lucrări de construcții și amenajări,"L.0 OH m' 1,15"
Bară magistrală x 50 x 5 mm bară cupru,Bară magistrală x 50 x 5 mm bară cupru,Material,General,buah,0.0,0.0,0.0,0.0,0,RON,0.0,1.0,1,1,Building and settlement works,Analiza Prețului Unitar al Lucrărilor (AHSP) - Permen PUPR 2022,Lucrări de construcții și amenajări,"L.0 OH m' 1,15"
Piatră Cărămidă 45 x 45 45 cm + Capac Beton 45 x 45 x 10 cm,Piatră Cărămidă 45 x 45 45 cm + Capac Beton 45 x 45 x 10 cm,Material,General,buah,0.0,0.0,0.0,0.0,0,RON,0.0,1.0,1,1,Building and settlement works,Analiza Prețului Unitar al Lucrărilor (AHSP) - Permen PUPR 2022,Lucrări de construcții și amenajări,"L.0 OH m' 1,15"
"SO Windows Server, Monitor, Tastatură, Șoricel și accesorii","SO Windows Server, Monitor, Tastatură, Șoricel și accesorii",Material,Glass,buah,0.0,0.0,0.0,0.0,0,RON,0.0,1.05,1,1,Building and settlement works,Analiza Prețului Unitar al Lucrărilor (AHSP) - Permen PUPR 2022,Lucrări de construcții și amenajări,"L.0 OH m' 1,15"
Offline/Online pentru Contor kWh Autoupravare Plată în avans,Offline/Online pentru Contor kWh Autoupravare Plată în avans,Material,General,buah,0.0,0.0,0.0,0.0,0,RON,0.0,1.05,1,1,Building and settlement works,Analiza Prețului Unitar al Lucrărilor (AHSP) - Permen PUPR 2022,Lucrări de construcții și amenajări,"L.0 OH m' 1,15"
Contor kWh Token 3 Phase și accesorii,Contor kWh Token 3 Phase și accesorii,Material,General,Unit,0.0,0.0,0.0,0.0,0,RON,0.0,1.03,1,1,Building and settlement works,Analiza Prețului Unitar al Lucrărilor (AHSP) - Permen PUPR 2022,Lucrări de construcții și amenajări,"L.0 OH m' 1,15"
Contor kWh token 1 fază și accesorii,Contor kWh token 1 fază și accesorii,Material,General,Unit,0.0,0.0,0.0,0.0,0,RON,0.0,1.03,1,1,Building and settlement works,Analiza Prețului Unitar al Lucrărilor (AHSP) - Permen PUPR 2022,Lucrări de construcții și amenajări,"L.0 OH m' 1,15"
Priză AC și accesorii,Priză AC și accesorii,Material,General,buah,0.0,0.0,0.0,0.0,0,RON,0.0,1.1,1,1,Building and settlement works,Analiza Prețului Unitar al Lucrărilor (AHSP) - Permen PUPR 2022,Lucrări de construcții și amenajări,"L.0 OH m' 1,15"
M.144.a,Stop apă PVC larg 1 150 mm,Material,Water,m,0.0,0.0,0.0,0.0,0,RON,0.0,1.05,1,1,Water resources works,Analiza Prețului Unitar al Lucrărilor (AHSP) - Hotărârea PUPR 2016,Lucrări de gestionare a resurselor de apă,1 1PC : 2PB : 3Kr
To.04,ferăstrău oțel daltă beton (oțel,Equipment,General,buah,0.0,0.0,0.0,0.0,0,RON,0.0,0.1,1,1,Water resources works,Analiza Prețului Unitar al Lucrărilor (AHSP) - Hotărârea PUPR 2016,Lucrări de gestionare a resurselor de apă,1 1PC : 2PB : 3Kr
M.118,Cuka bibit,Material,General,Liter,0.0,0.0,0.0,0.0,0,RON,0.0,1.2,1,1,Water resources works,Analiza Prețului Unitar al Lucrărilor (AHSP) - Hotărârea PUPR 2016,Lucrări de gestionare a resurselor de apă,1 1PC : 2PB : 3Kr
Grindă Lemn 8/12 cm,Grindă Lemn 8/12 cm,Material,General,m3,0.0,0.0,0.0,0.0,0,RON,0.0,0.02,1,1,Water resources works,Analiza Prețului Unitar al Lucrărilor (AHSP) - Hotărârea PUPR 2016,Lucrări de gestionare a resurselor de apă,1 1PC : 2PB : 3Kr
Multiflex 12 mm 1 18 mm,Multiflex 12 mm 1 18 mm,Material,General,Lemba r,0.0,0.0,0.0,0.0,0,RON,0.0,0.128,1,1,Water resources works,Analiza Prețului Unitar al Lucrărilor (AHSP) - Hotărârea PUPR 2016,Lucrări de gestionare a resurselor de apă,1 1PC : 2PB : 3Kr
Bază 15 mm (Suport) și accesorii,Bază 15 mm (Suport) și accesorii,Material,General,Unit,0.0,0.0,0.0,0.0,0,RON,0.0,1.1,1,1,Building and settlement works,Analiza Prețului Unitar al Lucrărilor (AHSP) - Permen PUPR 2022,Lucrări de construcții și amenajări,5.2 SISTEM DE PROTECȚIE ÎMPOTRIVA TRĂSNETELOR
"Clampă PVC 1"" și accesorii","Clampă PVC 1"" și accesorii",Material,General,Unit,0.0,0.0,0.0,0.0,0,RON,0.0,1.2,1,1,Building and settlement works,Analiza Prețului Unitar al Lucrărilor (AHSP) - Permen PUPR 2022,Lucrări de construcții și amenajări,5.2 SISTEM DE PROTECȚIE ÎMPOTRIVA TRĂSNETELOR
BC 70mm2 și accesorii,BC 70mm2 și accesorii,Material,General,Unit,0.0,0.0,0.0,0.0,0,RON,0.0,1.1,1,1,Building and settlement works,Analiza Prețului Unitar al Lucrărilor (AHSP) - Permen PUPR 2022,Lucrări de construcții și amenajări,5.2 SISTEM DE PROTECȚIE ÎMPOTRIVA TRĂSNETELOR
Tijă împământare 70 mm2 și accesorii,Tijă împământare 70 mm2 și accesorii,Material,General,Unit,0.0,0.0,0.0,0.0,0,RON,0.0,1.2,1,1,Building and settlement works,Analiza Prețului Unitar al Lucrărilor (AHSP) - Permen PUPR 2022,Lucrări de construcții și amenajări,5.2 SISTEM DE PROTECȚIE ÎMPOTRIVA TRĂSNETELOR
Cuvă inspecție polimer și accesorii,Cuvă inspecție polimer și accesorii,Material,General,Unit,0.0,0.0,0.0,0.0,0,RON,0.0,1.1,1,1,Building and settlement works,Analiza Prețului Unitar al Lucrărilor (AHSP) - Permen PUPR 2022,Lucrări de construcții și amenajări,5.2 SISTEM DE PROTECȚIE ÎMPOTRIVA TRĂSNETELOR
(Tip GUV) și accesorii,(Tip GUV) și accesorii,Material,General,Unit,0.0,0.0,0.0,0.0,0,RON,0.0,1.1,1,1,Building and settlement works,Analiza Prețului Unitar al Lucrărilor (AHSP) - Permen PUPR 2022,Lucrări de construcții și amenajări,5.2 SISTEM DE PROTECȚIE ÎMPOTRIVA TRĂSNETELOR
"5/8"" cui pilot și accesorii","5/8"" cui pilot și accesorii",Material,General,Unit,0.0,0.0,0.0,0.0,0,RON,0.0,1.1,1,1,Building and settlement works,Analiza Prețului Unitar al Lucrărilor (AHSP) - Permen PUPR 2022,Lucrări de construcții și amenajări,5.2 SISTEM DE PROTECȚIE ÎMPOTRIVA TRĂSNETELOR
"cuplaj tije 5/8"" și accesorii","cuplaj tije 5/8"" și accesorii",Material,General,Btg,0.0,0.0,0.0,0.0,0,RON,0.0,6.6,1,1,Building and settlement works,Analiza Prețului Unitar al Lucrărilor (AHSP) - Permen PUPR 2022,Lucrări de construcții și amenajări,5.2 SISTEM DE PROTECȚIE ÎMPOTRIVA TRĂSNETELOR
Cutie Test Legare și accesorii,Cutie Test Legare și accesorii,Material,General,Unit,0.0,0.0,0.0,0.0,0,RON,0.0,1.1,1,1,Building and settlement works,Analiza Prețului Unitar al Lucrărilor (AHSP) - Permen PUPR 2022,Lucrări de construcții și amenajări,5.2 SISTEM DE PROTECȚIE ÎMPOTRIVA TRĂSNETELOR
conector bimetalic și accesorii,conector bimetalic și accesorii,Material,Steel & Metal,Unit,0.0,0.0,0.0,0.0,0,RON,0.0,1.1,1,1,Building and settlement works,Analiza Prețului Unitar al Lucrărilor (AHSP) - Permen PUPR 2022,Lucrări de construcții și amenajări,5.2 SISTEM DE PROTECȚIE ÎMPOTRIVA TRĂSNETELOR
Clampă bandă pătrată și accesorii,Clampă bandă pătrată și accesorii,Material,General,Unit,0.0,0.0,0.0,0.0,0,RON,0.0,1.1,1,1,Building and settlement works,Analiza Prețului Unitar al Lucrărilor (AHSP) - Permen PUPR 2022,Lucrări de construcții și amenajări,5.2 SISTEM DE PROTECȚIE ÎMPOTRIVA TRĂSNETELOR
Senzor de Lumină și accesorii,Senzor de Lumină și accesorii,Material,General,buah,0.0,0.0,0.0,0.0,0,RON,0.0,1.1,1,1,Building and settlement works,Analiza Prețului Unitar al Lucrărilor (AHSP) - Permen PUPR 2022,Lucrări de construcții și amenajări,5.3 LUCRĂRI DE SISTEM DE ILUMINAT
Lampă Grădină 25 Watt + Stâlp 1 M,Lampă Grădină 25 Watt + Stâlp 1 M,Material,General,buah,0.0,0.0,0.0,0.0,0,RON,0.0,1.1,1,1,Building and settlement works,Analiza Prețului Unitar al Lucrărilor (AHSP) - Permen PUPR 2022,Lucrări de construcții și amenajări,5.3 LUCRĂRI DE SISTEM DE ILUMINAT
Watt + Celulă Solar accesorii Stâlp PJU Zonă 6-7 M (hexagonal,Watt + Celulă Solar accesorii Stâlp PJU Zonă 6-7 M (hexagonal,Material,General,buah,0.0,0.0,0.0,0.0,0,RON,0.0,1.05,1,1,Building and settlement works,Analiza Prețului Unitar al Lucrărilor (AHSP) - Permen PUPR 2022,Lucrări de construcții și amenajări,5.3 LUCRĂRI DE SISTEM DE ILUMINAT
Lampă PJU LED 50 Watt și accesorii Stâlp PJU Zonă 6-7 M (hexagonal,Lampă PJU LED 50 Watt și accesorii Stâlp PJU Zonă 6-7 M (hexagonal,Material,General,buah,0.0,0.0,0.0,0.0,0,RON,0.0,1.05,1,1,Building and settlement works,Analiza Prețului Unitar al Lucrărilor (AHSP) - Permen PUPR 2022,Lucrări de construcții și amenajări,5.3 LUCRĂRI DE SISTEM DE ILUMINAT
Watt 2.100 Lumen (Rezistent la Praf) și accesorii,Watt 2.100 Lumen (Rezistent la Praf) și accesorii,Material,General,buah,0.0,0.0,0.0,0.0,0,RON,0.0,1.1,1,1,Building and settlement works,Analiza Prețului Unitar al Lucrărilor (AHSP) - Permen PUPR 2022,Lucrări de construcții și amenajări,5.3 LUCRĂRI DE SISTEM DE ILUMINAT
watt c/w baterie și accesorii,watt c/w baterie și accesorii,Material,General,buah,0.0,0.0,0.0,0.0,0,RON,0.0,1.1,1,1,Building and settlement works,Analiza Prețului Unitar al Lucrărilor (AHSP) - Permen PUPR 2022,Lucrări de construcții și amenajări,5.3 LUCRĂRI DE SISTEM DE ILUMINAT
Lampă High Bay Watt și accesorii,Lampă High Bay Watt și accesorii,Material,General,Unit,0.0,0.0,0.0,0.0,0,RON,0.0,1.2,1,1,Building and settlement works,Analiza Prețului Unitar al Lucrărilor (AHSP) - Permen PUPR 2022,Lucrări de construcții și amenajări,5.3 LUCRĂRI DE SISTEM DE ILUMINAT
Apărător lampă,Apărător lampă,Material,General,Unit,0.0,0.0,0.0,0.0,0,RON,0.0,1.0,1,1,Building and settlement works,Analiza Prețului Unitar al Lucrărilor (AHSP) - Permen PUPR 2022,Lucrări de construcții și amenajări,5.3 LUCRĂRI DE SISTEM DE ILUMINAT
Lampă Reflector RGB Watt pentru Exterior și accesorii,Lampă Reflector RGB Watt pentru Exterior și accesorii,Material,General,Unit,0.0,0.0,0.0,0.0,0,RON,0.0,1.1,1,1,Building and settlement works,Analiza Prețului Unitar al Lucrărilor (AHSP) - Permen PUPR 2022,Lucrări de construcții și amenajări,5.3 LUCRĂRI DE SISTEM DE ILUMINAT
100 Watt și accesorii,100 Watt și accesorii,Material,General,Unit,0.0,0.0,0.0,0.0,0,RON,0.0,1.1,1,1,Building and settlement works,Analiza Prețului Unitar al Lucrărilor (AHSP) - Permen PUPR 2022,Lucrări de construcții și amenajări,5.3 LUCRĂRI DE SISTEM DE ILUMINAT
RM TKI 2 x 16 Watt LED și accesorii,RM TKI 2 x 16 Watt LED și accesorii,Material,General,Unit,0.0,0.0,0.0,0.0,0,RON,0.0,1.1,1,1,Building and settlement works,Analiza Prețului Unitar al Lucrărilor (AHSP) - Permen PUPR 2022,Lucrări de construcții și amenajări,5.3 LUCRĂRI DE SISTEM DE ILUMINAT
"14,5 Watt LED și accesorii","14,5 Watt LED și accesorii",Material,General,buah,0.0,0.0,0.0,0.0,0,RON,0.0,1.1,1,1,Building and settlement works,Analiza Prețului Unitar al Lucrărilor (AHSP) - Permen PUPR 2022,Lucrări de construcții și amenajări,5.3 LUCRĂRI DE SISTEM DE ILUMINAT
Instrument piloți + ciocan 2,Instrument piloți + ciocan 2,Equipment,General,Sewa-,0.0,0.0,0.0,0.0,0,RON,0.0,0.1,1,1,Water resources works,Analiza Prețului Unitar al Lucrărilor (AHSP) - Hotărârea PUPR 2016,Lucrări de gestionare a resurselor de apă,A.4 Lucrări de forare manuală (Normativ)
M.144.d,150-200 mm,Material,General,m,0.0,0.0,0.0,0.0,0,RON,0.0,1.05,1,1,Water resources works,Analiza Prețului Unitar al Lucrărilor (AHSP) - Hotărârea PUPR 2016,Lucrări de gestionare a resurselor de apă,1 1PC : 2PB : 3Kr
Stop apă PVC larg 1 320mm,Stop apă PVC larg 1 320mm,Material,General,m,0.0,0.0,0.0,0.0,0,RON,0.0,1.05,1,1,Water resources works,Analiza Prețului Unitar al Lucrărilor (AHSP) - Hotărârea PUPR 2016,Lucrări de gestionare a resurselor de apă,1 1PC : 2PB : 3Kr
M.144.b,200 mm,Material,General,m,0.0,0.0,0.0,0.0,0,RON,0.0,1.05,1,1,Water resources works,Analiza Prețului Unitar al Lucrărilor (AHSP) - Hotărârea PUPR 2016,Lucrări de gestionare a resurselor de apă,1 1PC : 2PB : 3Kr
4 porturi și accesorii,4 porturi și accesorii,Material,General,Unit,0.0,0.0,0.0,0.0,0,RON,0.0,1.05,1,1,Building and settlement works,Analiza Prețului Unitar al Lucrărilor (AHSP) - Permen PUPR 2022,Lucrări de construcții și amenajări,5.4 LUCRĂRI SISTEM ELECTRONIC
Cablu ITC 2 x 2 x mm2,Cablu ITC 2 x 2 x mm2,Material,General,M,0.0,0.0,0.0,0.0,0,RON,0.0,16.5,1,1,Building and settlement works,Analiza Prețului Unitar al Lucrărilor (AHSP) - Permen PUPR 2022,Lucrări de construcții și amenajări,5.4 LUCRĂRI SISTEM ELECTRONIC
Cablu STP AWG 18 1 pereche,Cablu STP AWG 18 1 pereche,Material,General,m,0.0,0.0,0.0,0.0,0,RON,0.0,8.8,1,1,Building and settlement works,Analiza Prețului Unitar al Lucrărilor (AHSP) - Permen PUPR 2022,Lucrări de construcții și amenajări,5.4 LUCRĂRI SISTEM ELECTRONIC
Clopot Alarmă și accesorii,Clopot Alarmă și accesorii,Material,General,Unit,0.0,0.0,0.0,0.0,0,RON,0.0,1.05,1,1,Building and settlement works,Analiza Prețului Unitar al Lucrărilor (AHSP) - Permen PUPR 2022,Lucrări de construcții și amenajări,5.4 LUCRĂRI SISTEM ELECTRONIC
Telefon stingere incendiu și accesorii,Telefon stingere incendiu și accesorii,Material,General,Unit,0.0,0.0,0.0,0.0,0,RON,0.0,1.05,1,1,Building and settlement works,Analiza Prețului Unitar al Lucrărilor (AHSP) - Permen PUPR 2022,Lucrări de construcții și amenajări,5.4 LUCRĂRI SISTEM ELECTRONIC
Claxon Strobe și accesorii,Claxon Strobe și accesorii,Material,General,Unit,0.0,0.0,0.0,0.0,0,RON,0.0,1.05,1,1,Building and settlement works,Analiza Prețului Unitar al Lucrărilor (AHSP) - Permen PUPR 2022,Lucrări de construcții și amenajări,5.4 LUCRĂRI SISTEM ELECTRONIC
Spart Manual Sticlă și accesorii,Spart Manual Sticlă și accesorii,Material,General,Unit,0.0,0.0,0.0,0.0,0,RON,0.0,1.05,1,1,Building and settlement works,Analiza Prețului Unitar al Lucrărilor (AHSP) - Permen PUPR 2022,Lucrări de construcții și amenajări,5.4 LUCRĂRI SISTEM ELECTRONIC
Lampă indicator și accesorii,Lampă indicator și accesorii,Material,General,Unit,0.0,0.0,0.0,0.0,0,RON,0.0,1.05,1,1,Building and settlement works,Analiza Prețului Unitar al Lucrărilor (AHSP) - Permen PUPR 2022,Lucrări de construcții și amenajări,5.4 LUCRĂRI SISTEM ELECTRONIC
alarmă (complet cu modul) și accesorii,alarmă (complet cu modul) și accesorii,Material,General,Unit,0.0,0.0,0.0,0.0,0,RON,0.0,1.1,1,1,Building and settlement works,Analiza Prețului Unitar al Lucrărilor (AHSP) - Permen PUPR 2022,Lucrări de construcții și amenajări,5.4 LUCRĂRI SISTEM ELECTRONIC
Anunțator și accesorii,Anunțator și accesorii,Material,General,Unit,0.0,0.0,0.0,0.0,0,RON,0.0,1.1,1,1,Building and settlement works,Analiza Prețului Unitar al Lucrărilor (AHSP) - Permen PUPR 2022,Lucrări de construcții și amenajări,5.4 LUCRĂRI SISTEM ELECTRONIC
Imprimantă Raport și accesorii,Imprimantă Raport și accesorii,Material,General,Unit,0.0,0.0,0.0,0.0,0,RON,0.0,1.05,1,1,Building and settlement works,Analiza Prețului Unitar al Lucrărilor (AHSP) - Permen PUPR 2022,Lucrări de construcții și amenajări,5.4 LUCRĂRI SISTEM ELECTRONIC
Alarmă Imprimantă și accesorii,Alarmă Imprimantă și accesorii,Material,General,Unit,0.0,0.0,0.0,0.0,0,RON,0.0,1.05,1,1,Building and settlement works,Analiza Prețului Unitar al Lucrărilor (AHSP) - Permen PUPR 2022,Lucrări de construcții și amenajări,5.4 LUCRĂRI SISTEM ELECTRONIC
Calculator PC și accesorii,Calculator PC și accesorii,Material,General,Unit,0.0,0.0,0.0,0.0,0,RON,0.0,1.05,1,1,Building and settlement works,Analiza Prețului Unitar al Lucrărilor (AHSP) - Permen PUPR 2022,Lucrări de construcții și amenajări,5.4 LUCRĂRI SISTEM ELECTRONIC
"Programare, testare și punere în funcțiune","Programare, testare și punere în funcțiune",Material,General,Lot,0.0,0.0,0.0,0.0,0,RON,0.0,1.0,1,1,Building and settlement works,Analiza Prețului Unitar al Lucrărilor (AHSP) - Permen PUPR 2022,Lucrări de construcții și amenajări,5.4 LUCRĂRI SISTEM ELECTRONIC
Adresabil 1 buclă) și accesorii,Adresabil 1 buclă) și accesorii,Material,General,Unit,0.0,0.0,0.0,0.0,0,RON,0.0,1.1,1,1,Building and settlement works,Analiza Prețului Unitar al Lucrărilor (AHSP) - Permen PUPR 2022,Lucrări de construcții și amenajări,5.4 LUCRĂRI SISTEM ELECTRONIC
senzor mișcare și accesorii,senzor mișcare și accesorii,Material,General,buah,0.0,0.0,0.0,0.0,0,RON,0.0,1.1,1,1,Building and settlement works,Analiza Prețului Unitar al Lucrărilor (AHSP) - Permen PUPR 2022,Lucrări de construcții și amenajări,5.3 LUCRĂRI DE SISTEM DE ILUMINAT
complet cu priză putere și accesorii,complet cu priză putere și accesorii,Material,General,Unit,0.0,0.0,0.0,0.0,0,RON,0.0,1.05,1,1,Building and settlement works,Analiza Prețului Unitar al Lucrărilor (AHSP) - Permen PUPR 2022,Lucrări de construcții și amenajări,5.4 LUCRĂRI SISTEM ELECTRONIC
TB Hardisk,TB Hardisk,Material,General,Unit,0.0,0.0,0.0,0.0,0,RON,0.0,1.0,1,1,Building and settlement works,Analiza Prețului Unitar al Lucrărilor (AHSP) - Permen PUPR 2022,Lucrări de construcții și amenajări,5.4 LUCRĂRI SISTEM ELECTRONIC
Capacitate 32 canal și accesorii,Capacitate 32 canal și accesorii,Material,General,Unit,0.0,0.0,0.0,0.0,0,RON,0.0,1.05,1,1,Building and settlement works,Analiza Prețului Unitar al Lucrărilor (AHSP) - Permen PUPR 2022,Lucrări de construcții și amenajări,5.4 LUCRĂRI SISTEM ELECTRONIC
Comutator PoE HUB accesorii,Comutator PoE HUB accesorii,Material,General,Unit,0.0,0.0,0.0,0.0,0,RON,0.0,1.05,1,1,Building and settlement works,Analiza Prețului Unitar al Lucrărilor (AHSP) - Permen PUPR 2022,Lucrări de construcții și amenajări,5.4 LUCRĂRI SISTEM ELECTRONIC
Kalkarium,Kalkarium,Material,General,Kg,0.0,0.0,0.0,0.0,0,RON,0.0,0.1,1,1,Building and settlement works,Analiza Prețului Unitar al Lucrărilor (AHSP) - Hotărârea PUPR 2016,Lucrări de construcții și amenajări,A.4.7.1 PREȚUL UNITĂȚII DE LUCRU PENTRU VOPSITORIE
Reziduu sau smoală,Reziduu sau smoală,Material,General,L,0.0,0.0,0.0,0.0,0,RON,0.0,0.35,1,1,Building and settlement works,Analiza Prețului Unitar al Lucrărilor (AHSP) - Hotărârea PUPR 2016,Lucrări de construcții și amenajări,A.4.7.1 PREȚUL UNITĂȚII DE LUCRU PENTRU VOPSITORIE
Politură gata,Politură gata,Material,General,L,0.0,0.0,0.0,0.0,0,RON,0.0,0.372,1,1,Building and settlement works,Analiza Prețului Unitar al Lucrărilor (AHSP) - Hotărârea PUPR 2016,Lucrări de construcții și amenajări,A.4.7.1 PREȚUL UNITĂȚII DE LUCRU PENTRU VOPSITORIE
Politur,Politur,Material,General,L,0.0,0.0,0.0,0.0,0,RON,0.0,0.15,1,1,Building and settlement works,Analiza Prețului Unitar al Lucrărilor (AHSP) - Hotărârea PUPR 2016,Lucrări de construcții și amenajări,A.4.7.1 PREȚUL UNITĂȚII DE LUCRU PENTRU VOPSITORIE
Teak oil,Teak oil,Material,General,L,0.0,0.0,0.0,0.0,0,RON,0.0,0.36,1,1,Building and settlement works,Analiza Prețului Unitar al Lucrărilor (AHSP) - Hotărârea PUPR 2016,Lucrări de construcții și amenajări,A.4.7.1 PREȚUL UNITĂȚII DE LUCRU PENTRU VOPSITORIE
Soda api,Soda api,Material,General,Kg,0.0,0.0,0.0,0.0,0,RON,0.0,0.05,1,1,Building and settlement works,Analiza Prețului Unitar al Lucrărilor (AHSP) - Hotărârea PUPR 2016,Lucrări de construcții și amenajări,A.4.7.1 PREȚUL UNITĂȚII DE LUCRU PENTRU VOPSITORIE
sticlă vitraliu 5mm,sticlă vitraliu 5mm,Material,General,m2,0.0,0.0,0.0,0.0,0,RON,0.0,1.1,1,1,Building and settlement works,Analiza Prețului Unitar al Lucrărilor (AHSP) - Hotărârea PUPR 2016,Lucrări de construcții și amenajări,A.4.6.2 PREȚ PE UNITATE PENTRU LUCRARE DE ÎNCHIDERE ȘI STICLĂ
Sticlă wireglassed mm,Sticlă wireglassed mm,Material,Electrical,m2,0.0,0.0,0.0,0.0,0,RON,0.0,1.1,1,1,Building and settlement works,Analiza Prețului Unitar al Lucrărilor (AHSP) - Hotărârea PUPR 2016,Lucrări de construcții și amenajări,A.4.6.2 PREȚ PE UNITATE PENTRU LUCRARE DE ÎNCHIDERE ȘI STICLĂ
Geam oglindă 8,Geam oglindă 8,Material,General,m2,0.0,0.0,0.0,0.0,0,RON,0.0,1.1,1,1,Building and settlement works,Analiza Prețului Unitar al Lucrărilor (AHSP) - Hotărârea PUPR 2016,Lucrări de construcții și amenajări,A.4.6.2 PREȚ PE UNITATE PENTRU LUCRARE DE ÎNCHIDERE ȘI STICLĂ
Șurub ancorat Ø 12 mm (10-15cm),Șurub ancorat Ø 12 mm (10-15cm),Material,General,buah,0.0,0.0,0.0,0.0,0,RON,0.0,0.693,1,1,Building and settlement works,Analiza Prețului Unitar al Lucrărilor (AHSP) - Hotărârea PUPR 2016,Lucrări de construcții și amenajări,A.4.1.2 PREȚ PE UNITATE PENTRU LUCRĂRI DE BETON PREMOLDUIT
Șurub ancorat Ø 12 mm (10 până la 15 cm),Șurub ancorat Ø 12 mm (10 până la 15 cm),Material,General,buah,0.0,0.0,0.0,0.0,0,RON,0.0,0.693,1,1,Building and settlement works,Analiza Prețului Unitar al Lucrărilor (AHSP) - Hotărârea PUPR 2016,Lucrări de construcții și amenajări,A.4.1.2 PREȚ PE UNITATE PENTRU LUCRĂRI DE BETON PREMOLDUIT
Gestionare Cabluri și accesorii,Gestionare Cabluri și accesorii,Material,General,Unit,0.0,0.0,0.0,0.0,0,RON,0.0,1.05,1,1,Building and settlement works,Analiza Prețului Unitar al Lucrărilor (AHSP) - Permen PUPR 2022,Lucrări de construcții și amenajări,5.4 LUCRĂRI SISTEM ELECTRONIC
Paging Mic Tastatura și accesorii,Paging Mic Tastatura și accesorii,Material,General,Unit,0.0,0.0,0.0,0.0,0,RON,0.0,1.05,1,1,Building and settlement works,Analiza Prețului Unitar al Lucrărilor (AHSP) - Permen PUPR 2022,Lucrări de construcții și amenajări,5.4 LUCRĂRI SISTEM ELECTRONIC
Sistem și accesorii,Sistem și accesorii,Material,General,Unit,0.0,0.0,0.0,0.0,0,RON,0.0,1.05,1,1,Building and settlement works,Analiza Prețului Unitar al Lucrărilor (AHSP) - Permen PUPR 2022,Lucrări de construcții și amenajări,5.4 LUCRĂRI SISTEM ELECTRONIC
Sursă sonor și accesorii,Sursă sonor și accesorii,Material,General,Unit,0.0,0.0,0.0,0.0,0,RON,0.0,1.03,1,1,Building and settlement works,Analiza Prețului Unitar al Lucrărilor (AHSP) - Permen PUPR 2022,Lucrări de construcții și amenajări,5.4 LUCRĂRI SISTEM ELECTRONIC
VCD/DVD/MP3/Mp 4 și accesorii,VCD/DVD/MP3/Mp 4 și accesorii,Material,General,Unit,0.0,0.0,0.0,0.0,0,RON,0.0,1.03,1,1,Building and settlement works,Analiza Prețului Unitar al Lucrărilor (AHSP) - Permen PUPR 2022,Lucrări de construcții și amenajări,5.4 LUCRĂRI SISTEM ELECTRONIC
(Mixer Pre Amp + Egalizor) și accesorii,(Mixer Pre Amp + Egalizor) și accesorii,Material,General,Unit,0.0,0.0,0.0,0.0,0,RON,0.0,1.05,1,1,Building and settlement works,Analiza Prețului Unitar al Lucrărilor (AHSP) - Permen PUPR 2022,Lucrări de construcții și amenajări,5.4 LUCRĂRI SISTEM ELECTRONIC
Amplificator putere 120 Watt și accesorii,Amplificator putere 120 Watt și accesorii,Material,General,Unit,0.0,0.0,0.0,0.0,0,RON,0.0,1.05,1,1,Building and settlement works,Analiza Prețului Unitar al Lucrărilor (AHSP) - Permen PUPR 2022,Lucrări de construcții și amenajări,5.4 LUCRĂRI SISTEM ELECTRONIC
Amplificator de putere 240 Watt și accesorii,Amplificator de putere 240 Watt și accesorii,Material,General,Unit,0.0,0.0,0.0,0.0,0,RON,0.0,1.05,1,1,Building and settlement works,Analiza Prețului Unitar al Lucrărilor (AHSP) - Permen PUPR 2022,Lucrări de construcții și amenajări,5.4 LUCRĂRI SISTEM ELECTRONIC
amplificator putere 360 watt și accesorii,amplificator putere 360 watt și accesorii,Material,General,Unit,0.0,0.0,0.0,0.0,0,RON,0.0,1.05,1,1,Building and settlement works,Analiza Prețului Unitar al Lucrărilor (AHSP) - Permen PUPR 2022,Lucrări de construcții și amenajări,5.4 LUCRĂRI SISTEM ELECTRONIC
Panou control și accesorii,Panou control și accesorii,Material,General,Unit,0.0,0.0,0.0,0.0,0,RON,0.0,1.05,1,1,Building and settlement works,Analiza Prețului Unitar al Lucrărilor (AHSP) - Permen PUPR 2022,Lucrări de construcții și amenajări,5.4 LUCRĂRI SISTEM ELECTRONIC
MDF-SS și accesorii,MDF-SS și accesorii,Material,General,Unit,0.0,0.0,0.0,0.0,0,RON,0.0,1.05,1,1,Building and settlement works,Analiza Prețului Unitar al Lucrărilor (AHSP) - Permen PUPR 2022,Lucrări de construcții și amenajări,5.4 LUCRĂRI SISTEM ELECTRONIC
Cablu UTP cat 6,Cablu UTP cat 6,Material,General,M,0.0,0.0,0.0,0.0,0,RON,0.0,49.5,1,1,Building and settlement works,Analiza Prețului Unitar al Lucrărilor (AHSP) - Permen PUPR 2022,Lucrări de construcții și amenajări,5.4 LUCRĂRI SISTEM ELECTRONIC
Cameră Exterior Fixare Dom și accesorii,Cameră Exterior Fixare Dom și accesorii,Material,General,Unit,0.0,0.0,0.0,0.0,0,RON,0.0,1.05,1,1,Building and settlement works,Analiza Prețului Unitar al Lucrărilor (AHSP) - Permen PUPR 2022,Lucrări de construcții și amenajări,5.4 LUCRĂRI SISTEM ELECTRONIC
Cameră și accesorii,Cameră și accesorii,Material,General,Unit,0.0,0.0,0.0,0.0,0,RON,0.0,1.05,1,1,Building and settlement works,Analiza Prețului Unitar al Lucrărilor (AHSP) - Permen PUPR 2022,Lucrări de construcții și amenajări,5.4 LUCRĂRI SISTEM ELECTRONIC
tastatură + mouse și accesorii,tastatură + mouse și accesorii,Material,General,Unit,0.0,0.0,0.0,0.0,0,RON,0.0,1.03,1,1,Building and settlement works,Analiza Prețului Unitar al Lucrărilor (AHSP) - Permen PUPR 2022,Lucrări de construcții și amenajări,5.4 LUCRĂRI SISTEM ELECTRONIC
"monitor LED 50"" accesorii","monitor LED 50"" accesorii",Material,General,Unit,0.0,0.0,0.0,0.0,0,RON,0.0,1.03,1,1,Building and settlement works,Analiza Prețului Unitar al Lucrărilor (AHSP) - Permen PUPR 2022,Lucrări de construcții și amenajări,5.4 LUCRĂRI SISTEM ELECTRONIC
"Monitor LCD 32"" accesorii","Monitor LCD 32"" accesorii",Material,General,Unit,0.0,0.0,0.0,0.0,0,RON,0.0,1.03,1,1,Building and settlement works,Analiza Prețului Unitar al Lucrărilor (AHSP) - Permen PUPR 2022,Lucrări de construcții și amenajări,5.4 LUCRĂRI SISTEM ELECTRONIC
Perete foc + antivirus și accesorii,Perete foc + antivirus și accesorii,Material,General,Unit,0.0,0.0,0.0,0.0,0,RON,0.0,1.05,1,1,Building and settlement works,Analiza Prețului Unitar al Lucrărilor (AHSP) - Permen PUPR 2022,Lucrări de construcții și amenajări,5.4 LUCRĂRI SISTEM ELECTRONIC
Router Bandă Largă și accesorii,Router Bandă Largă și accesorii,Material,General,Unit,0.0,0.0,0.0,0.0,0,RON,0.0,1.05,1,1,Building and settlement works,Analiza Prețului Unitar al Lucrărilor (AHSP) - Permen PUPR 2022,Lucrări de construcții și amenajări,5.4 LUCRĂRI SISTEM ELECTRONIC
Muncitor Electrician / Electronicist,Muncitor Electrician / Electronicist,Labor,Labor,OH OH,0.0,0.0,0.0,0.0,0,RON,0.0,0.76,1,1,Building and settlement works,Analiza Prețului Unitar al Lucrărilor (AHSP) - Permen PUPR 2022,Lucrări de construcții și amenajări,5.4 LUCRĂRI SISTEM ELECTRONIC
"c/w pc, monitor, tastatură, mouse și accesorii","c/w pc, monitor, tastatură, mouse și accesorii",Material,General,Unit,0.0,0.0,0.0,0.0,0,RON,0.0,1.05,1,1,Building and settlement works,Analiza Prețului Unitar al Lucrărilor (AHSP) - Permen PUPR 2022,Lucrări de construcții și amenajări,5.4 LUCRĂRI SISTEM ELECTRONIC
Cablu ITC 2 x 2 x mm,Cablu ITC 2 x 2 x mm,Material,General,M,0.0,0.0,0.0,0.0,0,RON,0.0,38.5,1,1,Building and settlement works,Analiza Prețului Unitar al Lucrărilor (AHSP) - Permen PUPR 2022,Lucrări de construcții și amenajări,5.4 LUCRĂRI SISTEM ELECTRONIC
Priză telefon și accesorii,Priză telefon și accesorii,Material,General,Unit,0.0,0.0,0.0,0.0,0,RON,0.0,1.2,1,1,Building and settlement works,Analiza Prețului Unitar al Lucrărilor (AHSP) - Permen PUPR 2022,Lucrări de construcții și amenajări,5.4 LUCRĂRI SISTEM ELECTRONIC
Telefon și accesorii,Telefon și accesorii,Material,General,Unit,0.0,0.0,0.0,0.0,0,RON,0.0,1.05,1,1,Building and settlement works,Analiza Prețului Unitar al Lucrărilor (AHSP) - Permen PUPR 2022,Lucrări de construcții și amenajări,5.4 LUCRĂRI SISTEM ELECTRONIC
Extensie (complet cu programare și accesorii),Extensie (complet cu programare și accesorii),Material,General,Unit,0.0,0.0,0.0,0.0,0,RON,0.0,1.05,1,1,Building and settlement works,Analiza Prețului Unitar al Lucrărilor (AHSP) - Permen PUPR 2022,Lucrări de construcții și amenajări,5.4 LUCRĂRI SISTEM ELECTRONIC
PABX Putere: 1 linie extensie (complet cu programare și accesorii),PABX Putere: 1 linie extensie (complet cu programare și accesorii),Material,General,Unit,0.0,0.0,0.0,0.0,0,RON,0.0,1.05,1,1,Building and settlement works,Analiza Prețului Unitar al Lucrărilor (AHSP) - Permen PUPR 2022,Lucrări de construcții și amenajări,5.4 LUCRĂRI SISTEM ELECTRONIC
MDF 2 x 10 Pereche și accesorii,MDF 2 x 10 Pereche și accesorii,Material,General,Unit,0.0,0.0,0.0,0.0,0,RON,0.0,1.1,1,1,Building and settlement works,Analiza Prețului Unitar al Lucrărilor (AHSP) - Permen PUPR 2022,Lucrări de construcții și amenajări,5.4 LUCRĂRI SISTEM ELECTRONIC
MDF 2 x 8 Pereche și accesorii,MDF 2 x 8 Pereche și accesorii,Material,General,Unit,0.0,0.0,0.0,0.0,0,RON,0.0,1.1,1,1,Building and settlement works,Analiza Prețului Unitar al Lucrărilor (AHSP) - Permen PUPR 2022,Lucrări de construcții și amenajări,5.4 LUCRĂRI SISTEM ELECTRONIC
Difuzor Perete și accesorii,Difuzor Perete și accesorii,Material,General,Unit,0.0,0.0,0.0,0.0,0,RON,0.0,1.1,1,1,Building and settlement works,Analiza Prețului Unitar al Lucrărilor (AHSP) - Permen PUPR 2022,Lucrări de construcții și amenajări,5.4 LUCRĂRI SISTEM ELECTRONIC
difuzor tavan și accesorii,difuzor tavan și accesorii,Material,General,Unit,0.0,0.0,0.0,0.0,0,RON,0.0,1.05,1,1,Building and settlement works,Analiza Prețului Unitar al Lucrărilor (AHSP) - Permen PUPR 2022,Lucrări de construcții și amenajări,5.4 LUCRĂRI SISTEM ELECTRONIC
Sunet (TBTS) și accesorii,Sunet (TBTS) și accesorii,Material,General,Unit,0.0,0.0,0.0,0.0,0,RON,0.0,1.05,1,1,Building and settlement works,Analiza Prețului Unitar al Lucrărilor (AHSP) - Permen PUPR 2022,Lucrări de construcții și amenajări,5.4 LUCRĂRI SISTEM ELECTRONIC
Dulap Raft și accesorii,Dulap Raft și accesorii,Material,General,Unit,0.0,0.0,0.0,0.0,0,RON,0.0,1.05,1,1,Building and settlement works,Analiza Prețului Unitar al Lucrărilor (AHSP) - Permen PUPR 2022,Lucrări de construcții și amenajări,5.4 LUCRĂRI SISTEM ELECTRONIC
"Redresor, backup baterie 4 ore) și accesorii","Redresor, backup baterie 4 ore) și accesorii",Material,General,Unit,0.0,0.0,0.0,0.0,0,RON,0.0,1.05,1,1,Building and settlement works,Analiza Prețului Unitar al Lucrărilor (AHSP) - Permen PUPR 2022,Lucrări de construcții și amenajări,5.4 LUCRĂRI SISTEM ELECTRONIC
Cap : 9.000 BTUH și accesorii,Cap : 9.000 BTUH și accesorii,Material,General,Unit,0.0,0.0,0.0,0.0,0,RON,0.0,1.1,1,1,Building and settlement works,Analiza Prețului Unitar al Lucrărilor (AHSP) - Permen PUPR 2022,Lucrări de construcții și amenajări,5.5 LUCRĂRI SISTEM DE CLIMATIZARE
cap : 7.000 BTUH și accesorii,cap : 7.000 BTUH și accesorii,Material,General,Unit,0.0,0.0,0.0,0.0,0,RON,0.0,1.1,1,1,Building and settlement works,Analiza Prețului Unitar al Lucrărilor (AHSP) - Permen PUPR 2022,Lucrări de construcții și amenajări,5.5 LUCRĂRI SISTEM DE CLIMATIZARE
Cap : 6.500 BTUH și accesorii,Cap : 6.500 BTUH și accesorii,Material,General,Unit,0.0,0.0,0.0,0.0,0,RON,0.0,1.1,1,1,Building and settlement works,Analiza Prețului Unitar al Lucrărilor (AHSP) - Permen PUPR 2022,Lucrări de construcții și amenajări,5.5 LUCRĂRI SISTEM DE CLIMATIZARE
Capac: 5.000 BTUH și accesorii,Capac: 5.000 BTUH și accesorii,Material,General,Unit,0.0,0.0,0.0,0.0,0,RON,0.0,1.1,1,1,Building and settlement works,Analiza Prețului Unitar al Lucrărilor (AHSP) - Permen PUPR 2022,Lucrări de construcții și amenajări,5.5 LUCRĂRI SISTEM DE CLIMATIZARE
antenă VHF și accesorii,antenă VHF și accesorii,Material,General,Unit,0.0,0.0,0.0,0.0,0,RON,0.0,1.05,1,1,Building and settlement works,Analiza Prețului Unitar al Lucrărilor (AHSP) - Permen PUPR 2022,Lucrări de construcții și amenajări,5.4 LUCRĂRI SISTEM ELECTRONIC
Antenă UHF și accesorii,Antenă UHF și accesorii,Material,General,Unit,0.0,0.0,0.0,0.0,0,RON,0.0,1.05,1,1,Building and settlement works,Analiza Prețului Unitar al Lucrărilor (AHSP) - Permen PUPR 2022,Lucrări de construcții și amenajări,5.4 LUCRĂRI SISTEM ELECTRONIC
cutie terminal TV și accesorii,cutie terminal TV și accesorii,Material,General,Unit,0.0,0.0,0.0,0.0,0,RON,0.0,1.05,1,1,Building and settlement works,Analiza Prețului Unitar al Lucrărilor (AHSP) - Permen PUPR 2022,Lucrări de construcții și amenajări,5.4 LUCRĂRI SISTEM ELECTRONIC
Splitter TV 7 Port și accesorii,Splitter TV 7 Port și accesorii,Material,General,Unit,0.0,0.0,0.0,0.0,0,RON,0.0,1.05,1,1,Building and settlement works,Analiza Prețului Unitar al Lucrărilor (AHSP) - Permen PUPR 2022,Lucrări de construcții și amenajări,5.4 LUCRĂRI SISTEM ELECTRONIC
Splitter TV 6 port și accesorii,Splitter TV 6 port și accesorii,Material,General,Unit,0.0,0.0,0.0,0.0,0,RON,0.0,1.05,1,1,Building and settlement works,Analiza Prețului Unitar al Lucrărilor (AHSP) - Permen PUPR 2022,Lucrări de construcții și amenajări,5.4 LUCRĂRI SISTEM ELECTRONIC
Connector,Connector,Material,General,buah,0.0,0.0,0.0,0.0,0,RON,0.0,1.0,1,1,Building and settlement works,Analiza Prețului Unitar al Lucrărilor (AHSP) - Permen PUPR 2022,Lucrări de construcții și amenajări,5.4 LUCRĂRI SISTEM ELECTRONIC
Cablu Coaxial,Cablu Coaxial,Material,General,M,0.0,0.0,0.0,0.0,0,RON,0.0,27.5,1,1,Building and settlement works,Analiza Prețului Unitar al Lucrărilor (AHSP) - Permen PUPR 2022,Lucrări de construcții și amenajări,5.4 LUCRĂRI SISTEM ELECTRONIC
(wifi 6 rază 50 m) și accesorii,(wifi 6 rază 50 m) și accesorii,Material,General,Unit,0.0,0.0,0.0,0.0,0,RON,0.0,1.05,1,1,Building and settlement works,Analiza Prețului Unitar al Lucrărilor (AHSP) - Permen PUPR 2022,Lucrări de construcții și amenajări,5.4 LUCRĂRI SISTEM ELECTRONIC
panou fișă 24 port și accesorii,panou fișă 24 port și accesorii,Material,General,Unit,0.0,0.0,0.0,0.0,0,RON,0.0,1.05,1,1,Building and settlement works,Analiza Prețului Unitar al Lucrărilor (AHSP) - Permen PUPR 2022,Lucrări de construcții și amenajări,5.4 LUCRĂRI SISTEM ELECTRONIC
Cordon Racord și accesorii,Cordon Racord și accesorii,Material,General,Unit,0.0,0.0,0.0,0.0,0,RON,0.0,1.05,1,1,Building and settlement works,Analiza Prețului Unitar al Lucrărilor (AHSP) - Permen PUPR 2022,Lucrări de construcții și amenajări,5.4 LUCRĂRI SISTEM ELECTRONIC
Cablu UTP CAT 6,Cablu UTP CAT 6,Material,General,M,0.0,0.0,0.0,0.0,0,RON,0.0,52.8,1,1,Building and settlement works,Analiza Prețului Unitar al Lucrărilor (AHSP) - Permen PUPR 2022,Lucrări de construcții și amenajări,5.4 LUCRĂRI SISTEM ELECTRONIC
Priză date și accesorii,Priză date și accesorii,Material,General,Unit,0.0,0.0,0.0,0.0,0,RON,0.0,1.05,1,1,Building and settlement works,Analiza Prețului Unitar al Lucrărilor (AHSP) - Permen PUPR 2022,Lucrări de construcții și amenajări,5.4 LUCRĂRI SISTEM ELECTRONIC
Ventilator Axial ; 5.500 CFM și accesorii,Ventilator Axial ; 5.500 CFM și accesorii,Material,General,Unit,0.0,0.0,0.0,0.0,0,RON,0.0,1.2,1,1,Building and settlement works,Analiza Prețului Unitar al Lucrărilor (AHSP) - Permen PUPR 2022,Lucrări de construcții și amenajări,5.5 LUCRĂRI SISTEM DE CLIMATIZARE
Ventilator axial ; 4.000 CFM și accesorii,Ventilator axial ; 4.000 CFM și accesorii,Material,General,Unit,0.0,0.0,0.0,0.0,0,RON,0.0,1.2,1,1,Building and settlement works,Analiza Prețului Unitar al Lucrărilor (AHSP) - Permen PUPR 2022,Lucrări de construcții și amenajări,5.5 LUCRĂRI SISTEM DE CLIMATIZARE
Ventilator axial ; 3.500 CFM și accesorii,Ventilator axial ; 3.500 CFM și accesorii,Material,General,Unit,0.0,0.0,0.0,0.0,0,RON,0.0,1.2,1,1,Building and settlement works,Analiza Prețului Unitar al Lucrărilor (AHSP) - Permen PUPR 2022,Lucrări de construcții și amenajări,5.5 LUCRĂRI SISTEM DE CLIMATIZARE
Ventilator axial ; 3.200 CFM și accesorii,Ventilator axial ; 3.200 CFM și accesorii,Material,General,Unit,0.0,0.0,0.0,0.0,0,RON,0.0,1.2,1,1,Building and settlement works,Analiza Prețului Unitar al Lucrărilor (AHSP) - Permen PUPR 2022,Lucrări de construcții și amenajări,5.5 LUCRĂRI SISTEM DE CLIMATIZARE
Ventilator axial ; 2.800 CFM și accesorii,Ventilator axial ; 2.800 CFM și accesorii,Material,General,Unit,0.0,0.0,0.0,0.0,0,RON,0.0,1.2,1,1,Building and settlement works,Analiza Prețului Unitar al Lucrărilor (AHSP) - Permen PUPR 2022,Lucrări de construcții și amenajări,5.5 LUCRĂRI SISTEM DE CLIMATIZARE
Ventilator axial ; 2.600 CFM și accesorii,Ventilator axial ; 2.600 CFM și accesorii,Material,General,Unit,0.0,0.0,0.0,0.0,0,RON,0.0,1.2,1,1,Building and settlement works,Analiza Prețului Unitar al Lucrărilor (AHSP) - Permen PUPR 2022,Lucrări de construcții și amenajări,5.5 LUCRĂRI SISTEM DE CLIMATIZARE
Ventilator în linie ; 700 CFM și accesorii,Ventilator în linie ; 700 CFM și accesorii,Material,General,Unit,0.0,0.0,0.0,0.0,0,RON,0.0,1.2,1,1,Building and settlement works,Analiza Prețului Unitar al Lucrărilor (AHSP) - Permen PUPR 2022,Lucrări de construcții și amenajări,5.5 LUCRĂRI SISTEM DE CLIMATIZARE
Ventilator inline ; 500 CFM și accesorii,Ventilator inline ; 500 CFM și accesorii,Material,General,Unit,0.0,0.0,0.0,0.0,0,RON,0.0,1.2,1,1,Building and settlement works,Analiza Prețului Unitar al Lucrărilor (AHSP) - Permen PUPR 2022,Lucrări de construcții și amenajări,5.5 LUCRĂRI SISTEM DE CLIMATIZARE
"Ventilator Plafon, 200 CFM și accesorii","Ventilator Plafon, 200 CFM și accesorii",Material,General,Unit,0.0,0.0,0.0,0.0,0,RON,0.0,1.1,1,1,Building and settlement works,Analiza Prețului Unitar al Lucrărilor (AHSP) - Permen PUPR 2022,Lucrări de construcții și amenajări,5.5 LUCRĂRI SISTEM DE CLIMATIZARE
"Ventilator Plafon, 100 CFM și accesorii","Ventilator Plafon, 100 CFM și accesorii",Material,General,Unit,0.0,0.0,0.0,0.0,0,RON,0.0,1.1,1,1,Building and settlement works,Analiza Prețului Unitar al Lucrărilor (AHSP) - Permen PUPR 2022,Lucrări de construcții și amenajări,5.5 LUCRĂRI SISTEM DE CLIMATIZARE
"Ventilator tavan, 75 CFM și accesorii","Ventilator tavan, 75 CFM și accesorii",Material,General,Unit,0.0,0.0,0.0,0.0,0,RON,0.0,1.1,1,1,Building and settlement works,Analiza Prețului Unitar al Lucrărilor (AHSP) - Permen PUPR 2022,Lucrări de construcții și amenajări,5.5 LUCRĂRI SISTEM DE CLIMATIZARE
"Ventilator tavan, 50 CFM și accesorii","Ventilator tavan, 50 CFM și accesorii",Material,General,Unit,0.0,0.0,0.0,0.0,0,RON,0.0,1.1,1,1,Building and settlement works,Analiza Prețului Unitar al Lucrărilor (AHSP) - Permen PUPR 2022,Lucrări de construcții și amenajări,5.5 LUCRĂRI SISTEM DE CLIMATIZARE
Tub PVC HI 20 mm și accesorii,Tub PVC HI 20 mm și accesorii,Material,General,M,0.0,0.0,0.0,0.0,0,RON,0.0,22.6,1,1,Building and settlement works,Analiza Prețului Unitar al Lucrărilor (AHSP) - Permen PUPR 2022,Lucrări de construcții și amenajări,5.5 LUCRĂRI SISTEM DE CLIMATIZARE
35.000 BTUH și accesorii,35.000 BTUH și accesorii,Material,General,Unit,0.0,0.0,0.0,0.0,0,RON,0.0,1.1,1,1,Building and settlement works,Analiza Prețului Unitar al Lucrărilor (AHSP) - Permen PUPR 2022,Lucrări de construcții și amenajări,5.5 LUCRĂRI SISTEM DE CLIMATIZARE
Kap : 24.000 BTUH și accesorii,Kap : 24.000 BTUH și accesorii,Material,General,Unit,0.0,0.0,0.0,0.0,0,RON,0.0,1.1,1,1,Building and settlement works,Analiza Prețului Unitar al Lucrărilor (AHSP) - Permen PUPR 2022,Lucrări de construcții și amenajări,5.5 LUCRĂRI SISTEM DE CLIMATIZARE
Cap: 12.000 BTUH și accesorii,Cap: 12.000 BTUH și accesorii,Material,General,Unit,0.0,0.0,0.0,0.0,0,RON,0.0,1.1,1,1,Building and settlement works,Analiza Prețului Unitar al Lucrărilor (AHSP) - Permen PUPR 2022,Lucrări de construcții și amenajări,5.5 LUCRĂRI SISTEM DE CLIMATIZARE
M.85.c,Cuie 7 cm - 12 cm,Material,General,kg,0.0,0.0,0.0,0.0,0,RON,0.0,0.2,1,1,Water resources works,Analiza Prețului Unitar al Lucrărilor (AHSP) - Hotărârea PUPR 2016,Lucrări de gestionare a resurselor de apă,1 1PC : 2PB : 3Kr
M.60.d,Floordeck,Material,General,m2,0.0,0.0,0.0,0.0,0,RON,0.0,1.08,1,1,Water resources works,Analiza Prețului Unitar al Lucrărilor (AHSP) - Hotărârea PUPR 2016,Lucrări de gestionare a resurselor de apă,1 1PC : 2PB : 3Kr
M.60.b,Floordeck,Material,General,m2,0.0,0.0,0.0,0.0,0,RON,0.0,1.08,1,1,Water resources works,Analiza Prețului Unitar al Lucrărilor (AHSP) - Hotărârea PUPR 2016,Lucrări de gestionare a resurselor de apă,1 1PC : 2PB : 3Kr
M.84.c,Cuie 7 cm - 12 cm,Material,General,kg,0.0,0.0,0.0,0.0,0,RON,0.0,0.23,1,1,Water resources works,Analiza Prețului Unitar al Lucrărilor (AHSP) - Hotărârea PUPR 2016,Lucrări de gestionare a resurselor de apă,1 1PC : 2PB : 3Kr
M.60.a,Floordeck,Material,General,m2,0.0,0.0,0.0,0.0,0,RON,0.0,1.08,1,1,Water resources works,Analiza Prețului Unitar al Lucrărilor (AHSP) - Hotărârea PUPR 2016,Lucrări de gestionare a resurselor de apă,1 1PC : 2PB : 3Kr
700 x 400 mm și accesorii,700 x 400 mm și accesorii,Material,General,Unit,0.0,0.0,0.0,0.0,0,RON,0.0,1.1,1,1,Building and settlement works,Analiza Prețului Unitar al Lucrărilor (AHSP) - Permen PUPR 2022,Lucrări de construcții și amenajări,5.5 LUCRĂRI SISTEM DE CLIMATIZARE
800 x 350 mm și accesorii,800 x 350 mm și accesorii,Material,General,Unit,0.0,0.0,0.0,0.0,0,RON,0.0,1.1,1,1,Building and settlement works,Analiza Prețului Unitar al Lucrărilor (AHSP) - Permen PUPR 2022,Lucrări de construcții și amenajări,5.5 LUCRĂRI SISTEM DE CLIMATIZARE
"Elice, 600 CFM și accesorii","Elice, 600 CFM și accesorii",Material,General,Unit,0.0,0.0,0.0,0.0,0,RON,0.0,1.1,1,1,Building and settlement works,Analiza Prețului Unitar al Lucrărilor (AHSP) - Permen PUPR 2022,Lucrări de construcții și amenajări,5.5 LUCRĂRI SISTEM DE CLIMATIZARE
"elice, 500 CFM și accesorii","elice, 500 CFM și accesorii",Material,General,Unit,0.0,0.0,0.0,0.0,0,RON,0.0,1.1,1,1,Building and settlement works,Analiza Prețului Unitar al Lucrărilor (AHSP) - Permen PUPR 2022,Lucrări de construcții și amenajări,5.5 LUCRĂRI SISTEM DE CLIMATIZARE
"Elice, 375 CFM și accesorii","Elice, 375 CFM și accesorii",Material,General,Unit,0.0,0.0,0.0,0.0,0,RON,0.0,1.1,1,1,Building and settlement works,Analiza Prețului Unitar al Lucrărilor (AHSP) - Permen PUPR 2022,Lucrări de construcții și amenajări,5.5 LUCRĂRI SISTEM DE CLIMATIZARE
"Elice, 150 CFM și accesorii","Elice, 150 CFM și accesorii",Material,General,Unit,0.0,0.0,0.0,0.0,0,RON,0.0,1.1,1,1,Building and settlement works,Analiza Prețului Unitar al Lucrărilor (AHSP) - Permen PUPR 2022,Lucrări de construcții și amenajări,5.5 LUCRĂRI SISTEM DE CLIMATIZARE
"Elice, 100 CFM și accesorii","Elice, 100 CFM și accesorii",Material,General,Unit,0.0,0.0,0.0,0.0,0,RON,0.0,1.1,1,1,Building and settlement works,Analiza Prețului Unitar al Lucrărilor (AHSP) - Permen PUPR 2022,Lucrări de construcții și amenajări,5.5 LUCRĂRI SISTEM DE CLIMATIZARE
"elice, 75 CFM și accesorii","elice, 75 CFM și accesorii",Material,General,Unit,0.0,0.0,0.0,0.0,0,RON,0.0,1.1,1,1,Building and settlement works,Analiza Prețului Unitar al Lucrărilor (AHSP) - Permen PUPR 2022,Lucrări de construcții și amenajări,5.5 LUCRĂRI SISTEM DE CLIMATIZARE
Bifurcated; 1.500 CFM și accesorii,Bifurcated; 1.500 CFM și accesorii,Material,General,Unit,0.0,0.0,0.0,0.0,0,RON,0.0,1.2,1,1,Building and settlement works,Analiza Prețului Unitar al Lucrărilor (AHSP) - Permen PUPR 2022,Lucrări de construcții și amenajări,5.5 LUCRĂRI SISTEM DE CLIMATIZARE
Ventilator Plafon Rotativ și accesorii,Ventilator Plafon Rotativ și accesorii,Material,General,Unit,0.0,0.0,0.0,0.0,0,RON,0.0,1.1,1,1,Building and settlement works,Analiza Prețului Unitar al Lucrărilor (AHSP) - Permen PUPR 2022,Lucrări de construcții și amenajări,5.5 LUCRĂRI SISTEM DE CLIMATIZARE
ventilator rotativ și accesorii,ventilator rotativ și accesorii,Material,General,Unit,0.0,0.0,0.0,0.0,0,RON,0.0,1.1,1,1,Building and settlement works,Analiza Prețului Unitar al Lucrărilor (AHSP) - Permen PUPR 2022,Lucrări de construcții și amenajări,5.5 LUCRĂRI SISTEM DE CLIMATIZARE
150 x 150 mm și accesorii,150 x 150 mm și accesorii,Material,General,Unit,0.0,0.0,0.0,0.0,0,RON,0.0,1.1,1,1,Building and settlement works,Analiza Prețului Unitar al Lucrărilor (AHSP) - Permen PUPR 2022,Lucrări de construcții și amenajări,5.5 LUCRĂRI SISTEM DE CLIMATIZARE
750 x 400 mm și accesorii,750 x 400 mm și accesorii,Material,General,Unit,0.0,0.0,0.0,0.0,0,RON,0.0,1.1,1,1,Building and settlement works,Analiza Prețului Unitar al Lucrărilor (AHSP) - Permen PUPR 2022,Lucrări de construcții și amenajări,5.5 LUCRĂRI SISTEM DE CLIMATIZARE
M.141,plastik,Material,General,m,0.0,0.0,0.0,0.0,0,RON,0.0,3.5,1,1,Water resources works,Analiza Prețului Unitar al Lucrărilor (AHSP) - Hotărârea PUPR 2016,Lucrări de gestionare a resurselor de apă,1 1PC : 2PB : 3Kr
Șurub Dyna Ø 12mm (10 la 15 cm),Șurub Dyna Ø 12mm (10 la 15 cm),Material,General,buah,0.0,0.0,0.0,0.0,0,RON,0.0,3.882,1,1,Building and settlement works,Analiza Prețului Unitar al Lucrărilor (AHSP) - Hotărârea PUPR 2016,Lucrări de construcții și amenajări,A.4.1.2 PREȚ PE UNITATE PENTRU LUCRĂRI DE BETON PREMOLDUIT
"(lățime 5 cm, înălțime cm) Film Phenol 12 mm","(lățime 5 cm, înălțime cm) Film Phenol 12 mm",Material,General,Lbr,0.0,0.0,0.0,0.0,0,RON,0.0,0.08,1,1,Building and settlement works,Analiza Prețului Unitar al Lucrărilor (AHSP) - Hotărârea PUPR 2016,Lucrări de construcții și amenajări,A.4.1.2 PREȚ PE UNITATE PENTRU LUCRĂRI DE BETON PREMOLDUIT
Lemn cason 5/7,Lemn cason 5/7,Material,General,m3,0.0,0.0,0.0,0.0,0,RON,0.0,0.005,1,1,Building and settlement works,Analiza Prețului Unitar al Lucrărilor (AHSP) - Hotărârea PUPR 2016,Lucrări de construcții și amenajări,A.4.1.2 PREȚ PE UNITATE PENTRU LUCRĂRI DE BETON PREMOLDUIT
oțel gol (50 x x 3) mm,oțel gol (50 x x 3) mm,Material,General,Kg,0.0,0.0,0.0,0.0,0,RON,0.0,9.394,1,1,Building and settlement works,Analiza Prețului Unitar al Lucrărilor (AHSP) - Hotărârea PUPR 2016,Lucrări de construcții și amenajări,A.4.1.2 PREȚ PE UNITATE PENTRU LUCRĂRI DE BETON PREMOLDUIT
Pardoseală de lucru t=10cm,Pardoseală de lucru t=10cm,Material,Rubber,m3,0.0,0.0,0.0,0.0,0,RON,0.0,0.008,1,1,Building and settlement works,Analiza Prețului Unitar al Lucrărilor (AHSP) - Hotărârea PUPR 2016,Lucrări de construcții și amenajări,A.4.1.2 PREȚ PE UNITATE PENTRU LUCRĂRI DE BETON PREMOLDUIT
sticlă oglindă 5,sticlă oglindă 5,Material,General,m2,0.0,0.0,0.0,0.0,0,RON,0.0,1.1,1,1,Building and settlement works,Analiza Prețului Unitar al Lucrărilor (AHSP) - Hotărârea PUPR 2016,Lucrări de construcții și amenajări,A.4.6.2 PREȚ PE UNITATE PENTRU LUCRARE DE ÎNCHIDERE ȘI STICLĂ
Sticlă opacă 12,Sticlă opacă 12,Material,General,m2,0.0,0.0,0.0,0.0,0,RON,0.0,1.1,1,1,Building and settlement works,Analiza Prețului Unitar al Lucrărilor (AHSP) - Hotărârea PUPR 2016,Lucrări de construcții și amenajări,A.4.6.2 PREȚ PE UNITATE PENTRU LUCRARE DE ÎNCHIDERE ȘI STICLĂ
Cheie dulap,Cheie dulap,Material,General,Set,0.0,0.0,0.0,0.0,0,RON,0.0,1.0,1,1,Building and settlement works,Analiza Prețului Unitar al Lucrărilor (AHSP) - Hotărârea PUPR 2016,Lucrări de construcții și amenajări,A.4.6.2 PREȚ PE UNITATE PENTRU LUCRARE DE ÎNCHIDERE ȘI STICLĂ
șine ușă glisantă,șine ușă glisantă,Material,General,Set,0.0,0.0,0.0,0.0,0,RON,0.0,1.0,1,1,Building and settlement works,Analiza Prețului Unitar al Lucrărilor (AHSP) - Hotărârea PUPR 2016,Lucrări de construcții și amenajări,A.4.6.2 PREȚ PE UNITATE PENTRU LUCRARE DE ÎNCHIDERE ȘI STICLĂ
Door stop,Door stop,Material,General,buah,0.0,0.0,0.0,0.0,0,RON,0.0,1.0,1,1,Building and settlement works,Analiza Prețului Unitar al Lucrărilor (AHSP) - Hotărârea PUPR 2016,Lucrări de construcții și amenajări,A.4.6.2 PREȚ PE UNITATE PENTRU LUCRARE DE ÎNCHIDERE ȘI STICLĂ
Door holder,Door holder,Material,General,buah,0.0,0.0,0.0,0.0,0,RON,0.0,1.0,1,1,Building and settlement works,Analiza Prețului Unitar al Lucrărilor (AHSP) - Hotărârea PUPR 2016,Lucrări de construcții și amenajări,A.4.6.2 PREȚ PE UNITATE PENTRU LUCRARE DE ÎNCHIDERE ȘI STICLĂ
"Palisadă lemn clasa III ø 10 cm, lungime 4m","Palisadă lemn clasa III ø 10 cm, lungime 4m",Material,General,Batang,0.0,0.0,0.0,0.0,0,RON,0.0,0.748,1,1,Water resources works,Analiza Prețului Unitar al Lucrărilor (AHSP) - Hotărârea PUPR 2016,Lucrări de gestionare a resurselor de apă,1 1PC : 2PB : 3Kr
M.60.f,Floordeck,Material,General,m2,0.0,0.0,0.0,0.0,0,RON,0.0,1.08,1,1,Water resources works,Analiza Prețului Unitar al Lucrărilor (AHSP) - Hotărârea PUPR 2016,Lucrări de gestionare a resurselor de apă,1 1PC : 2PB : 3Kr
ZINK BJLS 50 (Izolație Exterior Interior),ZINK BJLS 50 (Izolație Exterior Interior),Material,General,m2,0.0,0.0,0.0,0.0,0,RON,0.0,1.2,1,1,Building and settlement works,Analiza Prețului Unitar al Lucrărilor (AHSP) - Permen PUPR 2022,Lucrări de construcții și amenajări,5.5 LUCRĂRI SISTEM DE CLIMATIZARE
ZINK BJLS 100 (Izolare exterior),ZINK BJLS 100 (Izolare exterior),Material,General,m2,0.0,0.0,0.0,0.0,0,RON,0.0,1.2,1,1,Building and settlement works,Analiza Prețului Unitar al Lucrărilor (AHSP) - Permen PUPR 2022,Lucrări de construcții și amenajări,5.5 LUCRĂRI SISTEM DE CLIMATIZARE
ZINK BJLS 80 (Izolație Exterior),ZINK BJLS 80 (Izolație Exterior),Material,General,m2,0.0,0.0,0.0,0.0,0,RON,0.0,1.2,1,1,Building and settlement works,Analiza Prețului Unitar al Lucrărilor (AHSP) - Permen PUPR 2022,Lucrări de construcții și amenajări,5.5 LUCRĂRI SISTEM DE CLIMATIZARE
ZINK BJLS 70 (izolație exterioară),ZINK BJLS 70 (izolație exterioară),Material,General,m2,0.0,0.0,0.0,0.0,0,RON,0.0,1.2,1,1,Building and settlement works,Analiza Prețului Unitar al Lucrărilor (AHSP) - Permen PUPR 2022,Lucrări de construcții și amenajări,5.5 LUCRĂRI SISTEM DE CLIMATIZARE
ZINK BJLS 60 (izolație exterioară),ZINK BJLS 60 (izolație exterioară),Material,General,m2,0.0,0.0,0.0,0.0,0,RON,0.0,1.2,1,1,Building and settlement works,Analiza Prețului Unitar al Lucrărilor (AHSP) - Permen PUPR 2022,Lucrări de construcții și amenajări,5.5 LUCRĂRI SISTEM DE CLIMATIZARE
ZINK BJLS 50 (Izolare exterioară),ZINK BJLS 50 (Izolare exterioară),Material,General,m2,0.0,0.0,0.0,0.0,0,RON,0.0,1.2,1,1,Building and settlement works,Analiza Prețului Unitar al Lucrărilor (AHSP) - Permen PUPR 2022,Lucrări de construcții și amenajări,5.5 LUCRĂRI SISTEM DE CLIMATIZARE
ZINK BJLS 100 (Fără izolație),ZINK BJLS 100 (Fără izolație),Material,General,m2,0.0,0.0,0.0,0.0,0,RON,0.0,1.2,1,1,Building and settlement works,Analiza Prețului Unitar al Lucrărilor (AHSP) - Permen PUPR 2022,Lucrări de construcții și amenajări,5.5 LUCRĂRI SISTEM DE CLIMATIZARE
ZINK BJLS 80 (Fără Izolare),ZINK BJLS 80 (Fără Izolare),Material,General,m2,0.0,0.0,0.0,0.0,0,RON,0.0,1.2,1,1,Building and settlement works,Analiza Prețului Unitar al Lucrărilor (AHSP) - Permen PUPR 2022,Lucrări de construcții și amenajări,5.5 LUCRĂRI SISTEM DE CLIMATIZARE
ZINK BJLS 70 (Fără Izolație),ZINK BJLS 70 (Fără Izolație),Material,General,m2,0.0,0.0,0.0,0.0,0,RON,0.0,1.2,1,1,Building and settlement works,Analiza Prețului Unitar al Lucrărilor (AHSP) - Permen PUPR 2022,Lucrări de construcții și amenajări,5.5 LUCRĂRI SISTEM DE CLIMATIZARE
ZINK BJLS 60 (Fără Izolație),ZINK BJLS 60 (Fără Izolație),Material,General,m2,0.0,0.0,0.0,0.0,0,RON,0.0,1.2,1,1,Building and settlement works,Analiza Prețului Unitar al Lucrărilor (AHSP) - Permen PUPR 2022,Lucrări de construcții și amenajări,5.5 LUCRĂRI SISTEM DE CLIMATIZARE
ZINK BJLS 50 (Fără Izolație),ZINK BJLS 50 (Fără Izolație),Material,General,m2,0.0,0.0,0.0,0.0,0,RON,0.0,1.2,1,1,Building and settlement works,Analiza Prețului Unitar al Lucrărilor (AHSP) - Permen PUPR 2022,Lucrări de construcții și amenajări,5.5 LUCRĂRI SISTEM DE CLIMATIZARE
850 x 400 mm și accesorii,850 x 400 mm și accesorii,Material,General,Unit,0.0,0.0,0.0,0.0,0,RON,0.0,1.1,1,1,Building and settlement works,Analiza Prețului Unitar al Lucrărilor (AHSP) - Permen PUPR 2022,Lucrări de construcții și amenajări,5.5 LUCRĂRI SISTEM DE CLIMATIZARE
750 x 350 mm și accesorii,750 x 350 mm și accesorii,Material,General,Unit,0.0,0.0,0.0,0.0,0,RON,0.0,1.1,1,1,Building and settlement works,Analiza Prețului Unitar al Lucrărilor (AHSP) - Permen PUPR 2022,Lucrări de construcții și amenajări,5.5 LUCRĂRI SISTEM DE CLIMATIZARE
400 x 300 mm și accesorii,400 x 300 mm și accesorii,Material,General,Unit,0.0,0.0,0.0,0.0,0,RON,0.0,1.1,1,1,Building and settlement works,Analiza Prețului Unitar al Lucrărilor (AHSP) - Permen PUPR 2022,Lucrări de construcții și amenajări,5.5 LUCRĂRI SISTEM DE CLIMATIZARE
450 x 250 mm și accesorii,450 x 250 mm și accesorii,Material,General,Unit,0.0,0.0,0.0,0.0,0,RON,0.0,1.1,1,1,Building and settlement works,Analiza Prețului Unitar al Lucrărilor (AHSP) - Permen PUPR 2022,Lucrări de construcții și amenajări,5.5 LUCRĂRI SISTEM DE CLIMATIZARE
900 x 400 mm și accesorii,900 x 400 mm și accesorii,Material,General,Unit,0.0,0.0,0.0,0.0,0,RON,0.0,1.1,1,1,Building and settlement works,Analiza Prețului Unitar al Lucrărilor (AHSP) - Permen PUPR 2022,Lucrări de construcții și amenajări,5.5 LUCRĂRI SISTEM DE CLIMATIZARE
"3/4"" ; (20 mm) și accesorii","3/4"" ; (20 mm) și accesorii",Material,General,m',0.0,0.0,0.0,0.0,0,RON,0.0,1.5,1,1,Building and settlement works,Analiza Prețului Unitar al Lucrărilor (AHSP) - Permen PUPR 2022,Lucrări de construcții și amenajări,5.5 LUCRĂRI SISTEM DE CLIMATIZARE
"1/2"" ; (15 mm) și accesorii","1/2"" ; (15 mm) și accesorii",Material,General,m',0.0,0.0,0.0,0.0,0,RON,0.0,1.5,1,1,Building and settlement works,Analiza Prețului Unitar al Lucrărilor (AHSP) - Permen PUPR 2022,Lucrări de construcții și amenajări,5.5 LUCRĂRI SISTEM DE CLIMATIZARE
"Dia. 41,3 mm (1- 5/8"") și accesorii","Dia. 41,3 mm (1- 5/8"") și accesorii",Material,General,m',0.0,0.0,0.0,0.0,0,RON,0.0,1.5,1,1,Building and settlement works,Analiza Prețului Unitar al Lucrărilor (AHSP) - Permen PUPR 2022,Lucrări de construcții și amenajări,5.5 LUCRĂRI SISTEM DE CLIMATIZARE
"Dia. 34,9 mm (1- 3/8"") și accesorii","Dia. 34,9 mm (1- 3/8"") și accesorii",Material,General,m',0.0,0.0,0.0,0.0,0,RON,0.0,1.5,1,1,Building and settlement works,Analiza Prețului Unitar al Lucrărilor (AHSP) - Permen PUPR 2022,Lucrări de construcții și amenajări,5.5 LUCRĂRI SISTEM DE CLIMATIZARE
"Dia. 28,6 mm (1- 1/8"") și accesorii","Dia. 28,6 mm (1- 1/8"") și accesorii",Material,General,m',0.0,0.0,0.0,0.0,0,RON,0.0,1.5,1,1,Building and settlement works,Analiza Prețului Unitar al Lucrărilor (AHSP) - Permen PUPR 2022,Lucrări de construcții și amenajări,5.5 LUCRĂRI SISTEM DE CLIMATIZARE
"Dia. 25,4 mm (1"") și accesorii","Dia. 25,4 mm (1"") și accesorii",Material,General,m',0.0,0.0,0.0,0.0,0,RON,0.0,1.5,1,1,Building and settlement works,Analiza Prețului Unitar al Lucrărilor (AHSP) - Permen PUPR 2022,Lucrări de construcții și amenajări,5.5 LUCRĂRI SISTEM DE CLIMATIZARE
"dia. 22,2 mm (7/8"") și accesorii","dia. 22,2 mm (7/8"") și accesorii",Material,General,m',0.0,0.0,0.0,0.0,0,RON,0.0,1.5,1,1,Building and settlement works,Analiza Prețului Unitar al Lucrărilor (AHSP) - Permen PUPR 2022,Lucrări de construcții și amenajări,5.5 LUCRĂRI SISTEM DE CLIMATIZARE
"Dia. 19,1 mm (3/4"") și accesorii","Dia. 19,1 mm (3/4"") și accesorii",Material,General,m',0.0,0.0,0.0,0.0,0,RON,0.0,1.5,1,1,Building and settlement works,Analiza Prețului Unitar al Lucrărilor (AHSP) - Permen PUPR 2022,Lucrări de construcții și amenajări,5.5 LUCRĂRI SISTEM DE CLIMATIZARE
"Dia. 15,9 mm (5/8"") și accesorii","Dia. 15,9 mm (5/8"") și accesorii",Material,General,m',0.0,0.0,0.0,0.0,0,RON,0.0,1.5,1,1,Building and settlement works,Analiza Prețului Unitar al Lucrărilor (AHSP) - Permen PUPR 2022,Lucrări de construcții și amenajări,5.5 LUCRĂRI SISTEM DE CLIMATIZARE
"Dia. 12,7 mm (1/2"") și accesorii","Dia. 12,7 mm (1/2"") și accesorii",Material,General,m',0.0,0.0,0.0,0.0,0,RON,0.0,1.5,1,1,Building and settlement works,Analiza Prețului Unitar al Lucrărilor (AHSP) - Permen PUPR 2022,Lucrări de construcții și amenajări,5.5 LUCRĂRI SISTEM DE CLIMATIZARE
"Dia. 9,5 mm (3/8"") și accesorii","Dia. 9,5 mm (3/8"") și accesorii",Material,General,m',0.0,0.0,0.0,0.0,0,RON,0.0,1.5,1,1,Building and settlement works,Analiza Prețului Unitar al Lucrărilor (AHSP) - Permen PUPR 2022,Lucrări de construcții și amenajări,5.5 LUCRĂRI SISTEM DE CLIMATIZARE
"Dia. 6,4 mm (1/4"") și accesorii","Dia. 6,4 mm (1/4"") și accesorii",Material,General,m',0.0,0.0,0.0,0.0,0,RON,0.0,1.5,1,1,Building and settlement works,Analiza Prețului Unitar al Lucrărilor (AHSP) - Permen PUPR 2022,Lucrări de construcții și amenajări,5.5 LUCRĂRI SISTEM DE CLIMATIZARE
ZINK BJLS 100 (Izolare exterioară interioară),ZINK BJLS 100 (Izolare exterioară interioară),Material,General,m2,0.0,0.0,0.0,0.0,0,RON,0.0,1.2,1,1,Building and settlement works,Analiza Prețului Unitar al Lucrărilor (AHSP) - Permen PUPR 2022,Lucrări de construcții și amenajări,5.5 LUCRĂRI SISTEM DE CLIMATIZARE
ZINK BJLS 80 (Izolare exterioară interioară),ZINK BJLS 80 (Izolare exterioară interioară),Material,General,m2,0.0,0.0,0.0,0.0,0,RON,0.0,1.2,1,1,Building and settlement works,Analiza Prețului Unitar al Lucrărilor (AHSP) - Permen PUPR 2022,Lucrări de construcții și amenajări,5.5 LUCRĂRI SISTEM DE CLIMATIZARE
ZINK BJLS 70 (Izolare Exterior Interior),ZINK BJLS 70 (Izolare Exterior Interior),Material,General,m2,0.0,0.0,0.0,0.0,0,RON,0.0,1.2,1,1,Building and settlement works,Analiza Prețului Unitar al Lucrărilor (AHSP) - Permen PUPR 2022,Lucrări de construcții și amenajări,5.5 LUCRĂRI SISTEM DE CLIMATIZARE
ZINK BJLS 60 (izolație exterioară și interioară),ZINK BJLS 60 (izolație exterioară și interioară),Material,General,m2,0.0,0.0,0.0,0.0,0,RON,0.0,1.2,1,1,Building and settlement works,Analiza Prețului Unitar al Lucrărilor (AHSP) - Permen PUPR 2022,Lucrări de construcții și amenajări,5.5 LUCRĂRI SISTEM DE CLIMATIZARE
Set MCV dia. 150 mm și accesorii,Set MCV dia. 150 mm și accesorii,Material,General,Unit,0.0,0.0,0.0,0.0,0,RON,0.0,1.3,1,1,Building and settlement works,Analiza Prețului Unitar al Lucrărilor (AHSP) - Permen PUPR 2022,Lucrări de construcții și amenajări,5.6 LUCRĂRI SISTEM PROTECȚIE INCENDIU
Set MCV dia. 100 mm și accesorii,Set MCV dia. 100 mm și accesorii,Material,General,Unit,0.0,0.0,0.0,0.0,0,RON,0.0,1.3,1,1,Building and settlement works,Analiza Prețului Unitar al Lucrărilor (AHSP) - Permen PUPR 2022,Lucrări de construcții și amenajări,5.6 LUCRĂRI SISTEM PROTECȚIE INCENDIU
MCV Set dia. 80 mm și accesorii,MCV Set dia. 80 mm și accesorii,Material,General,Unit,0.0,0.0,0.0,0.0,0,RON,0.0,1.3,1,1,Building and settlement works,Analiza Prețului Unitar al Lucrărilor (AHSP) - Permen PUPR 2022,Lucrări de construcții și amenajări,5.6 LUCRĂRI SISTEM PROTECȚIE INCENDIU
set valv presiune dia. 200 mm și accesorii,set valv presiune dia. 200 mm și accesorii,Material,General,Unit,0.0,0.0,0.0,0.0,0,RON,0.0,1.3,1,1,Building and settlement works,Analiza Prețului Unitar al Lucrărilor (AHSP) - Permen PUPR 2022,Lucrări de construcții și amenajări,5.6 LUCRĂRI SISTEM PROTECȚIE INCENDIU
PRV SET dia. 150 mm și accesorii,PRV SET dia. 150 mm și accesorii,Material,General,Unit,0.0,0.0,0.0,0.0,0,RON,0.0,1.3,1,1,Building and settlement works,Analiza Prețului Unitar al Lucrărilor (AHSP) - Permen PUPR 2022,Lucrări de construcții și amenajări,5.6 LUCRĂRI SISTEM PROTECȚIE INCENDIU
PRV SET dia. 100 mm și accesorii,PRV SET dia. 100 mm și accesorii,Material,General,Unit,0.0,0.0,0.0,0.0,0,RON,0.0,1.3,1,1,Building and settlement works,Analiza Prețului Unitar al Lucrărilor (AHSP) - Permen PUPR 2022,Lucrări de construcții și amenajări,5.6 LUCRĂRI SISTEM PROTECȚIE INCENDIU
set valv presiune dia. 80 mm și accesorii,set valv presiune dia. 80 mm și accesorii,Material,General,Unit,0.0,0.0,0.0,0.0,0,RON,0.0,1.3,1,1,Building and settlement works,Analiza Prețului Unitar al Lucrărilor (AHSP) - Permen PUPR 2022,Lucrări de construcții și amenajări,5.6 LUCRĂRI SISTEM PROTECȚIE INCENDIU
PRV SET dia. 65 mm și accesorii,PRV SET dia. 65 mm și accesorii,Material,General,Unit,0.0,0.0,0.0,0.0,0,RON,0.0,1.15,1,1,Building and settlement works,Analiza Prețului Unitar al Lucrărilor (AHSP) - Permen PUPR 2022,Lucrări de construcții și amenajări,5.6 LUCRĂRI SISTEM PROTECȚIE INCENDIU
Set PRV dia. 50 mm și accesorii,Set PRV dia. 50 mm și accesorii,Material,General,Unit,0.0,0.0,0.0,0.0,0,RON,0.0,1.15,1,1,Building and settlement works,Analiza Prețului Unitar al Lucrărilor (AHSP) - Permen PUPR 2022,Lucrări de construcții și amenajări,5.6 LUCRĂRI SISTEM PROTECȚIE INCENDIU
"4"" ; (100 mm) și accesorii","4"" ; (100 mm) și accesorii",Material,General,m',0.0,0.0,0.0,0.0,0,RON,0.0,1.5,1,1,Building and settlement works,Analiza Prețului Unitar al Lucrărilor (AHSP) - Permen PUPR 2022,Lucrări de construcții și amenajări,5.5 LUCRĂRI SISTEM DE CLIMATIZARE
"3"" (80 mm) și accesorii","3"" (80 mm) și accesorii",Material,General,m',0.0,0.0,0.0,0.0,0,RON,0.0,1.5,1,1,Building and settlement works,Analiza Prețului Unitar al Lucrărilor (AHSP) - Permen PUPR 2022,Lucrări de construcții și amenajări,5.5 LUCRĂRI SISTEM DE CLIMATIZARE
"2-1/2"" ; (65 mm) accesorii","2-1/2"" ; (65 mm) accesorii",Material,General,m',0.0,0.0,0.0,0.0,0,RON,0.0,1.5,1,1,Building and settlement works,Analiza Prețului Unitar al Lucrărilor (AHSP) - Permen PUPR 2022,Lucrări de construcții și amenajări,5.5 LUCRĂRI SISTEM DE CLIMATIZARE
"2"" ; (50 mm) și accesorii","2"" ; (50 mm) și accesorii",Material,General,m',0.0,0.0,0.0,0.0,0,RON,0.0,1.5,1,1,Building and settlement works,Analiza Prețului Unitar al Lucrărilor (AHSP) - Permen PUPR 2022,Lucrări de construcții și amenajări,5.5 LUCRĂRI SISTEM DE CLIMATIZARE
"1-1/2"" ; (40 mm) accesorii","1-1/2"" ; (40 mm) accesorii",Material,General,m',0.0,0.0,0.0,0.0,0,RON,0.0,1.5,1,1,Building and settlement works,Analiza Prețului Unitar al Lucrărilor (AHSP) - Permen PUPR 2022,Lucrări de construcții și amenajări,5.5 LUCRĂRI SISTEM DE CLIMATIZARE
"1-1/4"" ; (32 mm) accesorii","1-1/4"" ; (32 mm) accesorii",Material,General,m',0.0,0.0,0.0,0.0,0,RON,0.0,1.5,1,1,Building and settlement works,Analiza Prețului Unitar al Lucrărilor (AHSP) - Permen PUPR 2022,Lucrări de construcții și amenajări,5.5 LUCRĂRI SISTEM DE CLIMATIZARE
"1"" ; (25 mm) și accesorii","1"" ; (25 mm) și accesorii",Material,General,m',0.0,0.0,0.0,0.0,0,RON,0.0,1.5,1,1,Building and settlement works,Analiza Prețului Unitar al Lucrărilor (AHSP) - Permen PUPR 2022,Lucrări de construcții și amenajări,5.5 LUCRĂRI SISTEM DE CLIMATIZARE
dia. 50 mm și accesorii,dia. 50 mm și accesorii,Material,General,Unit,0.0,0.0,0.0,0.0,0,RON,0.0,1.15,1,1,Building and settlement works,Analiza Prețului Unitar al Lucrărilor (AHSP) - Permen PUPR 2022,Lucrări de construcții și amenajări,5.6 LUCRĂRI SISTEM PROTECȚIE INCENDIU
Întrerupător Flux dia. 150 mm,Întrerupător Flux dia. 150 mm,Material,General,buah,0.0,0.0,0.0,0.0,0,RON,0.0,1.0,1,1,Building and settlement works,Analiza Prețului Unitar al Lucrărilor (AHSP) - Permen PUPR 2022,Lucrări de construcții și amenajări,5.6 LUCRĂRI SISTEM PROTECȚIE INCENDIU
Întreruptor Temperatură 150 mm,Întreruptor Temperatură 150 mm,Material,General,buah,0.0,0.0,0.0,0.0,0,RON,0.0,1.0,1,1,Building and settlement works,Analiza Prețului Unitar al Lucrărilor (AHSP) - Permen PUPR 2022,Lucrări de construcții și amenajări,5.6 LUCRĂRI SISTEM PROTECȚIE INCENDIU
BCV Set dia. 150 mm Ventil fluture cu,BCV Set dia. 150 mm Ventil fluture cu,Material,General,Set,0.0,0.0,0.0,0.0,0,RON,0.0,1.0,1,1,Building and settlement works,Analiza Prețului Unitar al Lucrărilor (AHSP) - Permen PUPR 2022,Lucrări de construcții și amenajări,5.6 LUCRĂRI SISTEM PROTECȚIE INCENDIU
Întrerupător Flux dia. 100 mm,Întrerupător Flux dia. 100 mm,Material,General,buah,0.0,0.0,0.0,0.0,0,RON,0.0,1.0,1,1,Building and settlement works,Analiza Prețului Unitar al Lucrărilor (AHSP) - Permen PUPR 2022,Lucrări de construcții și amenajări,5.6 LUCRĂRI SISTEM PROTECȚIE INCENDIU
Comutator temperatură 100 mm,Comutator temperatură 100 mm,Material,General,buah,0.0,0.0,0.0,0.0,0,RON,0.0,1.0,1,1,Building and settlement works,Analiza Prețului Unitar al Lucrărilor (AHSP) - Permen PUPR 2022,Lucrări de construcții și amenajări,5.6 LUCRĂRI SISTEM PROTECȚIE INCENDIU
Set BCV dia. 100 mm Supapă fluture cu/,Set BCV dia. 100 mm Supapă fluture cu/,Material,General,Set,0.0,0.0,0.0,0.0,0,RON,0.0,1.0,1,1,Building and settlement works,Analiza Prețului Unitar al Lucrărilor (AHSP) - Permen PUPR 2022,Lucrări de construcții și amenajări,5.6 LUCRĂRI SISTEM PROTECȚIE INCENDIU
Întrerupător Flux dia. 80 mm,Întrerupător Flux dia. 80 mm,Material,General,buah,0.0,0.0,0.0,0.0,0,RON,0.0,1.0,1,1,Building and settlement works,Analiza Prețului Unitar al Lucrărilor (AHSP) - Permen PUPR 2022,Lucrări de construcții și amenajări,5.6 LUCRĂRI SISTEM PROTECȚIE INCENDIU
Comutator Temperatură 80 mm,Comutator Temperatură 80 mm,Material,General,buah,0.0,0.0,0.0,0.0,0,RON,0.0,1.0,1,1,Building and settlement works,Analiza Prețului Unitar al Lucrărilor (AHSP) - Permen PUPR 2022,Lucrări de construcții și amenajări,5.6 LUCRĂRI SISTEM PROTECȚIE INCENDIU
Set BCV dia. 80 mm Supapă fluture cu/,Set BCV dia. 80 mm Supapă fluture cu/,Material,General,Set,0.0,0.0,0.0,0.0,0,RON,0.0,1.0,1,1,Building and settlement works,Analiza Prețului Unitar al Lucrărilor (AHSP) - Permen PUPR 2022,Lucrări de construcții și amenajări,5.6 LUCRĂRI SISTEM PROTECȚIE INCENDIU
Comutator flux dia. 65 mm,Comutator flux dia. 65 mm,Material,General,buah,0.0,0.0,0.0,0.0,0,RON,0.0,1.0,1,1,Building and settlement works,Analiza Prețului Unitar al Lucrărilor (AHSP) - Permen PUPR 2022,Lucrări de construcții și amenajări,5.6 LUCRĂRI SISTEM PROTECȚIE INCENDIU
Comutator temperatură 65 mm,Comutator temperatură 65 mm,Material,General,buah,0.0,0.0,0.0,0.0,0,RON,0.0,1.0,1,1,Building and settlement works,Analiza Prețului Unitar al Lucrărilor (AHSP) - Permen PUPR 2022,Lucrări de construcții și amenajări,5.6 LUCRĂRI SISTEM PROTECȚIE INCENDIU
set BCV dia. 65 mm vană fluture c/,set BCV dia. 65 mm vană fluture c/,Material,General,Set,0.0,0.0,0.0,0.0,0,RON,0.0,1.0,1,1,Building and settlement works,Analiza Prețului Unitar al Lucrărilor (AHSP) - Permen PUPR 2022,Lucrări de construcții și amenajări,5.6 LUCRĂRI SISTEM PROTECȚIE INCENDIU
Întrerupător Flux dia. 50 mm,Întrerupător Flux dia. 50 mm,Material,General,buah,0.0,0.0,0.0,0.0,0,RON,0.0,1.0,1,1,Building and settlement works,Analiza Prețului Unitar al Lucrărilor (AHSP) - Permen PUPR 2022,Lucrări de construcții și amenajări,5.6 LUCRĂRI SISTEM PROTECȚIE INCENDIU
Întrerupător temperatură 50 mm,Întrerupător temperatură 50 mm,Material,General,buah,0.0,0.0,0.0,0.0,0,RON,0.0,1.0,1,1,Building and settlement works,Analiza Prețului Unitar al Lucrărilor (AHSP) - Permen PUPR 2022,Lucrări de construcții și amenajări,5.6 LUCRĂRI SISTEM PROTECȚIE INCENDIU
Set BCV dia. 50 mm Supapă fluture cu/,Set BCV dia. 50 mm Supapă fluture cu/,Material,General,Set,0.0,0.0,0.0,0.0,0,RON,0.0,1.0,1,1,Building and settlement works,Analiza Prețului Unitar al Lucrărilor (AHSP) - Permen PUPR 2022,Lucrări de construcții și amenajări,5.6 LUCRĂRI SISTEM PROTECȚIE INCENDIU
Stingător incendiu Kg și accesorii,Stingător incendiu Kg și accesorii,Material,General,Unit,0.0,0.0,0.0,0.0,0,RON,0.0,1.1,1,1,Building and settlement works,Analiza Prețului Unitar al Lucrărilor (AHSP) - Permen PUPR 2022,Lucrări de construcții și amenajări,5.6.3 APAR
Stingător incendiu 5 Kg și accesorii,Stingător incendiu 5 Kg și accesorii,Material,General,Unit,0.0,0.0,0.0,0.0,0,RON,0.0,1.1,1,1,Building and settlement works,Analiza Prețului Unitar al Lucrărilor (AHSP) - Permen PUPR 2022,Lucrări de construcții și amenajări,5.6.3 APAR
Stingător Incendiu 3 Kg și accesorii,Stingător Incendiu 3 Kg și accesorii,Material,General,Unit,0.0,0.0,0.0,0.0,0,RON,0.0,1.1,1,1,Building and settlement works,Analiza Prețului Unitar al Lucrărilor (AHSP) - Permen PUPR 2022,Lucrări de construcții și amenajări,5.6.3 APAR
Conexiune siamezi și accesorii,Conexiune siamezi și accesorii,Material,General,Unit,0.0,0.0,0.0,0.0,0,RON,0.0,1.1,1,1,Building and settlement works,Analiza Prețului Unitar al Lucrărilor (AHSP) - Permen PUPR 2022,Lucrări de construcții și amenajări,5.6 LUCRĂRI SISTEM PROTECȚIE INCENDIU
OHB și accesorii,OHB și accesorii,Material,General,Unit,0.0,0.0,0.0,0.0,0,RON,0.0,1.1,1,1,Building and settlement works,Analiza Prețului Unitar al Lucrărilor (AHSP) - Permen PUPR 2022,Lucrări de construcții și amenajări,5.6 LUCRĂRI SISTEM PROTECȚIE INCENDIU
IHB și accesorii,IHB și accesorii,Material,General,Unit,0.0,0.0,0.0,0.0,0,RON,0.0,1.1,1,1,Building and settlement works,Analiza Prețului Unitar al Lucrărilor (AHSP) - Permen PUPR 2022,Lucrări de construcții și amenajări,5.6 LUCRĂRI SISTEM PROTECȚIE INCENDIU
Stâlp Hidrant și accesorii,Stâlp Hidrant și accesorii,Material,General,Unit,0.0,0.0,0.0,0.0,0,RON,0.0,1.1,1,1,Building and settlement works,Analiza Prețului Unitar al Lucrărilor (AHSP) - Permen PUPR 2022,Lucrări de construcții și amenajări,5.6 LUCRĂRI SISTEM PROTECȚIE INCENDIU
Potrivire și accesorii,Potrivire și accesorii,Material,General,Unit,0.0,0.0,0.0,0.0,0,RON,0.0,1.1,1,1,Building and settlement works,Analiza Prețului Unitar al Lucrărilor (AHSP) - Permen PUPR 2022,Lucrări de construcții și amenajări,5.6 LUCRĂRI SISTEM PROTECȚIE INCENDIU
Pendul și accesorii,Pendul și accesorii,Material,General,Unit,0.0,0.0,0.0,0.0,0,RON,0.0,1.1,1,1,Building and settlement works,Analiza Prețului Unitar al Lucrărilor (AHSP) - Permen PUPR 2022,Lucrări de construcții și amenajări,5.6 LUCRĂRI SISTEM PROTECȚIE INCENDIU
Orificiu Placă dia. 25 mm și accesorii,Orificiu Placă dia. 25 mm și accesorii,Material,General,Unit,0.0,0.0,0.0,0.0,0,RON,0.0,1.1,1,1,Building and settlement works,Analiza Prețului Unitar al Lucrărilor (AHSP) - Permen PUPR 2022,Lucrări de construcții și amenajări,5.6 LUCRĂRI SISTEM PROTECȚIE INCENDIU
"vană aterizare 2,5"" și accesorii","vană aterizare 2,5"" și accesorii",Material,General,Unit,0.0,0.0,0.0,0.0,0,RON,0.0,1.15,1,1,Building and settlement works,Analiza Prețului Unitar al Lucrărilor (AHSP) - Permen PUPR 2022,Lucrări de construcții și amenajări,5.6 LUCRĂRI SISTEM PROTECȚIE INCENDIU
dia. 200 mm și accesorii,dia. 200 mm și accesorii,Material,General,Unit,0.0,0.0,0.0,0.0,0,RON,0.0,1.1,1,1,Building and settlement works,Analiza Prețului Unitar al Lucrărilor (AHSP) - Permen PUPR 2022,Lucrări de construcții și amenajări,5.6 LUCRĂRI SISTEM PROTECȚIE INCENDIU
dia. 100 mm și accesorii,dia. 100 mm și accesorii,Material,General,Unit,0.0,0.0,0.0,0.0,0,RON,0.0,1.1,1,1,Building and settlement works,Analiza Prețului Unitar al Lucrărilor (AHSP) - Permen PUPR 2022,Lucrări de construcții și amenajări,5.6 LUCRĂRI SISTEM PROTECȚIE INCENDIU
vană siguranță dia. 150 mm și accesorii,vană siguranță dia. 150 mm și accesorii,Material,General,Unit,0.0,0.0,0.0,0.0,0,RON,0.0,1.3,1,1,Building and settlement works,Analiza Prețului Unitar al Lucrărilor (AHSP) - Permen PUPR 2022,Lucrări de construcții și amenajări,5.6 LUCRĂRI SISTEM PROTECȚIE INCENDIU
Supapă de siguranță dia. 100 mm și accesorii,Supapă de siguranță dia. 100 mm și accesorii,Material,General,Unit,0.0,0.0,0.0,0.0,0,RON,0.0,1.3,1,1,Building and settlement works,Analiza Prețului Unitar al Lucrărilor (AHSP) - Permen PUPR 2022,Lucrări de construcții și amenajări,5.6 LUCRĂRI SISTEM PROTECȚIE INCENDIU
dia. 80 mm și accesorii,dia. 80 mm și accesorii,Material,General,Unit,0.0,0.0,0.0,0.0,0,RON,0.0,1.15,1,1,Building and settlement works,Analiza Prețului Unitar al Lucrărilor (AHSP) - Permen PUPR 2022,Lucrări de construcții și amenajări,5.6 LUCRĂRI SISTEM PROTECȚIE INCENDIU
"0,1 m3/zi + Material Ajutor / Accesorii","0,1 m3/zi + Material Ajutor / Accesorii",Material,General,Unit,0.0,0.0,0.0,0.0,0,RON,0.0,1.025,1,1,Building and settlement works,Analiza Prețului Unitar al Lucrărilor (AHSP) - Permen PUPR 2022,Lucrări de construcții și amenajări,6.1 SISTEM DE APĂ POTABILĂ
+ Material Ajutor / Accesorii,+ Material Ajutor / Accesorii,Material,General,Set,0.0,0.0,0.0,0.0,0,RON,0.0,1.05,1,1,Building and settlement works,Analiza Prețului Unitar al Lucrărilor (AHSP) - Permen PUPR 2022,Lucrări de construcții și amenajări,6.1 SISTEM DE APĂ POTABILĂ
Pompă lift 80 lpm Material auxiliar / Accesorii,Pompă lift 80 lpm Material auxiliar / Accesorii,Material,General,Set,0.0,0.0,0.0,0.0,0,RON,0.0,1.05,1,1,Building and settlement works,Analiza Prețului Unitar al Lucrărilor (AHSP) - Permen PUPR 2022,Lucrări de construcții și amenajări,6.1 SISTEM DE APĂ POTABILĂ
Pompă Jet 100 lpm Material auxiliar / Accesorii,Pompă Jet 100 lpm Material auxiliar / Accesorii,Material,General,Set,0.0,0.0,0.0,0.0,0,RON,0.0,1.1,1,1,Building and settlement works,Analiza Prețului Unitar al Lucrărilor (AHSP) - Permen PUPR 2022,Lucrări de construcții și amenajări,6.1 SISTEM DE APĂ POTABILĂ
Pompă Jet 34 lpm Material auxiliar / Accesorii,Pompă Jet 34 lpm Material auxiliar / Accesorii,Material,General,Set,0.0,0.0,0.0,0.0,0,RON,0.0,1.1,1,1,Building and settlement works,Analiza Prețului Unitar al Lucrărilor (AHSP) - Permen PUPR 2022,Lucrări de construcții și amenajări,6.1 SISTEM DE APĂ POTABILĂ
Pompă Jet 27 lpm Material auxiliar / Accesorii,Pompă Jet 27 lpm Material auxiliar / Accesorii,Material,General,Set,0.0,0.0,0.0,0.0,0,RON,0.0,1.1,1,1,Building and settlement works,Analiza Prețului Unitar al Lucrărilor (AHSP) - Permen PUPR 2022,Lucrări de construcții și amenajări,6.1 SISTEM DE APĂ POTABILĂ
- Ambalat) + Material Auxiliar / Accesorii,- Ambalat) + Material Auxiliar / Accesorii,Material,General,Set,0.0,0.0,0.0,0.0,0,RON,0.0,1.025,1,1,Building and settlement works,Analiza Prețului Unitar al Lucrărilor (AHSP) - Permen PUPR 2022,Lucrări de construcții și amenajări,6.1 SISTEM DE APĂ POTABILĂ
capacitate 12 m3 + Material Auxiliar / Accesorii,capacitate 12 m3 + Material Auxiliar / Accesorii,Material,General,Unit,0.0,0.0,0.0,0.0,0,RON,0.0,1.1,1,1,Building and settlement works,Analiza Prețului Unitar al Lucrărilor (AHSP) - Permen PUPR 2022,Lucrări de construcții și amenajări,6.1 SISTEM DE APĂ POTABILĂ
Capacitate 6 m3 + Material auxiliar / Accesorii,Capacitate 6 m3 + Material auxiliar / Accesorii,Material,General,Unit,0.0,0.0,0.0,0.0,0,RON,0.0,1.01,1,1,Building and settlement works,Analiza Prețului Unitar al Lucrărilor (AHSP) - Permen PUPR 2022,Lucrări de construcții și amenajări,6.1 SISTEM DE APĂ POTABILĂ
"Capacitate 5,5 m3 + Material auxiliar / Accesorii","Capacitate 5,5 m3 + Material auxiliar / Accesorii",Material,General,Unit,0.0,0.0,0.0,0.0,0,RON,0.0,1.01,1,1,Building and settlement works,Analiza Prețului Unitar al Lucrărilor (AHSP) - Permen PUPR 2022,Lucrări de construcții și amenajări,6.1 SISTEM DE APĂ POTABILĂ
Capacitate 5 m3 + Material auxiliar / Accesorii,Capacitate 5 m3 + Material auxiliar / Accesorii,Material,General,Unit,0.0,0.0,0.0,0.0,0,RON,0.0,1.01,1,1,Building and settlement works,Analiza Prețului Unitar al Lucrărilor (AHSP) - Permen PUPR 2022,Lucrări de construcții și amenajări,6.1 SISTEM DE APĂ POTABILĂ
capacitate 3 m3 + material auxiliar / accesorii,capacitate 3 m3 + material auxiliar / accesorii,Material,General,Unit,0.0,0.0,0.0,0.0,0,RON,0.0,1.05,1,1,Building and settlement works,Analiza Prețului Unitar al Lucrărilor (AHSP) - Permen PUPR 2022,Lucrări de construcții și amenajări,6.1 SISTEM DE APĂ POTABILĂ
"Capacitate 2,5 m3 + Material auxiliar / Accesorii","Capacitate 2,5 m3 + Material auxiliar / Accesorii",Material,General,Unit,0.0,0.0,0.0,0.0,0,RON,0.0,1.05,1,1,Building and settlement works,Analiza Prețului Unitar al Lucrărilor (AHSP) - Permen PUPR 2022,Lucrări de construcții și amenajări,6.1 SISTEM DE APĂ POTABILĂ
"Capacitate 1,5 m3 + Material Auxiliar / Accesorii","Capacitate 1,5 m3 + Material Auxiliar / Accesorii",Material,General,Unit,0.0,0.0,0.0,0.0,0,RON,0.0,1.05,1,1,Building and settlement works,Analiza Prețului Unitar al Lucrărilor (AHSP) - Permen PUPR 2022,Lucrări de construcții și amenajări,6.1 SISTEM DE APĂ POTABILĂ
"Capacitate 0,7 m3 + Material Ajutor / Accesorii","Capacitate 0,7 m3 + Material Ajutor / Accesorii",Material,General,Unit,0.0,0.0,0.0,0.0,0,RON,0.0,1.02,1,1,Building and settlement works,Analiza Prețului Unitar al Lucrărilor (AHSP) - Permen PUPR 2022,Lucrări de construcții și amenajări,6.1 SISTEM DE APĂ POTABILĂ
"Vertical etapă multi, 25 USGPM și accesorii","Vertical etapă multi, 25 USGPM și accesorii",Material,General,Unit,0.0,0.0,0.0,0.0,0,RON,0.0,1.05,1,1,Building and settlement works,Analiza Prețului Unitar al Lucrărilor (AHSP) - Permen PUPR 2022,Lucrări de construcții și amenajări,5.6.3 APAR
"3/4"" ; (20 mm) + fitting & accesorii","3/4"" ; (20 mm) + fitting & accesorii",Material,Pipes & Fittings,m',0.0,0.0,0.0,0.0,0,RON,0.0,1.45,1,1,Building and settlement works,Analiza Prețului Unitar al Lucrărilor (AHSP) - Permen PUPR 2022,Lucrări de construcții și amenajări,6.4 SISTEM DE INSTALARE A ȚEVILOR ÎN CLĂDIRE
"1/2"" ; (15 mm) + racord & accesorii","1/2"" ; (15 mm) + racord & accesorii",Material,General,m',0.0,0.0,0.0,0.0,0,RON,0.0,1.45,1,1,Building and settlement works,Analiza Prețului Unitar al Lucrărilor (AHSP) - Permen PUPR 2022,Lucrări de construcții și amenajări,6.4 SISTEM DE INSTALARE A ȚEVILOR ÎN CLĂDIRE
(Inox) Kap. 30 Litru + Material Ajutor / Accesorii,(Inox) Kap. 30 Litru + Material Ajutor / Accesorii,Material,General,Unit,0.0,0.0,0.0,0.0,0,RON,0.0,1.025,1,1,Building and settlement works,Analiza Prețului Unitar al Lucrărilor (AHSP) - Permen PUPR 2022,Lucrări de construcții și amenajări,6.2 SISTEM DE APĂ REZIDUALĂ
(Fibră de sticlă) Kap. 30 litri + Material auxiliar / Accesorii,(Fibră de sticlă) Kap. 30 litri + Material auxiliar / Accesorii,Material,General,Unit,0.0,0.0,0.0,0.0,0,RON,0.0,1.025,1,1,Building and settlement works,Analiza Prețului Unitar al Lucrărilor (AHSP) - Permen PUPR 2022,Lucrări de construcții și amenajări,6.2 SISTEM DE APĂ REZIDUALĂ
Pompă) Capacitate litru/minut + Material Auxiliar / Accesorii,Pompă) Capacitate litru/minut + Material Auxiliar / Accesorii,Material,Fasteners,Unit,0.0,0.0,0.0,0.0,0,RON,0.0,1.025,1,1,Building and settlement works,Analiza Prețului Unitar al Lucrărilor (AHSP) - Permen PUPR 2022,Lucrări de construcții și amenajări,6.2 SISTEM DE APĂ REZIDUALĂ
Kap. 30 m3 + Material Ajutor / Accesorii,Kap. 30 m3 + Material Ajutor / Accesorii,Material,General,Unit,0.0,0.0,0.0,0.0,0,RON,0.0,1.1,1,1,Building and settlement works,Analiza Prețului Unitar al Lucrărilor (AHSP) - Permen PUPR 2022,Lucrări de construcții și amenajări,6.2 SISTEM DE APĂ REZIDUALĂ
(fibră de sticlă) cap. 30 m3 + material auxiliar / accesorii,(fibră de sticlă) cap. 30 m3 + material auxiliar / accesorii,Material,General,Unit,0.0,0.0,0.0,0.0,0,RON,0.0,1.5,1,1,Building and settlement works,Analiza Prețului Unitar al Lucrărilor (AHSP) - Permen PUPR 2022,Lucrări de construcții și amenajări,6.2 SISTEM DE APĂ REZIDUALĂ
(fibră de sticlă) cap. 10 m3 + material auxiliar / accesorii,(fibră de sticlă) cap. 10 m3 + material auxiliar / accesorii,Material,General,Unit,0.0,0.0,0.0,0.0,0,RON,0.0,1.5,1,1,Building and settlement works,Analiza Prețului Unitar al Lucrărilor (AHSP) - Permen PUPR 2022,Lucrări de construcții și amenajări,6.2 SISTEM DE APĂ REZIDUALĂ
(sticlă fibră) Putere 2 m3 + Material auxiliar / Accesorii,(sticlă fibră) Putere 2 m3 + Material auxiliar / Accesorii,Material,General,Unit,0.0,0.0,0.0,0.0,0,RON,0.0,1.5,1,1,Building and settlement works,Analiza Prețului Unitar al Lucrărilor (AHSP) - Permen PUPR 2022,Lucrări de construcții și amenajări,6.2 SISTEM DE APĂ REZIDUALĂ
litru + Material auxiliar / Accesorii,litru + Material auxiliar / Accesorii,Material,General,Unit,0.0,0.0,0.0,0.0,0,RON,0.0,1.025,1,1,Building and settlement works,Analiza Prețului Unitar al Lucrărilor (AHSP) - Permen PUPR 2022,Lucrări de construcții și amenajări,6.1 SISTEM DE APĂ POTABILĂ
2.000 litru + Material Ajutor / Accesorii,2.000 litru + Material Ajutor / Accesorii,Material,General,Unit,0.0,0.0,0.0,0.0,0,RON,0.0,1.025,1,1,Building and settlement works,Analiza Prețului Unitar al Lucrărilor (AHSP) - Permen PUPR 2022,Lucrări de construcții și amenajări,6.1 SISTEM DE APĂ POTABILĂ
1.000 litru + Material auxiliar / Accesorii,1.000 litru + Material auxiliar / Accesorii,Material,General,Unit,0.0,0.0,0.0,0.0,0,RON,0.0,1.025,1,1,Building and settlement works,Analiza Prețului Unitar al Lucrărilor (AHSP) - Permen PUPR 2022,Lucrări de construcții și amenajări,6.1 SISTEM DE APĂ POTABILĂ
800 litru + Material auxiliar / Accesorii,800 litru + Material auxiliar / Accesorii,Material,General,Unit,0.0,0.0,0.0,0.0,0,RON,0.0,1.025,1,1,Building and settlement works,Analiza Prețului Unitar al Lucrărilor (AHSP) - Permen PUPR 2022,Lucrări de construcții și amenajări,6.1 SISTEM DE APĂ POTABILĂ
500 litru + material auxiliar / accesorii,500 litru + material auxiliar / accesorii,Material,General,Unit,0.0,0.0,0.0,0.0,0,RON,0.0,1.025,1,1,Building and settlement works,Analiza Prețului Unitar al Lucrărilor (AHSP) - Permen PUPR 2022,Lucrări de construcții și amenajări,6.1 SISTEM DE APĂ POTABILĂ
"Capacitate 0,6 m3/zi + Material Auxiliar / Accesorii","Capacitate 0,6 m3/zi + Material Auxiliar / Accesorii",Material,General,Unit,0.0,0.0,0.0,0.0,0,RON,0.0,1.025,1,1,Building and settlement works,Analiza Prețului Unitar al Lucrărilor (AHSP) - Permen PUPR 2022,Lucrări de construcții și amenajări,6.1 SISTEM DE APĂ POTABILĂ
m3/zi + material auxiliar / accesorii,m3/zi + material auxiliar / accesorii,Material,General,Unit,0.0,0.0,0.0,0.0,0,RON,0.0,1.05,1,1,Building and settlement works,Analiza Prețului Unitar al Lucrărilor (AHSP) - Permen PUPR 2022,Lucrări de construcții și amenajări,6.1 SISTEM DE APĂ POTABILĂ
"12"" (300 mm) + cuplaje & accesorii","12"" (300 mm) + cuplaje & accesorii",Material,General,m',0.0,0.0,0.0,0.0,0,RON,0.0,1.45,1,1,Building and settlement works,Analiza Prețului Unitar al Lucrărilor (AHSP) - Permen PUPR 2022,Lucrări de construcții și amenajări,6.4 SISTEM DE INSTALARE A ȚEVILOR ÎN CLĂDIRE
"3"" ; (80 mm) + cuplaje și accesorii","3"" ; (80 mm) + cuplaje și accesorii",Material,General,m',0.0,0.0,0.0,0.0,0,RON,0.0,1.45,1,1,Building and settlement works,Analiza Prețului Unitar al Lucrărilor (AHSP) - Permen PUPR 2022,Lucrări de construcții și amenajări,6.4 SISTEM DE INSTALARE A ȚEVILOR ÎN CLĂDIRE
Kunci slot,Kunci slot,Material,General,buah,0.0,0.0,0.0,0.0,0,RON,0.0,1.0,1,1,Building and settlement works,Analiza Prețului Unitar al Lucrărilor (AHSP) - Hotărârea PUPR 2016,Lucrări de construcții și amenajări,A.4.6.2 PREȚ PE UNITATE PENTRU LUCRARE DE ÎNCHIDERE ȘI STICLĂ
Door closer,Door closer,Material,General,set,0.0,0.0,0.0,0.0,0,RON,0.0,1.0,1,1,Building and settlement works,Analiza Prețului Unitar al Lucrărilor (AHSP) - Hotărârea PUPR 2016,Lucrări de construcții și amenajări,A.4.6.2 PREȚ PE UNITATE PENTRU LUCRARE DE ÎNCHIDERE ȘI STICLĂ
Kait angin,Kait angin,Material,General,buah,0.0,0.0,0.0,0.0,0,RON,0.0,1.0,1,1,Building and settlement works,Analiza Prețului Unitar al Lucrărilor (AHSP) - Hotărârea PUPR 2016,Lucrări de construcții și amenajări,A.4.6.2 PREȚ PE UNITATE PENTRU LUCRARE DE ÎNCHIDERE ȘI STICLĂ
Spring knip,Spring knip,Material,General,buah,0.0,0.0,0.0,0.0,0,RON,0.0,1.0,1,1,Building and settlement works,Analiza Prețului Unitar al Lucrărilor (AHSP) - Hotărârea PUPR 2016,Lucrări de construcții și amenajări,A.4.6.2 PREȚ PE UNITATE PENTRU LUCRARE DE ÎNCHIDERE ȘI STICLĂ
Balamă fluture,Balamă fluture,Material,General,buah,0.0,0.0,0.0,0.0,0,RON,0.0,1.0,1,1,Building and settlement works,Analiza Prețului Unitar al Lucrărilor (AHSP) - Hotărârea PUPR 2016,Lucrări de construcții și amenajări,A.4.6.2 PREȚ PE UNITATE PENTRU LUCRARE DE ÎNCHIDERE ȘI STICLĂ
lacăt cilindru,lacăt cilindru,Material,General,buah,0.0,0.0,0.0,0.0,0,RON,0.0,1.0,1,1,Building and settlement works,Analiza Prețului Unitar al Lucrărilor (AHSP) - Hotărârea PUPR 2016,Lucrări de construcții și amenajări,A.4.6.2 PREȚ PE UNITATE PENTRU LUCRARE DE ÎNCHIDERE ȘI STICLĂ
Cheie plantă KM,Cheie plantă KM,Material,General,buah,0.0,0.0,0.0,0.0,0,RON,0.0,1.0,1,1,Building and settlement works,Analiza Prețului Unitar al Lucrărilor (AHSP) - Hotărârea PUPR 2016,Lucrări de construcții și amenajări,A.4.6.2 PREȚ PE UNITATE PENTRU LUCRARE DE ÎNCHIDERE ȘI STICLĂ
Șipcă lemn 2/4,Șipcă lemn 2/4,Material,General,m3,0.0,0.0,0.0,0.0,0,RON,0.0,0.003,1,1,Building and settlement works,Analiza Prețului Unitar al Lucrărilor (AHSP) - Hotărârea PUPR 2016,Lucrări de construcții și amenajări,A.4.6.1 PREȚ PE UNITATE DE MUNCĂ PENTRU LEMN
Căpriori 5 x 7,Căpriori 5 x 7,Material,General,m3,0.0,0.0,0.0,0.0,0,RON,0.0,0.014,1,1,Building and settlement works,Analiza Prețului Unitar al Lucrărilor (AHSP) - Hotărârea PUPR 2016,Lucrări de construcții și amenajări,A.4.6.1 PREȚ PE UNITATE DE MUNCĂ PENTRU LEMN
Bilik bambu,Bilik bambu,Material,General,m2,0.0,0.0,0.0,0.0,0,RON,0.0,1.5,1,1,Building and settlement works,Analiza Prețului Unitar al Lucrărilor (AHSP) - Hotărârea PUPR 2016,Lucrări de construcții și amenajări,A.4.6.1 PREȚ PE UNITATE DE MUNCĂ PENTRU LEMN
"Paku 1 dan 2,5","Paku 1 dan 2,5",Material,General,kg,0.0,0.0,0.0,0.0,0,RON,0.0,0.05,1,1,Building and settlement works,Analiza Prețului Unitar al Lucrărilor (AHSP) - Hotărârea PUPR 2016,Lucrări de construcții și amenajări,A.4.6.1 PREȚ PE UNITATE DE MUNCĂ PENTRU LEMN
Placaj 4 mm,Placaj 4 mm,Material,General,m3,0.0,0.0,0.0,0.0,0,RON,0.0,0.4,1,1,Building and settlement works,Analiza Prețului Unitar al Lucrărilor (AHSP) - Hotărârea PUPR 2016,Lucrări de construcții și amenajări,A.4.6.1 PREȚ PE UNITATE DE MUNCĂ PENTRU LEMN
cui șurub 10,cui șurub 10,Material,General,kg,0.0,0.0,0.0,0.0,0,RON,0.0,0.15,1,1,Building and settlement works,Analiza Prețului Unitar al Lucrărilor (AHSP) - Hotărârea PUPR 2016,Lucrări de construcții și amenajări,A.4.6.1 PREȚ PE UNITATE DE MUNCĂ PENTRU LEMN
"1"" ; (25 mm) + fitinguri & accesorii","1"" ; (25 mm) + fitinguri & accesorii",Material,General,m',0.0,0.0,0.0,0.0,0,RON,0.0,1.45,1,1,Building and settlement works,Analiza Prețului Unitar al Lucrărilor (AHSP) - Permen PUPR 2022,Lucrări de construcții și amenajări,6.4 SISTEM DE INSTALARE A ȚEVILOR ÎN CLĂDIRE
"CLASS ; Dia. 12"" ;","CLASS ; Dia. 12"" ;",Material,General,m',0.0,0.0,0.0,0.0,0,RON,0.0,1.5,1,1,Building and settlement works,Analiza Prețului Unitar al Lucrărilor (AHSP) - Permen PUPR 2022,Lucrări de construcții și amenajări,6.4 SISTEM DE INSTALARE A ȚEVILOR ÎN CLĂDIRE
"CLASS ; Dia. 10"" ;","CLASS ; Dia. 10"" ;",Material,General,m',0.0,0.0,0.0,0.0,0,RON,0.0,1.5,1,1,Building and settlement works,Analiza Prețului Unitar al Lucrărilor (AHSP) - Permen PUPR 2022,Lucrări de construcții și amenajări,6.4 SISTEM DE INSTALARE A ȚEVILOR ÎN CLĂDIRE
"CLASS ; Dia. 8"" ;","CLASS ; Dia. 8"" ;",Material,General,m',0.0,0.0,0.0,0.0,0,RON,0.0,1.5,1,1,Building and settlement works,Analiza Prețului Unitar al Lucrărilor (AHSP) - Permen PUPR 2022,Lucrări de construcții și amenajări,6.4 SISTEM DE INSTALARE A ȚEVILOR ÎN CLĂDIRE
"CLASS ; Dia. 6"" ;","CLASS ; Dia. 6"" ;",Material,General,m',0.0,0.0,0.0,0.0,0,RON,0.0,1.5,1,1,Building and settlement works,Analiza Prețului Unitar al Lucrărilor (AHSP) - Permen PUPR 2022,Lucrări de construcții și amenajări,6.4 SISTEM DE INSTALARE A ȚEVILOR ÎN CLĂDIRE
"CLASS ; Dia. 5"" ;","CLASS ; Dia. 5"" ;",Material,General,m',0.0,0.0,0.0,0.0,0,RON,0.0,1.5,1,1,Building and settlement works,Analiza Prețului Unitar al Lucrărilor (AHSP) - Permen PUPR 2022,Lucrări de construcții și amenajări,6.4 SISTEM DE INSTALARE A ȚEVILOR ÎN CLĂDIRE
"CLASS ; Dia. 4"" ;","CLASS ; Dia. 4"" ;",Material,General,m',0.0,0.0,0.0,0.0,0,RON,0.0,1.5,1,1,Building and settlement works,Analiza Prețului Unitar al Lucrărilor (AHSP) - Permen PUPR 2022,Lucrări de construcții și amenajări,6.4 SISTEM DE INSTALARE A ȚEVILOR ÎN CLĂDIRE
"CLASS ; Dia. 3"" ; (80 mm) + cuplaje & accesorii","CLASS ; Dia. 3"" ; (80 mm) + cuplaje & accesorii",Material,General,m',0.0,0.0,0.0,0.0,0,RON,0.0,1.5,1,1,Building and settlement works,Analiza Prețului Unitar al Lucrărilor (AHSP) - Permen PUPR 2022,Lucrări de construcții și amenajări,6.4 SISTEM DE INSTALARE A ȚEVILOR ÎN CLĂDIRE
"CLASS ; Dia. 2-1/2"" (65 mm) + fitinguri & accesorii","CLASS ; Dia. 2-1/2"" (65 mm) + fitinguri & accesorii",Material,General,m',0.0,0.0,0.0,0.0,0,RON,0.0,1.5,1,1,Building and settlement works,Analiza Prețului Unitar al Lucrărilor (AHSP) - Permen PUPR 2022,Lucrări de construcții și amenajări,6.4 SISTEM DE INSTALARE A ȚEVILOR ÎN CLĂDIRE
"CLASS ; Dia. 2"" ; (50 mm) + cuplaje & accesorii","CLASS ; Dia. 2"" ; (50 mm) + cuplaje & accesorii",Material,General,m',0.0,0.0,0.0,0.0,0,RON,0.0,1.5,1,1,Building and settlement works,Analiza Prețului Unitar al Lucrărilor (AHSP) - Permen PUPR 2022,Lucrări de construcții și amenajări,6.4 SISTEM DE INSTALARE A ȚEVILOR ÎN CLĂDIRE
"CLASS ; dia. 1-1/2"" (40 mm) + cuplare & accesorii","CLASS ; dia. 1-1/2"" (40 mm) + cuplare & accesorii",Material,General,m',0.0,0.0,0.0,0.0,0,RON,0.0,1.5,1,1,Building and settlement works,Analiza Prețului Unitar al Lucrărilor (AHSP) - Permen PUPR 2022,Lucrări de construcții și amenajări,6.4 SISTEM DE INSTALARE A ȚEVILOR ÎN CLĂDIRE
"CLASS ; Dia. 1-1/4"" (32 mm) + fitting & accesorii","CLASS ; Dia. 1-1/4"" (32 mm) + fitting & accesorii",Material,Pipes & Fittings,m',0.0,0.0,0.0,0.0,0,RON,0.0,1.5,1,1,Building and settlement works,Analiza Prețului Unitar al Lucrărilor (AHSP) - Permen PUPR 2022,Lucrări de construcții și amenajări,6.4 SISTEM DE INSTALARE A ȚEVILOR ÎN CLĂDIRE
"CLASS ; Dia. 1"" ; (25 mm) + fitinguri & accesorii","CLASS ; Dia. 1"" ; (25 mm) + fitinguri & accesorii",Material,General,m',0.0,0.0,0.0,0.0,0,RON,0.0,1.5,1,1,Building and settlement works,Analiza Prețului Unitar al Lucrărilor (AHSP) - Permen PUPR 2022,Lucrări de construcții și amenajări,6.4 SISTEM DE INSTALARE A ȚEVILOR ÎN CLĂDIRE
"CLASS ; Dia. 3/4"" ; (20 mm) + fitting & accesorii","CLASS ; Dia. 3/4"" ; (20 mm) + fitting & accesorii",Material,Pipes & Fittings,m',0.0,0.0,0.0,0.0,0,RON,0.0,1.5,1,1,Building and settlement works,Analiza Prețului Unitar al Lucrărilor (AHSP) - Permen PUPR 2022,Lucrări de construcții și amenajări,6.4 SISTEM DE INSTALARE A ȚEVILOR ÎN CLĂDIRE
"CLASS ; Dia. 1/2"" ; (15 mm) + fitinguri & accesorii","CLASS ; Dia. 1/2"" ; (15 mm) + fitinguri & accesorii",Material,General,m',0.0,0.0,0.0,0.0,0,RON,0.0,1.5,1,1,Building and settlement works,Analiza Prețului Unitar al Lucrărilor (AHSP) - Permen PUPR 2022,Lucrări de construcții și amenajări,6.4 SISTEM DE INSTALARE A ȚEVILOR ÎN CLĂDIRE
"12"" ; (300 mm) + racord & accesorii","12"" ; (300 mm) + racord & accesorii",Material,General,m',0.0,0.0,0.0,0.0,0,RON,0.0,1.45,1,1,Building and settlement works,Analiza Prețului Unitar al Lucrărilor (AHSP) - Permen PUPR 2022,Lucrări de construcții și amenajări,6.4 SISTEM DE INSTALARE A ȚEVILOR ÎN CLĂDIRE
"3"" (80 mm) + fitinguri & accesorii","3"" (80 mm) + fitinguri & accesorii",Material,General,m',0.0,0.0,0.0,0.0,0,RON,0.0,1.45,1,1,Building and settlement works,Analiza Prețului Unitar al Lucrărilor (AHSP) - Permen PUPR 2022,Lucrări de construcții și amenajări,6.4 SISTEM DE INSTALARE A ȚEVILOR ÎN CLĂDIRE
Malaxor capacitate 1 m3,Malaxor capacitate 1 m3,Equipment,General,Sewa-hari,0.0,0.0,0.0,0.0,0,RON,0.0,0.25,1,1,Water resources works,Analiza Prețului Unitar al Lucrărilor (AHSP) - Hotărârea PUPR 2016,Lucrări de gestionare a resurselor de apă,1 1PC : 2PB : 3Kr
M.58.c,Dynabolt/raamset ø8 mm 5 lungime 4-5cm,Material,Fasteners,buah,0.0,0.0,0.0,0.0,0,RON,0.0,4.0,1,1,Water resources works,Analiza Prețului Unitar al Lucrărilor (AHSP) - Hotărârea PUPR 2016,Lucrări de gestionare a resurselor de apă,P.13 Lucrări de mal
M.53.f,Tablă bandă/3x30x300mm,Material,General,kg,0.0,0.0,0.0,0.0,0,RON,0.0,0.5,1,1,Water resources works,Analiza Prețului Unitar al Lucrărilor (AHSP) - Hotărârea PUPR 2016,Lucrări de gestionare a resurselor de apă,P.13 Lucrări de mal
"Țeavă galvanizată SCH ; Dia. 6"" ; (150 mm) fitting & accesorii","Țeavă galvanizată SCH ; Dia. 6"" ; (150 mm) fitting & accesorii",Material,Pipes & Fittings,m',0.0,0.0,0.0,0.0,0,RON,0.0,1.5,1,1,Building and settlement works,Analiza Prețului Unitar al Lucrărilor (AHSP) - Permen PUPR 2022,Lucrări de construcții și amenajări,6.4 SISTEM DE INSTALARE A ȚEVILOR ÎN CLĂDIRE
"Țeavă galvanizată SCH ; Dia. 5"" ; (125 mm) cuplaje & accesorii","Țeavă galvanizată SCH ; Dia. 5"" ; (125 mm) cuplaje & accesorii",Material,General,m',0.0,0.0,0.0,0.0,0,RON,0.0,1.5,1,1,Building and settlement works,Analiza Prețului Unitar al Lucrărilor (AHSP) - Permen PUPR 2022,Lucrări de construcții și amenajări,6.4 SISTEM DE INSTALARE A ȚEVILOR ÎN CLĂDIRE
"Conductă galvanizată SCH ; Dia. 4"" ; (100 mm) racord & accesorii","Conductă galvanizată SCH ; Dia. 4"" ; (100 mm) racord & accesorii",Material,General,m',0.0,0.0,0.0,0.0,0,RON,0.0,1.5,1,1,Building and settlement works,Analiza Prețului Unitar al Lucrărilor (AHSP) - Permen PUPR 2022,Lucrări de construcții și amenajări,6.4 SISTEM DE INSTALARE A ȚEVILOR ÎN CLĂDIRE
"țeavă galvanizată sch ; dia. 3"" ; (80 mm) cuplare & accesorii","țeavă galvanizată sch ; dia. 3"" ; (80 mm) cuplare & accesorii",Material,General,m',0.0,0.0,0.0,0.0,0,RON,0.0,1.5,1,1,Building and settlement works,Analiza Prețului Unitar al Lucrărilor (AHSP) - Permen PUPR 2022,Lucrări de construcții și amenajări,6.4 SISTEM DE INSTALARE A ȚEVILOR ÎN CLĂDIRE
"Țeavă galvanizată SCH ; Dia. 2-1/2"" ; (65 mm) + cuplaje & accesorii","Țeavă galvanizată SCH ; Dia. 2-1/2"" ; (65 mm) + cuplaje & accesorii",Material,General,m',0.0,0.0,0.0,0.0,0,RON,0.0,1.5,1,1,Building and settlement works,Analiza Prețului Unitar al Lucrărilor (AHSP) - Permen PUPR 2022,Lucrări de construcții și amenajări,6.4 SISTEM DE INSTALARE A ȚEVILOR ÎN CLĂDIRE
"Țeavă galvanizată SCH ; Dia. 2"" ; (50 mm) fitting & accesorii","Țeavă galvanizată SCH ; Dia. 2"" ; (50 mm) fitting & accesorii",Material,Pipes & Fittings,m',0.0,0.0,0.0,0.0,0,RON,0.0,1.5,1,1,Building and settlement works,Analiza Prețului Unitar al Lucrărilor (AHSP) - Permen PUPR 2022,Lucrări de construcții și amenajări,6.4 SISTEM DE INSTALARE A ȚEVILOR ÎN CLĂDIRE
"Țeavă galvanizată SCH ; Dia. 1-1/2"" ; (40 mm) + cuplaje & accesorii","Țeavă galvanizată SCH ; Dia. 1-1/2"" ; (40 mm) + cuplaje & accesorii",Material,General,m',0.0,0.0,0.0,0.0,0,RON,0.0,1.5,1,1,Building and settlement works,Analiza Prețului Unitar al Lucrărilor (AHSP) - Permen PUPR 2022,Lucrări de construcții și amenajări,6.4 SISTEM DE INSTALARE A ȚEVILOR ÎN CLĂDIRE
"Țeavă galvanizată SCH ; Dia. 1-1/4"" ; (32 mm) + fitting & accesorii","Țeavă galvanizată SCH ; Dia. 1-1/4"" ; (32 mm) + fitting & accesorii",Material,Pipes & Fittings,m',0.0,0.0,0.0,0.0,0,RON,0.0,1.5,1,1,Building and settlement works,Analiza Prețului Unitar al Lucrărilor (AHSP) - Permen PUPR 2022,Lucrări de construcții și amenajări,6.4 SISTEM DE INSTALARE A ȚEVILOR ÎN CLĂDIRE
"Țeavă galvanizată SCH ; Dia. 1"" ; (25 mm) fitinguri & accesorii","Țeavă galvanizată SCH ; Dia. 1"" ; (25 mm) fitinguri & accesorii",Material,General,m',0.0,0.0,0.0,0.0,0,RON,0.0,1.5,1,1,Building and settlement works,Analiza Prețului Unitar al Lucrărilor (AHSP) - Permen PUPR 2022,Lucrări de construcții și amenajări,6.4 SISTEM DE INSTALARE A ȚEVILOR ÎN CLĂDIRE
"Conductă galvanizată SCH ; Dia. 3/4"" ; (20 mm) + racord & accesorii","Conductă galvanizată SCH ; Dia. 3/4"" ; (20 mm) + racord & accesorii",Material,General,m',0.0,0.0,0.0,0.0,0,RON,0.0,1.5,1,1,Building and settlement works,Analiza Prețului Unitar al Lucrărilor (AHSP) - Permen PUPR 2022,Lucrări de construcții și amenajări,6.4 SISTEM DE INSTALARE A ȚEVILOR ÎN CLĂDIRE
"Țeavă galvanizată SCH ; Dia. 1/2"" ; (15 mm) + fitting & accesorii","Țeavă galvanizată SCH ; Dia. 1/2"" ; (15 mm) + fitting & accesorii",Material,Pipes & Fittings,m',0.0,0.0,0.0,0.0,0,RON,0.0,1.5,1,1,Building and settlement works,Analiza Prețului Unitar al Lucrărilor (AHSP) - Permen PUPR 2022,Lucrări de construcții și amenajări,6.4 SISTEM DE INSTALARE A ȚEVILOR ÎN CLĂDIRE
"CLASĂ ; Dia. 16"" ;","CLASĂ ; Dia. 16"" ;",Material,General,m',0.0,0.0,0.0,0.0,0,RON,0.0,1.5,1,1,Building and settlement works,Analiza Prețului Unitar al Lucrărilor (AHSP) - Permen PUPR 2022,Lucrări de construcții și amenajări,6.4 SISTEM DE INSTALARE A ȚEVILOR ÎN CLĂDIRE
"CLASS ; Dia. 14"" ;","CLASS ; Dia. 14"" ;",Material,General,m',0.0,0.0,0.0,0.0,0,RON,0.0,1.5,1,1,Building and settlement works,Analiza Prețului Unitar al Lucrărilor (AHSP) - Permen PUPR 2022,Lucrări de construcții și amenajări,6.4 SISTEM DE INSTALARE A ȚEVILOR ÎN CLĂDIRE
"; Dia. 2"" ; (50 mm) fitinguri & accesorii","; Dia. 2"" ; (50 mm) fitinguri & accesorii",Material,General,m',0.0,0.0,0.0,0.0,0,RON,0.0,1.55,1,1,Building and settlement works,Analiza Prețului Unitar al Lucrărilor (AHSP) - Permen PUPR 2022,Lucrări de construcții și amenajări,6.4 SISTEM DE INSTALARE A ȚEVILOR ÎN CLĂDIRE
"; dia. 1"" ; (25 mm) cuplare & accesorii","; dia. 1"" ; (25 mm) cuplare & accesorii",Material,General,m',0.0,0.0,0.0,0.0,0,RON,0.0,1.55,1,1,Building and settlement works,Analiza Prețului Unitar al Lucrărilor (AHSP) - Permen PUPR 2022,Lucrări de construcții și amenajări,6.4 SISTEM DE INSTALARE A ȚEVILOR ÎN CLĂDIRE
"; Dia. 3/4"" ; (20 mm) + fitting & accesorii","; Dia. 3/4"" ; (20 mm) + fitting & accesorii",Material,Pipes & Fittings,m',0.0,0.0,0.0,0.0,0,RON,0.0,1.55,1,1,Building and settlement works,Analiza Prețului Unitar al Lucrărilor (AHSP) - Permen PUPR 2022,Lucrări de construcții și amenajări,6.4 SISTEM DE INSTALARE A ȚEVILOR ÎN CLĂDIRE
"; Dia. 1/2"" ; (15 mm) + fitting & accesorii","; Dia. 1/2"" ; (15 mm) + fitting & accesorii",Material,Pipes & Fittings,m',0.0,0.0,0.0,0.0,0,RON,0.0,1.55,1,1,Building and settlement works,Analiza Prețului Unitar al Lucrărilor (AHSP) - Permen PUPR 2022,Lucrări de construcții și amenajări,6.4 SISTEM DE INSTALARE A ȚEVILOR ÎN CLĂDIRE
"Țeavă galvanizată SCH ; Dia. 16"" ; (400 mm) + fitting & accesorii","Țeavă galvanizată SCH ; Dia. 16"" ; (400 mm) + fitting & accesorii",Material,Pipes & Fittings,m',0.0,0.0,0.0,0.0,0,RON,0.0,1.5,1,1,Building and settlement works,Analiza Prețului Unitar al Lucrărilor (AHSP) - Permen PUPR 2022,Lucrări de construcții și amenajări,6.4 SISTEM DE INSTALARE A ȚEVILOR ÎN CLĂDIRE
"Țeavă galvanizată SCH ; Dia. 14"" ; (350 mm) + cuplaje & accesorii","Țeavă galvanizată SCH ; Dia. 14"" ; (350 mm) + cuplaje & accesorii",Material,General,m',0.0,0.0,0.0,0.0,0,RON,0.0,1.5,1,1,Building and settlement works,Analiza Prețului Unitar al Lucrărilor (AHSP) - Permen PUPR 2022,Lucrări de construcții și amenajări,6.4 SISTEM DE INSTALARE A ȚEVILOR ÎN CLĂDIRE
"Țeavă galvanizată SCH ; Dia. 12"" ; (300 mm) + fitinguri & accesorii","Țeavă galvanizată SCH ; Dia. 12"" ; (300 mm) + fitinguri & accesorii",Material,General,m',0.0,0.0,0.0,0.0,0,RON,0.0,1.5,1,1,Building and settlement works,Analiza Prețului Unitar al Lucrărilor (AHSP) - Permen PUPR 2022,Lucrări de construcții și amenajări,6.4 SISTEM DE INSTALARE A ȚEVILOR ÎN CLĂDIRE
"Țeavă galvanizată SCH ; Dia. 10"" ; (250 mm) + fitting & accesorii","Țeavă galvanizată SCH ; Dia. 10"" ; (250 mm) + fitting & accesorii",Material,Pipes & Fittings,m',0.0,0.0,0.0,0.0,0,RON,0.0,1.5,1,1,Building and settlement works,Analiza Prețului Unitar al Lucrărilor (AHSP) - Permen PUPR 2022,Lucrări de construcții și amenajări,6.4 SISTEM DE INSTALARE A ȚEVILOR ÎN CLĂDIRE
"Conductă galvanizată SCH ; Dia. 8"" ; (200 mm) racord & accesorii","Conductă galvanizată SCH ; Dia. 8"" ; (200 mm) racord & accesorii",Material,General,m',0.0,0.0,0.0,0.0,0,RON,0.0,1.5,1,1,Building and settlement works,Analiza Prețului Unitar al Lucrărilor (AHSP) - Permen PUPR 2022,Lucrări de construcții și amenajări,6.4 SISTEM DE INSTALARE A ȚEVILOR ÎN CLĂDIRE
E.23,Lift*,Equipment,General,hari,0.0,0.0,0.0,0.0,0,RON,0.0,0.025,1,1,Water resources works,Analiza Prețului Unitar al Lucrărilor (AHSP) - Hotărârea PUPR 2016,Lucrări de gestionare a resurselor de apă,1 1PC : 2PB : 3Kr
E.15,Jack 1 Tensionare/solicitare,Equipment,General,Sewa-hari,0.0,0.0,0.0,0.0,0,RON,0.0,0.15,1,1,Water resources works,Analiza Prețului Unitar al Lucrărilor (AHSP) - Hotărârea PUPR 2016,Lucrări de gestionare a resurselor de apă,1 1PC : 2PB : 3Kr
M.59,Cablu preintenționat Oțel beton,Material,General,kg,0.0,0.0,0.0,0.0,0,RON,0.0,105.0,1,1,Water resources works,Analiza Prețului Unitar al Lucrărilor (AHSP) - Hotărârea PUPR 2016,Lucrări de gestionare a resurselor de apă,1 1PC : 2PB : 3Kr
M.94.a,Wire mesh,Material,Electrical,kg,0.0,0.0,0.0,0.0,0,RON,0.0,102.0,1,1,Water resources works,Analiza Prețului Unitar al Lucrărilor (AHSP) - Hotărârea PUPR 2016,Lucrări de gestionare a resurselor de apă,1 1PC : 2PB : 3Kr
M.62,Kawat Ikat,Material,General,kg,0.0,0.0,0.0,0.0,0,RON,0.0,2.1,1,1,Water resources works,Analiza Prețului Unitar al Lucrărilor (AHSP) - Hotărârea PUPR 2016,Lucrări de gestionare a resurselor de apă,1 1PC : 2PB : 3Kr
M.03,material aditiv *,Material,General,Liter,0.0,0.0,0.0,0.0,0,RON,0.0,1.2,1,1,Water resources works,Analiza Prețului Unitar al Lucrărilor (AHSP) - Hotărârea PUPR 2016,Lucrări de gestionare a resurselor de apă,1 1PC : 2PB : 3Kr
M.09.x,Ready Mixed,Material,General,m3,0.0,0.0,0.0,0.0,0,RON,0.0,1.02,1,1,Water resources works,Analiza Prețului Unitar al Lucrărilor (AHSP) - Hotărârea PUPR 2016,Lucrări de gestionare a resurselor de apă,1 1PC : 2PB : 3Kr
M.116.h,"3* Matriță blindaj 2,0 tone",Material,General,buah,0.0,0.0,0.0,0.0,0,RON,0.0,0.002,1,1,Water resources works,Analiza Prețului Unitar al Lucrărilor (AHSP) - Hotărârea PUPR 2016,Lucrări de gestionare a resurselor de apă,P.13 Lucrări de mal
M.116.tone,"3* Stamă armură 0,75",Material,General,buah,0.0,0.0,0.0,0.0,0,RON,0.0,0.002,1,1,Water resources works,Analiza Prețului Unitar al Lucrărilor (AHSP) - Hotărârea PUPR 2016,Lucrări de gestionare a resurselor de apă,P.13 Lucrări de mal
"Amestec beton, fc' > 1 MPa Armare practică 120 kg/m3","Amestec beton, fc' > 1 MPa Armare practică 120 kg/m3",Material,General,m3,0.0,0.0,0.0,0.0,0,RON,0.0,0.227,1,1,Water resources works,Analiza Prețului Unitar al Lucrărilor (AHSP) - Hotărârea PUPR 2016,Lucrări de gestionare a resurselor de apă,P.13 Lucrări de mal
"Dia. 12"" ; (300 mm) fitting & accesorii","Dia. 12"" ; (300 mm) fitting & accesorii",Material,Pipes & Fittings,m',0.0,0.0,0.0,0.0,0,RON,0.0,1.55,1,1,Building and settlement works,Analiza Prețului Unitar al Lucrărilor (AHSP) - Permen PUPR 2022,Lucrări de construcții și amenajări,6.4 SISTEM DE INSTALARE A ȚEVILOR ÎN CLĂDIRE
"Dia. 10"" ; (250 mm) cuplaje & accesorii","Dia. 10"" ; (250 mm) cuplaje & accesorii",Material,General,m',0.0,0.0,0.0,0.0,0,RON,0.0,1.55,1,1,Building and settlement works,Analiza Prețului Unitar al Lucrărilor (AHSP) - Permen PUPR 2022,Lucrări de construcții și amenajări,6.4 SISTEM DE INSTALARE A ȚEVILOR ÎN CLĂDIRE
"Dia. 8"" ; (200 mm) fitting & accesorii","Dia. 8"" ; (200 mm) fitting & accesorii",Material,Pipes & Fittings,m',0.0,0.0,0.0,0.0,0,RON,0.0,1.55,1,1,Building and settlement works,Analiza Prețului Unitar al Lucrărilor (AHSP) - Permen PUPR 2022,Lucrări de construcții și amenajări,6.4 SISTEM DE INSTALARE A ȚEVILOR ÎN CLĂDIRE
"dia. 5"" ; (125 mm) cuplare & accesorii","dia. 5"" ; (125 mm) cuplare & accesorii",Material,General,m',0.0,0.0,0.0,0.0,0,RON,0.0,1.55,1,1,Building and settlement works,Analiza Prețului Unitar al Lucrărilor (AHSP) - Permen PUPR 2022,Lucrări de construcții și amenajări,6.4 SISTEM DE INSTALARE A ȚEVILOR ÎN CLĂDIRE
"; Dia. 16"" ; (400 mm) + fitting & accesorii","; Dia. 16"" ; (400 mm) + fitting & accesorii",Material,Pipes & Fittings,m',0.0,0.0,0.0,0.0,0,RON,0.0,1.55,1,1,Building and settlement works,Analiza Prețului Unitar al Lucrărilor (AHSP) - Permen PUPR 2022,Lucrări de construcții și amenajări,6.4 SISTEM DE INSTALARE A ȚEVILOR ÎN CLĂDIRE
"; Dia. 14"" ; (350 mm) + fitinguri & accesorii","; Dia. 14"" ; (350 mm) + fitinguri & accesorii",Material,General,m',0.0,0.0,0.0,0.0,0,RON,0.0,1.55,1,1,Building and settlement works,Analiza Prețului Unitar al Lucrărilor (AHSP) - Permen PUPR 2022,Lucrări de construcții și amenajări,6.4 SISTEM DE INSTALARE A ȚEVILOR ÎN CLĂDIRE
"; Dia. 12"" ; (300 mm) + fitting & accesorii","; Dia. 12"" ; (300 mm) + fitting & accesorii",Material,Pipes & Fittings,m',0.0,0.0,0.0,0.0,0,RON,0.0,1.55,1,1,Building and settlement works,Analiza Prețului Unitar al Lucrărilor (AHSP) - Permen PUPR 2022,Lucrări de construcții și amenajări,6.4 SISTEM DE INSTALARE A ȚEVILOR ÎN CLĂDIRE
"; Dia. 10"" ; (250 mm) + fitting & accesorii","; Dia. 10"" ; (250 mm) + fitting & accesorii",Material,Pipes & Fittings,m',0.0,0.0,0.0,0.0,0,RON,0.0,1.55,1,1,Building and settlement works,Analiza Prețului Unitar al Lucrărilor (AHSP) - Permen PUPR 2022,Lucrări de construcții și amenajări,6.4 SISTEM DE INSTALARE A ȚEVILOR ÎN CLĂDIRE
"; Dia. 8"" ; (200 mm) cuplaje & accesorii","; Dia. 8"" ; (200 mm) cuplaje & accesorii",Material,General,m',0.0,0.0,0.0,0.0,0,RON,0.0,1.55,1,1,Building and settlement works,Analiza Prețului Unitar al Lucrărilor (AHSP) - Permen PUPR 2022,Lucrări de construcții și amenajări,6.4 SISTEM DE INSTALARE A ȚEVILOR ÎN CLĂDIRE
"; Dia. 6"" ; (150 mm) fitinguri & accesorii","; Dia. 6"" ; (150 mm) fitinguri & accesorii",Material,General,m',0.0,0.0,0.0,0.0,0,RON,0.0,1.55,1,1,Building and settlement works,Analiza Prețului Unitar al Lucrărilor (AHSP) - Permen PUPR 2022,Lucrări de construcții și amenajări,6.4 SISTEM DE INSTALARE A ȚEVILOR ÎN CLĂDIRE
"; Dia. 5"" ; (125 mm) fitinguri & accesorii","; Dia. 5"" ; (125 mm) fitinguri & accesorii",Material,General,m',0.0,0.0,0.0,0.0,0,RON,0.0,1.55,1,1,Building and settlement works,Analiza Prețului Unitar al Lucrărilor (AHSP) - Permen PUPR 2022,Lucrări de construcții și amenajări,6.4 SISTEM DE INSTALARE A ȚEVILOR ÎN CLĂDIRE
"; Dia. 4"" ; (100 mm) fitting & accesorii","; Dia. 4"" ; (100 mm) fitting & accesorii",Material,Pipes & Fittings,m',0.0,0.0,0.0,0.0,0,RON,0.0,1.55,1,1,Building and settlement works,Analiza Prețului Unitar al Lucrărilor (AHSP) - Permen PUPR 2022,Lucrări de construcții și amenajări,6.4 SISTEM DE INSTALARE A ȚEVILOR ÎN CLĂDIRE
"; Dia. 3"" ; (80 mm) fitting & accesorii","; Dia. 3"" ; (80 mm) fitting & accesorii",Material,Pipes & Fittings,m',0.0,0.0,0.0,0.0,0,RON,0.0,1.55,1,1,Building and settlement works,Analiza Prețului Unitar al Lucrărilor (AHSP) - Permen PUPR 2022,Lucrări de construcții și amenajări,6.4 SISTEM DE INSTALARE A ȚEVILOR ÎN CLĂDIRE
M.30.a,Bambu,Material,General,batang,0.0,0.0,0.0,0.0,0,RON,0.0,4.0,1,1,Water resources works,Analiza Prețului Unitar al Lucrărilor (AHSP) - Hotărârea PUPR 2016,Lucrări de gestionare a resurselor de apă,P.13 Lucrări de mal
E.37.d,Rakit,Equipment,General,hari,0.0,0.0,0.0,0.0,0,RON,0.0,0.005,1,1,Water resources works,Analiza Prețului Unitar al Lucrărilor (AHSP) - Hotărârea PUPR 2016,Lucrări de gestionare a resurselor de apă,P.13 Lucrări de mal
E.33,Vehicul 1 transport,Equipment,General,sewa-hari,0.0,0.0,0.0,0.0,0,RON,0.0,0.002,1,1,Water resources works,Analiza Prețului Unitar al Lucrărilor (AHSP) - Hotărârea PUPR 2016,Lucrări de gestionare a resurselor de apă,P.13 Lucrări de mal
M.109,Țăruș înalt 2 m,Material,General,buah,0.0,0.0,0.0,0.0,0,RON,0.0,1.0,1,1,Water resources works,Analiza Prețului Unitar al Lucrărilor (AHSP) - Hotărârea PUPR 2016,Lucrări de gestionare a resurselor de apă,P.13 Lucrări de mal
M.114,Plantă mangrove,Material,General,pohon,0.0,0.0,0.0,0.0,0,RON,0.0,1.0,1,1,Water resources works,Analiza Prețului Unitar al Lucrărilor (AHSP) - Hotărârea PUPR 2016,Lucrări de gestionare a resurselor de apă,P.13 Lucrări de mal
subsidi,subsidi,Material,General,Liter,0.0,0.0,0.0,0.0,0,RON,0.0,5.0,1,1,Water resources works,Analiza Prețului Unitar al Lucrărilor (AHSP) - Hotărârea PUPR 2016,Lucrări de gestionare a resurselor de apă,P.04 1 m2 Lucrări de tencuială cu mortar de tip PC-PP (1 m2)
BBM/Benzin non,BBM/Benzin non,Material,General,,0.0,0.0,0.0,0.0,0,RON,0.0,0.0062,1,1,Water resources works,Analiza Prețului Unitar al Lucrărilor (AHSP) - Hotărârea PUPR 2016,Lucrări de gestionare a resurselor de apă,P.04 1 m2 Lucrări de tencuială cu mortar de tip PC-PP (1 m2)
țeavă pământ dia 20 cm,țeavă pământ dia 20 cm,Material,General,m',0.0,0.0,0.0,0.0,0,RON,0.0,1.6,1,1,Building and settlement works,Analiza Prețului Unitar al Lucrărilor (AHSP) - Permen PUPR 2022,Lucrări de construcții și amenajări,6.4 SISTEM DE INSTALARE A ȚEVILOR ÎN CLĂDIRE
Țeavă de pământ dia 15 cm,Țeavă de pământ dia 15 cm,Material,General,m',0.0,0.0,0.0,0.0,0,RON,0.0,1.6,1,1,Building and settlement works,Analiza Prețului Unitar al Lucrărilor (AHSP) - Permen PUPR 2022,Lucrări de construcții și amenajări,6.4 SISTEM DE INSTALARE A ȚEVILOR ÎN CLĂDIRE
"Dia. 16"" ; (400 mm) racord & accesorii","Dia. 16"" ; (400 mm) racord & accesorii",Material,General,m',0.0,0.0,0.0,0.0,0,RON,0.0,1.55,1,1,Building and settlement works,Analiza Prețului Unitar al Lucrărilor (AHSP) - Permen PUPR 2022,Lucrări de construcții și amenajări,6.4 SISTEM DE INSTALARE A ȚEVILOR ÎN CLĂDIRE
"Dia. 14"" ; (350 mm) cuplaje & accesorii","Dia. 14"" ; (350 mm) cuplaje & accesorii",Material,General,m',0.0,0.0,0.0,0.0,0,RON,0.0,1.55,1,1,Building and settlement works,Analiza Prețului Unitar al Lucrărilor (AHSP) - Permen PUPR 2022,Lucrări de construcții și amenajări,6.4 SISTEM DE INSTALARE A ȚEVILOR ÎN CLĂDIRE
tablă Zidire cărămidă roșie 1pc:,tablă Zidire cărămidă roșie 1pc:,Material,General,m',0.0,0.0,0.0,0.0,0,RON,0.0,1.0,1,1,Water resources works,Analiza Prețului Unitar al Lucrărilor (AHSP) - Hotărârea PUPR 2016,Lucrări de gestionare a resurselor de apă,P.13 Lucrări de mal
M.30,2. Ijuk,Material,General,kg,0.0,0.0,0.0,0.0,0,RON,0.0,0.1,1,1,Water resources works,Analiza Prețului Unitar al Lucrărilor (AHSP) - Hotărârea PUPR 2016,Lucrări de gestionare a resurselor de apă,P.13 Lucrări de mal
M.107.e,"1. Țeavă PVC ø 2""",Material,General,m,0.0,0.0,0.0,0.0,0,RON,0.0,1.05,1,1,Water resources works,Analiza Prețului Unitar al Lucrărilor (AHSP) - Hotărârea PUPR 2016,Lucrări de gestionare a resurselor de apă,P.13 Lucrări de mal
P.14x,Armor,Material,General,buah,0.0,0.0,0.0,0.0,0,RON,0.0,16.4,1,1,Water resources works,Analiza Prețului Unitar al Lucrărilor (AHSP) - Hotărârea PUPR 2016,Lucrări de gestionare a resurselor de apă,P.13 Lucrări de mal
M.116.i,"3* Matriță blindaj 2,5 tone",Material,General,buah,0.0,0.0,0.0,0.0,0,RON,0.0,0.002,1,1,Water resources works,Analiza Prețului Unitar al Lucrărilor (AHSP) - Hotărârea PUPR 2016,Lucrări de gestionare a resurselor de apă,P.13 Lucrări de mal
M.116.b,mucegai zbroi,Material,General,buah,0.0,0.0,0.0,0.0,0,RON,0.0,0.002,1,1,Water resources works,Analiza Prețului Unitar al Lucrărilor (AHSP) - Hotărârea PUPR 2016,Lucrări de gestionare a resurselor de apă,P.13 Lucrări de mal
M.116.a,mucegai zbroi,Material,General,buah,0.0,0.0,0.0,0.0,0,RON,0.0,0.002,1,1,Water resources works,Analiza Prețului Unitar al Lucrărilor (AHSP) - Hotărârea PUPR 2016,Lucrări de gestionare a resurselor de apă,P.13 Lucrări de mal
B.17,kg/m3,Material,General,kg,0.0,0.0,0.0,0.0,0,RON,0.0,3.24,1,1,Water resources works,Analiza Prețului Unitar al Lucrărilor (AHSP) - Hotărârea PUPR 2016,Lucrări de gestionare a resurselor de apă,P.13 Lucrări de mal
"Placaj 4 mm, 120 x 240","Placaj 4 mm, 120 x 240",Material,General,Lembar,0.0,0.0,0.0,0.0,0,RON,0.0,0.86,1,1,Building and settlement works,Analiza Prețului Unitar al Lucrărilor (AHSP) - Hotărârea PUPR 2016,Lucrări de construcții și amenajări,A.4.6.1 PREȚ PE UNITATE DE MUNCĂ PENTRU LEMN
"grindă lemn, 6 x 12","grindă lemn, 6 x 12",Material,General,m3,0.0,0.0,0.0,0.0,0,RON,0.0,0.028,1,1,Building and settlement works,Analiza Prețului Unitar al Lucrărilor (AHSP) - Hotărârea PUPR 2016,Lucrări de construcții și amenajări,A.4.6.1 PREȚ PE UNITATE DE MUNCĂ PENTRU LEMN
Paku 5 dan 7,Paku 5 dan 7,Material,General,kg,0.0,0.0,0.0,0.0,0,RON,0.0,0.05,1,1,Building and settlement works,Analiza Prețului Unitar al Lucrărilor (AHSP) - Hotărârea PUPR 2016,Lucrări de construcții și amenajări,A.4.6.1 PREȚ PE UNITATE DE MUNCĂ PENTRU LEMN
Paku 7 – 10 cm,Paku 7 – 10 cm,Material,General,kg,0.0,0.0,0.0,0.0,0,RON,0.0,0.25,1,1,Building and settlement works,Analiza Prețului Unitar al Lucrărilor (AHSP) - Hotărârea PUPR 2016,Lucrări de construcții și amenajări,A.4.6.1 PREȚ PE UNITATE DE MUNCĂ PENTRU LEMN
Căpriori 5 x 7 cm,Căpriori 5 x 7 cm,Material,General,m3,0.0,0.0,0.0,0.0,0,RON,0.0,0.0163,1,1,Building and settlement works,Analiza Prețului Unitar al Lucrărilor (AHSP) - Hotărârea PUPR 2016,Lucrări de construcții și amenajări,A.4.6.1 PREȚ PE UNITATE DE MUNCĂ PENTRU LEMN
Paku 7 cm – 10,Paku 7 cm – 10,Material,General,kg,0.0,0.0,0.0,0.0,0,RON,0.0,0.2,1,1,Building and settlement works,Analiza Prețului Unitar al Lucrărilor (AHSP) - Hotărârea PUPR 2016,Lucrări de construcții și amenajări,A.4.6.1 PREȚ PE UNITATE DE MUNCĂ PENTRU LEMN
Paku 5 - 10 cm,Paku 5 - 10 cm,Material,General,m3,0.0,0.0,0.0,0.0,0,RON,0.0,0.057,1,1,Building and settlement works,Analiza Prețului Unitar al Lucrărilor (AHSP) - Hotărârea PUPR 2016,Lucrări de construcții și amenajări,A.4.6.1 PREȚ PE UNITATE DE MUNCĂ PENTRU LEMN
lemn clasa II,lemn clasa II,Material,General,m3,0.0,0.0,0.0,0.0,0,RON,0.0,0.014,1,1,Building and settlement works,Analiza Prețului Unitar al Lucrărilor (AHSP) - Hotărârea PUPR 2016,Lucrări de construcții și amenajări,A.4.6.1 PREȚ PE UNITATE DE MUNCĂ PENTRU LEMN
Reng (3 x 4) cm,Reng (3 x 4) cm,Material,General,m3,0.0,0.0,0.0,0.0,0,RON,0.0,0.057,1,1,Building and settlement works,Analiza Prețului Unitar al Lucrărilor (AHSP) - Hotărârea PUPR 2016,Lucrări de construcții și amenajări,A.4.6.1 PREȚ PE UNITATE DE MUNCĂ PENTRU LEMN
Reng 2 x 3 cm,Reng 2 x 3 cm,Material,General,m3,0.0,0.0,0.0,0.0,0,RON,0.0,0.036,1,1,Building and settlement works,Analiza Prețului Unitar al Lucrărilor (AHSP) - Hotărârea PUPR 2016,Lucrări de construcții și amenajări,A.4.6.1 PREȚ PE UNITATE DE MUNCĂ PENTRU LEMN
Bandă de fier grosime 5 mm,Bandă de fier grosime 5 mm,Material,General,kg,0.0,0.0,0.0,0.0,0,RON,0.0,15.0,1,1,Building and settlement works,Analiza Prețului Unitar al Lucrărilor (AHSP) - Hotărârea PUPR 2016,Lucrări de construcții și amenajări,A.4.6.1 PREȚ PE UNITATE DE MUNCĂ PENTRU LEMN
Formika,Formika,Material,General,Lembar,0.0,0.0,0.0,0.0,0,RON,0.0,0.5,1,1,Building and settlement works,Analiza Prețului Unitar al Lucrărilor (AHSP) - Hotărârea PUPR 2016,Lucrări de construcții și amenajări,A.4.6.1 PREȚ PE UNITATE DE MUNCĂ PENTRU LEMN
Placaj 4 mm (90 x 220) cm,Placaj 4 mm (90 x 220) cm,Material,General,Lembar,0.0,0.0,0.0,0.0,0,RON,0.0,1.0,1,1,Building and settlement works,Analiza Prețului Unitar al Lucrărilor (AHSP) - Hotărârea PUPR 2016,Lucrări de construcții și amenajări,A.4.6.1 PREȚ PE UNITATE DE MUNCĂ PENTRU LEMN
"Îmbinare flexibilă 10 K Dia. 1"" (25 mm) + Material auxiliar","Îmbinare flexibilă 10 K Dia. 1"" (25 mm) + Material auxiliar",Material,General,Bh,0.0,0.0,0.0,0.0,0,RON,0.0,1.15,1,1,Building and settlement works,Analiza Prețului Unitar al Lucrărilor (AHSP) - Permen PUPR 2022,Lucrări de construcții și amenajări,6.5 ACCESORII ȚEVI
"Cuplaj flexibil 10 K Dia. 3/4"" (20 mm) Material auxiliar","Cuplaj flexibil 10 K Dia. 3/4"" (20 mm) Material auxiliar",Material,General,Bh,0.0,0.0,0.0,0.0,0,RON,0.0,1.15,1,1,Building and settlement works,Analiza Prețului Unitar al Lucrărilor (AHSP) - Permen PUPR 2022,Lucrări de construcții și amenajări,6.5 ACCESORII ȚEVI
"Cot flexibil 10 K Dia. 1/2"" (15 mm) Material auxiliar","Cot flexibil 10 K Dia. 1/2"" (15 mm) Material auxiliar",Material,General,Bh,0.0,0.0,0.0,0.0,0,RON,0.0,1.15,1,1,Building and settlement works,Analiza Prețului Unitar al Lucrărilor (AHSP) - Permen PUPR 2022,Lucrări de construcții și amenajări,6.5 ACCESORII ȚEVI
(350 mm) + Material Ajutor,(350 mm) + Material Ajutor,Material,General,Bh,0.0,0.0,0.0,0.0,0,RON,0.0,1.3,1,1,Building and settlement works,Analiza Prețului Unitar al Lucrărilor (AHSP) - Permen PUPR 2022,Lucrări de construcții și amenajări,6.5 ACCESORII ȚEVI
M.136,Snop iarbă,Material,General,m2,0.0,0.0,0.0,0.0,0,RON,0.0,1.1,1,1,Water resources works,Analiza Prețului Unitar al Lucrărilor (AHSP) - Hotărârea PUPR 2016,Lucrări de gestionare a resurselor de apă,P.04 1 m2 Lucrări de tencuială cu mortar de tip PC-PP (1 m2)
Profil oțel L.40.40.4,Profil oțel L.40.40.4,Material,General,m,0.0,0.0,0.0,0.0,0,RON,0.0,4.0,1,1,Water resources works,Analiza Prețului Unitar al Lucrărilor (AHSP) - Hotărârea PUPR 2016,Lucrări de gestionare a resurselor de apă,P.04 1 m2 Lucrări de tencuială cu mortar de tip PC-PP (1 m2)
Dynabolt/raamset ø 1 mm *),Dynabolt/raamset ø 1 mm *),Material,Fasteners,buah,0.0,0.0,0.0,0.0,0,RON,0.0,21.0,1,1,Water resources works,Analiza Prețului Unitar al Lucrărilor (AHSP) - Hotărârea PUPR 2016,Lucrări de gestionare a resurselor de apă,P.04 1 m2 Lucrări de tencuială cu mortar de tip PC-PP (1 m2)
M.122.c,Geotekstil,Material,General,m2,0.0,0.0,0.0,0.0,0,RON,0.0,1.1,1,1,Water resources works,Analiza Prețului Unitar al Lucrărilor (AHSP) - Hotărârea PUPR 2016,Lucrări de gestionare a resurselor de apă,P.04 1 m2 Lucrări de tencuială cu mortar de tip PC-PP (1 m2)
M.122.b,Geotekstil,Material,General,m2,0.0,0.0,0.0,0.0,0,RON,0.0,1.08,1,1,Water resources works,Analiza Prețului Unitar al Lucrărilor (AHSP) - Hotărârea PUPR 2016,Lucrări de gestionare a resurselor de apă,P.04 1 m2 Lucrări de tencuială cu mortar de tip PC-PP (1 m2)
M.07a,Batu candi,Material,General,m2,0.0,0.0,0.0,0.0,0,RON,0.0,1.2,1,1,Water resources works,Analiza Prețului Unitar al Lucrărilor (AHSP) - Hotărârea PUPR 2016,Lucrări de gestionare a resurselor de apă,P.04 1 m2 Lucrări de tencuială cu mortar de tip PC-PP (1 m2)
M.07b,Batu muka,Material,General,m2,0.0,0.0,0.0,0.0,0,RON,0.0,1.25,1,1,Water resources works,Analiza Prețului Unitar al Lucrărilor (AHSP) - Hotărârea PUPR 2016,Lucrări de gestionare a resurselor de apă,P.04 1 m2 Lucrări de tencuială cu mortar de tip PC-PP (1 m2)
Macara 5 tone (braț lung,Macara 5 tone (braț lung,Equipment,General,Sewa-,0.0,0.0,0.0,0.0,0,RON,0.0,0.05,1,1,Water resources works,Analiza Prețului Unitar al Lucrărilor (AHSP) - Hotărârea PUPR 2016,Lucrări de gestionare a resurselor de apă,P.04 1 m2 Lucrări de tencuială cu mortar de tip PC-PP (1 m2)
Dispozitiv ciocan piloți 2 tone,Dispozitiv ciocan piloți 2 tone,Equipment,General,Sewa-hari,0.0,0.0,0.0,0.0,0,RON,0.0,0.05,1,1,Water resources works,Analiza Prețului Unitar al Lucrărilor (AHSP) - Hotărârea PUPR 2016,Lucrări de gestionare a resurselor de apă,P.04 1 m2 Lucrări de tencuială cu mortar de tip PC-PP (1 m2)
(20 mm) + Material Auxiliar,(20 mm) + Material Auxiliar,Material,General,Unit,0.0,0.0,0.0,0.0,0,RON,0.0,1.15,1,1,Building and settlement works,Analiza Prețului Unitar al Lucrărilor (AHSP) - Permen PUPR 2022,Lucrări de construcții și amenajări,6.5 ACCESORII ȚEVI
(15 mm) + Material Auxiliar,(15 mm) + Material Auxiliar,Material,General,Unit,0.0,0.0,0.0,0.0,0,RON,0.0,1.15,1,1,Building and settlement works,Analiza Prețului Unitar al Lucrărilor (AHSP) - Permen PUPR 2022,Lucrări de construcții și amenajări,6.5 ACCESORII ȚEVI
"Amestec beton, fc' 1 20 MPa","Amestec beton, fc' 1 20 MPa",Material,General,m3,0.0,0.0,0.0,0.0,0,RON,0.0,0.1,1,1,Water resources works,Analiza Prețului Unitar al Lucrărilor (AHSP) - Hotărârea PUPR 2016,Lucrări de gestionare a resurselor de apă,P.13 Lucrări de mal
"Îmbinare Flexibilă 20 K Dia. 5"" (125 mm) + Material Ajutor","Îmbinare Flexibilă 20 K Dia. 5"" (125 mm) + Material Ajutor",Material,General,Bh,0.0,0.0,0.0,0.0,0,RON,0.0,1.3,1,1,Building and settlement works,Analiza Prețului Unitar al Lucrărilor (AHSP) - Permen PUPR 2022,Lucrări de construcții și amenajări,6.5 ACCESORII ȚEVI
"Îmbinare Flexibilă 20 K Dia. 4"" (100 mm) + Material Ajutor","Îmbinare Flexibilă 20 K Dia. 4"" (100 mm) + Material Ajutor",Material,General,Bh,0.0,0.0,0.0,0.0,0,RON,0.0,1.3,1,1,Building and settlement works,Analiza Prețului Unitar al Lucrărilor (AHSP) - Permen PUPR 2022,Lucrări de construcții și amenajări,6.5 ACCESORII ȚEVI
"Îmbinare Flexibilă 20 K Dia. 3"" (80 mm) + Material Ajutor","Îmbinare Flexibilă 20 K Dia. 3"" (80 mm) + Material Ajutor",Material,General,Bh,0.0,0.0,0.0,0.0,0,RON,0.0,1.3,1,1,Building and settlement works,Analiza Prețului Unitar al Lucrărilor (AHSP) - Permen PUPR 2022,Lucrări de construcții și amenajări,6.5 ACCESORII ȚEVI
"Îmbinare Flexibilă 20 K Dia. 2-1/2"" (65 mm) + Material Ajutor","Îmbinare Flexibilă 20 K Dia. 2-1/2"" (65 mm) + Material Ajutor",Material,General,Bh,0.0,0.0,0.0,0.0,0,RON,0.0,1.15,1,1,Building and settlement works,Analiza Prețului Unitar al Lucrărilor (AHSP) - Permen PUPR 2022,Lucrări de construcții și amenajări,6.5 ACCESORII ȚEVI
"Cot flexibil 20 K Dia. 2"" (50 mm) + Material auxiliar","Cot flexibil 20 K Dia. 2"" (50 mm) + Material auxiliar",Material,General,Bh,0.0,0.0,0.0,0.0,0,RON,0.0,1.15,1,1,Building and settlement works,Analiza Prețului Unitar al Lucrărilor (AHSP) - Permen PUPR 2022,Lucrări de construcții și amenajări,6.5 ACCESORII ȚEVI
"Îmbinare Flexibilă 10 K Dia. 12"" (300 mm) Material Ajutor","Îmbinare Flexibilă 10 K Dia. 12"" (300 mm) Material Ajutor",Material,General,Bh,0.0,0.0,0.0,0.0,0,RON,0.0,1.3,1,1,Building and settlement works,Analiza Prețului Unitar al Lucrărilor (AHSP) - Permen PUPR 2022,Lucrări de construcții și amenajări,6.5 ACCESORII ȚEVI
"Îmbinare flexibilă 10 K Dia. 10"" (250 mm) Material auxiliar","Îmbinare flexibilă 10 K Dia. 10"" (250 mm) Material auxiliar",Material,General,Bh,0.0,0.0,0.0,0.0,0,RON,0.0,1.3,1,1,Building and settlement works,Analiza Prețului Unitar al Lucrărilor (AHSP) - Permen PUPR 2022,Lucrări de construcții și amenajări,6.5 ACCESORII ȚEVI
"articulație flexibilă 10 K dia. 8"" (200 mm) + material auxiliar","articulație flexibilă 10 K dia. 8"" (200 mm) + material auxiliar",Material,General,Bh,0.0,0.0,0.0,0.0,0,RON,0.0,1.3,1,1,Building and settlement works,Analiza Prețului Unitar al Lucrărilor (AHSP) - Permen PUPR 2022,Lucrări de construcții și amenajări,6.5 ACCESORII ȚEVI
"Cot flexibil 10 K Dia. 6"" (150 mm) + Material auxiliar","Cot flexibil 10 K Dia. 6"" (150 mm) + Material auxiliar",Material,General,Bh,0.0,0.0,0.0,0.0,0,RON,0.0,1.3,1,1,Building and settlement works,Analiza Prețului Unitar al Lucrărilor (AHSP) - Permen PUPR 2022,Lucrări de construcții și amenajări,6.5 ACCESORII ȚEVI
"Îmbinare flexibilă 10 K Dia. 5"" (125 mm) + Material auxiliar","Îmbinare flexibilă 10 K Dia. 5"" (125 mm) + Material auxiliar",Material,General,Bh,0.0,0.0,0.0,0.0,0,RON,0.0,1.3,1,1,Building and settlement works,Analiza Prețului Unitar al Lucrărilor (AHSP) - Permen PUPR 2022,Lucrări de construcții și amenajări,6.5 ACCESORII ȚEVI
"articulație flexibilă 10 K dia. 4"" (100 mm) + material auxiliar","articulație flexibilă 10 K dia. 4"" (100 mm) + material auxiliar",Material,General,Bh,0.0,0.0,0.0,0.0,0,RON,0.0,1.3,1,1,Building and settlement works,Analiza Prețului Unitar al Lucrărilor (AHSP) - Permen PUPR 2022,Lucrări de construcții și amenajări,6.5 ACCESORII ȚEVI
"Îmbinare Flexibilă 10 K Dia. 3"" (80 mm) + Material Ajutor","Îmbinare Flexibilă 10 K Dia. 3"" (80 mm) + Material Ajutor",Material,General,Bh,0.0,0.0,0.0,0.0,0,RON,0.0,1.3,1,1,Building and settlement works,Analiza Prețului Unitar al Lucrărilor (AHSP) - Permen PUPR 2022,Lucrări de construcții și amenajări,6.5 ACCESORII ȚEVI
"Îmbinare flexibilă 10 K Dia. 2-1/2"" (65 mm) + Material auxiliar","Îmbinare flexibilă 10 K Dia. 2-1/2"" (65 mm) + Material auxiliar",Material,General,Bh,0.0,0.0,0.0,0.0,0,RON,0.0,1.15,1,1,Building and settlement works,Analiza Prețului Unitar al Lucrărilor (AHSP) - Permen PUPR 2022,Lucrări de construcții și amenajări,6.5 ACCESORII ȚEVI
"Cuplaj Flexibil 10 K Dia. 2"" (50 mm) + Material Auxiliar","Cuplaj Flexibil 10 K Dia. 2"" (50 mm) + Material Auxiliar",Material,General,Bh,0.0,0.0,0.0,0.0,0,RON,0.0,1.15,1,1,Building and settlement works,Analiza Prețului Unitar al Lucrărilor (AHSP) - Permen PUPR 2022,Lucrări de construcții și amenajări,6.5 ACCESORII ȚEVI
"Îmbinare flexibilă 10 K Dia. 1-1/2"" (40 mm) + Material auxiliar","Îmbinare flexibilă 10 K Dia. 1-1/2"" (40 mm) + Material auxiliar",Material,General,Bh,0.0,0.0,0.0,0.0,0,RON,0.0,1.15,1,1,Building and settlement works,Analiza Prețului Unitar al Lucrărilor (AHSP) - Permen PUPR 2022,Lucrări de construcții și amenajări,6.5 ACCESORII ȚEVI
"Cuplaj Flexibil 10 K Dia. 1-1/4"" (32 mm) + Material Auxiliar","Cuplaj Flexibil 10 K Dia. 1-1/4"" (32 mm) + Material Auxiliar",Material,General,Bh,0.0,0.0,0.0,0.0,0,RON,0.0,1.15,1,1,Building and settlement works,Analiza Prețului Unitar al Lucrărilor (AHSP) - Permen PUPR 2022,Lucrări de construcții și amenajări,6.5 ACCESORII ȚEVI
"Manometru 16 Dia. 3"" (80 mm) + Material Auxiliar","Manometru 16 Dia. 3"" (80 mm) + Material Auxiliar",Material,General,Unit,0.0,0.0,0.0,0.0,0,RON,0.0,1.3,1,1,Building and settlement works,Analiza Prețului Unitar al Lucrărilor (AHSP) - Permen PUPR 2022,Lucrări de construcții și amenajări,6.5 ACCESORII ȚEVI
"Manometru 16 Dia. 2"" (50 mm) + Material auxiliar","Manometru 16 Dia. 2"" (50 mm) + Material auxiliar",Material,General,Unit,0.0,0.0,0.0,0.0,0,RON,0.0,1.15,1,1,Building and settlement works,Analiza Prețului Unitar al Lucrărilor (AHSP) - Permen PUPR 2022,Lucrări de construcții și amenajări,6.5 ACCESORII ȚEVI
"Manometru Presiune 16 Dia. 1"" (25 mm) + Material Auxiliar","Manometru Presiune 16 Dia. 1"" (25 mm) + Material Auxiliar",Material,General,Unit,0.0,0.0,0.0,0.0,0,RON,0.0,1.15,1,1,Building and settlement works,Analiza Prețului Unitar al Lucrărilor (AHSP) - Permen PUPR 2022,Lucrări de construcții și amenajări,6.5 ACCESORII ȚEVI
"Manometru 16 Dia. 1/2"" (15 mm) Material auxiliar","Manometru 16 Dia. 1/2"" (15 mm) Material auxiliar",Material,General,Unit,0.0,0.0,0.0,0.0,0,RON,0.0,1.15,1,1,Building and settlement works,Analiza Prețului Unitar al Lucrărilor (AHSP) - Permen PUPR 2022,Lucrări de construcții și amenajări,6.5 ACCESORII ȚEVI
vană sferă ; dia. (200 mm) + material auxiliar,vană sferă ; dia. (200 mm) + material auxiliar,Material,General,Bh,0.0,0.0,0.0,0.0,0,RON,0.0,1.3,1,1,Building and settlement works,Analiza Prețului Unitar al Lucrărilor (AHSP) - Permen PUPR 2022,Lucrări de construcții și amenajări,6.5 ACCESORII ȚEVI
Robinet cu Inot cu Plutitor ; Dia. (150 mm) + Material Auxiliar,Robinet cu Inot cu Plutitor ; Dia. (150 mm) + Material Auxiliar,Material,General,Bh,0.0,0.0,0.0,0.0,0,RON,0.0,1.3,1,1,Building and settlement works,Analiza Prețului Unitar al Lucrărilor (AHSP) - Permen PUPR 2022,Lucrări de construcții și amenajări,6.5 ACCESORII ȚEVI
Globe Valve ; Dia. (125 mm) + Material auxiliar,Globe Valve ; Dia. (125 mm) + Material auxiliar,Material,Pipes & Fittings,Bh,0.0,0.0,0.0,0.0,0,RON,0.0,1.3,1,1,Building and settlement works,Analiza Prețului Unitar al Lucrărilor (AHSP) - Permen PUPR 2022,Lucrări de construcții și amenajări,6.5 ACCESORII ȚEVI
Globe Valve ; Dia. (100 mm) + Material auxiliar,Globe Valve ; Dia. (100 mm) + Material auxiliar,Material,Pipes & Fittings,Bh,0.0,0.0,0.0,0.0,0,RON,0.0,1.3,1,1,Building and settlement works,Analiza Prețului Unitar al Lucrărilor (AHSP) - Permen PUPR 2022,Lucrări de construcții și amenajări,6.5 ACCESORII ȚEVI
Robinet glob ; Dia. (80 mm) + Material auxiliar,Robinet glob ; Dia. (80 mm) + Material auxiliar,Material,General,Bh,0.0,0.0,0.0,0.0,0,RON,0.0,1.3,1,1,Building and settlement works,Analiza Prețului Unitar al Lucrărilor (AHSP) - Permen PUPR 2022,Lucrări de construcții și amenajări,6.5 ACCESORII ȚEVI
Globe Valve ; Dia. (50 mm) + Material auxiliar,Globe Valve ; Dia. (50 mm) + Material auxiliar,Material,Pipes & Fittings,Bh,0.0,0.0,0.0,0.0,0,RON,0.0,1.15,1,1,Building and settlement works,Analiza Prețului Unitar al Lucrărilor (AHSP) - Permen PUPR 2022,Lucrări de construcții și amenajări,6.5 ACCESORII ȚEVI
Robinet glob ; Dia. (25 mm) + Material auxiliar,Robinet glob ; Dia. (25 mm) + Material auxiliar,Material,General,Bh,0.0,0.0,0.0,0.0,0,RON,0.0,1.15,1,1,Building and settlement works,Analiza Prețului Unitar al Lucrărilor (AHSP) - Permen PUPR 2022,Lucrări de construcții și amenajări,6.5 ACCESORII ȚEVI
"Îmbinare Flexibilă 20 K Dia. 14"" (350 mm) Material Auxiliar","Îmbinare Flexibilă 20 K Dia. 14"" (350 mm) Material Auxiliar",Material,General,Bh,0.0,0.0,0.0,0.0,0,RON,0.0,1.3,1,1,Building and settlement works,Analiza Prețului Unitar al Lucrărilor (AHSP) - Permen PUPR 2022,Lucrări de construcții și amenajări,6.5 ACCESORII ȚEVI
"articulație flexibilă 20 K dia. 12"" (300 mm) material auxiliar","articulație flexibilă 20 K dia. 12"" (300 mm) material auxiliar",Material,General,Bh,0.0,0.0,0.0,0.0,0,RON,0.0,1.3,1,1,Building and settlement works,Analiza Prețului Unitar al Lucrărilor (AHSP) - Permen PUPR 2022,Lucrări de construcții și amenajări,6.5 ACCESORII ȚEVI
"articulație flexibilă 20 K dia. 10"" (250 mm) material auxiliar","articulație flexibilă 20 K dia. 10"" (250 mm) material auxiliar",Material,General,Bh,0.0,0.0,0.0,0.0,0,RON,0.0,1.3,1,1,Building and settlement works,Analiza Prețului Unitar al Lucrărilor (AHSP) - Permen PUPR 2022,Lucrări de construcții și amenajări,6.5 ACCESORII ȚEVI
"Cuplaj Flexibil 20 K Dia. 8"" (200 mm) + Material Auxiliar","Cuplaj Flexibil 20 K Dia. 8"" (200 mm) + Material Auxiliar",Material,General,Bh,0.0,0.0,0.0,0.0,0,RON,0.0,1.3,1,1,Building and settlement works,Analiza Prețului Unitar al Lucrărilor (AHSP) - Permen PUPR 2022,Lucrări de construcții și amenajări,6.5 ACCESORII ȚEVI
"cuplaj flexibil 20 K Dia. 6"" (150 mm) + Material auxiliar","cuplaj flexibil 20 K Dia. 6"" (150 mm) + Material auxiliar",Material,General,Bh,0.0,0.0,0.0,0.0,0,RON,0.0,1.3,1,1,Building and settlement works,Analiza Prețului Unitar al Lucrărilor (AHSP) - Permen PUPR 2022,Lucrări de construcții și amenajări,6.5 ACCESORII ȚEVI
"K; Dia. 4"" (100 mm) + Material Auxiliar","K; Dia. 4"" (100 mm) + Material Auxiliar",Material,General,Bh,0.0,0.0,0.0,0.0,0,RON,0.0,1.3,1,1,Building and settlement works,Analiza Prețului Unitar al Lucrărilor (AHSP) - Permen PUPR 2022,Lucrări de construcții și amenajări,6.5 ACCESORII ȚEVI
"16"" (400 mm) + Material Auxiliar","16"" (400 mm) + Material Auxiliar",Material,General,Bh,0.0,0.0,0.0,0.0,0,RON,0.0,1.3,1,1,Building and settlement works,Analiza Prețului Unitar al Lucrărilor (AHSP) - Permen PUPR 2022,Lucrări de construcții și amenajări,6.5 ACCESORII ȚEVI
Contor Apă ; Dia. (200 mm) + Material Auxiliar,Contor Apă ; Dia. (200 mm) + Material Auxiliar,Material,General,Bh,0.0,0.0,0.0,0.0,0,RON,0.0,1.3,1,1,Building and settlement works,Analiza Prețului Unitar al Lucrărilor (AHSP) - Permen PUPR 2022,Lucrări de construcții și amenajări,6.5 ACCESORII ȚEVI
Contor de Apă ; Dia. (150 mm) + Material Auxiliar,Contor de Apă ; Dia. (150 mm) + Material Auxiliar,Material,General,Bh,0.0,0.0,0.0,0.0,0,RON,0.0,1.3,1,1,Building and settlement works,Analiza Prețului Unitar al Lucrărilor (AHSP) - Permen PUPR 2022,Lucrări de construcții și amenajări,6.5 ACCESORII ȚEVI
Contor de Apă ; Dia. (100 mm) + Material Auxiliar,Contor de Apă ; Dia. (100 mm) + Material Auxiliar,Material,General,Bh,0.0,0.0,0.0,0.0,0,RON,0.0,1.3,1,1,Building and settlement works,Analiza Prețului Unitar al Lucrărilor (AHSP) - Permen PUPR 2022,Lucrări de construcții și amenajări,6.5 ACCESORII ȚEVI
Contor apă ; Dia. (80 mm) + Material auxiliar,Contor apă ; Dia. (80 mm) + Material auxiliar,Material,General,Bh,0.0,0.0,0.0,0.0,0,RON,0.0,1.3,1,1,Building and settlement works,Analiza Prețului Unitar al Lucrărilor (AHSP) - Permen PUPR 2022,Lucrări de construcții și amenajări,6.5 ACCESORII ȚEVI
Contor apă ; Dia. (50 mm) + Material auxiliar,Contor apă ; Dia. (50 mm) + Material auxiliar,Material,General,Bh,0.0,0.0,0.0,0.0,0,RON,0.0,1.15,1,1,Building and settlement works,Analiza Prețului Unitar al Lucrărilor (AHSP) - Permen PUPR 2022,Lucrări de construcții și amenajări,6.5 ACCESORII ȚEVI
Contor de Apă ; Dia. (25 mm) + Material Auxiliar,Contor de Apă ; Dia. (25 mm) + Material Auxiliar,Material,General,Bh,0.0,0.0,0.0,0.0,0,RON,0.0,1.15,1,1,Building and settlement works,Analiza Prețului Unitar al Lucrărilor (AHSP) - Permen PUPR 2022,Lucrări de construcții și amenajări,6.5 ACCESORII ȚEVI
"Manometru 40 Dia. 1"" (25 mm) + Material auxiliar","Manometru 40 Dia. 1"" (25 mm) + Material auxiliar",Material,General,Unit,0.0,0.0,0.0,0.0,0,RON,0.0,1.15,1,1,Building and settlement works,Analiza Prețului Unitar al Lucrărilor (AHSP) - Permen PUPR 2022,Lucrări de construcții și amenajări,6.5 ACCESORII ȚEVI
"Manometru 40 Dia. 1/2"" (15 mm) Material Auxiliar","Manometru 40 Dia. 1/2"" (15 mm) Material Auxiliar",Material,General,Unit,0.0,0.0,0.0,0.0,0,RON,0.0,1.15,1,1,Building and settlement works,Analiza Prețului Unitar al Lucrărilor (AHSP) - Permen PUPR 2022,Lucrări de construcții și amenajări,6.5 ACCESORII ȚEVI
"Manometru 25 Dia. 3"" (80 mm) + Material auxiliar","Manometru 25 Dia. 3"" (80 mm) + Material auxiliar",Material,General,Unit,0.0,0.0,0.0,0.0,0,RON,0.0,1.3,1,1,Building and settlement works,Analiza Prețului Unitar al Lucrărilor (AHSP) - Permen PUPR 2022,Lucrări de construcții și amenajări,6.5 ACCESORII ȚEVI
"Manometru Presiune 25 Dia. 4"" (100 mm) + Material Ajutor","Manometru Presiune 25 Dia. 4"" (100 mm) + Material Ajutor",Material,General,Unit,0.0,0.0,0.0,0.0,0,RON,0.0,1.3,1,1,Building and settlement works,Analiza Prețului Unitar al Lucrărilor (AHSP) - Permen PUPR 2022,Lucrări de construcții și amenajări,6.5 ACCESORII ȚEVI
"Manometru Presiune 25 Dia. 2"" (50 mm) + Material Auxiliar","Manometru Presiune 25 Dia. 2"" (50 mm) + Material Auxiliar",Material,General,Unit,0.0,0.0,0.0,0.0,0,RON,0.0,1.15,1,1,Building and settlement works,Analiza Prețului Unitar al Lucrărilor (AHSP) - Permen PUPR 2022,Lucrări de construcții și amenajări,6.5 ACCESORII ȚEVI
"Manometru 25 Dia. 1"" (25 mm) + Material Auxiliar","Manometru 25 Dia. 1"" (25 mm) + Material Auxiliar",Material,General,Unit,0.0,0.0,0.0,0.0,0,RON,0.0,1.15,1,1,Building and settlement works,Analiza Prețului Unitar al Lucrărilor (AHSP) - Permen PUPR 2022,Lucrări de construcții și amenajări,6.5 ACCESORII ȚEVI
"Manometru 25 Dia. 1/2"" (15 mm) Material auxiliar","Manometru 25 Dia. 1/2"" (15 mm) Material auxiliar",Material,General,Unit,0.0,0.0,0.0,0.0,0,RON,0.0,1.15,1,1,Building and settlement works,Analiza Prețului Unitar al Lucrărilor (AHSP) - Permen PUPR 2022,Lucrări de construcții și amenajări,6.5 ACCESORII ȚEVI
"manometru presiune 16 dia. 4"" (100 mm) + material auxiliar","manometru presiune 16 dia. 4"" (100 mm) + material auxiliar",Material,General,Unit,0.0,0.0,0.0,0.0,0,RON,0.0,1.3,1,1,Building and settlement works,Analiza Prețului Unitar al Lucrărilor (AHSP) - Permen PUPR 2022,Lucrări de construcții și amenajări,6.5 ACCESORII ȚEVI
"dop PVC dia. 6"" mm) + material auxiliar","dop PVC dia. 6"" mm) + material auxiliar",Material,General,Bh,0.0,0.0,0.0,0.0,0,RON,0.0,1.1,1,1,Building and settlement works,Analiza Prețului Unitar al Lucrărilor (AHSP) - Permen PUPR 2022,Lucrări de construcții și amenajări,6.5.24 Dop PVC
"Dop PVC Dia. 4"" mm) + Material auxiliar","Dop PVC Dia. 4"" mm) + Material auxiliar",Material,General,Bh,0.0,0.0,0.0,0.0,0,RON,0.0,1.1,1,1,Building and settlement works,Analiza Prețului Unitar al Lucrărilor (AHSP) - Permen PUPR 2022,Lucrări de construcții și amenajări,6.5.24 Dop PVC
mm) + Material auxiliar,mm) + Material auxiliar,Material,General,Bh,0.0,0.0,0.0,0.0,0,RON,0.0,1.1,1,1,Building and settlement works,Analiza Prețului Unitar al Lucrărilor (AHSP) - Permen PUPR 2022,Lucrări de construcții și amenajări,6.5.24 Dop PVC
"dia. 10"" (250 + material auxiliar","dia. 10"" (250 + material auxiliar",Material,General,m’,0.0,0.0,0.0,0.0,0,RON,0.0,1.4,1,1,Building and settlement works,Analiza Prețului Unitar al Lucrărilor (AHSP) - Permen PUPR 2022,Lucrări de construcții și amenajări,6.5 ACCESORII ȚEVI
"MED CLASS Dia. 4"" (100 mm) + Material Auxiliar","MED CLASS Dia. 4"" (100 mm) + Material Auxiliar",Material,General,m’,0.0,0.0,0.0,0.0,0,RON,0.0,1.4,1,1,Building and settlement works,Analiza Prețului Unitar al Lucrărilor (AHSP) - Permen PUPR 2022,Lucrări de construcții și amenajări,6.5 ACCESORII ȚEVI
"Antet Țeavă PVC Dia. 4"" (100 mm) + Material Auxiliar","Antet Țeavă PVC Dia. 4"" (100 mm) + Material Auxiliar",Material,General,m’,0.0,0.0,0.0,0.0,0,RON,0.0,1.3,1,1,Building and settlement works,Analiza Prețului Unitar al Lucrărilor (AHSP) - Permen PUPR 2022,Lucrări de construcții și amenajări,6.5 ACCESORII ȚEVI
Întrerupător Presiune + Material Auxiliar,Întrerupător Presiune + Material Auxiliar,Material,General,Unit,0.0,0.0,0.0,0.0,0,RON,0.0,1.05,1,1,Building and settlement works,Analiza Prețului Unitar al Lucrărilor (AHSP) - Permen PUPR 2022,Lucrări de construcții și amenajări,6.5 ACCESORII ȚEVI
Cablare + Material auxiliar,Cablare + Material auxiliar,Material,General,Unit,0.0,0.0,0.0,0.0,0,RON,0.0,1.05,1,1,Building and settlement works,Analiza Prețului Unitar al Lucrărilor (AHSP) - Permen PUPR 2022,Lucrări de construcții și amenajări,6.5 ACCESORII ȚEVI
"Ventil aer automat Dia. 6"" (150 mm) + Material auxiliar","Ventil aer automat Dia. 6"" (150 mm) + Material auxiliar",Material,General,Unit,0.0,0.0,0.0,0.0,0,RON,0.0,1.15,1,1,Building and settlement works,Analiza Prețului Unitar al Lucrărilor (AHSP) - Permen PUPR 2022,Lucrări de construcții și amenajări,6.5 ACCESORII ȚEVI
"Aerisitor Automat Dia. 4"" (100 mm) + Material Auxiliar","Aerisitor Automat Dia. 4"" (100 mm) + Material Auxiliar",Material,General,Unit,0.0,0.0,0.0,0.0,0,RON,0.0,1.15,1,1,Building and settlement works,Analiza Prețului Unitar al Lucrărilor (AHSP) - Permen PUPR 2022,Lucrări de construcții și amenajări,6.5 ACCESORII ȚEVI
"Ventilație Automată de Aer Dia. 3"" (80 mm) + Material Auxiliar","Ventilație Automată de Aer Dia. 3"" (80 mm) + Material Auxiliar",Material,General,Unit,0.0,0.0,0.0,0.0,0,RON,0.0,1.15,1,1,Building and settlement works,Analiza Prețului Unitar al Lucrărilor (AHSP) - Permen PUPR 2022,Lucrări de construcții și amenajări,6.5 ACCESORII ȚEVI
"ventilație automată aer dia. 2"" (50 mm) + material auxiliar","ventilație automată aer dia. 2"" (50 mm) + material auxiliar",Material,General,Unit,0.0,0.0,0.0,0.0,0,RON,0.0,1.15,1,1,Building and settlement works,Analiza Prețului Unitar al Lucrărilor (AHSP) - Permen PUPR 2022,Lucrări de construcții și amenajări,6.5 ACCESORII ȚEVI
"Aerisitor Automat Dia. 1"" (25 mm) + Material Auxiliar","Aerisitor Automat Dia. 1"" (25 mm) + Material Auxiliar",Material,General,Unit,0.0,0.0,0.0,0.0,0,RON,0.0,1.15,1,1,Building and settlement works,Analiza Prețului Unitar al Lucrărilor (AHSP) - Permen PUPR 2022,Lucrări de construcții și amenajări,6.5 ACCESORII ȚEVI
"Aerisitor Automat Dia. 1/2"" (15 mm) Material Auxiliar","Aerisitor Automat Dia. 1/2"" (15 mm) Material Auxiliar",Material,General,Unit,0.0,0.0,0.0,0.0,0,RON,0.0,1.15,1,1,Building and settlement works,Analiza Prețului Unitar al Lucrărilor (AHSP) - Permen PUPR 2022,Lucrări de construcții și amenajări,6.5 ACCESORII ȚEVI
"Set PRV ; Dia. 3"" mm) + Material auxiliar","Set PRV ; Dia. 3"" mm) + Material auxiliar",Material,General,Bh,0.0,0.0,0.0,0.0,0,RON,0.0,1.3,1,1,Building and settlement works,Analiza Prețului Unitar al Lucrărilor (AHSP) - Permen PUPR 2022,Lucrări de construcții și amenajări,6.5 ACCESORII ȚEVI
"PRV SET ; Dia. 2"" mm) + Material Auxiliar","PRV SET ; Dia. 2"" mm) + Material Auxiliar",Material,General,Bh,0.0,0.0,0.0,0.0,0,RON,0.0,1.15,1,1,Building and settlement works,Analiza Prețului Unitar al Lucrărilor (AHSP) - Permen PUPR 2022,Lucrări de construcții și amenajări,6.5 ACCESORII ȚEVI
Bordură beton uk 10x20x40 f'c 20 MPa,Bordură beton uk 10x20x40 f'c 20 MPa,Material,General,buah,0.0,0.0,0.0,0.0,0,RON,0.0,2.5,1,1,Building and settlement works,Analiza Prețului Unitar al Lucrărilor (AHSP) - Permen PUPR 2022,Lucrări de construcții și amenajări,7.1 PAVARETE PAVĂZATĂ DIN CĂRĂMIDĂ
Nisip Umplere,Nisip Umplere,Material,General,m3,0.0,0.0,0.0,0.0,0,RON,0.0,1.2,1,1,Building and settlement works,Analiza Prețului Unitar al Lucrărilor (AHSP) - Permen PUPR 2022,Lucrări de construcții și amenajări,7.1 PAVARETE PAVĂZATĂ DIN CĂRĂMIDĂ
Cărămidă pentru pavare Grosime cm f'c 25 MPa,Cărămidă pentru pavare Grosime cm f'c 25 MPa,Material,General,m2,0.0,0.0,0.0,0.0,0,RON,0.0,1.01,1,1,Building and settlement works,Analiza Prețului Unitar al Lucrărilor (AHSP) - Permen PUPR 2022,Lucrări de construcții și amenajări,7.1 PAVARETE PAVĂZATĂ DIN CĂRĂMIDĂ
Bloc pavare Grosime cm f'c 25 M Pa,Bloc pavare Grosime cm f'c 25 M Pa,Material,General,m2,0.0,0.0,0.0,0.0,0,RON,0.0,1.01,1,1,Building and settlement works,Analiza Prețului Unitar al Lucrărilor (AHSP) - Permen PUPR 2022,Lucrări de construcții și amenajări,7.1 PAVARETE PAVĂZATĂ DIN CĂRĂMIDĂ
Placaj grosime 4 mm,Placaj grosime 4 mm,Material,General,Lembar,0.0,0.0,0.0,0.0,0,RON,0.0,1.0,1,1,Building and settlement works,Analiza Prețului Unitar al Lucrărilor (AHSP) - Hotărârea PUPR 2016,Lucrări de construcții și amenajări,A.4.6.1 PREȚ PE UNITATE DE MUNCĂ PENTRU LEMN
Fier șinoi sticlă (1 x 1) cm,Fier șinoi sticlă (1 x 1) cm,Material,General,m,0.0,0.0,0.0,0.0,0,RON,0.0,4.522,1,1,Building and settlement works,Analiza Prețului Unitar al Lucrărilor (AHSP) - Hotărârea PUPR 2016,Lucrări de construcții și amenajări,A.4.2.1 PREȚ PE UNITATE PENTRU LUCRĂRI DE OȚEL ȘI ALUMINIU
Piatră pătrat tubular,Piatră pătrat tubular,Material,General,m,0.0,0.0,0.0,0.0,0,RON,0.0,4.76,1,1,Building and settlement works,Analiza Prețului Unitar al Lucrărilor (AHSP) - Hotărârea PUPR 2016,Lucrări de construcții și amenajări,A.4.2.1 PREȚ PE UNITATE PENTRU LUCRĂRI DE OȚEL ȘI ALUMINIU
Sewa alat,Sewa alat,Equipment,General,Jam,0.0,0.0,0.0,0.0,0,RON,0.0,0.17,1,1,Building and settlement works,Analiza Prețului Unitar al Lucrărilor (AHSP) - Hotărârea PUPR 2016,Lucrări de construcții și amenajări,A.4.2.1 PREȚ PE UNITATE PENTRU LUCRĂRI DE OȚEL ȘI ALUMINIU
Wiring de sudură electrică,Wiring de sudură electrică,Material,General,Kg,0.0,0.0,0.0,0.0,0,RON,0.0,0.4,1,1,Building and settlement works,Analiza Prețului Unitar al Lucrărilor (AHSP) - Hotărârea PUPR 2016,Lucrări de construcții și amenajări,A.4.2.1 PREȚ PE UNITATE PENTRU LUCRĂRI DE OȚEL ȘI ALUMINIU
oțel tablă oțel,oțel tablă oțel,Material,General,Kg,0.0,0.0,0.0,0.0,0,RON,0.0,32.8,1,1,Building and settlement works,Analiza Prețului Unitar al Lucrărilor (AHSP) - Hotărârea PUPR 2016,Lucrări de construcții și amenajări,A.4.2.1 PREȚ PE UNITATE PENTRU LUCRĂRI DE OȚEL ȘI ALUMINIU
Bară oțel L 30.30.3,Bară oțel L 30.30.3,Material,General,Kg,0.0,0.0,0.0,0.0,0,RON,0.0,15.0,1,1,Building and settlement works,Analiza Prețului Unitar al Lucrărilor (AHSP) - Hotărârea PUPR 2016,Lucrări de construcții și amenajări,A.4.2.1 PREȚ PE UNITATE PENTRU LUCRĂRI DE OȚEL ȘI ALUMINIU
1. Chirie Echipament,1. Chirie Echipament,Equipment,General,Jam,0.0,0.0,0.0,0.0,0,RON,0.0,0.8,1,1,Building and settlement works,Analiza Prețului Unitar al Lucrărilor (AHSP) - Hotărârea PUPR 2016,Lucrări de construcții și amenajări,A.4.2.1 PREȚ PE UNITATE PENTRU LUCRĂRI DE OȚEL ȘI ALUMINIU
Fier oțel IWF,Fier oțel IWF,Material,General,Kg,0.0,0.0,0.0,0.0,0,RON,0.0,1.15,1,1,Building and settlement works,Analiza Prețului Unitar al Lucrărilor (AHSP) - Hotărârea PUPR 2016,Lucrări de construcții și amenajări,A.4.2.1 PREȚ PE UNITATE PENTRU LUCRĂRI DE OȚEL ȘI ALUMINIU
Besi Profil,Besi Profil,Material,General,Kg,0.0,0.0,0.0,0.0,0,RON,0.0,1.15,1,1,Building and settlement works,Analiza Prețului Unitar al Lucrărilor (AHSP) - Hotărârea PUPR 2016,Lucrări de construcții și amenajări,A.4.2.1 PREȚ PE UNITATE PENTRU LUCRĂRI DE OȚEL ȘI ALUMINIU
Screening,Screening,Material,General,Kg,0.0,0.0,0.0,0.0,0,RON,0.0,650.0,1,1,Building and settlement works,Analiza Prețului Unitar al Lucrărilor (AHSP) - Hotărârea PUPR 2016,Lucrări de construcții și amenajări,A.4.1.2 PREȚ PE UNITATE PENTRU LUCRĂRI DE BETON PREMOLDUIT
Folie Aluminiu,Folie Aluminiu,Material,General,M2,0.0,0.0,0.0,0.0,0,RON,0.0,1.05,1,1,Building and settlement works,Analiza Prețului Unitar al Lucrărilor (AHSP) - Hotărârea PUPR 2016,Lucrări de construcții și amenajări,A.4.5.2. PREȚUL UNITĂȚII DE LUCRU PENTRU ÎNVELIȘUL DE ACOPERIS
Beton f'c 35 MPa,Beton f'c 35 MPa,Material,General,m3,0.0,0.0,0.0,0.0,0,RON,0.0,1.02,1,1,Building and settlement works,Analiza Prețului Unitar al Lucrărilor (AHSP) - Permen PUPR 2022,Lucrări de construcții și amenajări,7.2 DRUM DE BETON
Beton f'c 25 MPa,Beton f'c 25 MPa,Material,General,m3,0.0,0.0,0.0,0.0,0,RON,0.0,1.02,1,1,Building and settlement works,Analiza Prețului Unitar al Lucrărilor (AHSP) - Permen PUPR 2022,Lucrări de construcții și amenajări,7.2 DRUM DE BETON
Cavilă diametru 25 (BjTP),Cavilă diametru 25 (BjTP),Material,General,kg,0.0,0.0,0.0,0.0,0,RON,0.0,38.7836,1,1,Building and settlement works,Analiza Prețului Unitar al Lucrărilor (AHSP) - Permen PUPR 2022,Lucrări de construcții și amenajări,7.2 DRUM DE BETON
Fly ash,Fly ash,Material,General,kg,0.0,0.0,0.0,0.0,0,RON,0.0,95.0,1,1,Building and settlement works,Analiza Prețului Unitar al Lucrărilor (AHSP) - Permen PUPR 2022,Lucrări de construcții și amenajări,7.2 DRUM DE BETON
Cerucuk stâlp beton ø 1 – 15 cm,Cerucuk stâlp beton ø 1 – 15 cm,Material,General,m,0.0,0.0,0.0,0.0,0,RON,0.0,1.03,1,1,Water resources works,Analiza Prețului Unitar al Lucrărilor (AHSP) - Hotărârea PUPR 2016,Lucrări de gestionare a resurselor de apă,P.04 1 m2 Lucrări de tencuială cu mortar de tip PC-PP (1 m2)
Operator trepied/macara,Operator trepied/macara,Labor,Labor,OH,0.0,0.0,0.0,0.0,0,RON,0.0,0.05,1,1,Water resources works,Analiza Prețului Unitar al Lucrărilor (AHSP) - Hotărârea PUPR 2016,Lucrări de gestionare a resurselor de apă,P.04 1 m2 Lucrări de tencuială cu mortar de tip PC-PP (1 m2)
Bambu ø 8 – 10,Bambu ø 8 – 10,Material,General,m,0.0,0.0,0.0,0.0,0,RON,0.0,1.05,1,1,Water resources works,Analiza Prețului Unitar al Lucrărilor (AHSP) - Hotărârea PUPR 2016,Lucrări de gestionare a resurselor de apă,P.04 1 m2 Lucrări de tencuială cu mortar de tip PC-PP (1 m2)
P.06b.x,Fir de cărămidă,Material,General,buah,0.0,0.0,0.0,0.0,0,RON,0.0,1.0,1,1,Water resources works,Analiza Prețului Unitar al Lucrărilor (AHSP) - Hotărârea PUPR 2016,Lucrări de gestionare a resurselor de apă,P.04 1 m2 Lucrări de tencuială cu mortar de tip PC-PP (1 m2)
Piatră / piatră despicată,Piatră / piatră despicată,Material,General,m3,0.0,0.0,0.0,0.0,0,RON,0.0,1.3,1,1,Water resources works,Analiza Prețului Unitar al Lucrărilor (AHSP) - Hotărârea PUPR 2016,Lucrări de gestionare a resurselor de apă,P.04 1 m2 Lucrări de tencuială cu mortar de tip PC-PP (1 m2)
Muncitor (umple piatră 1 pereche),Muncitor (umple piatră 1 pereche),Labor,Labor,OH,0.0,0.0,0.0,0.0,0,RON,0.0,0.3,1,1,Water resources works,Analiza Prețului Unitar al Lucrărilor (AHSP) - Hotărârea PUPR 2016,Lucrări de gestionare a resurselor de apă,P.04 1 m2 Lucrări de tencuială cu mortar de tip PC-PP (1 m2)
P.06a.x,Fir de cărămidă,Material,General,bh,0.0,0.0,0.0,0.0,0,RON,0.0,1.0,1,1,Water resources works,Analiza Prețului Unitar al Lucrărilor (AHSP) - Hotărârea PUPR 2016,Lucrări de gestionare a resurselor de apă,P.04 1 m2 Lucrări de tencuială cu mortar de tip PC-PP (1 m2)
Fir broboiță Ø 2 mm,Fir broboiță Ø 2 mm,Material,General,kg,0.0,0.0,0.0,0.0,0,RON,0.0,45.011,1,1,Water resources works,Analiza Prețului Unitar al Lucrărilor (AHSP) - Hotărârea PUPR 2016,Lucrări de gestionare a resurselor de apă,P.04 1 m2 Lucrări de tencuială cu mortar de tip PC-PP (1 m2)
To.14,Cheie de șurub (oțel dur),Equipment,General,buah,0.0,0.0,0.0,0.0,0,RON,0.0,0.007,1,1,Water resources works,Analiza Prețului Unitar al Lucrărilor (AHSP) - Hotărârea PUPR 2016,Lucrări de gestionare a resurselor de apă,A.2 Lucrări de pereți (Normativ)
Malaxor capacitate (A+B+C),Malaxor capacitate (A+B+C),Equipment,General,Sewa-,0.0,0.0,0.0,0.0,0,RON,0.0,0.1,1,1,Water resources works,Analiza Prețului Unitar al Lucrărilor (AHSP) - Hotărârea PUPR 2016,Lucrări de gestionare a resurselor de apă,A.2 Lucrări de pereți (Normativ)
Lemn cason 5/7 clasa II,Lemn cason 5/7 clasa II,Material,General,m3,0.0,0.0,0.0,0.0,0,RON,0.0,0.0513,1,1,Building and settlement works,Analiza Prețului Unitar al Lucrărilor (AHSP) - Permen PUPR 2022,Lucrări de construcții și amenajări,7.2 DRUM DE BETON
cuib piatră uk 15x40x60 beton f'c 25 mpa,cuib piatră uk 15x40x60 beton f'c 25 mpa,Material,General,buah,0.0,0.0,0.0,0.0,0,RON,0.0,1.6667,1,1,Building and settlement works,Analiza Prețului Unitar al Lucrărilor (AHSP) - Permen PUPR 2022,Lucrări de construcții și amenajări,7.1 PAVARETE PAVĂZATĂ DIN CĂRĂMIDĂ
Camion macara 3 Troliu 5 tonă *),Camion macara 3 Troliu 5 tonă *),Equipment,General,jam,0.0,0.0,0.0,0.0,0,RON,0.0,0.1251,1,1,Building and settlement works,Analiza Prețului Unitar al Lucrărilor (AHSP) - Permen PUPR 2022,Lucrări de construcții și amenajări,8.1 CANAL U-DITCH
U-Ditch 40 x 40 x 120 cm,U-Ditch 40 x 40 x 120 cm,Material,General,buah,0.0,0.0,0.0,0.0,0,RON,0.0,0.8333,1,1,Building and settlement works,Analiza Prețului Unitar al Lucrărilor (AHSP) - Permen PUPR 2022,Lucrări de construcții și amenajări,8.1 CANAL U-DITCH
U-Ditch 30 x 40 x 120 cm,U-Ditch 30 x 40 x 120 cm,Material,General,buah,0.0,0.0,0.0,0.0,0,RON,0.0,0.8333,1,1,Building and settlement works,Analiza Prețului Unitar al Lucrărilor (AHSP) - Permen PUPR 2022,Lucrări de construcții și amenajări,8.1 CANAL U-DITCH
Nok standard 40 x,Nok standard 40 x,Material,General,buah,0.0,0.0,0.0,0.0,0,RON,0.0,1.2,1,1,Building and settlement works,Analiza Prețului Unitar al Lucrărilor (AHSP) - Hotărârea PUPR 2016,Lucrări de construcții și amenajări,A.4.5.2. PREȚUL UNITĂȚII DE LUCRU PENTRU ÎNVELIȘUL DE ACOPERIS
"Aluminiu grosime 0,55","Aluminiu grosime 0,55",Material,General,Lbr,0.0,0.0,0.0,0.0,0,RON,0.0,1.05,1,1,Building and settlement works,Analiza Prețului Unitar al Lucrărilor (AHSP) - Hotărârea PUPR 2016,Lucrări de construcții și amenajări,A.4.5.2. PREȚUL UNITĂȚII DE LUCRU PENTRU ÎNVELIȘUL DE ACOPERIS
"Tablă de zinc 3""x6""","Tablă de zinc 3""x6""",Material,General,Lbr,0.0,0.0,0.0,0.0,0,RON,0.0,0.3,1,1,Building and settlement works,Analiza Prețului Unitar al Lucrărilor (AHSP) - Hotărârea PUPR 2016,Lucrări de construcții și amenajări,A.4.5.2. PREȚUL UNITĂȚII DE LUCRU PENTRU ÎNVELIȘUL DE ACOPERIS
"Tablă zincată 3""x6""","Tablă zincată 3""x6""",Material,General,Lbr,0.0,0.0,0.0,0.0,0,RON,0.0,0.7,1,1,Building and settlement works,Analiza Prețului Unitar al Lucrărilor (AHSP) - Hotărârea PUPR 2016,Lucrări de construcții și amenajări,A.4.5.2. PREȚUL UNITĂȚII DE LUCRU PENTRU ÎNVELIȘUL DE ACOPERIS
"Tablă zincată 3"" x 6""","Tablă zincată 3"" x 6""",Material,General,Lbr,0.0,0.0,0.0,0.0,0,RON,0.0,0.4,1,1,Building and settlement works,Analiza Prețului Unitar al Lucrărilor (AHSP) - Hotărârea PUPR 2016,Lucrări de construcții și amenajări,A.4.5.2. PREȚUL UNITĂȚII DE LUCRU PENTRU ÎNVELIȘUL DE ACOPERIS
Creastă șindrilă metal,Creastă șindrilă metal,Material,Steel & Metal,buah,0.0,0.0,0.0,0.0,0,RON,0.0,1.1,1,1,Building and settlement works,Analiza Prețului Unitar al Lucrărilor (AHSP) - Hotărârea PUPR 2016,Lucrări de construcții și amenajări,A.4.5.2. PREȚUL UNITĂȚII DE LUCRU PENTRU ÎNVELIȘUL DE ACOPERIS
Grindă lemn Borneo,Grindă lemn Borneo,Material,General,M3,0.0,0.0,0.0,0.0,0,RON,0.0,0.0035,1,1,Building and settlement works,Analiza Prețului Unitar al Lucrărilor (AHSP) - Hotărârea PUPR 2016,Lucrări de construcții și amenajări,A.4.5.2. PREȚUL UNITĂȚII DE LUCRU PENTRU ÎNVELIȘUL DE ACOPERIS
Nok țiglă asphalt,Nok țiglă asphalt,Material,General,buah,0.0,0.0,0.0,0.0,0,RON,0.0,2.0,1,1,Building and settlement works,Analiza Prețului Unitar al Lucrărilor (AHSP) - Hotărârea PUPR 2016,Lucrări de construcții și amenajări,A.4.5.2. PREȚUL UNITĂȚII DE LUCRU PENTRU ÎNVELIȘUL DE ACOPERIS
Coamă țiglă beton,Coamă țiglă beton,Material,General,buah,0.0,0.0,0.0,0.0,0,RON,0.0,3.5,1,1,Building and settlement works,Analiza Prețului Unitar al Lucrărilor (AHSP) - Hotărârea PUPR 2016,Lucrări de construcții și amenajări,A.4.5.2. PREȚUL UNITĂȚII DE LUCRU PENTRU ÎNVELIȘUL DE ACOPERIS
Sirap kayu,Sirap kayu,Material,General,buah,0.0,0.0,0.0,0.0,0,RON,0.0,30.0,1,1,Building and settlement works,Analiza Prețului Unitar al Lucrărilor (AHSP) - Hotărârea PUPR 2016,Lucrări de construcții și amenajări,A.4.5.2. PREȚUL UNITĂȚII DE LUCRU PENTRU ÎNVELIȘUL DE ACOPERIS
Aerator plastic,Aerator plastic,Material,General,buah,0.0,0.0,0.0,0.0,0,RON,0.0,0.5,1,1,Building and settlement works,Analiza Prețului Unitar al Lucrărilor (AHSP) - Hotărârea PUPR 2016,Lucrări de construcții și amenajări,A.4.5.2. PREȚUL UNITĂȚII DE LUCRU PENTRU ÎNVELIȘUL DE ACOPERIS
Țiglă asfaltic,Țiglă asfaltic,Material,General,Buah,0.0,0.0,0.0,0.0,0,RON,0.0,6.9,1,1,Building and settlement works,Analiza Prețului Unitar al Lucrărilor (AHSP) - Hotărârea PUPR 2016,Lucrări de construcții și amenajări,A.4.5.2. PREȚUL UNITĂȚII DE LUCRU PENTRU ÎNVELIȘUL DE ACOPERIS
Știft diametru 25 mm (BjTP),Știft diametru 25 mm (BjTP),Material,General,kg,0.0,0.0,0.0,0.0,0,RON,0.0,38.7836,1,1,Building and settlement works,Analiza Prețului Unitar al Lucrărilor (AHSP) - Permen PUPR 2022,Lucrări de construcții și amenajări,7.2 DRUM DE BETON
U-Ditch 100 x 1010 x cm,U-Ditch 100 x 1010 x cm,Material,General,buah,0.0,0.0,0.0,0.0,0,RON,0.0,0.8333,1,1,Building and settlement works,Analiza Prețului Unitar al Lucrărilor (AHSP) - Permen PUPR 2022,Lucrări de construcții și amenajări,8.1 CANAL U-DITCH
Țiglă beton,Țiglă beton,Material,General,buah,0.0,0.0,0.0,0.0,0,RON,0.0,11.0,1,1,Building and settlement works,Analiza Prețului Unitar al Lucrărilor (AHSP) - Hotărârea PUPR 2016,Lucrări de construcții și amenajări,A.4.5.2. PREȚUL UNITĂȚII DE LUCRU PENTRU ÎNVELIȘUL DE ACOPERIS
cui pescăruț,cui pescăruț,Material,General,Kg,0.0,0.0,0.0,0.0,0,RON,0.0,0.12,1,1,Building and settlement works,Analiza Prețului Unitar al Lucrărilor (AHSP) - Hotărârea PUPR 2016,Lucrări de construcții și amenajări,A.4.5.2. PREȚUL UNITĂȚII DE LUCRU PENTRU ÎNVELIȘUL DE ACOPERIS
Gel azbest 92,Gel azbest 92,Material,General,Lbr,0.0,0.0,0.0,0.0,0,RON,0.0,0.37,1,1,Building and settlement works,Analiza Prețului Unitar al Lucrărilor (AHSP) - Hotărârea PUPR 2016,Lucrări de construcții și amenajări,A.4.5.2. PREȚUL UNITĂȚII DE LUCRU PENTRU ÎNVELIȘUL DE ACOPERIS
Cui ancore 6 x,Cui ancore 6 x,Material,General,Kg,0.0,0.0,0.0,0.0,0,RON,0.0,0.12,1,1,Building and settlement works,Analiza Prețului Unitar al Lucrărilor (AHSP) - Hotărârea PUPR 2016,Lucrări de construcții și amenajări,A.4.5.2. PREȚUL UNITĂȚII DE LUCRU PENTRU ÎNVELIȘUL DE ACOPERIS
Gel azbest 92 x 250,Gel azbest 92 x 250,Material,General,Lbr,0.0,0.0,0.0,0.0,0,RON,0.0,0.42,1,1,Building and settlement works,Analiza Prețului Unitar al Lucrărilor (AHSP) - Hotărârea PUPR 2016,Lucrări de construcții și amenajări,A.4.5.2. PREȚUL UNITĂȚII DE LUCRU PENTRU ÎNVELIȘUL DE ACOPERIS
Fereastra acoperiş 90 x,Fereastra acoperiş 90 x,Material,General,Lbr,0.0,0.0,0.0,0.0,0,RON,0.0,0.6,1,1,Building and settlement works,Analiza Prețului Unitar al Lucrărilor (AHSP) - Hotărârea PUPR 2016,Lucrări de construcții și amenajări,A.4.5.2. PREȚUL UNITĂȚII DE LUCRU PENTRU ÎNVELIȘUL DE ACOPERIS
Țiglă de pene,Țiglă de pene,Material,General,buah,0.0,0.0,0.0,0.0,0,RON,0.0,25.0,1,1,Building and settlement works,Analiza Prețului Unitar al Lucrărilor (AHSP) - Hotărârea PUPR 2016,Lucrări de construcții și amenajări,A.4.5.2. PREȚUL UNITĂȚII DE LUCRU PENTRU ÎNVELIȘUL DE ACOPERIS
Listă lemn profil,Listă lemn profil,Material,General,m,0.0,0.0,0.0,0.0,0,RON,0.0,1.05,1,1,Building and settlement works,Analiza Prețului Unitar al Lucrărilor (AHSP) - Hotărârea PUPR 2016,Lucrări de construcții și amenajări,A.4.5.1 UNITATE DE LUCRU TAVAN (PLAFON)
acustică 60 x 120,acustică 60 x 120,Material,General,Lembar,0.0,0.0,0.0,0.0,0,RON,0.0,1.5,1,1,Building and settlement works,Analiza Prețului Unitar al Lucrărilor (AHSP) - Hotărârea PUPR 2016,Lucrări de construcții și amenajări,A.4.5.1 UNITATE DE LUCRU TAVAN (PLAFON)
Sârmă Ø 4 mm,Sârmă Ø 4 mm,Material,General,kg,0.0,0.0,0.0,0.0,0,RON,0.0,0.15,1,1,Building and settlement works,Analiza Prețului Unitar al Lucrărilor (AHSP) - Hotărârea PUPR 2016,Lucrări de construcții și amenajări,A.4.5.1 UNITATE DE LUCRU TAVAN (PLAFON)
"Profil Alum ""T""","Profil Alum ""T""",Material,General,m,0.0,0.0,0.0,0.0,0,RON,0.0,3.6,1,1,Building and settlement works,Analiza Prețului Unitar al Lucrărilor (AHSP) - Hotărârea PUPR 2016,Lucrări de construcții și amenajări,A.4.5.1 UNITATE DE LUCRU TAVAN (PLAFON)
Paku skrup,Paku skrup,Material,General,kg,0.0,0.0,0.0,0.0,0,RON,0.0,0.11,1,1,Building and settlement works,Analiza Prețului Unitar al Lucrărilor (AHSP) - Hotărârea PUPR 2016,Lucrări de construcții și amenajări,A.4.5.1 UNITATE DE LUCRU TAVAN (PLAFON)
tablă ipsos,tablă ipsos,Material,General,Lembar,0.0,0.0,0.0,0.0,0,RON,0.0,0.364,1,1,Building and settlement works,Analiza Prețului Unitar al Lucrărilor (AHSP) - Hotărârea PUPR 2016,Lucrări de construcții și amenajări,A.4.5.1 UNITATE DE LUCRU TAVAN (PLAFON)
Kayu papan,Kayu papan,Material,General,m3,0.0,0.0,0.0,0.0,0,RON,0.0,0.015,1,1,Building and settlement works,Analiza Prețului Unitar al Lucrărilor (AHSP) - Hotărârea PUPR 2016,Lucrări de construcții și amenajări,A.4.5.1 UNITATE DE LUCRU TAVAN (PLAFON)
Tripleks,Tripleks,Material,General,Lembar,0.0,0.0,0.0,0.0,0,RON,0.0,0.375,1,1,Building and settlement works,Analiza Prețului Unitar al Lucrărilor (AHSP) - Hotărârea PUPR 2016,Lucrări de construcții și amenajări,A.4.5.1 UNITATE DE LUCRU TAVAN (PLAFON)
U-Ditch 40 x 40 x 120,U-Ditch 40 x 40 x 120,Material,General,buah,0.0,0.0,0.0,0.0,0,RON,0.0,0.8333,1,1,Building and settlement works,Analiza Prețului Unitar al Lucrărilor (AHSP) - Permen PUPR 2022,Lucrări de construcții și amenajări,8.1 CANAL U-DITCH
U-Ditch 30 x 40 x 120,U-Ditch 30 x 40 x 120,Material,General,buah,0.0,0.0,0.0,0.0,0,RON,0.0,0.8333,1,1,Building and settlement works,Analiza Prețului Unitar al Lucrărilor (AHSP) - Permen PUPR 2022,Lucrări de construcții și amenajări,8.1 CANAL U-DITCH
"(cadru + sticlă 5 Cui șurub 1 cm – 2,5 cm","(cadru + sticlă 5 Cui șurub 1 cm – 2,5 cm",Material,General,buah,0.0,0.0,0.0,0.0,0,RON,0.0,10.0,1,1,Building and settlement works,Analiza Prețului Unitar al Lucrărilor (AHSP) - Hotărârea PUPR 2016,Lucrări de construcții și amenajări,A.4.2.1 PREȚ PE UNITATE PENTRU LUCRĂRI DE OȚEL ȘI ALUMINIU
Fereastră nako,Fereastră nako,Material,General,m2,0.0,0.0,0.0,0.0,0,RON,0.0,1.1,1,1,Building and settlement works,Analiza Prețului Unitar al Lucrărilor (AHSP) - Hotărârea PUPR 2016,Lucrări de construcții și amenajări,A.4.2.1 PREȚ PE UNITATE PENTRU LUCRĂRI DE OȚEL ȘI ALUMINIU
"Bandă oțel (0,2 x 2)","Bandă oțel (0,2 x 2)",Material,General,kg,0.0,0.0,0.0,0.0,0,RON,0.0,1.716,1,1,Building and settlement works,Analiza Prețului Unitar al Lucrărilor (AHSP) - Hotărârea PUPR 2016,Lucrări de construcții și amenajări,A.4.2.1 PREȚ PE UNITATE PENTRU LUCRĂRI DE OȚEL ȘI ALUMINIU
Jaluzele venetiene și jaluzele verticale (draperie),Jaluzele venetiene și jaluzele verticale (draperie),Material,General,m2,0.0,0.0,0.0,0.0,0,RON,0.0,1.0,1,1,Building and settlement works,Analiza Prețului Unitar al Lucrărilor (AHSP) - Hotărârea PUPR 2016,Lucrări de construcții și amenajări,A.4.2.1 PREȚ PE UNITATE PENTRU LUCRĂRI DE OȚEL ȘI ALUMINIU
Profil kaca,Profil kaca,Material,General,m,0.0,0.0,0.0,0.0,0,RON,0.0,4.5,1,1,Building and settlement works,Analiza Prețului Unitar al Lucrărilor (AHSP) - Hotărârea PUPR 2016,Lucrări de construcții și amenajări,A.4.2.1 PREȚ PE UNITATE PENTRU LUCRĂRI DE OȚEL ȘI ALUMINIU
Ușă aluminiu,Ușă aluminiu,Material,General,m,0.0,0.0,0.0,0.0,0,RON,0.0,4.4,1,1,Building and settlement works,Analiza Prețului Unitar al Lucrărilor (AHSP) - Hotărârea PUPR 2016,Lucrări de construcții și amenajări,A.4.2.1 PREȚ PE UNITATE PENTRU LUCRĂRI DE OȚEL ȘI ALUMINIU
Skrup fixer,Skrup fixer,Material,General,buah,0.0,0.0,0.0,0.0,0,RON,0.0,2.0,1,1,Building and settlement works,Analiza Prețului Unitar al Lucrărilor (AHSP) - Hotărârea PUPR 2016,Lucrări de construcții și amenajări,A.4.2.1 PREȚ PE UNITATE PENTRU LUCRĂRI DE OȚEL ȘI ALUMINIU
Ușă glisantă aluminiu,Ușă glisantă aluminiu,Material,General,m2,0.0,0.0,0.0,0.0,0,RON,0.0,1.0,1,1,Building and settlement works,Analiza Prețului Unitar al Lucrărilor (AHSP) - Hotărârea PUPR 2016,Lucrări de construcții și amenajări,A.4.2.1 PREȚ PE UNITATE PENTRU LUCRĂRI DE OȚEL ȘI ALUMINIU
umbră alizarin,umbră alizarin,Material,General,m2,0.0,0.0,0.0,0.0,0,RON,0.0,1.0,1,1,Building and settlement works,Analiza Prețului Unitar al Lucrărilor (AHSP) - Hotărârea PUPR 2016,Lucrări de construcții și amenajări,A.4.2.1 PREȚ PE UNITATE PENTRU LUCRĂRI DE OȚEL ȘI ALUMINIU
Pintu lipat,Pintu lipat,Material,General,m2,0.0,0.0,0.0,0.0,0,RON,0.0,1.0,1,1,Building and settlement works,Analiza Prețului Unitar al Lucrărilor (AHSP) - Hotărârea PUPR 2016,Lucrări de construcții și amenajări,A.4.2.1 PREȚ PE UNITATE PENTRU LUCRĂRI DE OȚEL ȘI ALUMINIU
Ușă rulantă din fier,Ușă rulantă din fier,Material,General,m2,0.0,0.0,0.0,0.0,0,RON,0.0,1.0,1,1,Building and settlement works,Analiza Prețului Unitar al Lucrărilor (AHSP) - Hotărârea PUPR 2016,Lucrări de construcții și amenajări,A.4.2.1 PREȚ PE UNITATE PENTRU LUCRĂRI DE OȚEL ȘI ALUMINIU
Asbes semen,Asbes semen,Material,General,m2,0.0,0.0,0.0,0.0,0,RON,0.0,1.1,1,1,Building and settlement works,Analiza Prețului Unitar al Lucrărilor (AHSP) - Hotărârea PUPR 2016,Lucrări de construcții și amenajări,A.4.5.1 UNITATE DE LUCRU TAVAN (PLAFON)
Bloc pavaj 8 cm colorat,Bloc pavaj 8 cm colorat,Material,General,M2,0.0,0.0,0.0,0.0,0,RON,0.0,1.01,1,1,Building and settlement works,Analiza Prețului Unitar al Lucrărilor (AHSP) - Hotărârea PUPR 2016,Lucrări de construcții și amenajări,A.4.4.3 PREȚUL UNITĂȚII DE LUCRU PENTRU ÎNCHEIETURA PODELELUI ȘI ACOPERIRE
Bloc pavare 6cm colorat,Bloc pavare 6cm colorat,Material,General,M2,0.0,0.0,0.0,0.0,0,RON,0.0,1.01,1,1,Building and settlement works,Analiza Prețului Unitar al Lucrărilor (AHSP) - Hotărârea PUPR 2016,Lucrări de construcții și amenajări,A.4.4.3 PREȚUL UNITĂȚII DE LUCRU PENTRU ÎNCHEIETURA PODELELUI ȘI ACOPERIRE
Capac U-Ditch 94 x 60 15 (tip HD),Capac U-Ditch 94 x 60 15 (tip HD),Material,General,buah,0.0,0.0,0.0,0.0,0,RON,0.0,1.6667,1,1,Building and settlement works,Analiza Prețului Unitar al Lucrărilor (AHSP) - Permen PUPR 2022,Lucrări de construcții și amenajări,8.1 CANAL U-DITCH
Capac U-Ditch 73 x 60 14 (tip HD),Capac U-Ditch 73 x 60 14 (tip HD),Material,General,buah,0.0,0.0,0.0,0.0,0,RON,0.0,1.6667,1,1,Building and settlement works,Analiza Prețului Unitar al Lucrărilor (AHSP) - Permen PUPR 2022,Lucrări de construcții și amenajări,8.1 CANAL U-DITCH
Capac U-Ditch 62 x 60 13 (tip HD),Capac U-Ditch 62 x 60 13 (tip HD),Material,General,buah,0.0,0.0,0.0,0.0,0,RON,0.0,1.6667,1,1,Building and settlement works,Analiza Prețului Unitar al Lucrărilor (AHSP) - Permen PUPR 2022,Lucrări de construcții și amenajări,8.1 CANAL U-DITCH
Capac U-Ditch 51 x 60 10 (tip HD),Capac U-Ditch 51 x 60 10 (tip HD),Material,General,buah,0.0,0.0,0.0,0.0,0,RON,0.0,1.6667,1,1,Building and settlement works,Analiza Prețului Unitar al Lucrărilor (AHSP) - Permen PUPR 2022,Lucrări de construcții și amenajări,8.1 CANAL U-DITCH
Capac U-Ditch 39 x 60 (tip HD),Capac U-Ditch 39 x 60 (tip HD),Material,General,buah,0.0,0.0,0.0,0.0,0,RON,0.0,1.6667,1,1,Building and settlement works,Analiza Prețului Unitar al Lucrărilor (AHSP) - Permen PUPR 2022,Lucrări de construcții și amenajări,8.1 CANAL U-DITCH
Capac U-Ditch 94 x 60 10 (tip LD),Capac U-Ditch 94 x 60 10 (tip LD),Material,General,buah,0.0,0.0,0.0,0.0,0,RON,0.0,1.6667,1,1,Building and settlement works,Analiza Prețului Unitar al Lucrărilor (AHSP) - Permen PUPR 2022,Lucrări de construcții și amenajări,8.1 CANAL U-DITCH
capac U-Ditch 73 x 60 (tip LD),capac U-Ditch 73 x 60 (tip LD),Material,General,buah,0.0,0.0,0.0,0.0,0,RON,0.0,1.6667,1,1,Building and settlement works,Analiza Prețului Unitar al Lucrărilor (AHSP) - Permen PUPR 2022,Lucrări de construcții și amenajări,8.1 CANAL U-DITCH
"capac U-Ditch 62 x 60 7,5 (tip LD)","capac U-Ditch 62 x 60 7,5 (tip LD)",Material,General,buah,0.0,0.0,0.0,0.0,0,RON,0.0,1.6667,1,1,Building and settlement works,Analiza Prețului Unitar al Lucrărilor (AHSP) - Permen PUPR 2022,Lucrări de construcții și amenajări,8.1 CANAL U-DITCH
Capac U-Ditch 51 x 60 (tip LD),Capac U-Ditch 51 x 60 (tip LD),Material,General,buah,0.0,0.0,0.0,0.0,0,RON,0.0,1.6667,1,1,Building and settlement works,Analiza Prețului Unitar al Lucrărilor (AHSP) - Permen PUPR 2022,Lucrări de construcții și amenajări,8.1 CANAL U-DITCH
E.36,Perahu,Equipment,General,jam,0.0,0.0,0.0,0.0,0,RON,0.0,53101.51,1,1,Water resources works,Analiza Prețului Unitar al Lucrărilor (AHSP) - Hotărârea PUPR 2016,Lucrări de gestionare a resurselor de apă,A.1.2 Lucrări de teren mecanizate (Informatív)
Cheltuieli generale + Profit,Cheltuieli generale + Profit,Equipment,General,,0.0,0.0,0.0,0.0,0,RON,0.0,15.0,1,1,Water resources works,Analiza Prețului Unitar al Lucrărilor (AHSP) - Hotărârea PUPR 2016,Lucrări de gestionare a resurselor de apă,A.1.2 Lucrări de teren mecanizate (Informatív)
E.43c,Tongkang (mare) 1 2000 tonă,Equipment,General,jam,0.0,0.0,0.0,0.0,0,RON,0.0,7.0,1,1,Water resources works,Analiza Prețului Unitar al Lucrărilor (AHSP) - Hotărârea PUPR 2016,Lucrări de gestionare a resurselor de apă,A.1.2 Lucrări de teren mecanizate (Informatív)
Autoutilitară de descărcare,Autoutilitară de descărcare,Equipment,General,jam,0.0,0.0,0.0,0.0,0,RON,0.0,53.0,1,1,Water resources works,Analiza Prețului Unitar al Lucrărilor (AHSP) - Hotărârea PUPR 2016,Lucrări de gestionare a resurselor de apă,A.1.2 Lucrări de teren mecanizate (Informatív)
Buldozer nivelare 4 finisare (A+B+C) Regim general + Profit,Buldozer nivelare 4 finisare (A+B+C) Regim general + Profit,Equipment,General,jam,0.0,0.0,0.0,0.0,0,RON,0.0,0.018,1,1,Water resources works,Analiza Prețului Unitar al Lucrărilor (AHSP) - Hotărârea PUPR 2016,Lucrări de gestionare a resurselor de apă,A.1.2 Lucrări de teren mecanizate (Informatív)
Capac U-Ditch 39 x 60 (tip LD),Capac U-Ditch 39 x 60 (tip LD),Material,General,buah,0.0,0.0,0.0,0.0,0,RON,0.0,1.6667,1,1,Building and settlement works,Analiza Prețului Unitar al Lucrărilor (AHSP) - Permen PUPR 2022,Lucrări de construcții și amenajări,8.1 CANAL U-DITCH
U-Ditch 100 x 100 x 120 cm,U-Ditch 100 x 100 x 120 cm,Material,General,buah,0.0,0.0,0.0,0.0,0,RON,0.0,0.8333,1,1,Building and settlement works,Analiza Prețului Unitar al Lucrărilor (AHSP) - Permen PUPR 2022,Lucrări de construcții și amenajări,8.1 CANAL U-DITCH
Cui/șurub 5 cm,Cui/șurub 5 cm,Material,General,Kg,0.0,0.0,0.0,0.0,0,RON,0.0,0.05,1,1,Building and settlement works,Analiza Prețului Unitar al Lucrărilor (AHSP) - Hotărârea PUPR 2016,Lucrări de construcții și amenajări,A.4.4.3 PREȚUL UNITĂȚII DE LUCRU PENTRU ÎNCHEIETURA PODELELUI ȘI ACOPERIRE
Întăritor podea,Întăritor podea,Material,General,Kg,0.0,0.0,0.0,0.0,0,RON,0.0,5.0,1,1,Building and settlement works,Analiza Prețului Unitar al Lucrărilor (AHSP) - Hotărârea PUPR 2016,Lucrări de construcții și amenajări,A.4.4.3 PREȚUL UNITĂȚII DE LUCRU PENTRU ÎNCHEIETURA PODELELUI ȘI ACOPERIRE
Piatră atingere neagră,Piatră atingere neagră,Material,General,Buah,0.0,0.0,0.0,0.0,0,RON,0.0,1.1,1,1,Building and settlement works,Analiza Prețului Unitar al Lucrărilor (AHSP) - Hotărârea PUPR 2016,Lucrări de construcții și amenajări,A.4.4.3 PREȚUL UNITĂȚII DE LUCRU PENTRU ÎNCHEIETURA PODELELUI ȘI ACOPERIRE
Batu paras,Batu paras,Material,General,buah,0.0,0.0,0.0,0.0,0,RON,0.0,1.1,1,1,Building and settlement works,Analiza Prețului Unitar al Lucrărilor (AHSP) - Hotărârea PUPR 2016,Lucrări de construcții și amenajări,A.4.4.3 PREȚUL UNITĂȚII DE LUCRU PENTRU ÎNCHEIETURA PODELELUI ȘI ACOPERIRE
Cărămidă pelindă,Cărămidă pelindă,Material,General,buah,0.0,0.0,0.0,0.0,0,RON,0.0,63.0,1,1,Building and settlement works,Analiza Prețului Unitar al Lucrărilor (AHSP) - Hotărârea PUPR 2016,Lucrări de construcții și amenajări,A.4.4.3 PREȚUL UNITĂȚII DE LUCRU PENTRU ÎNCHEIETURA PODELELUI ȘI ACOPERIRE
Nișă internă,Nișă internă,Material,General,Bh,0.0,0.0,0.0,0.0,0,RON,0.0,5.3,1,1,Building and settlement works,Analiza Prețului Unitar al Lucrărilor (AHSP) - Hotărârea PUPR 2016,Lucrări de construcții și amenajări,A.4.4.3 PREȚUL UNITĂȚII DE LUCRU PENTRU ÎNCHEIETURA PODELELUI ȘI ACOPERIRE
Teraso cor,Teraso cor,Material,General,M3,0.0,0.0,0.0,0.0,0,RON,0.0,0.036,1,1,Building and settlement works,Analiza Prețului Unitar al Lucrărilor (AHSP) - Hotărârea PUPR 2016,Lucrări de construcții și amenajări,A.4.4.3 PREȚUL UNITĂȚII DE LUCRU PENTRU ÎNCHEIETURA PODELELUI ȘI ACOPERIRE
Ciment Portlan,Ciment Portlan,Material,General,kg,0.0,0.0,0.0,0.0,0,RON,0.0,1.14,1,1,Building and settlement works,Analiza Prețului Unitar al Lucrărilor (AHSP) - Hotărârea PUPR 2016,Lucrări de construcții și amenajări,A.4.4.3 PREȚUL UNITĂȚII DE LUCRU PENTRU ÎNCHEIETURA PODELELUI ȘI ACOPERIRE
Țevi Beton D 40 - 100,Țevi Beton D 40 - 100,Material,General,buah,0.0,0.0,0.0,0.0,0,RON,0.0,1.0,1,1,Building and settlement works,Analiza Prețului Unitar al Lucrărilor (AHSP) - Permen PUPR 2022,Lucrări de construcții și amenajări,8.2 CANALE DE ȚEAVĂ PENTRU BETON
Țeavă Beton D 30 - 100,Țeavă Beton D 30 - 100,Material,General,buah,0.0,0.0,0.0,0.0,0,RON,0.0,1.0,1,1,Building and settlement works,Analiza Prețului Unitar al Lucrărilor (AHSP) - Permen PUPR 2022,Lucrări de construcții și amenajări,8.2 CANALE DE ȚEAVĂ PENTRU BETON
Țevi Beton 1/2 D 100 50 cm,Țevi Beton 1/2 D 100 50 cm,Material,General,buah,0.0,0.0,0.0,0.0,0,RON,0.0,2.0,1,1,Building and settlement works,Analiza Prețului Unitar al Lucrărilor (AHSP) - Permen PUPR 2022,Lucrări de construcții și amenajări,8.2 CANALE DE ȚEAVĂ PENTRU BETON
Buis Beton 1/2 D 80 - cm,Buis Beton 1/2 D 80 - cm,Material,General,buah,0.0,0.0,0.0,0.0,0,RON,0.0,2.0,1,1,Building and settlement works,Analiza Prețului Unitar al Lucrărilor (AHSP) - Permen PUPR 2022,Lucrări de construcții și amenajări,8.2 CANALE DE ȚEAVĂ PENTRU BETON
Tub beton 1/2 D 60 - 100 cm,Tub beton 1/2 D 60 - 100 cm,Material,General,buah,0.0,0.0,0.0,0.0,0,RON,0.0,1.0,1,1,Building and settlement works,Analiza Prețului Unitar al Lucrărilor (AHSP) - Permen PUPR 2022,Lucrări de construcții și amenajări,8.2 CANALE DE ȚEAVĂ PENTRU BETON
Țeavă Beton 1/2 D 50 - 100 cm,Țeavă Beton 1/2 D 50 - 100 cm,Material,General,buah,0.0,0.0,0.0,0.0,0,RON,0.0,1.0,1,1,Building and settlement works,Analiza Prețului Unitar al Lucrărilor (AHSP) - Permen PUPR 2022,Lucrări de construcții și amenajări,8.2 CANALE DE ȚEAVĂ PENTRU BETON
Buis Beton 1/2 D 40 - 100 cm,Buis Beton 1/2 D 40 - 100 cm,Material,General,buah,0.0,0.0,0.0,0.0,0,RON,0.0,1.0,1,1,Building and settlement works,Analiza Prețului Unitar al Lucrărilor (AHSP) - Permen PUPR 2022,Lucrări de construcții și amenajări,8.2 CANALE DE ȚEAVĂ PENTRU BETON
Tub beton 1/2 D 30 - 100 cm,Tub beton 1/2 D 30 - 100 cm,Material,General,buah,0.0,0.0,0.0,0.0,0,RON,0.0,1.0,1,1,Building and settlement works,Analiza Prețului Unitar al Lucrărilor (AHSP) - Permen PUPR 2022,Lucrări de construcții și amenajări,8.2 CANALE DE ȚEAVĂ PENTRU BETON
țeavă PVC Ø 900 mm,țeavă PVC Ø 900 mm,Material,General,m,0.0,0.0,0.0,0.0,0,RON,0.0,1.0,1,1,Building and settlement works,Analiza Prețului Unitar al Lucrărilor (AHSP) - Permen PUPR 2022,Lucrări de construcții și amenajări,9.1 ȚEAVĂ PVC
Țeavă PVC Ø 800 mm,Țeavă PVC Ø 800 mm,Material,General,m,0.0,0.0,0.0,0.0,0,RON,0.0,1.0,1,1,Building and settlement works,Analiza Prețului Unitar al Lucrărilor (AHSP) - Permen PUPR 2022,Lucrări de construcții și amenajări,9.1 ȚEAVĂ PVC
țeavă PVC Ø 600 mm,țeavă PVC Ø 600 mm,Material,General,m,0.0,0.0,0.0,0.0,0,RON,0.0,1.0,1,1,Building and settlement works,Analiza Prețului Unitar al Lucrărilor (AHSP) - Permen PUPR 2022,Lucrări de construcții și amenajări,9.1 ȚEAVĂ PVC
Țeavă PVC Ø 500 mm,Țeavă PVC Ø 500 mm,Material,General,m,0.0,0.0,0.0,0.0,0,RON,0.0,1.0,1,1,Building and settlement works,Analiza Prețului Unitar al Lucrărilor (AHSP) - Permen PUPR 2022,Lucrări de construcții și amenajări,9.1 ȚEAVĂ PVC
Țeavă PVC Ø 450 mm,Țeavă PVC Ø 450 mm,Material,General,m,0.0,0.0,0.0,0.0,0,RON,0.0,1.0,1,1,Building and settlement works,Analiza Prețului Unitar al Lucrărilor (AHSP) - Permen PUPR 2022,Lucrări de construcții și amenajări,9.1 ȚEAVĂ PVC
Țeavă PVC Ø 400 mm,Țeavă PVC Ø 400 mm,Material,General,m,0.0,0.0,0.0,0.0,0,RON,0.0,1.0,1,1,Building and settlement works,Analiza Prețului Unitar al Lucrărilor (AHSP) - Permen PUPR 2022,Lucrări de construcții și amenajări,9.1 ȚEAVĂ PVC
Țeavă PVC Ø 300 mm,Țeavă PVC Ø 300 mm,Material,General,m,0.0,0.0,0.0,0.0,0,RON,0.0,1.0,1,1,Building and settlement works,Analiza Prețului Unitar al Lucrărilor (AHSP) - Permen PUPR 2022,Lucrări de construcții și amenajări,9.1 ȚEAVĂ PVC
Conductă PVC Ø 250 mm,Conductă PVC Ø 250 mm,Material,General,m,0.0,0.0,0.0,0.0,0,RON,0.0,1.0,1,1,Building and settlement works,Analiza Prețului Unitar al Lucrărilor (AHSP) - Permen PUPR 2022,Lucrări de construcții și amenajări,9.1 ȚEAVĂ PVC
Țeavă PVC Ø 200 mm,Țeavă PVC Ø 200 mm,Material,General,m,0.0,0.0,0.0,0.0,0,RON,0.0,1.0,1,1,Building and settlement works,Analiza Prețului Unitar al Lucrărilor (AHSP) - Permen PUPR 2022,Lucrări de construcții și amenajări,9.1 ȚEAVĂ PVC
țeavă PVC Ø 150 mm,țeavă PVC Ø 150 mm,Material,General,m,0.0,0.0,0.0,0.0,0,RON,0.0,1.0,1,1,Building and settlement works,Analiza Prețului Unitar al Lucrărilor (AHSP) - Permen PUPR 2022,Lucrări de construcții și amenajări,9.1 ȚEAVĂ PVC
bună beton d 100 - 50,bună beton d 100 - 50,Material,General,buah,0.0,0.0,0.0,0.0,0,RON,0.0,2.0,1,1,Building and settlement works,Analiza Prețului Unitar al Lucrărilor (AHSP) - Permen PUPR 2022,Lucrări de construcții și amenajări,8.2 CANALE DE ȚEAVĂ PENTRU BETON
Țeavă Beton D 80 - 50,Țeavă Beton D 80 - 50,Material,General,buah,0.0,0.0,0.0,0.0,0,RON,0.0,2.0,1,1,Building and settlement works,Analiza Prețului Unitar al Lucrărilor (AHSP) - Permen PUPR 2022,Lucrări de construcții și amenajări,8.2 CANALE DE ȚEAVĂ PENTRU BETON
Țevi Beton D 60 - 100,Țevi Beton D 60 - 100,Material,General,buah,0.0,0.0,0.0,0.0,0,RON,0.0,1.0,1,1,Building and settlement works,Analiza Prețului Unitar al Lucrărilor (AHSP) - Permen PUPR 2022,Lucrări de construcții și amenajări,8.2 CANALE DE ȚEAVĂ PENTRU BETON
Țeavă Beton D 50 - 100,Țeavă Beton D 50 - 100,Material,General,buah,0.0,0.0,0.0,0.0,0,RON,0.0,1.0,1,1,Building and settlement works,Analiza Prețului Unitar al Lucrărilor (AHSP) - Permen PUPR 2022,Lucrări de construcții și amenajări,8.2 CANALE DE ȚEAVĂ PENTRU BETON
bloc pavaj 8 cm natural,bloc pavaj 8 cm natural,Material,General,M2,0.0,0.0,0.0,0.0,0,RON,0.0,1.01,1,1,Building and settlement works,Analiza Prețului Unitar al Lucrărilor (AHSP) - Hotărârea PUPR 2016,Lucrări de construcții și amenajări,A.4.4.3 PREȚUL UNITĂȚII DE LUCRU PENTRU ÎNCHEIETURA PODELELUI ȘI ACOPERIRE
bloc pavaj 6 cm,bloc pavaj 6 cm,Material,General,M2,0.0,0.0,0.0,0.0,0,RON,0.0,1.01,1,1,Building and settlement works,Analiza Prețului Unitar al Lucrărilor (AHSP) - Hotărârea PUPR 2016,Lucrări de construcții și amenajări,A.4.4.3 PREȚUL UNITĂȚII DE LUCRU PENTRU ÎNCHEIETURA PODELELUI ȘI ACOPERIRE
Țeavă Galvanizată Ø 1000 mm,Țeavă Galvanizată Ø 1000 mm,Material,General,m,0.0,0.0,0.0,0.0,0,RON,0.0,1.0,1,1,Building and settlement works,Analiza Prețului Unitar al Lucrărilor (AHSP) - Permen PUPR 2022,Lucrări de construcții și amenajări,9.2 Țeavă galvanizată
Țeavă Galvanizată Ø 900 mm,Țeavă Galvanizată Ø 900 mm,Material,General,m,0.0,0.0,0.0,0.0,0,RON,0.0,1.0,1,1,Building and settlement works,Analiza Prețului Unitar al Lucrărilor (AHSP) - Permen PUPR 2022,Lucrări de construcții și amenajări,9.2 Țeavă galvanizată
"Țeavă Galvanizată Ø 800""","Țeavă Galvanizată Ø 800""",Material,General,m,0.0,0.0,0.0,0.0,0,RON,0.0,1.0,1,1,Building and settlement works,Analiza Prețului Unitar al Lucrărilor (AHSP) - Permen PUPR 2022,Lucrări de construcții și amenajări,9.2 Țeavă galvanizată
Țeavă galvanizată Ø 600,Țeavă galvanizată Ø 600,Material,General,m,0.0,0.0,0.0,0.0,0,RON,0.0,1.0,1,1,Building and settlement works,Analiza Prețului Unitar al Lucrărilor (AHSP) - Permen PUPR 2022,Lucrări de construcții și amenajări,9.2 Țeavă galvanizată
Conductă GIP Ø 500 mm,Conductă GIP Ø 500 mm,Material,General,m,0.0,0.0,0.0,0.0,0,RON,0.0,1.0,1,1,Building and settlement works,Analiza Prețului Unitar al Lucrărilor (AHSP) - Permen PUPR 2022,Lucrări de construcții și amenajări,9.2 Țeavă galvanizată
Conductă Galvanizată Ø 450,Conductă Galvanizată Ø 450,Material,General,m,0.0,0.0,0.0,0.0,0,RON,0.0,1.0,1,1,Building and settlement works,Analiza Prețului Unitar al Lucrărilor (AHSP) - Permen PUPR 2022,Lucrări de construcții și amenajări,9.2 Țeavă galvanizată
Țeavă Galvanizată Ø 400 mm,Țeavă Galvanizată Ø 400 mm,Material,General,m,0.0,0.0,0.0,0.0,0,RON,0.0,1.0,1,1,Building and settlement works,Analiza Prețului Unitar al Lucrărilor (AHSP) - Permen PUPR 2022,Lucrări de construcții și amenajări,9.2 Țeavă galvanizată
Țeavă Galvanizată Ø 300,Țeavă Galvanizată Ø 300,Material,General,m,0.0,0.0,0.0,0.0,0,RON,0.0,1.0,1,1,Building and settlement works,Analiza Prețului Unitar al Lucrărilor (AHSP) - Permen PUPR 2022,Lucrări de construcții și amenajări,9.2 Țeavă galvanizată
Țeavă galvanizată Ø 250 mm,Țeavă galvanizată Ø 250 mm,Material,General,m,0.0,0.0,0.0,0.0,0,RON,0.0,1.0,1,1,Building and settlement works,Analiza Prețului Unitar al Lucrărilor (AHSP) - Permen PUPR 2022,Lucrări de construcții și amenajări,9.2 Țeavă galvanizată
țeavă galvanizată Ø 200 mm,țeavă galvanizată Ø 200 mm,Material,General,m,0.0,0.0,0.0,0.0,0,RON,0.0,1.0,1,1,Building and settlement works,Analiza Prețului Unitar al Lucrărilor (AHSP) - Permen PUPR 2022,Lucrări de construcții și amenajări,9.2 Țeavă galvanizată
Țeavă Galvanizată Ø 150 mm,Țeavă Galvanizată Ø 150 mm,Material,General,m,0.0,0.0,0.0,0.0,0,RON,0.0,1.0,1,1,Building and settlement works,Analiza Prețului Unitar al Lucrărilor (AHSP) - Permen PUPR 2022,Lucrări de construcții și amenajări,9.2 Țeavă galvanizată
Țeavă Galvanizată Ø 125,Țeavă Galvanizată Ø 125,Material,General,m,0.0,0.0,0.0,0.0,0,RON,0.0,1.0,1,1,Building and settlement works,Analiza Prețului Unitar al Lucrărilor (AHSP) - Permen PUPR 2022,Lucrări de construcții și amenajări,9.2 Țeavă galvanizată
Țeavă Galvanizată Ø mm,Țeavă Galvanizată Ø mm,Material,General,m,0.0,0.0,0.0,0.0,0,RON,0.0,1.0,1,1,Building and settlement works,Analiza Prețului Unitar al Lucrărilor (AHSP) - Permen PUPR 2022,Lucrări de construcții și amenajări,9.2 Țeavă galvanizată
țeavă galvanizată Ø 63,țeavă galvanizată Ø 63,Material,General,m,0.0,0.0,0.0,0.0,0,RON,0.0,1.0,1,1,Building and settlement works,Analiza Prețului Unitar al Lucrărilor (AHSP) - Permen PUPR 2022,Lucrări de construcții și amenajări,9.2 Țeavă galvanizată
T1/manual (ferăstrău) see,T1/manual (ferăstrău) see,Equipment,General,Hari,0.0,0.0,0.0,0.0,0,RON,0.0,0.03,1,1,Building and settlement works,Analiza Prețului Unitar al Lucrărilor (AHSP) - Permen PUPR 2022,Lucrări de construcții și amenajări,9.1 ȚEAVĂ PVC
țeavă T1/manual (ferăstrău) / ferăstrău,țeavă T1/manual (ferăstrău) / ferăstrău,Equipment,General,Hari,0.0,0.0,0.0,0.0,0,RON,0.0,0.003,1,1,Building and settlement works,Analiza Prețului Unitar al Lucrărilor (AHSP) - Permen PUPR 2022,Lucrări de construcții și amenajări,9.1 ȚEAVĂ PVC
Țeavă DCI Ø 450 mm,Țeavă DCI Ø 450 mm,Material,General,m,0.0,0.0,0.0,0.0,0,RON,0.0,1.0,1,1,Building and settlement works,Analiza Prețului Unitar al Lucrărilor (AHSP) - Permen PUPR 2022,Lucrări de construcții și amenajări,9.4 ȚEAVĂ DCI (FONTĂ DIN FONTĂ DUCTILĂ)
Țeavă DCI Ø 400 mm,Țeavă DCI Ø 400 mm,Material,General,m,0.0,0.0,0.0,0.0,0,RON,0.0,1.0,1,1,Building and settlement works,Analiza Prețului Unitar al Lucrărilor (AHSP) - Permen PUPR 2022,Lucrări de construcții și amenajări,9.4 ȚEAVĂ DCI (FONTĂ DIN FONTĂ DUCTILĂ)
Țeavă DCI Ø 300 mm,Țeavă DCI Ø 300 mm,Material,General,m,0.0,0.0,0.0,0.0,0,RON,0.0,1.0,1,1,Building and settlement works,Analiza Prețului Unitar al Lucrărilor (AHSP) - Permen PUPR 2022,Lucrări de construcții și amenajări,9.4 ȚEAVĂ DCI (FONTĂ DIN FONTĂ DUCTILĂ)
Țeavă DCI Ø 250 mm,Țeavă DCI Ø 250 mm,Material,General,m,0.0,0.0,0.0,0.0,0,RON,0.0,1.0,1,1,Building and settlement works,Analiza Prețului Unitar al Lucrărilor (AHSP) - Permen PUPR 2022,Lucrări de construcții și amenajări,9.4 ȚEAVĂ DCI (FONTĂ DIN FONTĂ DUCTILĂ)
Țeavă DCI Ø 200 mm,Țeavă DCI Ø 200 mm,Material,General,m,0.0,0.0,0.0,0.0,0,RON,0.0,1.0,1,1,Building and settlement works,Analiza Prețului Unitar al Lucrărilor (AHSP) - Permen PUPR 2022,Lucrări de construcții și amenajări,9.4 ȚEAVĂ DCI (FONTĂ DIN FONTĂ DUCTILĂ)
Conductă DCI Ø 150 mm,Conductă DCI Ø 150 mm,Material,General,m,0.0,0.0,0.0,0.0,0,RON,0.0,1.0,1,1,Building and settlement works,Analiza Prețului Unitar al Lucrărilor (AHSP) - Permen PUPR 2022,Lucrări de construcții și amenajări,9.4 ȚEAVĂ DCI (FONTĂ DIN FONTĂ DUCTILĂ)
țeavă DCI Ø 125 mm,țeavă DCI Ø 125 mm,Material,General,m,0.0,0.0,0.0,0.0,0,RON,0.0,1.0,1,1,Building and settlement works,Analiza Prețului Unitar al Lucrărilor (AHSP) - Permen PUPR 2022,Lucrări de construcții și amenajări,9.4 ȚEAVĂ DCI (FONTĂ DIN FONTĂ DUCTILĂ)
Țeavă DCI Ø 100 mm,Țeavă DCI Ø 100 mm,Material,General,m,0.0,0.0,0.0,0.0,0,RON,0.0,1.0,1,1,Building and settlement works,Analiza Prețului Unitar al Lucrărilor (AHSP) - Permen PUPR 2022,Lucrări de construcții și amenajări,9.4 ȚEAVĂ DCI (FONTĂ DIN FONTĂ DUCTILĂ)
Conductă HDPE Ø1200 mm,Conductă HDPE Ø1200 mm,Material,General,m,0.0,0.0,0.0,0.0,0,RON,0.0,1.0,1,1,Building and settlement works,Analiza Prețului Unitar al Lucrărilor (AHSP) - Permen PUPR 2022,Lucrări de construcții și amenajări,9.3 ȚEAVĂ HDPE/PE
Țeavă HDPE Ø1100 mm,Țeavă HDPE Ø1100 mm,Material,General,m,0.0,0.0,0.0,0.0,0,RON,0.0,1.0,1,1,Building and settlement works,Analiza Prețului Unitar al Lucrărilor (AHSP) - Permen PUPR 2022,Lucrări de construcții și amenajări,9.3 ȚEAVĂ HDPE/PE
Conductă HDPE Ø1000 mm,Conductă HDPE Ø1000 mm,Material,General,m,0.0,0.0,0.0,0.0,0,RON,0.0,1.0,1,1,Building and settlement works,Analiza Prețului Unitar al Lucrărilor (AHSP) - Permen PUPR 2022,Lucrări de construcții și amenajări,9.3 ȚEAVĂ HDPE/PE
Țeavă HDPE Ø900 mm,Țeavă HDPE Ø900 mm,Material,General,m,0.0,0.0,0.0,0.0,0,RON,0.0,1.0,1,1,Building and settlement works,Analiza Prețului Unitar al Lucrărilor (AHSP) - Permen PUPR 2022,Lucrări de construcții și amenajări,9.3 ȚEAVĂ HDPE/PE
Țeavă HDPE Ø800 mm,Țeavă HDPE Ø800 mm,Material,General,m,0.0,0.0,0.0,0.0,0,RON,0.0,1.0,1,1,Building and settlement works,Analiza Prețului Unitar al Lucrărilor (AHSP) - Permen PUPR 2022,Lucrări de construcții și amenajări,9.3 ȚEAVĂ HDPE/PE
Conductă HDPE Ø600 mm,Conductă HDPE Ø600 mm,Material,General,m,0.0,0.0,0.0,0.0,0,RON,0.0,1.0,1,1,Building and settlement works,Analiza Prețului Unitar al Lucrărilor (AHSP) - Permen PUPR 2022,Lucrări de construcții și amenajări,9.3 ȚEAVĂ HDPE/PE
Țeavă Galvanizată Ø 1200 mm,Țeavă Galvanizată Ø 1200 mm,Material,General,m,0.0,0.0,0.0,0.0,0,RON,0.0,1.0,1,1,Building and settlement works,Analiza Prețului Unitar al Lucrărilor (AHSP) - Permen PUPR 2022,Lucrări de construcții și amenajări,9.2 Țeavă galvanizată
Țeavă galvanizată Ø 1100 mm,Țeavă galvanizată Ø 1100 mm,Material,General,m,0.0,0.0,0.0,0.0,0,RON,0.0,1.0,1,1,Building and settlement works,Analiza Prețului Unitar al Lucrărilor (AHSP) - Permen PUPR 2022,Lucrări de construcții și amenajări,9.2 Țeavă galvanizată
M.71,Cui 3 cm - 6 cm,Material,General,kg,0.0,0.0,0.0,0.0,0,RON,0.0,0.15,1,1,Water resources works,Analiza Prețului Unitar al Lucrărilor (AHSP) - Hotărârea PUPR 2016,Lucrări de gestionare a resurselor de apă,5 (K175)
Formă Panel P1 RISHA (Asumsi 400 ori utilizare) 4 Instalare și,Formă Panel P1 RISHA (Asumsi 400 ori utilizare) 4 Instalare și,Material,General,buah,0.0,0.0,0.0,0.0,0,RON,0.0,0.0025,1,1,Building and settlement works,Analiza Prețului Unitar al Lucrărilor (AHSP) - Permen PUPR 2022,Lucrări de construcții și amenajări,10.1 Lucrări de producție panou RISHA
E.06,Chainsaw,Equipment,General,hari,0.0,0.0,0.0,0.0,0,RON,0.0,0.1,1,1,Water resources works,Analiza Prețului Unitar al Lucrărilor (AHSP) - Hotărârea PUPR 2016,Lucrări de gestionare a resurselor de apă,A.1.1 Lucrări de teren manuale și semi-mecanizate (Normativ)
E.43a,Theodolith,Equipment,General,hari,0.0,0.0,0.0,0.0,0,RON,0.0,0.004,1,1,Water resources works,Analiza Prețului Unitar al Lucrărilor (AHSP) - Hotărârea PUPR 2016,Lucrări de gestionare a resurselor de apă,A.1.1 Lucrări de teren manuale și semi-mecanizate (Normativ)
Panel P3,Panel P3,Material,General,buah,0.0,0.0,0.0,0.0,0,RON,0.0,30.0,1,1,Building and settlement works,Analiza Prețului Unitar al Lucrărilor (AHSP) - Permen PUPR 2022,Lucrări de construcții și amenajări,10.2 Împachetarea și livrarea completă a panourilor
Baut ø 12 - 20 cm,Baut ø 12 - 20 cm,Material,General,buah,0.0,0.0,0.0,0.0,0,RON,0.0,12.5,1,1,Water resources works,Analiza Prețului Unitar al Lucrărilor (AHSP) - Hotărârea PUPR 2016,Lucrări de gestionare a resurselor de apă,5 (K175)
Cuie 7 cm - 12 cm,Cuie 7 cm - 12 cm,Material,General,kg,0.0,0.0,0.0,0.0,0,RON,0.0,0.15,1,1,Water resources works,Analiza Prețului Unitar al Lucrărilor (AHSP) - Hotărârea PUPR 2016,Lucrări de gestionare a resurselor de apă,5 (K175)
Panel P2,Panel P2,Material,General,buah,0.0,0.0,0.0,0.0,0,RON,0.0,30.0,1,1,Building and settlement works,Analiza Prețului Unitar al Lucrărilor (AHSP) - Permen PUPR 2022,Lucrări de construcții și amenajări,10.2 Împachetarea și livrarea completă a panourilor
Panel P1,Panel P1,Material,General,buah,0.0,0.0,0.0,0.0,0,RON,0.0,78.0,1,1,Building and settlement works,Analiza Prețului Unitar al Lucrărilor (AHSP) - Permen PUPR 2022,Lucrări de construcții și amenajări,10.2 Împachetarea și livrarea completă a panourilor
Paku 5 cm,Paku 5 cm,Material,General,kg,0.0,0.0,0.0,0.0,0,RON,0.0,0.5,1,1,Building and settlement works,Analiza Prețului Unitar al Lucrărilor (AHSP) - Permen PUPR 2022,Lucrări de construcții și amenajări,10.2 Împachetarea și livrarea completă a panourilor
Tablă 2 /20 lemn clasa 3,Tablă 2 /20 lemn clasa 3,Material,General,m3,0.0,0.0,0.0,0.0,0,RON,0.0,0.0204,1,1,Building and settlement works,Analiza Prețului Unitar al Lucrărilor (AHSP) - Permen PUPR 2022,Lucrări de construcții și amenajări,10.2 Împachetarea și livrarea completă a panourilor
cm x 120 cm x 10 3 Grinzi 5 x 7 Lemn Clasa 3,cm x 120 cm x 10 3 Grinzi 5 x 7 Lemn Clasa 3,Material,General,m3,0.0,0.0,0.0,0.0,0,RON,0.0,0.0063,1,1,Building and settlement works,Analiza Prețului Unitar al Lucrărilor (AHSP) - Permen PUPR 2022,Lucrări de construcții și amenajări,10.2 Împachetarea și livrarea completă a panourilor
Paletă Lemn Uk. 120,Paletă Lemn Uk. 120,Material,General,buah,0.0,0.0,0.0,0.0,0,RON,0.0,3.0,1,1,Building and settlement works,Analiza Prețului Unitar al Lucrărilor (AHSP) - Permen PUPR 2022,Lucrări de construcții și amenajări,10.2 Împachetarea și livrarea completă a panourilor
Țeavă oțel Ø 400 mm,Țeavă oțel Ø 400 mm,Material,General,m,0.0,0.0,0.0,0.0,0,RON,0.0,1.0,1,1,Building and settlement works,Analiza Prețului Unitar al Lucrărilor (AHSP) - Permen PUPR 2022,Lucrări de construcții și amenajări,9.5 ȚEAVĂ DE OȚEL CARBON
Țeavă oțel Ø 300 mm,Țeavă oțel Ø 300 mm,Material,General,m,0.0,0.0,0.0,0.0,0,RON,0.0,1.0,1,1,Building and settlement works,Analiza Prețului Unitar al Lucrărilor (AHSP) - Permen PUPR 2022,Lucrări de construcții și amenajări,9.5 ȚEAVĂ DE OȚEL CARBON
Țeavă oțel Ø 250 mm,Țeavă oțel Ø 250 mm,Material,General,m,0.0,0.0,0.0,0.0,0,RON,0.0,1.0,1,1,Building and settlement works,Analiza Prețului Unitar al Lucrărilor (AHSP) - Permen PUPR 2022,Lucrări de construcții și amenajări,9.5 ȚEAVĂ DE OȚEL CARBON
M.40,Seseg Bambu,Material,General,m',0.0,0.0,0.0,0.0,0,RON,0.0,1.127,1,1,Water resources works,Analiza Prețului Unitar al Lucrărilor (AHSP) - Hotărârea PUPR 2016,Lucrări de gestionare a resurselor de apă,5 (K175)
"Pompă aspirare nisip diesel KW; 4""","Pompă aspirare nisip diesel KW; 4""",Equipment,General,Sewa-hari,0.0,0.0,0.0,0.0,0,RON,0.0,0.11,1,1,Water resources works,Analiza Prețului Unitar al Lucrărilor (AHSP) - Hotărârea PUPR 2016,Lucrări de gestionare a resurselor de apă,5 (K175)
Echipament tăiere T2/mecanic/ ferăstău cilindru,Echipament tăiere T2/mecanic/ ferăstău cilindru,Equipment,General,hari,0.0,0.0,0.0,0.0,0,RON,0.0,0.201,1,1,Building and settlement works,Analiza Prețului Unitar al Lucrărilor (AHSP) - Permen PUPR 2022,Lucrări de construcții și amenajări,9.5 ȚEAVĂ DE OȚEL CARBON
Țeavă oțel Ø 900 mm,Țeavă oțel Ø 900 mm,Material,General,m,0.0,0.0,0.0,0.0,0,RON,0.0,1.0,1,1,Building and settlement works,Analiza Prețului Unitar al Lucrărilor (AHSP) - Permen PUPR 2022,Lucrări de construcții și amenajări,9.5 ȚEAVĂ DE OȚEL CARBON
Țeavă oțel Ø 800 mm,Țeavă oțel Ø 800 mm,Material,General,m,0.0,0.0,0.0,0.0,0,RON,0.0,1.0,1,1,Building and settlement works,Analiza Prețului Unitar al Lucrărilor (AHSP) - Permen PUPR 2022,Lucrări de construcții și amenajări,9.5 ȚEAVĂ DE OȚEL CARBON
Țeavă oțel Ø 600 mm,Țeavă oțel Ø 600 mm,Material,General,m,0.0,0.0,0.0,0.0,0,RON,0.0,1.0,1,1,Building and settlement works,Analiza Prețului Unitar al Lucrărilor (AHSP) - Permen PUPR 2022,Lucrări de construcții și amenajări,9.5 ȚEAVĂ DE OȚEL CARBON
"Chirie excavator 225 capacitate 0,5 m3","Chirie excavator 225 capacitate 0,5 m3",Equipment,Excavators,hari,0.0,0.0,0.0,0.0,0,RON,0.0,0.029,1,1,Building and settlement works,Analiza Prețului Unitar al Lucrărilor (AHSP) - Permen PUPR 2022,Lucrări de construcții și amenajări,9.5 ȚEAVĂ DE OȚEL CARBON
Conductă oțel Ø 500 mm,Conductă oțel Ø 500 mm,Material,General,m,0.0,0.0,0.0,0.0,0,RON,0.0,1.0,1,1,Building and settlement works,Analiza Prețului Unitar al Lucrărilor (AHSP) - Permen PUPR 2022,Lucrări de construcții și amenajări,9.5 ȚEAVĂ DE OȚEL CARBON
Conductă oțel Ø 450 mm,Conductă oțel Ø 450 mm,Material,General,m,0.0,0.0,0.0,0.0,0,RON,0.0,1.0,1,1,Building and settlement works,Analiza Prețului Unitar al Lucrărilor (AHSP) - Permen PUPR 2022,Lucrări de construcții și amenajări,9.5 ȚEAVĂ DE OȚEL CARBON
Echipament tăiere T2/mecanic / ferăstrău,Echipament tăiere T2/mecanic / ferăstrău,Equipment,General,hari,0.0,0.0,0.0,0.0,0,RON,0.0,2.19,1,1,Building and settlement works,Analiza Prețului Unitar al Lucrărilor (AHSP) - Permen PUPR 2022,Lucrări de construcții și amenajări,9.7 ACCESORII PIPĂ
Țeavă de pământ dia 30 -100,Țeavă de pământ dia 30 -100,Material,General,buah,0.0,0.0,0.0,0.0,0,RON,0.0,1.1,1,1,Building and settlement works,Analiza Prețului Unitar al Lucrărilor (AHSP) - Permen PUPR 2022,Lucrări de construcții și amenajări,9.6 ȚEAVĂ DE BETON
Țeavă de pământ dia 15-20m,Țeavă de pământ dia 15-20m,Material,General,buah,0.0,0.0,0.0,0.0,0,RON,0.0,1.1,1,1,Building and settlement works,Analiza Prețului Unitar al Lucrărilor (AHSP) - Permen PUPR 2022,Lucrări de construcții și amenajări,9.6 ȚEAVĂ DE BETON
* grindă lemn 8/12,* grindă lemn 8/12,Material,General,m',0.0,0.0,0.0,0.0,0,RON,0.0,0.0174,1,1,Water resources works,Analiza Prețului Unitar al Lucrărilor (AHSP) - Hotărârea PUPR 2016,Lucrări de gestionare a resurselor de apă,5 (K175)
M.57.d,Baut ø 12 - 20 cm,Material,General,buah,0.0,0.0,0.0,0.0,0,RON,0.0,8.34,1,1,Water resources works,Analiza Prețului Unitar al Lucrărilor (AHSP) - Hotărârea PUPR 2016,Lucrări de gestionare a resurselor de apă,5 (K175)
M.33.b,* grindă lemn 8/12,Material,General,m',0.0,0.0,0.0,0.0,0,RON,0.0,0.0116,1,1,Water resources works,Analiza Prețului Unitar al Lucrărilor (AHSP) - Hotărârea PUPR 2016,Lucrări de gestionare a resurselor de apă,5 (K175)
M.35.c,Lemn tablă clasa 2 (Borneo),Material,General,m',0.0,0.0,0.0,0.0,0,RON,0.0,0.0096,1,1,Water resources works,Analiza Prețului Unitar al Lucrărilor (AHSP) - Hotărârea PUPR 2016,Lucrări de gestionare a resurselor de apă,5 (K175)
