resource_code,name,type,category,unit,price_avg,price_min,price_max,price_median,price_variants,currency,avg_cost_per_use,avg_qty_per_use,usage_count,used_in_work_items,parent_category,parent_collection,parent_department,parent_section
Nhân công,Nhân công,Labor,Labor,công,0.0,0.0,0.0,0.0,0,VND,0.0,7.1363,3428,3271,Works Clearing Forest Forming Ground surface by Manual - Clearing forest lo,"Dinh muc du toan xay dung cong trinh (TT 12/2021/TT-BXD), Phu luc II",Site clearing and preparation,Works Clearing Forest Forming Ground surface by Manual - Clearing forest lo
Vật liệu khác,Vật liệu khác,Material,General,%,0.0,0.0,0.0,0.0,0,VND,0.0,3.31,1876,1876,Works Clearing Forest Forming Ground surface by Manual - Clearing forest lo,"Dinh muc du toan xay dung cong trinh (TT 12/2021/TT-BXD), Phu luc II",Site clearing and preparation,Works Clearing Forest Forming Ground surface by Manual - Clearing forest lo
Máy khác,Máy khác,Equipment,General,%,0.0,0.0,0.0,0.0,0,VND,0.0,1.6035,1387,1385,Excavation BÙN by Manual - Excavation bùn in mọi điều component - Bùn đặ,"Dinh muc du toan xay dung cong trinh (TT 12/2021/TT-BXD), Phu luc II",Earthwork - excavation and filling,Excavation BÙN by Manual - Excavation bùn in mọi điều component - Bùn đặ
Gạch,Gạch,Material,General,viên,0.0,0.0,0.0,0.0,0,VND,0.0,224.6312,685,685,Masonry Foundation - Masonry foundation - Dimension   ,"Dinh muc du toan xay dung cong trinh (TT 12/2021/TT-BXD), Phu luc II",Masonry (brick and stone),Masonry Foundation - Masonry foundation - Dimension   
Vận thăng lồng 3 t,Vận thăng lồng 3 t,Equipment,General,ca,0.0,0.0,0.0,0.0,0,VND,0.0,0.0483,642,642,Masonry Foundation - Masonry foundation - Dimension   ,"Dinh muc du toan xay dung cong trinh (TT 12/2021/TT-BXD), Phu luc II",Masonry (brick and stone),Masonry Foundation - Masonry foundation - Dimension   
Vữa,Vữa,Material,General,m3,0.0,0.0,0.0,0.0,0,VND,0.0,0.2021,552,551,Masonry Foundation - Masonry foundation - Dimension   ,"Dinh muc du toan xay dung cong trinh (TT 12/2021/TT-BXD), Phu luc II",Masonry (brick and stone),Masonry Foundation - Masonry foundation - Dimension   
Máy trộn vữa 150l,Máy trộn vữa 150l,Equipment,General,ca,0.0,0.0,0.0,0.0,0,VND,0.0,0.0265,536,535,Masonry Foundation - Masonry foundation - Dimension   ,"Dinh muc du toan xay dung cong trinh (TT 12/2021/TT-BXD), Phu luc II",Masonry (brick and stone),Masonry Foundation - Masonry foundation - Dimension   
Cần trục tháp 25 t,Cần trục tháp 25 t,Equipment,General,ca,0.0,0.0,0.0,0.0,0,VND,0.0,0.0395,437,437,Masonry Foundation - Masonry foundation - Dimension   ,"Dinh muc du toan xay dung cong trinh (TT 12/2021/TT-BXD), Phu luc II",Masonry (brick and stone),Masonry Foundation - Masonry foundation - Dimension   
Que hàn,Que hàn,Material,General,kg,0.0,0.0,0.0,0.0,0,VND,0.0,6.7562,375,371,Works Clearing Forest Forming Ground surface by Manual - Clearing forest lo,"Dinh muc du toan xay dung cong trinh (TT 12/2021/TT-BXD), Phu luc II",Site clearing and preparation,Works Clearing Forest Forming Ground surface by Manual - Clearing forest lo
Máy hàn 23 kW,Máy hàn 23 kW,Equipment,General,ca,0.0,0.0,0.0,0.0,0,VND,0.0,1.5672,365,361,Works Clearing Forest Forming Ground surface by Manual - Clearing forest lo,"Dinh muc du toan xay dung cong trinh (TT 12/2021/TT-BXD), Phu luc II",Site clearing and preparation,Works Clearing Forest Forming Ground surface by Manual - Clearing forest lo
Nước,Nước,Material,General,m3,0.0,0.0,0.0,0.0,0,VND,0.0,176.0578,312,129,"Pile driving TRE by Manual - Pile driving tre by manual, chi","Dinh muc du toan xay dung cong trinh (TT 12/2021/TT-BXD), Phu luc II",Piling and cast-in-place bored piles,"Pile driving TRE by Manual - Pile driving tre by manual, chi"
Đá dăm,Đá dăm,Material,General,m3,0.0,0.0,0.0,0.0,0,VND,0.0,1.9415,311,125,Construction Foundation Graded aggregate Crushed stone - Construction foundation graded aggregate stone dă,"Dinh muc du toan xay dung cong trinh (TT 12/2021/TT-BXD), Phu luc II",Road base and sub-base,Construction Foundation Graded aggregate Crushed stone - Construction foundation
Dây thép,Dây thép,Material,General,kg,0.0,0.0,0.0,0.0,0,VND,0.0,10.5823,288,288,Construction Foundation Graded aggregate Crushed stone - Construction foundation graded aggregate stone dă,"Dinh muc du toan xay dung cong trinh (TT 12/2021/TT-BXD), Phu luc II",Road base and sub-base,Construction Foundation Graded aggregate Crushed stone - Construction foundation
Cát vàng,Cát vàng,Material,General,m3,0.0,0.0,0.0,0.0,0,VND,0.0,2.8172,287,113,Construction Foundation Graded aggregate Crushed stone - Construction foundation graded aggregate stone dă,"Dinh muc du toan xay dung cong trinh (TT 12/2021/TT-BXD), Phu luc II",Road base and sub-base,Construction Foundation Graded aggregate Crushed stone - Construction foundation
Thép tròn,Thép tròn,Material,General,kg,0.0,0.0,0.0,0.0,0,VND,0.0,896.4384,287,287,Concrete LÓT Foundation - Concrete lót -    ,"Dinh muc du toan xay dung cong trinh (TT 12/2021/TT-BXD), Phu luc II",In situ concrete,Concrete LÓT Foundation - Concrete lót -    
Máy cắt uốn 5 kW,Máy cắt uốn 5 kW,Equipment,General,ca,0.0,0.0,0.0,0.0,0,VND,0.0,0.3444,279,279,Concrete LÓT Foundation - Concrete lót -    ,"Dinh muc du toan xay dung cong trinh (TT 12/2021/TT-BXD), Phu luc II",In situ concrete,Concrete LÓT Foundation - Concrete lót -    
Xi măng,Xi măng,Material,General,kg,0.0,0.0,0.0,0.0,0,VND,0.0,273.6026,271,167,"Pile driving TRE by Manual - Pile driving tre by manual, chi","Dinh muc du toan xay dung cong trinh (TT 12/2021/TT-BXD), Phu luc II",Piling and cast-in-place bored piles,"Pile driving TRE by Manual - Pile driving tre by manual, chi"
Vữa bê tông,Vữa bê tông,Material,General,m3,0.0,0.0,0.0,0.0,0,VND,0.0,1.0056,228,228,Construction Foundation Graded aggregate Crushed stone - Construction foundation graded aggregate stone dă,"Dinh muc du toan xay dung cong trinh (TT 12/2021/TT-BXD), Phu luc II",Road base and sub-base,Construction Foundation Graded aggregate Crushed stone - Construction foundation
Cần trục tháp 40 t,Cần trục tháp 40 t,Equipment,General,ca,0.0,0.0,0.0,0.0,0,VND,0.0,0.0657,214,214,Masonry Foundation - Masonry foundation - Dimension   ,"Dinh muc du toan xay dung cong trinh (TT 12/2021/TT-BXD), Phu luc II",Masonry (brick and stone),Masonry Foundation - Masonry foundation - Dimension   
Máy ủi 110 cv,Máy ủi 110 cv,Equipment,General,ca,0.0,0.0,0.0,0.0,0,VND,0.0,0.0974,204,168,Works Clearing Forest Forming Ground surface by Manual - Clearing forest lo,"Dinh muc du toan xay dung cong trinh (TT 12/2021/TT-BXD), Phu luc II",Site clearing and preparation,Works Clearing Forest Forming Ground surface by Manual - Clearing forest lo
Vữa xây bê tông nhẹ,Vữa xây bê tông nhẹ,Material,General,m3,0.0,0.0,0.0,0.0,0,VND,0.0,0.0453,200,200,Masonry Foundation - Masonry foundation - Dimension   ,"Dinh muc du toan xay dung cong trinh (TT 12/2021/TT-BXD), Phu luc II",Masonry (brick and stone),Masonry Foundation - Masonry foundation - Dimension   
Cần cẩu 25 t,Cần cẩu 25 t,Equipment,General,ca,0.0,0.0,0.0,0.0,0,VND,0.0,0.6022,171,161,Works Clearing Forest Forming Ground surface by Manual - Clearing forest lo,"Dinh muc du toan xay dung cong trinh (TT 12/2021/TT-BXD), Phu luc II",Site clearing and preparation,Works Clearing Forest Forming Ground surface by Manual - Clearing forest lo
"Máy đầm dùi 1,5 kW","Máy đầm dùi 1,5 kW",Equipment,General,ca,0.0,0.0,0.0,0.0,0,VND,0.0,0.1566,165,165,Concrete LÓT Foundation - Concrete lót -    ,"Dinh muc du toan xay dung cong trinh (TT 12/2021/TT-BXD), Phu luc II",In situ concrete,Concrete LÓT Foundation - Concrete lót -    
hao phí,hao phí,Material,General,vị,0.0,0.0,0.0,0.0,0,VND,0.0,131.219,133,128,Excavation BÙN by Manual - Excavation bùn in mọi điều component - Bùn đặ,"Dinh muc du toan xay dung cong trinh (TT 12/2021/TT-BXD), Phu luc II",Earthwork - excavation and filling,Excavation BÙN by Manual - Excavation bùn in mọi điều component - Bùn đặ
Tàu kéo 150 cv,Tàu kéo 150 cv,Equipment,General,ca,0.0,0.0,0.0,0.0,0,VND,0.0,0.1647,130,108,Works Clearing Forest Forming Ground surface by Manual - Clearing forest lo,"Dinh muc du toan xay dung cong trinh (TT 12/2021/TT-BXD), Phu luc II",Site clearing and preparation,Works Clearing Forest Forming Ground surface by Manual - Clearing forest lo
Sà lan 200 t,Sà lan 200 t,Equipment,General,ca,0.0,0.0,0.0,0.0,0,VND,0.0,0.4293,129,95,Works Clearing Forest Forming Ground surface by Manual - Clearing forest lo,"Dinh muc du toan xay dung cong trinh (TT 12/2021/TT-BXD), Phu luc II",Site clearing and preparation,Works Clearing Forest Forming Ground surface by Manual - Clearing forest lo
Thép hình,Thép hình,Material,General,kg,0.0,0.0,0.0,0.0,0,VND,0.0,168.8337,124,124,"Pile driving TRE by Manual - Pile driving tre by manual, chi","Dinh muc du toan xay dung cong trinh (TT 12/2021/TT-BXD), Phu luc II",Piling and cast-in-place bored piles,"Pile driving TRE by Manual - Pile driving tre by manual, chi"
Cần cẩu 16 t,Cần cẩu 16 t,Equipment,General,ca,0.0,0.0,0.0,0.0,0,VND,0.0,0.0756,107,104,Works Clearing Forest Forming Ground surface by Manual - Clearing forest lo,"Dinh muc du toan xay dung cong trinh (TT 12/2021/TT-BXD), Phu luc II",Site clearing and preparation,Works Clearing Forest Forming Ground surface by Manual - Clearing forest lo
Cọc bê tông,Cọc bê tông,Material,General,m,0.0,0.0,0.0,0.0,0,VND,0.0,101.0,106,106,"Pile driving TRE by Manual - Pile driving tre by manual, chi","Dinh muc du toan xay dung cong trinh (TT 12/2021/TT-BXD), Phu luc II",Piling and cast-in-place bored piles,"Pile driving TRE by Manual - Pile driving tre by manual, chi"
Sà lan 400 t,Sà lan 400 t,Equipment,General,ca,0.0,0.0,0.0,0.0,0,VND,0.0,0.452,103,81,Excavation BÙN by Manual - Excavation bùn in mọi điều component - Bùn đặ,"Dinh muc du toan xay dung cong trinh (TT 12/2021/TT-BXD), Phu luc II",Earthwork - excavation and filling,Excavation BÙN by Manual - Excavation bùn in mọi điều component - Bùn đặ
Cần cẩu 10 t,Cần cẩu 10 t,Equipment,General,ca,0.0,0.0,0.0,0.0,0,VND,0.0,0.8519,92,80,"Pile driving TRE by Manual - Pile driving tre by manual, chi","Dinh muc du toan xay dung cong trinh (TT 12/2021/TT-BXD), Phu luc II",Piling and cast-in-place bored piles,"Pile driving TRE by Manual - Pile driving tre by manual, chi"
Dây nổ,Dây nổ,Material,General,m,0.0,0.0,0.0,0.0,0,VND,0.0,306.405,91,91,Excavation BÙN by Manual - Excavation bùn in mọi điều component - Bùn đặ,"Dinh muc du toan xay dung cong trinh (TT 12/2021/TT-BXD), Phu luc II",Earthwork - excavation and filling,Excavation BÙN by Manual - Excavation bùn in mọi điều component - Bùn đặ
Thép tấm,Thép tấm,Material,General,kg,0.0,0.0,0.0,0.0,0,VND,0.0,380.8888,87,87,"Pile driving TRE by Manual - Pile driving tre by manual, chi","Dinh muc du toan xay dung cong trinh (TT 12/2021/TT-BXD), Phu luc II",Piling and cast-in-place bored piles,"Pile driving TRE by Manual - Pile driving tre by manual, chi"
Khí gas,Khí gas,Material,General,kg,0.0,0.0,0.0,0.0,0,VND,0.0,2.6627,78,78,Concrete LÓT Foundation - Concrete lót -    ,"Dinh muc du toan xay dung cong trinh (TT 12/2021/TT-BXD), Phu luc II",In situ concrete,Concrete LÓT Foundation - Concrete lót -    
Vật liệu khác %,Vật liệu khác %,Material,General,,0.0,0.0,0.0,0.0,0,VND,0.0,2.4247,77,77,Construction Foundation Graded aggregate Crushed stone - Construction foundation graded aggregate stone dă,"Dinh muc du toan xay dung cong trinh (TT 12/2021/TT-BXD), Phu luc II",Road base and sub-base,Construction Foundation Graded aggregate Crushed stone - Construction foundation
Cần cẩu 40 t,Cần cẩu 40 t,Equipment,General,ca,0.0,0.0,0.0,0.0,0,VND,0.0,0.0405,74,74,Concrete LÓT Foundation - Concrete lót -    ,"Dinh muc du toan xay dung cong trinh (TT 12/2021/TT-BXD), Phu luc II",In situ concrete,Concrete LÓT Foundation - Concrete lót -    
Mũi khoan 42mm,Mũi khoan 42mm,Material,General,cái,0.0,0.0,0.0,0.0,0,VND,0.0,7.8,68,68,Excavation BÙN by Manual - Excavation bùn in mọi điều component - Bùn đặ,"Dinh muc du toan xay dung cong trinh (TT 12/2021/TT-BXD), Phu luc II",Earthwork - excavation and filling,Excavation BÙN by Manual - Excavation bùn in mọi điều component - Bùn đặ
Cột chống thép ống,Cột chống thép ống,Material,General,kg,0.0,0.0,0.0,0.0,0,VND,0.0,31.2835,63,63,Concrete LÓT Foundation - Concrete lót -    ,"Dinh muc du toan xay dung cong trinh (TT 12/2021/TT-BXD), Phu luc II",In situ concrete,Concrete LÓT Foundation - Concrete lót -    
Ô xy,Ô xy,Material,General,chai,0.0,0.0,0.0,0.0,0,VND,0.0,1.3599,63,63,"Concrete Pile, Column, Pile CỪ - Concrete pile, - Pile, column","Dinh muc du toan xay dung cong trinh (TT 12/2021/TT-BXD), Phu luc II","Concrete piles, columns and precast members","Concrete Pile, Column, Pile CỪ - Concrete pile, - Pile, column"
Răng khoan đá,Răng khoan đá,Material,General,cái,0.0,0.0,0.0,0.0,0,VND,0.0,0.734,60,60,"Pile driving TRE by Manual - Pile driving tre by manual, chi","Dinh muc du toan xay dung cong trinh (TT 12/2021/TT-BXD), Phu luc II",Piling and cast-in-place bored piles,"Pile driving TRE by Manual - Pile driving tre by manual, chi"
Máy khoan cầm tay 42mm,Máy khoan cầm tay 42mm,Equipment,General,ca,0.0,0.0,0.0,0.0,0,VND,0.0,7.3614,60,52,Excavation BÙN by Manual - Excavation bùn in mọi điều component - Bùn đặ,"Dinh muc du toan xay dung cong trinh (TT 12/2021/TT-BXD), Phu luc II",Earthwork - excavation and filling,Excavation BÙN by Manual - Excavation bùn in mọi điều component - Bùn đặ
Vữa xi măng,Vữa xi măng,Material,General,m3,0.0,0.0,0.0,0.0,0,VND,0.0,0.1061,53,52,Concrete LÓT Foundation - Concrete lót -    ,"Dinh muc du toan xay dung cong trinh (TT 12/2021/TT-BXD), Phu luc II",In situ concrete,Concrete LÓT Foundation - Concrete lót -    
Máy nén khí 660m3/h,Máy nén khí 660m3/h,Equipment,General,ca,0.0,0.0,0.0,0.0,0,VND,0.0,3.8882,51,47,Excavation BÙN by Manual - Excavation bùn in mọi điều component - Bùn đặ,"Dinh muc du toan xay dung cong trinh (TT 12/2021/TT-BXD), Phu luc II",Earthwork - excavation and filling,Excavation BÙN by Manual - Excavation bùn in mọi điều component - Bùn đặ
Máy khoan >,Máy khoan >,Equipment,General,ca,0.0,0.0,0.0,0.0,0,VND,0.0,0.1916,48,36,"Pile driving TRE by Manual - Pile driving tre by manual, chi","Dinh muc du toan xay dung cong trinh (TT 12/2021/TT-BXD), Phu luc II",Piling and cast-in-place bored piles,"Pile driving TRE by Manual - Pile driving tre by manual, chi"
Thuốc nổ P113,Thuốc nổ P113,Material,General,kg,0.0,0.0,0.0,0.0,0,VND,0.0,213.1702,48,48,Excavation BÙN by Manual - Excavation bùn in mọi điều component - Bùn đặ,"Dinh muc du toan xay dung cong trinh (TT 12/2021/TT-BXD), Phu luc II",Earthwork - excavation and filling,Excavation BÙN by Manual - Excavation bùn in mọi điều component - Bùn đặ
Gỗ ván,Gỗ ván,Material,General,m3,0.0,0.0,0.0,0.0,0,VND,0.0,0.2691,48,45,"Pile driving TRE by Manual - Pile driving tre by manual, chi","Dinh muc du toan xay dung cong trinh (TT 12/2021/TT-BXD), Phu luc II",Piling and cast-in-place bored piles,"Pile driving TRE by Manual - Pile driving tre by manual, chi"
Kíp vi sai phi điện,Kíp vi sai phi điện,Material,General,cái,0.0,0.0,0.0,0.0,0,VND,0.0,229.4296,48,48,Excavation BÙN by Manual - Excavation bùn in mọi điều component - Bùn đặ,"Dinh muc du toan xay dung cong trinh (TT 12/2021/TT-BXD), Phu luc II",Earthwork - excavation and filling,Excavation BÙN by Manual - Excavation bùn in mọi điều component - Bùn đặ
Ôtô tự đổ 22 t,Ôtô tự đổ 22 t,Equipment,General,ca,0.0,0.0,0.0,0.0,0,VND,0.0,0.3148,47,47,Excavation BÙN by Manual - Excavation bùn in mọi điều component - Bùn đặ,"Dinh muc du toan xay dung cong trinh (TT 12/2021/TT-BXD), Phu luc II",Earthwork - excavation and filling,Excavation BÙN by Manual - Excavation bùn in mọi điều component - Bùn đặ
Kíp điện vi sai,Kíp điện vi sai,Material,General,cái,0.0,0.0,0.0,0.0,0,VND,0.0,4.2452,47,47,Excavation BÙN by Manual - Excavation bùn in mọi điều component - Bùn đặ,"Dinh muc du toan xay dung cong trinh (TT 12/2021/TT-BXD), Phu luc II",Earthwork - excavation and filling,Excavation BÙN by Manual - Excavation bùn in mọi điều component - Bùn đặ
Đá hộc,Đá hộc,Material,General,m3,0.0,0.0,0.0,0.0,0,VND,0.0,1.8164,44,44,Masonry Foundation - Masonry foundation - Dimension   ,"Dinh muc du toan xay dung cong trinh (TT 12/2021/TT-BXD), Phu luc II",Masonry (brick and stone),Masonry Foundation - Masonry foundation - Dimension   
Máy ủi 140 cv,Máy ủi 140 cv,Equipment,General,ca,0.0,0.0,0.0,0.0,0,VND,0.0,0.2493,43,43,Excavation BÙN by Manual - Excavation bùn in mọi điều component - Bùn đặ,"Dinh muc du toan xay dung cong trinh (TT 12/2021/TT-BXD), Phu luc II",Earthwork - excavation and filling,Excavation BÙN by Manual - Excavation bùn in mọi điều component - Bùn đặ
Thuốc nổ Amônít,Thuốc nổ Amônít,Material,General,kg,0.0,0.0,0.0,0.0,0,VND,0.0,57.1974,43,43,Excavation BÙN by Manual - Excavation bùn in mọi điều component - Bùn đặ,"Dinh muc du toan xay dung cong trinh (TT 12/2021/TT-BXD), Phu luc II",Earthwork - excavation and filling,Excavation BÙN by Manual - Excavation bùn in mọi điều component - Bùn đặ
"Máy đào 1,25m3","Máy đào 1,25m3",Equipment,General,ca,0.0,0.0,0.0,0.0,0,VND,0.0,0.2744,42,42,Excavation BÙN by Manual - Excavation bùn in mọi điều component - Bùn đặ,"Dinh muc du toan xay dung cong trinh (TT 12/2021/TT-BXD), Phu luc II",Earthwork - excavation and filling,Excavation BÙN by Manual - Excavation bùn in mọi điều component - Bùn đặ
Cát,Cát,Material,General,m3,0.0,0.0,0.0,0.0,0,VND,0.0,18.8457,42,42,Excavation BÙN by Manual - Excavation bùn in mọi điều component - Bùn đặ,"Dinh muc du toan xay dung cong trinh (TT 12/2021/TT-BXD), Phu luc II",Earthwork - excavation and filling,Excavation BÙN by Manual - Excavation bùn in mọi điều component - Bùn đặ
"Máy đào 2,3m3","Máy đào 2,3m3",Equipment,General,ca,0.0,0.0,0.0,0.0,0,VND,0.0,0.2167,40,40,Excavation BÙN by Manual - Excavation bùn in mọi điều component - Bùn đặ,"Dinh muc du toan xay dung cong trinh (TT 12/2021/TT-BXD), Phu luc II",Earthwork - excavation and filling,Excavation BÙN by Manual - Excavation bùn in mọi điều component - Bùn đặ
Xi măng trắng,Xi măng trắng,Material,General,kg,0.0,0.0,0.0,0.0,0,VND,0.0,2.2752,40,40,LỢP Roof NGÓI 13 unit / m 2 - Lợp roof ngói 22 v / m 2 - Height,"Dinh muc du toan xay dung cong trinh (TT 12/2021/TT-BXD), Phu luc II",Roofing and roof coverings,LỢP Roof NGÓI 13 unit / m 2 - Lợp roof ngói 22 v / m 2 - Height
Máy đóng cọc,Máy đóng cọc,Equipment,General,ca,0.0,0.0,0.0,0.0,0,VND,0.0,1.8948,40,20,"Pile driving TRE by Manual - Pile driving tre by manual, chi","Dinh muc du toan xay dung cong trinh (TT 12/2021/TT-BXD), Phu luc II",Piling and cast-in-place bored piles,"Pile driving TRE by Manual - Pile driving tre by manual, chi"
300KNm÷400KNm Cần cẩu 25 t,300KNm÷400KNm Cần cẩu 25 t,Equipment,General,ca,0.0,0.0,0.0,0.0,0,VND,0.0,0.2124,40,20,"Pile driving TRE by Manual - Pile driving tre by manual, chi","Dinh muc du toan xay dung cong trinh (TT 12/2021/TT-BXD), Phu luc II",Piling and cast-in-place bored piles,"Pile driving TRE by Manual - Pile driving tre by manual, chi"
300KNm÷400KNm Cần cẩu 50 t,300KNm÷400KNm Cần cẩu 50 t,Equipment,General,ca,0.0,0.0,0.0,0.0,0,VND,0.0,0.2374,40,20,"Pile driving TRE by Manual - Pile driving tre by manual, chi","Dinh muc du toan xay dung cong trinh (TT 12/2021/TT-BXD), Phu luc II",Piling and cast-in-place bored piles,"Pile driving TRE by Manual - Pile driving tre by manual, chi"
Dây điện,Dây điện,Material,General,m,0.0,0.0,0.0,0.0,0,VND,0.0,36.3068,40,40,Excavation BÙN by Manual - Excavation bùn in mọi điều component - Bùn đặ,"Dinh muc du toan xay dung cong trinh (TT 12/2021/TT-BXD), Phu luc II",Earthwork - excavation and filling,Excavation BÙN by Manual - Excavation bùn in mọi điều component - Bùn đặ
Đá,Đá,Material,General,m3,0.0,0.0,0.0,0.0,0,VND,0.0,86.0078,40,39,Construction Foundation Graded aggregate Crushed stone - Construction foundation graded aggregate stone dă,"Dinh muc du toan xay dung cong trinh (TT 12/2021/TT-BXD), Phu luc II",Road base and sub-base,Construction Foundation Graded aggregate Crushed stone - Construction foundation
"Máy đào 1,6m3","Máy đào 1,6m3",Equipment,General,ca,0.0,0.0,0.0,0.0,0,VND,0.0,0.2496,40,40,Excavation BÙN by Manual - Excavation bùn in mọi điều component - Bùn đặ,"Dinh muc du toan xay dung cong trinh (TT 12/2021/TT-BXD), Phu luc II",Earthwork - excavation and filling,Excavation BÙN by Manual - Excavation bùn in mọi điều component - Bùn đặ
Dây tín hiệu cuộn 300m,Dây tín hiệu cuộn 300m,Material,General,cuộn,0.0,0.0,0.0,0.0,0,VND,0.0,4.5001,40,40,Excavation BÙN by Manual - Excavation bùn in mọi điều component - Bùn đặ,"Dinh muc du toan xay dung cong trinh (TT 12/2021/TT-BXD), Phu luc II",Earthwork - excavation and filling,Excavation BÙN by Manual - Excavation bùn in mọi điều component - Bùn đặ
"Máy khoan 4,5 kW","Máy khoan 4,5 kW",Equipment,General,ca,0.0,0.0,0.0,0.0,0,VND,0.0,2.9368,39,39,Fabrication Truss Rafter Steel HÌNH KHẨU ĐỘ Large - Fabrication rafter steel kh,"Dinh muc du toan xay dung cong trinh (TT 12/2021/TT-BXD), Phu luc II",Steel truss and structural fabrication,Fabrication Truss Rafter Steel HÌNH KHẨU ĐỘ Large - Fabrication rafter steel kh
Máy trộn 250l,Máy trộn 250l,Equipment,General,ca,0.0,0.0,0.0,0.0,0,VND,0.0,0.0954,38,38,Concrete LÓT Foundation - Concrete lót -    ,"Dinh muc du toan xay dung cong trinh (TT 12/2021/TT-BXD), Phu luc II",In situ concrete,Concrete LÓT Foundation - Concrete lót -    
Máy khác %,Máy khác %,Equipment,General,ca,0.0,0.0,0.0,0.0,0,VND,0.0,2.0,38,38,Construction Foundation Graded aggregate Crushed stone - Construction foundation graded aggregate stone dă,"Dinh muc du toan xay dung cong trinh (TT 12/2021/TT-BXD), Phu luc II",Road base and sub-base,Construction Foundation Graded aggregate Crushed stone - Construction foundation
Khung xương (nhôm),Khung xương (nhôm),Material,General,kg,0.0,0.0,0.0,0.0,0,VND,0.0,13.3575,36,36,Concrete LÓT Foundation - Concrete lót -    ,"Dinh muc du toan xay dung cong trinh (TT 12/2021/TT-BXD), Phu luc II",In situ concrete,Concrete LÓT Foundation - Concrete lót -    
Ôtô tự đổ 7 t,Ôtô tự đổ 7 t,Equipment,General,ca,0.0,0.0,0.0,0.0,0,VND,0.0,0.4519,36,36,Works Clearing Forest Forming Ground surface by Manual - Clearing forest lo,"Dinh muc du toan xay dung cong trinh (TT 12/2021/TT-BXD), Phu luc II",Site clearing and preparation,Works Clearing Forest Forming Ground surface by Manual - Clearing forest lo
Vữa lót,Vữa lót,Material,General,m3,0.0,0.0,0.0,0.0,0,VND,0.0,0.0204,36,36,LỢP Roof NGÓI 13 unit / m 2 - Lợp roof ngói 22 v / m 2 - Height,"Dinh muc du toan xay dung cong trinh (TT 12/2021/TT-BXD), Phu luc II",Roofing and roof coverings,LỢP Roof NGÓI 13 unit / m 2 - Lợp roof ngói 22 v / m 2 - Height
Máy trộn 250 l,Máy trộn 250 l,Equipment,General,ca,0.0,0.0,0.0,0.0,0,VND,0.0,0.0515,35,35,"Concrete Pile, Column, Pile CỪ - Concrete pile, - Pile, column","Dinh muc du toan xay dung cong trinh (TT 12/2021/TT-BXD), Phu luc II","Concrete piles, columns and precast members","Concrete Pile, Column, Pile CỪ - Concrete pile, - Pile, column"
Ca nô 23 cv,Ca nô 23 cv,Equipment,General,ca,0.0,0.0,0.0,0.0,0,VND,0.0,0.1959,33,21,Excavation BÙN by Manual - Excavation bùn in mọi điều component - Bùn đặ,"Dinh muc du toan xay dung cong trinh (TT 12/2021/TT-BXD), Phu luc II",Earthwork - excavation and filling,Excavation BÙN by Manual - Excavation bùn in mọi điều component - Bùn đặ
Ôtô tự đổ 27 t,Ôtô tự đổ 27 t,Equipment,General,ca,0.0,0.0,0.0,0.0,0,VND,0.0,0.2674,33,33,Excavation BÙN by Manual - Excavation bùn in mọi điều component - Bùn đặ,"Dinh muc du toan xay dung cong trinh (TT 12/2021/TT-BXD), Phu luc II",Earthwork - excavation and filling,Excavation BÙN by Manual - Excavation bùn in mọi điều component - Bùn đặ
"Máy cắt gạch 1,7 kW","Máy cắt gạch 1,7 kW",Equipment,General,ca,0.0,0.0,0.0,0.0,0,VND,0.0,0.2794,33,33,Masonry Foundation - Masonry foundation - Dimension   ,"Dinh muc du toan xay dung cong trinh (TT 12/2021/TT-BXD), Phu luc II",Masonry (brick and stone),Masonry Foundation - Masonry foundation - Dimension   
"Máy đào 0,8m3","Máy đào 0,8m3",Equipment,General,ca,0.0,0.0,0.0,0.0,0,VND,0.0,0.413,32,32,Excavation BÙN by Manual - Excavation bùn in mọi điều component - Bùn đặ,"Dinh muc du toan xay dung cong trinh (TT 12/2021/TT-BXD), Phu luc II",Earthwork - excavation and filling,Excavation BÙN by Manual - Excavation bùn in mọi điều component - Bùn đặ
Máy lu bánh,Máy lu bánh,Equipment,General,ca,0.0,0.0,0.0,0.0,0,VND,0.0,0.261,32,24,Excavation BÙN by Manual - Excavation bùn in mọi điều component - Bùn đặ,"Dinh muc du toan xay dung cong trinh (TT 12/2021/TT-BXD), Phu luc II",Earthwork - excavation and filling,Excavation BÙN by Manual - Excavation bùn in mọi điều component - Bùn đặ
200KNm÷300KNm Máy khoan >,200KNm÷300KNm Máy khoan >,Equipment,General,ca,0.0,0.0,0.0,0.0,0,VND,0.0,0.2749,32,16,"Pile driving TRE by Manual - Pile driving tre by manual, chi","Dinh muc du toan xay dung cong trinh (TT 12/2021/TT-BXD), Phu luc II",Piling and cast-in-place bored piles,"Pile driving TRE by Manual - Pile driving tre by manual, chi"
Máy trộn 150 l,Máy trộn 150 l,Equipment,General,ca,0.0,0.0,0.0,0.0,0,VND,0.0,0.007,30,30,LỢP Roof NGÓI 13 unit / m 2 - Lợp roof ngói 22 v / m 2 - Height,"Dinh muc du toan xay dung cong trinh (TT 12/2021/TT-BXD), Phu luc II",Roofing and roof coverings,LỢP Roof NGÓI 13 unit / m 2 - Lợp roof ngói 22 v / m 2 - Height
Ống lọc nhựa D50mm,Ống lọc nhựa D50mm,Material,General,m,0.0,0.0,0.0,0.0,0,VND,0.0,73.5,30,30,Construction Layer LÓT Foundation in KHUNG VÂY - Construction layer lót món,"Dinh muc du toan xay dung cong trinh (TT 12/2021/TT-BXD), Phu luc II",Foundation blinding and cofferdam base layers,Construction Layer LÓT Foundation in KHUNG VÂY - Construction layer lót món
"Máy lu bánh thép 8,5 t","Máy lu bánh thép 8,5 t",Equipment,General,ca,0.0,0.0,0.0,0.0,0,VND,0.0,0.6162,30,26,Construction Foundation Graded aggregate Crushed stone - Construction foundation graded aggregate stone dă,"Dinh muc du toan xay dung cong trinh (TT 12/2021/TT-BXD), Phu luc II",Road base and sub-base,Construction Foundation Graded aggregate Crushed stone - Construction foundation
Ôtô thùng 20 t,Ôtô thùng 20 t,Equipment,General,ca,0.0,0.0,0.0,0.0,0,VND,0.0,0.0161,30,30,"Concrete Pile, Column, Pile CỪ - Concrete pile, - Pile, column","Dinh muc du toan xay dung cong trinh (TT 12/2021/TT-BXD), Phu luc II","Concrete piles, columns and precast members","Concrete Pile, Column, Pile CỪ - Concrete pile, - Pile, column"
63/50mm Vật liệu khác,63/50mm Vật liệu khác,Material,General,%,0.0,0.0,0.0,0.0,0,VND,0.0,7.0,30,30,Construction Layer LÓT Foundation in KHUNG VÂY - Construction layer lót món,"Dinh muc du toan xay dung cong trinh (TT 12/2021/TT-BXD), Phu luc II",Foundation blinding and cofferdam base layers,Construction Layer LÓT Foundation in KHUNG VÂY - Construction layer lót món
"Bơm chân không 7,5 kW","Bơm chân không 7,5 kW",Equipment,General,ca,0.0,0.0,0.0,0.0,0,VND,0.0,110.565,30,30,Construction Layer LÓT Foundation in KHUNG VÂY - Construction layer lót món,"Dinh muc du toan xay dung cong trinh (TT 12/2021/TT-BXD), Phu luc II",Foundation blinding and cofferdam base layers,Construction Layer LÓT Foundation in KHUNG VÂY - Construction layer lót món
"Máy đào 0,5 m3","Máy đào 0,5 m3",Equipment,General,ca,0.0,0.0,0.0,0.0,0,VND,0.0,0.528,30,30,Construction Layer LÓT Foundation in KHUNG VÂY - Construction layer lót món,"Dinh muc du toan xay dung cong trinh (TT 12/2021/TT-BXD), Phu luc II",Foundation blinding and cofferdam base layers,Construction Layer LÓT Foundation in KHUNG VÂY - Construction layer lót món
Vải địa kỹ thuật lớp dưới,Vải địa kỹ thuật lớp dưới,Material,General,m2,0.0,0.0,0.0,0.0,0,VND,0.0,110.0,30,30,Construction Layer LÓT Foundation in KHUNG VÂY - Construction layer lót món,"Dinh muc du toan xay dung cong trinh (TT 12/2021/TT-BXD), Phu luc II",Foundation blinding and cofferdam base layers,Construction Layer LÓT Foundation in KHUNG VÂY - Construction layer lót món
Ống thoát nước nhựa D63mm,Ống thoát nước nhựa D63mm,Material,General,m,0.0,0.0,0.0,0.0,0,VND,0.0,14.768,30,30,Construction Layer LÓT Foundation in KHUNG VÂY - Construction layer lót món,"Dinh muc du toan xay dung cong trinh (TT 12/2021/TT-BXD), Phu luc II",Foundation blinding and cofferdam base layers,Construction Layer LÓT Foundation in KHUNG VÂY - Construction layer lót món
Màng kín khí lớp trên,Màng kín khí lớp trên,Material,General,m2,0.0,0.0,0.0,0.0,0,VND,0.0,110.0,30,30,Construction Layer LÓT Foundation in KHUNG VÂY - Construction layer lót món,"Dinh muc du toan xay dung cong trinh (TT 12/2021/TT-BXD), Phu luc II",Foundation blinding and cofferdam base layers,Construction Layer LÓT Foundation in KHUNG VÂY - Construction layer lót món
Van nhựa một chiều D63mm,Van nhựa một chiều D63mm,Material,General,cái,0.0,0.0,0.0,0.0,0,VND,0.0,0.198,30,30,Construction Layer LÓT Foundation in KHUNG VÂY - Construction layer lót món,"Dinh muc du toan xay dung cong trinh (TT 12/2021/TT-BXD), Phu luc II",Foundation blinding and cofferdam base layers,Construction Layer LÓT Foundation in KHUNG VÂY - Construction layer lót món
Đầu nối nhựa chữ T63/63mm,Đầu nối nhựa chữ T63/63mm,Material,General,cái,0.0,0.0,0.0,0.0,0,VND,0.0,0.208,30,30,Construction Layer LÓT Foundation in KHUNG VÂY - Construction layer lót món,"Dinh muc du toan xay dung cong trinh (TT 12/2021/TT-BXD), Phu luc II",Foundation blinding and cofferdam base layers,Construction Layer LÓT Foundation in KHUNG VÂY - Construction layer lót món
Vải địa kỹ thuật lớp trên,Vải địa kỹ thuật lớp trên,Material,General,m2,0.0,0.0,0.0,0.0,0,VND,0.0,110.0,30,30,Construction Layer LÓT Foundation in KHUNG VÂY - Construction layer lót món,"Dinh muc du toan xay dung cong trinh (TT 12/2021/TT-BXD), Phu luc II",Foundation blinding and cofferdam base layers,Construction Layer LÓT Foundation in KHUNG VÂY - Construction layer lót món
Màng kín khí lớp dưới,Màng kín khí lớp dưới,Material,General,m2,0.0,0.0,0.0,0.0,0,VND,0.0,110.0,30,30,Construction Layer LÓT Foundation in KHUNG VÂY - Construction layer lót món,"Dinh muc du toan xay dung cong trinh (TT 12/2021/TT-BXD), Phu luc II",Foundation blinding and cofferdam base layers,Construction Layer LÓT Foundation in KHUNG VÂY - Construction layer lót món
Ôtô tưới nước 5 m3,Ôtô tưới nước 5 m3,Equipment,General,ca,0.0,0.0,0.0,0.0,0,VND,0.0,0.1547,29,25,Construction Foundation Graded aggregate Crushed stone - Construction foundation graded aggregate stone dă,"Dinh muc du toan xay dung cong trinh (TT 12/2021/TT-BXD), Phu luc II",Road base and sub-base,Construction Foundation Graded aggregate Crushed stone - Construction foundation
Đinh,Đinh,Material,General,kg,0.0,0.0,0.0,0.0,0,VND,0.0,8.8178,29,29,Concrete LÓT Foundation - Concrete lót -    ,"Dinh muc du toan xay dung cong trinh (TT 12/2021/TT-BXD), Phu luc II",In situ concrete,Concrete LÓT Foundation - Concrete lót -    
Máy khoan tự hành 2 cần,Máy khoan tự hành 2 cần,Equipment,General,ca,0.0,0.0,0.0,0.0,0,VND,0.0,1.9682,29,29,Excavation BÙN by Manual - Excavation bùn in mọi điều component - Bùn đặ,"Dinh muc du toan xay dung cong trinh (TT 12/2021/TT-BXD), Phu luc II",Earthwork - excavation and filling,Excavation BÙN by Manual - Excavation bùn in mọi điều component - Bùn đặ
Đuôi choòng,Đuôi choòng,Material,General,cái,0.0,0.0,0.0,0.0,0,VND,0.0,0.2297,28,28,Excavation BÙN by Manual - Excavation bùn in mọi điều component - Bùn đặ,"Dinh muc du toan xay dung cong trinh (TT 12/2021/TT-BXD), Phu luc II",Earthwork - excavation and filling,Excavation BÙN by Manual - Excavation bùn in mọi điều component - Bùn đặ
"Cần khoan 32, L=0,70m","Cần khoan 32, L=0,70m",Material,General,cái,0.0,0.0,0.0,0.0,0,VND,0.0,0.0408,28,28,Excavation BÙN by Manual - Excavation bùn in mọi điều component - Bùn đặ,"Dinh muc du toan xay dung cong trinh (TT 12/2021/TT-BXD), Phu luc II",Earthwork - excavation and filling,Excavation BÙN by Manual - Excavation bùn in mọi điều component - Bùn đặ
Đầu nối cần khoan,Đầu nối cần khoan,Material,General,cái,0.0,0.0,0.0,0.0,0,VND,0.0,0.3064,28,28,Excavation BÙN by Manual - Excavation bùn in mọi điều component - Bùn đặ,"Dinh muc du toan xay dung cong trinh (TT 12/2021/TT-BXD), Phu luc II",Earthwork - excavation and filling,Excavation BÙN by Manual - Excavation bùn in mọi điều component - Bùn đặ
Ôtô tự đổ 5 t,Ôtô tự đổ 5 t,Equipment,General,ca,0.0,0.0,0.0,0.0,0,VND,0.0,0.8748,27,27,Excavation BÙN by Manual - Excavation bùn in mọi điều component - Bùn đặ,"Dinh muc du toan xay dung cong trinh (TT 12/2021/TT-BXD), Phu luc II",Earthwork - excavation and filling,Excavation BÙN by Manual - Excavation bùn in mọi điều component - Bùn đặ
Xe bơm bê tông 50 m3/h,Xe bơm bê tông 50 m3/h,Equipment,General,ca,0.0,0.0,0.0,0.0,0,VND,0.0,0.5284,27,27,"Concrete Pile, Column, Pile CỪ - Concrete pile, - Pile, column","Dinh muc du toan xay dung cong trinh (TT 12/2021/TT-BXD), Phu luc II","Concrete piles, columns and precast members","Concrete Pile, Column, Pile CỪ - Concrete pile, - Pile, column"
Máy lu bánh hơi 16 t,Máy lu bánh hơi 16 t,Equipment,General,ca,0.0,0.0,0.0,0.0,0,VND,0.0,0.1118,26,26,Construction Foundation Graded aggregate Crushed stone - Construction foundation graded aggregate stone dă,"Dinh muc du toan xay dung cong trinh (TT 12/2021/TT-BXD), Phu luc II",Road base and sub-base,Construction Foundation Graded aggregate Crushed stone - Construction foundation
Nước lít,Nước lít,Material,General,231,0.0,0.0,0.0,0.0,0,VND,0.0,215.36,25,14,Masonry Foundation - Masonry foundation - Dimension   ,"Dinh muc du toan xay dung cong trinh (TT 12/2021/TT-BXD), Phu luc II",Masonry (brick and stone),Masonry Foundation - Masonry foundation - Dimension   
Nhựa,Nhựa,Material,General,kg,0.0,0.0,0.0,0.0,0,VND,0.0,268.715,25,15,Construction Foundation Graded aggregate Crushed stone - Construction foundation graded aggregate stone dă,"Dinh muc du toan xay dung cong trinh (TT 12/2021/TT-BXD), Phu luc II",Road base and sub-base,Construction Foundation Graded aggregate Crushed stone - Construction foundation
Sà lan 250 t,Sà lan 250 t,Equipment,General,ca,0.0,0.0,0.0,0.0,0,VND,0.0,1.6914,25,15,Excavation BÙN by Manual - Excavation bùn in mọi điều component - Bùn đặ,"Dinh muc du toan xay dung cong trinh (TT 12/2021/TT-BXD), Phu luc II",Earthwork - excavation and filling,Excavation BÙN by Manual - Excavation bùn in mọi điều component - Bùn đặ
Bột đá,Bột đá,Material,General,kg,0.0,0.0,0.0,0.0,0,VND,0.0,44.436,25,25,Construction Foundation Graded aggregate Crushed stone - Construction foundation graded aggregate stone dă,"Dinh muc du toan xay dung cong trinh (TT 12/2021/TT-BXD), Phu luc II",Road base and sub-base,Construction Foundation Graded aggregate Crushed stone - Construction foundation
Mũi khoan 45mm,Mũi khoan 45mm,Material,General,cái,0.0,0.0,0.0,0.0,0,VND,0.0,2.1581,24,24,Excavation BÙN by Manual - Excavation bùn in mọi điều component - Bùn đặ,"Dinh muc du toan xay dung cong trinh (TT 12/2021/TT-BXD), Phu luc II",Earthwork - excavation and filling,Excavation BÙN by Manual - Excavation bùn in mọi điều component - Bùn đặ
Mũi khoan 102mm,Mũi khoan 102mm,Material,General,cái,0.0,0.0,0.0,0.0,0,VND,0.0,0.1585,24,24,Excavation BÙN by Manual - Excavation bùn in mọi điều component - Bùn đặ,"Dinh muc du toan xay dung cong trinh (TT 12/2021/TT-BXD), Phu luc II",Earthwork - excavation and filling,Excavation BÙN by Manual - Excavation bùn in mọi điều component - Bùn đặ
Máy rải 130-140 cv,Máy rải 130-140 cv,Equipment,General,ca,0.0,0.0,0.0,0.0,0,VND,0.0,0.0487,24,24,Construction Foundation Graded aggregate Crushed stone - Construction foundation graded aggregate stone dă,"Dinh muc du toan xay dung cong trinh (TT 12/2021/TT-BXD), Phu luc II",Road base and sub-base,Construction Foundation Graded aggregate Crushed stone - Construction foundation
Ôtô thùng 12 t,Ôtô thùng 12 t,Equipment,General,ca,0.0,0.0,0.0,0.0,0,VND,0.0,0.0245,24,24,Loading Stacking Material RỜI LÊN PHƯƠNG TIỆN Transport by THỦ CÔN,"Dinh muc du toan xay dung cong trinh (TT 12/2021/TT-BXD), Phu luc II","Loading, unloading and transport",Loading Stacking Material RỜI LÊN PHƯƠNG TIỆN Transport by THỦ CÔN
Máy khoan đập cáp 40kW,Máy khoan đập cáp 40kW,Equipment,General,ca,0.0,0.0,0.0,0.0,0,VND,0.0,1.7191,24,24,"Pile driving TRE by Manual - Pile driving tre by manual, chi","Dinh muc du toan xay dung cong trinh (TT 12/2021/TT-BXD), Phu luc II",Piling and cast-in-place bored piles,"Pile driving TRE by Manual - Pile driving tre by manual, chi"
Thép hộp 60x120x3mm,Thép hộp 60x120x3mm,Material,General,m,0.0,0.0,0.0,0.0,0,VND,0.0,1.14,24,24,Concrete LÓT Foundation - Concrete lót -    ,"Dinh muc du toan xay dung cong trinh (TT 12/2021/TT-BXD), Phu luc II",In situ concrete,Concrete LÓT Foundation - Concrete lót -    
Thép hộp 50x50x3mm,Thép hộp 50x50x3mm,Material,General,m,0.0,0.0,0.0,0.0,0,VND,0.0,1.7702,24,24,Concrete LÓT Foundation - Concrete lót -    ,"Dinh muc du toan xay dung cong trinh (TT 12/2021/TT-BXD), Phu luc II",In situ concrete,Concrete LÓT Foundation - Concrete lót -    
Ván khuôn nhựa,Ván khuôn nhựa,Material,General,m2,0.0,0.0,0.0,0.0,0,VND,0.0,3.25,24,24,Concrete LÓT Foundation - Concrete lót -    ,"Dinh muc du toan xay dung cong trinh (TT 12/2021/TT-BXD), Phu luc II",In situ concrete,Concrete LÓT Foundation - Concrete lót -    
vi Ôtô tự đổ 12 t,vi Ôtô tự đổ 12 t,Equipment,General,ca,0.0,0.0,0.0,0.0,0,VND,0.0,0.4833,24,24,Excavation BÙN by Manual - Excavation bùn in mọi điều component - Bùn đặ,"Dinh muc du toan xay dung cong trinh (TT 12/2021/TT-BXD), Phu luc II",Earthwork - excavation and filling,Excavation BÙN by Manual - Excavation bùn in mọi điều component - Bùn đặ
(hoặc tương tự) Cần cẩu 25 t,(hoặc tương tự) Cần cẩu 25 t,Equipment,General,ca,0.0,0.0,0.0,0.0,0,VND,0.0,0.2567,24,24,"Pile driving TRE by Manual - Pile driving tre by manual, chi","Dinh muc du toan xay dung cong trinh (TT 12/2021/TT-BXD), Phu luc II",Piling and cast-in-place bored piles,"Pile driving TRE by Manual - Pile driving tre by manual, chi"
Mũi dẫn hướng 40mm,Mũi dẫn hướng 40mm,Material,General,cái,0.0,0.0,0.0,0.0,0,VND,0.0,0.0815,24,24,Excavation BÙN by Manual - Excavation bùn in mọi điều component - Bùn đặ,"Dinh muc du toan xay dung cong trinh (TT 12/2021/TT-BXD), Phu luc II",Earthwork - excavation and filling,Excavation BÙN by Manual - Excavation bùn in mọi điều component - Bùn đặ
"Cần khoan 38, L=4,32m","Cần khoan 38, L=4,32m",Material,General,cái,0.0,0.0,0.0,0.0,0,VND,0.0,0.347,24,24,Excavation BÙN by Manual - Excavation bùn in mọi điều component - Bùn đặ,"Dinh muc du toan xay dung cong trinh (TT 12/2021/TT-BXD), Phu luc II",Earthwork - excavation and filling,Excavation BÙN by Manual - Excavation bùn in mọi điều component - Bùn đặ
Ván ép phủ phim,Ván ép phủ phim,Material,General,m2,0.0,0.0,0.0,0.0,0,VND,0.0,12.75,24,24,Concrete LÓT Foundation - Concrete lót -    ,"Dinh muc du toan xay dung cong trinh (TT 12/2021/TT-BXD), Phu luc II",In situ concrete,Concrete LÓT Foundation - Concrete lót -    
Hỗn hợp bê tông CFG,Hỗn hợp bê tông CFG,Material,General,m3,0.0,0.0,0.0,0.0,0,VND,0.0,47.6083,24,24,Filling Base Road by HỖN HỢP TRO XỈ NHIỆT Electric by Roller BÁN,"Dinh muc du toan xay dung cong trinh (TT 12/2021/TT-BXD), Phu luc II",Road embankment and base with ash/slag mixes,Filling Base Road by HỖN HỢP TRO XỈ NHIỆT Electric by Roller BÁN
Gỗ,Gỗ,Material,General,m3,0.0,0.0,0.0,0.0,0,VND,0.0,1.1175,24,24,Truss Rafter Roof NGÓI - Fabrication truss rafter roof ngói,"Dinh muc du toan xay dung cong trinh (TT 12/2021/TT-BXD), Phu luc II",Timber fabrication and erection,Truss Rafter Roof NGÓI - Fabrication truss rafter roof ngói
Máy đào gầu,Máy đào gầu,Equipment,General,ca,0.0,0.0,0.0,0.0,0,VND,0.0,0.4307,24,24,Excavation BÙN by Manual - Excavation bùn in mọi điều component - Bùn đặ,"Dinh muc du toan xay dung cong trinh (TT 12/2021/TT-BXD), Phu luc II",Earthwork - excavation and filling,Excavation BÙN by Manual - Excavation bùn in mọi điều component - Bùn đặ
"Máy đào 3,6m3","Máy đào 3,6m3",Equipment,General,ca,0.0,0.0,0.0,0.0,0,VND,0.0,0.1463,24,24,Excavation BÙN by Manual - Excavation bùn in mọi điều component - Bùn đặ,"Dinh muc du toan xay dung cong trinh (TT 12/2021/TT-BXD), Phu luc II",Earthwork - excavation and filling,Excavation BÙN by Manual - Excavation bùn in mọi điều component - Bùn đặ
Tời điện 5 t,Tời điện 5 t,Equipment,General,ca,0.0,0.0,0.0,0.0,0,VND,0.0,1.923,23,23,"Pile driving TRE by Manual - Pile driving tre by manual, chi","Dinh muc du toan xay dung cong trinh (TT 12/2021/TT-BXD), Phu luc II",Piling and cast-in-place bored piles,"Pile driving TRE by Manual - Pile driving tre by manual, chi"
Tàu kéo 360 cv,Tàu kéo 360 cv,Equipment,General,ca,0.0,0.0,0.0,0.0,0,VND,0.0,0.1076,23,23,Excavation BÙN by Manual - Excavation bùn in mọi điều component - Bùn đặ,"Dinh muc du toan xay dung cong trinh (TT 12/2021/TT-BXD), Phu luc II",Earthwork - excavation and filling,Excavation BÙN by Manual - Excavation bùn in mọi điều component - Bùn đặ
Đinh đỉa,Đinh đỉa,Material,General,cái,0.0,0.0,0.0,0.0,0,VND,0.0,25.8519,23,23,Concrete LÓT Foundation - Concrete lót -    ,"Dinh muc du toan xay dung cong trinh (TT 12/2021/TT-BXD), Phu luc II",In situ concrete,Concrete LÓT Foundation - Concrete lót -    
Vữa bê tông m3,Vữa bê tông m3,Material,General,,0.0,0.0,0.0,0.0,0,VND,0.0,1.033,23,23,Concrete LÓT Foundation - Concrete lót -    ,"Dinh muc du toan xay dung cong trinh (TT 12/2021/TT-BXD), Phu luc II",In situ concrete,Concrete LÓT Foundation - Concrete lót -    
Đá mài,Đá mài,Material,General,viên,0.0,0.0,0.0,0.0,0,VND,0.0,0.4182,22,22,Fabrication Truss Rafter Steel HÌNH KHẨU ĐỘ Large - Fabrication rafter steel kh,"Dinh muc du toan xay dung cong trinh (TT 12/2021/TT-BXD), Phu luc II",Steel truss and structural fabrication,Fabrication Truss Rafter Steel HÌNH KHẨU ĐỘ Large - Fabrication rafter steel kh
Tàu phục vụ 360 cv,Tàu phục vụ 360 cv,Equipment,General,ca,0.0,0.0,0.0,0.0,0,VND,0.0,0.1641,22,22,Excavation BÙN by Manual - Excavation bùn in mọi điều component - Bùn đặ,"Dinh muc du toan xay dung cong trinh (TT 12/2021/TT-BXD), Phu luc II",Earthwork - excavation and filling,Excavation BÙN by Manual - Excavation bùn in mọi điều component - Bùn đặ
Trạm trộn,Trạm trộn,Equipment,General,ca,0.0,0.0,0.0,0.0,0,VND,0.0,0.7061,21,21,Construction Foundation Graded aggregate Crushed stone - Construction foundation graded aggregate stone dă,"Dinh muc du toan xay dung cong trinh (TT 12/2021/TT-BXD), Phu luc II",Road base and sub-base,Construction Foundation Graded aggregate Crushed stone - Construction foundation
Que hàn kg,Que hàn kg,Material,General,,0.0,0.0,0.0,0.0,0,VND,0.0,5.1336,21,21,Concrete LÓT Foundation - Concrete lót -    ,"Dinh muc du toan xay dung cong trinh (TT 12/2021/TT-BXD), Phu luc II",In situ concrete,Concrete LÓT Foundation - Concrete lót -    
Máy nén khí 660 m3/h,Máy nén khí 660 m3/h,Equipment,General,ca,0.0,0.0,0.0,0.0,0,VND,0.0,0.9727,21,16,Construction Foundation Graded aggregate Crushed stone - Construction foundation graded aggregate stone dă,"Dinh muc du toan xay dung cong trinh (TT 12/2021/TT-BXD), Phu luc II",Road base and sub-base,Construction Foundation Graded aggregate Crushed stone - Construction foundation
Bulông,Bulông,Material,General,cái,0.0,0.0,0.0,0.0,0,VND,0.0,19.0381,21,21,Fabrication Truss Rafter Steel HÌNH KHẨU ĐỘ Large - Fabrication rafter steel kh,"Dinh muc du toan xay dung cong trinh (TT 12/2021/TT-BXD), Phu luc II",Steel truss and structural fabrication,Fabrication Truss Rafter Steel HÌNH KHẨU ĐỘ Large - Fabrication rafter steel kh
Ôtô thùng 7 t,Ôtô thùng 7 t,Equipment,General,ca,0.0,0.0,0.0,0.0,0,VND,0.0,0.0421,21,21,Loading Stacking Material RỜI LÊN PHƯƠNG TIỆN Transport by THỦ CÔN,"Dinh muc du toan xay dung cong trinh (TT 12/2021/TT-BXD), Phu luc II","Loading, unloading and transport",Loading Stacking Material RỜI LÊN PHƯƠNG TIỆN Transport by THỦ CÔN
Kẽm buộc 1mm,Kẽm buộc 1mm,Material,General,kg,0.0,0.0,0.0,0.0,0,VND,0.0,0.0703,21,21,"Concrete Pile, Column, Pile CỪ - Concrete pile, - Pile, column","Dinh muc du toan xay dung cong trinh (TT 12/2021/TT-BXD), Phu luc II","Concrete piles, columns and precast members","Concrete Pile, Column, Pile CỪ - Concrete pile, - Pile, column"
Máy bơm vữa 6 m3/h,Máy bơm vữa 6 m3/h,Equipment,General,ca,0.0,0.0,0.0,0.0,0,VND,0.0,0.0136,21,21,"Concrete Pile, Column, Pile CỪ - Concrete pile, - Pile, column","Dinh muc du toan xay dung cong trinh (TT 12/2021/TT-BXD), Phu luc II","Concrete piles, columns and precast members","Concrete Pile, Column, Pile CỪ - Concrete pile, - Pile, column"
Máy bơm bê tông,Máy bơm bê tông,Equipment,General,ca,0.0,0.0,0.0,0.0,0,VND,0.0,0.0302,20,19,Concrete LÓT Foundation - Concrete lót -    ,"Dinh muc du toan xay dung cong trinh (TT 12/2021/TT-BXD), Phu luc II",In situ concrete,Concrete LÓT Foundation - Concrete lót -    
Máy hàn 23 kW ca,Máy hàn 23 kW ca,Equipment,General,ca,0.0,0.0,0.0,0.0,0,VND,0.0,1.3666,20,20,Concrete LÓT Foundation - Concrete lót -    ,"Dinh muc du toan xay dung cong trinh (TT 12/2021/TT-BXD), Phu luc II",In situ concrete,Concrete LÓT Foundation - Concrete lót -    
Vữa phun khô,Vữa phun khô,Material,General,m3,0.0,0.0,0.0,0.0,0,VND,0.0,8.1938,20,20,Construction Layer LÓT Foundation in KHUNG VÂY - Construction layer lót món,"Dinh muc du toan xay dung cong trinh (TT 12/2021/TT-BXD), Phu luc II",Foundation blinding and cofferdam base layers,Construction Layer LÓT Foundation in KHUNG VÂY - Construction layer lót món
Răng khoan đất,Răng khoan đất,Material,General,cái,0.0,0.0,0.0,0.0,0,VND,0.0,0.5432,20,20,"Pile driving TRE by Manual - Pile driving tre by manual, chi","Dinh muc du toan xay dung cong trinh (TT 12/2021/TT-BXD), Phu luc II",Piling and cast-in-place bored piles,"Pile driving TRE by Manual - Pile driving tre by manual, chi"
Cẩu nổi 30 t,Cẩu nổi 30 t,Equipment,General,ca,0.0,0.0,0.0,0.0,0,VND,0.0,0.0728,20,20,Excavation BÙN by Manual - Excavation bùn in mọi điều component - Bùn đặ,"Dinh muc du toan xay dung cong trinh (TT 12/2021/TT-BXD), Phu luc II",Earthwork - excavation and filling,Excavation BÙN by Manual - Excavation bùn in mọi điều component - Bùn đặ
Ôtô tự đổ 12 t,Ôtô tự đổ 12 t,Equipment,General,ca,0.0,0.0,0.0,0.0,0,VND,0.0,0.257,20,20,Excavation BÙN by Manual - Excavation bùn in mọi điều component - Bùn đặ,"Dinh muc du toan xay dung cong trinh (TT 12/2021/TT-BXD), Phu luc II",Earthwork - excavation and filling,Excavation BÙN by Manual - Excavation bùn in mọi điều component - Bùn đặ
Máy lu bánh thép 10t,Máy lu bánh thép 10t,Equipment,General,ca,0.0,0.0,0.0,0.0,0,VND,0.0,0.1087,20,20,Construction Foundation Graded aggregate Crushed stone - Construction foundation graded aggregate stone dă,"Dinh muc du toan xay dung cong trinh (TT 12/2021/TT-BXD), Phu luc II",Road base and sub-base,Construction Foundation Graded aggregate Crushed stone - Construction foundation
Máy nâng thuỷ lực 135 cv,Máy nâng thuỷ lực 135 cv,Equipment,General,ca,0.0,0.0,0.0,0.0,0,VND,0.0,0.6998,20,20,Concrete LÓT Foundation - Concrete lót -    ,"Dinh muc du toan xay dung cong trinh (TT 12/2021/TT-BXD), Phu luc II",In situ concrete,Concrete LÓT Foundation - Concrete lót -    
Quả đập khí nén 105mm,Quả đập khí nén 105mm,Material,General,cái,0.0,0.0,0.0,0.0,0,VND,0.0,0.3522,19,19,Excavation BÙN by Manual - Excavation bùn in mọi điều component - Bùn đặ,"Dinh muc du toan xay dung cong trinh (TT 12/2021/TT-BXD), Phu luc II",Earthwork - excavation and filling,Excavation BÙN by Manual - Excavation bùn in mọi điều component - Bùn đặ
"Máy đầm dùi 1,5 kW ca","Máy đầm dùi 1,5 kW ca",Equipment,General,ca,0.0,0.0,0.0,0.0,0,VND,0.0,0.1737,19,19,Concrete LÓT Foundation - Concrete lót -    ,"Dinh muc du toan xay dung cong trinh (TT 12/2021/TT-BXD), Phu luc II",In situ concrete,Concrete LÓT Foundation - Concrete lót -    
"Tời điện 1,5 t","Tời điện 1,5 t",Equipment,General,ca,0.0,0.0,0.0,0.0,0,VND,0.0,0.7137,19,19,Concrete LÓT Foundation - Concrete lót -    ,"Dinh muc du toan xay dung cong trinh (TT 12/2021/TT-BXD), Phu luc II",In situ concrete,Concrete LÓT Foundation - Concrete lót -    
Mũi khoan 105mm,Mũi khoan 105mm,Material,General,cái,0.0,0.0,0.0,0.0,0,VND,0.0,0.6581,19,19,Excavation BÙN by Manual - Excavation bùn in mọi điều component - Bùn đặ,"Dinh muc du toan xay dung cong trinh (TT 12/2021/TT-BXD), Phu luc II",Earthwork - excavation and filling,Excavation BÙN by Manual - Excavation bùn in mọi điều component - Bùn đặ
"Máy đầm dùi 1,5kW","Máy đầm dùi 1,5kW",Equipment,General,ca,0.0,0.0,0.0,0.0,0,VND,0.0,0.1715,18,18,Concrete LÓT Foundation - Concrete lót -    ,"Dinh muc du toan xay dung cong trinh (TT 12/2021/TT-BXD), Phu luc II",In situ concrete,Concrete LÓT Foundation - Concrete lót -    
"50m3/h Máy đầm dùi 1,5 kW","50m3/h Máy đầm dùi 1,5 kW",Equipment,General,ca,0.0,0.0,0.0,0.0,0,VND,0.0,0.1383,18,18,Concrete LÓT Foundation - Concrete lót -    ,"Dinh muc du toan xay dung cong trinh (TT 12/2021/TT-BXD), Phu luc II",In situ concrete,Concrete LÓT Foundation - Concrete lót -    
Cát mịn,Cát mịn,Material,General,m3,0.0,0.0,0.0,0.0,0,VND,0.0,1.1952,17,13,Masonry Foundation - Masonry foundation - Dimension   ,"Dinh muc du toan xay dung cong trinh (TT 12/2021/TT-BXD), Phu luc II",Masonry (brick and stone),Masonry Foundation - Masonry foundation - Dimension   
Gỗ chèn,Gỗ chèn,Material,General,m3,0.0,0.0,0.0,0.0,0,VND,0.0,0.0244,17,17,"Concrete Pile, Column, Pile CỪ - Concrete pile, - Pile, column","Dinh muc du toan xay dung cong trinh (TT 12/2021/TT-BXD), Phu luc II","Concrete piles, columns and precast members","Concrete Pile, Column, Pile CỪ - Concrete pile, - Pile, column"
Máy lu bánh thép 10 t,Máy lu bánh thép 10 t,Equipment,General,ca,0.0,0.0,0.0,0.0,0,VND,0.0,1.0225,17,12,Construction Foundation Graded aggregate Crushed stone - Construction foundation graded aggregate stone dă,"Dinh muc du toan xay dung cong trinh (TT 12/2021/TT-BXD), Phu luc II",Road base and sub-base,Construction Foundation Graded aggregate Crushed stone - Construction foundation
"Cần khoan L=1,83m","Cần khoan L=1,83m",Material,General,cái,0.0,0.0,0.0,0.0,0,VND,0.0,4.1082,16,16,Excavation BÙN by Manual - Excavation bùn in mọi điều component - Bùn đặ,"Dinh muc du toan xay dung cong trinh (TT 12/2021/TT-BXD), Phu luc II",Earthwork - excavation and filling,Excavation BÙN by Manual - Excavation bùn in mọi điều component - Bùn đặ
Đuôi choòng 38,Đuôi choòng 38,Material,General,cái,0.0,0.0,0.0,0.0,0,VND,0.0,0.047,16,16,Construction Layer LÓT Foundation in KHUNG VÂY - Construction layer lót món,"Dinh muc du toan xay dung cong trinh (TT 12/2021/TT-BXD), Phu luc II",Foundation blinding and cofferdam base layers,Construction Layer LÓT Foundation in KHUNG VÂY - Construction layer lót món
76mm Máy nén khí 1200m3/h,76mm Máy nén khí 1200m3/h,Equipment,General,ca,0.0,0.0,0.0,0.0,0,VND,0.0,3.6718,16,16,Construction Layer LÓT Foundation in KHUNG VÂY - Construction layer lót món,"Dinh muc du toan xay dung cong trinh (TT 12/2021/TT-BXD), Phu luc II",Foundation blinding and cofferdam base layers,Construction Layer LÓT Foundation in KHUNG VÂY - Construction layer lót món
Cát vàng m3,Cát vàng m3,Material,General,"1,255",0.0,0.0,0.0,0.0,0,VND,0.0,0.7887,16,11,Masonry Foundation - Masonry foundation - Dimension   ,"Dinh muc du toan xay dung cong trinh (TT 12/2021/TT-BXD), Phu luc II",Masonry (brick and stone),Masonry Foundation - Masonry foundation - Dimension   
Máy bơm bê tông 50m3/h,Máy bơm bê tông 50m3/h,Equipment,General,ca,0.0,0.0,0.0,0.0,0,VND,0.0,0.0346,16,16,Concrete LÓT Foundation - Concrete lót -    ,"Dinh muc du toan xay dung cong trinh (TT 12/2021/TT-BXD), Phu luc II",In situ concrete,Concrete LÓT Foundation - Concrete lót -    
Đất cấp phối tự nhiên,Đất cấp phối tự nhiên,Material,General,m3,0.0,0.0,0.0,0.0,0,VND,0.0,18.5638,16,16,Construction Foundation Graded aggregate Crushed stone - Construction foundation graded aggregate stone dă,"Dinh muc du toan xay dung cong trinh (TT 12/2021/TT-BXD), Phu luc II",Road base and sub-base,Construction Foundation Graded aggregate Crushed stone - Construction foundation
Đá 4x6,Đá 4x6,Material,General,m3,0.0,0.0,0.0,0.0,0,VND,0.0,14.6253,16,16,Construction Foundation Graded aggregate Crushed stone - Construction foundation graded aggregate stone dă,"Dinh muc du toan xay dung cong trinh (TT 12/2021/TT-BXD), Phu luc II",Road base and sub-base,Construction Foundation Graded aggregate Crushed stone - Construction foundation
105mm Máy nén khí 660m3/h,105mm Máy nén khí 660m3/h,Equipment,General,ca,0.0,0.0,0.0,0.0,0,VND,0.0,1.1965,16,16,Excavation BÙN by Manual - Excavation bùn in mọi điều component - Bùn đặ,"Dinh muc du toan xay dung cong trinh (TT 12/2021/TT-BXD), Phu luc II",Earthwork - excavation and filling,Excavation BÙN by Manual - Excavation bùn in mọi điều component - Bùn đặ
"Máy đào 0,5m3","Máy đào 0,5m3",Equipment,General,ca,0.0,0.0,0.0,0.0,0,VND,0.0,0.5056,16,10,Excavation BÙN by Manual - Excavation bùn in mọi điều component - Bùn đặ,"Dinh muc du toan xay dung cong trinh (TT 12/2021/TT-BXD), Phu luc II",Earthwork - excavation and filling,Excavation BÙN by Manual - Excavation bùn in mọi điều component - Bùn đặ
thép 25 t Máy ủi 110 cv,thép 25 t Máy ủi 110 cv,Equipment,General,ca,0.0,0.0,0.0,0.0,0,VND,0.0,0.1131,16,16,Excavation BÙN by Manual - Excavation bùn in mọi điều component - Bùn đặ,"Dinh muc du toan xay dung cong trinh (TT 12/2021/TT-BXD), Phu luc II",Earthwork - excavation and filling,Excavation BÙN by Manual - Excavation bùn in mọi điều component - Bùn đặ
thép 16 t Máy ủi 110 cv,thép 16 t Máy ủi 110 cv,Equipment,General,ca,0.0,0.0,0.0,0.0,0,VND,0.0,0.129,16,16,Excavation BÙN by Manual - Excavation bùn in mọi điều component - Bùn đặ,"Dinh muc du toan xay dung cong trinh (TT 12/2021/TT-BXD), Phu luc II",Earthwork - excavation and filling,Excavation BÙN by Manual - Excavation bùn in mọi điều component - Bùn đặ
Sà lan công tác 250 t,Sà lan công tác 250 t,Equipment,General,ca,0.0,0.0,0.0,0.0,0,VND,0.0,0.309,16,4,Excavation BÙN by Manual - Excavation bùn in mọi điều component - Bùn đặ,"Dinh muc du toan xay dung cong trinh (TT 12/2021/TT-BXD), Phu luc II",Earthwork - excavation and filling,Excavation BÙN by Manual - Excavation bùn in mọi điều component - Bùn đặ
đất đổ Ôtô tự đổ 10 t,đất đổ Ôtô tự đổ 10 t,Equipment,General,ca,0.0,0.0,0.0,0.0,0,VND,0.0,0.6861,16,16,Excavation BÙN by Manual - Excavation bùn in mọi điều component - Bùn đặ,"Dinh muc du toan xay dung cong trinh (TT 12/2021/TT-BXD), Phu luc II",Earthwork - excavation and filling,Excavation BÙN by Manual - Excavation bùn in mọi điều component - Bùn đặ
Gỗ xẻ,Gỗ xẻ,Material,General,m3,0.0,0.0,0.0,0.0,0,VND,0.0,0.1672,15,12,LỢP Roof NGÓI 13 unit / m 2 - Lợp roof ngói 22 v / m 2 - Height,"Dinh muc du toan xay dung cong trinh (TT 12/2021/TT-BXD), Phu luc II",Roofing and roof coverings,LỢP Roof NGÓI 13 unit / m 2 - Lợp roof ngói 22 v / m 2 - Height
xả Canô 23 cv,xả Canô 23 cv,Equipment,General,ca,0.0,0.0,0.0,0.0,0,VND,0.0,0.0747,15,15,Excavation BÙN by Manual - Excavation bùn in mọi điều component - Bùn đặ,"Dinh muc du toan xay dung cong trinh (TT 12/2021/TT-BXD), Phu luc II",Earthwork - excavation and filling,Excavation BÙN by Manual - Excavation bùn in mọi điều component - Bùn đặ
Canô 23 cv,Canô 23 cv,Equipment,General,ca,0.0,0.0,0.0,0.0,0,VND,0.0,0.0995,15,15,Excavation BÙN by Manual - Excavation bùn in mọi điều component - Bùn đặ,"Dinh muc du toan xay dung cong trinh (TT 12/2021/TT-BXD), Phu luc II",Earthwork - excavation and filling,Excavation BÙN by Manual - Excavation bùn in mọi điều component - Bùn đặ
Bê tông nhựa,Bê tông nhựa,Material,General,tấn,0.0,0.0,0.0,0.0,0,VND,0.0,11.8625,15,15,Construction Foundation Graded aggregate Crushed stone - Construction foundation graded aggregate stone dă,"Dinh muc du toan xay dung cong trinh (TT 12/2021/TT-BXD), Phu luc II",Road base and sub-base,Construction Foundation Graded aggregate Crushed stone - Construction foundation
Giáo công cụ,Giáo công cụ,Material,General,bộ,0.0,0.0,0.0,0.0,0,VND,0.0,0.364,15,15,Concrete LÓT Foundation - Concrete lót -    ,"Dinh muc du toan xay dung cong trinh (TT 12/2021/TT-BXD), Phu luc II",In situ concrete,Concrete LÓT Foundation - Concrete lót -    
Máy phun vẩy 9 m3/h,Máy phun vẩy 9 m3/h,Equipment,General,ca,0.0,0.0,0.0,0.0,0,VND,0.0,0.9721,15,10,Construction Layer LÓT Foundation in KHUNG VÂY - Construction layer lót món,"Dinh muc du toan xay dung cong trinh (TT 12/2021/TT-BXD), Phu luc II",Foundation blinding and cofferdam base layers,Construction Layer LÓT Foundation in KHUNG VÂY - Construction layer lót món
"Cần khoan 89, L=0,96m","Cần khoan 89, L=0,96m",Material,General,cái,0.0,0.0,0.0,0.0,0,VND,0.0,0.4776,15,15,Excavation BÙN by Manual - Excavation bùn in mọi điều component - Bùn đặ,"Dinh muc du toan xay dung cong trinh (TT 12/2021/TT-BXD), Phu luc II",Earthwork - excavation and filling,Excavation BÙN by Manual - Excavation bùn in mọi điều component - Bùn đặ
Máy bơm bê tông 50 m3/h,Máy bơm bê tông 50 m3/h,Equipment,General,ca,0.0,0.0,0.0,0.0,0,VND,0.0,0.0289,15,15,Concrete LÓT Foundation - Concrete lót -    ,"Dinh muc du toan xay dung cong trinh (TT 12/2021/TT-BXD), Phu luc II",In situ concrete,Concrete LÓT Foundation - Concrete lót -    
Máy nén khí 600 m3/h,Máy nén khí 600 m3/h,Equipment,General,ca,0.0,0.0,0.0,0.0,0,VND,0.0,0.5542,15,15,Construction Foundation Graded aggregate Crushed stone - Construction foundation graded aggregate stone dă,"Dinh muc du toan xay dung cong trinh (TT 12/2021/TT-BXD), Phu luc II",Road base and sub-base,Construction Foundation Graded aggregate Crushed stone - Construction foundation
Máy nén khí 240 m3/h,Máy nén khí 240 m3/h,Equipment,General,ca,0.0,0.0,0.0,0.0,0,VND,0.0,2.1593,14,14,Fabrication Truss Rafter Steel HÌNH KHẨU ĐỘ Large - Fabrication rafter steel kh,"Dinh muc du toan xay dung cong trinh (TT 12/2021/TT-BXD), Phu luc II",Steel truss and structural fabrication,Fabrication Truss Rafter Steel HÌNH KHẨU ĐỘ Large - Fabrication rafter steel kh
Bu lông,Bu lông,Material,General,cái,0.0,0.0,0.0,0.0,0,VND,0.0,29.52,14,14,Concrete LÓT Foundation - Concrete lót -    ,"Dinh muc du toan xay dung cong trinh (TT 12/2021/TT-BXD), Phu luc II",In situ concrete,Concrete LÓT Foundation - Concrete lót -    
Ôtô tự đổ 10 t,Ôtô tự đổ 10 t,Equipment,General,ca,0.0,0.0,0.0,0.0,0,VND,0.0,0.5686,14,14,Excavation BÙN by Manual - Excavation bùn in mọi điều component - Bùn đặ,"Dinh muc du toan xay dung cong trinh (TT 12/2021/TT-BXD), Phu luc II",Earthwork - excavation and filling,Excavation BÙN by Manual - Excavation bùn in mọi điều component - Bùn đặ
"Máy mài 2,7 kW","Máy mài 2,7 kW",Equipment,General,ca,0.0,0.0,0.0,0.0,0,VND,0.0,1.0807,14,14,Fabrication Truss Rafter Steel HÌNH KHẨU ĐỘ Large - Fabrication rafter steel kh,"Dinh muc du toan xay dung cong trinh (TT 12/2021/TT-BXD), Phu luc II",Steel truss and structural fabrication,Fabrication Truss Rafter Steel HÌNH KHẨU ĐỘ Large - Fabrication rafter steel kh
Gỗ ván cầu công tác,Gỗ ván cầu công tác,Material,General,m3,0.0,0.0,0.0,0.0,0,VND,0.0,0.0125,14,14,"Concrete Pile, Column, Pile CỪ - Concrete pile, - Pile, column","Dinh muc du toan xay dung cong trinh (TT 12/2021/TT-BXD), Phu luc II","Concrete piles, columns and precast members","Concrete Pile, Column, Pile CỪ - Concrete pile, - Pile, column"
Trạm lặn,Trạm lặn,Equipment,General,ca,0.0,0.0,0.0,0.0,0,VND,0.0,0.9354,13,13,Excavation BÙN by Manual - Excavation bùn in mọi điều component - Bùn đặ,"Dinh muc du toan xay dung cong trinh (TT 12/2021/TT-BXD), Phu luc II",Earthwork - excavation and filling,Excavation BÙN by Manual - Excavation bùn in mọi điều component - Bùn đặ
Bulông M16,Bulông M16,Material,General,cái,0.0,0.0,0.0,0.0,0,VND,0.0,42.5385,13,13,Concrete LÓT Foundation - Concrete lót -    ,"Dinh muc du toan xay dung cong trinh (TT 12/2021/TT-BXD), Phu luc II",In situ concrete,Concrete LÓT Foundation - Concrete lót -    
Máy đầm bàn 1 kW,Máy đầm bàn 1 kW,Equipment,General,ca,0.0,0.0,0.0,0.0,0,VND,0.0,0.089,13,13,Concrete LÓT Foundation - Concrete lót -    ,"Dinh muc du toan xay dung cong trinh (TT 12/2021/TT-BXD), Phu luc II",In situ concrete,Concrete LÓT Foundation - Concrete lót -    
Máy khoan xoay 125 kNm,Máy khoan xoay 125 kNm,Equipment,General,ca,0.0,0.0,0.0,0.0,0,VND,0.0,1.8274,12,12,Filling Base Road by HỖN HỢP TRO XỈ NHIỆT Electric by Roller BÁN,"Dinh muc du toan xay dung cong trinh (TT 12/2021/TT-BXD), Phu luc II",Road embankment and base with ash/slag mixes,Filling Base Road by HỖN HỢP TRO XỈ NHIỆT Electric by Roller BÁN
Ôtô tự đổ 27,Ôtô tự đổ 27,Material,General,t,0.0,0.0,0.0,0.0,0,VND,0.0,1.0378,12,12,Excavation BÙN by Manual - Excavation bùn in mọi điều component - Bùn đặ,"Dinh muc du toan xay dung cong trinh (TT 12/2021/TT-BXD), Phu luc II",Earthwork - excavation and filling,Excavation BÙN by Manual - Excavation bùn in mọi điều component - Bùn đặ
Cọc tre,Cọc tre,Material,General,m,0.0,0.0,0.0,0.0,0,VND,0.0,105.0,12,12,"Pile driving TRE by Manual - Pile driving tre by manual, chi","Dinh muc du toan xay dung cong trinh (TT 12/2021/TT-BXD), Phu luc II",Piling and cast-in-place bored piles,"Pile driving TRE by Manual - Pile driving tre by manual, chi"
"Cần khoan 32, L=4m","Cần khoan 32, L=4m",Material,General,cái,0.0,0.0,0.0,0.0,0,VND,0.0,1.1328,12,12,Construction Layer LÓT Foundation in KHUNG VÂY - Construction layer lót món,"Dinh muc du toan xay dung cong trinh (TT 12/2021/TT-BXD), Phu luc II",Foundation blinding and cofferdam base layers,Construction Layer LÓT Foundation in KHUNG VÂY - Construction layer lót món
Tấm V-3D,Tấm V-3D,Material,General,m2,0.0,0.0,0.0,0.0,0,VND,0.0,1.06,12,12,"Concrete Pile, Column, Pile CỪ - Concrete pile, - Pile, column","Dinh muc du toan xay dung cong trinh (TT 12/2021/TT-BXD), Phu luc II","Concrete piles, columns and precast members","Concrete Pile, Column, Pile CỪ - Concrete pile, - Pile, column"
cv Máy ủi 240 cv,cv Máy ủi 240 cv,Equipment,General,ca,0.0,0.0,0.0,0.0,0,VND,0.0,0.3649,12,12,Excavation BÙN by Manual - Excavation bùn in mọi điều component - Bùn đặ,"Dinh muc du toan xay dung cong trinh (TT 12/2021/TT-BXD), Phu luc II",Earthwork - excavation and filling,Excavation BÙN by Manual - Excavation bùn in mọi điều component - Bùn đặ
Mũi khoan 76mm,Mũi khoan 76mm,Material,General,cái,0.0,0.0,0.0,0.0,0,VND,0.0,0.1758,12,12,Excavation BÙN by Manual - Excavation bùn in mọi điều component - Bùn đặ,"Dinh muc du toan xay dung cong trinh (TT 12/2021/TT-BXD), Phu luc II",Earthwork - excavation and filling,Excavation BÙN by Manual - Excavation bùn in mọi điều component - Bùn đặ
cv Máy ủi 180 cv,cv Máy ủi 180 cv,Equipment,General,ca,0.0,0.0,0.0,0.0,0,VND,0.0,0.4598,12,12,Excavation BÙN by Manual - Excavation bùn in mọi điều component - Bùn đặ,"Dinh muc du toan xay dung cong trinh (TT 12/2021/TT-BXD), Phu luc II",Earthwork - excavation and filling,Excavation BÙN by Manual - Excavation bùn in mọi điều component - Bùn đặ
cv Máy ủi 110 cv,cv Máy ủi 110 cv,Equipment,General,ca,0.0,0.0,0.0,0.0,0,VND,0.0,0.6262,12,12,Excavation BÙN by Manual - Excavation bùn in mọi điều component - Bùn đặ,"Dinh muc du toan xay dung cong trinh (TT 12/2021/TT-BXD), Phu luc II",Earthwork - excavation and filling,Excavation BÙN by Manual - Excavation bùn in mọi điều component - Bùn đặ
cv Máy ủi 140 cv,cv Máy ủi 140 cv,Equipment,General,ca,0.0,0.0,0.0,0.0,0,VND,0.0,0.5445,12,12,Excavation BÙN by Manual - Excavation bùn in mọi điều component - Bùn đặ,"Dinh muc du toan xay dung cong trinh (TT 12/2021/TT-BXD), Phu luc II",Earthwork - excavation and filling,Excavation BÙN by Manual - Excavation bùn in mọi điều component - Bùn đặ
phạm Ôtô tự đổ 22,phạm Ôtô tự đổ 22,Material,General,t,0.0,0.0,0.0,0.0,0,VND,0.0,1.2555,12,12,Excavation BÙN by Manual - Excavation bùn in mọi điều component - Bùn đặ,"Dinh muc du toan xay dung cong trinh (TT 12/2021/TT-BXD), Phu luc II",Earthwork - excavation and filling,Excavation BÙN by Manual - Excavation bùn in mọi điều component - Bùn đặ
bằng Ôtô tự đổ 12,bằng Ôtô tự đổ 12,Material,General,t,0.0,0.0,0.0,0.0,0,VND,0.0,1.8084,12,12,Excavation BÙN by Manual - Excavation bùn in mọi điều component - Bùn đặ,"Dinh muc du toan xay dung cong trinh (TT 12/2021/TT-BXD), Phu luc II",Earthwork - excavation and filling,Excavation BÙN by Manual - Excavation bùn in mọi điều component - Bùn đặ
Máy ủi 320 cv,Máy ủi 320 cv,Equipment,General,ca,0.0,0.0,0.0,0.0,0,VND,0.0,0.2659,12,12,Excavation BÙN by Manual - Excavation bùn in mọi điều component - Bùn đặ,"Dinh muc du toan xay dung cong trinh (TT 12/2021/TT-BXD), Phu luc II",Earthwork - excavation and filling,Excavation BÙN by Manual - Excavation bùn in mọi điều component - Bùn đặ
Gỗ đà nẹp,Gỗ đà nẹp,Material,General,m3,0.0,0.0,0.0,0.0,0,VND,0.0,0.1651,12,12,Concrete LÓT Foundation - Concrete lót -    ,"Dinh muc du toan xay dung cong trinh (TT 12/2021/TT-BXD), Phu luc II",In situ concrete,Concrete LÓT Foundation - Concrete lót -    
"Cần khoan 32, L=1,5m","Cần khoan 32, L=1,5m",Material,General,cái,0.0,0.0,0.0,0.0,0,VND,0.0,1.6285,12,12,Excavation BÙN by Manual - Excavation bùn in mọi điều component - Bùn đặ,"Dinh muc du toan xay dung cong trinh (TT 12/2021/TT-BXD), Phu luc II",Earthwork - excavation and filling,Excavation BÙN by Manual - Excavation bùn in mọi điều component - Bùn đặ
Ván công nghiệp,Ván công nghiệp,Material,General,m2,0.0,0.0,0.0,0.0,0,VND,0.0,17.065,12,12,Concrete LÓT Foundation - Concrete lót -    ,"Dinh muc du toan xay dung cong trinh (TT 12/2021/TT-BXD), Phu luc II",In situ concrete,Concrete LÓT Foundation - Concrete lót -    
Tàu kéo 75 cv,Tàu kéo 75 cv,Equipment,General,ca,0.0,0.0,0.0,0.0,0,VND,0.0,0.5338,12,12,"Pile driving TRE by Manual - Pile driving tre by manual, chi","Dinh muc du toan xay dung cong trinh (TT 12/2021/TT-BXD), Phu luc II",Piling and cast-in-place bored piles,"Pile driving TRE by Manual - Pile driving tre by manual, chi"
Sà lan (chứa,Sà lan (chứa,Equipment,General,ca,0.0,0.0,0.0,0.0,0,VND,0.0,1.8416,12,12,"Pile driving TRE by Manual - Pile driving tre by manual, chi","Dinh muc du toan xay dung cong trinh (TT 12/2021/TT-BXD), Phu luc II",Piling and cast-in-place bored piles,"Pile driving TRE by Manual - Pile driving tre by manual, chi"
bằng Máy thi công Máy ủi 110 cv,bằng Máy thi công Máy ủi 110 cv,Equipment,General,ca,0.0,0.0,0.0,0.0,0,VND,0.0,0.8463,12,12,Excavation BÙN by Manual - Excavation bùn in mọi điều component - Bùn đặ,"Dinh muc du toan xay dung cong trinh (TT 12/2021/TT-BXD), Phu luc II",Earthwork - excavation and filling,Excavation BÙN by Manual - Excavation bùn in mọi điều component - Bùn đặ
Máy búa rung 90 kW,Máy búa rung 90 kW,Equipment,General,ca,0.0,0.0,0.0,0.0,0,VND,0.0,0.222,12,12,Filling Base Road by HỖN HỢP TRO XỈ NHIỆT Electric by Roller BÁN,"Dinh muc du toan xay dung cong trinh (TT 12/2021/TT-BXD), Phu luc II",Road embankment and base with ash/slag mixes,Filling Base Road by HỖN HỢP TRO XỈ NHIỆT Electric by Roller BÁN
các loại,các loại,Material,General,m³,0.0,0.0,0.0,0.0,0,VND,0.0,0.0617,12,9,Loading Stacking Material RỜI LÊN PHƯƠNG TIỆN Transport by THỦ CÔN,"Dinh muc du toan xay dung cong trinh (TT 12/2021/TT-BXD), Phu luc II","Loading, unloading and transport",Loading Stacking Material RỜI LÊN PHƯƠNG TIỆN Transport by THỦ CÔN
Gỗ chống,Gỗ chống,Material,General,m3,0.0,0.0,0.0,0.0,0,VND,0.0,0.4254,12,12,Concrete LÓT Foundation - Concrete lót -    ,"Dinh muc du toan xay dung cong trinh (TT 12/2021/TT-BXD), Phu luc II",In situ concrete,Concrete LÓT Foundation - Concrete lót -    
Máy ủi 240 cv,Máy ủi 240 cv,Equipment,General,ca,0.0,0.0,0.0,0.0,0,VND,0.0,0.4947,12,12,Excavation BÙN by Manual - Excavation bùn in mọi điều component - Bùn đặ,"Dinh muc du toan xay dung cong trinh (TT 12/2021/TT-BXD), Phu luc II",Earthwork - excavation and filling,Excavation BÙN by Manual - Excavation bùn in mọi điều component - Bùn đặ
Xi măng kg,Xi măng kg,Material,General,134,0.0,0.0,0.0,0.0,0,VND,0.0,284.5417,12,12,Masonry Foundation - Masonry foundation - Dimension   ,"Dinh muc du toan xay dung cong trinh (TT 12/2021/TT-BXD), Phu luc II",Masonry (brick and stone),Masonry Foundation - Masonry foundation - Dimension   
Máy khoan,Máy khoan,Equipment,General,ca,0.0,0.0,0.0,0.0,0,VND,0.0,0.0741,12,12,"Pile driving TRE by Manual - Pile driving tre by manual, chi","Dinh muc du toan xay dung cong trinh (TT 12/2021/TT-BXD), Phu luc II",Piling and cast-in-place bored piles,"Pile driving TRE by Manual - Pile driving tre by manual, chi"
Cần cẩu 50 t,Cần cẩu 50 t,Equipment,General,ca,0.0,0.0,0.0,0.0,0,VND,0.0,0.6951,12,12,Excavation BÙN by Manual - Excavation bùn in mọi điều component - Bùn đặ,"Dinh muc du toan xay dung cong trinh (TT 12/2021/TT-BXD), Phu luc II",Earthwork - excavation and filling,Excavation BÙN by Manual - Excavation bùn in mọi điều component - Bùn đặ
Sà lan (đặt,Sà lan (đặt,Equipment,General,ca,0.0,0.0,0.0,0.0,0,VND,0.0,1.8416,12,12,"Pile driving TRE by Manual - Pile driving tre by manual, chi","Dinh muc du toan xay dung cong trinh (TT 12/2021/TT-BXD), Phu luc II",Piling and cast-in-place bored piles,"Pile driving TRE by Manual - Pile driving tre by manual, chi"
Cần trục tháp 50 t,Cần trục tháp 50 t,Equipment,General,ca,0.0,0.0,0.0,0.0,0,VND,0.0,0.2109,12,12,Concrete LÓT Foundation - Concrete lót -    ,"Dinh muc du toan xay dung cong trinh (TT 12/2021/TT-BXD), Phu luc II",In situ concrete,Concrete LÓT Foundation - Concrete lót -    
Máy san 110 cv,Máy san 110 cv,Equipment,General,ca,0.0,0.0,0.0,0.0,0,VND,0.0,0.4052,12,12,Construction Foundation Graded aggregate Crushed stone - Construction foundation graded aggregate stone dă,"Dinh muc du toan xay dung cong trinh (TT 12/2021/TT-BXD), Phu luc II",Road base and sub-base,Construction Foundation Graded aggregate Crushed stone - Construction foundation
Cọc gỗ (cọc tràm),Cọc gỗ (cọc tràm),Material,General,m,0.0,0.0,0.0,0.0,0,VND,0.0,105.0,12,12,"Pile driving TRE by Manual - Pile driving tre by manual, chi","Dinh muc du toan xay dung cong trinh (TT 12/2021/TT-BXD), Phu luc II",Piling and cast-in-place bored piles,"Pile driving TRE by Manual - Pile driving tre by manual, chi"
Vận thăng 3 t,Vận thăng 3 t,Equipment,General,ca,0.0,0.0,0.0,0.0,0,VND,0.0,0.023,12,12,Concrete LÓT Foundation - Concrete lót -    ,"Dinh muc du toan xay dung cong trinh (TT 12/2021/TT-BXD), Phu luc II",In situ concrete,Concrete LÓT Foundation - Concrete lót -    
Cây chống,Cây chống,Material,General,cây,0.0,0.0,0.0,0.0,0,VND,0.0,1.5683,12,12,"Pile driving TRE by Manual - Pile driving tre by manual, chi","Dinh muc du toan xay dung cong trinh (TT 12/2021/TT-BXD), Phu luc II",Piling and cast-in-place bored piles,"Pile driving TRE by Manual - Pile driving tre by manual, chi"
Máy ủi 180 cv,Máy ủi 180 cv,Equipment,General,ca,0.0,0.0,0.0,0.0,0,VND,0.0,0.6086,12,12,Excavation BÙN by Manual - Excavation bùn in mọi điều component - Bùn đặ,"Dinh muc du toan xay dung cong trinh (TT 12/2021/TT-BXD), Phu luc II",Earthwork - excavation and filling,Excavation BÙN by Manual - Excavation bùn in mọi điều component - Bùn đặ
Ôtô tự đổ,Ôtô tự đổ,Equipment,General,ca,0.0,0.0,0.0,0.0,0,VND,0.0,2.9775,12,12,Construction Foundation Graded aggregate Crushed stone - Construction foundation graded aggregate stone dă,"Dinh muc du toan xay dung cong trinh (TT 12/2021/TT-BXD), Phu luc II",Road base and sub-base,Construction Foundation Graded aggregate Crushed stone - Construction foundation
"Cần khoan 38, L=3,73m","Cần khoan 38, L=3,73m",Material,General,cái,0.0,0.0,0.0,0.0,0,VND,0.0,0.2272,12,12,Excavation BÙN by Manual - Excavation bùn in mọi điều component - Bùn đặ,"Dinh muc du toan xay dung cong trinh (TT 12/2021/TT-BXD), Phu luc II",Earthwork - excavation and filling,Excavation BÙN by Manual - Excavation bùn in mọi điều component - Bùn đặ
76mm Máy nén khí 1200m3/h,76mm Máy nén khí 1200m3/h,Equipment,General,ca,0.0,0.0,0.0,0.0,0,VND,0.0,0.8717,12,12,Excavation BÙN by Manual - Excavation bùn in mọi điều component - Bùn đặ,"Dinh muc du toan xay dung cong trinh (TT 12/2021/TT-BXD), Phu luc II",Earthwork - excavation and filling,Excavation BÙN by Manual - Excavation bùn in mọi điều component - Bùn đặ
Đuôi choòng 38mm,Đuôi choòng 38mm,Material,General,cái,0.0,0.0,0.0,0.0,0,VND,0.0,0.2075,12,12,Excavation BÙN by Manual - Excavation bùn in mọi điều component - Bùn đặ,"Dinh muc du toan xay dung cong trinh (TT 12/2021/TT-BXD), Phu luc II",Earthwork - excavation and filling,Excavation BÙN by Manual - Excavation bùn in mọi điều component - Bùn đặ
Bột mầu,Bột mầu,Material,General,kg,0.0,0.0,0.0,0.0,0,VND,0.0,0.0836,11,11,LỢP Roof NGÓI 13 unit / m 2 - Lợp roof ngói 22 v / m 2 - Height,"Dinh muc du toan xay dung cong trinh (TT 12/2021/TT-BXD), Phu luc II",Roofing and roof coverings,LỢP Roof NGÓI 13 unit / m 2 - Lợp roof ngói 22 v / m 2 - Height
thép 9 t Máy ủi 110 cv,thép 9 t Máy ủi 110 cv,Equipment,General,ca,0.0,0.0,0.0,0.0,0,VND,0.0,0.1528,11,11,Excavation BÙN by Manual - Excavation bùn in mọi điều component - Bùn đặ,"Dinh muc du toan xay dung cong trinh (TT 12/2021/TT-BXD), Phu luc II",Earthwork - excavation and filling,Excavation BÙN by Manual - Excavation bùn in mọi điều component - Bùn đặ
"Ôtô thùng 2,5 t","Ôtô thùng 2,5 t",Equipment,General,ca,0.0,0.0,0.0,0.0,0,VND,0.0,0.0276,11,11,Construction Foundation Graded aggregate Crushed stone - Construction foundation graded aggregate stone dă,"Dinh muc du toan xay dung cong trinh (TT 12/2021/TT-BXD), Phu luc II",Road base and sub-base,Construction Foundation Graded aggregate Crushed stone - Construction foundation
Bulông M12x250,Bulông M12x250,Material,General,cái,0.0,0.0,0.0,0.0,0,VND,0.0,155.5145,11,11,Truss Rafter Roof NGÓI - Fabrication truss rafter roof ngói,"Dinh muc du toan xay dung cong trinh (TT 12/2021/TT-BXD), Phu luc II",Timber fabrication and erection,Truss Rafter Roof NGÓI - Fabrication truss rafter roof ngói
kVA Tời điện 3 t,kVA Tời điện 3 t,Equipment,General,ca,0.0,0.0,0.0,0.0,0,VND,0.0,0.1999,10,10,Excavation BÙN by Manual - Excavation bùn in mọi điều component - Bùn đặ,"Dinh muc du toan xay dung cong trinh (TT 12/2021/TT-BXD), Phu luc II",Earthwork - excavation and filling,Excavation BÙN by Manual - Excavation bùn in mọi điều component - Bùn đặ
Sơn lót,Sơn lót,Material,General,kg,0.0,0.0,0.0,0.0,0,VND,0.0,0.1754,10,10,LỢP Roof NGÓI 13 unit / m 2 - Lợp roof ngói 22 v / m 2 - Height,"Dinh muc du toan xay dung cong trinh (TT 12/2021/TT-BXD), Phu luc II",Roofing and roof coverings,LỢP Roof NGÓI 13 unit / m 2 - Lợp roof ngói 22 v / m 2 - Height
Đinh các loại,Đinh các loại,Material,General,kg,0.0,0.0,0.0,0.0,0,VND,0.0,0.726,10,10,LỢP Roof NGÓI 13 unit / m 2 - Lợp roof ngói 22 v / m 2 - Height,"Dinh muc du toan xay dung cong trinh (TT 12/2021/TT-BXD), Phu luc II",Roofing and roof coverings,LỢP Roof NGÓI 13 unit / m 2 - Lợp roof ngói 22 v / m 2 - Height
150KNm÷200KNm Cần cẩu 25 t,150KNm÷200KNm Cần cẩu 25 t,Equipment,General,ca,0.0,0.0,0.0,0.0,0,VND,0.0,0.0846,10,10,"Pile driving TRE by Manual - Pile driving tre by manual, chi","Dinh muc du toan xay dung cong trinh (TT 12/2021/TT-BXD), Phu luc II",Piling and cast-in-place bored piles,"Pile driving TRE by Manual - Pile driving tre by manual, chi"
cấp Vật liệu Răng khoan đá,cấp Vật liệu Răng khoan đá,Equipment,General,cái,0.0,0.0,0.0,0.0,0,VND,0.0,0.5982,10,10,"Pile driving TRE by Manual - Pile driving tre by manual, chi","Dinh muc du toan xay dung cong trinh (TT 12/2021/TT-BXD), Phu luc II",Piling and cast-in-place bored piles,"Pile driving TRE by Manual - Pile driving tre by manual, chi"
Máy hàn 23kW,Máy hàn 23kW,Equipment,General,ca,0.0,0.0,0.0,0.0,0,VND,0.0,2.389,10,10,"Pile driving TRE by Manual - Pile driving tre by manual, chi","Dinh muc du toan xay dung cong trinh (TT 12/2021/TT-BXD), Phu luc II",Piling and cast-in-place bored piles,"Pile driving TRE by Manual - Pile driving tre by manual, chi"
"Máy xúc lật 1,25 m3","Máy xúc lật 1,25 m3",Equipment,General,ca,0.0,0.0,0.0,0.0,0,VND,0.0,0.1725,10,10,"Pile driving TRE by Manual - Pile driving tre by manual, chi","Dinh muc du toan xay dung cong trinh (TT 12/2021/TT-BXD), Phu luc II",Piling and cast-in-place bored piles,"Pile driving TRE by Manual - Pile driving tre by manual, chi"
Máy cạp 16m3,Máy cạp 16m3,Equipment,General,ca,0.0,0.0,0.0,0.0,0,VND,0.0,0.2184,10,10,Excavation BÙN by Manual - Excavation bùn in mọi điều component - Bùn đặ,"Dinh muc du toan xay dung cong trinh (TT 12/2021/TT-BXD), Phu luc II",Earthwork - excavation and filling,Excavation BÙN by Manual - Excavation bùn in mọi điều component - Bùn đặ
Tàu cấp nước 360 cv,Tàu cấp nước 360 cv,Equipment,General,ca,0.0,0.0,0.0,0.0,0,VND,0.0,0.0831,10,10,Excavation BÙN by Manual - Excavation bùn in mọi điều component - Bùn đặ,"Dinh muc du toan xay dung cong trinh (TT 12/2021/TT-BXD), Phu luc II",Earthwork - excavation and filling,Excavation BÙN by Manual - Excavation bùn in mọi điều component - Bùn đặ
Sắt đệm,Sắt đệm,Material,General,kg,0.0,0.0,0.0,0.0,0,VND,0.0,4.65,10,10,"Concrete Pile, Column, Pile CỪ - Concrete pile, - Pile, column","Dinh muc du toan xay dung cong trinh (TT 12/2021/TT-BXD), Phu luc II","Concrete piles, columns and precast members","Concrete Pile, Column, Pile CỪ - Concrete pile, - Pile, column"
Sà lan chở dầu 250 t,Sà lan chở dầu 250 t,Equipment,General,ca,0.0,0.0,0.0,0.0,0,VND,0.0,0.104,10,10,Excavation BÙN by Manual - Excavation bùn in mọi điều component - Bùn đặ,"Dinh muc du toan xay dung cong trinh (TT 12/2021/TT-BXD), Phu luc II",Earthwork - excavation and filling,Excavation BÙN by Manual - Excavation bùn in mọi điều component - Bùn đặ
Máy nén khí 1200m3/h,Máy nén khí 1200m3/h,Equipment,General,ca,0.0,0.0,0.0,0.0,0,VND,0.0,0.5218,10,6,Excavation BÙN by Manual - Excavation bùn in mọi điều component - Bùn đặ,"Dinh muc du toan xay dung cong trinh (TT 12/2021/TT-BXD), Phu luc II",Earthwork - excavation and filling,Excavation BÙN by Manual - Excavation bùn in mọi điều component - Bùn đặ
Đá dăm m3,Đá dăm m3,Material,General,"0,742",0.0,0.0,0.0,0.0,0,VND,0.0,0.7501,10,5,Concrete LÓT Foundation - Concrete lót -    ,"Dinh muc du toan xay dung cong trinh (TT 12/2021/TT-BXD), Phu luc II",In situ concrete,Concrete LÓT Foundation - Concrete lót -    
Vật liệu khác,Vật liệu khác,Equipment,General,%,0.0,0.0,0.0,0.0,0,VND,0.0,2.0,10,10,"Pile driving TRE by Manual - Pile driving tre by manual, chi","Dinh muc du toan xay dung cong trinh (TT 12/2021/TT-BXD), Phu luc II",Piling and cast-in-place bored piles,"Pile driving TRE by Manual - Pile driving tre by manual, chi"
150KNm÷200KNm Cần cẩu 50 t,150KNm÷200KNm Cần cẩu 50 t,Equipment,General,ca,0.0,0.0,0.0,0.0,0,VND,0.0,0.0879,10,10,"Pile driving TRE by Manual - Pile driving tre by manual, chi","Dinh muc du toan xay dung cong trinh (TT 12/2021/TT-BXD), Phu luc II",Piling and cast-in-place bored piles,"Pile driving TRE by Manual - Pile driving tre by manual, chi"
Đá chẻ,Đá chẻ,Material,General,viên,0.0,0.0,0.0,0.0,0,VND,0.0,90.4,10,10,Masonry Foundation - Masonry foundation - Dimension   ,"Dinh muc du toan xay dung cong trinh (TT 12/2021/TT-BXD), Phu luc II",Masonry (brick and stone),Masonry Foundation - Masonry foundation - Dimension   
Máy phun vẩy 16 m3/h,Máy phun vẩy 16 m3/h,Equipment,General,ca,0.0,0.0,0.0,0.0,0,VND,0.0,0.6012,10,10,Construction Layer LÓT Foundation in KHUNG VÂY - Construction layer lót món,"Dinh muc du toan xay dung cong trinh (TT 12/2021/TT-BXD), Phu luc II",Foundation blinding and cofferdam base layers,Construction Layer LÓT Foundation in KHUNG VÂY - Construction layer lót món
Máy nén khí 1200 m3/h,Máy nén khí 1200 m3/h,Equipment,General,ca,0.0,0.0,0.0,0.0,0,VND,0.0,0.5076,10,10,Excavation BÙN by Manual - Excavation bùn in mọi điều component - Bùn đặ,"Dinh muc du toan xay dung cong trinh (TT 12/2021/TT-BXD), Phu luc II",Earthwork - excavation and filling,Excavation BÙN by Manual - Excavation bùn in mọi điều component - Bùn đặ
Ôxy,Ôxy,Material,General,chai,0.0,0.0,0.0,0.0,0,VND,0.0,1.778,10,10,Concrete LÓT Foundation - Concrete lót -    ,"Dinh muc du toan xay dung cong trinh (TT 12/2021/TT-BXD), Phu luc II",In situ concrete,Concrete LÓT Foundation - Concrete lót -    
Máy cạp 9m3,Máy cạp 9m3,Equipment,General,ca,0.0,0.0,0.0,0.0,0,VND,0.0,0.3861,10,10,Excavation BÙN by Manual - Excavation bùn in mọi điều component - Bùn đặ,"Dinh muc du toan xay dung cong trinh (TT 12/2021/TT-BXD), Phu luc II",Earthwork - excavation and filling,Excavation BÙN by Manual - Excavation bùn in mọi điều component - Bùn đặ
Sà lan chở nước 250 t,Sà lan chở nước 250 t,Equipment,General,ca,0.0,0.0,0.0,0.0,0,VND,0.0,0.0975,10,10,Excavation BÙN by Manual - Excavation bùn in mọi điều component - Bùn đặ,"Dinh muc du toan xay dung cong trinh (TT 12/2021/TT-BXD), Phu luc II",Earthwork - excavation and filling,Excavation BÙN by Manual - Excavation bùn in mọi điều component - Bùn đặ
cấp Vật liệu Răng khoan đá,cấp Vật liệu Răng khoan đá,Material,General,cái,0.0,0.0,0.0,0.0,0,VND,0.0,0.661,10,10,"Pile driving TRE by Manual - Pile driving tre by manual, chi","Dinh muc du toan xay dung cong trinh (TT 12/2021/TT-BXD), Phu luc II",Piling and cast-in-place bored piles,"Pile driving TRE by Manual - Pile driving tre by manual, chi"
Nhựa bi tum,Nhựa bi tum,Material,General,kg,0.0,0.0,0.0,0.0,0,VND,0.0,194.5009,9,9,Construction Foundation Graded aggregate Crushed stone - Construction foundation graded aggregate stone dă,"Dinh muc du toan xay dung cong trinh (TT 12/2021/TT-BXD), Phu luc II",Road base and sub-base,Construction Foundation Graded aggregate Crushed stone - Construction foundation
Vữa bê tông đá 0.5x1 M100,Vữa bê tông đá 0.5x1 M100,Material,General,m3,0.0,0.0,0.0,0.0,0,VND,0.0,0.0343,9,9,"Concrete Pile, Column, Pile CỪ - Concrete pile, - Pile, column","Dinh muc du toan xay dung cong trinh (TT 12/2021/TT-BXD), Phu luc II","Concrete piles, columns and precast members","Concrete Pile, Column, Pile CỪ - Concrete pile, - Pile, column"
"Máy cắt gạch 1,7kW","Máy cắt gạch 1,7kW",Equipment,General,ca,0.0,0.0,0.0,0.0,0,VND,0.0,0.2328,9,9,Masonry Foundation - Masonry foundation - Dimension   ,"Dinh muc du toan xay dung cong trinh (TT 12/2021/TT-BXD), Phu luc II",Masonry (brick and stone),Masonry Foundation - Masonry foundation - Dimension   
"Máy phát điện 37,5 kVA","Máy phát điện 37,5 kVA",Equipment,General,ca,0.0,0.0,0.0,0.0,0,VND,0.0,0.2137,9,9,Concrete LÓT Foundation - Concrete lót -    ,"Dinh muc du toan xay dung cong trinh (TT 12/2021/TT-BXD), Phu luc II",In situ concrete,Concrete LÓT Foundation - Concrete lót -    
Lưới thép làm đầu đốc,Lưới thép làm đầu đốc,Material,General,m2,0.0,0.0,0.0,0.0,0,VND,0.0,0.2459,9,9,Concrete LÓT Foundation - Concrete lót -    ,"Dinh muc du toan xay dung cong trinh (TT 12/2021/TT-BXD), Phu luc II",In situ concrete,Concrete LÓT Foundation - Concrete lót -    
Máy nâng thuỷ lực 135cv,Máy nâng thuỷ lực 135cv,Equipment,General,ca,0.0,0.0,0.0,0.0,0,VND,0.0,0.4117,9,9,Concrete LÓT Foundation - Concrete lót -    ,"Dinh muc du toan xay dung cong trinh (TT 12/2021/TT-BXD), Phu luc II",In situ concrete,Concrete LÓT Foundation - Concrete lót -    
Cần cẩu 16 t ca,Cần cẩu 16 t ca,Equipment,General,ca,0.0,0.0,0.0,0.0,0,VND,0.0,0.1947,9,9,Concrete LÓT Foundation - Concrete lót -    ,"Dinh muc du toan xay dung cong trinh (TT 12/2021/TT-BXD), Phu luc II",In situ concrete,Concrete LÓT Foundation - Concrete lót -    
Ca nô 150 cv,Ca nô 150 cv,Equipment,General,ca,0.0,0.0,0.0,0.0,0,VND,0.0,0.0333,9,9,"Concrete Pile, Column, Pile CỪ - Concrete pile, - Pile, column","Dinh muc du toan xay dung cong trinh (TT 12/2021/TT-BXD), Phu luc II","Concrete piles, columns and precast members","Concrete Pile, Column, Pile CỪ - Concrete pile, - Pile, column"
"Đá 0,5x1","Đá 0,5x1",Material,General,m3,0.0,0.0,0.0,0.0,0,VND,0.0,0.5178,9,9,Construction Foundation Graded aggregate Crushed stone - Construction foundation graded aggregate stone dă,"Dinh muc du toan xay dung cong trinh (TT 12/2021/TT-BXD), Phu luc II",Road base and sub-base,Construction Foundation Graded aggregate Crushed stone - Construction foundation
Đầu nối nhựa chữ thập,Đầu nối nhựa chữ thập,Material,General,cái,0.0,0.0,0.0,0.0,0,VND,0.0,5.25,9,9,Construction Layer LÓT Foundation in KHUNG VÂY - Construction layer lót món,"Dinh muc du toan xay dung cong trinh (TT 12/2021/TT-BXD), Phu luc II",Foundation blinding and cofferdam base layers,Construction Layer LÓT Foundation in KHUNG VÂY - Construction layer lót món
Cát mịn m3,Cát mịn m3,Material,General,"1,283",0.0,0.0,0.0,0.0,0,VND,0.0,1.1971,9,9,Masonry Foundation - Masonry foundation - Dimension   ,"Dinh muc du toan xay dung cong trinh (TT 12/2021/TT-BXD), Phu luc II",Masonry (brick and stone),Masonry Foundation - Masonry foundation - Dimension   
Ngói,Ngói,Material,General,viên,0.0,0.0,0.0,0.0,0,VND,0.0,4350.1111,9,5,LỢP Roof NGÓI 13 unit / m 2 - Lợp roof ngói 22 v / m 2 - Height,"Dinh muc du toan xay dung cong trinh (TT 12/2021/TT-BXD), Phu luc II",Roofing and roof coverings,LỢP Roof NGÓI 13 unit / m 2 - Lợp roof ngói 22 v / m 2 - Height
Nhựa Bitum,Nhựa Bitum,Material,General,kg,0.0,0.0,0.0,0.0,0,VND,0.0,20.86,9,9,Construction Layer LÓT Foundation in KHUNG VÂY - Construction layer lót món,"Dinh muc du toan xay dung cong trinh (TT 12/2021/TT-BXD), Phu luc II",Foundation blinding and cofferdam base layers,Construction Layer LÓT Foundation in KHUNG VÂY - Construction layer lót món
Củi đốt,Củi đốt,Material,General,kg,0.0,0.0,0.0,0.0,0,VND,0.0,19.7978,9,9,Construction Layer LÓT Foundation in KHUNG VÂY - Construction layer lót món,"Dinh muc du toan xay dung cong trinh (TT 12/2021/TT-BXD), Phu luc II",Foundation blinding and cofferdam base layers,Construction Layer LÓT Foundation in KHUNG VÂY - Construction layer lót món
Cọc ống bê tông,Cọc ống bê tông,Material,General,m,0.0,0.0,0.0,0.0,0,VND,0.0,101.0,9,9,"Pile driving TRE by Manual - Pile driving tre by manual, chi","Dinh muc du toan xay dung cong trinh (TT 12/2021/TT-BXD), Phu luc II",Piling and cast-in-place bored piles,"Pile driving TRE by Manual - Pile driving tre by manual, chi"
Ôtô tưới nước 5m3,Ôtô tưới nước 5m3,Equipment,General,ca,0.0,0.0,0.0,0.0,0,VND,0.0,0.0591,9,9,Construction Foundation Graded aggregate Crushed stone - Construction foundation graded aggregate stone dă,"Dinh muc du toan xay dung cong trinh (TT 12/2021/TT-BXD), Phu luc II",Road base and sub-base,Construction Foundation Graded aggregate Crushed stone - Construction foundation
Xi măng PCB30,Xi măng PCB30,Material,General,kg,0.0,0.0,0.0,0.0,0,VND,0.0,11066.0,9,9,Construction Foundation Graded aggregate Crushed stone - Construction foundation graded aggregate stone dă,"Dinh muc du toan xay dung cong trinh (TT 12/2021/TT-BXD), Phu luc II",Road base and sub-base,Construction Foundation Graded aggregate Crushed stone - Construction foundation
Đá 1x2,Đá 1x2,Material,General,m3,0.0,0.0,0.0,0.0,0,VND,0.0,0.4533,9,9,Construction Foundation Graded aggregate Crushed stone - Construction foundation graded aggregate stone dă,"Dinh muc du toan xay dung cong trinh (TT 12/2021/TT-BXD), Phu luc II",Road base and sub-base,Construction Foundation Graded aggregate Crushed stone - Construction foundation
Đá 2x4,Đá 2x4,Material,General,m3,0.0,0.0,0.0,0.0,0,VND,0.0,0.4456,9,9,Construction Foundation Graded aggregate Crushed stone - Construction foundation graded aggregate stone dă,"Dinh muc du toan xay dung cong trinh (TT 12/2021/TT-BXD), Phu luc II",Road base and sub-base,Construction Foundation Graded aggregate Crushed stone - Construction foundation
hao phí vị,hao phí vị,Material,General,200,0.0,0.0,0.0,0.0,0,VND,0.0,422.2222,9,9,Concrete LÓT Foundation - Concrete lót -    ,"Dinh muc du toan xay dung cong trinh (TT 12/2021/TT-BXD), Phu luc II",In situ concrete,Concrete LÓT Foundation - Concrete lót -    
Đồng hồ áp lực 60,Đồng hồ áp lực 60,Material,General,cái,0.0,0.0,0.0,0.0,0,VND,0.0,0.006,8,8,Construction Layer LÓT Foundation in KHUNG VÂY - Construction layer lót món,"Dinh muc du toan xay dung cong trinh (TT 12/2021/TT-BXD), Phu luc II",Foundation blinding and cofferdam base layers,Construction Layer LÓT Foundation in KHUNG VÂY - Construction layer lót món
Zoăng tam pôn,Zoăng tam pôn,Material,General,cái,0.0,0.0,0.0,0.0,0,VND,0.0,0.115,8,8,Construction Layer LÓT Foundation in KHUNG VÂY - Construction layer lót món,"Dinh muc du toan xay dung cong trinh (TT 12/2021/TT-BXD), Phu luc II",Foundation blinding and cofferdam base layers,Construction Layer LÓT Foundation in KHUNG VÂY - Construction layer lót món
Đầu nối nhanh,Đầu nối nhanh,Material,General,cái,0.0,0.0,0.0,0.0,0,VND,0.0,0.017,8,8,Construction Layer LÓT Foundation in KHUNG VÂY - Construction layer lót món,"Dinh muc du toan xay dung cong trinh (TT 12/2021/TT-BXD), Phu luc II",Foundation blinding and cofferdam base layers,Construction Layer LÓT Foundation in KHUNG VÂY - Construction layer lót món
Dầu bôi,Dầu bôi,Material,General,kg,0.0,0.0,0.0,0.0,0,VND,0.0,4.2062,8,8,Fabrication Truss Rafter Steel HÌNH KHẨU ĐỘ Large - Fabrication rafter steel kh,"Dinh muc du toan xay dung cong trinh (TT 12/2021/TT-BXD), Phu luc II",Steel truss and structural fabrication,Fabrication Truss Rafter Steel HÌNH KHẨU ĐỘ Large - Fabrication rafter steel kh
Ông nối nhanh,Ông nối nhanh,Material,General,cái,0.0,0.0,0.0,0.0,0,VND,0.0,0.057,8,8,Construction Layer LÓT Foundation in KHUNG VÂY - Construction layer lót món,"Dinh muc du toan xay dung cong trinh (TT 12/2021/TT-BXD), Phu luc II",Foundation blinding and cofferdam base layers,Construction Layer LÓT Foundation in KHUNG VÂY - Construction layer lót món
t Máy lu bánh,t Máy lu bánh,Equipment,General,ca,0.0,0.0,0.0,0.0,0,VND,0.0,0.2334,8,8,Excavation BÙN by Manual - Excavation bùn in mọi điều component - Bùn đặ,"Dinh muc du toan xay dung cong trinh (TT 12/2021/TT-BXD), Phu luc II",Earthwork - excavation and filling,Excavation BÙN by Manual - Excavation bùn in mọi điều component - Bùn đặ
Van 3 chiều,Van 3 chiều,Material,General,cái,0.0,0.0,0.0,0.0,0,VND,0.0,0.006,8,8,Construction Layer LÓT Foundation in KHUNG VÂY - Construction layer lót món,"Dinh muc du toan xay dung cong trinh (TT 12/2021/TT-BXD), Phu luc II",Foundation blinding and cofferdam base layers,Construction Layer LÓT Foundation in KHUNG VÂY - Construction layer lót món
Mũi khoan 76mm,Mũi khoan 76mm,Material,General,cái,0.0,0.0,0.0,0.0,0,VND,0.0,2.1824,8,8,Construction Layer LÓT Foundation in KHUNG VÂY - Construction layer lót món,"Dinh muc du toan xay dung cong trinh (TT 12/2021/TT-BXD), Phu luc II",Foundation blinding and cofferdam base layers,Construction Layer LÓT Foundation in KHUNG VÂY - Construction layer lót món
Keo dán,Keo dán,Material,General,kg,0.0,0.0,0.0,0.0,0,VND,0.0,0.795,8,8,LỢP Roof NGÓI 13 unit / m 2 - Lợp roof ngói 22 v / m 2 - Height,"Dinh muc du toan xay dung cong trinh (TT 12/2021/TT-BXD), Phu luc II",Roofing and roof coverings,LỢP Roof NGÓI 13 unit / m 2 - Lợp roof ngói 22 v / m 2 - Height
Khớp nối nhanh,Khớp nối nhanh,Material,General,cái,0.0,0.0,0.0,0.0,0,VND,0.0,0.023,8,8,Construction Layer LÓT Foundation in KHUNG VÂY - Construction layer lót món,"Dinh muc du toan xay dung cong trinh (TT 12/2021/TT-BXD), Phu luc II",Foundation blinding and cofferdam base layers,Construction Layer LÓT Foundation in KHUNG VÂY - Construction layer lót món
cạp Máy cạp 9m3,cạp Máy cạp 9m3,Equipment,General,ca,0.0,0.0,0.0,0.0,0,VND,0.0,0.4914,8,8,Excavation BÙN by Manual - Excavation bùn in mọi điều component - Bùn đặ,"Dinh muc du toan xay dung cong trinh (TT 12/2021/TT-BXD), Phu luc II",Earthwork - excavation and filling,Excavation BÙN by Manual - Excavation bùn in mọi điều component - Bùn đặ
cv Máy ủi 320 cv,cv Máy ủi 320 cv,Equipment,General,ca,0.0,0.0,0.0,0.0,0,VND,0.0,0.2156,8,8,Excavation BÙN by Manual - Excavation bùn in mọi điều component - Bùn đặ,"Dinh muc du toan xay dung cong trinh (TT 12/2021/TT-BXD), Phu luc II",Earthwork - excavation and filling,Excavation BÙN by Manual - Excavation bùn in mọi điều component - Bùn đặ
Mỡ các loại,Mỡ các loại,Material,General,kg,0.0,0.0,0.0,0.0,0,VND,0.0,3.4462,8,8,Fabrication Truss Rafter Steel HÌNH KHẨU ĐỘ Large - Fabrication rafter steel kh,"Dinh muc du toan xay dung cong trinh (TT 12/2021/TT-BXD), Phu luc II",Steel truss and structural fabrication,Fabrication Truss Rafter Steel HÌNH KHẨU ĐỘ Large - Fabrication rafter steel kh
"Cần khoan L=1,2m","Cần khoan L=1,2m",Material,General,cái,0.0,0.0,0.0,0.0,0,VND,0.0,12.2715,8,8,Excavation BÙN by Manual - Excavation bùn in mọi điều component - Bùn đặ,"Dinh muc du toan xay dung cong trinh (TT 12/2021/TT-BXD), Phu luc II",Earthwork - excavation and filling,Excavation BÙN by Manual - Excavation bùn in mọi điều component - Bùn đặ
"1,8 t Máy khác","1,8 t Máy khác",Equipment,General,%,0.0,0.0,0.0,0.0,0,VND,0.0,6.0,8,8,"Pile driving TRE by Manual - Pile driving tre by manual, chi","Dinh muc du toan xay dung cong trinh (TT 12/2021/TT-BXD), Phu luc II",Piling and cast-in-place bored piles,"Pile driving TRE by Manual - Pile driving tre by manual, chi"
"dây 0,65m3 Sà lan 250 t","dây 0,65m3 Sà lan 250 t",Equipment,General,ca,0.0,0.0,0.0,0.0,0,VND,0.0,0.422,8,8,Excavation BÙN by Manual - Excavation bùn in mọi điều component - Bùn đặ,"Dinh muc du toan xay dung cong trinh (TT 12/2021/TT-BXD), Phu luc II",Earthwork - excavation and filling,Excavation BÙN by Manual - Excavation bùn in mọi điều component - Bùn đặ
"dây 1,2m3 Sà lan 250 t","dây 1,2m3 Sà lan 250 t",Equipment,General,ca,0.0,0.0,0.0,0.0,0,VND,0.0,0.267,8,8,Excavation BÙN by Manual - Excavation bùn in mọi điều component - Bùn đặ,"Dinh muc du toan xay dung cong trinh (TT 12/2021/TT-BXD), Phu luc II",Earthwork - excavation and filling,Excavation BÙN by Manual - Excavation bùn in mọi điều component - Bùn đặ
"Máy đào gầu dây 1,6m3","Máy đào gầu dây 1,6m3",Equipment,General,ca,0.0,0.0,0.0,0.0,0,VND,0.0,0.36,8,4,Excavation BÙN by Manual - Excavation bùn in mọi điều component - Bùn đặ,"Dinh muc du toan xay dung cong trinh (TT 12/2021/TT-BXD), Phu luc II",Earthwork - excavation and filling,Excavation BÙN by Manual - Excavation bùn in mọi điều component - Bùn đặ
"Máy đào gầu dây 2,3m3","Máy đào gầu dây 2,3m3",Equipment,General,ca,0.0,0.0,0.0,0.0,0,VND,0.0,0.258,8,4,Excavation BÙN by Manual - Excavation bùn in mọi điều component - Bùn đặ,"Dinh muc du toan xay dung cong trinh (TT 12/2021/TT-BXD), Phu luc II",Earthwork - excavation and filling,Excavation BÙN by Manual - Excavation bùn in mọi điều component - Bùn đặ
Cát xây,Cát xây,Material,General,m3,0.0,0.0,0.0,0.0,0,VND,0.0,0.006,8,8,Construction Layer LÓT Foundation in KHUNG VÂY - Construction layer lót món,"Dinh muc du toan xay dung cong trinh (TT 12/2021/TT-BXD), Phu luc II",Foundation blinding and cofferdam base layers,Construction Layer LÓT Foundation in KHUNG VÂY - Construction layer lót món
Mũi khoan 42,Mũi khoan 42,Material,General,cái,0.0,0.0,0.0,0.0,0,VND,0.0,4.4965,8,8,Construction Layer LÓT Foundation in KHUNG VÂY - Construction layer lót món,"Dinh muc du toan xay dung cong trinh (TT 12/2021/TT-BXD), Phu luc II",Foundation blinding and cofferdam base layers,Construction Layer LÓT Foundation in KHUNG VÂY - Construction layer lót món
Máy đầm dùi,Máy đầm dùi,Equipment,General,ca,0.0,0.0,0.0,0.0,0,VND,0.0,0.1004,8,8,Concrete LÓT Foundation - Concrete lót -    ,"Dinh muc du toan xay dung cong trinh (TT 12/2021/TT-BXD), Phu luc II",In situ concrete,Concrete LÓT Foundation - Concrete lót -    
"dây 0,4m3 Sà lan 200 t","dây 0,4m3 Sà lan 200 t",Equipment,General,ca,0.0,0.0,0.0,0.0,0,VND,0.0,0.603,8,8,Excavation BÙN by Manual - Excavation bùn in mọi điều component - Bùn đặ,"Dinh muc du toan xay dung cong trinh (TT 12/2021/TT-BXD), Phu luc II",Earthwork - excavation and filling,Excavation BÙN by Manual - Excavation bùn in mọi điều component - Bùn đặ
"1,5kW Máy khác","1,5kW Máy khác",Equipment,General,%,0.0,0.0,0.0,0.0,0,VND,0.0,1.875,8,8,Concrete LÓT Foundation - Concrete lót -    ,"Dinh muc du toan xay dung cong trinh (TT 12/2021/TT-BXD), Phu luc II",In situ concrete,Concrete LÓT Foundation - Concrete lót -    
đường 190cv Máy nén khí 600m3/h,đường 190cv Máy nén khí 600m3/h,Equipment,General,ca,0.0,0.0,0.0,0.0,0,VND,0.0,0.0415,8,8,Construction Foundation Graded aggregate Crushed stone - Construction foundation graded aggregate stone dă,"Dinh muc du toan xay dung cong trinh (TT 12/2021/TT-BXD), Phu luc II",Road base and sub-base,Construction Foundation Graded aggregate Crushed stone - Construction foundation
Máy phun nhựa,Máy phun nhựa,Equipment,General,ca,0.0,0.0,0.0,0.0,0,VND,0.0,0.083,8,8,Construction Foundation Graded aggregate Crushed stone - Construction foundation graded aggregate stone dă,"Dinh muc du toan xay dung cong trinh (TT 12/2021/TT-BXD), Phu luc II",Road base and sub-base,Construction Foundation Graded aggregate Crushed stone - Construction foundation
190cv Ô tô tự đổ 5 t,190cv Ô tô tự đổ 5 t,Equipment,General,ca,0.0,0.0,0.0,0.0,0,VND,0.0,0.1114,8,8,Construction Foundation Graded aggregate Crushed stone - Construction foundation graded aggregate stone dă,"Dinh muc du toan xay dung cong trinh (TT 12/2021/TT-BXD), Phu luc II",Road base and sub-base,Construction Foundation Graded aggregate Crushed stone - Construction foundation
Nhũ tương gốc Axít 60%,Nhũ tương gốc Axít 60%,Material,General,kg,0.0,0.0,0.0,0.0,0,VND,0.0,296.625,8,8,Construction Foundation Graded aggregate Crushed stone - Construction foundation graded aggregate stone dă,"Dinh muc du toan xay dung cong trinh (TT 12/2021/TT-BXD), Phu luc II",Road base and sub-base,Construction Foundation Graded aggregate Crushed stone - Construction foundation
"Máy đầm bàn 1,0 kW","Máy đầm bàn 1,0 kW",Equipment,General,%,0.0,0.0,0.0,0.0,0,VND,0.0,0.004,8,8,"Concrete Pile, Column, Pile CỪ - Concrete pile, - Pile, column","Dinh muc du toan xay dung cong trinh (TT 12/2021/TT-BXD), Phu luc II","Concrete piles, columns and precast members","Concrete Pile, Column, Pile CỪ - Concrete pile, - Pile, column"
Tàu kéo 1200 cv,Tàu kéo 1200 cv,Equipment,General,ca,0.0,0.0,0.0,0.0,0,VND,0.0,0.2356,8,8,Excavation BÙN by Manual - Excavation bùn in mọi điều component - Bùn đặ,"Dinh muc du toan xay dung cong trinh (TT 12/2021/TT-BXD), Phu luc II",Earthwork - excavation and filling,Excavation BÙN by Manual - Excavation bùn in mọi điều component - Bùn đặ
"Máy xúc lật 1,25m3","Máy xúc lật 1,25m3",Equipment,General,ca,0.0,0.0,0.0,0.0,0,VND,0.0,0.7672,8,8,Concrete LÓT Foundation - Concrete lót -    ,"Dinh muc du toan xay dung cong trinh (TT 12/2021/TT-BXD), Phu luc II",In situ concrete,Concrete LÓT Foundation - Concrete lót -    
"Tàu đóng cọc búa 1,8 t","Tàu đóng cọc búa 1,8 t",Equipment,General,ca,0.0,0.0,0.0,0.0,0,VND,0.0,2.2106,8,8,"Pile driving TRE by Manual - Pile driving tre by manual, chi","Dinh muc du toan xay dung cong trinh (TT 12/2021/TT-BXD), Phu luc II",Piling and cast-in-place bored piles,"Pile driving TRE by Manual - Pile driving tre by manual, chi"
Tời điện 2 t,Tời điện 2 t,Equipment,General,ca,0.0,0.0,0.0,0.0,0,VND,0.0,0.1525,8,8,Concrete LÓT Foundation - Concrete lót -    ,"Dinh muc du toan xay dung cong trinh (TT 12/2021/TT-BXD), Phu luc II",In situ concrete,Concrete LÓT Foundation - Concrete lót -    
dăm,dăm,Material,General,m3,0.0,0.0,0.0,0.0,0,VND,0.0,0.762,8,6,Concrete LÓT Foundation - Concrete lót -    ,"Dinh muc du toan xay dung cong trinh (TT 12/2021/TT-BXD), Phu luc II",In situ concrete,Concrete LÓT Foundation - Concrete lót -    
Cọc ván thép,Cọc ván thép,Material,General,m,0.0,0.0,0.0,0.0,0,VND,0.0,100.0,8,8,"Pile driving TRE by Manual - Pile driving tre by manual, chi","Dinh muc du toan xay dung cong trinh (TT 12/2021/TT-BXD), Phu luc II",Piling and cast-in-place bored piles,"Pile driving TRE by Manual - Pile driving tre by manual, chi"
Cát sạn,Cát sạn,Material,General,m3,0.0,0.0,0.0,0.0,0,VND,0.0,1.02,8,8,Construction Foundation Graded aggregate Crushed stone - Construction foundation graded aggregate stone dă,"Dinh muc du toan xay dung cong trinh (TT 12/2021/TT-BXD), Phu luc II",Road base and sub-base,Construction Foundation Graded aggregate Crushed stone - Construction foundation
Đất dính,Đất dính,Material,General,m3,0.0,0.0,0.0,0.0,0,VND,0.0,0.4,8,8,Construction Foundation Graded aggregate Crushed stone - Construction foundation graded aggregate stone dă,"Dinh muc du toan xay dung cong trinh (TT 12/2021/TT-BXD), Phu luc II",Road base and sub-base,Construction Foundation Graded aggregate Crushed stone - Construction foundation
"2,5 t Máy khác","2,5 t Máy khác",Equipment,General,%,0.0,0.0,0.0,0.0,0,VND,0.0,6.0,8,8,"Pile driving TRE by Manual - Pile driving tre by manual, chi","Dinh muc du toan xay dung cong trinh (TT 12/2021/TT-BXD), Phu luc II",Piling and cast-in-place bored piles,"Pile driving TRE by Manual - Pile driving tre by manual, chi"
"Vữa bê tông đá Dmax 0,5 M200","Vữa bê tông đá Dmax 0,5 M200",Material,General,m3,0.0,0.0,0.0,0.0,0,VND,0.0,0.1015,8,8,"Concrete Pile, Column, Pile CỪ - Concrete pile, - Pile, column","Dinh muc du toan xay dung cong trinh (TT 12/2021/TT-BXD), Phu luc II","Concrete piles, columns and precast members","Concrete Pile, Column, Pile CỪ - Concrete pile, - Pile, column"
Đá trắng nhỏ,Đá trắng nhỏ,Material,General,kg,0.0,0.0,0.0,0.0,0,VND,0.0,16.2038,8,8,LỢP Roof NGÓI 13 unit / m 2 - Lợp roof ngói 22 v / m 2 - Height,"Dinh muc du toan xay dung cong trinh (TT 12/2021/TT-BXD), Phu luc II",Roofing and roof coverings,LỢP Roof NGÓI 13 unit / m 2 - Lợp roof ngói 22 v / m 2 - Height
Tổ hợp dàn khoan leo,Tổ hợp dàn khoan leo,Equipment,General,ca,0.0,0.0,0.0,0.0,0,VND,0.0,0.6416,8,4,Excavation BÙN by Manual - Excavation bùn in mọi điều component - Bùn đặ,"Dinh muc du toan xay dung cong trinh (TT 12/2021/TT-BXD), Phu luc II",Earthwork - excavation and filling,Excavation BÙN by Manual - Excavation bùn in mọi điều component - Bùn đặ
Dây tín hiệu cuộn 150m,Dây tín hiệu cuộn 150m,Material,General,cuộn,0.0,0.0,0.0,0.0,0,VND,0.0,0.3093,8,8,Excavation BÙN by Manual - Excavation bùn in mọi điều component - Bùn đặ,"Dinh muc du toan xay dung cong trinh (TT 12/2021/TT-BXD), Phu luc II",Earthwork - excavation and filling,Excavation BÙN by Manual - Excavation bùn in mọi điều component - Bùn đặ
42mm Máy nén khí 660 m3/h,42mm Máy nén khí 660 m3/h,Equipment,General,ca,0.0,0.0,0.0,0.0,0,VND,0.0,18.3235,8,4,Excavation BÙN by Manual - Excavation bùn in mọi điều component - Bùn đặ,"Dinh muc du toan xay dung cong trinh (TT 12/2021/TT-BXD), Phu luc II",Earthwork - excavation and filling,Excavation BÙN by Manual - Excavation bùn in mọi điều component - Bùn đặ
Cẩu cẩu 50 t,Cẩu cẩu 50 t,Equipment,General,ca,0.0,0.0,0.0,0.0,0,VND,0.0,0.1109,8,8,"Pile driving TRE by Manual - Pile driving tre by manual, chi","Dinh muc du toan xay dung cong trinh (TT 12/2021/TT-BXD), Phu luc II",Piling and cast-in-place bored piles,"Pile driving TRE by Manual - Pile driving tre by manual, chi"
Que hàn thép,Que hàn thép,Material,General,kg,0.0,0.0,0.0,0.0,0,VND,0.0,0.1384,8,8,Construction Layer LÓT Foundation in KHUNG VÂY - Construction layer lót món,"Dinh muc du toan xay dung cong trinh (TT 12/2021/TT-BXD), Phu luc II",Foundation blinding and cofferdam base layers,Construction Layer LÓT Foundation in KHUNG VÂY - Construction layer lót món
đất Ôtô tự đổ 7 t,đất Ôtô tự đổ 7 t,Equipment,General,ca,0.0,0.0,0.0,0.0,0,VND,0.0,0.3999,8,8,Excavation BÙN by Manual - Excavation bùn in mọi điều component - Bùn đặ,"Dinh muc du toan xay dung cong trinh (TT 12/2021/TT-BXD), Phu luc II",Earthwork - excavation and filling,Excavation BÙN by Manual - Excavation bùn in mọi điều component - Bùn đặ
đổ Ôtô tự đổ 10 t,đổ Ôtô tự đổ 10 t,Equipment,General,ca,0.0,0.0,0.0,0.0,0,VND,0.0,0.2788,8,8,Excavation BÙN by Manual - Excavation bùn in mọi điều component - Bùn đặ,"Dinh muc du toan xay dung cong trinh (TT 12/2021/TT-BXD), Phu luc II",Earthwork - excavation and filling,Excavation BÙN by Manual - Excavation bùn in mọi điều component - Bùn đặ
Thép hình kg,Thép hình kg,Material,General,,0.0,0.0,0.0,0.0,0,VND,0.0,39.9928,8,8,Concrete LÓT Foundation - Concrete lót -    ,"Dinh muc du toan xay dung cong trinh (TT 12/2021/TT-BXD), Phu luc II",In situ concrete,Concrete LÓT Foundation - Concrete lót -    
vàng,vàng,Material,General,m3,0.0,0.0,0.0,0.0,0,VND,0.0,0.4971,8,6,Concrete LÓT Foundation - Concrete lót -    ,"Dinh muc du toan xay dung cong trinh (TT 12/2021/TT-BXD), Phu luc II",In situ concrete,Concrete LÓT Foundation - Concrete lót -    
Máy ép cọc Robot,Máy ép cọc Robot,Equipment,General,ca,0.0,0.0,0.0,0.0,0,VND,0.0,1.1021,8,8,"Pile driving TRE by Manual - Pile driving tre by manual, chi","Dinh muc du toan xay dung cong trinh (TT 12/2021/TT-BXD), Phu luc II",Piling and cast-in-place bored piles,"Pile driving TRE by Manual - Pile driving tre by manual, chi"
Máy cắt cáp 10 kW,Máy cắt cáp 10 kW,Equipment,General,ca,0.0,0.0,0.0,0.0,0,VND,0.0,2.6412,8,8,Concrete LÓT Foundation - Concrete lót -    ,"Dinh muc du toan xay dung cong trinh (TT 12/2021/TT-BXD), Phu luc II",In situ concrete,Concrete LÓT Foundation - Concrete lót -    
Gầu đào,Gầu đào,Equipment,General,ca,0.0,0.0,0.0,0.0,0,VND,0.0,0.1109,8,8,"Pile driving TRE by Manual - Pile driving tre by manual, chi","Dinh muc du toan xay dung cong trinh (TT 12/2021/TT-BXD), Phu luc II",Piling and cast-in-place bored piles,"Pile driving TRE by Manual - Pile driving tre by manual, chi"
"Cọc U, I","Cọc U, I",Material,General,m,0.0,0.0,0.0,0.0,0,VND,0.0,100.0,8,8,"Pile driving TRE by Manual - Pile driving tre by manual, chi","Dinh muc du toan xay dung cong trinh (TT 12/2021/TT-BXD), Phu luc II",Piling and cast-in-place bored piles,"Pile driving TRE by Manual - Pile driving tre by manual, chi"
80KNm÷125KNm Máy khoan,80KNm÷125KNm Máy khoan,Equipment,General,ca,0.0,0.0,0.0,0.0,0,VND,0.0,0.1045,8,8,"Pile driving TRE by Manual - Pile driving tre by manual, chi","Dinh muc du toan xay dung cong trinh (TT 12/2021/TT-BXD), Phu luc II",Piling and cast-in-place bored piles,"Pile driving TRE by Manual - Pile driving tre by manual, chi"
"Gỗ nẹp, chống","Gỗ nẹp, chống",Material,General,m3,0.0,0.0,0.0,0.0,0,VND,0.0,1.2525,8,8,Concrete LÓT Foundation - Concrete lót -    ,"Dinh muc du toan xay dung cong trinh (TT 12/2021/TT-BXD), Phu luc II",In situ concrete,Concrete LÓT Foundation - Concrete lót -    
"Máy đào 0,4m3","Máy đào 0,4m3",Equipment,General,ca,0.0,0.0,0.0,0.0,0,VND,0.0,0.7796,8,8,Excavation BÙN by Manual - Excavation bùn in mọi điều component - Bùn đặ,"Dinh muc du toan xay dung cong trinh (TT 12/2021/TT-BXD), Phu luc II",Earthwork - excavation and filling,Excavation BÙN by Manual - Excavation bùn in mọi điều component - Bùn đặ
Đinh 6cm,Đinh 6cm,Material,General,kg,0.0,0.0,0.0,0.0,0,VND,0.0,3.8756,8,6,Construction Foundation Graded aggregate Crushed stone - Construction foundation graded aggregate stone dă,"Dinh muc du toan xay dung cong trinh (TT 12/2021/TT-BXD), Phu luc II",Road base and sub-base,Construction Foundation Graded aggregate Crushed stone - Construction foundation
"Cần khoan L=1,22m","Cần khoan L=1,22m",Material,General,cái,0.0,0.0,0.0,0.0,0,VND,0.0,8.0608,8,8,Excavation BÙN by Manual - Excavation bùn in mọi điều component - Bùn đặ,"Dinh muc du toan xay dung cong trinh (TT 12/2021/TT-BXD), Phu luc II",Earthwork - excavation and filling,Excavation BÙN by Manual - Excavation bùn in mọi điều component - Bùn đặ
Gạch thẻ,Gạch thẻ,Material,General,viên,0.0,0.0,0.0,0.0,0,VND,0.0,204.0,8,8,Masonry Foundation - Masonry foundation - Dimension   ,"Dinh muc du toan xay dung cong trinh (TT 12/2021/TT-BXD), Phu luc II",Masonry (brick and stone),Masonry Foundation - Masonry foundation - Dimension   
Gạch ống,Gạch ống,Material,General,viên,0.0,0.0,0.0,0.0,0,VND,0.0,446.0,8,8,Masonry Foundation - Masonry foundation - Dimension   ,"Dinh muc du toan xay dung cong trinh (TT 12/2021/TT-BXD), Phu luc II",Masonry (brick and stone),Masonry Foundation - Masonry foundation - Dimension   
Thép tròn   18,Thép tròn   18,Material,General,kg,0.0,0.0,0.0,0.0,0,VND,0.0,3.52,8,8,Construction Layer LÓT Foundation in KHUNG VÂY - Construction layer lót món,"Dinh muc du toan xay dung cong trinh (TT 12/2021/TT-BXD), Phu luc II",Foundation blinding and cofferdam base layers,Construction Layer LÓT Foundation in KHUNG VÂY - Construction layer lót món
Thép tấm các loại,Thép tấm các loại,Material,General,kg,0.0,0.0,0.0,0.0,0,VND,0.0,0.59,8,8,Construction Layer LÓT Foundation in KHUNG VÂY - Construction layer lót món,"Dinh muc du toan xay dung cong trinh (TT 12/2021/TT-BXD), Phu luc II",Foundation blinding and cofferdam base layers,Construction Layer LÓT Foundation in KHUNG VÂY - Construction layer lót món
Cần cẩu 6 t,Cần cẩu 6 t,Equipment,General,ca,0.0,0.0,0.0,0.0,0,VND,0.0,0.024,8,8,Loading Stacking Material RỜI LÊN PHƯƠNG TIỆN Transport by THỦ CÔN,"Dinh muc du toan xay dung cong trinh (TT 12/2021/TT-BXD), Phu luc II","Loading, unloading and transport",Loading Stacking Material RỜI LÊN PHƯƠNG TIỆN Transport by THỦ CÔN
Nhựa đường,Nhựa đường,Material,General,kg,0.0,0.0,0.0,0.0,0,VND,0.0,2.4129,7,7,"Pile driving TRE by Manual - Pile driving tre by manual, chi","Dinh muc du toan xay dung cong trinh (TT 12/2021/TT-BXD), Phu luc II",Piling and cast-in-place bored piles,"Pile driving TRE by Manual - Pile driving tre by manual, chi"
Búa rung 170 kW,Búa rung 170 kW,Equipment,General,ca,0.0,0.0,0.0,0.0,0,VND,0.0,0.6033,7,7,"Pile driving TRE by Manual - Pile driving tre by manual, chi","Dinh muc du toan xay dung cong trinh (TT 12/2021/TT-BXD), Phu luc II",Piling and cast-in-place bored piles,"Pile driving TRE by Manual - Pile driving tre by manual, chi"
Thép ống,Thép ống,Material,General,kg,0.0,0.0,0.0,0.0,0,VND,0.0,159.0614,7,7,Concrete LÓT Foundation - Concrete lót -    ,"Dinh muc du toan xay dung cong trinh (TT 12/2021/TT-BXD), Phu luc II",In situ concrete,Concrete LÓT Foundation - Concrete lót -    
Ca nô 54 cv,Ca nô 54 cv,Equipment,General,ca,0.0,0.0,0.0,0.0,0,VND,0.0,1.5529,7,7,Excavation BÙN by Manual - Excavation bùn in mọi điều component - Bùn đặ,"Dinh muc du toan xay dung cong trinh (TT 12/2021/TT-BXD), Phu luc II",Earthwork - excavation and filling,Excavation BÙN by Manual - Excavation bùn in mọi điều component - Bùn đặ
Kích 250 t,Kích 250 t,Equipment,General,ca,0.0,0.0,0.0,0.0,0,VND,0.0,3.9843,7,7,Concrete LÓT Foundation - Concrete lót -    ,"Dinh muc du toan xay dung cong trinh (TT 12/2021/TT-BXD), Phu luc II",In situ concrete,Concrete LÓT Foundation - Concrete lót -    
Đất sét,Đất sét,Material,General,m3,0.0,0.0,0.0,0.0,0,VND,0.0,0.6566,7,7,"Pile driving TRE by Manual - Pile driving tre by manual, chi","Dinh muc du toan xay dung cong trinh (TT 12/2021/TT-BXD), Phu luc II",Piling and cast-in-place bored piles,"Pile driving TRE by Manual - Pile driving tre by manual, chi"
Máy nén khí 240m3/h,Máy nén khí 240m3/h,Equipment,General,ca,0.0,0.0,0.0,0.0,0,VND,0.0,2.2729,7,7,Fabrication Truss Rafter Steel HÌNH KHẨU ĐỘ Large - Fabrication rafter steel kh,"Dinh muc du toan xay dung cong trinh (TT 12/2021/TT-BXD), Phu luc II",Steel truss and structural fabrication,Fabrication Truss Rafter Steel HÌNH KHẨU ĐỘ Large - Fabrication rafter steel kh
Máy cắt tôn 15 kW,Máy cắt tôn 15 kW,Equipment,General,ca,0.0,0.0,0.0,0.0,0,VND,0.0,1.6114,7,7,Fabrication Truss Rafter Steel HÌNH KHẨU ĐỘ Large - Fabrication rafter steel kh,"Dinh muc du toan xay dung cong trinh (TT 12/2021/TT-BXD), Phu luc II",Steel truss and structural fabrication,Fabrication Truss Rafter Steel HÌNH KHẨU ĐỘ Large - Fabrication rafter steel kh
Cần cẩu 25 t ca,Cần cẩu 25 t ca,Equipment,General,ca,0.0,0.0,0.0,0.0,0,VND,0.0,0.0471,7,7,Concrete LÓT Foundation - Concrete lót -    ,"Dinh muc du toan xay dung cong trinh (TT 12/2021/TT-BXD), Phu luc II",In situ concrete,Concrete LÓT Foundation - Concrete lót -    
50m3/h Máy đầm dùi,50m3/h Máy đầm dùi,Equipment,General,ca,0.0,0.0,0.0,0.0,0,VND,0.0,0.18,7,7,Concrete LÓT Foundation - Concrete lót -    ,"Dinh muc du toan xay dung cong trinh (TT 12/2021/TT-BXD), Phu luc II",In situ concrete,Concrete LÓT Foundation - Concrete lót -    
Máy phát điện,Máy phát điện,Equipment,General,ca,0.0,0.0,0.0,0.0,0,VND,0.0,0.9643,7,7,"Concrete Pile, Column, Pile CỪ - Concrete pile, - Pile, column","Dinh muc du toan xay dung cong trinh (TT 12/2021/TT-BXD), Phu luc II","Concrete piles, columns and precast members","Concrete Pile, Column, Pile CỪ - Concrete pile, - Pile, column"
"37,5 kVA Máy khác","37,5 kVA Máy khác",Equipment,General,%,0.0,0.0,0.0,0.0,0,VND,0.0,2.0,7,7,"Concrete Pile, Column, Pile CỪ - Concrete pile, - Pile, column","Dinh muc du toan xay dung cong trinh (TT 12/2021/TT-BXD), Phu luc II","Concrete piles, columns and precast members","Concrete Pile, Column, Pile CỪ - Concrete pile, - Pile, column"
Sà lan 1000 t,Sà lan 1000 t,Equipment,General,ca,0.0,0.0,0.0,0.0,0,VND,0.0,0.1511,7,7,"Concrete Pile, Column, Pile CỪ - Concrete pile, - Pile, column","Dinh muc du toan xay dung cong trinh (TT 12/2021/TT-BXD), Phu luc II","Concrete piles, columns and precast members","Concrete Pile, Column, Pile CỪ - Concrete pile, - Pile, column"
Tàu kéo 250 cv,Tàu kéo 250 cv,Equipment,General,ca,0.0,0.0,0.0,0.0,0,VND,0.0,0.033,7,7,"Concrete Pile, Column, Pile CỪ - Concrete pile, - Pile, column","Dinh muc du toan xay dung cong trinh (TT 12/2021/TT-BXD), Phu luc II","Concrete piles, columns and precast members","Concrete Pile, Column, Pile CỪ - Concrete pile, - Pile, column"
Máy nâng thủy lực 135 cv,Máy nâng thủy lực 135 cv,Equipment,General,ca,0.0,0.0,0.0,0.0,0,VND,0.0,0.0954,7,7,Concrete LÓT Foundation - Concrete lót -    ,"Dinh muc du toan xay dung cong trinh (TT 12/2021/TT-BXD), Phu luc II",In situ concrete,Concrete LÓT Foundation - Concrete lót -    
"Máy khoan 2,5 kW","Máy khoan 2,5 kW",Equipment,General,ca,0.0,0.0,0.0,0.0,0,VND,0.0,1.3457,7,7,Fabrication Truss Rafter Steel HÌNH KHẨU ĐỘ Large - Fabrication rafter steel kh,"Dinh muc du toan xay dung cong trinh (TT 12/2021/TT-BXD), Phu luc II",Steel truss and structural fabrication,Fabrication Truss Rafter Steel HÌNH KHẨU ĐỘ Large - Fabrication rafter steel kh
Máy lốc tôn 5 kW,Máy lốc tôn 5 kW,Equipment,General,ca,0.0,0.0,0.0,0.0,0,VND,0.0,1.6114,7,7,Fabrication Truss Rafter Steel HÌNH KHẨU ĐỘ Large - Fabrication rafter steel kh,"Dinh muc du toan xay dung cong trinh (TT 12/2021/TT-BXD), Phu luc II",Steel truss and structural fabrication,Fabrication Truss Rafter Steel HÌNH KHẨU ĐỘ Large - Fabrication rafter steel kh
Gỗ nhóm IV,Gỗ nhóm IV,Material,General,m3,0.0,0.0,0.0,0.0,0,VND,0.0,0.0749,7,7,"Concrete Pile, Column, Pile CỪ - Concrete pile, - Pile, column","Dinh muc du toan xay dung cong trinh (TT 12/2021/TT-BXD), Phu luc II","Concrete piles, columns and precast members","Concrete Pile, Column, Pile CỪ - Concrete pile, - Pile, column"
phí,phí,Material,General,vị,0.0,0.0,0.0,0.0,0,VND,0.0,3.4143,7,7,Construction Foundation Graded aggregate Crushed stone - Construction foundation graded aggregate stone dă,"Dinh muc du toan xay dung cong trinh (TT 12/2021/TT-BXD), Phu luc II",Road base and sub-base,Construction Foundation Graded aggregate Crushed stone - Construction foundation
Lưới thép B40,Lưới thép B40,Material,General,m2,0.0,0.0,0.0,0.0,0,VND,0.0,1.0429,7,7,Fabrication Truss Rafter Steel HÌNH KHẨU ĐỘ Large - Fabrication rafter steel kh,"Dinh muc du toan xay dung cong trinh (TT 12/2021/TT-BXD), Phu luc II",Steel truss and structural fabrication,Fabrication Truss Rafter Steel HÌNH KHẨU ĐỘ Large - Fabrication rafter steel kh
Thép ống 42-49,Thép ống 42-49,Material,General,m,0.0,0.0,0.0,0.0,0,VND,0.0,0.069,7,7,"Concrete Pile, Column, Pile CỪ - Concrete pile, - Pile, column","Dinh muc du toan xay dung cong trinh (TT 12/2021/TT-BXD), Phu luc II","Concrete piles, columns and precast members","Concrete Pile, Column, Pile CỪ - Concrete pile, - Pile, column"
Khí gas kg,Khí gas kg,Material,General,,0.0,0.0,0.0,0.0,0,VND,0.0,2.2731,7,7,"Concrete Pile, Column, Pile CỪ - Concrete pile, - Pile, column","Dinh muc du toan xay dung cong trinh (TT 12/2021/TT-BXD), Phu luc II","Concrete piles, columns and precast members","Concrete Pile, Column, Pile CỪ - Concrete pile, - Pile, column"
Máy lu bánh thép 25 t,Máy lu bánh thép 25 t,Equipment,General,ca,0.0,0.0,0.0,0.0,0,VND,0.0,0.2,6,6,Filling Base Road by HỖN HỢP TRO XỈ NHIỆT Electric by Roller BÁN,"Dinh muc du toan xay dung cong trinh (TT 12/2021/TT-BXD), Phu luc II",Road embankment and base with ash/slag mixes,Filling Base Road by HỖN HỢP TRO XỈ NHIỆT Electric by Roller BÁN
Máy lu bánh thép 16 t,Máy lu bánh thép 16 t,Equipment,General,ca,0.0,0.0,0.0,0.0,0,VND,0.0,0.2672,6,6,Filling Base Road by HỖN HỢP TRO XỈ NHIỆT Electric by Roller BÁN,"Dinh muc du toan xay dung cong trinh (TT 12/2021/TT-BXD), Phu luc II",Road embankment and base with ash/slag mixes,Filling Base Road by HỖN HỢP TRO XỈ NHIỆT Electric by Roller BÁN
Máy lu bánh thép 9 t,Máy lu bánh thép 9 t,Equipment,General,ca,0.0,0.0,0.0,0.0,0,VND,0.0,0.309,6,6,Filling Base Road by HỖN HỢP TRO XỈ NHIỆT Electric by Roller BÁN,"Dinh muc du toan xay dung cong trinh (TT 12/2021/TT-BXD), Phu luc II",Road embankment and base with ash/slag mixes,Filling Base Road by HỖN HỢP TRO XỈ NHIỆT Electric by Roller BÁN
Tà vẹt gỗ 14x22x180,Tà vẹt gỗ 14x22x180,Material,General,thanh,0.0,0.0,0.0,0.0,0,VND,0.0,0.41,6,6,"Concrete Pile, Column, Pile CỪ - Concrete pile, - Pile, column","Dinh muc du toan xay dung cong trinh (TT 12/2021/TT-BXD), Phu luc II","Concrete piles, columns and precast members","Concrete Pile, Column, Pile CỪ - Concrete pile, - Pile, column"
Máy lu rung 15 t,Máy lu rung 15 t,Equipment,General,ca,0.0,0.0,0.0,0.0,0,VND,0.0,0.1077,6,6,Concrete LÓT Foundation - Concrete lót -    ,"Dinh muc du toan xay dung cong trinh (TT 12/2021/TT-BXD), Phu luc II",In situ concrete,Concrete LÓT Foundation - Concrete lót -    
thép 10 t Máy lu bánh,thép 10 t Máy lu bánh,Equipment,General,ca,0.0,0.0,0.0,0.0,0,VND,0.0,0.046,6,6,Construction Foundation Graded aggregate Crushed stone - Construction foundation graded aggregate stone dă,"Dinh muc du toan xay dung cong trinh (TT 12/2021/TT-BXD), Phu luc II",Road base and sub-base,Construction Foundation Graded aggregate Crushed stone - Construction foundation
Ray P43,Ray P43,Material,General,kg,0.0,0.0,0.0,0.0,0,VND,0.0,4.7867,6,6,"Concrete Pile, Column, Pile CỪ - Concrete pile, - Pile, column","Dinh muc du toan xay dung cong trinh (TT 12/2021/TT-BXD), Phu luc II","Concrete piles, columns and precast members","Concrete Pile, Column, Pile CỪ - Concrete pile, - Pile, column"
Sà lan 800 t,Sà lan 800 t,Equipment,General,ca,0.0,0.0,0.0,0.0,0,VND,0.0,0.3902,6,6,Excavation BÙN by Manual - Excavation bùn in mọi điều component - Bùn đặ,"Dinh muc du toan xay dung cong trinh (TT 12/2021/TT-BXD), Phu luc II",Earthwork - excavation and filling,Excavation BÙN by Manual - Excavation bùn in mọi điều component - Bùn đặ
Dây thép 3mm,Dây thép 3mm,Material,General,kg,0.0,0.0,0.0,0.0,0,VND,0.0,10.1467,6,6,Construction Layer LÓT Foundation in KHUNG VÂY - Construction layer lót món,"Dinh muc du toan xay dung cong trinh (TT 12/2021/TT-BXD), Phu luc II",Foundation blinding and cofferdam base layers,Construction Layer LÓT Foundation in KHUNG VÂY - Construction layer lót món
60m3/h Máy lu bánh,60m3/h Máy lu bánh,Equipment,General,ca,0.0,0.0,0.0,0.0,0,VND,0.0,0.1683,6,6,Construction Foundation Graded aggregate Crushed stone - Construction foundation graded aggregate stone dă,"Dinh muc du toan xay dung cong trinh (TT 12/2021/TT-BXD), Phu luc II",Road base and sub-base,Construction Foundation Graded aggregate Crushed stone - Construction foundation
Máy khác,Máy khác,Material,General,%,0.0,0.0,0.0,0.0,0,VND,0.0,1.0,6,6,Fabrication Truss Rafter Steel HÌNH KHẨU ĐỘ Large - Fabrication rafter steel kh,"Dinh muc du toan xay dung cong trinh (TT 12/2021/TT-BXD), Phu luc II",Steel truss and structural fabrication,Fabrication Truss Rafter Steel HÌNH KHẨU ĐỘ Large - Fabrication rafter steel kh
"2,7kW Cần cẩu 25 t","2,7kW Cần cẩu 25 t",Equipment,General,ca,0.0,0.0,0.0,0.0,0,VND,0.0,0.0392,6,6,Fabrication Truss Rafter Steel HÌNH KHẨU ĐỘ Large - Fabrication rafter steel kh,"Dinh muc du toan xay dung cong trinh (TT 12/2021/TT-BXD), Phu luc II",Steel truss and structural fabrication,Fabrication Truss Rafter Steel HÌNH KHẨU ĐỘ Large - Fabrication rafter steel kh
Vữa trát bê tông nhẹ,Vữa trát bê tông nhẹ,Material,General,m3,0.0,0.0,0.0,0.0,0,VND,0.0,0.0083,6,6,LỢP Roof NGÓI 13 unit / m 2 - Lợp roof ngói 22 v / m 2 - Height,"Dinh muc du toan xay dung cong trinh (TT 12/2021/TT-BXD), Phu luc II",Roofing and roof coverings,LỢP Roof NGÓI 13 unit / m 2 - Lợp roof ngói 22 v / m 2 - Height
Máy mài,Máy mài,Equipment,General,ca,0.0,0.0,0.0,0.0,0,VND,0.0,2.845,6,6,Fabrication Truss Rafter Steel HÌNH KHẨU ĐỘ Large - Fabrication rafter steel kh,"Dinh muc du toan xay dung cong trinh (TT 12/2021/TT-BXD), Phu luc II",Steel truss and structural fabrication,Fabrication Truss Rafter Steel HÌNH KHẨU ĐỘ Large - Fabrication rafter steel kh
23kW Palăng xích,23kW Palăng xích,Equipment,General,ca,0.0,0.0,0.0,0.0,0,VND,0.0,2.845,6,6,Fabrication Truss Rafter Steel HÌNH KHẨU ĐỘ Large - Fabrication rafter steel kh,"Dinh muc du toan xay dung cong trinh (TT 12/2021/TT-BXD), Phu luc II",Steel truss and structural fabrication,Fabrication Truss Rafter Steel HÌNH KHẨU ĐỘ Large - Fabrication rafter steel kh
5t Tời điện 5t,5t Tời điện 5t,Equipment,General,ca,0.0,0.0,0.0,0.0,0,VND,0.0,2.845,6,6,Fabrication Truss Rafter Steel HÌNH KHẨU ĐỘ Large - Fabrication rafter steel kh,"Dinh muc du toan xay dung cong trinh (TT 12/2021/TT-BXD), Phu luc II",Steel truss and structural fabrication,Fabrication Truss Rafter Steel HÌNH KHẨU ĐỘ Large - Fabrication rafter steel kh
Máy cắt uốn,Máy cắt uốn,Equipment,General,ca,0.0,0.0,0.0,0.0,0,VND,0.0,1.49,6,6,Concrete LÓT Foundation - Concrete lót -    ,"Dinh muc du toan xay dung cong trinh (TT 12/2021/TT-BXD), Phu luc II",In situ concrete,Concrete LÓT Foundation - Concrete lót -    
Máy cắt uốn 5 kW ca,Máy cắt uốn 5 kW ca,Equipment,General,ca,0.0,0.0,0.0,0.0,0,VND,0.0,1.1493,6,6,Concrete LÓT Foundation - Concrete lót -    ,"Dinh muc du toan xay dung cong trinh (TT 12/2021/TT-BXD), Phu luc II",In situ concrete,Concrete LÓT Foundation - Concrete lót -    
Vôi cục,Vôi cục,Material,General,kg,0.0,0.0,0.0,0.0,0,VND,0.0,79.1667,6,6,Masonry Foundation - Masonry foundation - Dimension   ,"Dinh muc du toan xay dung cong trinh (TT 12/2021/TT-BXD), Phu luc II",Masonry (brick and stone),Masonry Foundation - Masonry foundation - Dimension   
Hỗn hợp tro xỉ nhiệt điện,Hỗn hợp tro xỉ nhiệt điện,Material,General,m3,0.0,0.0,0.0,0.0,0,VND,0.0,138.3333,6,6,Filling Base Road by HỖN HỢP TRO XỈ NHIỆT Electric by Roller BÁN,"Dinh muc du toan xay dung cong trinh (TT 12/2021/TT-BXD), Phu luc II",Road embankment and base with ash/slag mixes,Filling Base Road by HỖN HỢP TRO XỈ NHIỆT Electric by Roller BÁN
"Tàu đóng cọc búa 2,5 t","Tàu đóng cọc búa 2,5 t",Equipment,General,ca,0.0,0.0,0.0,0.0,0,VND,0.0,1.9668,6,6,"Pile driving TRE by Manual - Pile driving tre by manual, chi","Dinh muc du toan xay dung cong trinh (TT 12/2021/TT-BXD), Phu luc II",Piling and cast-in-place bored piles,"Pile driving TRE by Manual - Pile driving tre by manual, chi"
"Tàu đóng cọc búa 3,5 t","Tàu đóng cọc búa 3,5 t",Equipment,General,ca,0.0,0.0,0.0,0.0,0,VND,0.0,1.7742,6,3,"Pile driving TRE by Manual - Pile driving tre by manual, chi","Dinh muc du toan xay dung cong trinh (TT 12/2021/TT-BXD), Phu luc II",Piling and cast-in-place bored piles,"Pile driving TRE by Manual - Pile driving tre by manual, chi"
 Máy ép cọc 150 t, Máy ép cọc 150 t,Equipment,General,ca,0.0,0.0,0.0,0.0,0,VND,0.0,1.764,6,6,"Pile driving TRE by Manual - Pile driving tre by manual, chi","Dinh muc du toan xay dung cong trinh (TT 12/2021/TT-BXD), Phu luc II",Piling and cast-in-place bored piles,"Pile driving TRE by Manual - Pile driving tre by manual, chi"
> Máy ép cọc 150 t,> Máy ép cọc 150 t,Equipment,General,ca,0.0,0.0,0.0,0.0,0,VND,0.0,1.589,6,6,"Pile driving TRE by Manual - Pile driving tre by manual, chi","Dinh muc du toan xay dung cong trinh (TT 12/2021/TT-BXD), Phu luc II",Piling and cast-in-place bored piles,"Pile driving TRE by Manual - Pile driving tre by manual, chi"
Thép hộp 80x100x3mm,Thép hộp 80x100x3mm,Material,General,m,0.0,0.0,0.0,0.0,0,VND,0.0,2.222,6,6,Concrete LÓT Foundation - Concrete lót -    ,"Dinh muc du toan xay dung cong trinh (TT 12/2021/TT-BXD), Phu luc II",In situ concrete,Concrete LÓT Foundation - Concrete lót -    
Thép hộp 40x60x3mm,Thép hộp 40x60x3mm,Material,General,m,0.0,0.0,0.0,0.0,0,VND,0.0,3.333,6,6,Concrete LÓT Foundation - Concrete lót -    ,"Dinh muc du toan xay dung cong trinh (TT 12/2021/TT-BXD), Phu luc II",In situ concrete,Concrete LÓT Foundation - Concrete lót -    
 Máy ép cọc 200 t, Máy ép cọc 200 t,Equipment,General,ca,0.0,0.0,0.0,0.0,0,VND,0.0,4.1092,6,6,"Pile driving TRE by Manual - Pile driving tre by manual, chi","Dinh muc du toan xay dung cong trinh (TT 12/2021/TT-BXD), Phu luc II",Piling and cast-in-place bored piles,"Pile driving TRE by Manual - Pile driving tre by manual, chi"
Lưới thép Φ1mm (2 lớp),Lưới thép Φ1mm (2 lớp),Material,General,m2,0.0,0.0,0.0,0.0,0,VND,0.0,2.2,6,6,Construction Layer LÓT Foundation in KHUNG VÂY - Construction layer lót món,"Dinh muc du toan xay dung cong trinh (TT 12/2021/TT-BXD), Phu luc II",Foundation blinding and cofferdam base layers,Construction Layer LÓT Foundation in KHUNG VÂY - Construction layer lót món
Kích 500 t,Kích 500 t,Equipment,General,ca,0.0,0.0,0.0,0.0,0,VND,0.0,3.3333,6,6,Concrete LÓT Foundation - Concrete lót -    ,"Dinh muc du toan xay dung cong trinh (TT 12/2021/TT-BXD), Phu luc II",In situ concrete,Concrete LÓT Foundation - Concrete lót -    
hao phí,hao phí,Equipment,General,vị,0.0,0.0,0.0,0.0,0,VND,0.0,15.3333,6,6,Concrete LÓT Foundation - Concrete lót -    ,"Dinh muc du toan xay dung cong trinh (TT 12/2021/TT-BXD), Phu luc II",In situ concrete,Concrete LÓT Foundation - Concrete lót -    
> Máy ép cọc 200 t,> Máy ép cọc 200 t,Equipment,General,ca,0.0,0.0,0.0,0.0,0,VND,0.0,3.5763,6,6,"Pile driving TRE by Manual - Pile driving tre by manual, chi","Dinh muc du toan xay dung cong trinh (TT 12/2021/TT-BXD), Phu luc II",Piling and cast-in-place bored piles,"Pile driving TRE by Manual - Pile driving tre by manual, chi"
trộn đất) Máy trộn dung dịch 1000 lít,trộn đất) Máy trộn dung dịch 1000 lít,Equipment,General,ca,0.0,0.0,0.0,0.0,0,VND,0.0,0.071,6,6,Construction Layer LÓT Foundation in KHUNG VÂY - Construction layer lót món,"Dinh muc du toan xay dung cong trinh (TT 12/2021/TT-BXD), Phu luc II",Foundation blinding and cofferdam base layers,Construction Layer LÓT Foundation in KHUNG VÂY - Construction layer lót món
Máy bơm dung dịch 15m3/h,Máy bơm dung dịch 15m3/h,Equipment,General,ca,0.0,0.0,0.0,0.0,0,VND,0.0,0.0237,6,6,Construction Layer LÓT Foundation in KHUNG VÂY - Construction layer lót món,"Dinh muc du toan xay dung cong trinh (TT 12/2021/TT-BXD), Phu luc II",Foundation blinding and cofferdam base layers,Construction Layer LÓT Foundation in KHUNG VÂY - Construction layer lót món
Vữa xi măng cát vàng,Vữa xi măng cát vàng,Material,General,m3,0.0,0.0,0.0,0.0,0,VND,0.0,0.0463,6,6,Construction Layer LÓT Foundation in KHUNG VÂY - Construction layer lót món,"Dinh muc du toan xay dung cong trinh (TT 12/2021/TT-BXD), Phu luc II",Foundation blinding and cofferdam base layers,Construction Layer LÓT Foundation in KHUNG VÂY - Construction layer lót món
Ống cao su cao áp 60,Ống cao su cao áp 60,Material,General,m,0.0,0.0,0.0,0.0,0,VND,0.0,1.6667,6,6,"Pile driving TRE by Manual - Pile driving tre by manual, chi","Dinh muc du toan xay dung cong trinh (TT 12/2021/TT-BXD), Phu luc II",Piling and cast-in-place bored piles,"Pile driving TRE by Manual - Pile driving tre by manual, chi"
ứng lực Thép hình định vị cọc,ứng lực Thép hình định vị cọc,Material,General,kg,0.0,0.0,0.0,0.0,0,VND,0.0,49.8567,6,6,"Pile driving TRE by Manual - Pile driving tre by manual, chi","Dinh muc du toan xay dung cong trinh (TT 12/2021/TT-BXD), Phu luc II",Piling and cast-in-place bored piles,"Pile driving TRE by Manual - Pile driving tre by manual, chi"
nước đầu cọc 300 cv Cần cẩu 50 t,nước đầu cọc 300 cv Cần cẩu 50 t,Equipment,General,ca,0.0,0.0,0.0,0.0,0,VND,0.0,4.4453,6,6,"Pile driving TRE by Manual - Pile driving tre by manual, chi","Dinh muc du toan xay dung cong trinh (TT 12/2021/TT-BXD), Phu luc II",Piling and cast-in-place bored piles,"Pile driving TRE by Manual - Pile driving tre by manual, chi"
Búa rung 50 kW,Búa rung 50 kW,Equipment,General,ca,0.0,0.0,0.0,0.0,0,VND,0.0,4.4453,6,6,"Pile driving TRE by Manual - Pile driving tre by manual, chi","Dinh muc du toan xay dung cong trinh (TT 12/2021/TT-BXD), Phu luc II",Piling and cast-in-place bored piles,"Pile driving TRE by Manual - Pile driving tre by manual, chi"
Gỗ hộp,Gỗ hộp,Material,General,m3,0.0,0.0,0.0,0.0,0,VND,0.0,0.0052,6,6,"Concrete Pile, Column, Pile CỪ - Concrete pile, - Pile, column","Dinh muc du toan xay dung cong trinh (TT 12/2021/TT-BXD), Phu luc II","Concrete piles, columns and precast members","Concrete Pile, Column, Pile CỪ - Concrete pile, - Pile, column"
Đá dăm đen,Đá dăm đen,Material,General,tấn,0.0,0.0,0.0,0.0,0,VND,0.0,18.5883,6,6,Construction Foundation Graded aggregate Crushed stone - Construction foundation graded aggregate stone dă,"Dinh muc du toan xay dung cong trinh (TT 12/2021/TT-BXD), Phu luc II",Road base and sub-base,Construction Foundation Graded aggregate Crushed stone - Construction foundation
Máy rải 50-,Máy rải 50-,Equipment,General,ca,0.0,0.0,0.0,0.0,0,VND,0.0,0.053,6,6,Construction Foundation Graded aggregate Crushed stone - Construction foundation graded aggregate stone dă,"Dinh muc du toan xay dung cong trinh (TT 12/2021/TT-BXD), Phu luc II",Road base and sub-base,Construction Foundation Graded aggregate Crushed stone - Construction foundation
"3,5 t Máy khác","3,5 t Máy khác",Equipment,General,%,0.0,0.0,0.0,0.0,0,VND,0.0,6.0,6,6,"Pile driving TRE by Manual - Pile driving tre by manual, chi","Dinh muc du toan xay dung cong trinh (TT 12/2021/TT-BXD), Phu luc II",Piling and cast-in-place bored piles,"Pile driving TRE by Manual - Pile driving tre by manual, chi"
Sơn phủ,Sơn phủ,Material,General,kg,0.0,0.0,0.0,0.0,0,VND,0.0,0.1702,6,6,LỢP Roof NGÓI 13 unit / m 2 - Lợp roof ngói 22 v / m 2 - Height,"Dinh muc du toan xay dung cong trinh (TT 12/2021/TT-BXD), Phu luc II",Roofing and roof coverings,LỢP Roof NGÓI 13 unit / m 2 - Lợp roof ngói 22 v / m 2 - Height
Máy hàn,Máy hàn,Equipment,General,ca,0.0,0.0,0.0,0.0,0,VND,0.0,3.805,6,6,Fabrication Truss Rafter Steel HÌNH KHẨU ĐỘ Large - Fabrication rafter steel kh,"Dinh muc du toan xay dung cong trinh (TT 12/2021/TT-BXD), Phu luc II",Steel truss and structural fabrication,Fabrication Truss Rafter Steel HÌNH KHẨU ĐỘ Large - Fabrication rafter steel kh
"Máy khoan bê tông 1,5 kW","Máy khoan bê tông 1,5 kW",Equipment,General,ca,0.0,0.0,0.0,0.0,0,VND,0.0,0.4267,6,6,Works Clearing Forest Forming Ground surface by Manual - Clearing forest lo,"Dinh muc du toan xay dung cong trinh (TT 12/2021/TT-BXD), Phu luc II",Site clearing and preparation,Works Clearing Forest Forming Ground surface by Manual - Clearing forest lo
Vữa miết mạch,Vữa miết mạch,Material,General,m3,0.0,0.0,0.0,0.0,0,VND,0.0,0.0045,6,6,LỢP Roof NGÓI 13 unit / m 2 - Lợp roof ngói 22 v / m 2 - Height,"Dinh muc du toan xay dung cong trinh (TT 12/2021/TT-BXD), Phu luc II",Roofing and roof coverings,LỢP Roof NGÓI 13 unit / m 2 - Lợp roof ngói 22 v / m 2 - Height
Bulông M16x250,Bulông M16x250,Material,General,cái,0.0,0.0,0.0,0.0,0,VND,0.0,6.82,6,6,Truss Rafter Roof NGÓI - Fabrication truss rafter roof ngói,"Dinh muc du toan xay dung cong trinh (TT 12/2021/TT-BXD), Phu luc II",Timber fabrication and erection,Truss Rafter Roof NGÓI - Fabrication truss rafter roof ngói
hơi 16 t Máy khác,hơi 16 t Máy khác,Equipment,General,%,0.0,0.0,0.0,0.0,0,VND,0.0,0.5,6,6,Construction Foundation Graded aggregate Crushed stone - Construction foundation graded aggregate stone dă,"Dinh muc du toan xay dung cong trinh (TT 12/2021/TT-BXD), Phu luc II",Road base and sub-base,Construction Foundation Graded aggregate Crushed stone - Construction foundation
Vữa bê tông RCC,Vữa bê tông RCC,Material,General,m3,0.0,0.0,0.0,0.0,0,VND,0.0,17.34,6,6,Concrete LÓT Foundation - Concrete lót -    ,"Dinh muc du toan xay dung cong trinh (TT 12/2021/TT-BXD), Phu luc II",In situ concrete,Concrete LÓT Foundation - Concrete lót -    
Máy phun nhựa đường,Máy phun nhựa đường,Equipment,General,ca,0.0,0.0,0.0,0.0,0,VND,0.0,0.099,6,6,Construction Foundation Graded aggregate Crushed stone - Construction foundation graded aggregate stone dă,"Dinh muc du toan xay dung cong trinh (TT 12/2021/TT-BXD), Phu luc II",Road base and sub-base,Construction Foundation Graded aggregate Crushed stone - Construction foundation
Máy ủi 110 cv ca,Máy ủi 110 cv ca,Equipment,General,ca,0.0,0.0,0.0,0.0,0,VND,0.0,0.0688,6,6,Excavation BÙN by Manual - Excavation bùn in mọi điều component - Bùn đặ,"Dinh muc du toan xay dung cong trinh (TT 12/2021/TT-BXD), Phu luc II",Earthwork - excavation and filling,Excavation BÙN by Manual - Excavation bùn in mọi điều component - Bùn đặ
Đinh crămpông,Đinh crămpông,Material,General,cái,0.0,0.0,0.0,0.0,0,VND,0.0,0.8983,6,6,"Concrete Pile, Column, Pile CỪ - Concrete pile, - Pile, column","Dinh muc du toan xay dung cong trinh (TT 12/2021/TT-BXD), Phu luc II","Concrete piles, columns and precast members","Concrete Pile, Column, Pile CỪ - Concrete pile, - Pile, column"
Cần trục tháp 15 t,Cần trục tháp 15 t,Equipment,General,ca,0.0,0.0,0.0,0.0,0,VND,0.0,0.0905,6,6,Concrete LÓT Foundation - Concrete lót -    ,"Dinh muc du toan xay dung cong trinh (TT 12/2021/TT-BXD), Phu luc II",In situ concrete,Concrete LÓT Foundation - Concrete lót -    
Vữa bê tông đá 1x1 M200,Vữa bê tông đá 1x1 M200,Material,General,m3,0.0,0.0,0.0,0.0,0,VND,0.0,0.046,6,6,"Concrete Pile, Column, Pile CỪ - Concrete pile, - Pile, column","Dinh muc du toan xay dung cong trinh (TT 12/2021/TT-BXD), Phu luc II","Concrete piles, columns and precast members","Concrete Pile, Column, Pile CỪ - Concrete pile, - Pile, column"
Máy luồn cáp 15 kW,Máy luồn cáp 15 kW,Equipment,General,ca,0.0,0.0,0.0,0.0,0,VND,0.0,7.7733,6,6,Concrete LÓT Foundation - Concrete lót -    ,"Dinh muc du toan xay dung cong trinh (TT 12/2021/TT-BXD), Phu luc II",In situ concrete,Concrete LÓT Foundation - Concrete lót -    
Đá cắt,Đá cắt,Material,General,viên,0.0,0.0,0.0,0.0,0,VND,0.0,5.4667,6,6,Concrete LÓT Foundation - Concrete lót -    ,"Dinh muc du toan xay dung cong trinh (TT 12/2021/TT-BXD), Phu luc II",In situ concrete,Concrete LÓT Foundation - Concrete lót -    
"1,2 t Máy khác","1,2 t Máy khác",Equipment,General,%,0.0,0.0,0.0,0.0,0,VND,0.0,6.0,6,6,"Pile driving TRE by Manual - Pile driving tre by manual, chi","Dinh muc du toan xay dung cong trinh (TT 12/2021/TT-BXD), Phu luc II",Piling and cast-in-place bored piles,"Pile driving TRE by Manual - Pile driving tre by manual, chi"
Đầu nối cần,Đầu nối cần,Material,General,bộ,0.0,0.0,0.0,0.0,0,VND,0.0,0.005,6,6,"Pile driving TRE by Manual - Pile driving tre by manual, chi","Dinh muc du toan xay dung cong trinh (TT 12/2021/TT-BXD), Phu luc II",Piling and cast-in-place bored piles,"Pile driving TRE by Manual - Pile driving tre by manual, chi"
Cút thép đầu cọc D34/15,Cút thép đầu cọc D34/15,Material,General,cái,0.0,0.0,0.0,0.0,0,VND,0.0,0.6667,6,6,"Pile driving TRE by Manual - Pile driving tre by manual, chi","Dinh muc du toan xay dung cong trinh (TT 12/2021/TT-BXD), Phu luc II",Piling and cast-in-place bored piles,"Pile driving TRE by Manual - Pile driving tre by manual, chi"
Ống cao su cao áp 34,Ống cao su cao áp 34,Material,General,m,0.0,0.0,0.0,0.0,0,VND,0.0,13.3333,6,6,"Pile driving TRE by Manual - Pile driving tre by manual, chi","Dinh muc du toan xay dung cong trinh (TT 12/2021/TT-BXD), Phu luc II",Piling and cast-in-place bored piles,"Pile driving TRE by Manual - Pile driving tre by manual, chi"
Máy lu bánh thép,Máy lu bánh thép,Equipment,General,ca,0.0,0.0,0.0,0.0,0,VND,0.0,0.245,6,6,Construction Foundation Graded aggregate Crushed stone - Construction foundation graded aggregate stone dă,"Dinh muc du toan xay dung cong trinh (TT 12/2021/TT-BXD), Phu luc II",Road base and sub-base,Construction Foundation Graded aggregate Crushed stone - Construction foundation
Ô tô tưới nước 5m3,Ô tô tưới nước 5m3,Equipment,General,ca,0.0,0.0,0.0,0.0,0,VND,0.0,0.2183,6,6,Construction Foundation Graded aggregate Crushed stone - Construction foundation graded aggregate stone dă,"Dinh muc du toan xay dung cong trinh (TT 12/2021/TT-BXD), Phu luc II",Road base and sub-base,Construction Foundation Graded aggregate Crushed stone - Construction foundation
Cấp phối đá dăm,Cấp phối đá dăm,Material,General,m3,0.0,0.0,0.0,0.0,0,VND,0.0,131.9117,6,6,Construction Foundation Graded aggregate Crushed stone - Construction foundation graded aggregate stone dă,"Dinh muc du toan xay dung cong trinh (TT 12/2021/TT-BXD), Phu luc II",Road base and sub-base,Construction Foundation Graded aggregate Crushed stone - Construction foundation
10 t Máy lu bánh hơi 25 t,10 t Máy lu bánh hơi 25 t,Equipment,General,ca,0.0,0.0,0.0,0.0,0,VND,0.0,0.37,6,6,Construction Foundation Graded aggregate Crushed stone - Construction foundation graded aggregate stone dă,"Dinh muc du toan xay dung cong trinh (TT 12/2021/TT-BXD), Phu luc II",Road base and sub-base,Construction Foundation Graded aggregate Crushed stone - Construction foundation
Máy lu rung 25 t,Máy lu rung 25 t,Equipment,General,ca,0.0,0.0,0.0,0.0,0,VND,0.0,0.2352,6,6,Construction Foundation Graded aggregate Crushed stone - Construction foundation graded aggregate stone dă,"Dinh muc du toan xay dung cong trinh (TT 12/2021/TT-BXD), Phu luc II",Road base and sub-base,Construction Foundation Graded aggregate Crushed stone - Construction foundation
Đá dăm chèn,Đá dăm chèn,Material,General,m3,0.0,0.0,0.0,0.0,0,VND,0.0,0.0482,5,5,Masonry Foundation - Masonry foundation - Dimension   ,"Dinh muc du toan xay dung cong trinh (TT 12/2021/TT-BXD), Phu luc II",Masonry (brick and stone),Masonry Foundation - Masonry foundation - Dimension   
Máy lu rung 18 t,Máy lu rung 18 t,Equipment,General,ca,0.0,0.0,0.0,0.0,0,VND,0.0,0.366,5,5,LỢP Roof NGÓI 13 unit / m 2 - Lợp roof ngói 22 v / m 2 - Height,"Dinh muc du toan xay dung cong trinh (TT 12/2021/TT-BXD), Phu luc II",Roofing and roof coverings,LỢP Roof NGÓI 13 unit / m 2 - Lợp roof ngói 22 v / m 2 - Height
Thép tấm kg,Thép tấm kg,Material,General,,0.0,0.0,0.0,0.0,0,VND,0.0,157.2236,5,5,Concrete LÓT Foundation - Concrete lót -    ,"Dinh muc du toan xay dung cong trinh (TT 12/2021/TT-BXD), Phu luc II",In situ concrete,Concrete LÓT Foundation - Concrete lót -    
Sơn,Sơn,Material,General,kg,0.0,0.0,0.0,0.0,0,VND,0.0,0.393,5,5,Construction Foundation Graded aggregate Crushed stone - Construction foundation graded aggregate stone dă,"Dinh muc du toan xay dung cong trinh (TT 12/2021/TT-BXD), Phu luc II",Road base and sub-base,Construction Foundation Graded aggregate Crushed stone - Construction foundation
Răng cào,Răng cào,Material,General,bộ,0.0,0.0,0.0,0.0,0,VND,0.0,0.138,5,5,Works Clearing Forest Forming Ground surface by Manual - Clearing forest lo,"Dinh muc du toan xay dung cong trinh (TT 12/2021/TT-BXD), Phu luc II",Site clearing and preparation,Works Clearing Forest Forming Ground surface by Manual - Clearing forest lo
Búa căn khí nén 3 m3/ph,Búa căn khí nén 3 m3/ph,Equipment,General,ca,0.0,0.0,0.0,0.0,0,VND,0.0,0.1956,5,5,Works Clearing Forest Forming Ground surface by Manual - Clearing forest lo,"Dinh muc du toan xay dung cong trinh (TT 12/2021/TT-BXD), Phu luc II",Site clearing and preparation,Works Clearing Forest Forming Ground surface by Manual - Clearing forest lo
Giáo thép,Giáo thép,Material,General,kg,0.0,0.0,0.0,0.0,0,VND,0.0,8.024,5,5,Construction Layer LÓT Foundation in KHUNG VÂY - Construction layer lót món,"Dinh muc du toan xay dung cong trinh (TT 12/2021/TT-BXD), Phu luc II",Foundation blinding and cofferdam base layers,Construction Layer LÓT Foundation in KHUNG VÂY - Construction layer lót món
cố Vữa phun ướt,cố Vữa phun ướt,Material,General,m3,0.0,0.0,0.0,0.0,0,VND,0.0,8.0,5,5,Construction Layer LÓT Foundation in KHUNG VÂY - Construction layer lót món,"Dinh muc du toan xay dung cong trinh (TT 12/2021/TT-BXD), Phu luc II",Foundation blinding and cofferdam base layers,Construction Layer LÓT Foundation in KHUNG VÂY - Construction layer lót món
km Ôtô tự đổ 10T ca,km Ôtô tự đổ 10T ca,Material,General,,0.0,0.0,0.0,0.0,0,VND,0.0,3.11,5,5,Concrete LÓT Foundation - Concrete lót -    ,"Dinh muc du toan xay dung cong trinh (TT 12/2021/TT-BXD), Phu luc II",In situ concrete,Concrete LÓT Foundation - Concrete lót -    
Bê tông nhựa rỗng,Bê tông nhựa rỗng,Material,General,tấn,0.0,0.0,0.0,0.0,0,VND,0.0,11.028,5,5,Construction Foundation Graded aggregate Crushed stone - Construction foundation graded aggregate stone dă,"Dinh muc du toan xay dung cong trinh (TT 12/2021/TT-BXD), Phu luc II",Road base and sub-base,Construction Foundation Graded aggregate Crushed stone - Construction foundation
Máy lu bánh hơi 16t,Máy lu bánh hơi 16t,Equipment,General,ca,0.0,0.0,0.0,0.0,0,VND,0.0,0.0616,5,5,Construction Foundation Graded aggregate Crushed stone - Construction foundation graded aggregate stone dă,"Dinh muc du toan xay dung cong trinh (TT 12/2021/TT-BXD), Phu luc II",Road base and sub-base,Construction Foundation Graded aggregate Crushed stone - Construction foundation
Máy rải 130-140cv,Máy rải 130-140cv,Equipment,General,ca,0.0,0.0,0.0,0.0,0,VND,0.0,0.0418,5,5,Construction Foundation Graded aggregate Crushed stone - Construction foundation graded aggregate stone dă,"Dinh muc du toan xay dung cong trinh (TT 12/2021/TT-BXD), Phu luc II",Road base and sub-base,Construction Foundation Graded aggregate Crushed stone - Construction foundation
Đá granít tự nhiên,Đá granít tự nhiên,Material,General,m2,0.0,0.0,0.0,0.0,0,VND,0.0,1.034,5,5,LỢP Roof NGÓI 13 unit / m 2 - Lợp roof ngói 22 v / m 2 - Height,"Dinh muc du toan xay dung cong trinh (TT 12/2021/TT-BXD), Phu luc II",Roofing and roof coverings,LỢP Roof NGÓI 13 unit / m 2 - Lợp roof ngói 22 v / m 2 - Height
" 3,5km"," 3,5km",Equipment,General,ca,0.0,0.0,0.0,0.0,0,VND,0.0,8.8246,5,5,Concrete LÓT Foundation - Concrete lót -    ,"Dinh muc du toan xay dung cong trinh (TT 12/2021/TT-BXD), Phu luc II",In situ concrete,Concrete LÓT Foundation - Concrete lót -    
" 0,5km"," 0,5km",Equipment,General,ca,0.0,0.0,0.0,0.0,0,VND,0.0,6.5746,5,5,Concrete LÓT Foundation - Concrete lót -    ,"Dinh muc du toan xay dung cong trinh (TT 12/2021/TT-BXD), Phu luc II",In situ concrete,Concrete LÓT Foundation - Concrete lót -    
" 4,0km"," 4,0km",Equipment,General,ca,0.0,0.0,0.0,0.0,0,VND,0.0,9.0746,5,5,Concrete LÓT Foundation - Concrete lót -    ,"Dinh muc du toan xay dung cong trinh (TT 12/2021/TT-BXD), Phu luc II",In situ concrete,Concrete LÓT Foundation - Concrete lót -    
Xi lò cao S95 kg,Xi lò cao S95 kg,Material,General,81,0.0,0.0,0.0,0.0,0,VND,0.0,126.8,5,5,Concrete LÓT Foundation - Concrete lót -    ,"Dinh muc du toan xay dung cong trinh (TT 12/2021/TT-BXD), Phu luc II",In situ concrete,Concrete LÓT Foundation - Concrete lót -    
Pa lăng xích 3 t,Pa lăng xích 3 t,Equipment,General,ca,0.0,0.0,0.0,0.0,0,VND,0.0,4.36,5,5,Concrete LÓT Foundation - Concrete lót -    ,"Dinh muc du toan xay dung cong trinh (TT 12/2021/TT-BXD), Phu luc II",In situ concrete,Concrete LÓT Foundation - Concrete lót -    
Thép tròn  > 18mm,Thép tròn  > 18mm,Material,General,kg,0.0,0.0,0.0,0.0,0,VND,0.0,1044.0,5,5,Concrete LÓT Foundation - Concrete lót -    ,"Dinh muc du toan xay dung cong trinh (TT 12/2021/TT-BXD), Phu luc II",In situ concrete,Concrete LÓT Foundation - Concrete lót -    
YHK10A Lò nấu sơn YHK3A,YHK10A Lò nấu sơn YHK3A,Equipment,General,ca,0.0,0.0,0.0,0.0,0,VND,0.0,0.0344,5,5,LỢP Roof NGÓI 13 unit / m 2 - Lợp roof ngói 22 v / m 2 - Height,"Dinh muc du toan xay dung cong trinh (TT 12/2021/TT-BXD), Phu luc II",Roofing and roof coverings,LỢP Roof NGÓI 13 unit / m 2 - Lợp roof ngói 22 v / m 2 - Height
Củi đun,Củi đun,Material,General,kg,0.0,0.0,0.0,0.0,0,VND,0.0,3.4,5,5,LỢP Roof NGÓI 13 unit / m 2 - Lợp roof ngói 22 v / m 2 - Height,"Dinh muc du toan xay dung cong trinh (TT 12/2021/TT-BXD), Phu luc II",Roofing and roof coverings,LỢP Roof NGÓI 13 unit / m 2 - Lợp roof ngói 22 v / m 2 - Height
Búa rung 170kW,Búa rung 170kW,Equipment,General,ca,0.0,0.0,0.0,0.0,0,VND,0.0,0.0674,5,5,"Pile driving TRE by Manual - Pile driving tre by manual, chi","Dinh muc du toan xay dung cong trinh (TT 12/2021/TT-BXD), Phu luc II",Piling and cast-in-place bored piles,"Pile driving TRE by Manual - Pile driving tre by manual, chi"
"con rào, Máy thi công Máy trộn 250l","con rào, Máy thi công Máy trộn 250l",Equipment,General,ca,0.0,0.0,0.0,0.0,0,VND,0.0,0.095,5,5,"Concrete Pile, Column, Pile CỪ - Concrete pile, - Pile, column","Dinh muc du toan xay dung cong trinh (TT 12/2021/TT-BXD), Phu luc II","Concrete piles, columns and precast members","Concrete Pile, Column, Pile CỪ - Concrete pile, - Pile, column"
Sơn dẻo nhiệt,Sơn dẻo nhiệt,Material,General,kg,0.0,0.0,0.0,0.0,0,VND,0.0,6.0872,5,5,LỢP Roof NGÓI 13 unit / m 2 - Lợp roof ngói 22 v / m 2 - Height,"Dinh muc du toan xay dung cong trinh (TT 12/2021/TT-BXD), Phu luc II",Roofing and roof coverings,LỢP Roof NGÓI 13 unit / m 2 - Lợp roof ngói 22 v / m 2 - Height
Thiết bị sơn kẻ vạch,Thiết bị sơn kẻ vạch,Equipment,General,ca,0.0,0.0,0.0,0.0,0,VND,0.0,0.0344,5,5,LỢP Roof NGÓI 13 unit / m 2 - Lợp roof ngói 22 v / m 2 - Height,"Dinh muc du toan xay dung cong trinh (TT 12/2021/TT-BXD), Phu luc II",Roofing and roof coverings,LỢP Roof NGÓI 13 unit / m 2 - Lợp roof ngói 22 v / m 2 - Height
" 1,5km"," 1,5km",Equipment,General,ca,0.0,0.0,0.0,0.0,0,VND,0.0,7.5746,5,5,Concrete LÓT Foundation - Concrete lót -    ,"Dinh muc du toan xay dung cong trinh (TT 12/2021/TT-BXD), Phu luc II",In situ concrete,Concrete LÓT Foundation - Concrete lót -    
" 2,0km"," 2,0km",Equipment,General,ca,0.0,0.0,0.0,0.0,0,VND,0.0,7.9082,5,5,Concrete LÓT Foundation - Concrete lót -    ,"Dinh muc du toan xay dung cong trinh (TT 12/2021/TT-BXD), Phu luc II",In situ concrete,Concrete LÓT Foundation - Concrete lót -    
" 2,5km"," 2,5km",Equipment,General,ca,0.0,0.0,0.0,0.0,0,VND,0.0,8.2414,5,5,Concrete LÓT Foundation - Concrete lót -    ,"Dinh muc du toan xay dung cong trinh (TT 12/2021/TT-BXD), Phu luc II",In situ concrete,Concrete LÓT Foundation - Concrete lót -    
" 3,0km"," 3,0km",Equipment,General,ca,0.0,0.0,0.0,0.0,0,VND,0.0,8.5746,5,5,Concrete LÓT Foundation - Concrete lót -    ,"Dinh muc du toan xay dung cong trinh (TT 12/2021/TT-BXD), Phu luc II",In situ concrete,Concrete LÓT Foundation - Concrete lót -    
" 1,0km"," 1,0km",Equipment,General,ca,0.0,0.0,0.0,0.0,0,VND,0.0,7.0746,5,5,Concrete LÓT Foundation - Concrete lót -    ,"Dinh muc du toan xay dung cong trinh (TT 12/2021/TT-BXD), Phu luc II",In situ concrete,Concrete LÓT Foundation - Concrete lót -    
Máy rải 50-60 m3/h,Máy rải 50-60 m3/h,Equipment,General,ca,0.0,0.0,0.0,0.0,0,VND,0.0,0.2022,5,5,Construction Foundation Graded aggregate Crushed stone - Construction foundation graded aggregate stone dă,"Dinh muc du toan xay dung cong trinh (TT 12/2021/TT-BXD), Phu luc II",Road base and sub-base,Construction Foundation Graded aggregate Crushed stone - Construction foundation
Xi lò cao S95,Xi lò cao S95,Material,General,kg,0.0,0.0,0.0,0.0,0,VND,0.0,135.4,5,5,Concrete LÓT Foundation - Concrete lót -    ,"Dinh muc du toan xay dung cong trinh (TT 12/2021/TT-BXD), Phu luc II",In situ concrete,Concrete LÓT Foundation - Concrete lót -    
Canô 75 cv,Canô 75 cv,Equipment,General,ca,0.0,0.0,0.0,0.0,0,VND,0.0,0.0224,5,5,Excavation BÙN by Manual - Excavation bùn in mọi điều component - Bùn đặ,"Dinh muc du toan xay dung cong trinh (TT 12/2021/TT-BXD), Phu luc II",Earthwork - excavation and filling,Excavation BÙN by Manual - Excavation bùn in mọi điều component - Bùn đặ
Cần cẩu 10 t ca,Cần cẩu 10 t ca,Equipment,General,ca,0.0,0.0,0.0,0.0,0,VND,0.0,0.1324,5,5,Concrete LÓT Foundation - Concrete lót -    ,"Dinh muc du toan xay dung cong trinh (TT 12/2021/TT-BXD), Phu luc II",In situ concrete,Concrete LÓT Foundation - Concrete lót -    
bụng tự hành 3958cv Tàu cấp dầu 360 cv,bụng tự hành 3958cv Tàu cấp dầu 360 cv,Equipment,General,ca,0.0,0.0,0.0,0.0,0,VND,0.0,0.0686,5,5,Excavation BÙN by Manual - Excavation bùn in mọi điều component - Bùn đặ,"Dinh muc du toan xay dung cong trinh (TT 12/2021/TT-BXD), Phu luc II",Earthwork - excavation and filling,Excavation BÙN by Manual - Excavation bùn in mọi điều component - Bùn đặ
Tàu đào gầu ngoạm,Tàu đào gầu ngoạm,Equipment,General,ca,0.0,0.0,0.0,0.0,0,VND,0.0,0.314,5,5,Excavation BÙN by Manual - Excavation bùn in mọi điều component - Bùn đặ,"Dinh muc du toan xay dung cong trinh (TT 12/2021/TT-BXD), Phu luc II",Earthwork - excavation and filling,Excavation BÙN by Manual - Excavation bùn in mọi điều component - Bùn đặ
3170 cv Cầu nổi 30 t (làm neo),3170 cv Cầu nổi 30 t (làm neo),Equipment,General,ca,0.0,0.0,0.0,0.0,0,VND,0.0,0.1556,5,5,Excavation BÙN by Manual - Excavation bùn in mọi điều component - Bùn đặ,"Dinh muc du toan xay dung cong trinh (TT 12/2021/TT-BXD), Phu luc II",Earthwork - excavation and filling,Excavation BÙN by Manual - Excavation bùn in mọi điều component - Bùn đặ
Tàu cuốc biển công suất 2085 cv (hoặc,Tàu cuốc biển công suất 2085 cv (hoặc,Equipment,General,ca,0.0,0.0,0.0,0.0,0,VND,0.0,0.1124,5,5,Excavation BÙN by Manual - Excavation bùn in mọi điều component - Bùn đặ,"Dinh muc du toan xay dung cong trinh (TT 12/2021/TT-BXD), Phu luc II",Earthwork - excavation and filling,Excavation BÙN by Manual - Excavation bùn in mọi điều component - Bùn đặ
tương tự) Sà lan công tác 250 t,tương tự) Sà lan công tác 250 t,Equipment,General,ca,0.0,0.0,0.0,0.0,0,VND,0.0,0.1124,5,5,Excavation BÙN by Manual - Excavation bùn in mọi điều component - Bùn đặ,"Dinh muc du toan xay dung cong trinh (TT 12/2021/TT-BXD), Phu luc II",Earthwork - excavation and filling,Excavation BÙN by Manual - Excavation bùn in mọi điều component - Bùn đặ
Tàu cuốc sông TC82,Tàu cuốc sông TC82,Equipment,General,ca,0.0,0.0,0.0,0.0,0,VND,0.0,0.2932,5,5,Excavation BÙN by Manual - Excavation bùn in mọi điều component - Bùn đặ,"Dinh muc du toan xay dung cong trinh (TT 12/2021/TT-BXD), Phu luc II",Earthwork - excavation and filling,Excavation BÙN by Manual - Excavation bùn in mọi điều component - Bùn đặ
Tời điện 5T,Tời điện 5T,Equipment,General,ca,0.0,0.0,0.0,0.0,0,VND,0.0,0.2932,5,5,Excavation BÙN by Manual - Excavation bùn in mọi điều component - Bùn đặ,"Dinh muc du toan xay dung cong trinh (TT 12/2021/TT-BXD), Phu luc II",Earthwork - excavation and filling,Excavation BÙN by Manual - Excavation bùn in mọi điều component - Bùn đặ
"Máy phát điện 62,5","Máy phát điện 62,5",Equipment,General,ca,0.0,0.0,0.0,0.0,0,VND,0.0,0.2932,5,5,Excavation BÙN by Manual - Excavation bùn in mọi điều component - Bùn đặ,"Dinh muc du toan xay dung cong trinh (TT 12/2021/TT-BXD), Phu luc II",Earthwork - excavation and filling,Excavation BÙN by Manual - Excavation bùn in mọi điều component - Bùn đặ
Máy bơm bê tông 50 m3/h ca,Máy bơm bê tông 50 m3/h ca,Equipment,General,ca,0.0,0.0,0.0,0.0,0,VND,0.0,0.0342,5,5,Concrete LÓT Foundation - Concrete lót -    ,"Dinh muc du toan xay dung cong trinh (TT 12/2021/TT-BXD), Phu luc II",In situ concrete,Concrete LÓT Foundation - Concrete lót -    
Máy nâng thuỷ lực 135 cv ca,Máy nâng thuỷ lực 135 cv ca,Equipment,General,ca,0.0,0.0,0.0,0.0,0,VND,0.0,1.3058,5,4,Concrete LÓT Foundation - Concrete lót -    ,"Dinh muc du toan xay dung cong trinh (TT 12/2021/TT-BXD), Phu luc II",In situ concrete,Concrete LÓT Foundation - Concrete lót -    
"Đá 4,75÷9,5 (mm)","Đá 4,75÷9,5 (mm)",Material,General,m3,0.0,0.0,0.0,0.0,0,VND,0.0,1.1,5,5,Construction Foundation Graded aggregate Crushed stone - Construction foundation graded aggregate stone dă,"Dinh muc du toan xay dung cong trinh (TT 12/2021/TT-BXD), Phu luc II",Road base and sub-base,Construction Foundation Graded aggregate Crushed stone - Construction foundation
Tàu phục vụ 360cv,Tàu phục vụ 360cv,Equipment,General,ca,0.0,0.0,0.0,0.0,0,VND,0.0,0.0454,5,5,Excavation BÙN by Manual - Excavation bùn in mọi điều component - Bùn đặ,"Dinh muc du toan xay dung cong trinh (TT 12/2021/TT-BXD), Phu luc II",Earthwork - excavation and filling,Excavation BÙN by Manual - Excavation bùn in mọi điều component - Bùn đặ
Vận thăng 2 t,Vận thăng 2 t,Equipment,General,ca,0.0,0.0,0.0,0.0,0,VND,0.0,0.11,5,5,Concrete LÓT Foundation - Concrete lót -    ,"Dinh muc du toan xay dung cong trinh (TT 12/2021/TT-BXD), Phu luc II",In situ concrete,Concrete LÓT Foundation - Concrete lót -    
Máy nén khí 420 m3/h,Máy nén khí 420 m3/h,Equipment,General,ca,0.0,0.0,0.0,0.0,0,VND,0.0,0.2136,5,5,Works Clearing Forest Forming Ground surface by Manual - Clearing forest lo,"Dinh muc du toan xay dung cong trinh (TT 12/2021/TT-BXD), Phu luc II",Site clearing and preparation,Works Clearing Forest Forming Ground surface by Manual - Clearing forest lo
"Ôtô chứa nhiên liệu 2,5 t","Ôtô chứa nhiên liệu 2,5 t",Equipment,General,ca,0.0,0.0,0.0,0.0,0,VND,0.0,0.2136,5,5,Works Clearing Forest Forming Ground surface by Manual - Clearing forest lo,"Dinh muc du toan xay dung cong trinh (TT 12/2021/TT-BXD), Phu luc II",Site clearing and preparation,Works Clearing Forest Forming Ground surface by Manual - Clearing forest lo
kVA Máy khác,kVA Máy khác,Equipment,General,%,0.0,0.0,0.0,0.0,0,VND,0.0,1.5,5,5,Excavation BÙN by Manual - Excavation bùn in mọi điều component - Bùn đặ,"Dinh muc du toan xay dung cong trinh (TT 12/2021/TT-BXD), Phu luc II",Earthwork - excavation and filling,Excavation BÙN by Manual - Excavation bùn in mọi điều component - Bùn đặ
Tàu hút bụng tự hành HB88 1390cv,Tàu hút bụng tự hành HB88 1390cv,Equipment,General,ca,0.0,0.0,0.0,0.0,0,VND,0.0,0.1954,5,5,Excavation BÙN by Manual - Excavation bùn in mọi điều component - Bùn đặ,"Dinh muc du toan xay dung cong trinh (TT 12/2021/TT-BXD), Phu luc II",Earthwork - excavation and filling,Excavation BÙN by Manual - Excavation bùn in mọi điều component - Bùn đặ
(hoặc tương tự) Tàu cấp dầu 360 cv,(hoặc tương tự) Tàu cấp dầu 360 cv,Equipment,General,ca,0.0,0.0,0.0,0.0,0,VND,0.0,0.0976,5,5,Excavation BÙN by Manual - Excavation bùn in mọi điều component - Bùn đặ,"Dinh muc du toan xay dung cong trinh (TT 12/2021/TT-BXD), Phu luc II",Earthwork - excavation and filling,Excavation BÙN by Manual - Excavation bùn in mọi điều component - Bùn đặ
hành 5945cv (hoặc,hành 5945cv (hoặc,Equipment,General,ca,0.0,0.0,0.0,0.0,0,VND,0.0,0.0454,5,5,Excavation BÙN by Manual - Excavation bùn in mọi điều component - Bùn đặ,"Dinh muc du toan xay dung cong trinh (TT 12/2021/TT-BXD), Phu luc II",Earthwork - excavation and filling,Excavation BÙN by Manual - Excavation bùn in mọi điều component - Bùn đặ
tương tự) Tàu cấp dầu 600cv,tương tự) Tàu cấp dầu 600cv,Equipment,General,ca,0.0,0.0,0.0,0.0,0,VND,0.0,0.0146,5,5,Excavation BÙN by Manual - Excavation bùn in mọi điều component - Bùn đặ,"Dinh muc du toan xay dung cong trinh (TT 12/2021/TT-BXD), Phu luc II",Earthwork - excavation and filling,Excavation BÙN by Manual - Excavation bùn in mọi điều component - Bùn đặ
Cần cẩu 6t,Cần cẩu 6t,Equipment,General,ca,0.0,0.0,0.0,0.0,0,VND,0.0,0.0676,5,5,Truss Rafter Roof NGÓI - Fabrication truss rafter roof ngói,"Dinh muc du toan xay dung cong trinh (TT 12/2021/TT-BXD), Phu luc II",Timber fabrication and erection,Truss Rafter Roof NGÓI - Fabrication truss rafter roof ngói
tương tự) Tàu kéo 360 cv,tương tự) Tàu kéo 360 cv,Equipment,General,ca,0.0,0.0,0.0,0.0,0,VND,0.0,0.0454,5,5,Excavation BÙN by Manual - Excavation bùn in mọi điều component - Bùn đặ,"Dinh muc du toan xay dung cong trinh (TT 12/2021/TT-BXD), Phu luc II",Earthwork - excavation and filling,Excavation BÙN by Manual - Excavation bùn in mọi điều component - Bùn đặ
kVA Tời điện 5T,kVA Tời điện 5T,Equipment,General,ca,0.0,0.0,0.0,0.0,0,VND,0.0,0.048,5,5,Excavation BÙN by Manual - Excavation bùn in mọi điều component - Bùn đặ,"Dinh muc du toan xay dung cong trinh (TT 12/2021/TT-BXD), Phu luc II",Earthwork - excavation and filling,Excavation BÙN by Manual - Excavation bùn in mọi điều component - Bùn đặ
bơm,bơm,Equipment,General,ca,0.0,0.0,0.0,0.0,0,VND,0.0,0.1258,5,5,Excavation BÙN by Manual - Excavation bùn in mọi điều component - Bùn đặ,"Dinh muc du toan xay dung cong trinh (TT 12/2021/TT-BXD), Phu luc II",Earthwork - excavation and filling,Excavation BÙN by Manual - Excavation bùn in mọi điều component - Bùn đặ
Tàu cấp nước 360cv,Tàu cấp nước 360cv,Equipment,General,ca,0.0,0.0,0.0,0.0,0,VND,0.0,0.0146,5,5,Excavation BÙN by Manual - Excavation bùn in mọi điều component - Bùn đặ,"Dinh muc du toan xay dung cong trinh (TT 12/2021/TT-BXD), Phu luc II",Earthwork - excavation and filling,Excavation BÙN by Manual - Excavation bùn in mọi điều component - Bùn đặ
xả Tàu phục vụ 360 cv,xả Tàu phục vụ 360 cv,Equipment,General,ca,0.0,0.0,0.0,0.0,0,VND,0.0,0.1142,5,5,Excavation BÙN by Manual - Excavation bùn in mọi điều component - Bùn đặ,"Dinh muc du toan xay dung cong trinh (TT 12/2021/TT-BXD), Phu luc II",Earthwork - excavation and filling,Excavation BÙN by Manual - Excavation bùn in mọi điều component - Bùn đặ
Ống PVC 200mm,Ống PVC 200mm,Material,General,m,0.0,0.0,0.0,0.0,0,VND,0.0,0.976,5,5,Excavation BÙN by Manual - Excavation bùn in mọi điều component - Bùn đặ,"Dinh muc du toan xay dung cong trinh (TT 12/2021/TT-BXD), Phu luc II",Earthwork - excavation and filling,Excavation BÙN by Manual - Excavation bùn in mọi điều component - Bùn đặ
Máy cào bóc Wirtgen C1000,Máy cào bóc Wirtgen C1000,Equipment,General,ca,0.0,0.0,0.0,0.0,0,VND,0.0,0.2136,5,5,Works Clearing Forest Forming Ground surface by Manual - Clearing forest lo,"Dinh muc du toan xay dung cong trinh (TT 12/2021/TT-BXD), Phu luc II",Site clearing and preparation,Works Clearing Forest Forming Ground surface by Manual - Clearing forest lo
Ôtô chở nước 5 m3,Ôtô chở nước 5 m3,Equipment,General,ca,0.0,0.0,0.0,0.0,0,VND,0.0,0.2136,5,5,Works Clearing Forest Forming Ground surface by Manual - Clearing forest lo,"Dinh muc du toan xay dung cong trinh (TT 12/2021/TT-BXD), Phu luc II",Site clearing and preparation,Works Clearing Forest Forming Ground surface by Manual - Clearing forest lo
"Máy cắt đá 1,7 kW","Máy cắt đá 1,7 kW",Equipment,General,ca,0.0,0.0,0.0,0.0,0,VND,0.0,0.25,5,5,LỢP Roof NGÓI 13 unit / m 2 - Lợp roof ngói 22 v / m 2 - Height,"Dinh muc du toan xay dung cong trinh (TT 12/2021/TT-BXD), Phu luc II",Roofing and roof coverings,LỢP Roof NGÓI 13 unit / m 2 - Lợp roof ngói 22 v / m 2 - Height
bằng,bằng,Equipment,General,ca,0.0,0.0,0.0,0.0,0,VND,0.0,0.0288,5,5,Works Clearing Forest Forming Ground surface by Manual - Clearing forest lo,"Dinh muc du toan xay dung cong trinh (TT 12/2021/TT-BXD), Phu luc II",Site clearing and preparation,Works Clearing Forest Forming Ground surface by Manual - Clearing forest lo
"bằng Máy thi công Máy đào 3,6m3","bằng Máy thi công Máy đào 3,6m3",Equipment,General,ca,0.0,0.0,0.0,0.0,0,VND,0.0,0.1655,4,4,Excavation BÙN by Manual - Excavation bùn in mọi điều component - Bùn đặ,"Dinh muc du toan xay dung cong trinh (TT 12/2021/TT-BXD), Phu luc II",Earthwork - excavation and filling,Excavation BÙN by Manual - Excavation bùn in mọi điều component - Bùn đặ
"bằng Máy thi công Máy đào 2,3m3","bằng Máy thi công Máy đào 2,3m3",Equipment,General,ca,0.0,0.0,0.0,0.0,0,VND,0.0,0.237,4,4,Excavation BÙN by Manual - Excavation bùn in mọi điều component - Bùn đặ,"Dinh muc du toan xay dung cong trinh (TT 12/2021/TT-BXD), Phu luc II",Earthwork - excavation and filling,Excavation BÙN by Manual - Excavation bùn in mọi điều component - Bùn đặ
"bằng Máy thi công Máy đào 1,6m3","bằng Máy thi công Máy đào 1,6m3",Equipment,General,ca,0.0,0.0,0.0,0.0,0,VND,0.0,0.2715,4,4,Excavation BÙN by Manual - Excavation bùn in mọi điều component - Bùn đặ,"Dinh muc du toan xay dung cong trinh (TT 12/2021/TT-BXD), Phu luc II",Earthwork - excavation and filling,Excavation BÙN by Manual - Excavation bùn in mọi điều component - Bùn đặ
Máy nén khí 360 m3/h,Máy nén khí 360 m3/h,Equipment,General,ca,0.0,0.0,0.0,0.0,0,VND,0.0,0.1275,4,4,Works Clearing Forest Forming Ground surface by Manual - Clearing forest lo,"Dinh muc du toan xay dung cong trinh (TT 12/2021/TT-BXD), Phu luc II",Site clearing and preparation,Works Clearing Forest Forming Ground surface by Manual - Clearing forest lo
"bằng Máy thi công Máy đào 1,25m3","bằng Máy thi công Máy đào 1,25m3",Equipment,General,ca,0.0,0.0,0.0,0.0,0,VND,0.0,0.3067,4,4,Excavation BÙN by Manual - Excavation bùn in mọi điều component - Bùn đặ,"Dinh muc du toan xay dung cong trinh (TT 12/2021/TT-BXD), Phu luc II",Earthwork - excavation and filling,Excavation BÙN by Manual - Excavation bùn in mọi điều component - Bùn đặ
"bằng Máy thi công Máy đào 0,8m3","bằng Máy thi công Máy đào 0,8m3",Equipment,General,ca,0.0,0.0,0.0,0.0,0,VND,0.0,0.4172,4,4,Excavation BÙN by Manual - Excavation bùn in mọi điều component - Bùn đặ,"Dinh muc du toan xay dung cong trinh (TT 12/2021/TT-BXD), Phu luc II",Earthwork - excavation and filling,Excavation BÙN by Manual - Excavation bùn in mọi điều component - Bùn đặ
Thuốc nổ P113-F32,Thuốc nổ P113-F32,Material,General,kg,0.0,0.0,0.0,0.0,0,VND,0.0,2.66,4,4,Excavation BÙN by Manual - Excavation bùn in mọi điều component - Bùn đặ,"Dinh muc du toan xay dung cong trinh (TT 12/2021/TT-BXD), Phu luc II",Earthwork - excavation and filling,Excavation BÙN by Manual - Excavation bùn in mọi điều component - Bùn đặ
Tầu kéo 150CV,Tầu kéo 150CV,Equipment,General,ca,0.0,0.0,0.0,0.0,0,VND,0.0,0.135,4,4,"Pile driving TRE by Manual - Pile driving tre by manual, chi","Dinh muc du toan xay dung cong trinh (TT 12/2021/TT-BXD), Phu luc II",Piling and cast-in-place bored piles,"Pile driving TRE by Manual - Pile driving tre by manual, chi"
Cần cẩu 25T,Cần cẩu 25T,Equipment,General,ca,0.0,0.0,0.0,0.0,0,VND,0.0,2.9882,4,4,"Pile driving TRE by Manual - Pile driving tre by manual, chi","Dinh muc du toan xay dung cong trinh (TT 12/2021/TT-BXD), Phu luc II",Piling and cast-in-place bored piles,"Pile driving TRE by Manual - Pile driving tre by manual, chi"
"Tàu đóng cọc búa 1,8t","Tàu đóng cọc búa 1,8t",Equipment,General,ca,0.0,0.0,0.0,0.0,0,VND,0.0,2.9882,4,4,"Pile driving TRE by Manual - Pile driving tre by manual, chi","Dinh muc du toan xay dung cong trinh (TT 12/2021/TT-BXD), Phu luc II",Piling and cast-in-place bored piles,"Pile driving TRE by Manual - Pile driving tre by manual, chi"
"Máy đóng cọc 1,8T","Máy đóng cọc 1,8T",Equipment,General,ca,0.0,0.0,0.0,0.0,0,VND,0.0,2.4272,4,4,"Pile driving TRE by Manual - Pile driving tre by manual, chi","Dinh muc du toan xay dung cong trinh (TT 12/2021/TT-BXD), Phu luc II",Piling and cast-in-place bored piles,"Pile driving TRE by Manual - Pile driving tre by manual, chi"
Máy trộn dung dịch 750 l,Máy trộn dung dịch 750 l,Equipment,General,ca,0.0,0.0,0.0,0.0,0,VND,0.0,0.0382,4,4,"Pile driving TRE by Manual - Pile driving tre by manual, chi","Dinh muc du toan xay dung cong trinh (TT 12/2021/TT-BXD), Phu luc II",Piling and cast-in-place bored piles,"Pile driving TRE by Manual - Pile driving tre by manual, chi"
Máy bơm nước 2 kW,Máy bơm nước 2 kW,Equipment,General,ca,0.0,0.0,0.0,0.0,0,VND,0.0,0.019,4,4,"Pile driving TRE by Manual - Pile driving tre by manual, chi","Dinh muc du toan xay dung cong trinh (TT 12/2021/TT-BXD), Phu luc II",Piling and cast-in-place bored piles,"Pile driving TRE by Manual - Pile driving tre by manual, chi"
Nước thi công,Nước thi công,Material,General,,0.0,0.0,0.0,0.0,0,VND,0.0,4.681,4,4,"Pile driving TRE by Manual - Pile driving tre by manual, chi","Dinh muc du toan xay dung cong trinh (TT 12/2021/TT-BXD), Phu luc II",Piling and cast-in-place bored piles,"Pile driving TRE by Manual - Pile driving tre by manual, chi"
Litô,Litô,Material,General,m3,0.0,0.0,0.0,0.0,0,VND,0.0,0.775,4,2,LỢP Roof NGÓI 13 unit / m 2 - Lợp roof ngói 22 v / m 2 - Height,"Dinh muc du toan xay dung cong trinh (TT 12/2021/TT-BXD), Phu luc II",Roofing and roof coverings,LỢP Roof NGÓI 13 unit / m 2 - Lợp roof ngói 22 v / m 2 - Height
Gạch chỉ,Gạch chỉ,Material,General,viên,0.0,0.0,0.0,0.0,0,VND,0.0,62.0,4,4,LỢP Roof NGÓI 13 unit / m 2 - Lợp roof ngói 22 v / m 2 - Height,"Dinh muc du toan xay dung cong trinh (TT 12/2021/TT-BXD), Phu luc II",Roofing and roof coverings,LỢP Roof NGÓI 13 unit / m 2 - Lợp roof ngói 22 v / m 2 - Height
Ngói bò,Ngói bò,Material,General,viên,0.0,0.0,0.0,0.0,0,VND,0.0,27.0,4,4,LỢP Roof NGÓI 13 unit / m 2 - Lợp roof ngói 22 v / m 2 - Height,"Dinh muc du toan xay dung cong trinh (TT 12/2021/TT-BXD), Phu luc II",Roofing and roof coverings,LỢP Roof NGÓI 13 unit / m 2 - Lợp roof ngói 22 v / m 2 - Height
Litô 3x3,Litô 3x3,Material,General,m3,0.0,0.0,0.0,0.0,0,VND,0.0,0.364,4,2,LỢP Roof NGÓI 13 unit / m 2 - Lợp roof ngói 22 v / m 2 - Height,"Dinh muc du toan xay dung cong trinh (TT 12/2021/TT-BXD), Phu luc II",Roofing and roof coverings,LỢP Roof NGÓI 13 unit / m 2 - Lợp roof ngói 22 v / m 2 - Height
Máy trộn 150l,Máy trộn 150l,Equipment,General,ca,0.0,0.0,0.0,0.0,0,VND,0.0,0.0045,4,4,LỢP Roof NGÓI 13 unit / m 2 - Lợp roof ngói 22 v / m 2 - Height,"Dinh muc du toan xay dung cong trinh (TT 12/2021/TT-BXD), Phu luc II",Roofing and roof coverings,LỢP Roof NGÓI 13 unit / m 2 - Lợp roof ngói 22 v / m 2 - Height
"Gỗ, cây chống, đà giáo","Gỗ, cây chống, đà giáo",Material,General,m3,0.0,0.0,0.0,0.0,0,VND,0.0,5.4925,4,4,Loading Stacking Material RỜI LÊN PHƯƠNG TIỆN Transport by THỦ CÔN,"Dinh muc du toan xay dung cong trinh (TT 12/2021/TT-BXD), Phu luc II","Loading, unloading and transport",Loading Stacking Material RỜI LÊN PHƯƠNG TIỆN Transport by THỦ CÔN
Gạch lát,Gạch lát,Material,General,1000v,0.0,0.0,0.0,0.0,0,VND,0.0,8.2475,4,4,Loading Stacking Material RỜI LÊN PHƯƠNG TIỆN Transport by THỦ CÔN,"Dinh muc du toan xay dung cong trinh (TT 12/2021/TT-BXD), Phu luc II","Loading, unloading and transport",Loading Stacking Material RỜI LÊN PHƯƠNG TIỆN Transport by THỦ CÔN
Gạch xây,Gạch xây,Material,General,1000v,0.0,0.0,0.0,0.0,0,VND,0.0,9.56,4,4,Loading Stacking Material RỜI LÊN PHƯƠNG TIỆN Transport by THỦ CÔN,"Dinh muc du toan xay dung cong trinh (TT 12/2021/TT-BXD), Phu luc II","Loading, unloading and transport",Loading Stacking Material RỜI LÊN PHƯƠNG TIỆN Transport by THỦ CÔN
"Đá dăm, sỏi","Đá dăm, sỏi",Material,General,tấn,0.0,0.0,0.0,0.0,0,VND,0.0,4.2675,4,4,Loading Stacking Material RỜI LÊN PHƯƠNG TIỆN Transport by THỦ CÔN,"Dinh muc du toan xay dung cong trinh (TT 12/2021/TT-BXD), Phu luc II","Loading, unloading and transport",Loading Stacking Material RỜI LÊN PHƯƠNG TIỆN Transport by THỦ CÔN
Máy trộn vữa150l,Máy trộn vữa150l,Equipment,General,ca,0.0,0.0,0.0,0.0,0,VND,0.0,0.034,4,4,Masonry Foundation - Masonry foundation - Dimension   ,"Dinh muc du toan xay dung cong trinh (TT 12/2021/TT-BXD), Phu luc II",Masonry (brick and stone),Masonry Foundation - Masonry foundation - Dimension   
Giấy trang trí,Giấy trang trí,Material,General,m2,0.0,0.0,0.0,0.0,0,VND,0.0,1.1,4,4,LỢP Roof NGÓI 13 unit / m 2 - Lợp roof ngói 22 v / m 2 - Height,"Dinh muc du toan xay dung cong trinh (TT 12/2021/TT-BXD), Phu luc II",Roofing and roof coverings,LỢP Roof NGÓI 13 unit / m 2 - Lợp roof ngói 22 v / m 2 - Height
gỗ Gỗ xẻ,gỗ Gỗ xẻ,Material,General,m3,0.0,0.0,0.0,0.0,0,VND,0.0,0.0072,4,4,LỢP Roof NGÓI 13 unit / m 2 - Lợp roof ngói 22 v / m 2 - Height,"Dinh muc du toan xay dung cong trinh (TT 12/2021/TT-BXD), Phu luc II",Roofing and roof coverings,LỢP Roof NGÓI 13 unit / m 2 - Lợp roof ngói 22 v / m 2 - Height
Vữa xi măng m3,Vữa xi măng m3,Material,General,,0.0,0.0,0.0,0.0,0,VND,0.0,0.2112,4,4,LỢP Roof NGÓI 13 unit / m 2 - Lợp roof ngói 22 v / m 2 - Height,"Dinh muc du toan xay dung cong trinh (TT 12/2021/TT-BXD), Phu luc II",Roofing and roof coverings,LỢP Roof NGÓI 13 unit / m 2 - Lợp roof ngói 22 v / m 2 - Height
ống kỹ thuật Vật liệu khác,ống kỹ thuật Vật liệu khác,Material,General,%,0.0,0.0,0.0,0.0,0,VND,0.0,2.0,4,4,Construction Layer LÓT Foundation in KHUNG VÂY - Construction layer lót món,"Dinh muc du toan xay dung cong trinh (TT 12/2021/TT-BXD), Phu luc II",Foundation blinding and cofferdam base layers,Construction Layer LÓT Foundation in KHUNG VÂY - Construction layer lót món
"1,5kW Vận thăng 0,8 t","1,5kW Vận thăng 0,8 t",Equipment,General,ca,0.0,0.0,0.0,0.0,0,VND,0.0,0.11,4,4,Concrete LÓT Foundation - Concrete lót -    ,"Dinh muc du toan xay dung cong trinh (TT 12/2021/TT-BXD), Phu luc II",In situ concrete,Concrete LÓT Foundation - Concrete lót -    
"tô, Vật liệu khác","tô, Vật liệu khác",Material,General,%,0.0,0.0,0.0,0.0,0,VND,0.0,1.0,4,4,Concrete LÓT Foundation - Concrete lót -    ,"Dinh muc du toan xay dung cong trinh (TT 12/2021/TT-BXD), Phu luc II",In situ concrete,Concrete LÓT Foundation - Concrete lót -    
Vữa xi măng cát mịn -,Vữa xi măng cát mịn -,Material,General,cát,0.0,0.0,0.0,0.0,0,VND,0.0,1.4,4,2,Masonry Foundation - Masonry foundation - Dimension   ,"Dinh muc du toan xay dung cong trinh (TT 12/2021/TT-BXD), Phu luc II",Masonry (brick and stone),Masonry Foundation - Masonry foundation - Dimension   
lít,lít,Material,General,167,0.0,0.0,0.0,0.0,0,VND,0.0,163.0,4,4,Concrete LÓT Foundation - Concrete lót -    ,"Dinh muc du toan xay dung cong trinh (TT 12/2021/TT-BXD), Phu luc II",In situ concrete,Concrete LÓT Foundation - Concrete lót -    
dăm m3,dăm m3,Material,General,"0,739",0.0,0.0,0.0,0.0,0,VND,0.0,0.7102,4,4,Concrete LÓT Foundation - Concrete lót -    ,"Dinh muc du toan xay dung cong trinh (TT 12/2021/TT-BXD), Phu luc II",In situ concrete,Concrete LÓT Foundation - Concrete lót -    
vàng m3,vàng m3,Material,General,"0,595",0.0,0.0,0.0,0.0,0,VND,0.0,0.5422,4,4,Concrete LÓT Foundation - Concrete lót -    ,"Dinh muc du toan xay dung cong trinh (TT 12/2021/TT-BXD), Phu luc II",In situ concrete,Concrete LÓT Foundation - Concrete lót -    
lò cao S95 kg,lò cao S95 kg,Material,General,144,0.0,0.0,0.0,0.0,0,VND,0.0,172.75,4,4,Concrete LÓT Foundation - Concrete lót -    ,"Dinh muc du toan xay dung cong trinh (TT 12/2021/TT-BXD), Phu luc II",In situ concrete,Concrete LÓT Foundation - Concrete lót -    
măng kg,măng kg,Material,General,336,0.0,0.0,0.0,0.0,0,VND,0.0,402.75,4,4,Concrete LÓT Foundation - Concrete lót -    ,"Dinh muc du toan xay dung cong trinh (TT 12/2021/TT-BXD), Phu luc II",In situ concrete,Concrete LÓT Foundation - Concrete lót -    
Que hàn đồng,Que hàn đồng,Material,General,kg,0.0,0.0,0.0,0.0,0,VND,0.0,0.113,4,4,Construction Layer LÓT Foundation in KHUNG VÂY - Construction layer lót món,"Dinh muc du toan xay dung cong trinh (TT 12/2021/TT-BXD), Phu luc II",Foundation blinding and cofferdam base layers,Construction Layer LÓT Foundation in KHUNG VÂY - Construction layer lót món
Bộ kích 50 t,Bộ kích 50 t,Equipment,General,ca,0.0,0.0,0.0,0.0,0,VND,0.0,0.3,4,4,Concrete LÓT Foundation - Concrete lót -    ,"Dinh muc du toan xay dung cong trinh (TT 12/2021/TT-BXD), Phu luc II",In situ concrete,Concrete LÓT Foundation - Concrete lót -    
"Gỗ sàn thao tác, kê đệm","Gỗ sàn thao tác, kê đệm",Material,General,m3,0.0,0.0,0.0,0.0,0,VND,0.0,0.0142,4,4,Concrete LÓT Foundation - Concrete lót -    ,"Dinh muc du toan xay dung cong trinh (TT 12/2021/TT-BXD), Phu luc II",In situ concrete,Concrete LÓT Foundation - Concrete lót -    
"Tăng đơ Φ38mm, L=5-7m","Tăng đơ Φ38mm, L=5-7m",Material,General,cái,0.0,0.0,0.0,0.0,0,VND,0.0,0.05,4,4,Concrete LÓT Foundation - Concrete lót -    ,"Dinh muc du toan xay dung cong trinh (TT 12/2021/TT-BXD), Phu luc II",In situ concrete,Concrete LÓT Foundation - Concrete lót -    
"Máy đóng cọc 1,2 t","Máy đóng cọc 1,2 t",Equipment,General,ca,0.0,0.0,0.0,0.0,0,VND,0.0,2.212,4,4,"Pile driving TRE by Manual - Pile driving tre by manual, chi","Dinh muc du toan xay dung cong trinh (TT 12/2021/TT-BXD), Phu luc II",Piling and cast-in-place bored piles,"Pile driving TRE by Manual - Pile driving tre by manual, chi"
Cọc,Cọc,Material,General,m,0.0,0.0,0.0,0.0,0,VND,0.0,100.0,4,4,"Pile driving TRE by Manual - Pile driving tre by manual, chi","Dinh muc du toan xay dung cong trinh (TT 12/2021/TT-BXD), Phu luc II",Piling and cast-in-place bored piles,"Pile driving TRE by Manual - Pile driving tre by manual, chi"
105mm Máy nén khí 1200m3/h,105mm Máy nén khí 1200m3/h,Equipment,General,ca,0.0,0.0,0.0,0.0,0,VND,0.0,0.206,4,4,Construction Layer LÓT Foundation in KHUNG VÂY - Construction layer lót món,"Dinh muc du toan xay dung cong trinh (TT 12/2021/TT-BXD), Phu luc II",Foundation blinding and cofferdam base layers,Construction Layer LÓT Foundation in KHUNG VÂY - Construction layer lót món
Quả đập khí nén 105mm,Quả đập khí nén 105mm,Material,General,cái,0.0,0.0,0.0,0.0,0,VND,0.0,0.021,4,4,Construction Layer LÓT Foundation in KHUNG VÂY - Construction layer lót món,"Dinh muc du toan xay dung cong trinh (TT 12/2021/TT-BXD), Phu luc II",Foundation blinding and cofferdam base layers,Construction Layer LÓT Foundation in KHUNG VÂY - Construction layer lót món
Tam pôn 105mm,Tam pôn 105mm,Material,General,cái,0.0,0.0,0.0,0.0,0,VND,0.0,0.014,4,4,Construction Layer LÓT Foundation in KHUNG VÂY - Construction layer lót món,"Dinh muc du toan xay dung cong trinh (TT 12/2021/TT-BXD), Phu luc II",Foundation blinding and cofferdam base layers,Construction Layer LÓT Foundation in KHUNG VÂY - Construction layer lót món
"Cần khoan 76, L=1,2m","Cần khoan 76, L=1,2m",Material,General,cái,0.0,0.0,0.0,0.0,0,VND,0.0,0.04,4,4,Construction Layer LÓT Foundation in KHUNG VÂY - Construction layer lót món,"Dinh muc du toan xay dung cong trinh (TT 12/2021/TT-BXD), Phu luc II",Foundation blinding and cofferdam base layers,Construction Layer LÓT Foundation in KHUNG VÂY - Construction layer lót món
Mũi khoan 105mm,Mũi khoan 105mm,Material,General,cái,0.0,0.0,0.0,0.0,0,VND,0.0,0.071,4,4,Construction Layer LÓT Foundation in KHUNG VÂY - Construction layer lót món,"Dinh muc du toan xay dung cong trinh (TT 12/2021/TT-BXD), Phu luc II",Foundation blinding and cofferdam base layers,Construction Layer LÓT Foundation in KHUNG VÂY - Construction layer lót món
Máy bơm nước 20 cv,Máy bơm nước 20 cv,Equipment,General,ca,0.0,0.0,0.0,0.0,0,VND,0.0,0.073,4,4,Construction Layer LÓT Foundation in KHUNG VÂY - Construction layer lót món,"Dinh muc du toan xay dung cong trinh (TT 12/2021/TT-BXD), Phu luc II",Foundation blinding and cofferdam base layers,Construction Layer LÓT Foundation in KHUNG VÂY - Construction layer lót món
Quả đập khí nén 76mm,Quả đập khí nén 76mm,Material,General,cái,0.0,0.0,0.0,0.0,0,VND,0.0,0.021,4,4,Construction Layer LÓT Foundation in KHUNG VÂY - Construction layer lót món,"Dinh muc du toan xay dung cong trinh (TT 12/2021/TT-BXD), Phu luc II",Foundation blinding and cofferdam base layers,Construction Layer LÓT Foundation in KHUNG VÂY - Construction layer lót món
Tam pôn 76mm,Tam pôn 76mm,Material,General,cái,0.0,0.0,0.0,0.0,0,VND,0.0,0.014,4,4,Construction Layer LÓT Foundation in KHUNG VÂY - Construction layer lót món,"Dinh muc du toan xay dung cong trinh (TT 12/2021/TT-BXD), Phu luc II",Foundation blinding and cofferdam base layers,Construction Layer LÓT Foundation in KHUNG VÂY - Construction layer lót món
"Cần khoan 32, L=2,8m","Cần khoan 32, L=2,8m",Material,General,cái,0.0,0.0,0.0,0.0,0,VND,0.0,0.04,4,4,Construction Layer LÓT Foundation in KHUNG VÂY - Construction layer lót món,"Dinh muc du toan xay dung cong trinh (TT 12/2021/TT-BXD), Phu luc II",Foundation blinding and cofferdam base layers,Construction Layer LÓT Foundation in KHUNG VÂY - Construction layer lót món
Vữa xi măng M100,Vữa xi măng M100,Material,General,m3,0.0,0.0,0.0,0.0,0,VND,0.0,0.0205,4,4,Construction Layer LÓT Foundation in KHUNG VÂY - Construction layer lót món,"Dinh muc du toan xay dung cong trinh (TT 12/2021/TT-BXD), Phu luc II",Foundation blinding and cofferdam base layers,Construction Layer LÓT Foundation in KHUNG VÂY - Construction layer lót món
Máy nén khí 360m3/h,Máy nén khí 360m3/h,Equipment,General,ca,0.0,0.0,0.0,0.0,0,VND,0.0,0.45,4,4,Fabrication Truss Rafter Steel HÌNH KHẨU ĐỘ Large - Fabrication rafter steel kh,"Dinh muc du toan xay dung cong trinh (TT 12/2021/TT-BXD), Phu luc II",Steel truss and structural fabrication,Fabrication Truss Rafter Steel HÌNH KHẨU ĐỘ Large - Fabrication rafter steel kh
Đinh tán 22,Đinh tán 22,Material,General,cái,0.0,0.0,0.0,0.0,0,VND,0.0,16.25,4,4,Fabrication Truss Rafter Steel HÌNH KHẨU ĐỘ Large - Fabrication rafter steel kh,"Dinh muc du toan xay dung cong trinh (TT 12/2021/TT-BXD), Phu luc II",Steel truss and structural fabrication,Fabrication Truss Rafter Steel HÌNH KHẨU ĐỘ Large - Fabrication rafter steel kh
cao M16-M50 Que hàn,cao M16-M50 Que hàn,Material,General,kg,0.0,0.0,0.0,0.0,0,VND,0.0,11.89,4,4,Fabrication Truss Rafter Steel HÌNH KHẨU ĐỘ Large - Fabrication rafter steel kh,"Dinh muc du toan xay dung cong trinh (TT 12/2021/TT-BXD), Phu luc II",Steel truss and structural fabrication,Fabrication Truss Rafter Steel HÌNH KHẨU ĐỘ Large - Fabrication rafter steel kh
Vật liệu: Thép hình,Vật liệu: Thép hình,Material,General,kg,0.0,0.0,0.0,0.0,0,VND,0.0,1.675,4,4,Fabrication Truss Rafter Steel HÌNH KHẨU ĐỘ Large - Fabrication rafter steel kh,"Dinh muc du toan xay dung cong trinh (TT 12/2021/TT-BXD), Phu luc II",Steel truss and structural fabrication,Fabrication Truss Rafter Steel HÌNH KHẨU ĐỘ Large - Fabrication rafter steel kh
Đinh mũ,Đinh mũ,Material,General,kg,0.0,0.0,0.0,0.0,0,VND,0.0,1.06,4,4,Truss Rafter Roof NGÓI - Fabrication truss rafter roof ngói,"Dinh muc du toan xay dung cong trinh (TT 12/2021/TT-BXD), Phu luc II",Timber fabrication and erection,Truss Rafter Roof NGÓI - Fabrication truss rafter roof ngói
Máy đào,Máy đào,Equipment,General,ca,0.0,0.0,0.0,0.0,0,VND,0.0,0.2515,4,4,Excavation BÙN by Manual - Excavation bùn in mọi điều component - Bùn đặ,"Dinh muc du toan xay dung cong trinh (TT 12/2021/TT-BXD), Phu luc II",Earthwork - excavation and filling,Excavation BÙN by Manual - Excavation bùn in mọi điều component - Bùn đặ
Ôtô tự đổ,Ôtô tự đổ,Material,General,,0.0,0.0,0.0,0.0,0,VND,0.0,0.2695,4,4,Excavation BÙN by Manual - Excavation bùn in mọi điều component - Bùn đặ,"Dinh muc du toan xay dung cong trinh (TT 12/2021/TT-BXD), Phu luc II",Earthwork - excavation and filling,Excavation BÙN by Manual - Excavation bùn in mọi điều component - Bùn đặ
Sơn phủ nội thất,Sơn phủ nội thất,Material,General,lít,0.0,0.0,0.0,0.0,0,VND,0.0,0.17,4,4,LỢP Roof NGÓI 13 unit / m 2 - Lợp roof ngói 22 v / m 2 - Height,"Dinh muc du toan xay dung cong trinh (TT 12/2021/TT-BXD), Phu luc II",Roofing and roof coverings,LỢP Roof NGÓI 13 unit / m 2 - Lợp roof ngói 22 v / m 2 - Height
Sơn lót nội thất,Sơn lót nội thất,Material,General,lít,0.0,0.0,0.0,0.0,0,VND,0.0,0.1385,4,4,LỢP Roof NGÓI 13 unit / m 2 - Lợp roof ngói 22 v / m 2 - Height,"Dinh muc du toan xay dung cong trinh (TT 12/2021/TT-BXD), Phu luc II",Roofing and roof coverings,LỢP Roof NGÓI 13 unit / m 2 - Lợp roof ngói 22 v / m 2 - Height
Bộ kích 10 t,Bộ kích 10 t,Equipment,General,ca,0.0,0.0,0.0,0.0,0,VND,0.0,0.3875,4,4,Concrete LÓT Foundation - Concrete lót -    ,"Dinh muc du toan xay dung cong trinh (TT 12/2021/TT-BXD), Phu luc II",In situ concrete,Concrete LÓT Foundation - Concrete lót -    
Bulông thép cường độ cao,Bulông thép cường độ cao,Material,General,kg,0.0,0.0,0.0,0.0,0,VND,0.0,0.73,4,4,Concrete LÓT Foundation - Concrete lót -    ,"Dinh muc du toan xay dung cong trinh (TT 12/2021/TT-BXD), Phu luc II",In situ concrete,Concrete LÓT Foundation - Concrete lót -    
"Máy mài 2,7 kW ca","Máy mài 2,7 kW ca",Equipment,General,ca,0.0,0.0,0.0,0.0,0,VND,0.0,1.7448,4,4,Concrete LÓT Foundation - Concrete lót -    ,"Dinh muc du toan xay dung cong trinh (TT 12/2021/TT-BXD), Phu luc II",In situ concrete,Concrete LÓT Foundation - Concrete lót -    
"90kW Máy bơm nước 1,1 kW","90kW Máy bơm nước 1,1 kW",Equipment,General,ca,0.0,0.0,0.0,0.0,0,VND,0.0,0.1762,4,4,"Pile driving TRE by Manual - Pile driving tre by manual, chi","Dinh muc du toan xay dung cong trinh (TT 12/2021/TT-BXD), Phu luc II",Piling and cast-in-place bored piles,"Pile driving TRE by Manual - Pile driving tre by manual, chi"
"Tàu đóng cọc búa 1,2 t","Tàu đóng cọc búa 1,2 t",Equipment,General,ca,0.0,0.0,0.0,0.0,0,VND,0.0,2.8862,4,4,"Pile driving TRE by Manual - Pile driving tre by manual, chi","Dinh muc du toan xay dung cong trinh (TT 12/2021/TT-BXD), Phu luc II",Piling and cast-in-place bored piles,"Pile driving TRE by Manual - Pile driving tre by manual, chi"
Đồng tấm d=2mm,Đồng tấm d=2mm,Material,General,kg,0.0,0.0,0.0,0.0,0,VND,0.0,7.6262,4,4,Construction Layer LÓT Foundation in KHUNG VÂY - Construction layer lót món,"Dinh muc du toan xay dung cong trinh (TT 12/2021/TT-BXD), Phu luc II",Foundation blinding and cofferdam base layers,Construction Layer LÓT Foundation in KHUNG VÂY - Construction layer lót món
Dây điện nổ mìn,Dây điện nổ mìn,Material,General,m,0.0,0.0,0.0,0.0,0,VND,0.0,83.925,4,4,Excavation BÙN by Manual - Excavation bùn in mọi điều component - Bùn đặ,"Dinh muc du toan xay dung cong trinh (TT 12/2021/TT-BXD), Phu luc II",Earthwork - excavation and filling,Excavation BÙN by Manual - Excavation bùn in mọi điều component - Bùn đặ
"Tôn d=1,5mm","Tôn d=1,5mm",Material,General,kg,0.0,0.0,0.0,0.0,0,VND,0.0,8.57,4,4,Construction Layer LÓT Foundation in KHUNG VÂY - Construction layer lót món,"Dinh muc du toan xay dung cong trinh (TT 12/2021/TT-BXD), Phu luc II",Foundation blinding and cofferdam base layers,Construction Layer LÓT Foundation in KHUNG VÂY - Construction layer lót món
Máy nén khí 540m3/h,Máy nén khí 540m3/h,Equipment,General,ca,0.0,0.0,0.0,0.0,0,VND,0.0,0.2928,4,4,Excavation BÙN by Manual - Excavation bùn in mọi điều component - Bùn đặ,"Dinh muc du toan xay dung cong trinh (TT 12/2021/TT-BXD), Phu luc II",Earthwork - excavation and filling,Excavation BÙN by Manual - Excavation bùn in mọi điều component - Bùn đặ
Búa căn khí nén 3m3/ph,Búa căn khí nén 3m3/ph,Equipment,General,ca,0.0,0.0,0.0,0.0,0,VND,0.0,0.8775,4,4,Excavation BÙN by Manual - Excavation bùn in mọi điều component - Bùn đặ,"Dinh muc du toan xay dung cong trinh (TT 12/2021/TT-BXD), Phu luc II",Earthwork - excavation and filling,Excavation BÙN by Manual - Excavation bùn in mọi điều component - Bùn đặ
"Cần khoan  89, L=0,96m","Cần khoan  89, L=0,96m",Material,General,cái,0.0,0.0,0.0,0.0,0,VND,0.0,0.206,4,4,Excavation BÙN by Manual - Excavation bùn in mọi điều component - Bùn đặ,"Dinh muc du toan xay dung cong trinh (TT 12/2021/TT-BXD), Phu luc II",Earthwork - excavation and filling,Excavation BÙN by Manual - Excavation bùn in mọi điều component - Bùn đặ
Ôxy chai,Ôxy chai,Material,General,,0.0,0.0,0.0,0.0,0,VND,0.0,1.159,4,4,Construction Layer LÓT Foundation in KHUNG VÂY - Construction layer lót món,"Dinh muc du toan xay dung cong trinh (TT 12/2021/TT-BXD), Phu luc II",Foundation blinding and cofferdam base layers,Construction Layer LÓT Foundation in KHUNG VÂY - Construction layer lót món
xi Vật liệu Gỗ ván,xi Vật liệu Gỗ ván,Material,General,m3,0.0,0.0,0.0,0.0,0,VND,0.0,1.01,4,4,Concrete LÓT Foundation - Concrete lót -    ,"Dinh muc du toan xay dung cong trinh (TT 12/2021/TT-BXD), Phu luc II",In situ concrete,Concrete LÓT Foundation - Concrete lót -    
"Cần khoan 89, L=0,96m","Cần khoan 89, L=0,96m",Material,General,cái,0.0,0.0,0.0,0.0,0,VND,0.0,2.2695,4,4,Construction Layer LÓT Foundation in KHUNG VÂY - Construction layer lót món,"Dinh muc du toan xay dung cong trinh (TT 12/2021/TT-BXD), Phu luc II",Foundation blinding and cofferdam base layers,Construction Layer LÓT Foundation in KHUNG VÂY - Construction layer lót món
Mũi khoan 105,Mũi khoan 105,Material,General,cái,0.0,0.0,0.0,0.0,0,VND,0.0,5.4465,4,4,Construction Layer LÓT Foundation in KHUNG VÂY - Construction layer lót món,"Dinh muc du toan xay dung cong trinh (TT 12/2021/TT-BXD), Phu luc II",Foundation blinding and cofferdam base layers,Construction Layer LÓT Foundation in KHUNG VÂY - Construction layer lót món
Mũi khoan 51mm,Mũi khoan 51mm,Material,General,cái,0.0,0.0,0.0,0.0,0,VND,0.0,3.617,4,4,Construction Layer LÓT Foundation in KHUNG VÂY - Construction layer lót món,"Dinh muc du toan xay dung cong trinh (TT 12/2021/TT-BXD), Phu luc II",Foundation blinding and cofferdam base layers,Construction Layer LÓT Foundation in KHUNG VÂY - Construction layer lót món
"Cần khoan 38, L=4,32m","Cần khoan 38, L=4,32m",Material,General,cái,0.0,0.0,0.0,0.0,0,VND,0.0,0.0625,4,4,Construction Layer LÓT Foundation in KHUNG VÂY - Construction layer lót món,"Dinh muc du toan xay dung cong trinh (TT 12/2021/TT-BXD), Phu luc II",Foundation blinding and cofferdam base layers,Construction Layer LÓT Foundation in KHUNG VÂY - Construction layer lót món
lỗ Vật liệu Mũi khoan 45mm,lỗ Vật liệu Mũi khoan 45mm,Material,General,cái,0.0,0.0,0.0,0.0,0,VND,0.0,0.3882,4,4,Construction Layer LÓT Foundation in KHUNG VÂY - Construction layer lót món,"Dinh muc du toan xay dung cong trinh (TT 12/2021/TT-BXD), Phu luc II",Foundation blinding and cofferdam base layers,Construction Layer LÓT Foundation in KHUNG VÂY - Construction layer lót món
Máy khoan đá cầm tay 42mm,Máy khoan đá cầm tay 42mm,Equipment,General,ca,0.0,0.0,0.0,0.0,0,VND,0.0,4.3148,4,4,Construction Layer LÓT Foundation in KHUNG VÂY - Construction layer lót món,"Dinh muc du toan xay dung cong trinh (TT 12/2021/TT-BXD), Phu luc II",Foundation blinding and cofferdam base layers,Construction Layer LÓT Foundation in KHUNG VÂY - Construction layer lót món
"Cần khoan 1,83m","Cần khoan 1,83m",Material,General,cái,0.0,0.0,0.0,0.0,0,VND,0.0,1.5278,4,4,Construction Layer LÓT Foundation in KHUNG VÂY - Construction layer lót món,"Dinh muc du toan xay dung cong trinh (TT 12/2021/TT-BXD), Phu luc II",Foundation blinding and cofferdam base layers,Construction Layer LÓT Foundation in KHUNG VÂY - Construction layer lót món
"Cần khoan 1,22m","Cần khoan 1,22m",Material,General,cái,0.0,0.0,0.0,0.0,0,VND,0.0,1.5278,4,4,Construction Layer LÓT Foundation in KHUNG VÂY - Construction layer lót món,"Dinh muc du toan xay dung cong trinh (TT 12/2021/TT-BXD), Phu luc II",Foundation blinding and cofferdam base layers,Construction Layer LÓT Foundation in KHUNG VÂY - Construction layer lót món
190cv Thiết bị nấu nhựa,190cv Thiết bị nấu nhựa,Equipment,General,ca,0.0,0.0,0.0,0.0,0,VND,0.0,0.079,4,4,Construction Foundation Graded aggregate Crushed stone - Construction foundation graded aggregate stone dă,"Dinh muc du toan xay dung cong trinh (TT 12/2021/TT-BXD), Phu luc II",Road base and sub-base,Construction Foundation Graded aggregate Crushed stone - Construction foundation
"Đá 0,5÷1,6","Đá 0,5÷1,6",Material,General,m3,0.0,0.0,0.0,0.0,0,VND,0.0,2.06,4,4,Construction Foundation Graded aggregate Crushed stone - Construction foundation graded aggregate stone dă,"Dinh muc du toan xay dung cong trinh (TT 12/2021/TT-BXD), Phu luc II",Road base and sub-base,Construction Foundation Graded aggregate Crushed stone - Construction foundation
Nhũ tương gốc Axít,Nhũ tương gốc Axít,Material,General,kg,0.0,0.0,0.0,0.0,0,VND,0.0,97.375,4,4,Construction Foundation Graded aggregate Crushed stone - Construction foundation graded aggregate stone dă,"Dinh muc du toan xay dung cong trinh (TT 12/2021/TT-BXD), Phu luc II",Road base and sub-base,Construction Foundation Graded aggregate Crushed stone - Construction foundation
Thiết bị nấu nhựa,Thiết bị nấu nhựa,Equipment,General,ca,0.0,0.0,0.0,0.0,0,VND,0.0,0.049,4,4,Construction Foundation Graded aggregate Crushed stone - Construction foundation graded aggregate stone dă,"Dinh muc du toan xay dung cong trinh (TT 12/2021/TT-BXD), Phu luc II",Road base and sub-base,Construction Foundation Graded aggregate Crushed stone - Construction foundation
Dầu hoả,Dầu hoả,Material,General,kg,0.0,0.0,0.0,0.0,0,VND,0.0,30.495,4,4,Construction Foundation Graded aggregate Crushed stone - Construction foundation graded aggregate stone dă,"Dinh muc du toan xay dung cong trinh (TT 12/2021/TT-BXD), Phu luc II",Road base and sub-base,Construction Foundation Graded aggregate Crushed stone - Construction foundation
Nhựa bitum,Nhựa bitum,Material,General,kg,0.0,0.0,0.0,0.0,0,VND,0.0,71.9645,4,4,Construction Foundation Graded aggregate Crushed stone - Construction foundation graded aggregate stone dă,"Dinh muc du toan xay dung cong trinh (TT 12/2021/TT-BXD), Phu luc II",Road base and sub-base,Construction Foundation Graded aggregate Crushed stone - Construction foundation
kết Gỗ,kết Gỗ,Material,General,m3,0.0,0.0,0.0,0.0,0,VND,0.0,1.1225,4,4,Truss Rafter Roof NGÓI - Fabrication truss rafter roof ngói,"Dinh muc du toan xay dung cong trinh (TT 12/2021/TT-BXD), Phu luc II",Timber fabrication and erection,Truss Rafter Roof NGÓI - Fabrication truss rafter roof ngói
Ôtô tự đổ 12 t ca,Ôtô tự đổ 12 t ca,Material,General,,0.0,0.0,0.0,0.0,0,VND,0.0,1.0623,4,4,Excavation BÙN by Manual - Excavation bùn in mọi điều component - Bùn đặ,"Dinh muc du toan xay dung cong trinh (TT 12/2021/TT-BXD), Phu luc II",Earthwork - excavation and filling,Excavation BÙN by Manual - Excavation bùn in mọi điều component - Bùn đặ
nổ mìn phạm Ôtô tự đổ 10 t ca,nổ mìn phạm Ôtô tự đổ 10 t ca,Material,General,,0.0,0.0,0.0,0.0,0,VND,0.0,1.2018,4,4,Excavation BÙN by Manual - Excavation bùn in mọi điều component - Bùn đặ,"Dinh muc du toan xay dung cong trinh (TT 12/2021/TT-BXD), Phu luc II",Earthwork - excavation and filling,Excavation BÙN by Manual - Excavation bùn in mọi điều component - Bùn đặ
Ôtô tự đổ 7 t ca,Ôtô tự đổ 7 t ca,Material,General,,0.0,0.0,0.0,0.0,0,VND,0.0,1.5952,4,4,Excavation BÙN by Manual - Excavation bùn in mọi điều component - Bùn đặ,"Dinh muc du toan xay dung cong trinh (TT 12/2021/TT-BXD), Phu luc II",Earthwork - excavation and filling,Excavation BÙN by Manual - Excavation bùn in mọi điều component - Bùn đặ
Ôtô tự đổ 5 t ca,Ôtô tự đổ 5 t ca,Material,General,,0.0,0.0,0.0,0.0,0,VND,0.0,1.9902,4,4,Excavation BÙN by Manual - Excavation bùn in mọi điều component - Bùn đặ,"Dinh muc du toan xay dung cong trinh (TT 12/2021/TT-BXD), Phu luc II",Earthwork - excavation and filling,Excavation BÙN by Manual - Excavation bùn in mọi điều component - Bùn đặ
Giấy dầu,Giấy dầu,Material,General,m2,0.0,0.0,0.0,0.0,0,VND,0.0,2.496,4,4,LỢP Roof NGÓI 13 unit / m 2 - Lợp roof ngói 22 v / m 2 - Height,"Dinh muc du toan xay dung cong trinh (TT 12/2021/TT-BXD), Phu luc II",Roofing and roof coverings,LỢP Roof NGÓI 13 unit / m 2 - Lợp roof ngói 22 v / m 2 - Height
"Đá 9,5÷12,5 (mm)","Đá 9,5÷12,5 (mm)",Material,General,m3,0.0,0.0,0.0,0.0,0,VND,0.0,1.5075,4,4,Construction Foundation Graded aggregate Crushed stone - Construction foundation graded aggregate stone dă,"Dinh muc du toan xay dung cong trinh (TT 12/2021/TT-BXD), Phu luc II",Road base and sub-base,Construction Foundation Graded aggregate Crushed stone - Construction foundation
"Đá 2,36÷4,75 (mm)","Đá 2,36÷4,75 (mm)",Material,General,m3,0.0,0.0,0.0,0.0,0,VND,0.0,0.805,4,4,Construction Foundation Graded aggregate Crushed stone - Construction foundation graded aggregate stone dă,"Dinh muc du toan xay dung cong trinh (TT 12/2021/TT-BXD), Phu luc II",Road base and sub-base,Construction Foundation Graded aggregate Crushed stone - Construction foundation
Sơn phủ ngoại thất,Sơn phủ ngoại thất,Material,General,lít,0.0,0.0,0.0,0.0,0,VND,0.0,0.1608,4,4,LỢP Roof NGÓI 13 unit / m 2 - Lợp roof ngói 22 v / m 2 - Height,"Dinh muc du toan xay dung cong trinh (TT 12/2021/TT-BXD), Phu luc II",Roofing and roof coverings,LỢP Roof NGÓI 13 unit / m 2 - Lợp roof ngói 22 v / m 2 - Height
Sơn lót ngoại thất,Sơn lót ngoại thất,Material,General,lít,0.0,0.0,0.0,0.0,0,VND,0.0,0.1345,4,4,LỢP Roof NGÓI 13 unit / m 2 - Lợp roof ngói 22 v / m 2 - Height,"Dinh muc du toan xay dung cong trinh (TT 12/2021/TT-BXD), Phu luc II",Roofing and roof coverings,LỢP Roof NGÓI 13 unit / m 2 - Lợp roof ngói 22 v / m 2 - Height
Đinh đỉa 6x120,Đinh đỉa 6x120,Material,General,cái,0.0,0.0,0.0,0.0,0,VND,0.0,44.875,4,4,Truss Rafter Roof NGÓI - Fabrication truss rafter roof ngói,"Dinh muc du toan xay dung cong trinh (TT 12/2021/TT-BXD), Phu luc II",Timber fabrication and erection,Truss Rafter Roof NGÓI - Fabrication truss rafter roof ngói
Bulông M16x330,Bulông M16x330,Material,General,cái,0.0,0.0,0.0,0.0,0,VND,0.0,70.375,4,4,Truss Rafter Roof NGÓI - Fabrication truss rafter roof ngói,"Dinh muc du toan xay dung cong trinh (TT 12/2021/TT-BXD), Phu luc II",Timber fabrication and erection,Truss Rafter Roof NGÓI - Fabrication truss rafter roof ngói
Máy bơm nước 20cv,Máy bơm nước 20cv,Equipment,General,ca,0.0,0.0,0.0,0.0,0,VND,0.0,0.1608,4,4,Construction Layer LÓT Foundation in KHUNG VÂY - Construction layer lót món,"Dinh muc du toan xay dung cong trinh (TT 12/2021/TT-BXD), Phu luc II",Foundation blinding and cofferdam base layers,Construction Layer LÓT Foundation in KHUNG VÂY - Construction layer lót món
"3,5 t Búa rung 170 kW","3,5 t Búa rung 170 kW",Equipment,General,ca,0.0,0.0,0.0,0.0,0,VND,0.0,3.1775,4,4,"Pile driving TRE by Manual - Pile driving tre by manual, chi","Dinh muc du toan xay dung cong trinh (TT 12/2021/TT-BXD), Phu luc II",Piling and cast-in-place bored piles,"Pile driving TRE by Manual - Pile driving tre by manual, chi"
Máy đóng cọc 8 t,Máy đóng cọc 8 t,Equipment,General,ca,0.0,0.0,0.0,0.0,0,VND,0.0,2.3,4,2,"Pile driving TRE by Manual - Pile driving tre by manual, chi","Dinh muc du toan xay dung cong trinh (TT 12/2021/TT-BXD), Phu luc II",Piling and cast-in-place bored piles,"Pile driving TRE by Manual - Pile driving tre by manual, chi"
"Máy đóng cọc 4,5 t","Máy đóng cọc 4,5 t",Equipment,General,ca,0.0,0.0,0.0,0.0,0,VND,0.0,2.463,4,2,"Pile driving TRE by Manual - Pile driving tre by manual, chi","Dinh muc du toan xay dung cong trinh (TT 12/2021/TT-BXD), Phu luc II",Piling and cast-in-place bored piles,"Pile driving TRE by Manual - Pile driving tre by manual, chi"
"t, Vật liệu khác","t, Vật liệu khác",Material,General,%,0.0,0.0,0.0,0.0,0,VND,0.0,1.5,4,4,"Pile driving TRE by Manual - Pile driving tre by manual, chi","Dinh muc du toan xay dung cong trinh (TT 12/2021/TT-BXD), Phu luc II",Piling and cast-in-place bored piles,"Pile driving TRE by Manual - Pile driving tre by manual, chi"
Máy trộn dung dịch 750 lít,Máy trộn dung dịch 750 lít,Equipment,General,ca,0.0,0.0,0.0,0.0,0,VND,0.0,0.0445,4,4,"Pile driving TRE by Manual - Pile driving tre by manual, chi","Dinh muc du toan xay dung cong trinh (TT 12/2021/TT-BXD), Phu luc II",Piling and cast-in-place bored piles,"Pile driving TRE by Manual - Pile driving tre by manual, chi"
Gỗ nhóm 4,Gỗ nhóm 4,Material,General,m3,0.0,0.0,0.0,0.0,0,VND,0.0,0.172,4,4,Concrete LÓT Foundation - Concrete lót -    ,"Dinh muc du toan xay dung cong trinh (TT 12/2021/TT-BXD), Phu luc II",In situ concrete,Concrete LÓT Foundation - Concrete lót -    
xi Vật liệu Xi măng,xi Vật liệu Xi măng,Material,General,kg,0.0,0.0,0.0,0.0,0,VND,0.0,74.94,4,4,"Pile driving TRE by Manual - Pile driving tre by manual, chi","Dinh muc du toan xay dung cong trinh (TT 12/2021/TT-BXD), Phu luc II",Piling and cast-in-place bored piles,"Pile driving TRE by Manual - Pile driving tre by manual, chi"
Xà nẹp,Xà nẹp,Material,General,bộ,0.0,0.0,0.0,0.0,0,VND,0.0,1.0,4,4,"Concrete Pile, Column, Pile CỪ - Concrete pile, - Pile, column","Dinh muc du toan xay dung cong trinh (TT 12/2021/TT-BXD), Phu luc II","Concrete piles, columns and precast members","Concrete Pile, Column, Pile CỪ - Concrete pile, - Pile, column"
 1000 t t Tàu kéo 1200 cv, 1000 t t Tàu kéo 1200 cv,Equipment,General,ca,0.0,0.0,0.0,0.0,0,VND,0.0,0.0315,4,4,Excavation BÙN by Manual - Excavation bùn in mọi điều component - Bùn đặ,"Dinh muc du toan xay dung cong trinh (TT 12/2021/TT-BXD), Phu luc II",Earthwork - excavation and filling,Excavation BÙN by Manual - Excavation bùn in mọi điều component - Bùn đặ
Ôtô tự đổ 27 t ca,Ôtô tự đổ 27 t ca,Material,General,,0.0,0.0,0.0,0.0,0,VND,0.0,0.588,4,4,Excavation BÙN by Manual - Excavation bùn in mọi điều component - Bùn đặ,"Dinh muc du toan xay dung cong trinh (TT 12/2021/TT-BXD), Phu luc II",Earthwork - excavation and filling,Excavation BÙN by Manual - Excavation bùn in mọi điều component - Bùn đặ
Ôtô tự đổ 22 t ca,Ôtô tự đổ 22 t ca,Material,General,,0.0,0.0,0.0,0.0,0,VND,0.0,0.7115,4,4,Excavation BÙN by Manual - Excavation bùn in mọi điều component - Bùn đặ,"Dinh muc du toan xay dung cong trinh (TT 12/2021/TT-BXD), Phu luc II",Earthwork - excavation and filling,Excavation BÙN by Manual - Excavation bùn in mọi điều component - Bùn đặ
3958 cv Máy khác,3958 cv Máy khác,Equipment,General,%,0.0,0.0,0.0,0.0,0,VND,0.0,5.0,4,4,Excavation BÙN by Manual - Excavation bùn in mọi điều component - Bùn đặ,"Dinh muc du toan xay dung cong trinh (TT 12/2021/TT-BXD), Phu luc II",Earthwork - excavation and filling,Excavation BÙN by Manual - Excavation bùn in mọi điều component - Bùn đặ
Ống thép 650mm,Ống thép 650mm,Material,General,m,0.0,0.0,0.0,0.0,0,VND,0.0,0.0575,4,4,Excavation BÙN by Manual - Excavation bùn in mọi điều component - Bùn đặ,"Dinh muc du toan xay dung cong trinh (TT 12/2021/TT-BXD), Phu luc II",Earthwork - excavation and filling,Excavation BÙN by Manual - Excavation bùn in mọi điều component - Bùn đặ
"Máy lu bánh thép 8,5T","Máy lu bánh thép 8,5T",Equipment,General,ca,0.0,0.0,0.0,0.0,0,VND,0.0,1.475,4,4,Construction Foundation Graded aggregate Crushed stone - Construction foundation graded aggregate stone dă,"Dinh muc du toan xay dung cong trinh (TT 12/2021/TT-BXD), Phu luc II",Road base and sub-base,Construction Foundation Graded aggregate Crushed stone - Construction foundation
Máy lu bánh thép 6 t,Máy lu bánh thép 6 t,Equipment,General,ca,0.0,0.0,0.0,0.0,0,VND,0.0,0.0615,4,4,Construction Foundation Graded aggregate Crushed stone - Construction foundation graded aggregate stone dă,"Dinh muc du toan xay dung cong trinh (TT 12/2021/TT-BXD), Phu luc II",Road base and sub-base,Construction Foundation Graded aggregate Crushed stone - Construction foundation
Thép hộp,Thép hộp,Material,General,m,0.0,0.0,0.0,0.0,0,VND,0.0,0.018,4,4,"Concrete Pile, Column, Pile CỪ - Concrete pile, - Pile, column","Dinh muc du toan xay dung cong trinh (TT 12/2021/TT-BXD), Phu luc II","Concrete piles, columns and precast members","Concrete Pile, Column, Pile CỪ - Concrete pile, - Pile, column"
"Vữa bê tông đá Dmax 0,5 M150","Vữa bê tông đá Dmax 0,5 M150",Material,General,m3,0.0,0.0,0.0,0.0,0,VND,0.0,0.0912,4,4,"Concrete Pile, Column, Pile CỪ - Concrete pile, - Pile, column","Dinh muc du toan xay dung cong trinh (TT 12/2021/TT-BXD), Phu luc II","Concrete piles, columns and precast members","Concrete Pile, Column, Pile CỪ - Concrete pile, - Pile, column"
Máy cắt bê tông 12 cv,Máy cắt bê tông 12 cv,Equipment,General,ca,0.0,0.0,0.0,0.0,0,VND,0.0,0.2835,4,4,Construction Layer LÓT Foundation in KHUNG VÂY - Construction layer lót món,"Dinh muc du toan xay dung cong trinh (TT 12/2021/TT-BXD), Phu luc II",Foundation blinding and cofferdam base layers,Construction Layer LÓT Foundation in KHUNG VÂY - Construction layer lót món
Máy cắt uốn thép 5 kW,Máy cắt uốn thép 5 kW,Equipment,General,ca,0.0,0.0,0.0,0.0,0,VND,0.0,0.0148,4,4,Construction Layer LÓT Foundation in KHUNG VÂY - Construction layer lót món,"Dinh muc du toan xay dung cong trinh (TT 12/2021/TT-BXD), Phu luc II",Foundation blinding and cofferdam base layers,Construction Layer LÓT Foundation in KHUNG VÂY - Construction layer lót món
Thép tròn 8mm,Thép tròn 8mm,Material,General,kg,0.0,0.0,0.0,0.0,0,VND,0.0,43.92,4,4,Construction Layer LÓT Foundation in KHUNG VÂY - Construction layer lót món,"Dinh muc du toan xay dung cong trinh (TT 12/2021/TT-BXD), Phu luc II",Foundation blinding and cofferdam base layers,Construction Layer LÓT Foundation in KHUNG VÂY - Construction layer lót món
Cáp thép,Cáp thép,Material,General,kg,0.0,0.0,0.0,0.0,0,VND,0.0,1025.0,4,4,Concrete LÓT Foundation - Concrete lót -    ,"Dinh muc du toan xay dung cong trinh (TT 12/2021/TT-BXD), Phu luc II",In situ concrete,Concrete LÓT Foundation - Concrete lót -    
hành 105 Máy nén khí 660m3/h,hành 105 Máy nén khí 660m3/h,Equipment,General,ca,0.0,0.0,0.0,0.0,0,VND,0.0,11.96,4,4,Construction Layer LÓT Foundation in KHUNG VÂY - Construction layer lót món,"Dinh muc du toan xay dung cong trinh (TT 12/2021/TT-BXD), Phu luc II",Foundation blinding and cofferdam base layers,Construction Layer LÓT Foundation in KHUNG VÂY - Construction layer lót món
Quả đập khí nén f105,Quả đập khí nén f105,Material,General,cái,0.0,0.0,0.0,0.0,0,VND,0.0,1.8155,4,4,Construction Layer LÓT Foundation in KHUNG VÂY - Construction layer lót món,"Dinh muc du toan xay dung cong trinh (TT 12/2021/TT-BXD), Phu luc II",Foundation blinding and cofferdam base layers,Construction Layer LÓT Foundation in KHUNG VÂY - Construction layer lót món
Cần cẩu 50t,Cần cẩu 50t,Equipment,General,ca,0.0,0.0,0.0,0.0,0,VND,0.0,0.2445,4,4,"Pile driving TRE by Manual - Pile driving tre by manual, chi","Dinh muc du toan xay dung cong trinh (TT 12/2021/TT-BXD), Phu luc II",Piling and cast-in-place bored piles,"Pile driving TRE by Manual - Pile driving tre by manual, chi"
lực Vật liệu khác,lực Vật liệu khác,Material,General,%,0.0,0.0,0.0,0.0,0,VND,0.0,1.0,4,4,"Pile driving TRE by Manual - Pile driving tre by manual, chi","Dinh muc du toan xay dung cong trinh (TT 12/2021/TT-BXD), Phu luc II",Piling and cast-in-place bored piles,"Pile driving TRE by Manual - Pile driving tre by manual, chi"
"(loại CA 9,5) Nước","(loại CA 9,5) Nước",Material,General,lít,0.0,0.0,0.0,0.0,0,VND,0.0,200.0,4,4,Construction Foundation Graded aggregate Crushed stone - Construction foundation graded aggregate stone dă,"Dinh muc du toan xay dung cong trinh (TT 12/2021/TT-BXD), Phu luc II",Road base and sub-base,Construction Foundation Graded aggregate Crushed stone - Construction foundation
Carboncor Asphalt,Carboncor Asphalt,Material,General,tấn,0.0,0.0,0.0,0.0,0,VND,0.0,5.0175,4,4,Construction Foundation Graded aggregate Crushed stone - Construction foundation graded aggregate stone dă,"Dinh muc du toan xay dung cong trinh (TT 12/2021/TT-BXD), Phu luc II",Road base and sub-base,Construction Foundation Graded aggregate Crushed stone - Construction foundation
1200 lít Máy trộn vữa xi măng,1200 lít Máy trộn vữa xi măng,Equipment,General,ca,0.0,0.0,0.0,0.0,0,VND,0.0,0.0135,4,4,"Pile driving TRE by Manual - Pile driving tre by manual, chi","Dinh muc du toan xay dung cong trinh (TT 12/2021/TT-BXD), Phu luc II",Piling and cast-in-place bored piles,"Pile driving TRE by Manual - Pile driving tre by manual, chi"
đất (2 cần) Máy trộn vữa xi măng,đất (2 cần) Máy trộn vữa xi măng,Equipment,General,ca,0.0,0.0,0.0,0.0,0,VND,0.0,0.0135,4,4,"Pile driving TRE by Manual - Pile driving tre by manual, chi","Dinh muc du toan xay dung cong trinh (TT 12/2021/TT-BXD), Phu luc II",Piling and cast-in-place bored piles,"Pile driving TRE by Manual - Pile driving tre by manual, chi"
Máy cấp xi măng,Máy cấp xi măng,Equipment,General,ca,0.0,0.0,0.0,0.0,0,VND,0.0,0.013,4,4,"Pile driving TRE by Manual - Pile driving tre by manual, chi","Dinh muc du toan xay dung cong trinh (TT 12/2021/TT-BXD), Phu luc II",Piling and cast-in-place bored piles,"Pile driving TRE by Manual - Pile driving tre by manual, chi"
măng đất (2 cần) Máy nén khí 600 m3/h,măng đất (2 cần) Máy nén khí 600 m3/h,Equipment,General,ca,0.0,0.0,0.0,0.0,0,VND,0.0,0.013,4,4,"Pile driving TRE by Manual - Pile driving tre by manual, chi","Dinh muc du toan xay dung cong trinh (TT 12/2021/TT-BXD), Phu luc II",Piling and cast-in-place bored piles,"Pile driving TRE by Manual - Pile driving tre by manual, chi"
Máy bơm dung dịch 200 m3/h,Máy bơm dung dịch 200 m3/h,Equipment,General,ca,0.0,0.0,0.0,0.0,0,VND,0.0,0.0438,4,4,"Pile driving TRE by Manual - Pile driving tre by manual, chi","Dinh muc du toan xay dung cong trinh (TT 12/2021/TT-BXD), Phu luc II",Piling and cast-in-place bored piles,"Pile driving TRE by Manual - Pile driving tre by manual, chi"
măng 32-50 m3/h Máy khác,măng 32-50 m3/h Máy khác,Equipment,General,%,0.0,0.0,0.0,0.0,0,VND,0.0,2.0,4,4,"Pile driving TRE by Manual - Pile driving tre by manual, chi","Dinh muc du toan xay dung cong trinh (TT 12/2021/TT-BXD), Phu luc II",Piling and cast-in-place bored piles,"Pile driving TRE by Manual - Pile driving tre by manual, chi"
32-50m3/h Máy khác,32-50m3/h Máy khác,Equipment,General,%,0.0,0.0,0.0,0.0,0,VND,0.0,2.0,4,4,"Pile driving TRE by Manual - Pile driving tre by manual, chi","Dinh muc du toan xay dung cong trinh (TT 12/2021/TT-BXD), Phu luc II",Piling and cast-in-place bored piles,"Pile driving TRE by Manual - Pile driving tre by manual, chi"
1600 lít Máy bơm vữa xi măng,1600 lít Máy bơm vữa xi măng,Equipment,General,ca,0.0,0.0,0.0,0.0,0,VND,0.0,0.0135,4,4,"Pile driving TRE by Manual - Pile driving tre by manual, chi","Dinh muc du toan xay dung cong trinh (TT 12/2021/TT-BXD), Phu luc II",Piling and cast-in-place bored piles,"Pile driving TRE by Manual - Pile driving tre by manual, chi"
Máy lu 10T,Máy lu 10T,Equipment,General,ca,0.0,0.0,0.0,0.0,0,VND,0.0,0.4625,4,4,Construction Foundation Graded aggregate Crushed stone - Construction foundation graded aggregate stone dă,"Dinh muc du toan xay dung cong trinh (TT 12/2021/TT-BXD), Phu luc II",Road base and sub-base,Construction Foundation Graded aggregate Crushed stone - Construction foundation
"Đá 0,15  0,5","Đá 0,15  0,5",Material,General,m3,0.0,0.0,0.0,0.0,0,VND,0.0,0.77,4,4,Construction Foundation Graded aggregate Crushed stone - Construction foundation graded aggregate stone dă,"Dinh muc du toan xay dung cong trinh (TT 12/2021/TT-BXD), Phu luc II",Road base and sub-base,Construction Foundation Graded aggregate Crushed stone - Construction foundation
Máy nén khí 600m3/h,Máy nén khí 600m3/h,Equipment,General,ca,0.0,0.0,0.0,0.0,0,VND,0.0,1.3925,4,4,Concrete LÓT Foundation - Concrete lót -    ,"Dinh muc du toan xay dung cong trinh (TT 12/2021/TT-BXD), Phu luc II",In situ concrete,Concrete LÓT Foundation - Concrete lót -    
Thép tròn 25mm,Thép tròn 25mm,Material,General,kg,0.0,0.0,0.0,0.0,0,VND,0.0,61.135,4,4,Construction Layer LÓT Foundation in KHUNG VÂY - Construction layer lót món,"Dinh muc du toan xay dung cong trinh (TT 12/2021/TT-BXD), Phu luc II",Foundation blinding and cofferdam base layers,Construction Layer LÓT Foundation in KHUNG VÂY - Construction layer lót món
sà,sà,Equipment,General,ca,0.0,0.0,0.0,0.0,0,VND,0.0,0.0315,4,4,Excavation BÙN by Manual - Excavation bùn in mọi điều component - Bùn đặ,"Dinh muc du toan xay dung cong trinh (TT 12/2021/TT-BXD), Phu luc II",Earthwork - excavation and filling,Excavation BÙN by Manual - Excavation bùn in mọi điều component - Bùn đặ
400 t Tàu kéo 360 cv,400 t Tàu kéo 360 cv,Equipment,General,ca,0.0,0.0,0.0,0.0,0,VND,0.0,0.0785,4,4,Excavation BÙN by Manual - Excavation bùn in mọi điều component - Bùn đặ,"Dinh muc du toan xay dung cong trinh (TT 12/2021/TT-BXD), Phu luc II",Earthwork - excavation and filling,Excavation BÙN by Manual - Excavation bùn in mọi điều component - Bùn đặ
sà lan,sà lan,Equipment,General,ca,0.0,0.0,0.0,0.0,0,VND,0.0,0.0785,4,4,Excavation BÙN by Manual - Excavation bùn in mọi điều component - Bùn đặ,"Dinh muc du toan xay dung cong trinh (TT 12/2021/TT-BXD), Phu luc II",Earthwork - excavation and filling,Excavation BÙN by Manual - Excavation bùn in mọi điều component - Bùn đặ
Dây nổ chịu nước,Dây nổ chịu nước,Material,General,m,0.0,0.0,0.0,0.0,0,VND,0.0,2.5525,4,4,Excavation BÙN by Manual - Excavation bùn in mọi điều component - Bùn đặ,"Dinh muc du toan xay dung cong trinh (TT 12/2021/TT-BXD), Phu luc II",Earthwork - excavation and filling,Excavation BÙN by Manual - Excavation bùn in mọi điều component - Bùn đặ
"Φ36mm, L=5-8m Bulông Φ22-27mm","Φ36mm, L=5-8m Bulông Φ22-27mm",Material,General,cái,0.0,0.0,0.0,0.0,0,VND,0.0,0.265,4,4,Concrete LÓT Foundation - Concrete lót -    ,"Dinh muc du toan xay dung cong trinh (TT 12/2021/TT-BXD), Phu luc II",In situ concrete,Concrete LÓT Foundation - Concrete lót -    
Xà lan 200T,Xà lan 200T,Equipment,General,ca,0.0,0.0,0.0,0.0,0,VND,0.0,2.9882,4,4,"Pile driving TRE by Manual - Pile driving tre by manual, chi","Dinh muc du toan xay dung cong trinh (TT 12/2021/TT-BXD), Phu luc II",Piling and cast-in-place bored piles,"Pile driving TRE by Manual - Pile driving tre by manual, chi"
Nhũ tương,Nhũ tương,Material,General,kg,0.0,0.0,0.0,0.0,0,VND,0.0,83.725,4,4,Construction Foundation Graded aggregate Crushed stone - Construction foundation graded aggregate stone dă,"Dinh muc du toan xay dung cong trinh (TT 12/2021/TT-BXD), Phu luc II",Road base and sub-base,Construction Foundation Graded aggregate Crushed stone - Construction foundation
Dầu bảo ôn,Dầu bảo ôn,Material,General,lít,0.0,0.0,0.0,0.0,0,VND,0.0,42.5,4,4,Construction Foundation Graded aggregate Crushed stone - Construction foundation graded aggregate stone dă,"Dinh muc du toan xay dung cong trinh (TT 12/2021/TT-BXD), Phu luc II",Road base and sub-base,Construction Foundation Graded aggregate Crushed stone - Construction foundation
Dầu mazút,Dầu mazút,Material,General,lít,0.0,0.0,0.0,0.0,0,VND,0.0,850.0,4,4,Construction Foundation Graded aggregate Crushed stone - Construction foundation graded aggregate stone dă,"Dinh muc du toan xay dung cong trinh (TT 12/2021/TT-BXD), Phu luc II",Road base and sub-base,Construction Foundation Graded aggregate Crushed stone - Construction foundation
Vật liệu phụ Dầu diexen,Vật liệu phụ Dầu diexen,Material,General,lít,0.0,0.0,0.0,0.0,0,VND,0.0,150.0,4,4,Construction Foundation Graded aggregate Crushed stone - Construction foundation graded aggregate stone dă,"Dinh muc du toan xay dung cong trinh (TT 12/2021/TT-BXD), Phu luc II",Road base and sub-base,Construction Foundation Graded aggregate Crushed stone - Construction foundation
"Vật tư, phụ kiện và thiết","Vật tư, phụ kiện và thiết",Material,General,tấn,0.0,0.0,0.0,0.0,0,VND,0.0,9.0,4,4,Loading Stacking Material RỜI LÊN PHƯƠNG TIỆN Transport by THỦ CÔN,"Dinh muc du toan xay dung cong trinh (TT 12/2021/TT-BXD), Phu luc II","Loading, unloading and transport",Loading Stacking Material RỜI LÊN PHƯƠNG TIỆN Transport by THỦ CÔN
Thép các loại,Thép các loại,Material,General,tấn,0.0,0.0,0.0,0.0,0,VND,0.0,6.9175,4,4,Loading Stacking Material RỜI LÊN PHƯƠNG TIỆN Transport by THỦ CÔN,"Dinh muc du toan xay dung cong trinh (TT 12/2021/TT-BXD), Phu luc II","Loading, unloading and transport",Loading Stacking Material RỜI LÊN PHƯƠNG TIỆN Transport by THỦ CÔN
Phao 250 t,Phao 250 t,Equipment,General,ca,0.0,0.0,0.0,0.0,0,VND,0.0,0.53,4,4,Excavation BÙN by Manual - Excavation bùn in mọi điều component - Bùn đặ,"Dinh muc du toan xay dung cong trinh (TT 12/2021/TT-BXD), Phu luc II",Earthwork - excavation and filling,Excavation BÙN by Manual - Excavation bùn in mọi điều component - Bùn đặ
Ống vách 76mm,Ống vách 76mm,Material,General,m,0.0,0.0,0.0,0.0,0,VND,0.0,0.0928,4,4,Excavation BÙN by Manual - Excavation bùn in mọi điều component - Bùn đặ,"Dinh muc du toan xay dung cong trinh (TT 12/2021/TT-BXD), Phu luc II",Earthwork - excavation and filling,Excavation BÙN by Manual - Excavation bùn in mọi điều component - Bùn đặ
"Cần khoan L=2,5m","Cần khoan L=2,5m",Material,General,cái,0.0,0.0,0.0,0.0,0,VND,0.0,0.021,4,4,Excavation BÙN by Manual - Excavation bùn in mọi điều component - Bùn đặ,"Dinh muc du toan xay dung cong trinh (TT 12/2021/TT-BXD), Phu luc II",Earthwork - excavation and filling,Excavation BÙN by Manual - Excavation bùn in mọi điều component - Bùn đặ
Phao đánh dấu,Phao đánh dấu,Material,General,cái,0.0,0.0,0.0,0.0,0,VND,0.0,0.85,4,4,Excavation BÙN by Manual - Excavation bùn in mọi điều component - Bùn đặ,"Dinh muc du toan xay dung cong trinh (TT 12/2021/TT-BXD), Phu luc II",Earthwork - excavation and filling,Excavation BÙN by Manual - Excavation bùn in mọi điều component - Bùn đặ
Phao nhựa,Phao nhựa,Material,General,cái,0.0,0.0,0.0,0.0,0,VND,0.0,1.65,4,4,Excavation BÙN by Manual - Excavation bùn in mọi điều component - Bùn đặ,"Dinh muc du toan xay dung cong trinh (TT 12/2021/TT-BXD), Phu luc II",Earthwork - excavation and filling,Excavation BÙN by Manual - Excavation bùn in mọi điều component - Bùn đặ
"1,0km Ô tô tự đổ","1,0km Ô tô tự đổ",Equipment,General,ca,0.0,0.0,0.0,0.0,0,VND,0.0,1.36,3,3,Construction Foundation Graded aggregate Crushed stone - Construction foundation graded aggregate stone dă,"Dinh muc du toan xay dung cong trinh (TT 12/2021/TT-BXD), Phu luc II",Road base and sub-base,Construction Foundation Graded aggregate Crushed stone - Construction foundation
"Xút (0,2%)","Xút (0,2%)",Material,General,kg,0.0,0.0,0.0,0.0,0,VND,0.0,2.02,3,3,Construction Foundation Graded aggregate Crushed stone - Construction foundation graded aggregate stone dă,"Dinh muc du toan xay dung cong trinh (TT 12/2021/TT-BXD), Phu luc II",Road base and sub-base,Construction Foundation Graded aggregate Crushed stone - Construction foundation
Xà phòng gốc (1%),Xà phòng gốc (1%),Material,General,kg,0.0,0.0,0.0,0.0,0,VND,0.0,10.1,3,3,Construction Foundation Graded aggregate Crushed stone - Construction foundation graded aggregate stone dă,"Dinh muc du toan xay dung cong trinh (TT 12/2021/TT-BXD), Phu luc II",Road base and sub-base,Construction Foundation Graded aggregate Crushed stone - Construction foundation
Đá dăm 4x6,Đá dăm 4x6,Material,General,m3,0.0,0.0,0.0,0.0,0,VND,0.0,0.0623,3,3,Masonry Foundation - Masonry foundation - Dimension   ,"Dinh muc du toan xay dung cong trinh (TT 12/2021/TT-BXD), Phu luc II",Masonry (brick and stone),Masonry Foundation - Masonry foundation - Dimension   
V Đá dăm,V Đá dăm,Material,General,m3,0.0,0.0,0.0,0.0,0,VND,0.0,0.061,3,3,Masonry Foundation - Masonry foundation - Dimension   ,"Dinh muc du toan xay dung cong trinh (TT 12/2021/TT-BXD), Phu luc II",Masonry (brick and stone),Masonry Foundation - Masonry foundation - Dimension   
"3,0km Ô tô tự đổ","3,0km Ô tô tự đổ",Equipment,General,ca,0.0,0.0,0.0,0.0,0,VND,0.0,2.0667,3,3,Construction Foundation Graded aggregate Crushed stone - Construction foundation graded aggregate stone dă,"Dinh muc du toan xay dung cong trinh (TT 12/2021/TT-BXD), Phu luc II",Road base and sub-base,Construction Foundation Graded aggregate Crushed stone - Construction foundation
"4,0km Ô tô tự đổ","4,0km Ô tô tự đổ",Equipment,General,ca,0.0,0.0,0.0,0.0,0,VND,0.0,2.3833,3,3,Construction Foundation Graded aggregate Crushed stone - Construction foundation graded aggregate stone dă,"Dinh muc du toan xay dung cong trinh (TT 12/2021/TT-BXD), Phu luc II",Road base and sub-base,Construction Foundation Graded aggregate Crushed stone - Construction foundation
tiếp theo Ô tô tự đổ,tiếp theo Ô tô tự đổ,Equipment,General,ca,0.0,0.0,0.0,0.0,0,VND,0.0,0.2933,3,3,Construction Foundation Graded aggregate Crushed stone - Construction foundation graded aggregate stone dă,"Dinh muc du toan xay dung cong trinh (TT 12/2021/TT-BXD), Phu luc II",Road base and sub-base,Construction Foundation Graded aggregate Crushed stone - Construction foundation
tiếp theo Ôtô tự đổ,tiếp theo Ôtô tự đổ,Equipment,General,ca,0.0,0.0,0.0,0.0,0,VND,0.0,0.4667,3,3,Construction Foundation Graded aggregate Crushed stone - Construction foundation graded aggregate stone dă,"Dinh muc du toan xay dung cong trinh (TT 12/2021/TT-BXD), Phu luc II",Road base and sub-base,Construction Foundation Graded aggregate Crushed stone - Construction foundation
tự Ôtô tự đổ 10 t,tự Ôtô tự đổ 10 t,Equipment,General,ca,0.0,0.0,0.0,0.0,0,VND,0.0,0.0183,3,3,Loading Stacking Material RỜI LÊN PHƯƠNG TIỆN Transport by THỦ CÔN,"Dinh muc du toan xay dung cong trinh (TT 12/2021/TT-BXD), Phu luc II","Loading, unloading and transport",Loading Stacking Material RỜI LÊN PHƯƠNG TIỆN Transport by THỦ CÔN
ôtô Ôtô thùng 12 t,ôtô Ôtô thùng 12 t,Equipment,General,ca,0.0,0.0,0.0,0.0,0,VND,0.0,0.0197,3,3,Loading Stacking Material RỜI LÊN PHƯƠNG TIỆN Transport by THỦ CÔN,"Dinh muc du toan xay dung cong trinh (TT 12/2021/TT-BXD), Phu luc II","Loading, unloading and transport",Loading Stacking Material RỜI LÊN PHƯƠNG TIỆN Transport by THỦ CÔN
các Ôtô thùng 7 t,các Ôtô thùng 7 t,Equipment,General,ca,0.0,0.0,0.0,0.0,0,VND,0.0,0.0177,3,3,Loading Stacking Material RỜI LÊN PHƯƠNG TIỆN Transport by THỦ CÔN,"Dinh muc du toan xay dung cong trinh (TT 12/2021/TT-BXD), Phu luc II","Loading, unloading and transport",Loading Stacking Material RỜI LÊN PHƯƠNG TIỆN Transport by THỦ CÔN
kiện Ôtô thùng 7 t,kiện Ôtô thùng 7 t,Equipment,General,ca,0.0,0.0,0.0,0.0,0,VND,0.0,0.0193,3,3,Loading Stacking Material RỜI LÊN PHƯƠNG TIỆN Transport by THỦ CÔN,"Dinh muc du toan xay dung cong trinh (TT 12/2021/TT-BXD), Phu luc II","Loading, unloading and transport",Loading Stacking Material RỜI LÊN PHƯƠNG TIỆN Transport by THỦ CÔN
vận Ôtô thùng 20 t,vận Ôtô thùng 20 t,Equipment,General,ca,0.0,0.0,0.0,0.0,0,VND,0.0,0.0087,3,3,Loading Stacking Material RỜI LÊN PHƯƠNG TIỆN Transport by THỦ CÔN,"Dinh muc du toan xay dung cong trinh (TT 12/2021/TT-BXD), Phu luc II","Loading, unloading and transport",Loading Stacking Material RỜI LÊN PHƯƠNG TIỆN Transport by THỦ CÔN
cột Ôtô thùng 7 t,cột Ôtô thùng 7 t,Equipment,General,ca,0.0,0.0,0.0,0.0,0,VND,0.0,0.0203,3,3,Loading Stacking Material RỜI LÊN PHƯƠNG TIỆN Transport by THỦ CÔN,"Dinh muc du toan xay dung cong trinh (TT 12/2021/TT-BXD), Phu luc II","Loading, unloading and transport",Loading Stacking Material RỜI LÊN PHƯƠNG TIỆN Transport by THỦ CÔN
bồn Xe bồn 30 t,bồn Xe bồn 30 t,Equipment,General,ca,0.0,0.0,0.0,0.0,0,VND,0.0,0.0163,3,3,Filling Base Road by HỖN HỢP TRO XỈ NHIỆT Electric by Roller BÁN,"Dinh muc du toan xay dung cong trinh (TT 12/2021/TT-BXD), Phu luc II",Road embankment and base with ash/slag mixes,Filling Base Road by HỖN HỢP TRO XỈ NHIỆT Electric by Roller BÁN
"yếu Máy thi công đào Máy đào 0,8m3 ca","yếu Máy thi công đào Máy đào 0,8m3 ca",Material,General,,0.0,0.0,0.0,0.0,0,VND,0.0,0.9,3,3,Excavation BÙN by Manual - Excavation bùn in mọi điều component - Bùn đặ,"Dinh muc du toan xay dung cong trinh (TT 12/2021/TT-BXD), Phu luc II",Earthwork - excavation and filling,Excavation BÙN by Manual - Excavation bùn in mọi điều component - Bùn đặ
"tổ hợp Máy thi công Máy đào 0,8m3 ca","tổ hợp Máy thi công Máy đào 0,8m3 ca",Material,General,,0.0,0.0,0.0,0.0,0,VND,0.0,0.945,3,3,Excavation BÙN by Manual - Excavation bùn in mọi điều component - Bùn đặ,"Dinh muc du toan xay dung cong trinh (TT 12/2021/TT-BXD), Phu luc II",Earthwork - excavation and filling,Excavation BÙN by Manual - Excavation bùn in mọi điều component - Bùn đặ
Sà lan chở nước 250t,Sà lan chở nước 250t,Equipment,General,ca,0.0,0.0,0.0,0.0,0,VND,0.0,0.501,3,3,Excavation BÙN by Manual - Excavation bùn in mọi điều component - Bùn đặ,"Dinh muc du toan xay dung cong trinh (TT 12/2021/TT-BXD), Phu luc II",Earthwork - excavation and filling,Excavation BÙN by Manual - Excavation bùn in mọi điều component - Bùn đặ
Máy nén khí 600m3/h ca,Máy nén khí 600m3/h ca,Equipment,General,ca,0.0,0.0,0.0,0.0,0,VND,0.0,1.1723,3,3,Concrete LÓT Foundation - Concrete lót -    ,"Dinh muc du toan xay dung cong trinh (TT 12/2021/TT-BXD), Phu luc II",In situ concrete,Concrete LÓT Foundation - Concrete lót -    
 km Ô tô chuyển trộn, km Ô tô chuyển trộn,Equipment,General,ca,0.0,0.0,0.0,0.0,0,VND,0.0,3.7933,3,3,Concrete LÓT Foundation - Concrete lót -    ,"Dinh muc du toan xay dung cong trinh (TT 12/2021/TT-BXD), Phu luc II",In situ concrete,Concrete LÓT Foundation - Concrete lót -    
 km Ô tô chuyển trộn, km Ô tô chuyển trộn,Equipment,General,ca,0.0,0.0,0.0,0.0,0,VND,0.0,4.1733,3,3,Concrete LÓT Foundation - Concrete lót -    ,"Dinh muc du toan xay dung cong trinh (TT 12/2021/TT-BXD), Phu luc II",In situ concrete,Concrete LÓT Foundation - Concrete lót -    
chuyển tiếp ngoài Ô tô chuyển trộn,chuyển tiếp ngoài Ô tô chuyển trộn,Equipment,General,ca,0.0,0.0,0.0,0.0,0,VND,0.0,0.355,3,3,Concrete LÓT Foundation - Concrete lót -    ,"Dinh muc du toan xay dung cong trinh (TT 12/2021/TT-BXD), Phu luc II",In situ concrete,Concrete LÓT Foundation - Concrete lót -    
 km Ô tô chuyển trộn, km Ô tô chuyển trộn,Equipment,General,ca,0.0,0.0,0.0,0.0,0,VND,0.0,2.6067,3,3,Concrete LÓT Foundation - Concrete lót -    ,"Dinh muc du toan xay dung cong trinh (TT 12/2021/TT-BXD), Phu luc II",In situ concrete,Concrete LÓT Foundation - Concrete lót -    
 km Ô tô chuyển trộn, km Ô tô chuyển trộn,Equipment,General,ca,0.0,0.0,0.0,0.0,0,VND,0.0,2.7833,3,3,Concrete LÓT Foundation - Concrete lót -    ,"Dinh muc du toan xay dung cong trinh (TT 12/2021/TT-BXD), Phu luc II",In situ concrete,Concrete LÓT Foundation - Concrete lót -    
 km Ô tô chuyển trộn, km Ô tô chuyển trộn,Equipment,General,ca,0.0,0.0,0.0,0.0,0,VND,0.0,2.9667,3,3,Concrete LÓT Foundation - Concrete lót -    ,"Dinh muc du toan xay dung cong trinh (TT 12/2021/TT-BXD), Phu luc II",In situ concrete,Concrete LÓT Foundation - Concrete lót -    
 km Ô tô chuyển trộn, km Ô tô chuyển trộn,Equipment,General,ca,0.0,0.0,0.0,0.0,0,VND,0.0,3.21,3,3,Concrete LÓT Foundation - Concrete lót -    ,"Dinh muc du toan xay dung cong trinh (TT 12/2021/TT-BXD), Phu luc II",In situ concrete,Concrete LÓT Foundation - Concrete lót -    
Cần cẩu 63 t,Cần cẩu 63 t,Equipment,General,ca,0.0,0.0,0.0,0.0,0,VND,0.0,0.447,3,3,"Concrete Pile, Column, Pile CỪ - Concrete pile, - Pile, column","Dinh muc du toan xay dung cong trinh (TT 12/2021/TT-BXD), Phu luc II","Concrete piles, columns and precast members","Concrete Pile, Column, Pile CỪ - Concrete pile, - Pile, column"
dầm Vật liệu Thép tấm,dầm Vật liệu Thép tấm,Material,General,kg,0.0,0.0,0.0,0.0,0,VND,0.0,0.4297,3,3,"Concrete Pile, Column, Pile CỪ - Concrete pile, - Pile, column","Dinh muc du toan xay dung cong trinh (TT 12/2021/TT-BXD), Phu luc II","Concrete piles, columns and precast members","Concrete Pile, Column, Pile CỪ - Concrete pile, - Pile, column"
Bu lông M 20x200,Bu lông M 20x200,Material,General,cái,0.0,0.0,0.0,0.0,0,VND,0.0,2.6667,3,3,"Concrete Pile, Column, Pile CỪ - Concrete pile, - Pile, column","Dinh muc du toan xay dung cong trinh (TT 12/2021/TT-BXD), Phu luc II","Concrete piles, columns and precast members","Concrete Pile, Column, Pile CỪ - Concrete pile, - Pile, column"
Tàu đào 3170 cv,Tàu đào 3170 cv,Equipment,General,ca,0.0,0.0,0.0,0.0,0,VND,0.0,1.9733,3,3,Excavation BÙN by Manual - Excavation bùn in mọi điều component - Bùn đặ,"Dinh muc du toan xay dung cong trinh (TT 12/2021/TT-BXD), Phu luc II",Earthwork - excavation and filling,Excavation BÙN by Manual - Excavation bùn in mọi điều component - Bùn đặ
Cầu nổi 30 t,Cầu nổi 30 t,Equipment,General,ca,0.0,0.0,0.0,0.0,0,VND,0.0,0.9817,3,3,Excavation BÙN by Manual - Excavation bùn in mọi điều component - Bùn đặ,"Dinh muc du toan xay dung cong trinh (TT 12/2021/TT-BXD), Phu luc II",Earthwork - excavation and filling,Excavation BÙN by Manual - Excavation bùn in mọi điều component - Bùn đặ
Sà lan chở dầu 250t,Sà lan chở dầu 250t,Equipment,General,ca,0.0,0.0,0.0,0.0,0,VND,0.0,0.5343,3,3,Excavation BÙN by Manual - Excavation bùn in mọi điều component - Bùn đặ,"Dinh muc du toan xay dung cong trinh (TT 12/2021/TT-BXD), Phu luc II",Earthwork - excavation and filling,Excavation BÙN by Manual - Excavation bùn in mọi điều component - Bùn đặ
cẩu Dây thép,cẩu Dây thép,Material,General,kg,0.0,0.0,0.0,0.0,0,VND,0.0,11.0667,3,3,Concrete LÓT Foundation - Concrete lót -    ,"Dinh muc du toan xay dung cong trinh (TT 12/2021/TT-BXD), Phu luc II",In situ concrete,Concrete LÓT Foundation - Concrete lót -    
Keo,Keo,Material,General,kg,0.0,0.0,0.0,0.0,0,VND,0.0,0.0083,3,3,Construction Layer LÓT Foundation in KHUNG VÂY - Construction layer lót món,"Dinh muc du toan xay dung cong trinh (TT 12/2021/TT-BXD), Phu luc II",Foundation blinding and cofferdam base layers,Construction Layer LÓT Foundation in KHUNG VÂY - Construction layer lót món
sàn Vật liệu Tấm sàn C-Deck,sàn Vật liệu Tấm sàn C-Deck,Material,General,m2,0.0,0.0,0.0,0.0,0,VND,0.0,100.0,3,3,"Concrete Pile, Column, Pile CỪ - Concrete pile, - Pile, column","Dinh muc du toan xay dung cong trinh (TT 12/2021/TT-BXD), Phu luc II","Concrete piles, columns and precast members","Concrete Pile, Column, Pile CỪ - Concrete pile, - Pile, column"
Côn cao su,Côn cao su,Material,General,cái,0.0,0.0,0.0,0.0,0,VND,0.0,170.0,3,3,Concrete LÓT Foundation - Concrete lót -    ,"Dinh muc du toan xay dung cong trinh (TT 12/2021/TT-BXD), Phu luc II",In situ concrete,Concrete LÓT Foundation - Concrete lót -    
Ty xuyên D25,Ty xuyên D25,Material,General,cái,0.0,0.0,0.0,0.0,0,VND,0.0,170.0,3,3,Concrete LÓT Foundation - Concrete lót -    ,"Dinh muc du toan xay dung cong trinh (TT 12/2021/TT-BXD), Phu luc II",In situ concrete,Concrete LÓT Foundation - Concrete lót -    
Bu lông M24x100,Bu lông M24x100,Material,General,cái,0.0,0.0,0.0,0.0,0,VND,0.0,4.5,3,3,Concrete LÓT Foundation - Concrete lót -    ,"Dinh muc du toan xay dung cong trinh (TT 12/2021/TT-BXD), Phu luc II",In situ concrete,Concrete LÓT Foundation - Concrete lót -    
Cần cẩu 80 t,Cần cẩu 80 t,Equipment,General,ca,0.0,0.0,0.0,0.0,0,VND,0.0,0.5237,3,3,"Concrete Pile, Column, Pile CỪ - Concrete pile, - Pile, column","Dinh muc du toan xay dung cong trinh (TT 12/2021/TT-BXD), Phu luc II","Concrete piles, columns and precast members","Concrete Pile, Column, Pile CỪ - Concrete pile, - Pile, column"
Cần cẩu 40 t ca,Cần cẩu 40 t ca,Equipment,General,ca,0.0,0.0,0.0,0.0,0,VND,0.0,0.0197,3,3,Concrete LÓT Foundation - Concrete lót -    ,"Dinh muc du toan xay dung cong trinh (TT 12/2021/TT-BXD), Phu luc II",In situ concrete,Concrete LÓT Foundation - Concrete lót -    
Gỗ kê,Gỗ kê,Material,General,m3,0.0,0.0,0.0,0.0,0,VND,0.0,0.0327,3,3,"Concrete Pile, Column, Pile CỪ - Concrete pile, - Pile, column","Dinh muc du toan xay dung cong trinh (TT 12/2021/TT-BXD), Phu luc II","Concrete piles, columns and precast members","Concrete Pile, Column, Pile CỪ - Concrete pile, - Pile, column"
dầm Vật liệu Gỗ kê,dầm Vật liệu Gỗ kê,Material,General,m3,0.0,0.0,0.0,0.0,0,VND,0.0,0.0163,3,3,"Concrete Pile, Column, Pile CỪ - Concrete pile, - Pile, column","Dinh muc du toan xay dung cong trinh (TT 12/2021/TT-BXD), Phu luc II","Concrete piles, columns and precast members","Concrete Pile, Column, Pile CỪ - Concrete pile, - Pile, column"
Bentonite,Bentonite,Material,General,kg,0.0,0.0,0.0,0.0,0,VND,0.0,188.5567,3,3,Construction Layer LÓT Foundation in KHUNG VÂY - Construction layer lót món,"Dinh muc du toan xay dung cong trinh (TT 12/2021/TT-BXD), Phu luc II",Foundation blinding and cofferdam base layers,Construction Layer LÓT Foundation in KHUNG VÂY - Construction layer lót món
Cẩu lao dầm,Cẩu lao dầm,Equipment,General,ca,0.0,0.0,0.0,0.0,0,VND,0.0,0.7133,3,3,"Concrete Pile, Column, Pile CỪ - Concrete pile, - Pile, column","Dinh muc du toan xay dung cong trinh (TT 12/2021/TT-BXD), Phu luc II","Concrete piles, columns and precast members","Concrete Pile, Column, Pile CỪ - Concrete pile, - Pile, column"
Hệ thống xe goòng,Hệ thống xe goòng,Equipment,General,ca,0.0,0.0,0.0,0.0,0,VND,0.0,0.0183,3,3,"Concrete Pile, Column, Pile CỪ - Concrete pile, - Pile, column","Dinh muc du toan xay dung cong trinh (TT 12/2021/TT-BXD), Phu luc II","Concrete piles, columns and precast members","Concrete Pile, Column, Pile CỪ - Concrete pile, - Pile, column"
Bu lông M16x150,Bu lông M16x150,Material,General,cái,0.0,0.0,0.0,0.0,0,VND,0.0,2.3333,3,3,Concrete LÓT Foundation - Concrete lót -    ,"Dinh muc du toan xay dung cong trinh (TT 12/2021/TT-BXD), Phu luc II",In situ concrete,Concrete LÓT Foundation - Concrete lót -    
Bộ thiết bị trượt,Bộ thiết bị trượt,Equipment,General,ca,0.0,0.0,0.0,0.0,0,VND,0.0,1.2733,3,3,Concrete LÓT Foundation - Concrete lót -    ,"Dinh muc du toan xay dung cong trinh (TT 12/2021/TT-BXD), Phu luc II",In situ concrete,Concrete LÓT Foundation - Concrete lót -    
Gỗ ván m3,Gỗ ván m3,Material,General,,0.0,0.0,0.0,0.0,0,VND,0.0,0.794,3,3,Concrete LÓT Foundation - Concrete lót -    ,"Dinh muc du toan xay dung cong trinh (TT 12/2021/TT-BXD), Phu luc II",In situ concrete,Concrete LÓT Foundation - Concrete lót -    
Gỗ đà nẹp m3,Gỗ đà nẹp m3,Material,General,,0.0,0.0,0.0,0.0,0,VND,0.0,0.245,3,3,Concrete LÓT Foundation - Concrete lót -    ,"Dinh muc du toan xay dung cong trinh (TT 12/2021/TT-BXD), Phu luc II",In situ concrete,Concrete LÓT Foundation - Concrete lót -    
Đinh kg,Đinh kg,Material,General,,0.0,0.0,0.0,0.0,0,VND,0.0,12.43,3,3,Concrete LÓT Foundation - Concrete lót -    ,"Dinh muc du toan xay dung cong trinh (TT 12/2021/TT-BXD), Phu luc II",In situ concrete,Concrete LÓT Foundation - Concrete lót -    
Xà gồ gỗ 80x100mm,Xà gồ gỗ 80x100mm,Material,General,m,0.0,0.0,0.0,0.0,0,VND,0.0,13.05,3,3,"Concrete Pile, Column, Pile CỪ - Concrete pile, - Pile, column","Dinh muc du toan xay dung cong trinh (TT 12/2021/TT-BXD), Phu luc II","Concrete piles, columns and precast members","Concrete Pile, Column, Pile CỪ - Concrete pile, - Pile, column"
Xà gồ thép 3x50x50mm,Xà gồ thép 3x50x50mm,Material,General,m,0.0,0.0,0.0,0.0,0,VND,0.0,1.44,3,3,"Concrete Pile, Column, Pile CỪ - Concrete pile, - Pile, column","Dinh muc du toan xay dung cong trinh (TT 12/2021/TT-BXD), Phu luc II","Concrete piles, columns and precast members","Concrete Pile, Column, Pile CỪ - Concrete pile, - Pile, column"
"Vận thăng 0,8 t","Vận thăng 0,8 t",Equipment,General,ca,0.0,0.0,0.0,0.0,0,VND,0.0,0.4333,3,3,"Concrete Pile, Column, Pile CỪ - Concrete pile, - Pile, column","Dinh muc du toan xay dung cong trinh (TT 12/2021/TT-BXD), Phu luc II","Concrete piles, columns and precast members","Concrete Pile, Column, Pile CỪ - Concrete pile, - Pile, column"
Tấm lưới nối D15,Tấm lưới nối D15,Material,General,m,0.0,0.0,0.0,0.0,0,VND,0.0,1.98,3,3,"Concrete Pile, Column, Pile CỪ - Concrete pile, - Pile, column","Dinh muc du toan xay dung cong trinh (TT 12/2021/TT-BXD), Phu luc II","Concrete piles, columns and precast members","Concrete Pile, Column, Pile CỪ - Concrete pile, - Pile, column"
"Máy bơm nước 5,5 cv","Máy bơm nước 5,5 cv",Equipment,General,ca,0.0,0.0,0.0,0.0,0,VND,0.0,7.1333,3,3,"Concrete Pile, Column, Pile CỪ - Concrete pile, - Pile, column","Dinh muc du toan xay dung cong trinh (TT 12/2021/TT-BXD), Phu luc II","Concrete piles, columns and precast members","Concrete Pile, Column, Pile CỪ - Concrete pile, - Pile, column"
Ôtô thùng 10 t,Ôtô thùng 10 t,Equipment,General,ca,0.0,0.0,0.0,0.0,0,VND,0.0,0.033,3,3,"Concrete Pile, Column, Pile CỪ - Concrete pile, - Pile, column","Dinh muc du toan xay dung cong trinh (TT 12/2021/TT-BXD), Phu luc II","Concrete piles, columns and precast members","Concrete Pile, Column, Pile CỪ - Concrete pile, - Pile, column"
Ôtô thùng 32 t,Ôtô thùng 32 t,Equipment,General,ca,0.0,0.0,0.0,0.0,0,VND,0.0,0.033,3,3,"Concrete Pile, Column, Pile CỪ - Concrete pile, - Pile, column","Dinh muc du toan xay dung cong trinh (TT 12/2021/TT-BXD), Phu luc II","Concrete piles, columns and precast members","Concrete Pile, Column, Pile CỪ - Concrete pile, - Pile, column"
135cv Máy khác,135cv Máy khác,Equipment,General,%,0.0,0.0,0.0,0.0,0,VND,0.0,1.6667,3,3,Concrete LÓT Foundation - Concrete lót -    ,"Dinh muc du toan xay dung cong trinh (TT 12/2021/TT-BXD), Phu luc II",In situ concrete,Concrete LÓT Foundation - Concrete lót -    
Nhựa đường kg,Nhựa đường kg,Material,General,"11,70",0.0,0.0,0.0,0.0,0,VND,0.0,13.8933,3,3,LỢP Roof NGÓI 13 unit / m 2 - Lợp roof ngói 22 v / m 2 - Height,"Dinh muc du toan xay dung cong trinh (TT 12/2021/TT-BXD), Phu luc II",Roofing and roof coverings,LỢP Roof NGÓI 13 unit / m 2 - Lợp roof ngói 22 v / m 2 - Height
Sắt hình,Sắt hình,Material,General,kg,0.0,0.0,0.0,0.0,0,VND,0.0,21.1667,3,3,Truss Rafter Roof NGÓI - Fabrication truss rafter roof ngói,"Dinh muc du toan xay dung cong trinh (TT 12/2021/TT-BXD), Phu luc II",Timber fabrication and erection,Truss Rafter Roof NGÓI - Fabrication truss rafter roof ngói
Lưới thép d4,Lưới thép d4,Material,General,m2,0.0,0.0,0.0,0.0,0,VND,0.0,1.1,3,3,Construction Layer LÓT Foundation in KHUNG VÂY - Construction layer lót món,"Dinh muc du toan xay dung cong trinh (TT 12/2021/TT-BXD), Phu luc II",Foundation blinding and cofferdam base layers,Construction Layer LÓT Foundation in KHUNG VÂY - Construction layer lót món
Máy bơm vữa 32-50 m3/h ca,Máy bơm vữa 32-50 m3/h ca,Equipment,General,ca,0.0,0.0,0.0,0.0,0,VND,0.0,2.1437,3,3,Construction Layer LÓT Foundation in KHUNG VÂY - Construction layer lót món,"Dinh muc du toan xay dung cong trinh (TT 12/2021/TT-BXD), Phu luc II",Foundation blinding and cofferdam base layers,Construction Layer LÓT Foundation in KHUNG VÂY - Construction layer lót món
"Đá 0,5÷1,0","Đá 0,5÷1,0",Material,General,m3,0.0,0.0,0.0,0.0,0,VND,0.0,1.1233,3,3,Construction Foundation Graded aggregate Crushed stone - Construction foundation graded aggregate stone dă,"Dinh muc du toan xay dung cong trinh (TT 12/2021/TT-BXD), Phu luc II",Road base and sub-base,Construction Foundation Graded aggregate Crushed stone - Construction foundation
Răng cào hợp kim,Răng cào hợp kim,Material,General,bộ,0.0,0.0,0.0,0.0,0,VND,0.0,0.025,3,3,Construction Foundation Graded aggregate Crushed stone - Construction foundation graded aggregate stone dă,"Dinh muc du toan xay dung cong trinh (TT 12/2021/TT-BXD), Phu luc II",Road base and sub-base,Construction Foundation Graded aggregate Crushed stone - Construction foundation
vì Vật liệu Thép hình,vì Vật liệu Thép hình,Material,General,kg,0.0,0.0,0.0,0.0,0,VND,0.0,879.0,3,3,Fabrication Truss Rafter Steel HÌNH KHẨU ĐỘ Large - Fabrication rafter steel kh,"Dinh muc du toan xay dung cong trinh (TT 12/2021/TT-BXD), Phu luc II",Steel truss and structural fabrication,Fabrication Truss Rafter Steel HÌNH KHẨU ĐỘ Large - Fabrication rafter steel kh
Rọ thép,Rọ thép,Material,General,cái,0.0,0.0,0.0,0.0,0,VND,0.0,1.0,3,3,"Concrete Pile, Column, Pile CỪ - Concrete pile, - Pile, column","Dinh muc du toan xay dung cong trinh (TT 12/2021/TT-BXD), Phu luc II","Concrete piles, columns and precast members","Concrete Pile, Column, Pile CỪ - Concrete pile, - Pile, column"
Cáp d20mm,Cáp d20mm,Material,General,m,0.0,0.0,0.0,0.0,0,VND,0.0,18.75,3,3,"Concrete Pile, Column, Pile CỪ - Concrete pile, - Pile, column","Dinh muc du toan xay dung cong trinh (TT 12/2021/TT-BXD), Phu luc II","Concrete piles, columns and precast members","Concrete Pile, Column, Pile CỪ - Concrete pile, - Pile, column"
Đá hộc xếp rọ,Đá hộc xếp rọ,Material,General,m3,0.0,0.0,0.0,0.0,0,VND,0.0,1.23,3,3,"Concrete Pile, Column, Pile CỪ - Concrete pile, - Pile, column","Dinh muc du toan xay dung cong trinh (TT 12/2021/TT-BXD), Phu luc II","Concrete piles, columns and precast members","Concrete Pile, Column, Pile CỪ - Concrete pile, - Pile, column"
Máy trộn dung dịch 750 l ca,Máy trộn dung dịch 750 l ca,Equipment,General,ca,0.0,0.0,0.0,0.0,0,VND,0.0,2.9767,3,3,Construction Layer LÓT Foundation in KHUNG VÂY - Construction layer lót món,"Dinh muc du toan xay dung cong trinh (TT 12/2021/TT-BXD), Phu luc II",Foundation blinding and cofferdam base layers,Construction Layer LÓT Foundation in KHUNG VÂY - Construction layer lót món
xà Vật liệu Thép tấm,xà Vật liệu Thép tấm,Material,General,kg,0.0,0.0,0.0,0.0,0,VND,0.0,51.81,3,3,Concrete LÓT Foundation - Concrete lót -    ,"Dinh muc du toan xay dung cong trinh (TT 12/2021/TT-BXD), Phu luc II",In situ concrete,Concrete LÓT Foundation - Concrete lót -    
Cây chống thép ống,Cây chống thép ống,Material,General,kg,0.0,0.0,0.0,0.0,0,VND,0.0,3.74,3,3,Concrete LÓT Foundation - Concrete lót -    ,"Dinh muc du toan xay dung cong trinh (TT 12/2021/TT-BXD), Phu luc II",In situ concrete,Concrete LÓT Foundation - Concrete lót -    
Sà lan chở vật liệu 200 t,Sà lan chở vật liệu 200 t,Equipment,General,ca,0.0,0.0,0.0,0.0,0,VND,0.0,4.8507,3,3,"Pile driving TRE by Manual - Pile driving tre by manual, chi","Dinh muc du toan xay dung cong trinh (TT 12/2021/TT-BXD), Phu luc II",Piling and cast-in-place bored piles,"Pile driving TRE by Manual - Pile driving tre by manual, chi"
Ống thép dàn khoan 60,Ống thép dàn khoan 60,Material,General,m,0.0,0.0,0.0,0.0,0,VND,0.0,4.0,3,3,Excavation BÙN by Manual - Excavation bùn in mọi điều component - Bùn đặ,"Dinh muc du toan xay dung cong trinh (TT 12/2021/TT-BXD), Phu luc II",Earthwork - excavation and filling,Excavation BÙN by Manual - Excavation bùn in mọi điều component - Bùn đặ
Máy khoan xoay đập tự hành 105,Máy khoan xoay đập tự hành 105,Equipment,General,ca,0.0,0.0,0.0,0.0,0,VND,0.0,18.1767,3,3,Excavation BÙN by Manual - Excavation bùn in mọi điều component - Bùn đặ,"Dinh muc du toan xay dung cong trinh (TT 12/2021/TT-BXD), Phu luc II",Earthwork - excavation and filling,Excavation BÙN by Manual - Excavation bùn in mọi điều component - Bùn đặ
Tôn d=2mm,Tôn d=2mm,Material,General,kg,0.0,0.0,0.0,0.0,0,VND,0.0,3.801,3,3,Construction Layer LÓT Foundation in KHUNG VÂY - Construction layer lót món,"Dinh muc du toan xay dung cong trinh (TT 12/2021/TT-BXD), Phu luc II",Foundation blinding and cofferdam base layers,Construction Layer LÓT Foundation in KHUNG VÂY - Construction layer lót món
Ô xy chai,Ô xy chai,Material,General,,0.0,0.0,0.0,0.0,0,VND,0.0,1.12,3,3,"Concrete Pile, Column, Pile CỪ - Concrete pile, - Pile, column","Dinh muc du toan xay dung cong trinh (TT 12/2021/TT-BXD), Phu luc II","Concrete piles, columns and precast members","Concrete Pile, Column, Pile CỪ - Concrete pile, - Pile, column"
Tấm lưới nối D5,Tấm lưới nối D5,Material,General,m,0.0,0.0,0.0,0.0,0,VND,0.0,1.98,3,3,"Concrete Pile, Column, Pile CỪ - Concrete pile, - Pile, column","Dinh muc du toan xay dung cong trinh (TT 12/2021/TT-BXD), Phu luc II","Concrete piles, columns and precast members","Concrete Pile, Column, Pile CỪ - Concrete pile, - Pile, column"
(60 kích loại 6T) Máy hàn 23 kW,(60 kích loại 6T) Máy hàn 23 kW,Equipment,General,ca,0.0,0.0,0.0,0.0,0,VND,0.0,2.5667,3,3,Concrete LÓT Foundation - Concrete lót -    ,"Dinh muc du toan xay dung cong trinh (TT 12/2021/TT-BXD), Phu luc II",In situ concrete,Concrete LÓT Foundation - Concrete lót -    
"Máy khoan 1,7 kW","Máy khoan 1,7 kW",Equipment,General,ca,0.0,0.0,0.0,0.0,0,VND,0.0,0.9,3,3,Concrete LÓT Foundation - Concrete lót -    ,"Dinh muc du toan xay dung cong trinh (TT 12/2021/TT-BXD), Phu luc II",In situ concrete,Concrete LÓT Foundation - Concrete lót -    
2400 Máy rải xi măng SW16TC,2400 Máy rải xi măng SW16TC,Equipment,General,ca,0.0,0.0,0.0,0.0,0,VND,0.0,0.092,3,3,Construction Foundation Graded aggregate Crushed stone - Construction foundation graded aggregate stone dă,"Dinh muc du toan xay dung cong trinh (TT 12/2021/TT-BXD), Phu luc II",Road base and sub-base,Construction Foundation Graded aggregate Crushed stone - Construction foundation
Ô tô tưới nước 16 m3,Ô tô tưới nước 16 m3,Equipment,General,ca,0.0,0.0,0.0,0.0,0,VND,0.0,0.184,3,3,Construction Foundation Graded aggregate Crushed stone - Construction foundation graded aggregate stone dă,"Dinh muc du toan xay dung cong trinh (TT 12/2021/TT-BXD), Phu luc II",Road base and sub-base,Construction Foundation Graded aggregate Crushed stone - Construction foundation
(lực rung 20-35T) Máy lu bánh thép tự hành 12 t,(lực rung 20-35T) Máy lu bánh thép tự hành 12 t,Equipment,General,ca,0.0,0.0,0.0,0.0,0,VND,0.0,0.076,3,3,Construction Foundation Graded aggregate Crushed stone - Construction foundation graded aggregate stone dă,"Dinh muc du toan xay dung cong trinh (TT 12/2021/TT-BXD), Phu luc II",Road base and sub-base,Construction Foundation Graded aggregate Crushed stone - Construction foundation
Máy lu bánh hơi tự hành 18 t,Máy lu bánh hơi tự hành 18 t,Equipment,General,ca,0.0,0.0,0.0,0.0,0,VND,0.0,0.1493,3,3,Construction Foundation Graded aggregate Crushed stone - Construction foundation graded aggregate stone dă,"Dinh muc du toan xay dung cong trinh (TT 12/2021/TT-BXD), Phu luc II",Road base and sub-base,Construction Foundation Graded aggregate Crushed stone - Construction foundation
Cẩu tháp 50 t,Cẩu tháp 50 t,Equipment,General,ca,0.0,0.0,0.0,0.0,0,VND,0.0,0.0683,3,3,Concrete LÓT Foundation - Concrete lót -    ,"Dinh muc du toan xay dung cong trinh (TT 12/2021/TT-BXD), Phu luc II",In situ concrete,Concrete LÓT Foundation - Concrete lót -    
180 cv Máy ủi 180 cv ca,180 cv Máy ủi 180 cv ca,Equipment,General,ca,0.0,0.0,0.0,0.0,0,VND,0.0,0.9,3,3,Excavation BÙN by Manual - Excavation bùn in mọi điều component - Bùn đặ,"Dinh muc du toan xay dung cong trinh (TT 12/2021/TT-BXD), Phu luc II",Earthwork - excavation and filling,Excavation BÙN by Manual - Excavation bùn in mọi điều component - Bùn đặ
240 cv Máy ủi 240 cv ca,240 cv Máy ủi 240 cv ca,Equipment,General,ca,0.0,0.0,0.0,0.0,0,VND,0.0,0.6933,3,3,Excavation BÙN by Manual - Excavation bùn in mọi điều component - Bùn đặ,"Dinh muc du toan xay dung cong trinh (TT 12/2021/TT-BXD), Phu luc II",Earthwork - excavation and filling,Excavation BÙN by Manual - Excavation bùn in mọi điều component - Bùn đặ
320 cv Máy ủi 320 cv ca,320 cv Máy ủi 320 cv ca,Equipment,General,ca,0.0,0.0,0.0,0.0,0,VND,0.0,0.3867,3,3,Excavation BÙN by Manual - Excavation bùn in mọi điều component - Bùn đặ,"Dinh muc du toan xay dung cong trinh (TT 12/2021/TT-BXD), Phu luc II",Earthwork - excavation and filling,Excavation BÙN by Manual - Excavation bùn in mọi điều component - Bùn đặ
Bulông M16x320,Bulông M16x320,Material,General,cái,0.0,0.0,0.0,0.0,0,VND,0.0,43.3333,3,3,Truss Rafter Roof NGÓI - Fabrication truss rafter roof ngói,"Dinh muc du toan xay dung cong trinh (TT 12/2021/TT-BXD), Phu luc II",Timber fabrication and erection,Truss Rafter Roof NGÓI - Fabrication truss rafter roof ngói
Bulông M12x200,Bulông M12x200,Material,General,cái,0.0,0.0,0.0,0.0,0,VND,0.0,198.2333,3,3,Truss Rafter Roof NGÓI - Fabrication truss rafter roof ngói,"Dinh muc du toan xay dung cong trinh (TT 12/2021/TT-BXD), Phu luc II",Timber fabrication and erection,Truss Rafter Roof NGÓI - Fabrication truss rafter roof ngói
Bulông M20x48,Bulông M20x48,Material,General,cái,0.0,0.0,0.0,0.0,0,VND,0.0,1.5,3,3,Truss Rafter Roof NGÓI - Fabrication truss rafter roof ngói,"Dinh muc du toan xay dung cong trinh (TT 12/2021/TT-BXD), Phu luc II",Timber fabrication and erection,Truss Rafter Roof NGÓI - Fabrication truss rafter roof ngói
Máy bơm nước 20 KW,Máy bơm nước 20 KW,Equipment,General,ca,0.0,0.0,0.0,0.0,0,VND,0.0,0.04,3,3,Concrete LÓT Foundation - Concrete lót -    ,"Dinh muc du toan xay dung cong trinh (TT 12/2021/TT-BXD), Phu luc II",In situ concrete,Concrete LÓT Foundation - Concrete lót -    
Vôi cục kg,Vôi cục kg,Material,General,93,0.0,0.0,0.0,0.0,0,VND,0.0,57.0,3,3,Masonry Foundation - Masonry foundation - Dimension   ,"Dinh muc du toan xay dung cong trinh (TT 12/2021/TT-BXD), Phu luc II",Masonry (brick and stone),Masonry Foundation - Masonry foundation - Dimension   
Vữa tam hợp cát mịn - cát có mô,Vữa tam hợp cát mịn - cát có mô,Material,General,đun,0.0,0.0,0.0,0.0,0,VND,0.0,1.6,3,2,Masonry Foundation - Masonry foundation - Dimension   ,"Dinh muc du toan xay dung cong trinh (TT 12/2021/TT-BXD), Phu luc II",Masonry (brick and stone),Masonry Foundation - Masonry foundation - Dimension   
Tà vẹt gỗ,Tà vẹt gỗ,Material,General,cái,0.0,0.0,0.0,0.0,0,VND,0.0,0.1233,3,3,Fabrication Truss Rafter Steel HÌNH KHẨU ĐỘ Large - Fabrication rafter steel kh,"Dinh muc du toan xay dung cong trinh (TT 12/2021/TT-BXD), Phu luc II",Steel truss and structural fabrication,Fabrication Truss Rafter Steel HÌNH KHẨU ĐỘ Large - Fabrication rafter steel kh
Ống thép luồn cáp,Ống thép luồn cáp,Material,General,m,0.0,0.0,0.0,0.0,0,VND,0.0,1.02,3,3,Fabrication Truss Rafter Steel HÌNH KHẨU ĐỘ Large - Fabrication rafter steel kh,"Dinh muc du toan xay dung cong trinh (TT 12/2021/TT-BXD), Phu luc II",Steel truss and structural fabrication,Fabrication Truss Rafter Steel HÌNH KHẨU ĐỘ Large - Fabrication rafter steel kh
Ống nối,Ống nối,Material,General,m,0.0,0.0,0.0,0.0,0,VND,0.0,0.06,3,3,Fabrication Truss Rafter Steel HÌNH KHẨU ĐỘ Large - Fabrication rafter steel kh,"Dinh muc du toan xay dung cong trinh (TT 12/2021/TT-BXD), Phu luc II",Steel truss and structural fabrication,Fabrication Truss Rafter Steel HÌNH KHẨU ĐỘ Large - Fabrication rafter steel kh
Thép lưới 6,Thép lưới 6,Material,General,kg,0.0,0.0,0.0,0.0,0,VND,0.0,0.19,3,3,Fabrication Truss Rafter Steel HÌNH KHẨU ĐỘ Large - Fabrication rafter steel kh,"Dinh muc du toan xay dung cong trinh (TT 12/2021/TT-BXD), Phu luc II",Steel truss and structural fabrication,Fabrication Truss Rafter Steel HÌNH KHẨU ĐỘ Large - Fabrication rafter steel kh
Lưỡi cắt,Lưỡi cắt,Material,General,cái,0.0,0.0,0.0,0.0,0,VND,0.0,0.0253,3,3,Fabrication Truss Rafter Steel HÌNH KHẨU ĐỘ Large - Fabrication rafter steel kh,"Dinh muc du toan xay dung cong trinh (TT 12/2021/TT-BXD), Phu luc II",Steel truss and structural fabrication,Fabrication Truss Rafter Steel HÌNH KHẨU ĐỘ Large - Fabrication rafter steel kh
Máy cắt ống 5 kW,Máy cắt ống 5 kW,Equipment,General,ca,0.0,0.0,0.0,0.0,0,VND,0.0,0.0303,3,3,Fabrication Truss Rafter Steel HÌNH KHẨU ĐỘ Large - Fabrication rafter steel kh,"Dinh muc du toan xay dung cong trinh (TT 12/2021/TT-BXD), Phu luc II",Steel truss and structural fabrication,Fabrication Truss Rafter Steel HÌNH KHẨU ĐỘ Large - Fabrication rafter steel kh
Đá mài viên,Đá mài viên,Material,General,,0.0,0.0,0.0,0.0,0,VND,0.0,2.9547,3,3,Fabrication Truss Rafter Steel HÌNH KHẨU ĐỘ Large - Fabrication rafter steel kh,"Dinh muc du toan xay dung cong trinh (TT 12/2021/TT-BXD), Phu luc II",Steel truss and structural fabrication,Fabrication Truss Rafter Steel HÌNH KHẨU ĐỘ Large - Fabrication rafter steel kh
PT2A2 Nước,PT2A2 Nước,Material,General,m3,0.0,0.0,0.0,0.0,0,VND,0.0,0.5,3,3,Construction Foundation Graded aggregate Crushed stone - Construction foundation graded aggregate stone dă,"Dinh muc du toan xay dung cong trinh (TT 12/2021/TT-BXD), Phu luc II",Road base and sub-base,Construction Foundation Graded aggregate Crushed stone - Construction foundation
Xi măng PC40,Xi măng PC40,Material,General,kg,0.0,0.0,0.0,0.0,0,VND,0.0,621.2733,3,3,Construction Foundation Graded aggregate Crushed stone - Construction foundation graded aggregate stone dă,"Dinh muc du toan xay dung cong trinh (TT 12/2021/TT-BXD), Phu luc II",Road base and sub-base,Construction Foundation Graded aggregate Crushed stone - Construction foundation
Cọc ống thép,Cọc ống thép,Material,General,m,0.0,0.0,0.0,0.0,0,VND,0.0,100.0,3,3,"Pile driving TRE by Manual - Pile driving tre by manual, chi","Dinh muc du toan xay dung cong trinh (TT 12/2021/TT-BXD), Phu luc II",Piling and cast-in-place bored piles,"Pile driving TRE by Manual - Pile driving tre by manual, chi"
"7,5 t Cần cẩu 50 t","7,5 t Cần cẩu 50 t",Equipment,General,ca,0.0,0.0,0.0,0.0,0,VND,0.0,1.7547,3,3,"Pile driving TRE by Manual - Pile driving tre by manual, chi","Dinh muc du toan xay dung cong trinh (TT 12/2021/TT-BXD), Phu luc II",Piling and cast-in-place bored piles,"Pile driving TRE by Manual - Pile driving tre by manual, chi"
Máy hàn 23KW,Máy hàn 23KW,Equipment,General,ca,0.0,0.0,0.0,0.0,0,VND,0.0,5.37,3,3,Concrete LÓT Foundation - Concrete lót -    ,"Dinh muc du toan xay dung cong trinh (TT 12/2021/TT-BXD), Phu luc II",In situ concrete,Concrete LÓT Foundation - Concrete lót -    
Máy cắt uốn 5kW,Máy cắt uốn 5kW,Equipment,General,ca,0.0,0.0,0.0,0.0,0,VND,0.0,1.49,3,3,Concrete LÓT Foundation - Concrete lót -    ,"Dinh muc du toan xay dung cong trinh (TT 12/2021/TT-BXD), Phu luc II",In situ concrete,Concrete LÓT Foundation - Concrete lót -    
măng,măng,Material,General,kg,0.0,0.0,0.0,0.0,0,VND,0.0,272.3633,3,3,Concrete LÓT Foundation - Concrete lót -    ,"Dinh muc du toan xay dung cong trinh (TT 12/2021/TT-BXD), Phu luc II",In situ concrete,Concrete LÓT Foundation - Concrete lót -    
Thép hộp 50x100,Thép hộp 50x100,Material,General,m,0.0,0.0,0.0,0.0,0,VND,0.0,0.014,3,3,"Concrete Pile, Column, Pile CỪ - Concrete pile, - Pile, column","Dinh muc du toan xay dung cong trinh (TT 12/2021/TT-BXD), Phu luc II","Concrete piles, columns and precast members","Concrete Pile, Column, Pile CỪ - Concrete pile, - Pile, column"
Tấm lưới nối D10,Tấm lưới nối D10,Material,General,m,0.0,0.0,0.0,0.0,0,VND,0.0,1.98,3,3,"Concrete Pile, Column, Pile CỪ - Concrete pile, - Pile, column","Dinh muc du toan xay dung cong trinh (TT 12/2021/TT-BXD), Phu luc II","Concrete piles, columns and precast members","Concrete Pile, Column, Pile CỪ - Concrete pile, - Pile, column"
Nước lít 186 186,Nước lít 186 186,Material,General,186,0.0,0.0,0.0,0.0,0,VND,0.0,165.0,3,3,Concrete LÓT Foundation - Concrete lót -    ,"Dinh muc du toan xay dung cong trinh (TT 12/2021/TT-BXD), Phu luc II",In situ concrete,Concrete LÓT Foundation - Concrete lót -    
1 2,1 2,Material,General,3,0.0,0.0,0.0,0.0,0,VND,0.0,7.0,3,3,Concrete LÓT Foundation - Concrete lót -    ,"Dinh muc du toan xay dung cong trinh (TT 12/2021/TT-BXD), Phu luc II",In situ concrete,Concrete LÓT Foundation - Concrete lót -    
xe Vữa bê tông,xe Vữa bê tông,Material,General,m3,0.0,0.0,0.0,0.0,0,VND,0.0,1.015,3,3,"Concrete Pile, Column, Pile CỪ - Concrete pile, - Pile, column","Dinh muc du toan xay dung cong trinh (TT 12/2021/TT-BXD), Phu luc II","Concrete piles, columns and precast members","Concrete Pile, Column, Pile CỪ - Concrete pile, - Pile, column"
Máy đầm cạnh 1 kW,Máy đầm cạnh 1 kW,Equipment,General,ca,0.0,0.0,0.0,0.0,0,VND,0.0,0.28,3,3,"Concrete Pile, Column, Pile CỪ - Concrete pile, - Pile, column","Dinh muc du toan xay dung cong trinh (TT 12/2021/TT-BXD), Phu luc II","Concrete piles, columns and precast members","Concrete Pile, Column, Pile CỪ - Concrete pile, - Pile, column"
Máy trộn 250l ca,Máy trộn 250l ca,Equipment,General,ca,0.0,0.0,0.0,0.0,0,VND,0.0,0.095,3,3,Concrete LÓT Foundation - Concrete lót -    ,"Dinh muc du toan xay dung cong trinh (TT 12/2021/TT-BXD), Phu luc II",In situ concrete,Concrete LÓT Foundation - Concrete lót -    
Máy nén khí điện 5 m3/h ca,Máy nén khí điện 5 m3/h ca,Equipment,General,ca,0.0,0.0,0.0,0.0,0,VND,0.0,0.36,3,3,Construction Layer LÓT Foundation in KHUNG VÂY - Construction layer lót món,"Dinh muc du toan xay dung cong trinh (TT 12/2021/TT-BXD), Phu luc II",Foundation blinding and cofferdam base layers,Construction Layer LÓT Foundation in KHUNG VÂY - Construction layer lót món
Thép tròn ≤18,Thép tròn ≤18,Material,General,kg,0.0,0.0,0.0,0.0,0,VND,0.0,2.0,3,3,Construction Layer LÓT Foundation in KHUNG VÂY - Construction layer lót món,"Dinh muc du toan xay dung cong trinh (TT 12/2021/TT-BXD), Phu luc II",Foundation blinding and cofferdam base layers,Construction Layer LÓT Foundation in KHUNG VÂY - Construction layer lót món
"Đinh, đinh vít","Đinh, đinh vít",Material,General,cái,0.0,0.0,0.0,0.0,0,VND,0.0,356.6667,3,3,LỢP Roof NGÓI 13 unit / m 2 - Lợp roof ngói 22 v / m 2 - Height,"Dinh muc du toan xay dung cong trinh (TT 12/2021/TT-BXD), Phu luc II",Roofing and roof coverings,LỢP Roof NGÓI 13 unit / m 2 - Lợp roof ngói 22 v / m 2 - Height
lam Vật liệu Vữa xi măng,lam Vật liệu Vữa xi măng,Material,General,m3,0.0,0.0,0.0,0.0,0,VND,0.0,0.0187,3,3,LỢP Roof NGÓI 13 unit / m 2 - Lợp roof ngói 22 v / m 2 - Height,"Dinh muc du toan xay dung cong trinh (TT 12/2021/TT-BXD), Phu luc II",Roofing and roof coverings,LỢP Roof NGÓI 13 unit / m 2 - Lợp roof ngói 22 v / m 2 - Height
"Thép mạ kẽm V20x22 dày 0,52mm","Thép mạ kẽm V20x22 dày 0,52mm",Material,General,m,0.0,0.0,0.0,0.0,0,VND,0.0,0.68,3,3,LỢP Roof NGÓI 13 unit / m 2 - Lợp roof ngói 22 v / m 2 - Height,"Dinh muc du toan xay dung cong trinh (TT 12/2021/TT-BXD), Phu luc II",Roofing and roof coverings,LỢP Roof NGÓI 13 unit / m 2 - Lợp roof ngói 22 v / m 2 - Height
"Thép nẹp mạ kẽm 0,6x70mm","Thép nẹp mạ kẽm 0,6x70mm",Material,General,m,0.0,0.0,0.0,0.0,0,VND,0.0,0.72,3,3,LỢP Roof NGÓI 13 unit / m 2 - Lợp roof ngói 22 v / m 2 - Height,"Dinh muc du toan xay dung cong trinh (TT 12/2021/TT-BXD), Phu luc II",Roofing and roof coverings,LỢP Roof NGÓI 13 unit / m 2 - Lợp roof ngói 22 v / m 2 - Height
"Tấm thạch cao, dày 15mm","Tấm thạch cao, dày 15mm",Material,General,m2,0.0,0.0,0.0,0.0,0,VND,0.0,3.5,3,3,LỢP Roof NGÓI 13 unit / m 2 - Lợp roof ngói 22 v / m 2 - Height,"Dinh muc du toan xay dung cong trinh (TT 12/2021/TT-BXD), Phu luc II",Roofing and roof coverings,LỢP Roof NGÓI 13 unit / m 2 - Lợp roof ngói 22 v / m 2 - Height
Bông thuỷ tinh dày 50mm,Bông thuỷ tinh dày 50mm,Material,General,m2,0.0,0.0,0.0,0.0,0,VND,0.0,1.0,3,3,LỢP Roof NGÓI 13 unit / m 2 - Lợp roof ngói 22 v / m 2 - Height,"Dinh muc du toan xay dung cong trinh (TT 12/2021/TT-BXD), Phu luc II",Roofing and roof coverings,LỢP Roof NGÓI 13 unit / m 2 - Lợp roof ngói 22 v / m 2 - Height
Máy san 110 cv ca,Máy san 110 cv ca,Equipment,General,ca,0.0,0.0,0.0,0.0,0,VND,0.0,0.0583,3,3,Construction Foundation Graded aggregate Crushed stone - Construction foundation graded aggregate stone dă,"Dinh muc du toan xay dung cong trinh (TT 12/2021/TT-BXD), Phu luc II",Road base and sub-base,Construction Foundation Graded aggregate Crushed stone - Construction foundation
đá dăm các loại,đá dăm các loại,Material,General,m³,0.0,0.0,0.0,0.0,0,VND,0.0,0.058,3,3,Loading Stacking Material RỜI LÊN PHƯƠNG TIỆN Transport by THỦ CÔN,"Dinh muc du toan xay dung cong trinh (TT 12/2021/TT-BXD), Phu luc II","Loading, unloading and transport",Loading Stacking Material RỜI LÊN PHƯƠNG TIỆN Transport by THỦ CÔN
xây các loại,xây các loại,Material,General,1000v,0.0,0.0,0.0,0.0,0,VND,0.0,0.0357,3,3,Loading Stacking Material RỜI LÊN PHƯƠNG TIỆN Transport by THỦ CÔN,"Dinh muc du toan xay dung cong trinh (TT 12/2021/TT-BXD), Phu luc II","Loading, unloading and transport",Loading Stacking Material RỜI LÊN PHƯƠNG TIỆN Transport by THỦ CÔN
"ốp, lát các loại","ốp, lát các loại",Material,General,1000v,0.0,0.0,0.0,0.0,0,VND,0.0,0.0207,3,3,Loading Stacking Material RỜI LÊN PHƯƠNG TIỆN Transport by THỦ CÔN,"Dinh muc du toan xay dung cong trinh (TT 12/2021/TT-BXD), Phu luc II","Loading, unloading and transport",Loading Stacking Material RỜI LÊN PHƯƠNG TIỆN Transport by THỦ CÔN
Móc sắt,Móc sắt,Material,General,cái,0.0,0.0,0.0,0.0,0,VND,0.0,16.0,3,3,LỢP Roof NGÓI 13 unit / m 2 - Lợp roof ngói 22 v / m 2 - Height,"Dinh muc du toan xay dung cong trinh (TT 12/2021/TT-BXD), Phu luc II",Roofing and roof coverings,LỢP Roof NGÓI 13 unit / m 2 - Lợp roof ngói 22 v / m 2 - Height
Gạch đất nung,Gạch đất nung,Material,General,m2,0.0,0.0,0.0,0.0,0,VND,0.0,1.01,3,3,LỢP Roof NGÓI 13 unit / m 2 - Lợp roof ngói 22 v / m 2 - Height,"Dinh muc du toan xay dung cong trinh (TT 12/2021/TT-BXD), Phu luc II",Roofing and roof coverings,LỢP Roof NGÓI 13 unit / m 2 - Lợp roof ngói 22 v / m 2 - Height
Cổng trục 60 t,Cổng trục 60 t,Equipment,General,ca,0.0,0.0,0.0,0.0,0,VND,0.0,0.0307,3,3,"Concrete Pile, Column, Pile CỪ - Concrete pile, - Pile, column","Dinh muc du toan xay dung cong trinh (TT 12/2021/TT-BXD), Phu luc II","Concrete piles, columns and precast members","Concrete Pile, Column, Pile CỪ - Concrete pile, - Pile, column"
"cột, Vật liệu Thép tròn","cột, Vật liệu Thép tròn",Material,General,kg,0.0,0.0,0.0,0.0,0,VND,0.0,1015.0,3,3,"Concrete Pile, Column, Pile CỪ - Concrete pile, - Pile, column","Dinh muc du toan xay dung cong trinh (TT 12/2021/TT-BXD), Phu luc II","Concrete piles, columns and precast members","Concrete Pile, Column, Pile CỪ - Concrete pile, - Pile, column"
pa Vật liệu Thép tròn,pa Vật liệu Thép tròn,Material,General,kg,0.0,0.0,0.0,0.0,0,VND,0.0,1015.0,3,3,"Concrete Pile, Column, Pile CỪ - Concrete pile, - Pile, column","Dinh muc du toan xay dung cong trinh (TT 12/2021/TT-BXD), Phu luc II","Concrete piles, columns and precast members","Concrete Pile, Column, Pile CỪ - Concrete pile, - Pile, column"
ống Vật liệu buy Thép tròn,ống Vật liệu buy Thép tròn,Material,General,kg,0.0,0.0,0.0,0.0,0,VND,0.0,1015.0,3,3,"Concrete Pile, Column, Pile CỪ - Concrete pile, - Pile, column","Dinh muc du toan xay dung cong trinh (TT 12/2021/TT-BXD), Phu luc II","Concrete piles, columns and precast members","Concrete Pile, Column, Pile CỪ - Concrete pile, - Pile, column"
"Cát vàng m3 0,534 0,525","Cát vàng m3 0,534 0,525",Material,General,"0,515",0.0,0.0,0.0,0.0,0,VND,0.0,0.4983,3,3,Concrete LÓT Foundation - Concrete lót -    ,"Dinh muc du toan xay dung cong trinh (TT 12/2021/TT-BXD), Phu luc II",In situ concrete,Concrete LÓT Foundation - Concrete lót -    
"Đá dăm m3 0,868 0,853","Đá dăm m3 0,868 0,853",Material,General,"0,835",0.0,0.0,0.0,0.0,0,VND,0.0,0.809,3,3,Concrete LÓT Foundation - Concrete lót -    ,"Dinh muc du toan xay dung cong trinh (TT 12/2021/TT-BXD), Phu luc II",In situ concrete,Concrete LÓT Foundation - Concrete lót -    
"lực 7,5 t Cần cẩu 50 t","lực 7,5 t Cần cẩu 50 t",Equipment,General,ca,0.0,0.0,0.0,0.0,0,VND,0.0,2.0133,3,3,"Pile driving TRE by Manual - Pile driving tre by manual, chi","Dinh muc du toan xay dung cong trinh (TT 12/2021/TT-BXD), Phu luc II",Piling and cast-in-place bored piles,"Pile driving TRE by Manual - Pile driving tre by manual, chi"
Cần khoan D 114 mm,Cần khoan D 114 mm,Material,General,m,0.0,0.0,0.0,0.0,0,VND,0.0,0.0237,3,3,"Pile driving TRE by Manual - Pile driving tre by manual, chi","Dinh muc du toan xay dung cong trinh (TT 12/2021/TT-BXD), Phu luc II",Piling and cast-in-place bored piles,"Pile driving TRE by Manual - Pile driving tre by manual, chi"
Máy khoan xoay 300 cv,Máy khoan xoay 300 cv,Equipment,General,ca,0.0,0.0,0.0,0.0,0,VND,0.0,0.0833,3,3,"Pile driving TRE by Manual - Pile driving tre by manual, chi","Dinh muc du toan xay dung cong trinh (TT 12/2021/TT-BXD), Phu luc II",Piling and cast-in-place bored piles,"Pile driving TRE by Manual - Pile driving tre by manual, chi"
Hỗn hợp tro xỉ nhiệt điệt,Hỗn hợp tro xỉ nhiệt điệt,Material,General,m3,0.0,0.0,0.0,0.0,0,VND,0.0,138.3333,3,3,Filling Base Road by HỖN HỢP TRO XỈ NHIỆT Electric by Roller BÁN,"Dinh muc du toan xay dung cong trinh (TT 12/2021/TT-BXD), Phu luc II",Road embankment and base with ash/slag mixes,Filling Base Road by HỖN HỢP TRO XỈ NHIỆT Electric by Roller BÁN
ô Ôtô tự đổ 12 t,ô Ôtô tự đổ 12 t,Equipment,General,ca,0.0,0.0,0.0,0.0,0,VND,0.0,0.015,3,3,Filling Base Road by HỖN HỢP TRO XỈ NHIỆT Electric by Roller BÁN,"Dinh muc du toan xay dung cong trinh (TT 12/2021/TT-BXD), Phu luc II",Road embankment and base with ash/slag mixes,Filling Base Road by HỖN HỢP TRO XỈ NHIỆT Electric by Roller BÁN
Ôtô tự đổ 20 t,Ôtô tự đổ 20 t,Equipment,General,ca,0.0,0.0,0.0,0.0,0,VND,0.0,0.012,3,3,Filling Base Road by HỖN HỢP TRO XỈ NHIỆT Electric by Roller BÁN,"Dinh muc du toan xay dung cong trinh (TT 12/2021/TT-BXD), Phu luc II",Road embankment and base with ash/slag mixes,Filling Base Road by HỖN HỢP TRO XỈ NHIỆT Electric by Roller BÁN
"2,0km Ô tô tự đổ","2,0km Ô tô tự đổ",Equipment,General,ca,0.0,0.0,0.0,0.0,0,VND,0.0,1.7533,3,3,Construction Foundation Graded aggregate Crushed stone - Construction foundation graded aggregate stone dă,"Dinh muc du toan xay dung cong trinh (TT 12/2021/TT-BXD), Phu luc II",Road base and sub-base,Construction Foundation Graded aggregate Crushed stone - Construction foundation
Canô 30 cv,Canô 30 cv,Equipment,General,ca,0.0,0.0,0.0,0.0,0,VND,0.0,0.0173,3,3,Loading Stacking Material RỜI LÊN PHƯƠNG TIỆN Transport by THỦ CÔN,"Dinh muc du toan xay dung cong trinh (TT 12/2021/TT-BXD), Phu luc II","Loading, unloading and transport",Loading Stacking Material RỜI LÊN PHƯƠNG TIỆN Transport by THỦ CÔN
Pông tông,Pông tông,Equipment,General,ca,0.0,0.0,0.0,0.0,0,VND,0.0,0.05,3,3,Loading Stacking Material RỜI LÊN PHƯƠNG TIỆN Transport by THỦ CÔN,"Dinh muc du toan xay dung cong trinh (TT 12/2021/TT-BXD), Phu luc II","Loading, unloading and transport",Loading Stacking Material RỜI LÊN PHƯƠNG TIỆN Transport by THỦ CÔN
Cáp nilon d=20mm,Cáp nilon d=20mm,Material,General,m,0.0,0.0,0.0,0.0,0,VND,0.0,1.022,3,3,Loading Stacking Material RỜI LÊN PHƯƠNG TIỆN Transport by THỦ CÔN,"Dinh muc du toan xay dung cong trinh (TT 12/2021/TT-BXD), Phu luc II","Loading, unloading and transport",Loading Stacking Material RỜI LÊN PHƯƠNG TIỆN Transport by THỦ CÔN
vận Ôtô thùng 12 t,vận Ôtô thùng 12 t,Equipment,General,ca,0.0,0.0,0.0,0.0,0,VND,0.0,0.014,3,3,Loading Stacking Material RỜI LÊN PHƯƠNG TIỆN Transport by THỦ CÔN,"Dinh muc du toan xay dung cong trinh (TT 12/2021/TT-BXD), Phu luc II","Loading, unloading and transport",Loading Stacking Material RỜI LÊN PHƯƠNG TIỆN Transport by THỦ CÔN
bê Búa căn khí nén 3 m3/ph,bê Búa căn khí nén 3 m3/ph,Equipment,General,ca,0.0,0.0,0.0,0.0,0,VND,0.0,0.39,2,2,Works Clearing Forest Forming Ground surface by Manual - Clearing forest lo,"Dinh muc du toan xay dung cong trinh (TT 12/2021/TT-BXD), Phu luc II",Site clearing and preparation,Works Clearing Forest Forming Ground surface by Manual - Clearing forest lo
căn Máy nén khí 360 m3/h,căn Máy nén khí 360 m3/h,Equipment,General,ca,0.0,0.0,0.0,0.0,0,VND,0.0,0.195,2,2,Works Clearing Forest Forming Ground surface by Manual - Clearing forest lo,"Dinh muc du toan xay dung cong trinh (TT 12/2021/TT-BXD), Phu luc II",Site clearing and preparation,Works Clearing Forest Forming Ground surface by Manual - Clearing forest lo
Vải bạt,Vải bạt,Material,General,m2,0.0,0.0,0.0,0.0,0,VND,0.0,0.2,2,2,Loading Stacking Material RỜI LÊN PHƯƠNG TIỆN Transport by THỦ CÔN,"Dinh muc du toan xay dung cong trinh (TT 12/2021/TT-BXD), Phu luc II","Loading, unloading and transport",Loading Stacking Material RỜI LÊN PHƯƠNG TIỆN Transport by THỦ CÔN
phạm Máy thi công cạp Máy cạp 16m3,phạm Máy thi công cạp Máy cạp 16m3,Equipment,General,ca,0.0,0.0,0.0,0.0,0,VND,0.0,0.197,2,2,Excavation BÙN by Manual - Excavation bùn in mọi điều component - Bùn đặ,"Dinh muc du toan xay dung cong trinh (TT 12/2021/TT-BXD), Phu luc II",Earthwork - excavation and filling,Excavation BÙN by Manual - Excavation bùn in mọi điều component - Bùn đặ
"xáng Máy thi công Máy xáng cạp 1,25m3 ca","xáng Máy thi công Máy xáng cạp 1,25m3 ca",Material,General,,0.0,0.0,0.0,0.0,0,VND,0.0,0.2015,2,2,Excavation BÙN by Manual - Excavation bùn in mọi điều component - Bùn đặ,"Dinh muc du toan xay dung cong trinh (TT 12/2021/TT-BXD), Phu luc II",Earthwork - excavation and filling,Excavation BÙN by Manual - Excavation bùn in mọi điều component - Bùn đặ
"(%) 0,65 210 70","(%) 0,65 210 70",Equipment,General,"790,67",0.0,0.0,0.0,0.0,0,VND,0.0,584.5,2,2,Filling Base Road by HỖN HỢP TRO XỈ NHIỆT Electric by Roller BÁN,"Dinh muc du toan xay dung cong trinh (TT 12/2021/TT-BXD), Phu luc II",Road embankment and base with ash/slag mixes,Filling Base Road by HỖN HỢP TRO XỈ NHIỆT Electric by Roller BÁN
Lò nung keo,Lò nung keo,Equipment,General,ca,0.0,0.0,0.0,0.0,0,VND,0.0,0.004,2,2,Construction Foundation Graded aggregate Crushed stone - Construction foundation graded aggregate stone dă,"Dinh muc du toan xay dung cong trinh (TT 12/2021/TT-BXD), Phu luc II",Road base and sub-base,Construction Foundation Graded aggregate Crushed stone - Construction foundation
Viên phản quang,Viên phản quang,Material,General,viên,0.0,0.0,0.0,0.0,0,VND,0.0,1.0,2,2,Construction Foundation Graded aggregate Crushed stone - Construction foundation graded aggregate stone dă,"Dinh muc du toan xay dung cong trinh (TT 12/2021/TT-BXD), Phu luc II",Road base and sub-base,Construction Foundation Graded aggregate Crushed stone - Construction foundation
Ván khuôn 3mm,Ván khuôn 3mm,Material,General,m3,0.0,0.0,0.0,0.0,0,VND,0.0,0.0051,2,2,Construction Foundation Graded aggregate Crushed stone - Construction foundation graded aggregate stone dă,"Dinh muc du toan xay dung cong trinh (TT 12/2021/TT-BXD), Phu luc II",Road base and sub-base,Construction Foundation Graded aggregate Crushed stone - Construction foundation
Xi măng PC30,Xi măng PC30,Material,General,kg,0.0,0.0,0.0,0.0,0,VND,0.0,23.31,2,2,Construction Foundation Graded aggregate Crushed stone - Construction foundation graded aggregate stone dă,"Dinh muc du toan xay dung cong trinh (TT 12/2021/TT-BXD), Phu luc II",Road base and sub-base,Construction Foundation Graded aggregate Crushed stone - Construction foundation
1 2 3 4,1 2 3 4,Material,General,5,0.0,0.0,0.0,0.0,0,VND,0.0,8.0,2,2,Concrete LÓT Foundation - Concrete lót -    ,"Dinh muc du toan xay dung cong trinh (TT 12/2021/TT-BXD), Phu luc II",In situ concrete,Concrete LÓT Foundation - Concrete lót -    
lực Vật liệu Cáp thép,lực Vật liệu Cáp thép,Material,General,kg,0.0,0.0,0.0,0.0,0,VND,0.0,1037.5,2,2,"Concrete Pile, Column, Pile CỪ - Concrete pile, - Pile, column","Dinh muc du toan xay dung cong trinh (TT 12/2021/TT-BXD), Phu luc II","Concrete piles, columns and precast members","Concrete Pile, Column, Pile CỪ - Concrete pile, - Pile, column"
cột Vật liệu Vữa bê tông,cột Vật liệu Vữa bê tông,Material,General,m3,0.0,0.0,0.0,0.0,0,VND,0.0,1.015,2,2,"Concrete Pile, Column, Pile CỪ - Concrete pile, - Pile, column","Dinh muc du toan xay dung cong trinh (TT 12/2021/TT-BXD), Phu luc II","Concrete piles, columns and precast members","Concrete Pile, Column, Pile CỪ - Concrete pile, - Pile, column"
lít 185 185 185 185,lít 185 185 185 185,Material,General,185,0.0,0.0,0.0,0.0,0,VND,0.0,167.5,2,2,Concrete LÓT Foundation - Concrete lót -    ,"Dinh muc du toan xay dung cong trinh (TT 12/2021/TT-BXD), Phu luc II",In situ concrete,Concrete LÓT Foundation - Concrete lót -    
"m3 0,884 0,867 0,851 0,835","m3 0,884 0,867 0,851 0,835",Material,General,"0,819",0.0,0.0,0.0,0.0,0,VND,0.0,0.795,2,2,Concrete LÓT Foundation - Concrete lót -    ,"Dinh muc du toan xay dung cong trinh (TT 12/2021/TT-BXD), Phu luc II",In situ concrete,Concrete LÓT Foundation - Concrete lót -    
"m3 0,537 0,526 0,516 0,507","m3 0,537 0,526 0,516 0,507",Material,General,"0,497",0.0,0.0,0.0,0.0,0,VND,0.0,0.4825,2,2,Concrete LÓT Foundation - Concrete lót -    ,"Dinh muc du toan xay dung cong trinh (TT 12/2021/TT-BXD), Phu luc II",In situ concrete,Concrete LÓT Foundation - Concrete lót -    
kg 220 262 304 345,kg 220 262 304 345,Material,General,389,0.0,0.0,0.0,0.0,0,VND,0.0,504.0,2,2,Concrete LÓT Foundation - Concrete lót -    ,"Dinh muc du toan xay dung cong trinh (TT 12/2021/TT-BXD), Phu luc II",In situ concrete,Concrete LÓT Foundation - Concrete lót -    
"0,5 ÷ 1 cm d max = 10mm (cỡ 0,5x1 cm) vị 150 200 250 300","0,5 ÷ 1 cm d max = 10mm (cỡ 0,5x1 cm) vị 150 200 250 300",Material,General,350,0.0,0.0,0.0,0.0,0,VND,0.0,525.0,2,2,Concrete LÓT Foundation - Concrete lót -    ,"Dinh muc du toan xay dung cong trinh (TT 12/2021/TT-BXD), Phu luc II",In situ concrete,Concrete LÓT Foundation - Concrete lót -    
d max = 40mm hao phí,d max = 40mm hao phí,Material,General,vị,0.0,0.0,0.0,0.0,0,VND,0.0,275.0,2,2,Concrete LÓT Foundation - Concrete lót -    ,"Dinh muc du toan xay dung cong trinh (TT 12/2021/TT-BXD), Phu luc II",In situ concrete,Concrete LÓT Foundation - Concrete lót -    
Tời điện 3 t,Tời điện 3 t,Equipment,General,ca,0.0,0.0,0.0,0.0,0,VND,0.0,0.165,2,2,Concrete LÓT Foundation - Concrete lót -    ,"Dinh muc du toan xay dung cong trinh (TT 12/2021/TT-BXD), Phu luc II",In situ concrete,Concrete LÓT Foundation - Concrete lót -    
Mỡ bôi trơn,Mỡ bôi trơn,Material,General,kg,0.0,0.0,0.0,0.0,0,VND,0.0,0.14,2,2,Concrete LÓT Foundation - Concrete lót -    ,"Dinh muc du toan xay dung cong trinh (TT 12/2021/TT-BXD), Phu luc II",In situ concrete,Concrete LÓT Foundation - Concrete lót -    
Dầu CS46,Dầu CS46,Material,General,kg,0.0,0.0,0.0,0.0,0,VND,0.0,0.15,2,2,Concrete LÓT Foundation - Concrete lót -    ,"Dinh muc du toan xay dung cong trinh (TT 12/2021/TT-BXD), Phu luc II",In situ concrete,Concrete LÓT Foundation - Concrete lót -    
"Máy đóng cọc 1,8 t","Máy đóng cọc 1,8 t",Equipment,General,ca,0.0,0.0,0.0,0.0,0,VND,0.0,1.46,2,2,"Pile driving TRE by Manual - Pile driving tre by manual, chi","Dinh muc du toan xay dung cong trinh (TT 12/2021/TT-BXD), Phu luc II",Piling and cast-in-place bored piles,"Pile driving TRE by Manual - Pile driving tre by manual, chi"
"Máy khoan đứng 4,5 kW ca","Máy khoan đứng 4,5 kW ca",Equipment,General,ca,0.0,0.0,0.0,0.0,0,VND,0.0,0.034,2,2,Concrete LÓT Foundation - Concrete lót -    ,"Dinh muc du toan xay dung cong trinh (TT 12/2021/TT-BXD), Phu luc II",In situ concrete,Concrete LÓT Foundation - Concrete lót -    
Bu lông cái,Bu lông cái,Material,General,,0.0,0.0,0.0,0.0,0,VND,0.0,13.137,2,2,Concrete LÓT Foundation - Concrete lót -    ,"Dinh muc du toan xay dung cong trinh (TT 12/2021/TT-BXD), Phu luc II",In situ concrete,Concrete LÓT Foundation - Concrete lót -    
"Tời điện 3,5 t","Tời điện 3,5 t",Equipment,General,ca,0.0,0.0,0.0,0.0,0,VND,0.0,0.15,2,2,Concrete LÓT Foundation - Concrete lót -    ,"Dinh muc du toan xay dung cong trinh (TT 12/2021/TT-BXD), Phu luc II",In situ concrete,Concrete LÓT Foundation - Concrete lót -    
"Máy khoan đứng 4,5 kW","Máy khoan đứng 4,5 kW",Equipment,General,ca,0.0,0.0,0.0,0.0,0,VND,0.0,0.4,2,2,Concrete LÓT Foundation - Concrete lót -    ,"Dinh muc du toan xay dung cong trinh (TT 12/2021/TT-BXD), Phu luc II",In situ concrete,Concrete LÓT Foundation - Concrete lót -    
Cần trục bánh xích 16 t,Cần trục bánh xích 16 t,Equipment,General,ca,0.0,0.0,0.0,0.0,0,VND,0.0,0.27,2,2,Concrete LÓT Foundation - Concrete lót -    ,"Dinh muc du toan xay dung cong trinh (TT 12/2021/TT-BXD), Phu luc II",In situ concrete,Concrete LÓT Foundation - Concrete lót -    
Thép tròn > Φ18mm,Thép tròn > Φ18mm,Material,General,kg,0.0,0.0,0.0,0.0,0,VND,0.0,128.0,2,2,Concrete LÓT Foundation - Concrete lót -    ,"Dinh muc du toan xay dung cong trinh (TT 12/2021/TT-BXD), Phu luc II",In situ concrete,Concrete LÓT Foundation - Concrete lót -    
Máy nén khí 600 m3/h ca,Máy nén khí 600 m3/h ca,Equipment,General,ca,0.0,0.0,0.0,0.0,0,VND,0.0,0.013,2,2,Concrete LÓT Foundation - Concrete lót -    ,"Dinh muc du toan xay dung cong trinh (TT 12/2021/TT-BXD), Phu luc II",In situ concrete,Concrete LÓT Foundation - Concrete lót -    
60kW Máy búa rung tự hành,60kW Máy búa rung tự hành,Equipment,General,ca,0.0,0.0,0.0,0.0,0,VND,0.0,0.155,2,2,"Pile driving TRE by Manual - Pile driving tre by manual, chi","Dinh muc du toan xay dung cong trinh (TT 12/2021/TT-BXD), Phu luc II",Piling and cast-in-place bored piles,"Pile driving TRE by Manual - Pile driving tre by manual, chi"
90kW Máy nén khí 660 m3/h,90kW Máy nén khí 660 m3/h,Equipment,General,ca,0.0,0.0,0.0,0.0,0,VND,0.0,0.162,2,2,"Pile driving TRE by Manual - Pile driving tre by manual, chi","Dinh muc du toan xay dung cong trinh (TT 12/2021/TT-BXD), Phu luc II",Piling and cast-in-place bored piles,"Pile driving TRE by Manual - Pile driving tre by manual, chi"
Máy búa rung tự hành,Máy búa rung tự hành,Equipment,General,ca,0.0,0.0,0.0,0.0,0,VND,0.0,0.162,2,2,"Pile driving TRE by Manual - Pile driving tre by manual, chi","Dinh muc du toan xay dung cong trinh (TT 12/2021/TT-BXD), Phu luc II",Piling and cast-in-place bored piles,"Pile driving TRE by Manual - Pile driving tre by manual, chi"
Bu lông M16x320,Bu lông M16x320,Material,General,cái,0.0,0.0,0.0,0.0,0,VND,0.0,4.0,2,2,Construction Layer LÓT Foundation in KHUNG VÂY - Construction layer lót món,"Dinh muc du toan xay dung cong trinh (TT 12/2021/TT-BXD), Phu luc II",Foundation blinding and cofferdam base layers,Construction Layer LÓT Foundation in KHUNG VÂY - Construction layer lót món
"Máy cắt gạch đá 1,7 kW","Máy cắt gạch đá 1,7 kW",Equipment,General,ca,0.0,0.0,0.0,0.0,0,VND,0.0,0.1,2,2,Construction Layer LÓT Foundation in KHUNG VÂY - Construction layer lót món,"Dinh muc du toan xay dung cong trinh (TT 12/2021/TT-BXD), Phu luc II",Foundation blinding and cofferdam base layers,Construction Layer LÓT Foundation in KHUNG VÂY - Construction layer lót món
co Vật liệu Lưỡi cắt,co Vật liệu Lưỡi cắt,Material,General,cái,0.0,0.0,0.0,0.0,0,VND,0.0,0.003,2,2,Construction Layer LÓT Foundation in KHUNG VÂY - Construction layer lót món,"Dinh muc du toan xay dung cong trinh (TT 12/2021/TT-BXD), Phu luc II",Foundation blinding and cofferdam base layers,Construction Layer LÓT Foundation in KHUNG VÂY - Construction layer lót món
Tăng đơ Ф14,Tăng đơ Ф14,Material,General,cái,0.0,0.0,0.0,0.0,0,VND,0.0,6.315,2,2,Concrete LÓT Foundation - Concrete lót -    ,"Dinh muc du toan xay dung cong trinh (TT 12/2021/TT-BXD), Phu luc II",In situ concrete,Concrete LÓT Foundation - Concrete lót -    
Bulông M24x85,Bulông M24x85,Material,General,bộ,0.0,0.0,0.0,0.0,0,VND,0.0,24.5,2,2,"Pile driving TRE by Manual - Pile driving tre by manual, chi","Dinh muc du toan xay dung cong trinh (TT 12/2021/TT-BXD), Phu luc II",Piling and cast-in-place bored piles,"Pile driving TRE by Manual - Pile driving tre by manual, chi"
bê Vật liệu Thép tấm,bê Vật liệu Thép tấm,Material,General,kg,0.0,0.0,0.0,0.0,0,VND,0.0,34.805,2,2,"Pile driving TRE by Manual - Pile driving tre by manual, chi","Dinh muc du toan xay dung cong trinh (TT 12/2021/TT-BXD), Phu luc II",Piling and cast-in-place bored piles,"Pile driving TRE by Manual - Pile driving tre by manual, chi"
Phao thép 60 t,Phao thép 60 t,Equipment,General,ca,0.0,0.0,0.0,0.0,0,VND,0.0,6.93,2,2,"Pile driving TRE by Manual - Pile driving tre by manual, chi","Dinh muc du toan xay dung cong trinh (TT 12/2021/TT-BXD), Phu luc II",Piling and cast-in-place bored piles,"Pile driving TRE by Manual - Pile driving tre by manual, chi"
"Tàu đóng cọc búa 4,5 t","Tàu đóng cọc búa 4,5 t",Equipment,General,ca,0.0,0.0,0.0,0.0,0,VND,0.0,2.2735,2,2,"Pile driving TRE by Manual - Pile driving tre by manual, chi","Dinh muc du toan xay dung cong trinh (TT 12/2021/TT-BXD), Phu luc II",Piling and cast-in-place bored piles,"Pile driving TRE by Manual - Pile driving tre by manual, chi"
cọc Vật liệu khác,cọc Vật liệu khác,Material,General,%,0.0,0.0,0.0,0.0,0,VND,0.0,1.5,2,2,"Pile driving TRE by Manual - Pile driving tre by manual, chi","Dinh muc du toan xay dung cong trinh (TT 12/2021/TT-BXD), Phu luc II",Piling and cast-in-place bored piles,"Pile driving TRE by Manual - Pile driving tre by manual, chi"
"t, Vật liệu khác","t, Vật liệu khác",Equipment,General,%,0.0,0.0,0.0,0.0,0,VND,0.0,1.5,2,2,"Pile driving TRE by Manual - Pile driving tre by manual, chi","Dinh muc du toan xay dung cong trinh (TT 12/2021/TT-BXD), Phu luc II",Piling and cast-in-place bored piles,"Pile driving TRE by Manual - Pile driving tre by manual, chi"
cốt Vật liệu Cọc bê tông,cốt Vật liệu Cọc bê tông,Equipment,General,m,0.0,0.0,0.0,0.0,0,VND,0.0,101.0,2,2,"Pile driving TRE by Manual - Pile driving tre by manual, chi","Dinh muc du toan xay dung cong trinh (TT 12/2021/TT-BXD), Phu luc II",Piling and cast-in-place bored piles,"Pile driving TRE by Manual - Pile driving tre by manual, chi"
cốt Vật liệu Cọc bê tông,cốt Vật liệu Cọc bê tông,Material,General,m,0.0,0.0,0.0,0.0,0,VND,0.0,101.0,2,2,"Pile driving TRE by Manual - Pile driving tre by manual, chi","Dinh muc du toan xay dung cong trinh (TT 12/2021/TT-BXD), Phu luc II",Piling and cast-in-place bored piles,"Pile driving TRE by Manual - Pile driving tre by manual, chi"
"cọc, Đinh","cọc, Đinh",Material,General,kg,0.0,0.0,0.0,0.0,0,VND,0.0,12.5,2,2,"Concrete Pile, Column, Pile CỪ - Concrete pile, - Pile, column","Dinh muc du toan xay dung cong trinh (TT 12/2021/TT-BXD), Phu luc II","Concrete piles, columns and precast members","Concrete Pile, Column, Pile CỪ - Concrete pile, - Pile, column"
pa Vật liệu Gỗ ván,pa Vật liệu Gỗ ván,Material,General,m3,0.0,0.0,0.0,0.0,0,VND,0.0,0.083,2,2,"Concrete Pile, Column, Pile CỪ - Concrete pile, - Pile, column","Dinh muc du toan xay dung cong trinh (TT 12/2021/TT-BXD), Phu luc II","Concrete piles, columns and precast members","Concrete Pile, Column, Pile CỪ - Concrete pile, - Pile, column"
Máy sàng lọc 100 m3/h,Máy sàng lọc 100 m3/h,Equipment,General,ca,0.0,0.0,0.0,0.0,0,VND,0.0,0.0525,2,2,"Pile driving TRE by Manual - Pile driving tre by manual, chi","Dinh muc du toan xay dung cong trinh (TT 12/2021/TT-BXD), Phu luc II",Piling and cast-in-place bored piles,"Pile driving TRE by Manual - Pile driving tre by manual, chi"
Nước ngọt,Nước ngọt,Material,General,m3,0.0,0.0,0.0,0.0,0,VND,0.0,0.67,2,2,"Pile driving TRE by Manual - Pile driving tre by manual, chi","Dinh muc du toan xay dung cong trinh (TT 12/2021/TT-BXD), Phu luc II",Piling and cast-in-place bored piles,"Pile driving TRE by Manual - Pile driving tre by manual, chi"
Phụ gia CMC,Phụ gia CMC,Material,General,kg,0.0,0.0,0.0,0.0,0,VND,0.0,1.91,2,2,"Pile driving TRE by Manual - Pile driving tre by manual, chi","Dinh muc du toan xay dung cong trinh (TT 12/2021/TT-BXD), Phu luc II",Piling and cast-in-place bored piles,"Pile driving TRE by Manual - Pile driving tre by manual, chi"
Ben tô nít,Ben tô nít,Material,General,kg,0.0,0.0,0.0,0.0,0,VND,0.0,39.26,2,2,"Pile driving TRE by Manual - Pile driving tre by manual, chi","Dinh muc du toan xay dung cong trinh (TT 12/2021/TT-BXD), Phu luc II",Piling and cast-in-place bored piles,"Pile driving TRE by Manual - Pile driving tre by manual, chi"
Gỗ chống m3,Gỗ chống m3,Material,General,,0.0,0.0,0.0,0.0,0,VND,0.0,0.708,2,2,Concrete LÓT Foundation - Concrete lót -    ,"Dinh muc du toan xay dung cong trinh (TT 12/2021/TT-BXD), Phu luc II",In situ concrete,Concrete LÓT Foundation - Concrete lót -    
Máy nâng thuỷ,Máy nâng thuỷ,Equipment,General,ca,0.0,0.0,0.0,0.0,0,VND,0.0,0.1,2,2,Concrete LÓT Foundation - Concrete lót -    ,"Dinh muc du toan xay dung cong trinh (TT 12/2021/TT-BXD), Phu luc II",In situ concrete,Concrete LÓT Foundation - Concrete lót -    
Khe co giãn,Khe co giãn,Material,General,m,0.0,0.0,0.0,0.0,0,VND,0.0,1.0,2,2,Construction Layer LÓT Foundation in KHUNG VÂY - Construction layer lót món,"Dinh muc du toan xay dung cong trinh (TT 12/2021/TT-BXD), Phu luc II",Foundation blinding and cofferdam base layers,Construction Layer LÓT Foundation in KHUNG VÂY - Construction layer lót món
Gối cầu,Gối cầu,Material,General,bộ,0.0,0.0,0.0,0.0,0,VND,0.0,1.0,2,2,Construction Layer LÓT Foundation in KHUNG VÂY - Construction layer lót món,"Dinh muc du toan xay dung cong trinh (TT 12/2021/TT-BXD), Phu luc II",Foundation blinding and cofferdam base layers,Construction Layer LÓT Foundation in KHUNG VÂY - Construction layer lót món
Vữa chèn khe,Vữa chèn khe,Material,General,m3,0.0,0.0,0.0,0.0,0,VND,0.0,0.036,2,2,Construction Layer LÓT Foundation in KHUNG VÂY - Construction layer lót món,"Dinh muc du toan xay dung cong trinh (TT 12/2021/TT-BXD), Phu luc II",Foundation blinding and cofferdam base layers,Construction Layer LÓT Foundation in KHUNG VÂY - Construction layer lót món
co Vật liệu Lưỡi cắt D350,co Vật liệu Lưỡi cắt D350,Material,General,cái,0.0,0.0,0.0,0.0,0,VND,0.0,0.065,2,2,Construction Layer LÓT Foundation in KHUNG VÂY - Construction layer lót món,"Dinh muc du toan xay dung cong trinh (TT 12/2021/TT-BXD), Phu luc II",Foundation blinding and cofferdam base layers,Construction Layer LÓT Foundation in KHUNG VÂY - Construction layer lót món
Lưỡi cắt D350,Lưỡi cắt D350,Material,General,cái,0.0,0.0,0.0,0.0,0,VND,0.0,0.065,2,2,Construction Layer LÓT Foundation in KHUNG VÂY - Construction layer lót món,"Dinh muc du toan xay dung cong trinh (TT 12/2021/TT-BXD), Phu luc II",Foundation blinding and cofferdam base layers,Construction Layer LÓT Foundation in KHUNG VÂY - Construction layer lót món
Máy rót mastic,Máy rót mastic,Equipment,General,ca,0.0,0.0,0.0,0.0,0,VND,0.0,0.02,2,2,Construction Layer LÓT Foundation in KHUNG VÂY - Construction layer lót món,"Dinh muc du toan xay dung cong trinh (TT 12/2021/TT-BXD), Phu luc II",Foundation blinding and cofferdam base layers,Construction Layer LÓT Foundation in KHUNG VÂY - Construction layer lót món
Chất trám khe,Chất trám khe,Material,General,lít,0.0,0.0,0.0,0.0,0,VND,0.0,2.032,2,2,Construction Layer LÓT Foundation in KHUNG VÂY - Construction layer lót món,"Dinh muc du toan xay dung cong trinh (TT 12/2021/TT-BXD), Phu luc II",Foundation blinding and cofferdam base layers,Construction Layer LÓT Foundation in KHUNG VÂY - Construction layer lót món
"Máy cắt bê tông 7,5 kW","Máy cắt bê tông 7,5 kW",Equipment,General,ca,0.0,0.0,0.0,0.0,0,VND,0.0,0.22,2,2,Construction Layer LÓT Foundation in KHUNG VÂY - Construction layer lót món,"Dinh muc du toan xay dung cong trinh (TT 12/2021/TT-BXD), Phu luc II",Foundation blinding and cofferdam base layers,Construction Layer LÓT Foundation in KHUNG VÂY - Construction layer lót món
Lưới cắt D350,Lưới cắt D350,Material,General,cái,0.0,0.0,0.0,0.0,0,VND,0.0,0.156,2,2,Construction Layer LÓT Foundation in KHUNG VÂY - Construction layer lót món,"Dinh muc du toan xay dung cong trinh (TT 12/2021/TT-BXD), Phu luc II",Foundation blinding and cofferdam base layers,Construction Layer LÓT Foundation in KHUNG VÂY - Construction layer lót món
Máy bơm nước 20 kW,Máy bơm nước 20 kW,Equipment,General,ca,0.0,0.0,0.0,0.0,0,VND,0.0,1.3,2,2,Concrete LÓT Foundation - Concrete lót -    ,"Dinh muc du toan xay dung cong trinh (TT 12/2021/TT-BXD), Phu luc II",In situ concrete,Concrete LÓT Foundation - Concrete lót -    
Thép tròn  > 18 kg,Thép tròn  > 18 kg,Material,General,,0.0,0.0,0.0,0.0,0,VND,0.0,1050.0,2,2,Construction Layer LÓT Foundation in KHUNG VÂY - Construction layer lót món,"Dinh muc du toan xay dung cong trinh (TT 12/2021/TT-BXD), Phu luc II",Foundation blinding and cofferdam base layers,Construction Layer LÓT Foundation in KHUNG VÂY - Construction layer lót món
loại tương tự Máy khác,loại tương tự Máy khác,Equipment,General,%,0.0,0.0,0.0,0.0,0,VND,0.0,2.0,2,2,Construction Layer LÓT Foundation in KHUNG VÂY - Construction layer lót món,"Dinh muc du toan xay dung cong trinh (TT 12/2021/TT-BXD), Phu luc II",Foundation blinding and cofferdam base layers,Construction Layer LÓT Foundation in KHUNG VÂY - Construction layer lót món
Cần khoan,Cần khoan,Material,General,m,0.0,0.0,0.0,0.0,0,VND,0.0,0.015,2,2,Construction Layer LÓT Foundation in KHUNG VÂY - Construction layer lót món,"Dinh muc du toan xay dung cong trinh (TT 12/2021/TT-BXD), Phu luc II",Foundation blinding and cofferdam base layers,Construction Layer LÓT Foundation in KHUNG VÂY - Construction layer lót món
Mũi khoan hợp kim,Mũi khoan hợp kim,Material,General,cái,0.0,0.0,0.0,0.0,0,VND,0.0,0.07,2,2,Construction Layer LÓT Foundation in KHUNG VÂY - Construction layer lót món,"Dinh muc du toan xay dung cong trinh (TT 12/2021/TT-BXD), Phu luc II",Foundation blinding and cofferdam base layers,Construction Layer LÓT Foundation in KHUNG VÂY - Construction layer lót món
Máy khoan YG60,Máy khoan YG60,Equipment,General,ca,0.0,0.0,0.0,0.0,0,VND,0.0,0.123,2,2,Construction Layer LÓT Foundation in KHUNG VÂY - Construction layer lót món,"Dinh muc du toan xay dung cong trinh (TT 12/2021/TT-BXD), Phu luc II",Foundation blinding and cofferdam base layers,Construction Layer LÓT Foundation in KHUNG VÂY - Construction layer lót món
Quả đập khí nén,Quả đập khí nén,Material,General,quả,0.0,0.0,0.0,0.0,0,VND,0.0,0.0155,2,2,Construction Layer LÓT Foundation in KHUNG VÂY - Construction layer lót món,"Dinh muc du toan xay dung cong trinh (TT 12/2021/TT-BXD), Phu luc II",Foundation blinding and cofferdam base layers,Construction Layer LÓT Foundation in KHUNG VÂY - Construction layer lót món
t Máy ép thuỷ lực 130 t,t Máy ép thuỷ lực 130 t,Equipment,General,ca,0.0,0.0,0.0,0.0,0,VND,0.0,1.08,2,2,"Pile driving TRE by Manual - Pile driving tre by manual, chi","Dinh muc du toan xay dung cong trinh (TT 12/2021/TT-BXD), Phu luc II",Piling and cast-in-place bored piles,"Pile driving TRE by Manual - Pile driving tre by manual, chi"
Polymer,Polymer,Material,General,kg,0.0,0.0,0.0,0.0,0,VND,0.0,0.9,2,2,"Pile driving TRE by Manual - Pile driving tre by manual, chi","Dinh muc du toan xay dung cong trinh (TT 12/2021/TT-BXD), Phu luc II",Piling and cast-in-place bored piles,"Pile driving TRE by Manual - Pile driving tre by manual, chi"
lực 135 cv Máy khác,lực 135 cv Máy khác,Equipment,General,%,0.0,0.0,0.0,0.0,0,VND,0.0,2.0,2,2,Concrete LÓT Foundation - Concrete lót -    ,"Dinh muc du toan xay dung cong trinh (TT 12/2021/TT-BXD), Phu luc II",In situ concrete,Concrete LÓT Foundation - Concrete lót -    
ứng Vật liệu sàn Cáp thép,ứng Vật liệu sàn Cáp thép,Material,General,kg,0.0,0.0,0.0,0.0,0,VND,0.0,1025.0,2,2,Concrete LÓT Foundation - Concrete lót -    ,"Dinh muc du toan xay dung cong trinh (TT 12/2021/TT-BXD), Phu luc II",In situ concrete,Concrete LÓT Foundation - Concrete lót -    
Kích 500 t ca,Kích 500 t ca,Equipment,General,ca,0.0,0.0,0.0,0.0,0,VND,0.0,1.675,2,2,Concrete LÓT Foundation - Concrete lót -    ,"Dinh muc du toan xay dung cong trinh (TT 12/2021/TT-BXD), Phu luc II",In situ concrete,Concrete LÓT Foundation - Concrete lót -    
Máy cắt cáp 10 kW ca,Máy cắt cáp 10 kW ca,Equipment,General,ca,0.0,0.0,0.0,0.0,0,VND,0.0,2.885,2,2,Concrete LÓT Foundation - Concrete lót -    ,"Dinh muc du toan xay dung cong trinh (TT 12/2021/TT-BXD), Phu luc II",In situ concrete,Concrete LÓT Foundation - Concrete lót -    
Tời điện 5 t ca,Tời điện 5 t ca,Equipment,General,ca,0.0,0.0,0.0,0.0,0,VND,0.0,0.209,2,2,Concrete LÓT Foundation - Concrete lót -    ,"Dinh muc du toan xay dung cong trinh (TT 12/2021/TT-BXD), Phu luc II",In situ concrete,Concrete LÓT Foundation - Concrete lót -    
Đá cắt viên,Đá cắt viên,Material,General,,0.0,0.0,0.0,0.0,0,VND,0.0,5.755,2,2,Concrete LÓT Foundation - Concrete lót -    ,"Dinh muc du toan xay dung cong trinh (TT 12/2021/TT-BXD), Phu luc II",In situ concrete,Concrete LÓT Foundation - Concrete lót -    
Bu lông M20x500,Bu lông M20x500,Material,General,cái,0.0,0.0,0.0,0.0,0,VND,0.0,10.0,2,2,"Concrete Pile, Column, Pile CỪ - Concrete pile, - Pile, column","Dinh muc du toan xay dung cong trinh (TT 12/2021/TT-BXD), Phu luc II","Concrete piles, columns and precast members","Concrete Pile, Column, Pile CỪ - Concrete pile, - Pile, column"
cột Que hàn,cột Que hàn,Material,General,kg,0.0,0.0,0.0,0.0,0,VND,0.0,1.345,2,2,"Concrete Pile, Column, Pile CỪ - Concrete pile, - Pile, column","Dinh muc du toan xay dung cong trinh (TT 12/2021/TT-BXD), Phu luc II","Concrete piles, columns and precast members","Concrete Pile, Column, Pile CỪ - Concrete pile, - Pile, column"
nen Vật liệu Thép tấm,nen Vật liệu Thép tấm,Material,General,kg,0.0,0.0,0.0,0.0,0,VND,0.0,34.54,2,2,"Concrete Pile, Column, Pile CỪ - Concrete pile, - Pile, column","Dinh muc du toan xay dung cong trinh (TT 12/2021/TT-BXD), Phu luc II","Concrete piles, columns and precast members","Concrete Pile, Column, Pile CỪ - Concrete pile, - Pile, column"
Tàu kéo 250,Tàu kéo 250,Equipment,General,cv,0.0,0.0,0.0,0.0,0,VND,0.0,0.251,2,2,"Concrete Pile, Column, Pile CỪ - Concrete pile, - Pile, column","Dinh muc du toan xay dung cong trinh (TT 12/2021/TT-BXD), Phu luc II","Concrete piles, columns and precast members","Concrete Pile, Column, Pile CỪ - Concrete pile, - Pile, column"
I cầu Vật liệu Gỗ kê,I cầu Vật liệu Gỗ kê,Material,General,m3,0.0,0.0,0.0,0.0,0,VND,0.0,0.026,2,2,"Concrete Pile, Column, Pile CỪ - Concrete pile, - Pile, column","Dinh muc du toan xay dung cong trinh (TT 12/2021/TT-BXD), Phu luc II","Concrete piles, columns and precast members","Concrete Pile, Column, Pile CỪ - Concrete pile, - Pile, column"
Bê tông nhựa độ nhám cao,Bê tông nhựa độ nhám cao,Material,General,tấn,0.0,0.0,0.0,0.0,0,VND,0.0,6.15,2,2,Construction Foundation Graded aggregate Crushed stone - Construction foundation graded aggregate stone dă,"Dinh muc du toan xay dung cong trinh (TT 12/2021/TT-BXD), Phu luc II",Road base and sub-base,Construction Foundation Graded aggregate Crushed stone - Construction foundation
Trạm trộn bê tông,Trạm trộn bê tông,Equipment,General,ca,0.0,0.0,0.0,0.0,0,VND,0.0,0.46,2,2,Concrete LÓT Foundation - Concrete lót -    ,"Dinh muc du toan xay dung cong trinh (TT 12/2021/TT-BXD), Phu luc II",In situ concrete,Concrete LÓT Foundation - Concrete lót -    
Máy bơm bê tông 50m3/h ca,Máy bơm bê tông 50m3/h ca,Equipment,General,ca,0.0,0.0,0.0,0.0,0,VND,0.0,0.023,2,2,Concrete LÓT Foundation - Concrete lót -    ,"Dinh muc du toan xay dung cong trinh (TT 12/2021/TT-BXD), Phu luc II",In situ concrete,Concrete LÓT Foundation - Concrete lót -    
Phụ gia Soda,Phụ gia Soda,Material,General,kg,0.0,0.0,0.0,0.0,0,VND,0.0,1.12,2,2,"Pile driving TRE by Manual - Pile driving tre by manual, chi","Dinh muc du toan xay dung cong trinh (TT 12/2021/TT-BXD), Phu luc II",Piling and cast-in-place bored piles,"Pile driving TRE by Manual - Pile driving tre by manual, chi"
"Máy phát điện 37,5","Máy phát điện 37,5",Equipment,General,ca,0.0,0.0,0.0,0.0,0,VND,0.0,0.44,2,2,Concrete LÓT Foundation - Concrete lót -    ,"Dinh muc du toan xay dung cong trinh (TT 12/2021/TT-BXD), Phu luc II",In situ concrete,Concrete LÓT Foundation - Concrete lót -    
bản Vật liệu Gỗ kê,bản Vật liệu Gỗ kê,Material,General,m3,0.0,0.0,0.0,0.0,0,VND,0.0,0.026,2,2,"Concrete Pile, Column, Pile CỪ - Concrete pile, - Pile, column","Dinh muc du toan xay dung cong trinh (TT 12/2021/TT-BXD), Phu luc II","Concrete piles, columns and precast members","Concrete Pile, Column, Pile CỪ - Concrete pile, - Pile, column"
bón lót Phân bón lá,bón lót Phân bón lá,Material,General,lít,0.0,0.0,0.0,0.0,0,VND,0.0,0.84,2,2,Construction Layer LÓT Foundation in KHUNG VÂY - Construction layer lót món,"Dinh muc du toan xay dung cong trinh (TT 12/2021/TT-BXD), Phu luc II",Foundation blinding and cofferdam base layers,Construction Layer LÓT Foundation in KHUNG VÂY - Construction layer lót món
Bầu cỏ Vetiver,Bầu cỏ Vetiver,Material,General,bầu,0.0,0.0,0.0,0.0,0,VND,0.0,696.0,2,2,Construction Layer LÓT Foundation in KHUNG VÂY - Construction layer lót món,"Dinh muc du toan xay dung cong trinh (TT 12/2021/TT-BXD), Phu luc II",Foundation blinding and cofferdam base layers,Construction Layer LÓT Foundation in KHUNG VÂY - Construction layer lót món
nổ mìn Ôtô tự đổ 7,nổ mìn Ôtô tự đổ 7,Material,General,,0.0,0.0,0.0,0.0,0,VND,0.0,0.679,2,2,Excavation BÙN by Manual - Excavation bùn in mọi điều component - Bùn đặ,"Dinh muc du toan xay dung cong trinh (TT 12/2021/TT-BXD), Phu luc II",Earthwork - excavation and filling,Excavation BÙN by Manual - Excavation bùn in mọi điều component - Bùn đặ
Ôtô tự đổ 5,Ôtô tự đổ 5,Material,General,,0.0,0.0,0.0,0.0,0,VND,0.0,0.7965,2,2,Excavation BÙN by Manual - Excavation bùn in mọi điều component - Bùn đặ,"Dinh muc du toan xay dung cong trinh (TT 12/2021/TT-BXD), Phu luc II",Earthwork - excavation and filling,Excavation BÙN by Manual - Excavation bùn in mọi điều component - Bùn đặ
trong Ống xói 50mm,trong Ống xói 50mm,Material,General,m,0.0,0.0,0.0,0.0,0,VND,0.0,0.005,2,2,Excavation BÙN by Manual - Excavation bùn in mọi điều component - Bùn đặ,"Dinh muc du toan xay dung cong trinh (TT 12/2021/TT-BXD), Phu luc II",Earthwork - excavation and filling,Excavation BÙN by Manual - Excavation bùn in mọi điều component - Bùn đặ
vi Máy thi công 16m3 Máy cạp 16m3,vi Máy thi công 16m3 Máy cạp 16m3,Equipment,General,ca,0.0,0.0,0.0,0.0,0,VND,0.0,0.0785,2,2,Excavation BÙN by Manual - Excavation bùn in mọi điều component - Bùn đặ,"Dinh muc du toan xay dung cong trinh (TT 12/2021/TT-BXD), Phu luc II",Earthwork - excavation and filling,Excavation BÙN by Manual - Excavation bùn in mọi điều component - Bùn đặ
vi Máy thi công 9m3 Máy cạp 9m3,vi Máy thi công 9m3 Máy cạp 9m3,Equipment,General,ca,0.0,0.0,0.0,0.0,0,VND,0.0,0.1535,2,2,Excavation BÙN by Manual - Excavation bùn in mọi điều component - Bùn đặ,"Dinh muc du toan xay dung cong trinh (TT 12/2021/TT-BXD), Phu luc II",Earthwork - excavation and filling,Excavation BÙN by Manual - Excavation bùn in mọi điều component - Bùn đặ
vi Máy thi công cạp Máy cạp 16m3,vi Máy thi công cạp Máy cạp 16m3,Equipment,General,ca,0.0,0.0,0.0,0.0,0,VND,0.0,0.3755,2,2,Excavation BÙN by Manual - Excavation bùn in mọi điều component - Bùn đặ,"Dinh muc du toan xay dung cong trinh (TT 12/2021/TT-BXD), Phu luc II",Earthwork - excavation and filling,Excavation BÙN by Manual - Excavation bùn in mọi điều component - Bùn đặ
phạm cạp Máy thi công Máy cạp 16m3,phạm cạp Máy thi công Máy cạp 16m3,Equipment,General,ca,0.0,0.0,0.0,0.0,0,VND,0.0,0.2995,2,2,Excavation BÙN by Manual - Excavation bùn in mọi điều component - Bùn đặ,"Dinh muc du toan xay dung cong trinh (TT 12/2021/TT-BXD), Phu luc II",Earthwork - excavation and filling,Excavation BÙN by Manual - Excavation bùn in mọi điều component - Bùn đặ
cạp Máy cạp 16m3,cạp Máy cạp 16m3,Equipment,General,ca,0.0,0.0,0.0,0.0,0,VND,0.0,0.249,2,2,Excavation BÙN by Manual - Excavation bùn in mọi điều component - Bùn đặ,"Dinh muc du toan xay dung cong trinh (TT 12/2021/TT-BXD), Phu luc II",Earthwork - excavation and filling,Excavation BÙN by Manual - Excavation bùn in mọi điều component - Bùn đặ
xoắn Vật liệu Vữa bê tông,xoắn Vật liệu Vữa bê tông,Material,General,m3,0.0,0.0,0.0,0.0,0,VND,0.0,1.025,2,2,Concrete LÓT Foundation - Concrete lót -    ,"Dinh muc du toan xay dung cong trinh (TT 12/2021/TT-BXD), Phu luc II",In situ concrete,Concrete LÓT Foundation - Concrete lót -    
"Máy đầm dùi 3,5 kW ca","Máy đầm dùi 3,5 kW ca",Equipment,General,ca,0.0,0.0,0.0,0.0,0,VND,0.0,0.089,2,2,Concrete LÓT Foundation - Concrete lót -    ,"Dinh muc du toan xay dung cong trinh (TT 12/2021/TT-BXD), Phu luc II",In situ concrete,Concrete LÓT Foundation - Concrete lót -    
Bu lông các loại,Bu lông các loại,Material,General,cái,0.0,0.0,0.0,0.0,0,VND,0.0,0.041,2,2,Concrete LÓT Foundation - Concrete lót -    ,"Dinh muc du toan xay dung cong trinh (TT 12/2021/TT-BXD), Phu luc II",In situ concrete,Concrete LÓT Foundation - Concrete lót -    
néo Vật liệu Vữa bê tông m3,néo Vật liệu Vữa bê tông m3,Material,General,,0.0,0.0,0.0,0.0,0,VND,0.0,1.025,2,2,Concrete LÓT Foundation - Concrete lót -    ,"Dinh muc du toan xay dung cong trinh (TT 12/2021/TT-BXD), Phu luc II",In situ concrete,Concrete LÓT Foundation - Concrete lót -    
Máy rải SP500,Máy rải SP500,Equipment,General,ca,0.0,0.0,0.0,0.0,0,VND,0.0,0.0525,2,2,Concrete LÓT Foundation - Concrete lót -    ,"Dinh muc du toan xay dung cong trinh (TT 12/2021/TT-BXD), Phu luc II",In situ concrete,Concrete LÓT Foundation - Concrete lót -    
9m3/h Máy bơm nước 20kW,9m3/h Máy bơm nước 20kW,Equipment,General,ca,0.0,0.0,0.0,0.0,0,VND,0.0,0.063,2,2,Concrete LÓT Foundation - Concrete lót -    ,"Dinh muc du toan xay dung cong trinh (TT 12/2021/TT-BXD), Phu luc II",In situ concrete,Concrete LÓT Foundation - Concrete lót -    
Máy trộn vữa 80l,Máy trộn vữa 80l,Equipment,General,ca,0.0,0.0,0.0,0.0,0,VND,0.0,0.22,2,2,Concrete LÓT Foundation - Concrete lót -    ,"Dinh muc du toan xay dung cong trinh (TT 12/2021/TT-BXD), Phu luc II",In situ concrete,Concrete LÓT Foundation - Concrete lót -    
cầu Vật liệu cần Gỗ kê,cầu Vật liệu cần Gỗ kê,Material,General,m3,0.0,0.0,0.0,0.0,0,VND,0.0,0.026,2,2,"Concrete Pile, Column, Pile CỪ - Concrete pile, - Pile, column","Dinh muc du toan xay dung cong trinh (TT 12/2021/TT-BXD), Phu luc II","Concrete piles, columns and precast members","Concrete Pile, Column, Pile CỪ - Concrete pile, - Pile, column"
đá Dây thép 3mm,đá Dây thép 3mm,Material,General,kg,0.0,0.0,0.0,0.0,0,VND,0.0,35.195,2,2,Construction Layer LÓT Foundation in KHUNG VÂY - Construction layer lót món,"Dinh muc du toan xay dung cong trinh (TT 12/2021/TT-BXD), Phu luc II",Foundation blinding and cofferdam base layers,Construction Layer LÓT Foundation in KHUNG VÂY - Construction layer lót món
Máy nén khí điện 5 m3/h,Máy nén khí điện 5 m3/h,Equipment,General,ca,0.0,0.0,0.0,0.0,0,VND,0.0,0.012,2,2,LỢP Roof NGÓI 13 unit / m 2 - Lợp roof ngói 22 v / m 2 - Height,"Dinh muc du toan xay dung cong trinh (TT 12/2021/TT-BXD), Phu luc II",Roofing and roof coverings,LỢP Roof NGÓI 13 unit / m 2 - Lợp roof ngói 22 v / m 2 - Height
đá tự nhiên Vật liệu khác,đá tự nhiên Vật liệu khác,Material,General,%,0.0,0.0,0.0,0.0,0,VND,0.0,2.0,2,2,LỢP Roof NGÓI 13 unit / m 2 - Lợp roof ngói 22 v / m 2 - Height,"Dinh muc du toan xay dung cong trinh (TT 12/2021/TT-BXD), Phu luc II",Roofing and roof coverings,LỢP Roof NGÓI 13 unit / m 2 - Lợp roof ngói 22 v / m 2 - Height
Đay kg,Đay kg,Material,General,"0,480",0.0,0.0,0.0,0.0,0,VND,0.0,0.795,2,2,LỢP Roof NGÓI 13 unit / m 2 - Lợp roof ngói 22 v / m 2 - Height,"Dinh muc du toan xay dung cong trinh (TT 12/2021/TT-BXD), Phu luc II",Roofing and roof coverings,LỢP Roof NGÓI 13 unit / m 2 - Lợp roof ngói 22 v / m 2 - Height
Giấy dầu m2,Giấy dầu m2,Material,General,"1,070",0.0,0.0,0.0,0.0,0,VND,0.0,1.655,2,2,LỢP Roof NGÓI 13 unit / m 2 - Lợp roof ngói 22 v / m 2 - Height,"Dinh muc du toan xay dung cong trinh (TT 12/2021/TT-BXD), Phu luc II",Roofing and roof coverings,LỢP Roof NGÓI 13 unit / m 2 - Lợp roof ngói 22 v / m 2 - Height
Củi,Củi,Material,General,kg,0.0,0.0,0.0,0.0,0,VND,0.0,3.5,2,2,LỢP Roof NGÓI 13 unit / m 2 - Lợp roof ngói 22 v / m 2 - Height,"Dinh muc du toan xay dung cong trinh (TT 12/2021/TT-BXD), Phu luc II",Roofing and roof coverings,LỢP Roof NGÓI 13 unit / m 2 - Lợp roof ngói 22 v / m 2 - Height
Bao tải,Bao tải,Material,General,m2,0.0,0.0,0.0,0.0,0,VND,0.0,1.8,2,2,LỢP Roof NGÓI 13 unit / m 2 - Lợp roof ngói 22 v / m 2 - Height,"Dinh muc du toan xay dung cong trinh (TT 12/2021/TT-BXD), Phu luc II",Roofing and roof coverings,LỢP Roof NGÓI 13 unit / m 2 - Lợp roof ngói 22 v / m 2 - Height
và Vật liệu Nhựa bi tum,và Vật liệu Nhựa bi tum,Material,General,kg,0.0,0.0,0.0,0.0,0,VND,0.0,3.9375,2,2,LỢP Roof NGÓI 13 unit / m 2 - Lợp roof ngói 22 v / m 2 - Height,"Dinh muc du toan xay dung cong trinh (TT 12/2021/TT-BXD), Phu luc II",Roofing and roof coverings,LỢP Roof NGÓI 13 unit / m 2 - Lợp roof ngói 22 v / m 2 - Height
"Máy đào 0,65m3 ca","Máy đào 0,65m3 ca",Equipment,General,ca,0.0,0.0,0.0,0.0,0,VND,0.0,0.011,2,2,Concrete LÓT Foundation - Concrete lót -    ,"Dinh muc du toan xay dung cong trinh (TT 12/2021/TT-BXD), Phu luc II",In situ concrete,Concrete LÓT Foundation - Concrete lót -    
Máy rải bê tông SP500 ca,Máy rải bê tông SP500 ca,Equipment,General,ca,0.0,0.0,0.0,0.0,0,VND,0.0,0.011,2,2,Concrete LÓT Foundation - Concrete lót -    ,"Dinh muc du toan xay dung cong trinh (TT 12/2021/TT-BXD), Phu luc II",In situ concrete,Concrete LÓT Foundation - Concrete lót -    
Máy bơm vữa 9 m3/h,Máy bơm vữa 9 m3/h,Equipment,General,ca,0.0,0.0,0.0,0.0,0,VND,0.0,0.05,2,2,Concrete LÓT Foundation - Concrete lót -    ,"Dinh muc du toan xay dung cong trinh (TT 12/2021/TT-BXD), Phu luc II",In situ concrete,Concrete LÓT Foundation - Concrete lót -    
Cano 23 cv,Cano 23 cv,Equipment,General,ca,0.0,0.0,0.0,0.0,0,VND,0.0,0.05,2,2,Concrete LÓT Foundation - Concrete lót -    ,"Dinh muc du toan xay dung cong trinh (TT 12/2021/TT-BXD), Phu luc II",In situ concrete,Concrete LÓT Foundation - Concrete lót -    
Đầu dẫn hướng,Đầu dẫn hướng,Material,General,cái,0.0,0.0,0.0,0.0,0,VND,0.0,6.82,2,2,Construction Layer LÓT Foundation in KHUNG VÂY - Construction layer lót món,"Dinh muc du toan xay dung cong trinh (TT 12/2021/TT-BXD), Phu luc II",Foundation blinding and cofferdam base layers,Construction Layer LÓT Foundation in KHUNG VÂY - Construction layer lót món
Vòng đỡ,Vòng đỡ,Material,General,cái,0.0,0.0,0.0,0.0,0,VND,0.0,150.96,2,2,Construction Layer LÓT Foundation in KHUNG VÂY - Construction layer lót món,"Dinh muc du toan xay dung cong trinh (TT 12/2021/TT-BXD), Phu luc II",Foundation blinding and cofferdam base layers,Construction Layer LÓT Foundation in KHUNG VÂY - Construction layer lót món
Neo OVM 15-6,Neo OVM 15-6,Material,General,bộ,0.0,0.0,0.0,0.0,0,VND,0.0,3.175,2,2,Construction Layer LÓT Foundation in KHUNG VÂY - Construction layer lót món,"Dinh muc du toan xay dung cong trinh (TT 12/2021/TT-BXD), Phu luc II",Foundation blinding and cofferdam base layers,Construction Layer LÓT Foundation in KHUNG VÂY - Construction layer lót món
Cần cẩu nổi 30 t,Cần cẩu nổi 30 t,Equipment,General,ca,0.0,0.0,0.0,0.0,0,VND,0.0,0.0535,2,2,Excavation BÙN by Manual - Excavation bùn in mọi điều component - Bùn đặ,"Dinh muc du toan xay dung cong trinh (TT 12/2021/TT-BXD), Phu luc II",Earthwork - excavation and filling,Excavation BÙN by Manual - Excavation bùn in mọi điều component - Bùn đặ
Canô 150 cv,Canô 150 cv,Equipment,General,ca,0.0,0.0,0.0,0.0,0,VND,0.0,0.0255,2,2,Excavation BÙN by Manual - Excavation bùn in mọi điều component - Bùn đặ,"Dinh muc du toan xay dung cong trinh (TT 12/2021/TT-BXD), Phu luc II",Earthwork - excavation and filling,Excavation BÙN by Manual - Excavation bùn in mọi điều component - Bùn đặ
Máy bơm nước 14 kW,Máy bơm nước 14 kW,Equipment,General,ca,0.0,0.0,0.0,0.0,0,VND,0.0,0.0425,2,2,Excavation BÙN by Manual - Excavation bùn in mọi điều component - Bùn đặ,"Dinh muc du toan xay dung cong trinh (TT 12/2021/TT-BXD), Phu luc II",Earthwork - excavation and filling,Excavation BÙN by Manual - Excavation bùn in mọi điều component - Bùn đặ
Máy bơm xói 4MC,Máy bơm xói 4MC,Equipment,General,ca,0.0,0.0,0.0,0.0,0,VND,0.0,0.0425,2,2,Excavation BÙN by Manual - Excavation bùn in mọi điều component - Bùn đặ,"Dinh muc du toan xay dung cong trinh (TT 12/2021/TT-BXD), Phu luc II",Earthwork - excavation and filling,Excavation BÙN by Manual - Excavation bùn in mọi điều component - Bùn đặ
Ống xói 250mm,Ống xói 250mm,Material,General,m,0.0,0.0,0.0,0.0,0,VND,0.0,0.005,2,2,Excavation BÙN by Manual - Excavation bùn in mọi điều component - Bùn đặ,"Dinh muc du toan xay dung cong trinh (TT 12/2021/TT-BXD), Phu luc II",Earthwork - excavation and filling,Excavation BÙN by Manual - Excavation bùn in mọi điều component - Bùn đặ
phòng Ống xói 150mm,phòng Ống xói 150mm,Material,General,m,0.0,0.0,0.0,0.0,0,VND,0.0,0.005,2,2,Excavation BÙN by Manual - Excavation bùn in mọi điều component - Bùn đặ,"Dinh muc du toan xay dung cong trinh (TT 12/2021/TT-BXD), Phu luc II",Earthwork - excavation and filling,Excavation BÙN by Manual - Excavation bùn in mọi điều component - Bùn đặ
Máy ủi,Máy ủi,Equipment,General,ca,0.0,0.0,0.0,0.0,0,VND,0.0,0.888,2,2,Excavation BÙN by Manual - Excavation bùn in mọi điều component - Bùn đặ,"Dinh muc du toan xay dung cong trinh (TT 12/2021/TT-BXD), Phu luc II",Earthwork - excavation and filling,Excavation BÙN by Manual - Excavation bùn in mọi điều component - Bùn đặ
diezel công suất 480 cv,diezel công suất 480 cv,Equipment,General,ca,0.0,0.0,0.0,0.0,0,VND,0.0,0.132,2,2,Excavation BÙN by Manual - Excavation bùn in mọi điều component - Bùn đặ,"Dinh muc du toan xay dung cong trinh (TT 12/2021/TT-BXD), Phu luc II",Earthwork - excavation and filling,Excavation BÙN by Manual - Excavation bùn in mọi điều component - Bùn đặ
diezel công suất 120 cv,diezel công suất 120 cv,Equipment,General,ca,0.0,0.0,0.0,0.0,0,VND,0.0,0.132,2,2,Excavation BÙN by Manual - Excavation bùn in mọi điều component - Bùn đặ,"Dinh muc du toan xay dung cong trinh (TT 12/2021/TT-BXD), Phu luc II",Earthwork - excavation and filling,Excavation BÙN by Manual - Excavation bùn in mọi điều component - Bùn đặ
Bản lề,Bản lề,Material,General,cái,0.0,0.0,0.0,0.0,0,VND,0.0,1.5,2,2,Fabrication Truss Rafter Steel HÌNH KHẨU ĐỘ Large - Fabrication rafter steel kh,"Dinh muc du toan xay dung cong trinh (TT 12/2021/TT-BXD), Phu luc II",Steel truss and structural fabrication,Fabrication Truss Rafter Steel HÌNH KHẨU ĐỘ Large - Fabrication rafter steel kh
Bật sắt 6,Bật sắt 6,Material,General,cái,0.0,0.0,0.0,0.0,0,VND,0.0,3.0,2,2,Truss Rafter Roof NGÓI - Fabrication truss rafter roof ngói,"Dinh muc du toan xay dung cong trinh (TT 12/2021/TT-BXD), Phu luc II",Timber fabrication and erection,Truss Rafter Roof NGÓI - Fabrication truss rafter roof ngói
Đá 5-15mm,Đá 5-15mm,Material,General,m3,0.0,0.0,0.0,0.0,0,VND,0.0,0.466,2,2,Construction Foundation Graded aggregate Crushed stone - Construction foundation graded aggregate stone dă,"Dinh muc du toan xay dung cong trinh (TT 12/2021/TT-BXD), Phu luc II",Road base and sub-base,Construction Foundation Graded aggregate Crushed stone - Construction foundation
Đá 60-80mm,Đá 60-80mm,Material,General,m3,0.0,0.0,0.0,0.0,0,VND,0.0,0.804,2,2,Construction Foundation Graded aggregate Crushed stone - Construction foundation graded aggregate stone dă,"Dinh muc du toan xay dung cong trinh (TT 12/2021/TT-BXD), Phu luc II",Road base and sub-base,Construction Foundation Graded aggregate Crushed stone - Construction foundation
"Đá 0,5÷2","Đá 0,5÷2",Material,General,m3,0.0,0.0,0.0,0.0,0,VND,0.0,3.415,2,2,Construction Foundation Graded aggregate Crushed stone - Construction foundation graded aggregate stone dă,"Dinh muc du toan xay dung cong trinh (TT 12/2021/TT-BXD), Phu luc II",Road base and sub-base,Construction Foundation Graded aggregate Crushed stone - Construction foundation
"đá Máy thi công Máy đào 1,25 m3","đá Máy thi công Máy đào 1,25 m3",Equipment,General,ca,0.0,0.0,0.0,0.0,0,VND,0.0,1.24,2,2,Construction Layer LÓT Foundation in KHUNG VÂY - Construction layer lót món,"Dinh muc du toan xay dung cong trinh (TT 12/2021/TT-BXD), Phu luc II",Foundation blinding and cofferdam base layers,Construction Layer LÓT Foundation in KHUNG VÂY - Construction layer lót món
Que hàn các bon,Que hàn các bon,Material,General,kg,0.0,0.0,0.0,0.0,0,VND,0.0,0.05,2,2,Construction Layer LÓT Foundation in KHUNG VÂY - Construction layer lót món,"Dinh muc du toan xay dung cong trinh (TT 12/2021/TT-BXD), Phu luc II",Foundation blinding and cofferdam base layers,Construction Layer LÓT Foundation in KHUNG VÂY - Construction layer lót món
"Đá 12,5÷19 (mm)","Đá 12,5÷19 (mm)",Material,General,m3,0.0,0.0,0.0,0.0,0,VND,0.0,2.075,2,2,Construction Foundation Graded aggregate Crushed stone - Construction foundation graded aggregate stone dă,"Dinh muc du toan xay dung cong trinh (TT 12/2021/TT-BXD), Phu luc II",Road base and sub-base,Construction Foundation Graded aggregate Crushed stone - Construction foundation
Hắc ín,Hắc ín,Material,General,kg,0.0,0.0,0.0,0.0,0,VND,0.0,1.3,2,2,Truss Rafter Roof NGÓI - Fabrication truss rafter roof ngói,"Dinh muc du toan xay dung cong trinh (TT 12/2021/TT-BXD), Phu luc II",Timber fabrication and erection,Truss Rafter Roof NGÓI - Fabrication truss rafter roof ngói
140 cv Máy ủi 140 cv ca,140 cv Máy ủi 140 cv ca,Equipment,General,ca,0.0,0.0,0.0,0.0,0,VND,0.0,1.24,2,2,Excavation BÙN by Manual - Excavation bùn in mọi điều component - Bùn đặ,"Dinh muc du toan xay dung cong trinh (TT 12/2021/TT-BXD), Phu luc II",Earthwork - excavation and filling,Excavation BÙN by Manual - Excavation bùn in mọi điều component - Bùn đặ
tiếp Ôtô tự đổ,tiếp Ôtô tự đổ,Material,General,,0.0,0.0,0.0,0.0,0,VND,0.0,0.5225,2,2,Excavation BÙN by Manual - Excavation bùn in mọi điều component - Bùn đặ,"Dinh muc du toan xay dung cong trinh (TT 12/2021/TT-BXD), Phu luc II",Earthwork - excavation and filling,Excavation BÙN by Manual - Excavation bùn in mọi điều component - Bùn đặ
Máy khác ca,Máy khác ca,Equipment,General,ca,0.0,0.0,0.0,0.0,0,VND,0.0,3.5,2,2,Concrete LÓT Foundation - Concrete lót -    ,"Dinh muc du toan xay dung cong trinh (TT 12/2021/TT-BXD), Phu luc II",In situ concrete,Concrete LÓT Foundation - Concrete lót -    
Máy nén khí 1200 m3/h ca,Máy nén khí 1200 m3/h ca,Equipment,General,ca,0.0,0.0,0.0,0.0,0,VND,0.0,3.8025,2,2,Concrete LÓT Foundation - Concrete lót -    ,"Dinh muc du toan xay dung cong trinh (TT 12/2021/TT-BXD), Phu luc II",In situ concrete,Concrete LÓT Foundation - Concrete lót -    
Tời điện 2T,Tời điện 2T,Equipment,General,ca,0.0,0.0,0.0,0.0,0,VND,0.0,0.3635,2,2,Concrete LÓT Foundation - Concrete lót -    ,"Dinh muc du toan xay dung cong trinh (TT 12/2021/TT-BXD), Phu luc II",In situ concrete,Concrete LÓT Foundation - Concrete lót -    
"Máy đầm dùi 1,5kW ca","Máy đầm dùi 1,5kW ca",Equipment,General,ca,0.0,0.0,0.0,0.0,0,VND,0.0,0.166,2,2,Concrete LÓT Foundation - Concrete lót -    ,"Dinh muc du toan xay dung cong trinh (TT 12/2021/TT-BXD), Phu luc II",In situ concrete,Concrete LÓT Foundation - Concrete lót -    
Đầu nối nhanh cái,Đầu nối nhanh cái,Material,General,,0.0,0.0,0.0,0.0,0,VND,0.0,3.0,2,2,Construction Layer LÓT Foundation in KHUNG VÂY - Construction layer lót món,"Dinh muc du toan xay dung cong trinh (TT 12/2021/TT-BXD), Phu luc II",Foundation blinding and cofferdam base layers,Construction Layer LÓT Foundation in KHUNG VÂY - Construction layer lót món
Zoăng tam pôn cái,Zoăng tam pôn cái,Material,General,,0.0,0.0,0.0,0.0,0,VND,0.0,20.0,2,2,Construction Layer LÓT Foundation in KHUNG VÂY - Construction layer lót món,"Dinh muc du toan xay dung cong trinh (TT 12/2021/TT-BXD), Phu luc II",Foundation blinding and cofferdam base layers,Construction Layer LÓT Foundation in KHUNG VÂY - Construction layer lót món
Khớp nối nhanh cái,Khớp nối nhanh cái,Material,General,,0.0,0.0,0.0,0.0,0,VND,0.0,4.0,2,2,Construction Layer LÓT Foundation in KHUNG VÂY - Construction layer lót món,"Dinh muc du toan xay dung cong trinh (TT 12/2021/TT-BXD), Phu luc II",Foundation blinding and cofferdam base layers,Construction Layer LÓT Foundation in KHUNG VÂY - Construction layer lót món
Van 3 chiều cái,Van 3 chiều cái,Material,General,,0.0,0.0,0.0,0.0,0,VND,0.0,1.0,2,2,Construction Layer LÓT Foundation in KHUNG VÂY - Construction layer lót món,"Dinh muc du toan xay dung cong trinh (TT 12/2021/TT-BXD), Phu luc II",Foundation blinding and cofferdam base layers,Construction Layer LÓT Foundation in KHUNG VÂY - Construction layer lót món
Đồng hồ áp lực cái,Đồng hồ áp lực cái,Material,General,,0.0,0.0,0.0,0.0,0,VND,0.0,1.0,2,2,Construction Layer LÓT Foundation in KHUNG VÂY - Construction layer lót món,"Dinh muc du toan xay dung cong trinh (TT 12/2021/TT-BXD), Phu luc II",Foundation blinding and cofferdam base layers,Construction Layer LÓT Foundation in KHUNG VÂY - Construction layer lót món
Giấy ráp,Giấy ráp,Material,General,m2,0.0,0.0,0.0,0.0,0,VND,0.0,0.02,2,2,LỢP Roof NGÓI 13 unit / m 2 - Lợp roof ngói 22 v / m 2 - Height,"Dinh muc du toan xay dung cong trinh (TT 12/2021/TT-BXD), Phu luc II",Roofing and roof coverings,LỢP Roof NGÓI 13 unit / m 2 - Lợp roof ngói 22 v / m 2 - Height
Bột bả,Bột bả,Material,General,kg,0.0,0.0,0.0,0.0,0,VND,0.0,0.658,2,2,LỢP Roof NGÓI 13 unit / m 2 - Lợp roof ngói 22 v / m 2 - Height,"Dinh muc du toan xay dung cong trinh (TT 12/2021/TT-BXD), Phu luc II",Roofing and roof coverings,LỢP Roof NGÓI 13 unit / m 2 - Lợp roof ngói 22 v / m 2 - Height
Phèn chua,Phèn chua,Material,General,kg,0.0,0.0,0.0,0.0,0,VND,0.0,0.006,2,2,LỢP Roof NGÓI 13 unit / m 2 - Lợp roof ngói 22 v / m 2 - Height,"Dinh muc du toan xay dung cong trinh (TT 12/2021/TT-BXD), Phu luc II",Roofing and roof coverings,LỢP Roof NGÓI 13 unit / m 2 - Lợp roof ngói 22 v / m 2 - Height
Vôi,Vôi,Material,General,kg,0.0,0.0,0.0,0.0,0,VND,0.0,0.308,2,2,LỢP Roof NGÓI 13 unit / m 2 - Lợp roof ngói 22 v / m 2 - Height,"Dinh muc du toan xay dung cong trinh (TT 12/2021/TT-BXD), Phu luc II",Roofing and roof coverings,LỢP Roof NGÓI 13 unit / m 2 - Lợp roof ngói 22 v / m 2 - Height
"Máy mài 2,7 kw","Máy mài 2,7 kw",Equipment,General,ca,0.0,0.0,0.0,0.0,0,VND,0.0,1.615,2,2,Fabrication Truss Rafter Steel HÌNH KHẨU ĐỘ Large - Fabrication rafter steel kh,"Dinh muc du toan xay dung cong trinh (TT 12/2021/TT-BXD), Phu luc II",Steel truss and structural fabrication,Fabrication Truss Rafter Steel HÌNH KHẨU ĐỘ Large - Fabrication rafter steel kh
"Máy cắt đột 2,8 kW ca","Máy cắt đột 2,8 kW ca",Equipment,General,ca,0.0,0.0,0.0,0.0,0,VND,0.0,0.38,2,2,Fabrication Truss Rafter Steel HÌNH KHẨU ĐỘ Large - Fabrication rafter steel kh,"Dinh muc du toan xay dung cong trinh (TT 12/2021/TT-BXD), Phu luc II",Steel truss and structural fabrication,Fabrication Truss Rafter Steel HÌNH KHẨU ĐỘ Large - Fabrication rafter steel kh
má Thép hình,má Thép hình,Material,General,kg,0.0,0.0,0.0,0.0,0,VND,0.0,348.77,2,2,Fabrication Truss Rafter Steel HÌNH KHẨU ĐỘ Large - Fabrication rafter steel kh,"Dinh muc du toan xay dung cong trinh (TT 12/2021/TT-BXD), Phu luc II",Steel truss and structural fabrication,Fabrication Truss Rafter Steel HÌNH KHẨU ĐỘ Large - Fabrication rafter steel kh
hệ Vật liệu khác,hệ Vật liệu khác,Material,General,%,0.0,0.0,0.0,0.0,0,VND,0.0,0.5,2,2,Fabrication Truss Rafter Steel HÌNH KHẨU ĐỘ Large - Fabrication rafter steel kh,"Dinh muc du toan xay dung cong trinh (TT 12/2021/TT-BXD), Phu luc II",Steel truss and structural fabrication,Fabrication Truss Rafter Steel HÌNH KHẨU ĐỘ Large - Fabrication rafter steel kh
hệ Vật liệu Thép hình,hệ Vật liệu Thép hình,Material,General,kg,0.0,0.0,0.0,0.0,0,VND,0.0,717.43,2,2,Fabrication Truss Rafter Steel HÌNH KHẨU ĐỘ Large - Fabrication rafter steel kh,"Dinh muc du toan xay dung cong trinh (TT 12/2021/TT-BXD), Phu luc II",Steel truss and structural fabrication,Fabrication Truss Rafter Steel HÌNH KHẨU ĐỘ Large - Fabrication rafter steel kh
khung Vật liệu sàn Thép hình,khung Vật liệu sàn Thép hình,Material,General,kg,0.0,0.0,0.0,0.0,0,VND,0.0,676.335,2,2,Fabrication Truss Rafter Steel HÌNH KHẨU ĐỘ Large - Fabrication rafter steel kh,"Dinh muc du toan xay dung cong trinh (TT 12/2021/TT-BXD), Phu luc II",Steel truss and structural fabrication,Fabrication Truss Rafter Steel HÌNH KHẨU ĐỘ Large - Fabrication rafter steel kh
Thép các loại kg,Thép các loại kg,Material,General,,0.0,0.0,0.0,0.0,0,VND,0.0,1010.0,2,2,Fabrication Truss Rafter Steel HÌNH KHẨU ĐỘ Large - Fabrication rafter steel kh,"Dinh muc du toan xay dung cong trinh (TT 12/2021/TT-BXD), Phu luc II",Steel truss and structural fabrication,Fabrication Truss Rafter Steel HÌNH KHẨU ĐỘ Large - Fabrication rafter steel kh
Khí ga,Khí ga,Material,General,kg,0.0,0.0,0.0,0.0,0,VND,0.0,3.3,2,2,Fabrication Truss Rafter Steel HÌNH KHẨU ĐỘ Large - Fabrication rafter steel kh,"Dinh muc du toan xay dung cong trinh (TT 12/2021/TT-BXD), Phu luc II",Steel truss and structural fabrication,Fabrication Truss Rafter Steel HÌNH KHẨU ĐỘ Large - Fabrication rafter steel kh
cấu thép Vật liệu sàn Ô xy,cấu thép Vật liệu sàn Ô xy,Material,General,chai,0.0,0.0,0.0,0.0,0,VND,0.0,1.65,2,2,Fabrication Truss Rafter Steel HÌNH KHẨU ĐỘ Large - Fabrication rafter steel kh,"Dinh muc du toan xay dung cong trinh (TT 12/2021/TT-BXD), Phu luc II",Steel truss and structural fabrication,Fabrication Truss Rafter Steel HÌNH KHẨU ĐỘ Large - Fabrication rafter steel kh
sàn Bu lông,sàn Bu lông,Material,General,cái,0.0,0.0,0.0,0.0,0,VND,0.0,12.0,2,2,Fabrication Truss Rafter Steel HÌNH KHẨU ĐỘ Large - Fabrication rafter steel kh,"Dinh muc du toan xay dung cong trinh (TT 12/2021/TT-BXD), Phu luc II",Steel truss and structural fabrication,Fabrication Truss Rafter Steel HÌNH KHẨU ĐỘ Large - Fabrication rafter steel kh
kết Vật liệu Đinh các loại,kết Vật liệu Đinh các loại,Material,General,kg,0.0,0.0,0.0,0.0,0,VND,0.0,2.524,2,2,Fabrication Truss Rafter Steel HÌNH KHẨU ĐỘ Large - Fabrication rafter steel kh,"Dinh muc du toan xay dung cong trinh (TT 12/2021/TT-BXD), Phu luc II",Steel truss and structural fabrication,Fabrication Truss Rafter Steel HÌNH KHẨU ĐỘ Large - Fabrication rafter steel kh
Cổng trục 30 t,Cổng trục 30 t,Equipment,General,ca,0.0,0.0,0.0,0.0,0,VND,0.0,0.32,2,2,Fabrication Truss Rafter Steel HÌNH KHẨU ĐỘ Large - Fabrication rafter steel kh,"Dinh muc du toan xay dung cong trinh (TT 12/2021/TT-BXD), Phu luc II",Steel truss and structural fabrication,Fabrication Truss Rafter Steel HÌNH KHẨU ĐỘ Large - Fabrication rafter steel kh
Ca nô 30 cv,Ca nô 30 cv,Equipment,General,ca,0.0,0.0,0.0,0.0,0,VND,0.0,0.0385,2,2,Excavation BÙN by Manual - Excavation bùn in mọi điều component - Bùn đặ,"Dinh muc du toan xay dung cong trinh (TT 12/2021/TT-BXD), Phu luc II",Earthwork - excavation and filling,Excavation BÙN by Manual - Excavation bùn in mọi điều component - Bùn đặ
585cv Tàu hút 600 cv,585cv Tàu hút 600 cv,Equipment,General,ca,0.0,0.0,0.0,0.0,0,VND,0.0,0.15,2,2,Excavation BÙN by Manual - Excavation bùn in mọi điều component - Bùn đặ,"Dinh muc du toan xay dung cong trinh (TT 12/2021/TT-BXD), Phu luc II",Earthwork - excavation and filling,Excavation BÙN by Manual - Excavation bùn in mọi điều component - Bùn đặ
Quang lật 360 t/h,Quang lật 360 t/h,Equipment,General,ca,0.0,0.0,0.0,0.0,0,VND,0.0,4.944,2,2,Excavation BÙN by Manual - Excavation bùn in mọi điều component - Bùn đặ,"Dinh muc du toan xay dung cong trinh (TT 12/2021/TT-BXD), Phu luc II",Earthwork - excavation and filling,Excavation BÙN by Manual - Excavation bùn in mọi điều component - Bùn đặ
Xe goòng 3 t,Xe goòng 3 t,Equipment,General,ca,0.0,0.0,0.0,0.0,0,VND,0.0,38.848,2,2,Excavation BÙN by Manual - Excavation bùn in mọi điều component - Bùn đặ,"Dinh muc du toan xay dung cong trinh (TT 12/2021/TT-BXD), Phu luc II",Earthwork - excavation and filling,Excavation BÙN by Manual - Excavation bùn in mọi điều component - Bùn đặ
Đầu kéo 30 t,Đầu kéo 30 t,Equipment,General,ca,0.0,0.0,0.0,0.0,0,VND,0.0,6.4745,2,2,Excavation BÙN by Manual - Excavation bùn in mọi điều component - Bùn đặ,"Dinh muc du toan xay dung cong trinh (TT 12/2021/TT-BXD), Phu luc II",Earthwork - excavation and filling,Excavation BÙN by Manual - Excavation bùn in mọi điều component - Bùn đặ
Vữa xi măng cát mịn - cát có mô,Vữa xi măng cát mịn - cát có mô,Material,General,đun,0.0,0.0,0.0,0.0,0,VND,0.0,1.7,2,1,Masonry Foundation - Masonry foundation - Dimension   ,"Dinh muc du toan xay dung cong trinh (TT 12/2021/TT-BXD), Phu luc II",Masonry (brick and stone),Masonry Foundation - Masonry foundation - Dimension   
khô trộn sẵn (trát),khô trộn sẵn (trát),Material,General,kg,0.0,0.0,0.0,0.0,0,VND,0.0,825.0,2,2,Masonry Foundation - Masonry foundation - Dimension   ,"Dinh muc du toan xay dung cong trinh (TT 12/2021/TT-BXD), Phu luc II",Masonry (brick and stone),Masonry Foundation - Masonry foundation - Dimension   
khô trộn sẵn (xây),khô trộn sẵn (xây),Material,General,kg,0.0,0.0,0.0,0.0,0,VND,0.0,823.0,2,2,Masonry Foundation - Masonry foundation - Dimension   ,"Dinh muc du toan xay dung cong trinh (TT 12/2021/TT-BXD), Phu luc II",Masonry (brick and stone),Masonry Foundation - Masonry foundation - Dimension   
"Máy cào bóc tái sinh PM550s, ca","Máy cào bóc tái sinh PM550s, ca",Equipment,General,ca,0.0,0.0,0.0,0.0,0,VND,0.0,0.096,2,2,Construction Foundation Graded aggregate Crushed stone - Construction foundation graded aggregate stone dă,"Dinh muc du toan xay dung cong trinh (TT 12/2021/TT-BXD), Phu luc II",Road base and sub-base,Construction Foundation Graded aggregate Crushed stone - Construction foundation
dỡ Vật liệu Thép hình,dỡ Vật liệu Thép hình,Material,General,kg,0.0,0.0,0.0,0.0,0,VND,0.0,21.0,2,2,Construction Layer LÓT Foundation in KHUNG VÂY - Construction layer lót món,"Dinh muc du toan xay dung cong trinh (TT 12/2021/TT-BXD), Phu luc II",Foundation blinding and cofferdam base layers,Construction Layer LÓT Foundation in KHUNG VÂY - Construction layer lót món
hành 105 mm Máy nén khí 660 m3/h,hành 105 mm Máy nén khí 660 m3/h,Equipment,General,ca,0.0,0.0,0.0,0.0,0,VND,0.0,0.4,2,2,Construction Layer LÓT Foundation in KHUNG VÂY - Construction layer lót món,"Dinh muc du toan xay dung cong trinh (TT 12/2021/TT-BXD), Phu luc II",Foundation blinding and cofferdam base layers,Construction Layer LÓT Foundation in KHUNG VÂY - Construction layer lót món
Máy khoan xoay đập tự,Máy khoan xoay đập tự,Equipment,General,ca,0.0,0.0,0.0,0.0,0,VND,0.0,0.4,2,2,Construction Layer LÓT Foundation in KHUNG VÂY - Construction layer lót món,"Dinh muc du toan xay dung cong trinh (TT 12/2021/TT-BXD), Phu luc II",Foundation blinding and cofferdam base layers,Construction Layer LÓT Foundation in KHUNG VÂY - Construction layer lót món
Mũi khoan,Mũi khoan,Material,General,cái,0.0,0.0,0.0,0.0,0,VND,0.0,0.0575,2,2,Construction Layer LÓT Foundation in KHUNG VÂY - Construction layer lót món,"Dinh muc du toan xay dung cong trinh (TT 12/2021/TT-BXD), Phu luc II",Foundation blinding and cofferdam base layers,Construction Layer LÓT Foundation in KHUNG VÂY - Construction layer lót món
"tra, xử Vật liệu Cần khoan L=1,5m","tra, xử Vật liệu Cần khoan L=1,5m",Material,General,cái,0.0,0.0,0.0,0.0,0,VND,0.0,0.025,2,2,Construction Layer LÓT Foundation in KHUNG VÂY - Construction layer lót món,"Dinh muc du toan xay dung cong trinh (TT 12/2021/TT-BXD), Phu luc II",Foundation blinding and cofferdam base layers,Construction Layer LÓT Foundation in KHUNG VÂY - Construction layer lót món
Máy nén khí 540 m3/h,Máy nén khí 540 m3/h,Equipment,General,ca,0.0,0.0,0.0,0.0,0,VND,0.0,0.046,2,2,Construction Layer LÓT Foundation in KHUNG VÂY - Construction layer lót món,"Dinh muc du toan xay dung cong trinh (TT 12/2021/TT-BXD), Phu luc II",Foundation blinding and cofferdam base layers,Construction Layer LÓT Foundation in KHUNG VÂY - Construction layer lót món
Máy ủi 140 cv ca,Máy ủi 140 cv ca,Equipment,General,ca,0.0,0.0,0.0,0.0,0,VND,0.0,0.02,2,2,Concrete LÓT Foundation - Concrete lót -    ,"Dinh muc du toan xay dung cong trinh (TT 12/2021/TT-BXD), Phu luc II",In situ concrete,Concrete LÓT Foundation - Concrete lót -    
Thép tròn kg,Thép tròn kg,Material,General,,0.0,0.0,0.0,0.0,0,VND,0.0,65.5,2,2,Concrete LÓT Foundation - Concrete lót -    ,"Dinh muc du toan xay dung cong trinh (TT 12/2021/TT-BXD), Phu luc II",In situ concrete,Concrete LÓT Foundation - Concrete lót -    
Máy khác %,Máy khác %,Material,General,,0.0,0.0,0.0,0.0,0,VND,0.0,1.5,2,2,Concrete LÓT Foundation - Concrete lót -    ,"Dinh muc du toan xay dung cong trinh (TT 12/2021/TT-BXD), Phu luc II",In situ concrete,Concrete LÓT Foundation - Concrete lót -    
3 t Tời ma nơ 13 kW,3 t Tời ma nơ 13 kW,Equipment,General,ca,0.0,0.0,0.0,0.0,0,VND,0.0,4.944,2,2,Excavation BÙN by Manual - Excavation bùn in mọi điều component - Bùn đặ,"Dinh muc du toan xay dung cong trinh (TT 12/2021/TT-BXD), Phu luc II",Earthwork - excavation and filling,Excavation BÙN by Manual - Excavation bùn in mọi điều component - Bùn đặ
"bằng Máy thi công lật Máy xúc lật 0,9 m3","bằng Máy thi công lật Máy xúc lật 0,9 m3",Equipment,General,ca,0.0,0.0,0.0,0.0,0,VND,0.0,4.944,2,2,Excavation BÙN by Manual - Excavation bùn in mọi điều component - Bùn đặ,"Dinh muc du toan xay dung cong trinh (TT 12/2021/TT-BXD), Phu luc II",Earthwork - excavation and filling,Excavation BÙN by Manual - Excavation bùn in mọi điều component - Bùn đặ
"Thép mạ kẽm C75 dày 0,52mm","Thép mạ kẽm C75 dày 0,52mm",Material,General,m,0.0,0.0,0.0,0.0,0,VND,0.0,2.12,2,2,LỢP Roof NGÓI 13 unit / m 2 - Lợp roof ngói 22 v / m 2 - Height,"Dinh muc du toan xay dung cong trinh (TT 12/2021/TT-BXD), Phu luc II",Roofing and roof coverings,LỢP Roof NGÓI 13 unit / m 2 - Lợp roof ngói 22 v / m 2 - Height
"Thép mạ kẽm U76 dày 0,52mm","Thép mạ kẽm U76 dày 0,52mm",Material,General,m,0.0,0.0,0.0,0.0,0,VND,0.0,0.68,2,2,LỢP Roof NGÓI 13 unit / m 2 - Lợp roof ngói 22 v / m 2 - Height,"Dinh muc du toan xay dung cong trinh (TT 12/2021/TT-BXD), Phu luc II",Roofing and roof coverings,LỢP Roof NGÓI 13 unit / m 2 - Lợp roof ngói 22 v / m 2 - Height
Đệm cao su đúc,Đệm cao su đúc,Material,General,cái,0.0,0.0,0.0,0.0,0,VND,0.0,4.0,2,2,Fabrication Truss Rafter Steel HÌNH KHẨU ĐỘ Large - Fabrication rafter steel kh,"Dinh muc du toan xay dung cong trinh (TT 12/2021/TT-BXD), Phu luc II",Steel truss and structural fabrication,Fabrication Truss Rafter Steel HÌNH KHẨU ĐỘ Large - Fabrication rafter steel kh
Cần cẩu 5 t,Cần cẩu 5 t,Equipment,General,ca,0.0,0.0,0.0,0.0,0,VND,0.0,0.24,2,2,Fabrication Truss Rafter Steel HÌNH KHẨU ĐỘ Large - Fabrication rafter steel kh,"Dinh muc du toan xay dung cong trinh (TT 12/2021/TT-BXD), Phu luc II",Steel truss and structural fabrication,Fabrication Truss Rafter Steel HÌNH KHẨU ĐỘ Large - Fabrication rafter steel kh
Bulông đầu T d=30,Bulông đầu T d=30,Material,General,kg,0.0,0.0,0.0,0.0,0,VND,0.0,0.0155,2,2,Fabrication Truss Rafter Steel HÌNH KHẨU ĐỘ Large - Fabrication rafter steel kh,"Dinh muc du toan xay dung cong trinh (TT 12/2021/TT-BXD), Phu luc II",Steel truss and structural fabrication,Fabrication Truss Rafter Steel HÌNH KHẨU ĐỘ Large - Fabrication rafter steel kh
Vật liệu phụ Thép hình,Vật liệu phụ Thép hình,Material,General,kg,0.0,0.0,0.0,0.0,0,VND,0.0,0.0175,2,2,Fabrication Truss Rafter Steel HÌNH KHẨU ĐỘ Large - Fabrication rafter steel kh,"Dinh muc du toan xay dung cong trinh (TT 12/2021/TT-BXD), Phu luc II",Steel truss and structural fabrication,Fabrication Truss Rafter Steel HÌNH KHẨU ĐỘ Large - Fabrication rafter steel kh
Gioăng cao su,Gioăng cao su,Material,General,kg,0.0,0.0,0.0,0.0,0,VND,0.0,1.095,2,2,Fabrication Truss Rafter Steel HÌNH KHẨU ĐỘ Large - Fabrication rafter steel kh,"Dinh muc du toan xay dung cong trinh (TT 12/2021/TT-BXD), Phu luc II",Steel truss and structural fabrication,Fabrication Truss Rafter Steel HÌNH KHẨU ĐỘ Large - Fabrication rafter steel kh
Palăng xích 5 t,Palăng xích 5 t,Equipment,General,ca,0.0,0.0,0.0,0.0,0,VND,0.0,0.96,2,2,Fabrication Truss Rafter Steel HÌNH KHẨU ĐỘ Large - Fabrication rafter steel kh,"Dinh muc du toan xay dung cong trinh (TT 12/2021/TT-BXD), Phu luc II",Steel truss and structural fabrication,Fabrication Truss Rafter Steel HÌNH KHẨU ĐỘ Large - Fabrication rafter steel kh
Máy thi công: Máy hàn 23 kW,Máy thi công: Máy hàn 23 kW,Equipment,General,ca,0.0,0.0,0.0,0.0,0,VND,0.0,2.565,2,2,Fabrication Truss Rafter Steel HÌNH KHẨU ĐỘ Large - Fabrication rafter steel kh,"Dinh muc du toan xay dung cong trinh (TT 12/2021/TT-BXD), Phu luc II",Steel truss and structural fabrication,Fabrication Truss Rafter Steel HÌNH KHẨU ĐỘ Large - Fabrication rafter steel kh
Cần cẩu 25 t,Cần cẩu 25 t,Material,General,,0.0,0.0,0.0,0.0,0,VND,0.0,0.27,2,2,Fabrication Truss Rafter Steel HÌNH KHẨU ĐỘ Large - Fabrication rafter steel kh,"Dinh muc du toan xay dung cong trinh (TT 12/2021/TT-BXD), Phu luc II",Steel truss and structural fabrication,Fabrication Truss Rafter Steel HÌNH KHẨU ĐỘ Large - Fabrication rafter steel kh
Máy thi công: Cần cẩu 16 t,Máy thi công: Cần cẩu 16 t,Equipment,General,ca,0.0,0.0,0.0,0.0,0,VND,0.0,0.225,2,2,Fabrication Truss Rafter Steel HÌNH KHẨU ĐỘ Large - Fabrication rafter steel kh,"Dinh muc du toan xay dung cong trinh (TT 12/2021/TT-BXD), Phu luc II",Steel truss and structural fabrication,Fabrication Truss Rafter Steel HÌNH KHẨU ĐỘ Large - Fabrication rafter steel kh
khít Đinh các loại,khít Đinh các loại,Material,General,kg,0.0,0.0,0.0,0.0,0,VND,0.0,0.15,2,2,LỢP Roof NGÓI 13 unit / m 2 - Lợp roof ngói 22 v / m 2 - Height,"Dinh muc du toan xay dung cong trinh (TT 12/2021/TT-BXD), Phu luc II",Roofing and roof coverings,LỢP Roof NGÓI 13 unit / m 2 - Lợp roof ngói 22 v / m 2 - Height
Tiren + Ecu 6,Tiren + Ecu 6,Material,General,bộ,0.0,0.0,0.0,0.0,0,VND,0.0,1.12,2,2,LỢP Roof NGÓI 13 unit / m 2 - Lợp roof ngói 22 v / m 2 - Height,"Dinh muc du toan xay dung cong trinh (TT 12/2021/TT-BXD), Phu luc II",Roofing and roof coverings,LỢP Roof NGÓI 13 unit / m 2 - Lợp roof ngói 22 v / m 2 - Height
Tấm thạch cao 9mm,Tấm thạch cao 9mm,Material,General,m2,0.0,0.0,0.0,0.0,0,VND,0.0,1.05,2,2,LỢP Roof NGÓI 13 unit / m 2 - Lợp roof ngói 22 v / m 2 - Height,"Dinh muc du toan xay dung cong trinh (TT 12/2021/TT-BXD), Phu luc II",Roofing and roof coverings,LỢP Roof NGÓI 13 unit / m 2 - Lợp roof ngói 22 v / m 2 - Height
Thép mạ kẽm V20x22,Thép mạ kẽm V20x22,Material,General,m,0.0,0.0,0.0,0.0,0,VND,0.0,0.4005,2,2,LỢP Roof NGÓI 13 unit / m 2 - Lợp roof ngói 22 v / m 2 - Height,"Dinh muc du toan xay dung cong trinh (TT 12/2021/TT-BXD), Phu luc II",Roofing and roof coverings,LỢP Roof NGÓI 13 unit / m 2 - Lợp roof ngói 22 v / m 2 - Height
Thép mạ kẽm C14,Thép mạ kẽm C14,Material,General,m,0.0,0.0,0.0,0.0,0,VND,0.0,2.4455,2,2,LỢP Roof NGÓI 13 unit / m 2 - Lợp roof ngói 22 v / m 2 - Height,"Dinh muc du toan xay dung cong trinh (TT 12/2021/TT-BXD), Phu luc II",Roofing and roof coverings,LỢP Roof NGÓI 13 unit / m 2 - Lợp roof ngói 22 v / m 2 - Height
Thép mạ kẽm U25,Thép mạ kẽm U25,Material,General,m,0.0,0.0,0.0,0.0,0,VND,0.0,1.1335,2,2,LỢP Roof NGÓI 13 unit / m 2 - Lợp roof ngói 22 v / m 2 - Height,"Dinh muc du toan xay dung cong trinh (TT 12/2021/TT-BXD), Phu luc II",Roofing and roof coverings,LỢP Roof NGÓI 13 unit / m 2 - Lợp roof ngói 22 v / m 2 - Height
Gỗ dán (ván ép),Gỗ dán (ván ép),Material,General,m2,0.0,0.0,0.0,0.0,0,VND,0.0,1.1,2,2,LỢP Roof NGÓI 13 unit / m 2 - Lợp roof ngói 22 v / m 2 - Height,"Dinh muc du toan xay dung cong trinh (TT 12/2021/TT-BXD), Phu luc II",Roofing and roof coverings,LỢP Roof NGÓI 13 unit / m 2 - Lợp roof ngói 22 v / m 2 - Height
Đinh các loại kg,Đinh các loại kg,Material,General,,0.0,0.0,0.0,0.0,0,VND,0.0,0.175,2,2,LỢP Roof NGÓI 13 unit / m 2 - Lợp roof ngói 22 v / m 2 - Height,"Dinh muc du toan xay dung cong trinh (TT 12/2021/TT-BXD), Phu luc II",Roofing and roof coverings,LỢP Roof NGÓI 13 unit / m 2 - Lợp roof ngói 22 v / m 2 - Height
Gỗ xẻ m3,Gỗ xẻ m3,Material,General,,0.0,0.0,0.0,0.0,0,VND,0.0,0.02,2,2,LỢP Roof NGÓI 13 unit / m 2 - Lợp roof ngói 22 v / m 2 - Height,"Dinh muc du toan xay dung cong trinh (TT 12/2021/TT-BXD), Phu luc II",Roofing and roof coverings,LỢP Roof NGÓI 13 unit / m 2 - Lợp roof ngói 22 v / m 2 - Height
Tôn múi,Tôn múi,Material,General,m2,0.0,0.0,0.0,0.0,0,VND,0.0,126.0,2,2,LỢP Roof NGÓI 13 unit / m 2 - Lợp roof ngói 22 v / m 2 - Height,"Dinh muc du toan xay dung cong trinh (TT 12/2021/TT-BXD), Phu luc II",Roofing and roof coverings,LỢP Roof NGÓI 13 unit / m 2 - Lợp roof ngói 22 v / m 2 - Height
Gạch thông gió,Gạch thông gió,Material,General,viên,0.0,0.0,0.0,0.0,0,VND,0.0,18.5,2,2,Masonry Foundation - Masonry foundation - Dimension   ,"Dinh muc du toan xay dung cong trinh (TT 12/2021/TT-BXD), Phu luc II",Masonry (brick and stone),Masonry Foundation - Masonry foundation - Dimension   
"Máy mài 1,7 kW ca","Máy mài 1,7 kW ca",Equipment,General,ca,0.0,0.0,0.0,0.0,0,VND,0.0,0.1,2,2,Construction Layer LÓT Foundation in KHUNG VÂY - Construction layer lót món,"Dinh muc du toan xay dung cong trinh (TT 12/2021/TT-BXD), Phu luc II",Foundation blinding and cofferdam base layers,Construction Layer LÓT Foundation in KHUNG VÂY - Construction layer lót món
Cọc neo thép D10mm kg,Cọc neo thép D10mm kg,Material,General,,0.0,0.0,0.0,0.0,0,VND,0.0,30.5,2,2,Construction Layer LÓT Foundation in KHUNG VÂY - Construction layer lót món,"Dinh muc du toan xay dung cong trinh (TT 12/2021/TT-BXD), Phu luc II",Foundation blinding and cofferdam base layers,Construction Layer LÓT Foundation in KHUNG VÂY - Construction layer lót món
Đầu neo nhựa cái,Đầu neo nhựa cái,Material,General,,0.0,0.0,0.0,0.0,0,VND,0.0,100.0,2,2,Construction Layer LÓT Foundation in KHUNG VÂY - Construction layer lót món,"Dinh muc du toan xay dung cong trinh (TT 12/2021/TT-BXD), Phu luc II",Foundation blinding and cofferdam base layers,Construction Layer LÓT Foundation in KHUNG VÂY - Construction layer lót món
bằng Vật liệu mái Tấm Neoweb m2,bằng Vật liệu mái Tấm Neoweb m2,Material,General,,0.0,0.0,0.0,0.0,0,VND,0.0,103.0,2,2,Construction Layer LÓT Foundation in KHUNG VÂY - Construction layer lót món,"Dinh muc du toan xay dung cong trinh (TT 12/2021/TT-BXD), Phu luc II",Foundation blinding and cofferdam base layers,Construction Layer LÓT Foundation in KHUNG VÂY - Construction layer lót món
Vữa m3,Vữa m3,Material,General,,0.0,0.0,0.0,0.0,0,VND,0.0,0.7765,2,2,Concrete LÓT Foundation - Concrete lót -    ,"Dinh muc du toan xay dung cong trinh (TT 12/2021/TT-BXD), Phu luc II",In situ concrete,Concrete LÓT Foundation - Concrete lót -    
Gỗ làm khe co dãn,Gỗ làm khe co dãn,Material,General,m3,0.0,0.0,0.0,0.0,0,VND,0.0,0.0145,2,2,Concrete LÓT Foundation - Concrete lót -    ,"Dinh muc du toan xay dung cong trinh (TT 12/2021/TT-BXD), Phu luc II",In situ concrete,Concrete LÓT Foundation - Concrete lót -    
giằng nhà Vật liệu Vữa bê tông,giằng nhà Vật liệu Vữa bê tông,Material,General,m3,0.0,0.0,0.0,0.0,0,VND,0.0,1.025,2,2,Concrete LÓT Foundation - Concrete lót -    ,"Dinh muc du toan xay dung cong trinh (TT 12/2021/TT-BXD), Phu luc II",In situ concrete,Concrete LÓT Foundation - Concrete lót -    
móng Vật liệu Vữa bê tông,móng Vật liệu Vữa bê tông,Material,General,m3,0.0,0.0,0.0,0.0,0,VND,0.0,1.025,2,2,Concrete LÓT Foundation - Concrete lót -    ,"Dinh muc du toan xay dung cong trinh (TT 12/2021/TT-BXD), Phu luc II",In situ concrete,Concrete LÓT Foundation - Concrete lót -    
Xích treo đệm d=20,Xích treo đệm d=20,Material,General,kg,0.0,0.0,0.0,0.0,0,VND,0.0,0.006,2,2,Fabrication Truss Rafter Steel HÌNH KHẨU ĐỘ Large - Fabrication rafter steel kh,"Dinh muc du toan xay dung cong trinh (TT 12/2021/TT-BXD), Phu luc II",Steel truss and structural fabrication,Fabrication Truss Rafter Steel HÌNH KHẨU ĐỘ Large - Fabrication rafter steel kh
Ma ní,Ma ní,Material,General,cái,0.0,0.0,0.0,0.0,0,VND,0.0,1.0,2,2,Fabrication Truss Rafter Steel HÌNH KHẨU ĐỘ Large - Fabrication rafter steel kh,"Dinh muc du toan xay dung cong trinh (TT 12/2021/TT-BXD), Phu luc II",Steel truss and structural fabrication,Fabrication Truss Rafter Steel HÌNH KHẨU ĐỘ Large - Fabrication rafter steel kh
"hè, Vật liệu Tấm bê tông","hè, Vật liệu Tấm bê tông",Material,General,m,0.0,0.0,0.0,0.0,0,VND,0.0,1.025,2,2,LỢP Roof NGÓI 13 unit / m 2 - Lợp roof ngói 22 v / m 2 - Height,"Dinh muc du toan xay dung cong trinh (TT 12/2021/TT-BXD), Phu luc II",Roofing and roof coverings,LỢP Roof NGÓI 13 unit / m 2 - Lợp roof ngói 22 v / m 2 - Height
Gạch xi măng tự chèn,Gạch xi măng tự chèn,Material,General,m2,0.0,0.0,0.0,0.0,0,VND,0.0,1.01,2,2,LỢP Roof NGÓI 13 unit / m 2 - Lợp roof ngói 22 v / m 2 - Height,"Dinh muc du toan xay dung cong trinh (TT 12/2021/TT-BXD), Phu luc II",Roofing and roof coverings,LỢP Roof NGÓI 13 unit / m 2 - Lợp roof ngói 22 v / m 2 - Height
Gạch vỉ,Gạch vỉ,Material,General,m2,0.0,0.0,0.0,0.0,0,VND,0.0,1.005,2,2,LỢP Roof NGÓI 13 unit / m 2 - Lợp roof ngói 22 v / m 2 - Height,"Dinh muc du toan xay dung cong trinh (TT 12/2021/TT-BXD), Phu luc II",Roofing and roof coverings,LỢP Roof NGÓI 13 unit / m 2 - Lợp roof ngói 22 v / m 2 - Height
"Gạch chỉ, gạch thẻ","Gạch chỉ, gạch thẻ",Material,General,viên,0.0,0.0,0.0,0.0,0,VND,0.0,42.0,2,2,LỢP Roof NGÓI 13 unit / m 2 - Lợp roof ngói 22 v / m 2 - Height,"Dinh muc du toan xay dung cong trinh (TT 12/2021/TT-BXD), Phu luc II",Roofing and roof coverings,LỢP Roof NGÓI 13 unit / m 2 - Lợp roof ngói 22 v / m 2 - Height
Nẹp gỗ 10x20,Nẹp gỗ 10x20,Material,General,m,0.0,0.0,0.0,0.0,0,VND,0.0,0.5,2,2,LỢP Roof NGÓI 13 unit / m 2 - Lợp roof ngói 22 v / m 2 - Height,"Dinh muc du toan xay dung cong trinh (TT 12/2021/TT-BXD), Phu luc II",Roofing and roof coverings,LỢP Roof NGÓI 13 unit / m 2 - Lợp roof ngói 22 v / m 2 - Height
Sỏi hạt lớn,Sỏi hạt lớn,Material,General,kg,0.0,0.0,0.0,0.0,0,VND,0.0,35.0,2,2,LỢP Roof NGÓI 13 unit / m 2 - Lợp roof ngói 22 v / m 2 - Height,"Dinh muc du toan xay dung cong trinh (TT 12/2021/TT-BXD), Phu luc II",Roofing and roof coverings,LỢP Roof NGÓI 13 unit / m 2 - Lợp roof ngói 22 v / m 2 - Height
Đá trắng,Đá trắng,Material,General,kg,0.0,0.0,0.0,0.0,0,VND,0.0,14.28,2,2,LỢP Roof NGÓI 13 unit / m 2 - Lợp roof ngói 22 v / m 2 - Height,"Dinh muc du toan xay dung cong trinh (TT 12/2021/TT-BXD), Phu luc II",Roofing and roof coverings,LỢP Roof NGÓI 13 unit / m 2 - Lợp roof ngói 22 v / m 2 - Height
thép các loại,thép các loại,Material,General,tấn,0.0,0.0,0.0,0.0,0,VND,0.0,0.045,2,2,Loading Stacking Material RỜI LÊN PHƯƠNG TIỆN Transport by THỦ CÔN,"Dinh muc du toan xay dung cong trinh (TT 12/2021/TT-BXD), Phu luc II","Loading, unloading and transport",Loading Stacking Material RỜI LÊN PHƯƠNG TIỆN Transport by THỦ CÔN
cây chống,cây chống,Material,General,100cây,0.0,0.0,0.0,0.0,0,VND,0.0,0.035,2,2,Loading Stacking Material RỜI LÊN PHƯƠNG TIỆN Transport by THỦ CÔN,"Dinh muc du toan xay dung cong trinh (TT 12/2021/TT-BXD), Phu luc II","Loading, unloading and transport",Loading Stacking Material RỜI LÊN PHƯƠNG TIỆN Transport by THỦ CÔN
"gỗ, cừ tràm","gỗ, cừ tràm",Material,General,100cây,0.0,0.0,0.0,0.0,0,VND,0.0,0.03,2,2,Loading Stacking Material RỜI LÊN PHƯƠNG TIỆN Transport by THỦ CÔN,"Dinh muc du toan xay dung cong trinh (TT 12/2021/TT-BXD), Phu luc II","Loading, unloading and transport",Loading Stacking Material RỜI LÊN PHƯƠNG TIỆN Transport by THỦ CÔN
măng bao,măng bao,Material,General,tấn,0.0,0.0,0.0,0.0,0,VND,0.0,0.0415,2,2,Loading Stacking Material RỜI LÊN PHƯƠNG TIỆN Transport by THỦ CÔN,"Dinh muc du toan xay dung cong trinh (TT 12/2021/TT-BXD), Phu luc II","Loading, unloading and transport",Loading Stacking Material RỜI LÊN PHƯƠNG TIỆN Transport by THỦ CÔN
hộc,hộc,Material,General,m³,0.0,0.0,0.0,0.0,0,VND,0.0,0.049,2,2,Loading Stacking Material RỜI LÊN PHƯƠNG TIỆN Transport by THỦ CÔN,"Dinh muc du toan xay dung cong trinh (TT 12/2021/TT-BXD), Phu luc II","Loading, unloading and transport",Loading Stacking Material RỜI LÊN PHƯƠNG TIỆN Transport by THỦ CÔN
Xi măng PC40 kg,Xi măng PC40 kg,Material,General,,0.0,0.0,0.0,0.0,0,VND,0.0,824.56,2,2,Construction Foundation Graded aggregate Crushed stone - Construction foundation graded aggregate stone dă,"Dinh muc du toan xay dung cong trinh (TT 12/2021/TT-BXD), Phu luc II",Road base and sub-base,Construction Foundation Graded aggregate Crushed stone - Construction foundation
Palăng xích 3 t,Palăng xích 3 t,Equipment,General,ca,0.0,0.0,0.0,0.0,0,VND,0.0,0.9,2,2,Masonry Foundation - Masonry foundation - Dimension   ,"Dinh muc du toan xay dung cong trinh (TT 12/2021/TT-BXD), Phu luc II",Masonry (brick and stone),Masonry Foundation - Masonry foundation - Dimension   
"dốc từ > 250 đến ≤ 300, k=2,00.","dốc từ > 250 đến ≤ 300, k=2,00.",Material,General,Độ,0.0,0.0,0.0,0.0,0,VND,0.0,325.0,2,2,Loading Stacking Material RỜI LÊN PHƯƠNG TIỆN Transport by THỦ CÔN,"Dinh muc du toan xay dung cong trinh (TT 12/2021/TT-BXD), Phu luc II","Loading, unloading and transport",Loading Stacking Material RỜI LÊN PHƯƠNG TIỆN Transport by THỦ CÔN
"dốc từ > 150 đến ≤ 200, k=1,35.","dốc từ > 150 đến ≤ 200, k=1,35.",Material,General,Độ,0.0,0.0,0.0,0.0,0,VND,0.0,225.0,2,2,Loading Stacking Material RỜI LÊN PHƯƠNG TIỆN Transport by THỦ CÔN,"Dinh muc du toan xay dung cong trinh (TT 12/2021/TT-BXD), Phu luc II","Loading, unloading and transport",Loading Stacking Material RỜI LÊN PHƯƠNG TIỆN Transport by THỦ CÔN
công suất > 450HP Máy rải xi măng SW16TC (16m3) ca,công suất > 450HP Máy rải xi măng SW16TC (16m3) ca,Equipment,General,ca,0.0,0.0,0.0,0.0,0,VND,0.0,0.096,2,2,Construction Foundation Graded aggregate Crushed stone - Construction foundation graded aggregate stone dă,"Dinh muc du toan xay dung cong trinh (TT 12/2021/TT-BXD), Phu luc II",Road base and sub-base,Construction Foundation Graded aggregate Crushed stone - Construction foundation
Máy lu rung chân cừu 12 t ca,Máy lu rung chân cừu 12 t ca,Equipment,General,ca,0.0,0.0,0.0,0.0,0,VND,0.0,0.106,2,2,Construction Foundation Graded aggregate Crushed stone - Construction foundation graded aggregate stone dă,"Dinh muc du toan xay dung cong trinh (TT 12/2021/TT-BXD), Phu luc II",Road base and sub-base,Construction Foundation Graded aggregate Crushed stone - Construction foundation
Máy lu rung 12 t ca,Máy lu rung 12 t ca,Equipment,General,ca,0.0,0.0,0.0,0.0,0,VND,0.0,0.114,2,2,Construction Foundation Graded aggregate Crushed stone - Construction foundation graded aggregate stone dă,"Dinh muc du toan xay dung cong trinh (TT 12/2021/TT-BXD), Phu luc II",Road base and sub-base,Construction Foundation Graded aggregate Crushed stone - Construction foundation
Silicon chít mạch,Silicon chít mạch,Material,General,kg,0.0,0.0,0.0,0.0,0,VND,0.0,0.305,2,2,LỢP Roof NGÓI 13 unit / m 2 - Lợp roof ngói 22 v / m 2 - Height,"Dinh muc du toan xay dung cong trinh (TT 12/2021/TT-BXD), Phu luc II",Roofing and roof coverings,LỢP Roof NGÓI 13 unit / m 2 - Lợp roof ngói 22 v / m 2 - Height
Máy khoan ROBBIN,Máy khoan ROBBIN,Equipment,General,ca,0.0,0.0,0.0,0.0,0,VND,0.0,45.0955,2,2,Excavation BÙN by Manual - Excavation bùn in mọi điều component - Bùn đặ,"Dinh muc du toan xay dung cong trinh (TT 12/2021/TT-BXD), Phu luc II",Earthwork - excavation and filling,Excavation BÙN by Manual - Excavation bùn in mọi điều component - Bùn đặ
Lưỡi doa ROBBIN,Lưỡi doa ROBBIN,Material,General,bộ,0.0,0.0,0.0,0.0,0,VND,0.0,0.198,2,2,Excavation BÙN by Manual - Excavation bùn in mọi điều component - Bùn đặ,"Dinh muc du toan xay dung cong trinh (TT 12/2021/TT-BXD), Phu luc II",Earthwork - excavation and filling,Excavation BÙN by Manual - Excavation bùn in mọi điều component - Bùn đặ
Cần khoan ROBBIN,Cần khoan ROBBIN,Material,General,cái,0.0,0.0,0.0,0.0,0,VND,0.0,1.2,2,2,Excavation BÙN by Manual - Excavation bùn in mọi điều component - Bùn đặ,"Dinh muc du toan xay dung cong trinh (TT 12/2021/TT-BXD), Phu luc II",Earthwork - excavation and filling,Excavation BÙN by Manual - Excavation bùn in mọi điều component - Bùn đặ
Mũi khoan ROBBIN,Mũi khoan ROBBIN,Material,General,cái,0.0,0.0,0.0,0.0,0,VND,0.0,0.396,2,2,Excavation BÙN by Manual - Excavation bùn in mọi điều component - Bùn đặ,"Dinh muc du toan xay dung cong trinh (TT 12/2021/TT-BXD), Phu luc II",Earthwork - excavation and filling,Excavation BÙN by Manual - Excavation bùn in mọi điều component - Bùn đặ
"m3, Máy xúc lật 1,65 m3","m3, Máy xúc lật 1,65 m3",Equipment,General,ca,0.0,0.0,0.0,0.0,0,VND,0.0,1.136,2,2,Excavation BÙN by Manual - Excavation bùn in mọi điều component - Bùn đặ,"Dinh muc du toan xay dung cong trinh (TT 12/2021/TT-BXD), Phu luc II",Earthwork - excavation and filling,Excavation BÙN by Manual - Excavation bùn in mọi điều component - Bùn đặ
Máy cào vơ 3 m3/ph,Máy cào vơ 3 m3/ph,Equipment,General,ca,0.0,0.0,0.0,0.0,0,VND,0.0,0.746,2,2,Excavation BÙN by Manual - Excavation bùn in mọi điều component - Bùn đặ,"Dinh muc du toan xay dung cong trinh (TT 12/2021/TT-BXD), Phu luc II",Earthwork - excavation and filling,Excavation BÙN by Manual - Excavation bùn in mọi điều component - Bùn đặ
"gắn Máy thi công Máy đào 1,25 m3 gắn","gắn Máy thi công Máy đào 1,25 m3 gắn",Equipment,General,ca,0.0,0.0,0.0,0.0,0,VND,0.0,0.015,2,2,Works Clearing Forest Forming Ground surface by Manual - Clearing forest lo,"Dinh muc du toan xay dung cong trinh (TT 12/2021/TT-BXD), Phu luc II",Site clearing and preparation,Works Clearing Forest Forming Ground surface by Manual - Clearing forest lo
than xỉ các loại,than xỉ các loại,Material,General,tấn,0.0,0.0,0.0,0.0,0,VND,0.0,0.1,1,1,Loading Stacking Material RỜI LÊN PHƯƠNG TIỆN Transport by THỦ CÔN,"Dinh muc du toan xay dung cong trinh (TT 12/2021/TT-BXD), Phu luc II","Loading, unloading and transport",Loading Stacking Material RỜI LÊN PHƯƠNG TIỆN Transport by THỦ CÔN
m3,m3,Material,General,,0.0,0.0,0.0,0.0,0,VND,0.0,135.0,1,1,Filling Base Road by HỖN HỢP TRO XỈ NHIỆT Electric by Roller BÁN,"Dinh muc du toan xay dung cong trinh (TT 12/2021/TT-BXD), Phu luc II",Road embankment and base with ash/slag mixes,Filling Base Road by HỖN HỢP TRO XỈ NHIỆT Electric by Roller BÁN
Máy đầm đất cầm tay 70 kg ca,Máy đầm đất cầm tay 70 kg ca,Equipment,General,ca,0.0,0.0,0.0,0.0,0,VND,0.0,4.068,1,1,Filling Base Road by HỖN HỢP TRO XỈ NHIỆT Electric by Roller BÁN,"Dinh muc du toan xay dung cong trinh (TT 12/2021/TT-BXD), Phu luc II",Road embankment and base with ash/slag mixes,Filling Base Road by HỖN HỢP TRO XỈ NHIỆT Electric by Roller BÁN
thấm Vật liệu Màng HDPE m2,thấm Vật liệu Màng HDPE m2,Material,General,,0.0,0.0,0.0,0.0,0,VND,0.0,110.0,1,1,Filling Base Road by HỖN HỢP TRO XỈ NHIỆT Electric by Roller BÁN,"Dinh muc du toan xay dung cong trinh (TT 12/2021/TT-BXD), Phu luc II",Road embankment and base with ash/slag mixes,Filling Base Road by HỖN HỢP TRO XỈ NHIỆT Electric by Roller BÁN
Thép tròn ɸ6mm,Thép tròn ɸ6mm,Material,General,kg,0.0,0.0,0.0,0.0,0,VND,0.0,1.746,1,1,Construction Foundation Graded aggregate Crushed stone - Construction foundation graded aggregate stone dă,"Dinh muc du toan xay dung cong trinh (TT 12/2021/TT-BXD), Phu luc II",Road base and sub-base,Construction Foundation Graded aggregate Crushed stone - Construction foundation
Keo Megapoxy,Keo Megapoxy,Material,General,kg,0.0,0.0,0.0,0.0,0,VND,0.0,0.1,1,1,Construction Foundation Graded aggregate Crushed stone - Construction foundation graded aggregate stone dă,"Dinh muc du toan xay dung cong trinh (TT 12/2021/TT-BXD), Phu luc II",Road base and sub-base,Construction Foundation Graded aggregate Crushed stone - Construction foundation
"Máy xúc lật 3,2 m3","Máy xúc lật 3,2 m3",Equipment,General,ca,0.0,0.0,0.0,0.0,0,VND,0.0,0.21,1,1,Construction Foundation Graded aggregate Crushed stone - Construction foundation graded aggregate stone dă,"Dinh muc du toan xay dung cong trinh (TT 12/2021/TT-BXD), Phu luc II",Road base and sub-base,Construction Foundation Graded aggregate Crushed stone - Construction foundation
"Máy xúc lật 2,3 m3","Máy xúc lật 2,3 m3",Equipment,General,ca,0.0,0.0,0.0,0.0,0,VND,0.0,0.274,1,1,Construction Foundation Graded aggregate Crushed stone - Construction foundation graded aggregate stone dă,"Dinh muc du toan xay dung cong trinh (TT 12/2021/TT-BXD), Phu luc II",Road base and sub-base,Construction Foundation Graded aggregate Crushed stone - Construction foundation
"Máy xúc lật 1,6 m3","Máy xúc lật 1,6 m3",Equipment,General,ca,0.0,0.0,0.0,0.0,0,VND,0.0,0.347,1,1,Construction Foundation Graded aggregate Crushed stone - Construction foundation graded aggregate stone dă,"Dinh muc du toan xay dung cong trinh (TT 12/2021/TT-BXD), Phu luc II",Road base and sub-base,Construction Foundation Graded aggregate Crushed stone - Construction foundation
"Máy xúc lật 0,65 m3","Máy xúc lật 0,65 m3",Equipment,General,ca,0.0,0.0,0.0,0.0,0,VND,0.0,0.72,1,1,Construction Foundation Graded aggregate Crushed stone - Construction foundation graded aggregate stone dă,"Dinh muc du toan xay dung cong trinh (TT 12/2021/TT-BXD), Phu luc II",Road base and sub-base,Construction Foundation Graded aggregate Crushed stone - Construction foundation
Máy lu bánh hơi 16 t ca,Máy lu bánh hơi 16 t ca,Equipment,General,ca,0.0,0.0,0.0,0.0,0,VND,0.0,0.105,1,1,Construction Foundation Graded aggregate Crushed stone - Construction foundation graded aggregate stone dă,"Dinh muc du toan xay dung cong trinh (TT 12/2021/TT-BXD), Phu luc II",Road base and sub-base,Construction Foundation Graded aggregate Crushed stone - Construction foundation
Ô tô cấp nhũ tương 5m3 ca,Ô tô cấp nhũ tương 5m3 ca,Equipment,General,ca,0.0,0.0,0.0,0.0,0,VND,0.0,0.096,1,1,Construction Foundation Graded aggregate Crushed stone - Construction foundation graded aggregate stone dă,"Dinh muc du toan xay dung cong trinh (TT 12/2021/TT-BXD), Phu luc II",Road base and sub-base,Construction Foundation Graded aggregate Crushed stone - Construction foundation
Nhũ tương nhựa đường kg,Nhũ tương nhựa đường kg,Material,General,,0.0,0.0,0.0,0.0,0,VND,0.0,1813.0,1,1,Construction Foundation Graded aggregate Crushed stone - Construction foundation graded aggregate stone dă,"Dinh muc du toan xay dung cong trinh (TT 12/2021/TT-BXD), Phu luc II",Road base and sub-base,Construction Foundation Graded aggregate Crushed stone - Construction foundation
Máy lu bánh hơi tự hành 16 t ca,Máy lu bánh hơi tự hành 16 t ca,Equipment,General,ca,0.0,0.0,0.0,0.0,0,VND,0.0,0.105,1,1,Construction Foundation Graded aggregate Crushed stone - Construction foundation graded aggregate stone dă,"Dinh muc du toan xay dung cong trinh (TT 12/2021/TT-BXD), Phu luc II",Road base and sub-base,Construction Foundation Graded aggregate Crushed stone - Construction foundation
Ô tô tưới nước 10 m3 ca,Ô tô tưới nước 10 m3 ca,Equipment,General,ca,0.0,0.0,0.0,0.0,0,VND,0.0,0.096,1,1,Construction Foundation Graded aggregate Crushed stone - Construction foundation graded aggregate stone dă,"Dinh muc du toan xay dung cong trinh (TT 12/2021/TT-BXD), Phu luc II",Road base and sub-base,Construction Foundation Graded aggregate Crushed stone - Construction foundation
vận chuyển được xây dựng trong,vận chuyển được xây dựng trong,Material,General,điều,0.0,0.0,0.0,0.0,0,VND,0.0,70.0,1,1,Loading Stacking Material RỜI LÊN PHƯƠNG TIỆN Transport by THỦ CÔN,"Dinh muc du toan xay dung cong trinh (TT 12/2021/TT-BXD), Phu luc II","Loading, unloading and transport",Loading Stacking Material RỜI LÊN PHƯƠNG TIỆN Transport by THỦ CÔN
Cần trục ôtô 5t,Cần trục ôtô 5t,Equipment,General,ca,0.0,0.0,0.0,0.0,0,VND,0.0,0.043,1,1,Loading Stacking Material RỜI LÊN PHƯƠNG TIỆN Transport by THỦ CÔN,"Dinh muc du toan xay dung cong trinh (TT 12/2021/TT-BXD), Phu luc II","Loading, unloading and transport",Loading Stacking Material RỜI LÊN PHƯƠNG TIỆN Transport by THỦ CÔN
Phụ gia kháng trương nở lít,Phụ gia kháng trương nở lít,Material,General,,0.0,0.0,0.0,0.0,0,VND,0.0,56.0,1,1,Construction Foundation Graded aggregate Crushed stone - Construction foundation graded aggregate stone dă,"Dinh muc du toan xay dung cong trinh (TT 12/2021/TT-BXD), Phu luc II",Road base and sub-base,Construction Foundation Graded aggregate Crushed stone - Construction foundation
sử Xi măng PC40 kg,sử Xi măng PC40 kg,Material,General,,0.0,0.0,0.0,0.0,0,VND,0.0,1813.0,1,1,Construction Foundation Graded aggregate Crushed stone - Construction foundation graded aggregate stone dă,"Dinh muc du toan xay dung cong trinh (TT 12/2021/TT-BXD), Phu luc II",Road base and sub-base,Construction Foundation Graded aggregate Crushed stone - Construction foundation
Máy lu bánh hơi tự hành 18 t ca,Máy lu bánh hơi tự hành 18 t ca,Equipment,General,ca,0.0,0.0,0.0,0.0,0,VND,0.0,0.159,1,1,Construction Foundation Graded aggregate Crushed stone - Construction foundation graded aggregate stone dă,"Dinh muc du toan xay dung cong trinh (TT 12/2021/TT-BXD), Phu luc II",Road base and sub-base,Construction Foundation Graded aggregate Crushed stone - Construction foundation
(lực rung 20-35T) Máy lu bánh thép tự hành 12 t ca,(lực rung 20-35T) Máy lu bánh thép tự hành 12 t ca,Equipment,General,ca,0.0,0.0,0.0,0.0,0,VND,0.0,0.081,1,1,Construction Foundation Graded aggregate Crushed stone - Construction foundation graded aggregate stone dă,"Dinh muc du toan xay dung cong trinh (TT 12/2021/TT-BXD), Phu luc II",Road base and sub-base,Construction Foundation Graded aggregate Crushed stone - Construction foundation
(lực rung 20-35T) Máy lu rung tự hành 20 t ca,(lực rung 20-35T) Máy lu rung tự hành 20 t ca,Equipment,General,ca,0.0,0.0,0.0,0.0,0,VND,0.0,0.195,1,1,Construction Foundation Graded aggregate Crushed stone - Construction foundation graded aggregate stone dă,"Dinh muc du toan xay dung cong trinh (TT 12/2021/TT-BXD), Phu luc II",Road base and sub-base,Construction Foundation Graded aggregate Crushed stone - Construction foundation
Cần cẩu 60 t,Cần cẩu 60 t,Equipment,General,ca,0.0,0.0,0.0,0.0,0,VND,0.0,0.17,1,1,Fabrication Truss Rafter Steel HÌNH KHẨU ĐỘ Large - Fabrication rafter steel kh,"Dinh muc du toan xay dung cong trinh (TT 12/2021/TT-BXD), Phu luc II",Steel truss and structural fabrication,Fabrication Truss Rafter Steel HÌNH KHẨU ĐỘ Large - Fabrication rafter steel kh
Thép ray hoặc I,Thép ray hoặc I,Material,General,kg,0.0,0.0,0.0,0.0,0,VND,0.0,74.0,1,1,Fabrication Truss Rafter Steel HÌNH KHẨU ĐỘ Large - Fabrication rafter steel kh,"Dinh muc du toan xay dung cong trinh (TT 12/2021/TT-BXD), Phu luc II",Steel truss and structural fabrication,Fabrication Truss Rafter Steel HÌNH KHẨU ĐỘ Large - Fabrication rafter steel kh
Mắt xoay,Mắt xoay,Material,General,kg,0.0,0.0,0.0,0.0,0,VND,0.0,0.28,1,1,Fabrication Truss Rafter Steel HÌNH KHẨU ĐỘ Large - Fabrication rafter steel kh,"Dinh muc du toan xay dung cong trinh (TT 12/2021/TT-BXD), Phu luc II",Steel truss and structural fabrication,Fabrication Truss Rafter Steel HÌNH KHẨU ĐỘ Large - Fabrication rafter steel kh
Maní,Maní,Material,General,kg,0.0,0.0,0.0,0.0,0,VND,0.0,158.0,1,1,Fabrication Truss Rafter Steel HÌNH KHẨU ĐỘ Large - Fabrication rafter steel kh,"Dinh muc du toan xay dung cong trinh (TT 12/2021/TT-BXD), Phu luc II",Steel truss and structural fabrication,Fabrication Truss Rafter Steel HÌNH KHẨU ĐỘ Large - Fabrication rafter steel kh
Xích rùa,Xích rùa,Material,General,kg,0.0,0.0,0.0,0.0,0,VND,0.0,417.0,1,1,Fabrication Truss Rafter Steel HÌNH KHẨU ĐỘ Large - Fabrication rafter steel kh,"Dinh muc du toan xay dung cong trinh (TT 12/2021/TT-BXD), Phu luc II",Steel truss and structural fabrication,Fabrication Truss Rafter Steel HÌNH KHẨU ĐỘ Large - Fabrication rafter steel kh
các Thép tròn,các Thép tròn,Material,General,kg,0.0,0.0,0.0,0.0,0,VND,0.0,1.4,1,1,Fabrication Truss Rafter Steel HÌNH KHẨU ĐỘ Large - Fabrication rafter steel kh,"Dinh muc du toan xay dung cong trinh (TT 12/2021/TT-BXD), Phu luc II",Steel truss and structural fabrication,Fabrication Truss Rafter Steel HÌNH KHẨU ĐỘ Large - Fabrication rafter steel kh
Ván ép,Ván ép,Material,General,m2,0.0,0.0,0.0,0.0,0,VND,0.0,1.1,1,1,LỢP Roof NGÓI 13 unit / m 2 - Lợp roof ngói 22 v / m 2 - Height,"Dinh muc du toan xay dung cong trinh (TT 12/2021/TT-BXD), Phu luc II",Roofing and roof coverings,LỢP Roof NGÓI 13 unit / m 2 - Lợp roof ngói 22 v / m 2 - Height
Tấm nhựa+khung xương m2,Tấm nhựa+khung xương m2,Material,General,,0.0,0.0,0.0,0.0,0,VND,0.0,1.05,1,1,LỢP Roof NGÓI 13 unit / m 2 - Lợp roof ngói 22 v / m 2 - Height,"Dinh muc du toan xay dung cong trinh (TT 12/2021/TT-BXD), Phu luc II",Roofing and roof coverings,LỢP Roof NGÓI 13 unit / m 2 - Lợp roof ngói 22 v / m 2 - Height
ô Vật liệu Ván ép m2,ô Vật liệu Ván ép m2,Material,General,,0.0,0.0,0.0,0.0,0,VND,0.0,1.1,1,1,LỢP Roof NGÓI 13 unit / m 2 - Lợp roof ngói 22 v / m 2 - Height,"Dinh muc du toan xay dung cong trinh (TT 12/2021/TT-BXD), Phu luc II",Roofing and roof coverings,LỢP Roof NGÓI 13 unit / m 2 - Lợp roof ngói 22 v / m 2 - Height
Tấm cách nhiệt,Tấm cách nhiệt,Material,General,m2,0.0,0.0,0.0,0.0,0,VND,0.0,1.05,1,1,LỢP Roof NGÓI 13 unit / m 2 - Lợp roof ngói 22 v / m 2 - Height,"Dinh muc du toan xay dung cong trinh (TT 12/2021/TT-BXD), Phu luc II",Roofing and roof coverings,LỢP Roof NGÓI 13 unit / m 2 - Lợp roof ngói 22 v / m 2 - Height
Tấm cách âm,Tấm cách âm,Material,General,m2,0.0,0.0,0.0,0.0,0,VND,0.0,1.05,1,1,LỢP Roof NGÓI 13 unit / m 2 - Lợp roof ngói 22 v / m 2 - Height,"Dinh muc du toan xay dung cong trinh (TT 12/2021/TT-BXD), Phu luc II",Roofing and roof coverings,LỢP Roof NGÓI 13 unit / m 2 - Lợp roof ngói 22 v / m 2 - Height
Vữa lót m3,Vữa lót m3,Material,General,,0.0,0.0,0.0,0.0,0,VND,0.0,0.002,1,1,LỢP Roof NGÓI 13 unit / m 2 - Lợp roof ngói 22 v / m 2 - Height,"Dinh muc du toan xay dung cong trinh (TT 12/2021/TT-BXD), Phu luc II",Roofing and roof coverings,LỢP Roof NGÓI 13 unit / m 2 - Lợp roof ngói 22 v / m 2 - Height
"nhân với hệ số KVL=1,25 và","nhân với hệ số KVL=1,25 và",Equipment,General,KNC=,0.0,0.0,0.0,0.0,0,VND,0.0,1.1,1,1,LỢP Roof NGÓI 13 unit / m 2 - Lợp roof ngói 22 v / m 2 - Height,"Dinh muc du toan xay dung cong trinh (TT 12/2021/TT-BXD), Phu luc II",Roofing and roof coverings,LỢP Roof NGÓI 13 unit / m 2 - Lợp roof ngói 22 v / m 2 - Height
Ngói mũi hài,Ngói mũi hài,Material,General,viên,0.0,0.0,0.0,0.0,0,VND,0.0,79.0,1,1,LỢP Roof NGÓI 13 unit / m 2 - Lợp roof ngói 22 v / m 2 - Height,"Dinh muc du toan xay dung cong trinh (TT 12/2021/TT-BXD), Phu luc II",Roofing and roof coverings,LỢP Roof NGÓI 13 unit / m 2 - Lợp roof ngói 22 v / m 2 - Height
Móc sắt đệm,Móc sắt đệm,Material,General,cái,0.0,0.0,0.0,0.0,0,VND,0.0,280.0,1,1,LỢP Roof NGÓI 13 unit / m 2 - Lợp roof ngói 22 v / m 2 - Height,"Dinh muc du toan xay dung cong trinh (TT 12/2021/TT-BXD), Phu luc II",Roofing and roof coverings,LỢP Roof NGÓI 13 unit / m 2 - Lợp roof ngói 22 v / m 2 - Height
Tấm nhựa,Tấm nhựa,Material,General,m2,0.0,0.0,0.0,0.0,0,VND,0.0,132.5,1,1,LỢP Roof NGÓI 13 unit / m 2 - Lợp roof ngói 22 v / m 2 - Height,"Dinh muc du toan xay dung cong trinh (TT 12/2021/TT-BXD), Phu luc II",Roofing and roof coverings,LỢP Roof NGÓI 13 unit / m 2 - Lợp roof ngói 22 v / m 2 - Height
diezel công suất 350 cv,diezel công suất 350 cv,Equipment,General,ca,0.0,0.0,0.0,0.0,0,VND,0.0,0.122,1,1,Excavation BÙN by Manual - Excavation bùn in mọi điều component - Bùn đặ,"Dinh muc du toan xay dung cong trinh (TT 12/2021/TT-BXD), Phu luc II",Earthwork - excavation and filling,Excavation BÙN by Manual - Excavation bùn in mọi điều component - Bùn đặ
diezel công suất 40 cv,diezel công suất 40 cv,Equipment,General,ca,0.0,0.0,0.0,0.0,0,VND,0.0,0.122,1,1,Excavation BÙN by Manual - Excavation bùn in mọi điều component - Bùn đặ,"Dinh muc du toan xay dung cong trinh (TT 12/2021/TT-BXD), Phu luc II",Earthwork - excavation and filling,Excavation BÙN by Manual - Excavation bùn in mọi điều component - Bùn đặ
diezel công suất 126 cv,diezel công suất 126 cv,Equipment,General,ca,0.0,0.0,0.0,0.0,0,VND,0.0,0.12,1,1,Excavation BÙN by Manual - Excavation bùn in mọi điều component - Bùn đặ,"Dinh muc du toan xay dung cong trinh (TT 12/2021/TT-BXD), Phu luc II",Earthwork - excavation and filling,Excavation BÙN by Manual - Excavation bùn in mọi điều component - Bùn đặ
diezel công suất 30 cv,diezel công suất 30 cv,Equipment,General,ca,0.0,0.0,0.0,0.0,0,VND,0.0,0.12,1,1,Excavation BÙN by Manual - Excavation bùn in mọi điều component - Bùn đặ,"Dinh muc du toan xay dung cong trinh (TT 12/2021/TT-BXD), Phu luc II",Earthwork - excavation and filling,Excavation BÙN by Manual - Excavation bùn in mọi điều component - Bùn đặ
"1,65 m3 Máy thi công Máy xúc lật 1,65 m3 ca","1,65 m3 Máy thi công Máy xúc lật 1,65 m3 ca",Material,General,,0.0,0.0,0.0,0.0,0,VND,0.0,1.72,1,1,Excavation BÙN by Manual - Excavation bùn in mọi điều component - Bùn đặ,"Dinh muc du toan xay dung cong trinh (TT 12/2021/TT-BXD), Phu luc II",Earthwork - excavation and filling,Excavation BÙN by Manual - Excavation bùn in mọi điều component - Bùn đặ
sàn Gioăng kính,sàn Gioăng kính,Material,General,m,0.0,0.0,0.0,0.0,0,VND,0.0,1.05,1,1,LỢP Roof NGÓI 13 unit / m 2 - Lợp roof ngói 22 v / m 2 - Height,"Dinh muc du toan xay dung cong trinh (TT 12/2021/TT-BXD), Phu luc II",Roofing and roof coverings,LỢP Roof NGÓI 13 unit / m 2 - Lợp roof ngói 22 v / m 2 - Height
gioăng Vật liệu có hoa Gioăng đồng,gioăng Vật liệu có hoa Gioăng đồng,Material,General,m,0.0,0.0,0.0,0.0,0,VND,0.0,1.02,1,1,LỢP Roof NGÓI 13 unit / m 2 - Lợp roof ngói 22 v / m 2 - Height,"Dinh muc du toan xay dung cong trinh (TT 12/2021/TT-BXD), Phu luc II",Roofing and roof coverings,LỢP Roof NGÓI 13 unit / m 2 - Lợp roof ngói 22 v / m 2 - Height
"Tấm thạch cao, dày 9mm","Tấm thạch cao, dày 9mm",Material,General,m2,0.0,0.0,0.0,0.0,0,VND,0.0,2.1,1,1,LỢP Roof NGÓI 13 unit / m 2 - Lợp roof ngói 22 v / m 2 - Height,"Dinh muc du toan xay dung cong trinh (TT 12/2021/TT-BXD), Phu luc II",Roofing and roof coverings,LỢP Roof NGÓI 13 unit / m 2 - Lợp roof ngói 22 v / m 2 - Height
"Thép mạ kẽm C51 dày 0,52mm","Thép mạ kẽm C51 dày 0,52mm",Material,General,m,0.0,0.0,0.0,0.0,0,VND,0.0,4.09,1,1,LỢP Roof NGÓI 13 unit / m 2 - Lợp roof ngói 22 v / m 2 - Height,"Dinh muc du toan xay dung cong trinh (TT 12/2021/TT-BXD), Phu luc II",Roofing and roof coverings,LỢP Roof NGÓI 13 unit / m 2 - Lợp roof ngói 22 v / m 2 - Height
"Thép mạ kẽm U52 dày 0,52mm","Thép mạ kẽm U52 dày 0,52mm",Material,General,m,0.0,0.0,0.0,0.0,0,VND,0.0,1.23,1,1,LỢP Roof NGÓI 13 unit / m 2 - Lợp roof ngói 22 v / m 2 - Height,"Dinh muc du toan xay dung cong trinh (TT 12/2021/TT-BXD), Phu luc II",Roofing and roof coverings,LỢP Roof NGÓI 13 unit / m 2 - Lợp roof ngói 22 v / m 2 - Height
Bông thuỷ tinh dày 50mm m2,Bông thuỷ tinh dày 50mm m2,Material,General,,0.0,0.0,0.0,0.0,0,VND,0.0,1.0,1,1,LỢP Roof NGÓI 13 unit / m 2 - Lợp roof ngói 22 v / m 2 - Height,"Dinh muc du toan xay dung cong trinh (TT 12/2021/TT-BXD), Phu luc II",Roofing and roof coverings,LỢP Roof NGÓI 13 unit / m 2 - Lợp roof ngói 22 v / m 2 - Height
Tấm thạch cao 12mm m2,Tấm thạch cao 12mm m2,Material,General,,0.0,0.0,0.0,0.0,0,VND,0.0,1.05,1,1,LỢP Roof NGÓI 13 unit / m 2 - Lợp roof ngói 22 v / m 2 - Height,"Dinh muc du toan xay dung cong trinh (TT 12/2021/TT-BXD), Phu luc II",Roofing and roof coverings,LỢP Roof NGÓI 13 unit / m 2 - Lợp roof ngói 22 v / m 2 - Height
Thép mạ kẽm V20x22 m,Thép mạ kẽm V20x22 m,Material,General,,0.0,0.0,0.0,0.0,0,VND,0.0,0.41,1,1,LỢP Roof NGÓI 13 unit / m 2 - Lợp roof ngói 22 v / m 2 - Height,"Dinh muc du toan xay dung cong trinh (TT 12/2021/TT-BXD), Phu luc II",Roofing and roof coverings,LỢP Roof NGÓI 13 unit / m 2 - Lợp roof ngói 22 v / m 2 - Height
Thép mạ kẽm C (đứng) m,Thép mạ kẽm C (đứng) m,Material,General,,0.0,0.0,0.0,0.0,0,VND,0.0,1.845,1,1,LỢP Roof NGÓI 13 unit / m 2 - Lợp roof ngói 22 v / m 2 - Height,"Dinh muc du toan xay dung cong trinh (TT 12/2021/TT-BXD), Phu luc II",Roofing and roof coverings,LỢP Roof NGÓI 13 unit / m 2 - Lợp roof ngói 22 v / m 2 - Height
Thép mạ kẽm U (ngang) m,Thép mạ kẽm U (ngang) m,Material,General,,0.0,0.0,0.0,0.0,0,VND,0.0,0.661,1,1,LỢP Roof NGÓI 13 unit / m 2 - Lợp roof ngói 22 v / m 2 - Height,"Dinh muc du toan xay dung cong trinh (TT 12/2021/TT-BXD), Phu luc II",Roofing and roof coverings,LỢP Roof NGÓI 13 unit / m 2 - Lợp roof ngói 22 v / m 2 - Height
Ca nô 12 cv,Ca nô 12 cv,Equipment,General,ca,0.0,0.0,0.0,0.0,0,VND,0.0,0.7,1,1,Fabrication Truss Rafter Steel HÌNH KHẨU ĐỘ Large - Fabrication rafter steel kh,"Dinh muc du toan xay dung cong trinh (TT 12/2021/TT-BXD), Phu luc II",Steel truss and structural fabrication,Fabrication Truss Rafter Steel HÌNH KHẨU ĐỘ Large - Fabrication rafter steel kh
140 cv Máy ủi 140 cv ca,140 cv Máy ủi 140 cv ca,Material,General,,0.0,0.0,0.0,0.0,0,VND,0.0,0.77,1,1,Excavation BÙN by Manual - Excavation bùn in mọi điều component - Bùn đặ,"Dinh muc du toan xay dung cong trinh (TT 12/2021/TT-BXD), Phu luc II",Earthwork - excavation and filling,Excavation BÙN by Manual - Excavation bùn in mọi điều component - Bùn đặ
5km Ôtô tự đổ,5km Ôtô tự đổ,Material,General,,0.0,0.0,0.0,0.0,0,VND,0.0,0.403,1,1,Excavation BÙN by Manual - Excavation bùn in mọi điều component - Bùn đặ,"Dinh muc du toan xay dung cong trinh (TT 12/2021/TT-BXD), Phu luc II",Earthwork - excavation and filling,Excavation BÙN by Manual - Excavation bùn in mọi điều component - Bùn đặ
≤5km Ôtô tự đổ,≤5km Ôtô tự đổ,Material,General,,0.0,0.0,0.0,0.0,0,VND,0.0,0.51,1,1,Excavation BÙN by Manual - Excavation bùn in mọi điều component - Bùn đặ,"Dinh muc du toan xay dung cong trinh (TT 12/2021/TT-BXD), Phu luc II",Earthwork - excavation and filling,Excavation BÙN by Manual - Excavation bùn in mọi điều component - Bùn đặ
Đinh tán 20,Đinh tán 20,Material,General,cái,0.0,0.0,0.0,0.0,0,VND,0.0,108.0,1,1,Fabrication Truss Rafter Steel HÌNH KHẨU ĐỘ Large - Fabrication rafter steel kh,"Dinh muc du toan xay dung cong trinh (TT 12/2021/TT-BXD), Phu luc II",Steel truss and structural fabrication,Fabrication Truss Rafter Steel HÌNH KHẨU ĐỘ Large - Fabrication rafter steel kh
Cần cẩu 30 t,Cần cẩu 30 t,Equipment,General,ca,0.0,0.0,0.0,0.0,0,VND,0.0,0.25,1,1,Fabrication Truss Rafter Steel HÌNH KHẨU ĐỘ Large - Fabrication rafter steel kh,"Dinh muc du toan xay dung cong trinh (TT 12/2021/TT-BXD), Phu luc II",Steel truss and structural fabrication,Fabrication Truss Rafter Steel HÌNH KHẨU ĐỘ Large - Fabrication rafter steel kh
gia Thép hình kg,gia Thép hình kg,Material,General,,0.0,0.0,0.0,0.0,0,VND,0.0,1025.0,1,1,Fabrication Truss Rafter Steel HÌNH KHẨU ĐỘ Large - Fabrication rafter steel kh,"Dinh muc du toan xay dung cong trinh (TT 12/2021/TT-BXD), Phu luc II",Steel truss and structural fabrication,Fabrication Truss Rafter Steel HÌNH KHẨU ĐỘ Large - Fabrication rafter steel kh
Cần cẩu 10T,Cần cẩu 10T,Equipment,General,ca,0.0,0.0,0.0,0.0,0,VND,0.0,0.15,1,1,Fabrication Truss Rafter Steel HÌNH KHẨU ĐỘ Large - Fabrication rafter steel kh,"Dinh muc du toan xay dung cong trinh (TT 12/2021/TT-BXD), Phu luc II",Steel truss and structural fabrication,Fabrication Truss Rafter Steel HÌNH KHẨU ĐỘ Large - Fabrication rafter steel kh
"Máy uốn ống 2,8 kW ca","Máy uốn ống 2,8 kW ca",Equipment,General,ca,0.0,0.0,0.0,0.0,0,VND,0.0,0.5,1,1,Fabrication Truss Rafter Steel HÌNH KHẨU ĐỘ Large - Fabrication rafter steel kh,"Dinh muc du toan xay dung cong trinh (TT 12/2021/TT-BXD), Phu luc II",Steel truss and structural fabrication,Fabrication Truss Rafter Steel HÌNH KHẨU ĐỘ Large - Fabrication rafter steel kh
nhồi Thép tấm kg,nhồi Thép tấm kg,Material,General,,0.0,0.0,0.0,0.0,0,VND,0.0,1025.0,1,1,Fabrication Truss Rafter Steel HÌNH KHẨU ĐỘ Large - Fabrication rafter steel kh,"Dinh muc du toan xay dung cong trinh (TT 12/2021/TT-BXD), Phu luc II",Steel truss and structural fabrication,Fabrication Truss Rafter Steel HÌNH KHẨU ĐỘ Large - Fabrication rafter steel kh
Bật sắt d=10mm,Bật sắt d=10mm,Material,General,cái,0.0,0.0,0.0,0.0,0,VND,0.0,2.0,1,1,Fabrication Truss Rafter Steel HÌNH KHẨU ĐỘ Large - Fabrication rafter steel kh,"Dinh muc du toan xay dung cong trinh (TT 12/2021/TT-BXD), Phu luc II",Steel truss and structural fabrication,Fabrication Truss Rafter Steel HÌNH KHẨU ĐỘ Large - Fabrication rafter steel kh
Bật sắt d= 10mm,Bật sắt d= 10mm,Material,General,cái,0.0,0.0,0.0,0.0,0,VND,0.0,2.0,1,1,Fabrication Truss Rafter Steel HÌNH KHẨU ĐỘ Large - Fabrication rafter steel kh,"Dinh muc du toan xay dung cong trinh (TT 12/2021/TT-BXD), Phu luc II",Steel truss and structural fabrication,Fabrication Truss Rafter Steel HÌNH KHẨU ĐỘ Large - Fabrication rafter steel kh
Bật sắt 20x4x250,Bật sắt 20x4x250,Material,General,cái,0.0,0.0,0.0,0.0,0,VND,0.0,2.0,1,1,Fabrication Truss Rafter Steel HÌNH KHẨU ĐỘ Large - Fabrication rafter steel kh,"Dinh muc du toan xay dung cong trinh (TT 12/2021/TT-BXD), Phu luc II",Steel truss and structural fabrication,Fabrication Truss Rafter Steel HÌNH KHẨU ĐỘ Large - Fabrication rafter steel kh
Phao thép 200 t,Phao thép 200 t,Equipment,General,ca,0.0,0.0,0.0,0.0,0,VND,0.0,0.27,1,1,Fabrication Truss Rafter Steel HÌNH KHẨU ĐỘ Large - Fabrication rafter steel kh,"Dinh muc du toan xay dung cong trinh (TT 12/2021/TT-BXD), Phu luc II",Steel truss and structural fabrication,Fabrication Truss Rafter Steel HÌNH KHẨU ĐỘ Large - Fabrication rafter steel kh
Máy nén khí,Máy nén khí,Equipment,General,ca,0.0,0.0,0.0,0.0,0,VND,0.0,0.338,1,1,Fabrication Truss Rafter Steel HÌNH KHẨU ĐỘ Large - Fabrication rafter steel kh,"Dinh muc du toan xay dung cong trinh (TT 12/2021/TT-BXD), Phu luc II",Steel truss and structural fabrication,Fabrication Truss Rafter Steel HÌNH KHẨU ĐỘ Large - Fabrication rafter steel kh
diezel công suất 380 cv,diezel công suất 380 cv,Equipment,General,ca,0.0,0.0,0.0,0.0,0,VND,0.0,0.123,1,1,Excavation BÙN by Manual - Excavation bùn in mọi điều component - Bùn đặ,"Dinh muc du toan xay dung cong trinh (TT 12/2021/TT-BXD), Phu luc II",Earthwork - excavation and filling,Excavation BÙN by Manual - Excavation bùn in mọi điều component - Bùn đặ
diezel công suất 75 cv,diezel công suất 75 cv,Equipment,General,ca,0.0,0.0,0.0,0.0,0,VND,0.0,0.123,1,1,Excavation BÙN by Manual - Excavation bùn in mọi điều component - Bùn đặ,"Dinh muc du toan xay dung cong trinh (TT 12/2021/TT-BXD), Phu luc II",Earthwork - excavation and filling,Excavation BÙN by Manual - Excavation bùn in mọi điều component - Bùn đặ
Xăng,Xăng,Material,General,lít,0.0,0.0,0.0,0.0,0,VND,0.0,0.352,1,1,LỢP Roof NGÓI 13 unit / m 2 - Lợp roof ngói 22 v / m 2 - Height,"Dinh muc du toan xay dung cong trinh (TT 12/2021/TT-BXD), Phu luc II",Roofing and roof coverings,LỢP Roof NGÓI 13 unit / m 2 - Lợp roof ngói 22 v / m 2 - Height
thấm Vật liệu Dung dịch chống thấm kg,thấm Vật liệu Dung dịch chống thấm kg,Material,General,,0.0,0.0,0.0,0.0,0,VND,0.0,2.21,1,1,LỢP Roof NGÓI 13 unit / m 2 - Lợp roof ngói 22 v / m 2 - Height,"Dinh muc du toan xay dung cong trinh (TT 12/2021/TT-BXD), Phu luc II",Roofing and roof coverings,LỢP Roof NGÓI 13 unit / m 2 - Lợp roof ngói 22 v / m 2 - Height
Hạt thuỷ tinh,Hạt thuỷ tinh,Material,General,kg,0.0,0.0,0.0,0.0,0,VND,0.0,0.45,1,1,LỢP Roof NGÓI 13 unit / m 2 - Lợp roof ngói 22 v / m 2 - Height,"Dinh muc du toan xay dung cong trinh (TT 12/2021/TT-BXD), Phu luc II",Roofing and roof coverings,LỢP Roof NGÓI 13 unit / m 2 - Lợp roof ngói 22 v / m 2 - Height
Sơn cách nhiệt kg,Sơn cách nhiệt kg,Material,General,,0.0,0.0,0.0,0.0,0,VND,0.0,0.033,1,1,LỢP Roof NGÓI 13 unit / m 2 - Lợp roof ngói 22 v / m 2 - Height,"Dinh muc du toan xay dung cong trinh (TT 12/2021/TT-BXD), Phu luc II",Roofing and roof coverings,LỢP Roof NGÓI 13 unit / m 2 - Lợp roof ngói 22 v / m 2 - Height
Dung dịch sơn cách nhiệt lít,Dung dịch sơn cách nhiệt lít,Material,General,,0.0,0.0,0.0,0.0,0,VND,0.0,0.018,1,1,LỢP Roof NGÓI 13 unit / m 2 - Lợp roof ngói 22 v / m 2 - Height,"Dinh muc du toan xay dung cong trinh (TT 12/2021/TT-BXD), Phu luc II",Roofing and roof coverings,LỢP Roof NGÓI 13 unit / m 2 - Lợp roof ngói 22 v / m 2 - Height
Tàu kéo 250 cv ca,Tàu kéo 250 cv ca,Equipment,General,ca,0.0,0.0,0.0,0.0,0,VND,0.0,0.5,1,1,"Concrete Pile, Column, Pile CỪ - Concrete pile, - Pile, column","Dinh muc du toan xay dung cong trinh (TT 12/2021/TT-BXD), Phu luc II","Concrete piles, columns and precast members","Concrete Pile, Column, Pile CỪ - Concrete pile, - Pile, column"
Sà lan 400 t ca,Sà lan 400 t ca,Equipment,General,ca,0.0,0.0,0.0,0.0,0,VND,0.0,0.5,1,1,"Concrete Pile, Column, Pile CỪ - Concrete pile, - Pile, column","Dinh muc du toan xay dung cong trinh (TT 12/2021/TT-BXD), Phu luc II","Concrete piles, columns and precast members","Concrete Pile, Column, Pile CỪ - Concrete pile, - Pile, column"
Cần cẩu 60 t ca,Cần cẩu 60 t ca,Equipment,General,ca,0.0,0.0,0.0,0.0,0,VND,0.0,0.5,1,1,"Concrete Pile, Column, Pile CỪ - Concrete pile, - Pile, column","Dinh muc du toan xay dung cong trinh (TT 12/2021/TT-BXD), Phu luc II","Concrete piles, columns and precast members","Concrete Pile, Column, Pile CỪ - Concrete pile, - Pile, column"
Thợ lặn 2/4 giờ,Thợ lặn 2/4 giờ,Material,General,,0.0,0.0,0.0,0.0,0,VND,0.0,10.0,1,1,"Concrete Pile, Column, Pile CỪ - Concrete pile, - Pile, column","Dinh muc du toan xay dung cong trinh (TT 12/2021/TT-BXD), Phu luc II","Concrete piles, columns and precast members","Concrete Pile, Column, Pile CỪ - Concrete pile, - Pile, column"
bờ Máy thi công Cần cẩu 16 t,bờ Máy thi công Cần cẩu 16 t,Equipment,General,ca,0.0,0.0,0.0,0.0,0,VND,0.0,0.06,1,1,"Concrete Pile, Column, Pile CỪ - Concrete pile, - Pile, column","Dinh muc du toan xay dung cong trinh (TT 12/2021/TT-BXD), Phu luc II","Concrete piles, columns and precast members","Concrete Pile, Column, Pile CỪ - Concrete pile, - Pile, column"
"Máy cắt đột 2,8 kW","Máy cắt đột 2,8 kW",Equipment,General,ca,0.0,0.0,0.0,0.0,0,VND,0.0,11.29,1,1,Fabrication Truss Rafter Steel HÌNH KHẨU ĐỘ Large - Fabrication rafter steel kh,"Dinh muc du toan xay dung cong trinh (TT 12/2021/TT-BXD), Phu luc II",Steel truss and structural fabrication,Fabrication Truss Rafter Steel HÌNH KHẨU ĐỘ Large - Fabrication rafter steel kh
Đinh 10mm,Đinh 10mm,Material,General,kg,0.0,0.0,0.0,0.0,0,VND,0.0,4.31,1,1,Truss Rafter Roof NGÓI - Fabrication truss rafter roof ngói,"Dinh muc du toan xay dung cong trinh (TT 12/2021/TT-BXD), Phu luc II",Timber fabrication and erection,Truss Rafter Roof NGÓI - Fabrication truss rafter roof ngói
Tăng đơ 14,Tăng đơ 14,Material,General,cái,0.0,0.0,0.0,0.0,0,VND,0.0,16.35,1,1,Truss Rafter Roof NGÓI - Fabrication truss rafter roof ngói,"Dinh muc du toan xay dung cong trinh (TT 12/2021/TT-BXD), Phu luc II",Timber fabrication and erection,Truss Rafter Roof NGÓI - Fabrication truss rafter roof ngói
Sắt tròn,Sắt tròn,Material,General,kg,0.0,0.0,0.0,0.0,0,VND,0.0,1020.0,1,1,Truss Rafter Roof NGÓI - Fabrication truss rafter roof ngói,"Dinh muc du toan xay dung cong trinh (TT 12/2021/TT-BXD), Phu luc II",Timber fabrication and erection,Truss Rafter Roof NGÓI - Fabrication truss rafter roof ngói
Bật sắt 3x30x250,Bật sắt 3x30x250,Material,General,cái,0.0,0.0,0.0,0.0,0,VND,0.0,40.0,1,1,Truss Rafter Roof NGÓI - Fabrication truss rafter roof ngói,"Dinh muc du toan xay dung cong trinh (TT 12/2021/TT-BXD), Phu luc II",Timber fabrication and erection,Truss Rafter Roof NGÓI - Fabrication truss rafter roof ngói
Đinh mũ 4x100,Đinh mũ 4x100,Material,General,kg,0.0,0.0,0.0,0.0,0,VND,0.0,0.65,1,1,Truss Rafter Roof NGÓI - Fabrication truss rafter roof ngói,"Dinh muc du toan xay dung cong trinh (TT 12/2021/TT-BXD), Phu luc II",Timber fabrication and erection,Truss Rafter Roof NGÓI - Fabrication truss rafter roof ngói
Rơ moóc 30 t,Rơ moóc 30 t,Equipment,General,ca,0.0,0.0,0.0,0.0,0,VND,0.0,0.068,1,1,"Concrete Pile, Column, Pile CỪ - Concrete pile, - Pile, column","Dinh muc du toan xay dung cong trinh (TT 12/2021/TT-BXD), Phu luc II","Concrete piles, columns and precast members","Concrete Pile, Column, Pile CỪ - Concrete pile, - Pile, column"
Ôtô đầu kéo 150 cv,Ôtô đầu kéo 150 cv,Equipment,General,ca,0.0,0.0,0.0,0.0,0,VND,0.0,0.068,1,1,"Concrete Pile, Column, Pile CỪ - Concrete pile, - Pile, column","Dinh muc du toan xay dung cong trinh (TT 12/2021/TT-BXD), Phu luc II","Concrete piles, columns and precast members","Concrete Pile, Column, Pile CỪ - Concrete pile, - Pile, column"
Thiết bị nâng hạ dầm 90 t ca,Thiết bị nâng hạ dầm 90 t ca,Equipment,General,ca,0.0,0.0,0.0,0.0,0,VND,0.0,0.437,1,1,"Concrete Pile, Column, Pile CỪ - Concrete pile, - Pile, column","Dinh muc du toan xay dung cong trinh (TT 12/2021/TT-BXD), Phu luc II","Concrete piles, columns and precast members","Concrete Pile, Column, Pile CỪ - Concrete pile, - Pile, column"
trên Vật liệu khác %,trên Vật liệu khác %,Material,General,,0.0,0.0,0.0,0.0,0,VND,0.0,5.0,1,1,"Concrete Pile, Column, Pile CỪ - Concrete pile, - Pile, column","Dinh muc du toan xay dung cong trinh (TT 12/2021/TT-BXD), Phu luc II","Concrete piles, columns and precast members","Concrete Pile, Column, Pile CỪ - Concrete pile, - Pile, column"
bị Gỗ kê m3,bị Gỗ kê m3,Material,General,,0.0,0.0,0.0,0.0,0,VND,0.0,0.04,1,1,"Concrete Pile, Column, Pile CỪ - Concrete pile, - Pile, column","Dinh muc du toan xay dung cong trinh (TT 12/2021/TT-BXD), Phu luc II","Concrete piles, columns and precast members","Concrete Pile, Column, Pile CỪ - Concrete pile, - Pile, column"
"Máy đào 3,6m3 ca","Máy đào 3,6m3 ca",Equipment,General,ca,0.0,0.0,0.0,0.0,0,VND,0.0,0.29,1,1,Excavation BÙN by Manual - Excavation bùn in mọi điều component - Bùn đặ,"Dinh muc du toan xay dung cong trinh (TT 12/2021/TT-BXD), Phu luc II",Earthwork - excavation and filling,Excavation BÙN by Manual - Excavation bùn in mọi điều component - Bùn đặ
"Máy đào 2,3m3 ca","Máy đào 2,3m3 ca",Equipment,General,ca,0.0,0.0,0.0,0.0,0,VND,0.0,0.34,1,1,Excavation BÙN by Manual - Excavation bùn in mọi điều component - Bùn đặ,"Dinh muc du toan xay dung cong trinh (TT 12/2021/TT-BXD), Phu luc II",Earthwork - excavation and filling,Excavation BÙN by Manual - Excavation bùn in mọi điều component - Bùn đặ
"Máy đào 1,6m3 ca","Máy đào 1,6m3 ca",Equipment,General,ca,0.0,0.0,0.0,0.0,0,VND,0.0,0.41,1,1,Excavation BÙN by Manual - Excavation bùn in mọi điều component - Bùn đặ,"Dinh muc du toan xay dung cong trinh (TT 12/2021/TT-BXD), Phu luc II",Earthwork - excavation and filling,Excavation BÙN by Manual - Excavation bùn in mọi điều component - Bùn đặ
"Máy đào 1,25m3 ca","Máy đào 1,25m3 ca",Equipment,General,ca,0.0,0.0,0.0,0.0,0,VND,0.0,0.43,1,1,Excavation BÙN by Manual - Excavation bùn in mọi điều component - Bùn đặ,"Dinh muc du toan xay dung cong trinh (TT 12/2021/TT-BXD), Phu luc II",Earthwork - excavation and filling,Excavation BÙN by Manual - Excavation bùn in mọi điều component - Bùn đặ
"Máy đào 0,8m3 ca","Máy đào 0,8m3 ca",Equipment,General,ca,0.0,0.0,0.0,0.0,0,VND,0.0,0.5,1,1,Excavation BÙN by Manual - Excavation bùn in mọi điều component - Bùn đặ,"Dinh muc du toan xay dung cong trinh (TT 12/2021/TT-BXD), Phu luc II",Earthwork - excavation and filling,Excavation BÙN by Manual - Excavation bùn in mọi điều component - Bùn đặ
"đầu búa thủy lực Máy đào 1,25m3 gắn ca","đầu búa thủy lực Máy đào 1,25m3 gắn ca",Equipment,General,ca,0.0,0.0,0.0,0.0,0,VND,0.0,3.546,1,1,Excavation BÙN by Manual - Excavation bùn in mọi điều component - Bùn đặ,"Dinh muc du toan xay dung cong trinh (TT 12/2021/TT-BXD), Phu luc II",Earthwork - excavation and filling,Excavation BÙN by Manual - Excavation bùn in mọi điều component - Bùn đặ
"Máy đào 1,6m3 gắn ca","Máy đào 1,6m3 gắn ca",Equipment,General,ca,0.0,0.0,0.0,0.0,0,VND,0.0,3.995,1,1,Excavation BÙN by Manual - Excavation bùn in mọi điều component - Bùn đặ,"Dinh muc du toan xay dung cong trinh (TT 12/2021/TT-BXD), Phu luc II",Earthwork - excavation and filling,Excavation BÙN by Manual - Excavation bùn in mọi điều component - Bùn đặ
lớp Vật liệu Giấy dầu,lớp Vật liệu Giấy dầu,Material,General,m2,0.0,0.0,0.0,0.0,0,VND,0.0,110.0,1,1,Construction Layer LÓT Foundation in KHUNG VÂY - Construction layer lót món,"Dinh muc du toan xay dung cong trinh (TT 12/2021/TT-BXD), Phu luc II",Foundation blinding and cofferdam base layers,Construction Layer LÓT Foundation in KHUNG VÂY - Construction layer lót món
Tàu kéo 150 cv ca,Tàu kéo 150 cv ca,Equipment,General,ca,0.0,0.0,0.0,0.0,0,VND,0.0,0.001,1,1,Construction Layer LÓT Foundation in KHUNG VÂY - Construction layer lót món,"Dinh muc du toan xay dung cong trinh (TT 12/2021/TT-BXD), Phu luc II",Foundation blinding and cofferdam base layers,Construction Layer LÓT Foundation in KHUNG VÂY - Construction layer lót món
Sà lan 200 t ca,Sà lan 200 t ca,Equipment,General,ca,0.0,0.0,0.0,0.0,0,VND,0.0,0.038,1,1,Construction Layer LÓT Foundation in KHUNG VÂY - Construction layer lót món,"Dinh muc du toan xay dung cong trinh (TT 12/2021/TT-BXD), Phu luc II",Foundation blinding and cofferdam base layers,Construction Layer LÓT Foundation in KHUNG VÂY - Construction layer lót món
thân Vật liệu Đá hộc m3,thân Vật liệu Đá hộc m3,Material,General,,0.0,0.0,0.0,0.0,0,VND,0.0,1.2,1,1,Construction Layer LÓT Foundation in KHUNG VÂY - Construction layer lót món,"Dinh muc du toan xay dung cong trinh (TT 12/2021/TT-BXD), Phu luc II",Foundation blinding and cofferdam base layers,Construction Layer LÓT Foundation in KHUNG VÂY - Construction layer lót món
tự công suất 3958 cv,tự công suất 3958 cv,Equipment,General,ca,0.0,0.0,0.0,0.0,0,VND,0.0,0.004,1,1,Excavation BÙN by Manual - Excavation bùn in mọi điều component - Bùn đặ,"Dinh muc du toan xay dung cong trinh (TT 12/2021/TT-BXD), Phu luc II",Earthwork - excavation and filling,Excavation BÙN by Manual - Excavation bùn in mọi điều component - Bùn đặ
công suất 1390 cv,công suất 1390 cv,Equipment,General,ca,0.0,0.0,0.0,0.0,0,VND,0.0,0.011,1,1,Excavation BÙN by Manual - Excavation bùn in mọi điều component - Bùn đặ,"Dinh muc du toan xay dung cong trinh (TT 12/2021/TT-BXD), Phu luc II",Earthwork - excavation and filling,Excavation BÙN by Manual - Excavation bùn in mọi điều component - Bùn đặ
Ô tô tưới nước 5 m3 ca,Ô tô tưới nước 5 m3 ca,Equipment,General,ca,0.0,0.0,0.0,0.0,0,VND,0.0,1.313,1,1,Construction Layer LÓT Foundation in KHUNG VÂY - Construction layer lót món,"Dinh muc du toan xay dung cong trinh (TT 12/2021/TT-BXD), Phu luc II",Foundation blinding and cofferdam base layers,Construction Layer LÓT Foundation in KHUNG VÂY - Construction layer lót món
"Máy phun chất tạo màng 5,5 Hp ca","Máy phun chất tạo màng 5,5 Hp ca",Equipment,General,ca,0.0,0.0,0.0,0.0,0,VND,0.0,0.131,1,1,Construction Layer LÓT Foundation in KHUNG VÂY - Construction layer lót món,"Dinh muc du toan xay dung cong trinh (TT 12/2021/TT-BXD), Phu luc II",Foundation blinding and cofferdam base layers,Construction Layer LÓT Foundation in KHUNG VÂY - Construction layer lót món
đỗ Nước m3,đỗ Nước m3,Material,General,,0.0,0.0,0.0,0.0,0,VND,0.0,50.0,1,1,Construction Layer LÓT Foundation in KHUNG VÂY - Construction layer lót món,"Dinh muc du toan xay dung cong trinh (TT 12/2021/TT-BXD), Phu luc II",Foundation blinding and cofferdam base layers,Construction Layer LÓT Foundation in KHUNG VÂY - Construction layer lót món
"Bao tải đay 1m x 0,6m cái","Bao tải đay 1m x 0,6m cái",Material,General,,0.0,0.0,0.0,0.0,0,VND,0.0,67.0,1,1,Construction Layer LÓT Foundation in KHUNG VÂY - Construction layer lót món,"Dinh muc du toan xay dung cong trinh (TT 12/2021/TT-BXD), Phu luc II",Foundation blinding and cofferdam base layers,Construction Layer LÓT Foundation in KHUNG VÂY - Construction layer lót món
Chất tạo màng lít,Chất tạo màng lít,Material,General,,0.0,0.0,0.0,0.0,0,VND,0.0,2087.0,1,1,Construction Layer LÓT Foundation in KHUNG VÂY - Construction layer lót món,"Dinh muc du toan xay dung cong trinh (TT 12/2021/TT-BXD), Phu luc II",Foundation blinding and cofferdam base layers,Construction Layer LÓT Foundation in KHUNG VÂY - Construction layer lót món
phễu Vật liệu Đá dăm 1x2 m3,phễu Vật liệu Đá dăm 1x2 m3,Material,General,,0.0,0.0,0.0,0.0,0,VND,0.0,1.2,1,1,Construction Layer LÓT Foundation in KHUNG VÂY - Construction layer lót món,"Dinh muc du toan xay dung cong trinh (TT 12/2021/TT-BXD), Phu luc II",Foundation blinding and cofferdam base layers,Construction Layer LÓT Foundation in KHUNG VÂY - Construction layer lót món
Thép buộc kg,Thép buộc kg,Material,General,,0.0,0.0,0.0,0.0,0,VND,0.0,11.14,1,1,Construction Layer LÓT Foundation in KHUNG VÂY - Construction layer lót món,"Dinh muc du toan xay dung cong trinh (TT 12/2021/TT-BXD), Phu luc II",Foundation blinding and cofferdam base layers,Construction Layer LÓT Foundation in KHUNG VÂY - Construction layer lót món
Thép tròn D10mm kg,Thép tròn D10mm kg,Material,General,,0.0,0.0,0.0,0.0,0,VND,0.0,523.0,1,1,Construction Layer LÓT Foundation in KHUNG VÂY - Construction layer lót món,"Dinh muc du toan xay dung cong trinh (TT 12/2021/TT-BXD), Phu luc II",Foundation blinding and cofferdam base layers,Construction Layer LÓT Foundation in KHUNG VÂY - Construction layer lót món
Phễu nhựa D500mm cái,Phễu nhựa D500mm cái,Material,General,,0.0,0.0,0.0,0.0,0,VND,0.0,401.0,1,1,Construction Layer LÓT Foundation in KHUNG VÂY - Construction layer lót món,"Dinh muc du toan xay dung cong trinh (TT 12/2021/TT-BXD), Phu luc II",Foundation blinding and cofferdam base layers,Construction Layer LÓT Foundation in KHUNG VÂY - Construction layer lót món
Rơ moóc 100 t,Rơ moóc 100 t,Equipment,General,ca,0.0,0.0,0.0,0.0,0,VND,0.0,0.09,1,1,"Concrete Pile, Column, Pile CỪ - Concrete pile, - Pile, column","Dinh muc du toan xay dung cong trinh (TT 12/2021/TT-BXD), Phu luc II","Concrete piles, columns and precast members","Concrete Pile, Column, Pile CỪ - Concrete pile, - Pile, column"
máy thi công được nhân,máy thi công được nhân,Equipment,General,với,0.0,0.0,0.0,0.0,0,VND,0.0,0.85,1,1,Excavation BÙN by Manual - Excavation bùn in mọi điều component - Bùn đặ,"Dinh muc du toan xay dung cong trinh (TT 12/2021/TT-BXD), Phu luc II",Earthwork - excavation and filling,Excavation BÙN by Manual - Excavation bùn in mọi điều component - Bùn đặ
Ôtô đầu kéo 272 cv,Ôtô đầu kéo 272 cv,Equipment,General,ca,0.0,0.0,0.0,0.0,0,VND,0.0,0.09,1,1,"Concrete Pile, Column, Pile CỪ - Concrete pile, - Pile, column","Dinh muc du toan xay dung cong trinh (TT 12/2021/TT-BXD), Phu luc II","Concrete piles, columns and precast members","Concrete Pile, Column, Pile CỪ - Concrete pile, - Pile, column"
Rơ moóc 60 t,Rơ moóc 60 t,Equipment,General,ca,0.0,0.0,0.0,0.0,0,VND,0.0,0.081,1,1,"Concrete Pile, Column, Pile CỪ - Concrete pile, - Pile, column","Dinh muc du toan xay dung cong trinh (TT 12/2021/TT-BXD), Phu luc II","Concrete piles, columns and precast members","Concrete Pile, Column, Pile CỪ - Concrete pile, - Pile, column"
Ôtô đầu kéo 200 cv,Ôtô đầu kéo 200 cv,Equipment,General,ca,0.0,0.0,0.0,0.0,0,VND,0.0,0.081,1,1,"Concrete Pile, Column, Pile CỪ - Concrete pile, - Pile, column","Dinh muc du toan xay dung cong trinh (TT 12/2021/TT-BXD), Phu luc II","Concrete piles, columns and precast members","Concrete Pile, Column, Pile CỪ - Concrete pile, - Pile, column"
Tấm mái D15,Tấm mái D15,Material,General,m2,0.0,0.0,0.0,0.0,0,VND,0.0,1.06,1,1,"Concrete Pile, Column, Pile CỪ - Concrete pile, - Pile, column","Dinh muc du toan xay dung cong trinh (TT 12/2021/TT-BXD), Phu luc II","Concrete piles, columns and precast members","Concrete Pile, Column, Pile CỪ - Concrete pile, - Pile, column"
Tấm mái D10,Tấm mái D10,Material,General,m2,0.0,0.0,0.0,0.0,0,VND,0.0,1.06,1,1,"Concrete Pile, Column, Pile CỪ - Concrete pile, - Pile, column","Dinh muc du toan xay dung cong trinh (TT 12/2021/TT-BXD), Phu luc II","Concrete piles, columns and precast members","Concrete Pile, Column, Pile CỪ - Concrete pile, - Pile, column"
Tấm mái D5,Tấm mái D5,Material,General,m2,0.0,0.0,0.0,0.0,0,VND,0.0,1.06,1,1,"Concrete Pile, Column, Pile CỪ - Concrete pile, - Pile, column","Dinh muc du toan xay dung cong trinh (TT 12/2021/TT-BXD), Phu luc II","Concrete piles, columns and precast members","Concrete Pile, Column, Pile CỪ - Concrete pile, - Pile, column"
Tấm sàn D15,Tấm sàn D15,Material,General,m2,0.0,0.0,0.0,0.0,0,VND,0.0,1.06,1,1,"Concrete Pile, Column, Pile CỪ - Concrete pile, - Pile, column","Dinh muc du toan xay dung cong trinh (TT 12/2021/TT-BXD), Phu luc II","Concrete piles, columns and precast members","Concrete Pile, Column, Pile CỪ - Concrete pile, - Pile, column"
Backer rod 25mm,Backer rod 25mm,Material,General,m,0.0,0.0,0.0,0.0,0,VND,0.0,11.33,1,1,Construction Layer LÓT Foundation in KHUNG VÂY - Construction layer lót món,"Dinh muc du toan xay dung cong trinh (TT 12/2021/TT-BXD), Phu luc II",Foundation blinding and cofferdam base layers,Construction Layer LÓT Foundation in KHUNG VÂY - Construction layer lót món
Backer rod 13mm,Backer rod 13mm,Material,General,m,0.0,0.0,0.0,0.0,0,VND,0.0,11.55,1,1,Construction Layer LÓT Foundation in KHUNG VÂY - Construction layer lót món,"Dinh muc du toan xay dung cong trinh (TT 12/2021/TT-BXD), Phu luc II",Foundation blinding and cofferdam base layers,Construction Layer LÓT Foundation in KHUNG VÂY - Construction layer lót món
Sà lan 800t,Sà lan 800t,Equipment,General,ca,0.0,0.0,0.0,0.0,0,VND,0.0,0.37,1,1,Excavation BÙN by Manual - Excavation bùn in mọi điều component - Bùn đặ,"Dinh muc du toan xay dung cong trinh (TT 12/2021/TT-BXD), Phu luc II",Earthwork - excavation and filling,Excavation BÙN by Manual - Excavation bùn in mọi điều component - Bùn đặ
đào từ 1520m thì định mức,đào từ 1520m thì định mức,Equipment,General,nạo,0.0,0.0,0.0,0.0,0,VND,0.0,1.25,1,1,Excavation BÙN by Manual - Excavation bùn in mọi điều component - Bùn đặ,"Dinh muc du toan xay dung cong trinh (TT 12/2021/TT-BXD), Phu luc II",Earthwork - excavation and filling,Excavation BÙN by Manual - Excavation bùn in mọi điều component - Bùn đặ
"đan, Vật liệu Thép tấm kg","đan, Vật liệu Thép tấm kg",Material,General,,0.0,0.0,0.0,0.0,0,VND,0.0,23.03,1,1,"Concrete Pile, Column, Pile CỪ - Concrete pile, - Pile, column","Dinh muc du toan xay dung cong trinh (TT 12/2021/TT-BXD), Phu luc II","Concrete piles, columns and precast members","Concrete Pile, Column, Pile CỪ - Concrete pile, - Pile, column"
cấu Vật liệu Thép tấm kg,cấu Vật liệu Thép tấm kg,Material,General,,0.0,0.0,0.0,0.0,0,VND,0.0,17.27,1,1,"Concrete Pile, Column, Pile CỪ - Concrete pile, - Pile, column","Dinh muc du toan xay dung cong trinh (TT 12/2021/TT-BXD), Phu luc II","Concrete piles, columns and precast members","Concrete Pile, Column, Pile CỪ - Concrete pile, - Pile, column"
Sà lan 600 t,Sà lan 600 t,Equipment,General,ca,0.0,0.0,0.0,0.0,0,VND,0.0,0.664,1,1,"Concrete Pile, Column, Pile CỪ - Concrete pile, - Pile, column","Dinh muc du toan xay dung cong trinh (TT 12/2021/TT-BXD), Phu luc II","Concrete piles, columns and precast members","Concrete Pile, Column, Pile CỪ - Concrete pile, - Pile, column"
Cần cẩu 6 t ca,Cần cẩu 6 t ca,Equipment,General,ca,0.0,0.0,0.0,0.0,0,VND,0.0,0.015,1,1,"Concrete Pile, Column, Pile CỪ - Concrete pile, - Pile, column","Dinh muc du toan xay dung cong trinh (TT 12/2021/TT-BXD), Phu luc II","Concrete piles, columns and precast members","Concrete Pile, Column, Pile CỪ - Concrete pile, - Pile, column"
Bu lông M20x1200,Bu lông M20x1200,Material,General,cái,0.0,0.0,0.0,0.0,0,VND,0.0,2.0,1,1,"Concrete Pile, Column, Pile CỪ - Concrete pile, - Pile, column","Dinh muc du toan xay dung cong trinh (TT 12/2021/TT-BXD), Phu luc II","Concrete piles, columns and precast members","Concrete Pile, Column, Pile CỪ - Concrete pile, - Pile, column"
tấm Thép đệm kg,tấm Thép đệm kg,Material,General,,0.0,0.0,0.0,0.0,0,VND,0.0,2.6,1,1,"Concrete Pile, Column, Pile CỪ - Concrete pile, - Pile, column","Dinh muc du toan xay dung cong trinh (TT 12/2021/TT-BXD), Phu luc II","Concrete piles, columns and precast members","Concrete Pile, Column, Pile CỪ - Concrete pile, - Pile, column"
"sổ, Bu lông M18x20 cái","sổ, Bu lông M18x20 cái",Material,General,,0.0,0.0,0.0,0.0,0,VND,0.0,6.0,1,1,"Concrete Pile, Column, Pile CỪ - Concrete pile, - Pile, column","Dinh muc du toan xay dung cong trinh (TT 12/2021/TT-BXD), Phu luc II","Concrete piles, columns and precast members","Concrete Pile, Column, Pile CỪ - Concrete pile, - Pile, column"
công suất 5945 cv,công suất 5945 cv,Equipment,General,ca,0.0,0.0,0.0,0.0,0,VND,0.0,0.002,1,1,Excavation BÙN by Manual - Excavation bùn in mọi điều component - Bùn đặ,"Dinh muc du toan xay dung cong trinh (TT 12/2021/TT-BXD), Phu luc II",Earthwork - excavation and filling,Excavation BÙN by Manual - Excavation bùn in mọi điều component - Bùn đặ
"Bu lông M8, L=60mm bộ","Bu lông M8, L=60mm bộ",Material,General,,0.0,0.0,0.0,0.0,0,VND,0.0,8.64,1,1,Construction Layer LÓT Foundation in KHUNG VÂY - Construction layer lót món,"Dinh muc du toan xay dung cong trinh (TT 12/2021/TT-BXD), Phu luc II",Foundation blinding and cofferdam base layers,Construction Layer LÓT Foundation in KHUNG VÂY - Construction layer lót món
"Bu lông M18, L=200mm bộ","Bu lông M18, L=200mm bộ",Material,General,,0.0,0.0,0.0,0.0,0,VND,0.0,1.44,1,1,Construction Layer LÓT Foundation in KHUNG VÂY - Construction layer lót món,"Dinh muc du toan xay dung cong trinh (TT 12/2021/TT-BXD), Phu luc II",Foundation blinding and cofferdam base layers,Construction Layer LÓT Foundation in KHUNG VÂY - Construction layer lót món
Thép tấm mạ kẽm các loại tấn,Thép tấm mạ kẽm các loại tấn,Material,General,,0.0,0.0,0.0,0.0,0,VND,0.0,0.02,1,1,Construction Layer LÓT Foundation in KHUNG VÂY - Construction layer lót món,"Dinh muc du toan xay dung cong trinh (TT 12/2021/TT-BXD), Phu luc II",Foundation blinding and cofferdam base layers,Construction Layer LÓT Foundation in KHUNG VÂY - Construction layer lót món
Thép ống mạ kẽm D141 tấn,Thép ống mạ kẽm D141 tấn,Material,General,,0.0,0.0,0.0,0.0,0,VND,0.0,0.1,1,1,Construction Layer LÓT Foundation in KHUNG VÂY - Construction layer lót món,"Dinh muc du toan xay dung cong trinh (TT 12/2021/TT-BXD), Phu luc II",Foundation blinding and cofferdam base layers,Construction Layer LÓT Foundation in KHUNG VÂY - Construction layer lót món
"Máy cưa kim loại 2,7 kW ca","Máy cưa kim loại 2,7 kW ca",Equipment,General,ca,0.0,0.0,0.0,0.0,0,VND,0.0,0.054,1,1,Construction Layer LÓT Foundation in KHUNG VÂY - Construction layer lót món,"Dinh muc du toan xay dung cong trinh (TT 12/2021/TT-BXD), Phu luc II",Foundation blinding and cofferdam base layers,Construction Layer LÓT Foundation in KHUNG VÂY - Construction layer lót món
Máy cắt bê tông 12 cv ca,Máy cắt bê tông 12 cv ca,Equipment,General,ca,0.0,0.0,0.0,0.0,0,VND,0.0,0.018,1,1,Construction Layer LÓT Foundation in KHUNG VÂY - Construction layer lót món,"Dinh muc du toan xay dung cong trinh (TT 12/2021/TT-BXD), Phu luc II",Foundation blinding and cofferdam base layers,Construction Layer LÓT Foundation in KHUNG VÂY - Construction layer lót món
Lưỡi cắt bê tông D356mm cái,Lưỡi cắt bê tông D356mm cái,Material,General,,0.0,0.0,0.0,0.0,0,VND,0.0,0.022,1,1,Construction Layer LÓT Foundation in KHUNG VÂY - Construction layer lót món,"Dinh muc du toan xay dung cong trinh (TT 12/2021/TT-BXD), Phu luc II",Foundation blinding and cofferdam base layers,Construction Layer LÓT Foundation in KHUNG VÂY - Construction layer lót món
Thép bản răng lược khe co dãn m,Thép bản răng lược khe co dãn m,Material,General,,0.0,0.0,0.0,0.0,0,VND,0.0,1.05,1,1,Construction Layer LÓT Foundation in KHUNG VÂY - Construction layer lót món,"Dinh muc du toan xay dung cong trinh (TT 12/2021/TT-BXD), Phu luc II",Foundation blinding and cofferdam base layers,Construction Layer LÓT Foundation in KHUNG VÂY - Construction layer lót món
Tấm sàn D10,Tấm sàn D10,Material,General,m2,0.0,0.0,0.0,0.0,0,VND,0.0,1.06,1,1,"Concrete Pile, Column, Pile CỪ - Concrete pile, - Pile, column","Dinh muc du toan xay dung cong trinh (TT 12/2021/TT-BXD), Phu luc II","Concrete piles, columns and precast members","Concrete Pile, Column, Pile CỪ - Concrete pile, - Pile, column"
"Máy đóng cọc 3,5 t","Máy đóng cọc 3,5 t",Equipment,General,ca,0.0,0.0,0.0,0.0,0,VND,0.0,2.394,1,1,"Pile driving TRE by Manual - Pile driving tre by manual, chi","Dinh muc du toan xay dung cong trinh (TT 12/2021/TT-BXD), Phu luc II",Piling and cast-in-place bored piles,"Pile driving TRE by Manual - Pile driving tre by manual, chi"
Tấm sàn D5,Tấm sàn D5,Material,General,m2,0.0,0.0,0.0,0.0,0,VND,0.0,1.06,1,1,"Concrete Pile, Column, Pile CỪ - Concrete pile, - Pile, column","Dinh muc du toan xay dung cong trinh (TT 12/2021/TT-BXD), Phu luc II","Concrete piles, columns and precast members","Concrete Pile, Column, Pile CỪ - Concrete pile, - Pile, column"
Tấm tường D15,Tấm tường D15,Material,General,m2,0.0,0.0,0.0,0.0,0,VND,0.0,1.06,1,1,"Concrete Pile, Column, Pile CỪ - Concrete pile, - Pile, column","Dinh muc du toan xay dung cong trinh (TT 12/2021/TT-BXD), Phu luc II","Concrete piles, columns and precast members","Concrete Pile, Column, Pile CỪ - Concrete pile, - Pile, column"
"đan, Vật liệu Gỗ ván (cả nẹp)","đan, Vật liệu Gỗ ván (cả nẹp)",Material,General,m3,0.0,0.0,0.0,0.0,0,VND,0.0,0.123,1,1,"Concrete Pile, Column, Pile CỪ - Concrete pile, - Pile, column","Dinh muc du toan xay dung cong trinh (TT 12/2021/TT-BXD), Phu luc II","Concrete piles, columns and precast members","Concrete Pile, Column, Pile CỪ - Concrete pile, - Pile, column"
"Gỗ nẹp, giằng chống","Gỗ nẹp, giằng chống",Material,General,m3,0.0,0.0,0.0,0.0,0,VND,0.0,0.21,1,1,"Concrete Pile, Column, Pile CỪ - Concrete pile, - Pile, column","Dinh muc du toan xay dung cong trinh (TT 12/2021/TT-BXD), Phu luc II","Concrete piles, columns and precast members","Concrete Pile, Column, Pile CỪ - Concrete pile, - Pile, column"
Kẽm buộc 1mm kg,Kẽm buộc 1mm kg,Material,General,,0.0,0.0,0.0,0.0,0,VND,0.0,0.044,1,1,"Concrete Pile, Column, Pile CỪ - Concrete pile, - Pile, column","Dinh muc du toan xay dung cong trinh (TT 12/2021/TT-BXD), Phu luc II","Concrete piles, columns and precast members","Concrete Pile, Column, Pile CỪ - Concrete pile, - Pile, column"
Lưới thép V-3D tăng cường m,Lưới thép V-3D tăng cường m,Material,General,,0.0,0.0,0.0,0.0,0,VND,0.0,1.03,1,1,"Concrete Pile, Column, Pile CỪ - Concrete pile, - Pile, column","Dinh muc du toan xay dung cong trinh (TT 12/2021/TT-BXD), Phu luc II","Concrete piles, columns and precast members","Concrete Pile, Column, Pile CỪ - Concrete pile, - Pile, column"
Vữa không co ngót,Vữa không co ngót,Material,General,kg,0.0,0.0,0.0,0.0,0,VND,0.0,0.22,1,1,"Concrete Pile, Column, Pile CỪ - Concrete pile, - Pile, column","Dinh muc du toan xay dung cong trinh (TT 12/2021/TT-BXD), Phu luc II","Concrete piles, columns and precast members","Concrete Pile, Column, Pile CỪ - Concrete pile, - Pile, column"
Mỡ trung tính,Mỡ trung tính,Material,General,kg,0.0,0.0,0.0,0.0,0,VND,0.0,0.05,1,1,"Concrete Pile, Column, Pile CỪ - Concrete pile, - Pile, column","Dinh muc du toan xay dung cong trinh (TT 12/2021/TT-BXD), Phu luc II","Concrete piles, columns and precast members","Concrete Pile, Column, Pile CỪ - Concrete pile, - Pile, column"
Cốc nhựa,Cốc nhựa,Material,General,cái,0.0,0.0,0.0,0.0,0,VND,0.0,1.0,1,1,"Concrete Pile, Column, Pile CỪ - Concrete pile, - Pile, column","Dinh muc du toan xay dung cong trinh (TT 12/2021/TT-BXD), Phu luc II","Concrete piles, columns and precast members","Concrete Pile, Column, Pile CỪ - Concrete pile, - Pile, column"
Côn nhựa,Côn nhựa,Material,General,cái,0.0,0.0,0.0,0.0,0,VND,0.0,1.0,1,1,"Concrete Pile, Column, Pile CỪ - Concrete pile, - Pile, column","Dinh muc du toan xay dung cong trinh (TT 12/2021/TT-BXD), Phu luc II","Concrete piles, columns and precast members","Concrete Pile, Column, Pile CỪ - Concrete pile, - Pile, column"
Đầu neo kéo,Đầu neo kéo,Material,General,cái,0.0,0.0,0.0,0.0,0,VND,0.0,1.0,1,1,"Concrete Pile, Column, Pile CỪ - Concrete pile, - Pile, column","Dinh muc du toan xay dung cong trinh (TT 12/2021/TT-BXD), Phu luc II","Concrete piles, columns and precast members","Concrete Pile, Column, Pile CỪ - Concrete pile, - Pile, column"
Thép không rỉ,Thép không rỉ,Material,General,kg,0.0,0.0,0.0,0.0,0,VND,0.0,8.34,1,1,Construction Layer LÓT Foundation in KHUNG VÂY - Construction layer lót món,"Dinh muc du toan xay dung cong trinh (TT 12/2021/TT-BXD), Phu luc II",Foundation blinding and cofferdam base layers,Construction Layer LÓT Foundation in KHUNG VÂY - Construction layer lót món
Vữa xi măng mác 100,Vữa xi măng mác 100,Material,General,m3,0.0,0.0,0.0,0.0,0,VND,0.0,0.032,1,1,Construction Layer LÓT Foundation in KHUNG VÂY - Construction layer lót món,"Dinh muc du toan xay dung cong trinh (TT 12/2021/TT-BXD), Phu luc II",Foundation blinding and cofferdam base layers,Construction Layer LÓT Foundation in KHUNG VÂY - Construction layer lót món
Thép bản d=2mm,Thép bản d=2mm,Material,General,kg,0.0,0.0,0.0,0.0,0,VND,0.0,11.59,1,1,Construction Layer LÓT Foundation in KHUNG VÂY - Construction layer lót món,"Dinh muc du toan xay dung cong trinh (TT 12/2021/TT-BXD), Phu luc II",Foundation blinding and cofferdam base layers,Construction Layer LÓT Foundation in KHUNG VÂY - Construction layer lót món
"hệ số điều chỉnh 0,8 và không tính hao phí máy ép","hệ số điều chỉnh 0,8 và không tính hao phí máy ép",Equipment,General,ca,0.0,0.0,0.0,0.0,0,VND,0.0,45.0,1,1,Construction Layer LÓT Foundation in KHUNG VÂY - Construction layer lót món,"Dinh muc du toan xay dung cong trinh (TT 12/2021/TT-BXD), Phu luc II",Foundation blinding and cofferdam base layers,Construction Layer LÓT Foundation in KHUNG VÂY - Construction layer lót món
Cần cẩu 5 t ca,Cần cẩu 5 t ca,Equipment,General,ca,0.0,0.0,0.0,0.0,0,VND,0.0,0.01,1,1,Construction Layer LÓT Foundation in KHUNG VÂY - Construction layer lót món,"Dinh muc du toan xay dung cong trinh (TT 12/2021/TT-BXD), Phu luc II",Foundation blinding and cofferdam base layers,Construction Layer LÓT Foundation in KHUNG VÂY - Construction layer lót món
Máy ép cọc thủy lực 45 Hp ca,Máy ép cọc thủy lực 45 Hp ca,Equipment,General,ca,0.0,0.0,0.0,0.0,0,VND,0.0,0.042,1,1,Construction Layer LÓT Foundation in KHUNG VÂY - Construction layer lót món,"Dinh muc du toan xay dung cong trinh (TT 12/2021/TT-BXD), Phu luc II",Foundation blinding and cofferdam base layers,Construction Layer LÓT Foundation in KHUNG VÂY - Construction layer lót món
Máy xiết bu lông ca,Máy xiết bu lông ca,Equipment,General,ca,0.0,0.0,0.0,0.0,0,VND,0.0,0.105,1,1,Construction Layer LÓT Foundation in KHUNG VÂY - Construction layer lót món,"Dinh muc du toan xay dung cong trinh (TT 12/2021/TT-BXD), Phu luc II",Foundation blinding and cofferdam base layers,Construction Layer LÓT Foundation in KHUNG VÂY - Construction layer lót món
"Máy cắt 1,7 kW ca","Máy cắt 1,7 kW ca",Equipment,General,ca,0.0,0.0,0.0,0.0,0,VND,0.0,0.143,1,1,Construction Layer LÓT Foundation in KHUNG VÂY - Construction layer lót món,"Dinh muc du toan xay dung cong trinh (TT 12/2021/TT-BXD), Phu luc II",Foundation blinding and cofferdam base layers,Construction Layer LÓT Foundation in KHUNG VÂY - Construction layer lót món
Bánh xoay nhựa D345x480mm cái,Bánh xoay nhựa D345x480mm cái,Material,General,,0.0,0.0,0.0,0.0,0,VND,0.0,1.44,1,1,Construction Layer LÓT Foundation in KHUNG VÂY - Construction layer lót món,"Dinh muc du toan xay dung cong trinh (TT 12/2021/TT-BXD), Phu luc II",Foundation blinding and cofferdam base layers,Construction Layer LÓT Foundation in KHUNG VÂY - Construction layer lót món
"Bu lông M18, L=125mm bộ","Bu lông M18, L=125mm bộ",Material,General,,0.0,0.0,0.0,0.0,0,VND,0.0,2.88,1,1,Construction Layer LÓT Foundation in KHUNG VÂY - Construction layer lót món,"Dinh muc du toan xay dung cong trinh (TT 12/2021/TT-BXD), Phu luc II",Foundation blinding and cofferdam base layers,Construction Layer LÓT Foundation in KHUNG VÂY - Construction layer lót món
"Máy đào 1,25m3 gắn hàm kẹp ca","Máy đào 1,25m3 gắn hàm kẹp ca",Equipment,General,ca,0.0,0.0,0.0,0.0,0,VND,0.0,3.2,1,1,Excavation BÙN by Manual - Excavation bùn in mọi điều component - Bùn đặ,"Dinh muc du toan xay dung cong trinh (TT 12/2021/TT-BXD), Phu luc II",Earthwork - excavation and filling,Excavation BÙN by Manual - Excavation bùn in mọi điều component - Bùn đặ
Cột chống thép hình kg,Cột chống thép hình kg,Material,General,,0.0,0.0,0.0,0.0,0,VND,0.0,1.931,1,1,Concrete LÓT Foundation - Concrete lót -    ,"Dinh muc du toan xay dung cong trinh (TT 12/2021/TT-BXD), Phu luc II",In situ concrete,Concrete LÓT Foundation - Concrete lót -    
Củi đốt kg,Củi đốt kg,Material,General,,0.0,0.0,0.0,0.0,0,VND,0.0,3.32,1,1,Construction Layer LÓT Foundation in KHUNG VÂY - Construction layer lót món,"Dinh muc du toan xay dung cong trinh (TT 12/2021/TT-BXD), Phu luc II",Foundation blinding and cofferdam base layers,Construction Layer LÓT Foundation in KHUNG VÂY - Construction layer lót món
Thép tròn 6 kg,Thép tròn 6 kg,Material,General,,0.0,0.0,0.0,0.0,0,VND,0.0,1.047,1,1,Construction Layer LÓT Foundation in KHUNG VÂY - Construction layer lót món,"Dinh muc du toan xay dung cong trinh (TT 12/2021/TT-BXD), Phu luc II",Foundation blinding and cofferdam base layers,Construction Layer LÓT Foundation in KHUNG VÂY - Construction layer lót món
Dây thừng m,Dây thừng m,Material,General,,0.0,0.0,0.0,0.0,0,VND,0.0,2.05,1,1,Construction Layer LÓT Foundation in KHUNG VÂY - Construction layer lót món,"Dinh muc du toan xay dung cong trinh (TT 12/2021/TT-BXD), Phu luc II",Foundation blinding and cofferdam base layers,Construction Layer LÓT Foundation in KHUNG VÂY - Construction layer lót món
Vữa xi măng mác 100 m3,Vữa xi măng mác 100 m3,Material,General,,0.0,0.0,0.0,0.0,0,VND,0.0,0.02,1,1,Construction Layer LÓT Foundation in KHUNG VÂY - Construction layer lót món,"Dinh muc du toan xay dung cong trinh (TT 12/2021/TT-BXD), Phu luc II",Foundation blinding and cofferdam base layers,Construction Layer LÓT Foundation in KHUNG VÂY - Construction layer lót món
PVC Tấm nhựa PVC loại KN92 m,PVC Tấm nhựa PVC loại KN92 m,Material,General,,0.0,0.0,0.0,0.0,0,VND,0.0,1.05,1,1,Construction Layer LÓT Foundation in KHUNG VÂY - Construction layer lót món,"Dinh muc du toan xay dung cong trinh (TT 12/2021/TT-BXD), Phu luc II",Foundation blinding and cofferdam base layers,Construction Layer LÓT Foundation in KHUNG VÂY - Construction layer lót món
Máy khoan xoay 54 cv,Máy khoan xoay 54 cv,Equipment,General,ca,0.0,0.0,0.0,0.0,0,VND,0.0,0.05,1,1,"Pile driving TRE by Manual - Pile driving tre by manual, chi","Dinh muc du toan xay dung cong trinh (TT 12/2021/TT-BXD), Phu luc II",Piling and cast-in-place bored piles,"Pile driving TRE by Manual - Pile driving tre by manual, chi"
"loại M Cần khoan D 63,5 mm","loại M Cần khoan D 63,5 mm",Material,General,m,0.0,0.0,0.0,0.0,0,VND,0.0,0.013,1,1,"Pile driving TRE by Manual - Pile driving tre by manual, chi","Dinh muc du toan xay dung cong trinh (TT 12/2021/TT-BXD), Phu luc II",Piling and cast-in-place bored piles,"Pile driving TRE by Manual - Pile driving tre by manual, chi"
Máy bơm nước 20kW,Máy bơm nước 20kW,Equipment,General,ca,0.0,0.0,0.0,0.0,0,VND,0.0,1.15,1,1,"Concrete Pile, Column, Pile CỪ - Concrete pile, - Pile, column","Dinh muc du toan xay dung cong trinh (TT 12/2021/TT-BXD), Phu luc II","Concrete piles, columns and precast members","Concrete Pile, Column, Pile CỪ - Concrete pile, - Pile, column"
Tấm tường D10,Tấm tường D10,Material,General,m2,0.0,0.0,0.0,0.0,0,VND,0.0,1.06,1,1,"Concrete Pile, Column, Pile CỪ - Concrete pile, - Pile, column","Dinh muc du toan xay dung cong trinh (TT 12/2021/TT-BXD), Phu luc II","Concrete piles, columns and precast members","Concrete Pile, Column, Pile CỪ - Concrete pile, - Pile, column"
Tấm tường D5,Tấm tường D5,Material,General,m2,0.0,0.0,0.0,0.0,0,VND,0.0,1.06,1,1,"Concrete Pile, Column, Pile CỪ - Concrete pile, - Pile, column","Dinh muc du toan xay dung cong trinh (TT 12/2021/TT-BXD), Phu luc II","Concrete piles, columns and precast members","Concrete Pile, Column, Pile CỪ - Concrete pile, - Pile, column"
Hệ kích thủy lực 25 t ca,Hệ kích thủy lực 25 t ca,Equipment,General,ca,0.0,0.0,0.0,0.0,0,VND,0.0,0.28,1,1,"Concrete Pile, Column, Pile CỪ - Concrete pile, - Pile, column","Dinh muc du toan xay dung cong trinh (TT 12/2021/TT-BXD), Phu luc II","Concrete piles, columns and precast members","Concrete Pile, Column, Pile CỪ - Concrete pile, - Pile, column"
Gỗ kê chèn m3,Gỗ kê chèn m3,Material,General,,0.0,0.0,0.0,0.0,0,VND,0.0,0.013,1,1,"Concrete Pile, Column, Pile CỪ - Concrete pile, - Pile, column","Dinh muc du toan xay dung cong trinh (TT 12/2021/TT-BXD), Phu luc II","Concrete piles, columns and precast members","Concrete Pile, Column, Pile CỪ - Concrete pile, - Pile, column"
Nêm kích bộ,Nêm kích bộ,Material,General,,0.0,0.0,0.0,0.0,0,VND,0.0,0.062,1,1,"Concrete Pile, Column, Pile CỪ - Concrete pile, - Pile, column","Dinh muc du toan xay dung cong trinh (TT 12/2021/TT-BXD), Phu luc II","Concrete piles, columns and precast members","Concrete Pile, Column, Pile CỪ - Concrete pile, - Pile, column"
Nêm neo cáp bộ,Nêm neo cáp bộ,Material,General,,0.0,0.0,0.0,0.0,0,VND,0.0,3.977,1,1,"Concrete Pile, Column, Pile CỪ - Concrete pile, - Pile, column","Dinh muc du toan xay dung cong trinh (TT 12/2021/TT-BXD), Phu luc II","Concrete piles, columns and precast members","Concrete Pile, Column, Pile CỪ - Concrete pile, - Pile, column"
lực Vật liệu Cáp thép kg,lực Vật liệu Cáp thép kg,Material,General,,0.0,0.0,0.0,0.0,0,VND,0.0,1100.0,1,1,"Concrete Pile, Column, Pile CỪ - Concrete pile, - Pile, column","Dinh muc du toan xay dung cong trinh (TT 12/2021/TT-BXD), Phu luc II","Concrete piles, columns and precast members","Concrete Pile, Column, Pile CỪ - Concrete pile, - Pile, column"
sân Vật liệu bê Gỗ ván m3,sân Vật liệu bê Gỗ ván m3,Material,General,,0.0,0.0,0.0,0.0,0,VND,0.0,0.794,1,1,Concrete LÓT Foundation - Concrete lót -    ,"Dinh muc du toan xay dung cong trinh (TT 12/2021/TT-BXD), Phu luc II",In situ concrete,Concrete LÓT Foundation - Concrete lót -    
105mm Máy nén khí 1200 m3/h ca,105mm Máy nén khí 1200 m3/h ca,Equipment,General,ca,0.0,0.0,0.0,0.0,0,VND,0.0,16.28,1,1,Construction Layer LÓT Foundation in KHUNG VÂY - Construction layer lót món,"Dinh muc du toan xay dung cong trinh (TT 12/2021/TT-BXD), Phu luc II",Foundation blinding and cofferdam base layers,Construction Layer LÓT Foundation in KHUNG VÂY - Construction layer lót món
Máy khoan xoay đập tự hành ca,Máy khoan xoay đập tự hành ca,Equipment,General,ca,0.0,0.0,0.0,0.0,0,VND,0.0,16.28,1,1,Construction Layer LÓT Foundation in KHUNG VÂY - Construction layer lót món,"Dinh muc du toan xay dung cong trinh (TT 12/2021/TT-BXD), Phu luc II",Foundation blinding and cofferdam base layers,Construction Layer LÓT Foundation in KHUNG VÂY - Construction layer lót món
Quả đập khí nén f105 cái,Quả đập khí nén f105 cái,Material,General,,0.0,0.0,0.0,0.0,0,VND,0.0,2.0,1,1,Construction Layer LÓT Foundation in KHUNG VÂY - Construction layer lót món,"Dinh muc du toan xay dung cong trinh (TT 12/2021/TT-BXD), Phu luc II",Foundation blinding and cofferdam base layers,Construction Layer LÓT Foundation in KHUNG VÂY - Construction layer lót món
"Cần khoan f76, L=1,20m cái","Cần khoan f76, L=1,20m cái",Material,General,,0.0,0.0,0.0,0.0,0,VND,0.0,2.5,1,1,Construction Layer LÓT Foundation in KHUNG VÂY - Construction layer lót món,"Dinh muc du toan xay dung cong trinh (TT 12/2021/TT-BXD), Phu luc II",Foundation blinding and cofferdam base layers,Construction Layer LÓT Foundation in KHUNG VÂY - Construction layer lót món
Mũi khoan f105 cái,Mũi khoan f105 cái,Material,General,,0.0,0.0,0.0,0.0,0,VND,0.0,6.0,1,1,Construction Layer LÓT Foundation in KHUNG VÂY - Construction layer lót món,"Dinh muc du toan xay dung cong trinh (TT 12/2021/TT-BXD), Phu luc II",Foundation blinding and cofferdam base layers,Construction Layer LÓT Foundation in KHUNG VÂY - Construction layer lót món
Máy bơm vữa 32-50m3/h ca,Máy bơm vữa 32-50m3/h ca,Equipment,General,ca,0.0,0.0,0.0,0.0,0,VND,0.0,0.1,1,1,Construction Layer LÓT Foundation in KHUNG VÂY - Construction layer lót món,"Dinh muc du toan xay dung cong trinh (TT 12/2021/TT-BXD), Phu luc II",Foundation blinding and cofferdam base layers,Construction Layer LÓT Foundation in KHUNG VÂY - Construction layer lót món
Thép tròn Φ >18mm kg,Thép tròn Φ >18mm kg,Material,General,,0.0,0.0,0.0,0.0,0,VND,0.0,0.012,1,1,Concrete LÓT Foundation - Concrete lót -    ,"Dinh muc du toan xay dung cong trinh (TT 12/2021/TT-BXD), Phu luc II",In situ concrete,Concrete LÓT Foundation - Concrete lót -    
Thép tấm dày 5mm kg,Thép tấm dày 5mm kg,Material,General,,0.0,0.0,0.0,0.0,0,VND,0.0,0.617,1,1,Concrete LÓT Foundation - Concrete lót -    ,"Dinh muc du toan xay dung cong trinh (TT 12/2021/TT-BXD), Phu luc II",In situ concrete,Concrete LÓT Foundation - Concrete lót -    
Máy nâng thủy lực 135 cv ca,Máy nâng thủy lực 135 cv ca,Equipment,General,ca,0.0,0.0,0.0,0.0,0,VND,0.0,1.682,1,1,Concrete LÓT Foundation - Concrete lót -    ,"Dinh muc du toan xay dung cong trinh (TT 12/2021/TT-BXD), Phu luc II",In situ concrete,Concrete LÓT Foundation - Concrete lót -    
Tôn tráng kẽm kg,Tôn tráng kẽm kg,Material,General,,0.0,0.0,0.0,0.0,0,VND,0.0,1100.0,1,1,Concrete LÓT Foundation - Concrete lót -    ,"Dinh muc du toan xay dung cong trinh (TT 12/2021/TT-BXD), Phu luc II",In situ concrete,Concrete LÓT Foundation - Concrete lót -    
đổ tại Thép hình kg,đổ tại Thép hình kg,Material,General,,0.0,0.0,0.0,0.0,0,VND,0.0,0.495,1,1,Concrete LÓT Foundation - Concrete lót -    ,"Dinh muc du toan xay dung cong trinh (TT 12/2021/TT-BXD), Phu luc II",In situ concrete,Concrete LÓT Foundation - Concrete lót -    
"dựng, Thép tấm kg","dựng, Thép tấm kg",Material,General,,0.0,0.0,0.0,0.0,0,VND,0.0,0.638,1,1,Concrete LÓT Foundation - Concrete lót -    ,"Dinh muc du toan xay dung cong trinh (TT 12/2021/TT-BXD), Phu luc II",In situ concrete,Concrete LÓT Foundation - Concrete lót -    
Kích 200 t ca,Kích 200 t ca,Equipment,General,ca,0.0,0.0,0.0,0.0,0,VND,0.0,0.04,1,1,Concrete LÓT Foundation - Concrete lót -    ,"Dinh muc du toan xay dung cong trinh (TT 12/2021/TT-BXD), Phu luc II",In situ concrete,Concrete LÓT Foundation - Concrete lót -    
Mỡ bò kg,Mỡ bò kg,Material,General,,0.0,0.0,0.0,0.0,0,VND,0.0,0.1,1,1,Concrete LÓT Foundation - Concrete lót -    ,"Dinh muc du toan xay dung cong trinh (TT 12/2021/TT-BXD), Phu luc II",In situ concrete,Concrete LÓT Foundation - Concrete lót -    
Cột chống thép ống kg,Cột chống thép ống kg,Material,General,,0.0,0.0,0.0,0.0,0,VND,0.0,0.165,1,1,Concrete LÓT Foundation - Concrete lót -    ,"Dinh muc du toan xay dung cong trinh (TT 12/2021/TT-BXD), Phu luc II",In situ concrete,Concrete LÓT Foundation - Concrete lót -    
Kích 250 t ca,Kích 250 t ca,Equipment,General,ca,0.0,0.0,0.0,0.0,0,VND,0.0,3.3,1,1,Concrete LÓT Foundation - Concrete lót -    ,"Dinh muc du toan xay dung cong trinh (TT 12/2021/TT-BXD), Phu luc II",In situ concrete,Concrete LÓT Foundation - Concrete lót -    
Máy bơm nước 20 kW ca,Máy bơm nước 20 kW ca,Equipment,General,ca,0.0,0.0,0.0,0.0,0,VND,0.0,1.17,1,1,Concrete LÓT Foundation - Concrete lót -    ,"Dinh muc du toan xay dung cong trinh (TT 12/2021/TT-BXD), Phu luc II",In situ concrete,Concrete LÓT Foundation - Concrete lót -    
Máy luồn cáp 15 kW ca,Máy luồn cáp 15 kW ca,Equipment,General,ca,0.0,0.0,0.0,0.0,0,VND,0.0,8.1,1,1,Concrete LÓT Foundation - Concrete lót -    ,"Dinh muc du toan xay dung cong trinh (TT 12/2021/TT-BXD), Phu luc II",In situ concrete,Concrete LÓT Foundation - Concrete lót -    
Cáp thép kg,Cáp thép kg,Material,General,,0.0,0.0,0.0,0.0,0,VND,0.0,1025.0,1,1,Concrete LÓT Foundation - Concrete lót -    ,"Dinh muc du toan xay dung cong trinh (TT 12/2021/TT-BXD), Phu luc II",In situ concrete,Concrete LÓT Foundation - Concrete lót -    
Tời điện 3t ca,Tời điện 3t ca,Equipment,General,ca,0.0,0.0,0.0,0.0,0,VND,0.0,1.55,1,1,Construction Layer LÓT Foundation in KHUNG VÂY - Construction layer lót món,"Dinh muc du toan xay dung cong trinh (TT 12/2021/TT-BXD), Phu luc II",Foundation blinding and cofferdam base layers,Construction Layer LÓT Foundation in KHUNG VÂY - Construction layer lót món
Thép tròn ≤10mm kg,Thép tròn ≤10mm kg,Material,General,,0.0,0.0,0.0,0.0,0,VND,0.0,4.5,1,1,Construction Layer LÓT Foundation in KHUNG VÂY - Construction layer lót món,"Dinh muc du toan xay dung cong trinh (TT 12/2021/TT-BXD), Phu luc II",Foundation blinding and cofferdam base layers,Construction Layer LÓT Foundation in KHUNG VÂY - Construction layer lót món
Thanh neo thép kg,Thanh neo thép kg,Material,General,,0.0,0.0,0.0,0.0,0,VND,0.0,1050.0,1,1,Construction Layer LÓT Foundation in KHUNG VÂY - Construction layer lót món,"Dinh muc du toan xay dung cong trinh (TT 12/2021/TT-BXD), Phu luc II",Foundation blinding and cofferdam base layers,Construction Layer LÓT Foundation in KHUNG VÂY - Construction layer lót món
Ống vách 168mm,Ống vách 168mm,Material,General,m,0.0,0.0,0.0,0.0,0,VND,0.0,0.01,1,1,Construction Layer LÓT Foundation in KHUNG VÂY - Construction layer lót món,"Dinh muc du toan xay dung cong trinh (TT 12/2021/TT-BXD), Phu luc II",Foundation blinding and cofferdam base layers,Construction Layer LÓT Foundation in KHUNG VÂY - Construction layer lót món
"Cần khoan L=1,5m","Cần khoan L=1,5m",Material,General,cái,0.0,0.0,0.0,0.0,0,VND,0.0,0.015,1,1,Construction Layer LÓT Foundation in KHUNG VÂY - Construction layer lót món,"Dinh muc du toan xay dung cong trinh (TT 12/2021/TT-BXD), Phu luc II",Foundation blinding and cofferdam base layers,Construction Layer LÓT Foundation in KHUNG VÂY - Construction layer lót món
Mũi khoan 168mm,Mũi khoan 168mm,Material,General,cái,0.0,0.0,0.0,0.0,0,VND,0.0,0.046,1,1,Construction Layer LÓT Foundation in KHUNG VÂY - Construction layer lót món,"Dinh muc du toan xay dung cong trinh (TT 12/2021/TT-BXD), Phu luc II",Foundation blinding and cofferdam base layers,Construction Layer LÓT Foundation in KHUNG VÂY - Construction layer lót món
Cần khoan L=1m,Cần khoan L=1m,Material,General,cái,0.0,0.0,0.0,0.0,0,VND,0.0,0.017,1,1,Construction Layer LÓT Foundation in KHUNG VÂY - Construction layer lót món,"Dinh muc du toan xay dung cong trinh (TT 12/2021/TT-BXD), Phu luc II",Foundation blinding and cofferdam base layers,Construction Layer LÓT Foundation in KHUNG VÂY - Construction layer lót món
Mũi khoan 80mm,Mũi khoan 80mm,Material,General,cái,0.0,0.0,0.0,0.0,0,VND,0.0,0.046,1,1,Construction Layer LÓT Foundation in KHUNG VÂY - Construction layer lót món,"Dinh muc du toan xay dung cong trinh (TT 12/2021/TT-BXD), Phu luc II",Foundation blinding and cofferdam base layers,Construction Layer LÓT Foundation in KHUNG VÂY - Construction layer lót món
Thép tròn  ≤ 18mm,Thép tròn  ≤ 18mm,Material,General,kg,0.0,0.0,0.0,0.0,0,VND,0.0,1020.0,1,1,Concrete LÓT Foundation - Concrete lót -    ,"Dinh muc du toan xay dung cong trinh (TT 12/2021/TT-BXD), Phu luc II",In situ concrete,Concrete LÓT Foundation - Concrete lót -    
Máy hàn 23 kW ca,Máy hàn 23 kW ca,Material,General,,0.0,0.0,0.0,0.0,0,VND,0.0,0.75,1,1,Concrete LÓT Foundation - Concrete lót -    ,"Dinh muc du toan xay dung cong trinh (TT 12/2021/TT-BXD), Phu luc II",In situ concrete,Concrete LÓT Foundation - Concrete lót -    
"Thép hình, thép tấm kg","Thép hình, thép tấm kg",Material,General,,0.0,0.0,0.0,0.0,0,VND,0.0,31.5,1,1,Concrete LÓT Foundation - Concrete lót -    ,"Dinh muc du toan xay dung cong trinh (TT 12/2021/TT-BXD), Phu luc II",In situ concrete,Concrete LÓT Foundation - Concrete lót -    
"Gỗ nẹp, chống m3","Gỗ nẹp, chống m3",Material,General,,0.0,0.0,0.0,0.0,0,VND,0.0,0.54,1,1,Concrete LÓT Foundation - Concrete lót -    ,"Dinh muc du toan xay dung cong trinh (TT 12/2021/TT-BXD), Phu luc II",In situ concrete,Concrete LÓT Foundation - Concrete lót -    
cố Neo OVM 15-4,cố Neo OVM 15-4,Material,General,bộ,0.0,0.0,0.0,0.0,0,VND,0.0,2.58,1,1,Construction Layer LÓT Foundation in KHUNG VÂY - Construction layer lót món,"Dinh muc du toan xay dung cong trinh (TT 12/2021/TT-BXD), Phu luc II",Foundation blinding and cofferdam base layers,Construction Layer LÓT Foundation in KHUNG VÂY - Construction layer lót món
Cần cẩu 10T phục vụ ca,Cần cẩu 10T phục vụ ca,Equipment,General,ca,0.0,0.0,0.0,0.0,0,VND,0.0,0.031,1,1,Concrete LÓT Foundation - Concrete lót -    ,"Dinh muc du toan xay dung cong trinh (TT 12/2021/TT-BXD), Phu luc II",In situ concrete,Concrete LÓT Foundation - Concrete lót -    
Cần cẩu 10 t phục vụ đầm chùm ca,Cần cẩu 10 t phục vụ đầm chùm ca,Equipment,General,ca,0.0,0.0,0.0,0.0,0,VND,0.0,0.031,1,1,Concrete LÓT Foundation - Concrete lót -    ,"Dinh muc du toan xay dung cong trinh (TT 12/2021/TT-BXD), Phu luc II",In situ concrete,Concrete LÓT Foundation - Concrete lót -    
"Máy đầm dùi 3,5kW ca","Máy đầm dùi 3,5kW ca",Equipment,General,ca,0.0,0.0,0.0,0.0,0,VND,0.0,0.089,1,1,Concrete LÓT Foundation - Concrete lót -    ,"Dinh muc du toan xay dung cong trinh (TT 12/2021/TT-BXD), Phu luc II",In situ concrete,Concrete LÓT Foundation - Concrete lót -    
chùm Cần cẩu 16 t ca,chùm Cần cẩu 16 t ca,Equipment,General,ca,0.0,0.0,0.0,0.0,0,VND,0.0,0.022,1,1,Concrete LÓT Foundation - Concrete lót -    ,"Dinh muc du toan xay dung cong trinh (TT 12/2021/TT-BXD), Phu luc II",In situ concrete,Concrete LÓT Foundation - Concrete lót -    
Cần cẩu 10 t phục vụ đầm ca,Cần cẩu 10 t phục vụ đầm ca,Equipment,General,ca,0.0,0.0,0.0,0.0,0,VND,0.0,0.031,1,1,Concrete LÓT Foundation - Concrete lót -    ,"Dinh muc du toan xay dung cong trinh (TT 12/2021/TT-BXD), Phu luc II",In situ concrete,Concrete LÓT Foundation - Concrete lót -    
Ôtô tưới nước 5 m3 ca,Ôtô tưới nước 5 m3 ca,Equipment,General,ca,0.0,0.0,0.0,0.0,0,VND,0.0,0.009,1,1,Concrete LÓT Foundation - Concrete lót -    ,"Dinh muc du toan xay dung cong trinh (TT 12/2021/TT-BXD), Phu luc II",In situ concrete,Concrete LÓT Foundation - Concrete lót -    
Tàu kéo 150CV,Tàu kéo 150CV,Equipment,General,ca,0.0,0.0,0.0,0.0,0,VND,0.0,0.16,1,1,Concrete LÓT Foundation - Concrete lót -    ,"Dinh muc du toan xay dung cong trinh (TT 12/2021/TT-BXD), Phu luc II",In situ concrete,Concrete LÓT Foundation - Concrete lót -    
Sà lan 400T,Sà lan 400T,Equipment,General,ca,0.0,0.0,0.0,0.0,0,VND,0.0,0.24,1,1,Concrete LÓT Foundation - Concrete lót -    ,"Dinh muc du toan xay dung cong trinh (TT 12/2021/TT-BXD), Phu luc II",In situ concrete,Concrete LÓT Foundation - Concrete lót -    
Nhũ tương Polime,Nhũ tương Polime,Material,General,lít,0.0,0.0,0.0,0.0,0,VND,0.0,81.13,1,1,Construction Foundation Graded aggregate Crushed stone - Construction foundation graded aggregate stone dă,"Dinh muc du toan xay dung cong trinh (TT 12/2021/TT-BXD), Phu luc II",Road base and sub-base,Construction Foundation Graded aggregate Crushed stone - Construction foundation
Máy rải Novachip 170 cv,Máy rải Novachip 170 cv,Equipment,General,ca,0.0,0.0,0.0,0.0,0,VND,0.0,0.01,1,1,Construction Foundation Graded aggregate Crushed stone - Construction foundation graded aggregate stone dă,"Dinh muc du toan xay dung cong trinh (TT 12/2021/TT-BXD), Phu luc II",Road base and sub-base,Construction Foundation Graded aggregate Crushed stone - Construction foundation
độ Nhũ tương Novabond,độ Nhũ tương Novabond,Material,General,lít,0.0,0.0,0.0,0.0,0,VND,0.0,92.25,1,1,Construction Foundation Graded aggregate Crushed stone - Construction foundation graded aggregate stone dă,"Dinh muc du toan xay dung cong trinh (TT 12/2021/TT-BXD), Phu luc II",Road base and sub-base,Construction Foundation Graded aggregate Crushed stone - Construction foundation
khe Vật liệu mố Vữa bê tông m3,khe Vật liệu mố Vữa bê tông m3,Material,General,,0.0,0.0,0.0,0.0,0,VND,0.0,1.025,1,1,Concrete LÓT Foundation - Concrete lót -    ,"Dinh muc du toan xay dung cong trinh (TT 12/2021/TT-BXD), Phu luc II",In situ concrete,Concrete LÓT Foundation - Concrete lót -    
đầm chùm Cần cẩu 40 t ca,đầm chùm Cần cẩu 40 t ca,Equipment,General,ca,0.0,0.0,0.0,0.0,0,VND,0.0,0.015,1,1,Concrete LÓT Foundation - Concrete lót -    ,"Dinh muc du toan xay dung cong trinh (TT 12/2021/TT-BXD), Phu luc II",In situ concrete,Concrete LÓT Foundation - Concrete lót -    
công và máy thi công được,công và máy thi công được,Equipment,General,nhân,0.0,0.0,0.0,0.0,0,VND,0.0,1.6,1,1,"Pile driving TRE by Manual - Pile driving tre by manual, chi","Dinh muc du toan xay dung cong trinh (TT 12/2021/TT-BXD), Phu luc II",Piling and cast-in-place bored piles,"Pile driving TRE by Manual - Pile driving tre by manual, chi"
Kích 30 t,Kích 30 t,Equipment,General,ca,0.0,0.0,0.0,0.0,0,VND,0.0,1.67,1,1,Concrete LÓT Foundation - Concrete lót -    ,"Dinh muc du toan xay dung cong trinh (TT 12/2021/TT-BXD), Phu luc II",In situ concrete,Concrete LÓT Foundation - Concrete lót -    
Ô tô tưới nước 5 m3,Ô tô tưới nước 5 m3,Equipment,General,ca,0.0,0.0,0.0,0.0,0,VND,0.0,0.09,1,1,Construction Foundation Graded aggregate Crushed stone - Construction foundation graded aggregate stone dă,"Dinh muc du toan xay dung cong trinh (TT 12/2021/TT-BXD), Phu luc II",Road base and sub-base,Construction Foundation Graded aggregate Crushed stone - Construction foundation
Phụ gia dẻo lít,Phụ gia dẻo lít,Material,General,,0.0,0.0,0.0,0.0,0,VND,0.0,14.6,1,1,Construction Layer LÓT Foundation in KHUNG VÂY - Construction layer lót món,"Dinh muc du toan xay dung cong trinh (TT 12/2021/TT-BXD), Phu luc II",Foundation blinding and cofferdam base layers,Construction Layer LÓT Foundation in KHUNG VÂY - Construction layer lót món
"neo, cần Vật liệu cố Xi măng kg","neo, cần Vật liệu cố Xi măng kg",Material,General,,0.0,0.0,0.0,0.0,0,VND,0.0,1930.0,1,1,Construction Layer LÓT Foundation in KHUNG VÂY - Construction layer lót món,"Dinh muc du toan xay dung cong trinh (TT 12/2021/TT-BXD), Phu luc II",Foundation blinding and cofferdam base layers,Construction Layer LÓT Foundation in KHUNG VÂY - Construction layer lót món
lấp Vật liệu Xi măng kg,lấp Vật liệu Xi măng kg,Material,General,,0.0,0.0,0.0,0.0,0,VND,0.0,1020.0,1,1,Construction Layer LÓT Foundation in KHUNG VÂY - Construction layer lót món,"Dinh muc du toan xay dung cong trinh (TT 12/2021/TT-BXD), Phu luc II",Foundation blinding and cofferdam base layers,Construction Layer LÓT Foundation in KHUNG VÂY - Construction layer lót món
cố Vật liệu nung Lưới thủy tinh m2,cố Vật liệu nung Lưới thủy tinh m2,Material,General,,0.0,0.0,0.0,0.0,0,VND,0.0,1.05,1,1,Construction Layer LÓT Foundation in KHUNG VÂY - Construction layer lót món,"Dinh muc du toan xay dung cong trinh (TT 12/2021/TT-BXD), Phu luc II",Foundation blinding and cofferdam base layers,Construction Layer LÓT Foundation in KHUNG VÂY - Construction layer lót món
"Máy khoan bê tông cầm tay 0,75 kW ca","Máy khoan bê tông cầm tay 0,75 kW ca",Equipment,General,ca,0.0,0.0,0.0,0.0,0,VND,0.0,0.1,1,1,Construction Layer LÓT Foundation in KHUNG VÂY - Construction layer lót món,"Dinh muc du toan xay dung cong trinh (TT 12/2021/TT-BXD), Phu luc II",Foundation blinding and cofferdam base layers,Construction Layer LÓT Foundation in KHUNG VÂY - Construction layer lót món
Lưới thép 1 a20 m2,Lưới thép 1 a20 m2,Material,General,,0.0,0.0,0.0,0.0,0,VND,0.0,1.1,1,1,Construction Layer LÓT Foundation in KHUNG VÂY - Construction layer lót món,"Dinh muc du toan xay dung cong trinh (TT 12/2021/TT-BXD), Phu luc II",Foundation blinding and cofferdam base layers,Construction Layer LÓT Foundation in KHUNG VÂY - Construction layer lót món
Lưới thép 4,Lưới thép 4,Material,General,m2,0.0,0.0,0.0,0.0,0,VND,0.0,1.1,1,1,Construction Layer LÓT Foundation in KHUNG VÂY - Construction layer lót món,"Dinh muc du toan xay dung cong trinh (TT 12/2021/TT-BXD), Phu luc II",Foundation blinding and cofferdam base layers,Construction Layer LÓT Foundation in KHUNG VÂY - Construction layer lót món
Bản đệm neo,Bản đệm neo,Material,General,cái,0.0,0.0,0.0,0.0,0,VND,0.0,5.89,1,1,Construction Layer LÓT Foundation in KHUNG VÂY - Construction layer lót món,"Dinh muc du toan xay dung cong trinh (TT 12/2021/TT-BXD), Phu luc II",Foundation blinding and cofferdam base layers,Construction Layer LÓT Foundation in KHUNG VÂY - Construction layer lót món
Bản chịu tải,Bản chịu tải,Material,General,cái,0.0,0.0,0.0,0.0,0,VND,0.0,22.39,1,1,Construction Layer LÓT Foundation in KHUNG VÂY - Construction layer lót món,"Dinh muc du toan xay dung cong trinh (TT 12/2021/TT-BXD), Phu luc II",Foundation blinding and cofferdam base layers,Construction Layer LÓT Foundation in KHUNG VÂY - Construction layer lót món
Neo OVM 158,Neo OVM 158,Material,General,bộ,0.0,0.0,0.0,0.0,0,VND,0.0,44.79,1,1,Construction Layer LÓT Foundation in KHUNG VÂY - Construction layer lót món,"Dinh muc du toan xay dung cong trinh (TT 12/2021/TT-BXD), Phu luc II",Foundation blinding and cofferdam base layers,Construction Layer LÓT Foundation in KHUNG VÂY - Construction layer lót món
Neo OVM 15-8,Neo OVM 15-8,Material,General,bộ,0.0,0.0,0.0,0.0,0,VND,0.0,4.71,1,1,Construction Layer LÓT Foundation in KHUNG VÂY - Construction layer lót món,"Dinh muc du toan xay dung cong trinh (TT 12/2021/TT-BXD), Phu luc II",Foundation blinding and cofferdam base layers,Construction Layer LÓT Foundation in KHUNG VÂY - Construction layer lót món
Ống nhựa,Ống nhựa,Material,General,m,0.0,0.0,0.0,0.0,0,VND,0.0,495.87,1,1,Construction Layer LÓT Foundation in KHUNG VÂY - Construction layer lót món,"Dinh muc du toan xay dung cong trinh (TT 12/2021/TT-BXD), Phu luc II",Foundation blinding and cofferdam base layers,Construction Layer LÓT Foundation in KHUNG VÂY - Construction layer lót món
hạ Vật liệu khác %,hạ Vật liệu khác %,Material,General,,0.0,0.0,0.0,0.0,0,VND,0.0,1.5,1,1,Concrete LÓT Foundation - Concrete lót -    ,"Dinh muc du toan xay dung cong trinh (TT 12/2021/TT-BXD), Phu luc II",In situ concrete,Concrete LÓT Foundation - Concrete lót -    
"hạ Vật liệu đỗ, Vữa bê tông m3","hạ Vật liệu đỗ, Vữa bê tông m3",Material,General,,0.0,0.0,0.0,0.0,0,VND,0.0,1.025,1,1,Concrete LÓT Foundation - Concrete lót -    ,"Dinh muc du toan xay dung cong trinh (TT 12/2021/TT-BXD), Phu luc II",In situ concrete,Concrete LÓT Foundation - Concrete lót -    
Máy nâng thuỷ lực,Máy nâng thuỷ lực,Equipment,General,ca,0.0,0.0,0.0,0.0,0,VND,0.0,0.013,1,1,Concrete LÓT Foundation - Concrete lót -    ,"Dinh muc du toan xay dung cong trinh (TT 12/2021/TT-BXD), Phu luc II",In situ concrete,Concrete LÓT Foundation - Concrete lót -    
Máy trộn 150 l ca,Máy trộn 150 l ca,Equipment,General,ca,0.0,0.0,0.0,0.0,0,VND,0.0,0.415,1,1,Concrete LÓT Foundation - Concrete lót -    ,"Dinh muc du toan xay dung cong trinh (TT 12/2021/TT-BXD), Phu luc II",In situ concrete,Concrete LÓT Foundation - Concrete lót -    
Máy bơm vữa 6 m3 ca,Máy bơm vữa 6 m3 ca,Equipment,General,ca,0.0,0.0,0.0,0.0,0,VND,0.0,0.415,1,1,Concrete LÓT Foundation - Concrete lót -    ,"Dinh muc du toan xay dung cong trinh (TT 12/2021/TT-BXD), Phu luc II",In situ concrete,Concrete LÓT Foundation - Concrete lót -    
Quả đập khí nén 105 cái,Quả đập khí nén 105 cái,Material,General,,0.0,0.0,0.0,0.0,0,VND,0.0,2.0,1,1,Construction Layer LÓT Foundation in KHUNG VÂY - Construction layer lót món,"Dinh muc du toan xay dung cong trinh (TT 12/2021/TT-BXD), Phu luc II",Foundation blinding and cofferdam base layers,Construction Layer LÓT Foundation in KHUNG VÂY - Construction layer lót món
Mũi khoan 105 cái,Mũi khoan 105 cái,Material,General,,0.0,0.0,0.0,0.0,0,VND,0.0,6.0,1,1,Construction Layer LÓT Foundation in KHUNG VÂY - Construction layer lót món,"Dinh muc du toan xay dung cong trinh (TT 12/2021/TT-BXD), Phu luc II",Foundation blinding and cofferdam base layers,Construction Layer LÓT Foundation in KHUNG VÂY - Construction layer lót món
"đập Cần khoan 76, L=1,2m cái","đập Cần khoan 76, L=1,2m cái",Material,General,,0.0,0.0,0.0,0.0,0,VND,0.0,2.5,1,1,Construction Layer LÓT Foundation in KHUNG VÂY - Construction layer lót món,"Dinh muc du toan xay dung cong trinh (TT 12/2021/TT-BXD), Phu luc II",Foundation blinding and cofferdam base layers,Construction Layer LÓT Foundation in KHUNG VÂY - Construction layer lót món
Máy khoan xoay đập tự hành 76 ca,Máy khoan xoay đập tự hành 76 ca,Equipment,General,ca,0.0,0.0,0.0,0.0,0,VND,0.0,7.19,1,1,Construction Layer LÓT Foundation in KHUNG VÂY - Construction layer lót món,"Dinh muc du toan xay dung cong trinh (TT 12/2021/TT-BXD), Phu luc II",Foundation blinding and cofferdam base layers,Construction Layer LÓT Foundation in KHUNG VÂY - Construction layer lót món
Ông nối nhanh cái,Ông nối nhanh cái,Material,General,,0.0,0.0,0.0,0.0,0,VND,0.0,10.0,1,1,Construction Layer LÓT Foundation in KHUNG VÂY - Construction layer lót món,"Dinh muc du toan xay dung cong trinh (TT 12/2021/TT-BXD), Phu luc II",Foundation blinding and cofferdam base layers,Construction Layer LÓT Foundation in KHUNG VÂY - Construction layer lót món
Tam pôn 42 cái,Tam pôn 42 cái,Material,General,,0.0,0.0,0.0,0.0,0,VND,0.0,2.5,1,1,Construction Layer LÓT Foundation in KHUNG VÂY - Construction layer lót món,"Dinh muc du toan xay dung cong trinh (TT 12/2021/TT-BXD), Phu luc II",Foundation blinding and cofferdam base layers,Construction Layer LÓT Foundation in KHUNG VÂY - Construction layer lót món
Quả đập khí nén 76 cái,Quả đập khí nén 76 cái,Material,General,,0.0,0.0,0.0,0.0,0,VND,0.0,2.0,1,1,Construction Layer LÓT Foundation in KHUNG VÂY - Construction layer lót món,"Dinh muc du toan xay dung cong trinh (TT 12/2021/TT-BXD), Phu luc II",Foundation blinding and cofferdam base layers,Construction Layer LÓT Foundation in KHUNG VÂY - Construction layer lót món
Mũi khoan 59-76 cái,Mũi khoan 59-76 cái,Material,General,,0.0,0.0,0.0,0.0,0,VND,0.0,5.65,1,1,Construction Layer LÓT Foundation in KHUNG VÂY - Construction layer lót món,"Dinh muc du toan xay dung cong trinh (TT 12/2021/TT-BXD), Phu luc II",Foundation blinding and cofferdam base layers,Construction Layer LÓT Foundation in KHUNG VÂY - Construction layer lót món
"đập Cần khoan 32, L=2,8m cái","đập Cần khoan 32, L=2,8m cái",Material,General,,0.0,0.0,0.0,0.0,0,VND,0.0,2.4,1,1,Construction Layer LÓT Foundation in KHUNG VÂY - Construction layer lót món,"Dinh muc du toan xay dung cong trinh (TT 12/2021/TT-BXD), Phu luc II",Foundation blinding and cofferdam base layers,Construction Layer LÓT Foundation in KHUNG VÂY - Construction layer lót món
Máy trộn vữa 150 l ca,Máy trộn vữa 150 l ca,Equipment,General,ca,0.0,0.0,0.0,0.0,0,VND,0.0,1.281,1,1,Construction Layer LÓT Foundation in KHUNG VÂY - Construction layer lót món,"Dinh muc du toan xay dung cong trinh (TT 12/2021/TT-BXD), Phu luc II",Foundation blinding and cofferdam base layers,Construction Layer LÓT Foundation in KHUNG VÂY - Construction layer lót món
Phụ gia trương nở kg,Phụ gia trương nở kg,Material,General,,0.0,0.0,0.0,0.0,0,VND,0.0,27.36,1,1,Construction Layer LÓT Foundation in KHUNG VÂY - Construction layer lót món,"Dinh muc du toan xay dung cong trinh (TT 12/2021/TT-BXD), Phu luc II",Foundation blinding and cofferdam base layers,Construction Layer LÓT Foundation in KHUNG VÂY - Construction layer lót món
Nước m3,Nước m3,Material,General,,0.0,0.0,0.0,0.0,0,VND,0.0,0.5,1,1,Construction Foundation Graded aggregate Crushed stone - Construction foundation graded aggregate stone dă,"Dinh muc du toan xay dung cong trinh (TT 12/2021/TT-BXD), Phu luc II",Road base and sub-base,Construction Foundation Graded aggregate Crushed stone - Construction foundation
Nhựa bitum bọt kg,Nhựa bitum bọt kg,Material,General,,0.0,0.0,0.0,0.0,0,VND,0.0,1353.55,1,1,Construction Foundation Graded aggregate Crushed stone - Construction foundation graded aggregate stone dă,"Dinh muc du toan xay dung cong trinh (TT 12/2021/TT-BXD), Phu luc II",Road base and sub-base,Construction Foundation Graded aggregate Crushed stone - Construction foundation
Răng cào hợp kim bộ,Răng cào hợp kim bộ,Material,General,,0.0,0.0,0.0,0.0,0,VND,0.0,0.025,1,1,Construction Foundation Graded aggregate Crushed stone - Construction foundation graded aggregate stone dă,"Dinh muc du toan xay dung cong trinh (TT 12/2021/TT-BXD), Phu luc II",Road base and sub-base,Construction Foundation Graded aggregate Crushed stone - Construction foundation
ô Nước m3,ô Nước m3,Material,General,,0.0,0.0,0.0,0.0,0,VND,0.0,1.81,1,1,Construction Foundation Graded aggregate Crushed stone - Construction foundation graded aggregate stone dă,"Dinh muc du toan xay dung cong trinh (TT 12/2021/TT-BXD), Phu luc II",Road base and sub-base,Construction Foundation Graded aggregate Crushed stone - Construction foundation
Tấm ốp kg,Tấm ốp kg,Material,General,,0.0,0.0,0.0,0.0,0,VND,0.0,2.11,1,1,Construction Layer LÓT Foundation in KHUNG VÂY - Construction layer lót món,"Dinh muc du toan xay dung cong trinh (TT 12/2021/TT-BXD), Phu luc II",Foundation blinding and cofferdam base layers,Construction Layer LÓT Foundation in KHUNG VÂY - Construction layer lót món
Tấm lót kg,Tấm lót kg,Material,General,,0.0,0.0,0.0,0.0,0,VND,0.0,6.09,1,1,Construction Layer LÓT Foundation in KHUNG VÂY - Construction layer lót món,"Dinh muc du toan xay dung cong trinh (TT 12/2021/TT-BXD), Phu luc II",Foundation blinding and cofferdam base layers,Construction Layer LÓT Foundation in KHUNG VÂY - Construction layer lót món
Ray P24 kg,Ray P24 kg,Material,General,,0.0,0.0,0.0,0.0,0,VND,0.0,50.4,1,1,Construction Layer LÓT Foundation in KHUNG VÂY - Construction layer lót món,"Dinh muc du toan xay dung cong trinh (TT 12/2021/TT-BXD), Phu luc II",Foundation blinding and cofferdam base layers,Construction Layer LÓT Foundation in KHUNG VÂY - Construction layer lót món
Cần trục bánh xích 16 t ca,Cần trục bánh xích 16 t ca,Equipment,General,ca,0.0,0.0,0.0,0.0,0,VND,0.0,0.04,1,1,Construction Layer LÓT Foundation in KHUNG VÂY - Construction layer lót món,"Dinh muc du toan xay dung cong trinh (TT 12/2021/TT-BXD), Phu luc II",Foundation blinding and cofferdam base layers,Construction Layer LÓT Foundation in KHUNG VÂY - Construction layer lót món
Thép chữ U kg,Thép chữ U kg,Material,General,,0.0,0.0,0.0,0.0,0,VND,0.0,1025.0,1,1,Construction Layer LÓT Foundation in KHUNG VÂY - Construction layer lót món,"Dinh muc du toan xay dung cong trinh (TT 12/2021/TT-BXD), Phu luc II",Foundation blinding and cofferdam base layers,Construction Layer LÓT Foundation in KHUNG VÂY - Construction layer lót món
Máy nén khí 540 m3/h ca,Máy nén khí 540 m3/h ca,Equipment,General,ca,0.0,0.0,0.0,0.0,0,VND,0.0,0.014,1,1,Construction Layer LÓT Foundation in KHUNG VÂY - Construction layer lót món,"Dinh muc du toan xay dung cong trinh (TT 12/2021/TT-BXD), Phu luc II",Foundation blinding and cofferdam base layers,Construction Layer LÓT Foundation in KHUNG VÂY - Construction layer lót món
căn Búa căn khí nén 3 m3/ph ca,căn Búa căn khí nén 3 m3/ph ca,Equipment,General,ca,0.0,0.0,0.0,0.0,0,VND,0.0,0.042,1,1,Construction Layer LÓT Foundation in KHUNG VÂY - Construction layer lót món,"Dinh muc du toan xay dung cong trinh (TT 12/2021/TT-BXD), Phu luc II",Foundation blinding and cofferdam base layers,Construction Layer LÓT Foundation in KHUNG VÂY - Construction layer lót món
Máy nén khí 660 m3/h ca,Máy nén khí 660 m3/h ca,Equipment,General,ca,0.0,0.0,0.0,0.0,0,VND,0.0,16.28,1,1,Construction Layer LÓT Foundation in KHUNG VÂY - Construction layer lót món,"Dinh muc du toan xay dung cong trinh (TT 12/2021/TT-BXD), Phu luc II",Foundation blinding and cofferdam base layers,Construction Layer LÓT Foundation in KHUNG VÂY - Construction layer lót món
Máy khoan xoay đập tự hành 105 ca,Máy khoan xoay đập tự hành 105 ca,Equipment,General,ca,0.0,0.0,0.0,0.0,0,VND,0.0,16.28,1,1,Construction Layer LÓT Foundation in KHUNG VÂY - Construction layer lót món,"Dinh muc du toan xay dung cong trinh (TT 12/2021/TT-BXD), Phu luc II",Foundation blinding and cofferdam base layers,Construction Layer LÓT Foundation in KHUNG VÂY - Construction layer lót món
Tam pôn 105 cái,Tam pôn 105 cái,Material,General,,0.0,0.0,0.0,0.0,0,VND,0.0,2.5,1,1,Construction Layer LÓT Foundation in KHUNG VÂY - Construction layer lót món,"Dinh muc du toan xay dung cong trinh (TT 12/2021/TT-BXD), Phu luc II",Foundation blinding and cofferdam base layers,Construction Layer LÓT Foundation in KHUNG VÂY - Construction layer lót món
Lưới thép làm đầu đốc m2,Lưới thép làm đầu đốc m2,Material,General,,0.0,0.0,0.0,0.0,0,VND,0.0,0.217,1,1,Concrete LÓT Foundation - Concrete lót -    ,"Dinh muc du toan xay dung cong trinh (TT 12/2021/TT-BXD), Phu luc II",In situ concrete,Concrete LÓT Foundation - Concrete lót -    
"Mày đầm dùi 1,5 kW ca","Mày đầm dùi 1,5 kW ca",Equipment,General,ca,0.0,0.0,0.0,0.0,0,VND,0.0,0.18,1,1,Concrete LÓT Foundation - Concrete lót -    ,"Dinh muc du toan xay dung cong trinh (TT 12/2021/TT-BXD), Phu luc II",In situ concrete,Concrete LÓT Foundation - Concrete lót -    
"Máy dầm dùi 1,5kW ca","Máy dầm dùi 1,5kW ca",Material,General,,0.0,0.0,0.0,0.0,0,VND,0.0,0.089,1,1,Concrete LÓT Foundation - Concrete lót -    ,"Dinh muc du toan xay dung cong trinh (TT 12/2021/TT-BXD), Phu luc II",In situ concrete,Concrete LÓT Foundation - Concrete lót -    
Máy bơm bê tông 50m3/h ca,Máy bơm bê tông 50m3/h ca,Material,General,,0.0,0.0,0.0,0.0,0,VND,0.0,0.033,1,1,Concrete LÓT Foundation - Concrete lót -    ,"Dinh muc du toan xay dung cong trinh (TT 12/2021/TT-BXD), Phu luc II",In situ concrete,Concrete LÓT Foundation - Concrete lót -    
Máy bơm nước 5 cv ca,Máy bơm nước 5 cv ca,Equipment,General,ca,0.0,0.0,0.0,0.0,0,VND,0.0,0.415,1,1,Concrete LÓT Foundation - Concrete lót -    ,"Dinh muc du toan xay dung cong trinh (TT 12/2021/TT-BXD), Phu luc II",In situ concrete,Concrete LÓT Foundation - Concrete lót -    
Máy lu rung chân cừu 20 t ca,Máy lu rung chân cừu 20 t ca,Equipment,General,ca,0.0,0.0,0.0,0.0,0,VND,0.0,0.092,1,1,Construction Foundation Graded aggregate Crushed stone - Construction foundation graded aggregate stone dă,"Dinh muc du toan xay dung cong trinh (TT 12/2021/TT-BXD), Phu luc II",Road base and sub-base,Construction Foundation Graded aggregate Crushed stone - Construction foundation
Ô tô tưới nước 16m3 ca,Ô tô tưới nước 16m3 ca,Equipment,General,ca,0.0,0.0,0.0,0.0,0,VND,0.0,0.184,1,1,Construction Foundation Graded aggregate Crushed stone - Construction foundation graded aggregate stone dă,"Dinh muc du toan xay dung cong trinh (TT 12/2021/TT-BXD), Phu luc II",Road base and sub-base,Construction Foundation Graded aggregate Crushed stone - Construction foundation
Xe bồn (13-14m3) chở bitum ca,Xe bồn (13-14m3) chở bitum ca,Equipment,General,ca,0.0,0.0,0.0,0.0,0,VND,0.0,0.184,1,1,Construction Foundation Graded aggregate Crushed stone - Construction foundation graded aggregate stone dă,"Dinh muc du toan xay dung cong trinh (TT 12/2021/TT-BXD), Phu luc II",Road base and sub-base,Construction Foundation Graded aggregate Crushed stone - Construction foundation
Máy rải xi măng SW16TC (16m3) ca,Máy rải xi măng SW16TC (16m3) ca,Equipment,General,ca,0.0,0.0,0.0,0.0,0,VND,0.0,0.092,1,1,Construction Foundation Graded aggregate Crushed stone - Construction foundation graded aggregate stone dă,"Dinh muc du toan xay dung cong trinh (TT 12/2021/TT-BXD), Phu luc II",Road base and sub-base,Construction Foundation Graded aggregate Crushed stone - Construction foundation
Máy cào bóc tái sinh Wirtgen 2400 ca,Máy cào bóc tái sinh Wirtgen 2400 ca,Equipment,General,ca,0.0,0.0,0.0,0.0,0,VND,0.0,0.092,1,1,Construction Foundation Graded aggregate Crushed stone - Construction foundation graded aggregate stone dă,"Dinh muc du toan xay dung cong trinh (TT 12/2021/TT-BXD), Phu luc II",Road base and sub-base,Construction Foundation Graded aggregate Crushed stone - Construction foundation
các kết cấu được định mức,các kết cấu được định mức,Equipment,General,ứng,0.0,0.0,0.0,0.0,0,VND,0.0,1.5,1,1,Masonry Foundation - Masonry foundation - Dimension   ,"Dinh muc du toan xay dung cong trinh (TT 12/2021/TT-BXD), Phu luc II",Masonry (brick and stone),Masonry Foundation - Masonry foundation - Dimension   
Keo chống mối Termiparge kg,Keo chống mối Termiparge kg,Material,General,,0.0,0.0,0.0,0.0,0,VND,0.0,8.5,1,1,Construction Layer LÓT Foundation in KHUNG VÂY - Construction layer lót món,"Dinh muc du toan xay dung cong trinh (TT 12/2021/TT-BXD), Phu luc II",Foundation blinding and cofferdam base layers,Construction Layer LÓT Foundation in KHUNG VÂY - Construction layer lót món
m2,m2,Material,General,,0.0,0.0,0.0,0.0,0,VND,0.0,1.1,1,1,Construction Layer LÓT Foundation in KHUNG VÂY - Construction layer lót món,"Dinh muc du toan xay dung cong trinh (TT 12/2021/TT-BXD), Phu luc II",Foundation blinding and cofferdam base layers,Construction Layer LÓT Foundation in KHUNG VÂY - Construction layer lót món
(TMA725) Keo chống mối Termiparge kg,(TMA725) Keo chống mối Termiparge kg,Material,General,,0.0,0.0,0.0,0.0,0,VND,0.0,4.72,1,1,Construction Layer LÓT Foundation in KHUNG VÂY - Construction layer lót món,"Dinh muc du toan xay dung cong trinh (TT 12/2021/TT-BXD), Phu luc II",Foundation blinding and cofferdam base layers,Construction Layer LÓT Foundation in KHUNG VÂY - Construction layer lót món
Lưới thép không gỉ Termimesh m2,Lưới thép không gỉ Termimesh m2,Material,General,,0.0,0.0,0.0,0.0,0,VND,0.0,1.1,1,1,Construction Layer LÓT Foundation in KHUNG VÂY - Construction layer lót món,"Dinh muc du toan xay dung cong trinh (TT 12/2021/TT-BXD), Phu luc II",Foundation blinding and cofferdam base layers,Construction Layer LÓT Foundation in KHUNG VÂY - Construction layer lót món
Tấm Neoweb m2,Tấm Neoweb m2,Material,General,,0.0,0.0,0.0,0.0,0,VND,0.0,103.0,1,1,Construction Layer LÓT Foundation in KHUNG VÂY - Construction layer lót món,"Dinh muc du toan xay dung cong trinh (TT 12/2021/TT-BXD), Phu luc II",Foundation blinding and cofferdam base layers,Construction Layer LÓT Foundation in KHUNG VÂY - Construction layer lót món
Tà vẹt gỗ m3,Tà vẹt gỗ m3,Material,General,,0.0,0.0,0.0,0.0,0,VND,0.0,0.04,1,1,Construction Layer LÓT Foundation in KHUNG VÂY - Construction layer lót món,"Dinh muc du toan xay dung cong trinh (TT 12/2021/TT-BXD), Phu luc II",Foundation blinding and cofferdam base layers,Construction Layer LÓT Foundation in KHUNG VÂY - Construction layer lót món
Vòng đệm kg,Vòng đệm kg,Material,General,,0.0,0.0,0.0,0.0,0,VND,0.0,0.02,1,1,Construction Layer LÓT Foundation in KHUNG VÂY - Construction layer lót món,"Dinh muc du toan xay dung cong trinh (TT 12/2021/TT-BXD), Phu luc II",Foundation blinding and cofferdam base layers,Construction Layer LÓT Foundation in KHUNG VÂY - Construction layer lót món
Bulông và đai ốc kg,Bulông và đai ốc kg,Material,General,,0.0,0.0,0.0,0.0,0,VND,0.0,0.26,1,1,Construction Layer LÓT Foundation in KHUNG VÂY - Construction layer lót món,"Dinh muc du toan xay dung cong trinh (TT 12/2021/TT-BXD), Phu luc II",Foundation blinding and cofferdam base layers,Construction Layer LÓT Foundation in KHUNG VÂY - Construction layer lót món
Đinh vấu kg,Đinh vấu kg,Material,General,,0.0,0.0,0.0,0.0,0,VND,0.0,1.89,1,1,Construction Layer LÓT Foundation in KHUNG VÂY - Construction layer lót món,"Dinh muc du toan xay dung cong trinh (TT 12/2021/TT-BXD), Phu luc II",Foundation blinding and cofferdam base layers,Construction Layer LÓT Foundation in KHUNG VÂY - Construction layer lót món
Gạch vỡ m3,Gạch vỡ m3,Material,General,,0.0,0.0,0.0,0.0,0,VND,0.0,0.893,1,1,Concrete LÓT Foundation - Concrete lót -    ,"Dinh muc du toan xay dung cong trinh (TT 12/2021/TT-BXD), Phu luc II",In situ concrete,Concrete LÓT Foundation - Concrete lót -    
Gas,Gas,Material,General,kg,0.0,0.0,0.0,0.0,0,VND,0.0,0.004,1,1,Construction Foundation Graded aggregate Crushed stone - Construction foundation graded aggregate stone dă,"Dinh muc du toan xay dung cong trinh (TT 12/2021/TT-BXD), Phu luc II",Road base and sub-base,Construction Foundation Graded aggregate Crushed stone - Construction foundation
"loại sơn, bột (bột đá, bột bả,..)","loại sơn, bột (bột đá, bột bả,..)",Material,General,tấn,0.0,0.0,0.0,0.0,0,VND,0.0,0.1,1,1,Loading Stacking Material RỜI LÊN PHƯƠNG TIỆN Transport by THỦ CÔN,"Dinh muc du toan xay dung cong trinh (TT 12/2021/TT-BXD), Phu luc II","Loading, unloading and transport",Loading Stacking Material RỜI LÊN PHƯƠNG TIỆN Transport by THỦ CÔN
"Máy đào 0,8m3 ca","Máy đào 0,8m3 ca",Material,General,,0.0,0.0,0.0,0.0,0,VND,0.0,0.3,1,1,Excavation BÙN by Manual - Excavation bùn in mọi điều component - Bùn đặ,"Dinh muc du toan xay dung cong trinh (TT 12/2021/TT-BXD), Phu luc II",Earthwork - excavation and filling,Excavation BÙN by Manual - Excavation bùn in mọi điều component - Bùn đặ
"các loại, than xỉ","các loại, than xỉ",Material,General,m3,0.0,0.0,0.0,0.0,0,VND,0.0,0.09,1,1,Loading Stacking Material RỜI LÊN PHƯƠNG TIỆN Transport by THỦ CÔN,"Dinh muc du toan xay dung cong trinh (TT 12/2021/TT-BXD), Phu luc II","Loading, unloading and transport",Loading Stacking Material RỜI LÊN PHƯƠNG TIỆN Transport by THỦ CÔN
"dốc từ > 350 đến ≤ 400, k=3,00. Độ","dốc từ > 350 đến ≤ 400, k=3,00. Độ",Material,General,dốc,0.0,0.0,0.0,0.0,0,VND,0.0,400.0,1,1,Loading Stacking Material RỜI LÊN PHƯƠNG TIỆN Transport by THỦ CÔN,"Dinh muc du toan xay dung cong trinh (TT 12/2021/TT-BXD), Phu luc II","Loading, unloading and transport",Loading Stacking Material RỜI LÊN PHƯƠNG TIỆN Transport by THỦ CÔN
Thuốc trừ sâu kg,Thuốc trừ sâu kg,Material,General,,0.0,0.0,0.0,0.0,0,VND,0.0,22.3,1,1,Masonry Foundation - Masonry foundation - Dimension   ,"Dinh muc du toan xay dung cong trinh (TT 12/2021/TT-BXD), Phu luc II",Masonry (brick and stone),Masonry Foundation - Masonry foundation - Dimension   
Thuỷ tinh nước kg,Thuỷ tinh nước kg,Material,General,,0.0,0.0,0.0,0.0,0,VND,0.0,149.0,1,1,Masonry Foundation - Masonry foundation - Dimension   ,"Dinh muc du toan xay dung cong trinh (TT 12/2021/TT-BXD), Phu luc II",Masonry (brick and stone),Masonry Foundation - Masonry foundation - Dimension   
Cát thạch anh kg,Cát thạch anh kg,Material,General,,0.0,0.0,0.0,0.0,0,VND,0.0,166.0,1,1,Masonry Foundation - Masonry foundation - Dimension   ,"Dinh muc du toan xay dung cong trinh (TT 12/2021/TT-BXD), Phu luc II",Masonry (brick and stone),Masonry Foundation - Masonry foundation - Dimension   
Bột thạch anh kg,Bột thạch anh kg,Material,General,,0.0,0.0,0.0,0.0,0,VND,0.0,330.5,1,1,Masonry Foundation - Masonry foundation - Dimension   ,"Dinh muc du toan xay dung cong trinh (TT 12/2021/TT-BXD), Phu luc II",Masonry (brick and stone),Masonry Foundation - Masonry foundation - Dimension   
Gạch thẻ viên,Gạch thẻ viên,Material,General,,0.0,0.0,0.0,0.0,0,VND,0.0,550.0,1,1,Masonry Foundation - Masonry foundation - Dimension   ,"Dinh muc du toan xay dung cong trinh (TT 12/2021/TT-BXD), Phu luc II",Masonry (brick and stone),Masonry Foundation - Masonry foundation - Dimension   
"Máy khoan bê tông 0,75 kW ca","Máy khoan bê tông 0,75 kW ca",Equipment,General,ca,0.0,0.0,0.0,0.0,0,VND,0.0,0.013,1,1,Construction Foundation Graded aggregate Crushed stone - Construction foundation graded aggregate stone dă,"Dinh muc du toan xay dung cong trinh (TT 12/2021/TT-BXD), Phu luc II",Road base and sub-base,Construction Foundation Graded aggregate Crushed stone - Construction foundation
Bu lông M10 cái,Bu lông M10 cái,Material,General,,0.0,0.0,0.0,0.0,0,VND,0.0,6.0,1,1,Construction Foundation Graded aggregate Crushed stone - Construction foundation graded aggregate stone dă,"Dinh muc du toan xay dung cong trinh (TT 12/2021/TT-BXD), Phu luc II",Road base and sub-base,Construction Foundation Graded aggregate Crushed stone - Construction foundation
Trụ đỡ thép D60mm cái,Trụ đỡ thép D60mm cái,Material,General,,0.0,0.0,0.0,0.0,0,VND,0.0,0.5,1,1,Construction Foundation Graded aggregate Crushed stone - Construction foundation graded aggregate stone dă,"Dinh muc du toan xay dung cong trinh (TT 12/2021/TT-BXD), Phu luc II",Road base and sub-base,Construction Foundation Graded aggregate Crushed stone - Construction foundation
Tấm lưới chống chói m,Tấm lưới chống chói m,Material,General,,0.0,0.0,0.0,0.0,0,VND,0.0,1.0,1,1,Construction Foundation Graded aggregate Crushed stone - Construction foundation graded aggregate stone dă,"Dinh muc du toan xay dung cong trinh (TT 12/2021/TT-BXD), Phu luc II",Road base and sub-base,Construction Foundation Graded aggregate Crushed stone - Construction foundation
Keo Bituminuos,Keo Bituminuos,Material,General,kg,0.0,0.0,0.0,0.0,0,VND,0.0,0.1,1,1,Construction Foundation Graded aggregate Crushed stone - Construction foundation graded aggregate stone dă,"Dinh muc du toan xay dung cong trinh (TT 12/2021/TT-BXD), Phu luc II",Road base and sub-base,Construction Foundation Graded aggregate Crushed stone - Construction foundation
Máy trộn vữa 150l ca,Máy trộn vữa 150l ca,Equipment,General,ca,0.0,0.0,0.0,0.0,0,VND,0.0,0.032,1,1,Masonry Foundation - Masonry foundation - Dimension   ,"Dinh muc du toan xay dung cong trinh (TT 12/2021/TT-BXD), Phu luc II",Masonry (brick and stone),Masonry Foundation - Masonry foundation - Dimension   
Fibrôximăng,Fibrôximăng,Material,General,m2,0.0,0.0,0.0,0.0,0,VND,0.0,129.5,1,1,LỢP Roof NGÓI 13 unit / m 2 - Lợp roof ngói 22 v / m 2 - Height,"Dinh muc du toan xay dung cong trinh (TT 12/2021/TT-BXD), Phu luc II",Roofing and roof coverings,LỢP Roof NGÓI 13 unit / m 2 - Lợp roof ngói 22 v / m 2 - Height
"Gỗ dán, ván ép m2","Gỗ dán, ván ép m2",Material,General,,0.0,0.0,0.0,0.0,0,VND,0.0,1.1,1,1,LỢP Roof NGÓI 13 unit / m 2 - Lợp roof ngói 22 v / m 2 - Height,"Dinh muc du toan xay dung cong trinh (TT 12/2021/TT-BXD), Phu luc II",Roofing and roof coverings,LỢP Roof NGÓI 13 unit / m 2 - Lợp roof ngói 22 v / m 2 - Height
Gạch lá dừa,Gạch lá dừa,Material,General,m2,0.0,0.0,0.0,0.0,0,VND,0.0,1.01,1,1,LỢP Roof NGÓI 13 unit / m 2 - Lợp roof ngói 22 v / m 2 - Height,"Dinh muc du toan xay dung cong trinh (TT 12/2021/TT-BXD), Phu luc II",Roofing and roof coverings,LỢP Roof NGÓI 13 unit / m 2 - Lợp roof ngói 22 v / m 2 - Height
Gạch xi măng,Gạch xi măng,Material,General,m2,0.0,0.0,0.0,0.0,0,VND,0.0,1.01,1,1,LỢP Roof NGÓI 13 unit / m 2 - Lợp roof ngói 22 v / m 2 - Height,"Dinh muc du toan xay dung cong trinh (TT 12/2021/TT-BXD), Phu luc II",Roofing and roof coverings,LỢP Roof NGÓI 13 unit / m 2 - Lợp roof ngói 22 v / m 2 - Height
Móc inox,Móc inox,Material,General,cái,0.0,0.0,0.0,0.0,0,VND,0.0,11.0,1,1,LỢP Roof NGÓI 13 unit / m 2 - Lợp roof ngói 22 v / m 2 - Height,"Dinh muc du toan xay dung cong trinh (TT 12/2021/TT-BXD), Phu luc II",Roofing and roof coverings,LỢP Roof NGÓI 13 unit / m 2 - Lợp roof ngói 22 v / m 2 - Height
Bột mầu kg,Bột mầu kg,Material,General,,0.0,0.0,0.0,0.0,0,VND,0.0,0.011,1,1,LỢP Roof NGÓI 13 unit / m 2 - Lợp roof ngói 22 v / m 2 - Height,"Dinh muc du toan xay dung cong trinh (TT 12/2021/TT-BXD), Phu luc II",Roofing and roof coverings,LỢP Roof NGÓI 13 unit / m 2 - Lợp roof ngói 22 v / m 2 - Height
Xi măng trắng kg,Xi măng trắng kg,Material,General,,0.0,0.0,0.0,0.0,0,VND,0.0,0.761,1,1,LỢP Roof NGÓI 13 unit / m 2 - Lợp roof ngói 22 v / m 2 - Height,"Dinh muc du toan xay dung cong trinh (TT 12/2021/TT-BXD), Phu luc II",Roofing and roof coverings,LỢP Roof NGÓI 13 unit / m 2 - Lợp roof ngói 22 v / m 2 - Height
Bột đá kg,Bột đá kg,Material,General,,0.0,0.0,0.0,0.0,0,VND,0.0,0.705,1,1,LỢP Roof NGÓI 13 unit / m 2 - Lợp roof ngói 22 v / m 2 - Height,"Dinh muc du toan xay dung cong trinh (TT 12/2021/TT-BXD), Phu luc II",Roofing and roof coverings,LỢP Roof NGÓI 13 unit / m 2 - Lợp roof ngói 22 v / m 2 - Height
Đá trắng nhỏ kg,Đá trắng nhỏ kg,Material,General,,0.0,0.0,0.0,0.0,0,VND,0.0,1.411,1,1,LỢP Roof NGÓI 13 unit / m 2 - Lợp roof ngói 22 v / m 2 - Height,"Dinh muc du toan xay dung cong trinh (TT 12/2021/TT-BXD), Phu luc II",Roofing and roof coverings,LỢP Roof NGÓI 13 unit / m 2 - Lợp roof ngói 22 v / m 2 - Height
chuyển các loại phế thải từ trên cao,chuyển các loại phế thải từ trên cao,Material,General,m3,0.0,0.0,0.0,0.0,0,VND,0.0,0.13,1,1,Loading Stacking Material RỜI LÊN PHƯƠNG TIỆN Transport by THỦ CÔN,"Dinh muc du toan xay dung cong trinh (TT 12/2021/TT-BXD), Phu luc II","Loading, unloading and transport",Loading Stacking Material RỜI LÊN PHƯƠNG TIỆN Transport by THỦ CÔN
liệu phụ các loại,liệu phụ các loại,Material,General,tấn,0.0,0.0,0.0,0.0,0,VND,0.0,0.03,1,1,Loading Stacking Material RỜI LÊN PHƯƠNG TIỆN Transport by THỦ CÔN,"Dinh muc du toan xay dung cong trinh (TT 12/2021/TT-BXD), Phu luc II","Loading, unloading and transport",Loading Stacking Material RỜI LÊN PHƯƠNG TIỆN Transport by THỦ CÔN
vệ sinh trong nhà tư và các loại thiết bị điện trong nhà,vệ sinh trong nhà tư và các loại thiết bị điện trong nhà,Material,General,tấn,0.0,0.0,0.0,0.0,0,VND,0.0,0.2,1,1,Loading Stacking Material RỜI LÊN PHƯƠNG TIỆN Transport by THỦ CÔN,"Dinh muc du toan xay dung cong trinh (TT 12/2021/TT-BXD), Phu luc II","Loading, unloading and transport",Loading Stacking Material RỜI LÊN PHƯƠNG TIỆN Transport by THỦ CÔN
tư và các loại phụ kiện cấp thoát,tư và các loại phụ kiện cấp thoát,Material,General,tấn,0.0,0.0,0.0,0.0,0,VND,0.0,0.14,1,1,Loading Stacking Material RỜI LÊN PHƯƠNG TIỆN Transport by THỦ CÔN,"Dinh muc du toan xay dung cong trinh (TT 12/2021/TT-BXD), Phu luc II","Loading, unloading and transport",Loading Stacking Material RỜI LÊN PHƯƠNG TIỆN Transport by THỦ CÔN
kiện bê tông đúc sẵn,kiện bê tông đúc sẵn,Material,General,tấn,0.0,0.0,0.0,0.0,0,VND,0.0,0.03,1,1,Loading Stacking Material RỜI LÊN PHƯƠNG TIỆN Transport by THỦ CÔN,"Dinh muc du toan xay dung cong trinh (TT 12/2021/TT-BXD), Phu luc II","Loading, unloading and transport",Loading Stacking Material RỜI LÊN PHƯƠNG TIỆN Transport by THỦ CÔN
lợp các loại,lợp các loại,Material,General,100m2,0.0,0.0,0.0,0.0,0,VND,0.0,0.3,1,1,Loading Stacking Material RỜI LÊN PHƯƠNG TIỆN Transport by THỦ CÔN,"Dinh muc du toan xay dung cong trinh (TT 12/2021/TT-BXD), Phu luc II","Loading, unloading and transport",Loading Stacking Material RỜI LÊN PHƯƠNG TIỆN Transport by THỦ CÔN
Dầu diesel,Dầu diesel,Material,General,lít,0.0,0.0,0.0,0.0,0,VND,0.0,0.001,1,1,Construction Foundation Graded aggregate Crushed stone - Construction foundation graded aggregate stone dă,"Dinh muc du toan xay dung cong trinh (TT 12/2021/TT-BXD), Phu luc II",Road base and sub-base,Construction Foundation Graded aggregate Crushed stone - Construction foundation
