resource_code,name,type,category,unit,price_avg,price_min,price_max,price_median,price_variants,currency,avg_cost_per_use,avg_qty_per_use,usage_count,used_in_work_items,parent_category,parent_collection,parent_department,parent_section
870005,ngày công việc hợp thành,Labor,Labor,work-day,161928.31,161928.31,161928.31,161928.31,1,VND,924074.98,5.7067,7704,7704,建筑工程,Công trình lắp đặt chung - Tập 4 Lắp đặt thiết bị điện,lắp đặt khô,lắp đặt ()
840023,chi phí dụng cụ khác,Equipment,General,CNY,0.0,0.0,0.0,0.0,0,VND,24552.47,13.1468,5840,5840,建筑工程,đào đất và công trình đá,công trình đá,đào đất tổng quát
840004,chi phí vật liệu khác,Material,General,CNY,0.0,0.0,0.0,0.0,0,VND,14361.13,6.9714,5546,5546,建筑工程,đào đất và công trình đá,đắp đất lấp,đắp đất nền móng
870003,ngày công việc hợp thành,Labor,Labor,work-day,180857.66,180857.66,180857.66,180857.66,1,VND,46369.85,0.2564,1585,1585,建筑工程,công trình cửa và cửa sổ,cửa kim loại,trần
870002,ngày công việc hợp thành,Labor,Labor,work-day,171187.23,171187.23,171187.23,171187.23,1,VND,259926.71,1.5184,814,814,建筑工程,xử lý nền và gia cố mái dốc,hố móng,()
100321,dầu diesel,Material,General,kg,18476.7,18476.7,18476.7,18476.7,1,VND,110961.73,6.0055,718,718,建筑工程,đào đất và công trình đá,công trình đá,đào đất tổng quát
090290,đinh hàn (hợp kim),Material,Welding Consumables,kg,16007.65,16007.65,16007.65,16007.65,1,VND,28453.19,1.7775,690,690,建筑工程,xử lý nền và gia cố mái dốc,hố móng,cọc thép hình
870004,ngày công việc hợp thành,Labor,Labor,work-day,213984.04,213984.04,213984.04,213984.04,1,VND,185698.18,0.8678,589,589,建筑工程,công trình hoàn thiện sàn,lát lát sàn,sàn
110057,máy sấy,Material,General,kg,39093.24,39093.24,39093.24,39093.24,1,VND,101.95,0.0026,542,542,建筑工程,"công việc sơn, phủ và giấy dán tường","tay vịn gỗ và các mục khác, dải tấm và phào, sơn","sơn cửa kim loại, cửa sổ"
800138,máy trộn vữa 200L,Equipment,General,machine-shift,22632.93,22632.93,22632.93,22632.93,1,VND,194.41,0.0086,530,530,建筑工程,xử lý nền và gia cố mái dốc,hố móng,đinh
870006,ngày công việc hợp thành,Labor,Labor,work-day,198758.25,198758.25,198758.25,198758.25,1,VND,5648521.12,28.4191,414,414,建筑工程,Công trình lắp đặt chung - Tập 4 Lắp đặt thiết bị điện,độ cao điện,điện năng
850108,điện năng,Equipment,General,machine-shift,37385.48,37385.48,37385.48,37385.48,1,VND,241012.71,6.4467,399,399,建筑工程,Công trình lắp đặt chung - Tập 5 Hệ thống thông minh tòa nhà,lắp đặt,lắp đặt
030001,gỗ xẻ,Material,Wood & Timber,m3,3909323.81,3909323.81,3909323.81,3909323.81,1,VND,53271.47,0.0136,392,392,建筑工程,xử lý nền và gia cố mái dốc,cột bê tông đúc sẵn,hồ sơ và các mục khác mái
800011,máy hàn (tổng hợp),Equipment,Welding Equip.,machine-shift,38270.22,38270.22,38270.22,38270.22,1,VND,6784.83,0.1773,389,389,建筑工程,công trình đóng cọc,cọc khoan,hồ sơ và các mục khác mái
110120,khí axetylen,Material,Chemicals,m3,57611.09,57611.09,57611.09,57611.09,1,VND,24686.56,0.4285,324,324,建筑工程,xử lý nền và gia cố mái dốc,hố móng,()
110499,diluent sơn acrylic,Material,Paint & Coatings,kg,30040.07,30040.07,30040.07,30040.07,1,VND,1123.24,0.0374,321,321,建筑工程,"công việc sơn, phủ và giấy dán tường","tay vịn gỗ và các mục khác, dải tấm và phào, sơn","sơn cửa kim loại, cửa sổ"
110121,oxy,Material,Chemicals,m3,7407.14,7407.14,7407.14,7407.14,1,VND,5911.93,0.7981,315,315,建筑工程,xử lý nền và gia cố mái dốc,hố móng,()
840021,chi phí vật liệu,Material,General,CNY,0.0,0.0,0.0,0.0,0,VND,54907.47,26.686,269,269,建筑工程,"Công trình lắp đặt chung - Tập 6 Điều khiển tự động, instrumentation",và,đơn
800045,máy khoan búa quay 520W,Equipment,General,machine-shift,8147.85,8147.85,8147.85,8147.85,1,VND,866.92,0.1064,222,222,建筑工程,công trình cửa và cửa sổ,cửa kim loại,trát tường trang trí
850002,34401A,Equipment,General,machine-shift,36006.93,36006.93,36006.93,36006.93,1,VND,72824.3,2.0225,219,219,建筑工程,Công trình lắp đặt chung - Tập 4 Lắp đặt thiết bị điện,độ cao điện,độ cao điện
870001,ngày công việc hợp thành,Labor,Labor,work-day,152875.14,152875.14,152875.14,152875.14,1,VND,142161.65,0.9299,206,206,建筑工程,đào đất và công trình đá,công trình đá,đào đất tổng quát
800102,cẩu trục 16t,Equipment,Cranes,machine-shift,1883059.56,1883059.56,1883059.56,1883059.56,1,VND,90396.93,0.048,198,198,建筑工程,xử lý nền và gia cố mái dốc,hố móng,cọc thép hình
850125,F-87,Equipment,General,machine-shift,13991.26,13991.26,13991.26,13991.26,1,VND,118047.27,8.4372,185,185,建筑工程,Công trình lắp đặt chung - Tập 4 Lắp đặt thiết bị điện,điện năng,điện năng
800073,đục đá,Equipment,General,machine-shift,47734.9,47734.9,47734.9,47734.9,1,VND,642.63,0.0135,179,179,建筑工程,công trình lợp mái và chống thấm,lớp hoàn thiện chống ăn mòn,hồ sơ và các mục khác mái
280120,6,Material,General,pcs,6975.06,6975.06,6975.06,6975.06,1,VND,14159.37,2.03,173,173,建筑工程,Công trình lắp đặt chung - Tập 4 Lắp đặt thiết bị điện,lắp đặt điện,lắp đặt lưới
010023,thép tấm mạ kẽm,Material,Steel & Metal,kg,10740.35,10740.35,10740.35,10740.35,1,VND,28239.62,2.6293,165,165,建筑工程,Công trình lắp đặt chung - Tập 4 Lắp đặt thiết bị điện,lắp đặt khô,lắp đặt ()
800186,máy khoan tay 0.5kW,Equipment,General,machine-shift,2366.17,2366.17,2366.17,2366.17,1,VND,157.8,0.0667,158,158,建筑工程,công trình cửa và cửa sổ,cửa kim loại,bề mặt dầm lát đá
100040,sơn dầu trắng,Material,Paint & Coatings,kg,37035.7,37035.7,37035.7,37035.7,1,VND,1043.56,0.0282,158,158,建筑工程,công trình hoàn thiện sàn,"tay vịn gỗ và các mục khác, dải tấm và phào, sơn","sơn cửa kim loại, cửa sổ"
800033,Hàn hồ quang AC 32kVA,Equipment,Welding Equip.,machine-shift,30863.08,30863.08,30863.08,30863.08,1,VND,17735.84,0.5747,157,157,建筑工程,xử lý nền và gia cố mái dốc,hố móng,cọc thép hình
800148,máy khoan điện 1kW,Equipment,General,machine-shift,9464.68,9464.68,9464.68,9464.68,1,VND,2049.41,0.2165,152,152,建筑工程,công trình cửa và cửa sổ,"cửa, cửa",bề mặt cột (dầm) trang trí
110060,chất bịt kín silicone (chất bịt kín),Material,Rubber,pcs,13991.26,13991.26,13991.26,13991.26,1,VND,8649.17,0.6182,149,149,建筑工程,công trình cửa và cửa sổ,nẹp chân tường,bề mặt cột lát đá
800278,xe tải hàng 15t,Equipment,Trucks,machine-shift,808407.01,808407.01,808407.01,808407.01,1,VND,32339.57,0.04,145,145,建筑工程,công việc chuẩn bị và đo đạc công trình,khuôn đúc bê tông thi công tại chỗ và giá đỡ,cần cẩu giàn giáo
150007,điện năng,Material,General,kWh,2613.07,2613.07,2613.07,2613.07,1,VND,21336.81,8.1654,143,143,建筑工程,xử lý nền và gia cố mái dốc,hố móng,tường nền
840027,chi phí vật liệu phân bổ dần,Material,General,CNY,0.0,0.0,0.0,0.0,0,VND,141854.34,68.9437,142,142,建筑工程,công việc chuẩn bị và đo đạc công trình,khuôn đúc bê tông thi công tại chỗ và giá đỡ,cần cẩu giàn giáo
840028,chi phí vật liệu thuê,Material,General,CNY,0.0,0.0,0.0,0.0,0,VND,39593.11,19.2429,142,142,建筑工程,công việc chuẩn bị và đo đạc công trình,khuôn đúc bê tông thi công tại chỗ và giá đỡ,cần cẩu giàn giáo
350011,đúc BV-6,Material,General,m,8127.28,8127.28,8127.28,8127.28,1,VND,16742.73,2.0601,140,140,建筑工程,Công trình lắp đặt chung - Tập 5 Hệ thống thông minh tòa nhà,lắp đặt,lắp đặt lưới
800007,xe tải hàng 5t,Equipment,Trucks,machine-shift,398133.77,398133.77,398133.77,398133.77,1,VND,31461.1,0.079,140,140,建筑工程,Công trình lắp đặt chung - Tập 4 Lắp đặt thiết bị điện,lắp đặt điện cao thế,lắp đặt
090263,phụ kiện sắt,Material,Steel & Metal,kg,9258.92,9258.92,9258.92,9258.92,1,VND,230347.66,24.8784,137,137,建筑工程,công trình đóng cọc,tường gạch,mái che chống thấm nước mái
280122,16,Material,General,pcs,13950.11,13950.11,13950.11,13950.11,1,VND,35956.72,2.5775,135,135,建筑工程,Công trình lắp đặt chung - Tập 4 Lắp đặt thiết bị điện,lắp đặt điện,lắp đặt nhúng điện
090045,8 mạ kẽm,Material,General,pcs,20.58,20.58,20.58,20.58,1,VND,99.99,4.8598,130,130,建筑工程,Công trình lắp đặt chung - Tập 4 Lắp đặt thiết bị điện,lắp đặt điện,lắp đặt
800014,cẩu trục điện đơn 5t,Equipment,Hoists,machine-shift,232090.38,232090.38,232090.38,232090.38,1,VND,92995.38,0.4007,129,129,建筑工程,Công trình lắp đặt chung - Tập 7 Thông gió và điều hòa không khí,và lắp đặt,lắp đặt
850009,điện năng 3141,Equipment,General,machine-shift,12900.77,12900.77,12900.77,12900.77,1,VND,6055.27,0.4694,128,128,建筑工程,Công trình lắp đặt chung - Tập 4 Lắp đặt thiết bị điện,điện năng,điện năng
090029,8 mạ kẽm,Material,General,pcs,226.33,226.33,226.33,226.33,1,VND,2159.4,9.541,127,127,建筑工程,công trình trần,trần giả,dầm trần
090030,mạ kẽm 10,Material,General,pcs,226.33,226.33,226.33,226.33,1,VND,2375.41,10.4954,121,121,建筑工程,Công trình lắp đặt chung - Tập 4 Lắp đặt thiết bị điện,lắp đặt chiều cao,lắp đặt ()
110152,keo dán tiếp xúc,Material,General,kg,27776.77,27776.77,27776.77,27776.77,1,VND,8038.89,0.2894,120,120,建筑工程,công trình cửa và cửa sổ,bệ cửa sổ,mái nhà ()
110321,nước,Material,Water,kg,13229.97,13229.97,13229.97,13229.97,1,VND,720.81,0.0545,117,117,建筑工程,Công trình lắp đặt chung - Tập 5 Hệ thống thông minh tòa nhà,lắp đặt,lắp đặt
010138,tấm đệm,Material,General,kg,9423.53,9423.53,9423.53,9423.53,1,VND,20451.32,2.1702,116,116,建筑工程,công trình đóng cọc,cột bê tông đúc sẵn,hồ sơ và các mục khác mái
020003,xi măng trắng,Material,Concrete & Cement,kg,1954.66,1954.66,1954.66,1954.66,1,VND,1177.8,0.6026,116,116,建筑工程,"hoàn thiện tường và cột, vách ngăn và tường rèm",lớp mặt tường chắn,bề mặt tường lát đá
010016,thép góc 63 trong,Material,Steel & Metal,kg,7551.17,7551.17,7551.17,7551.17,1,VND,43116.9,5.71,115,115,建筑工程,công trình lợp mái và chống thấm,mặt (dầm) của cột,hồ sơ và các mục khác mái
150122,lưỡi cưa đá,Equipment,General,pcs,16460.31,16460.31,16460.31,16460.31,1,VND,557.01,0.0338,113,113,建筑工程,"hoàn thiện tường và cột, vách ngăn và tường rèm",lớp mặt tường chắn,bề mặt tường lát đá
090174,tấm đệm,Material,General,kg,7818.65,7818.65,7818.65,7818.65,1,VND,27943.22,3.5739,113,113,建筑工程,Công trình lắp đặt chung - Tập 4 Lắp đặt thiết bị điện,lắp đặt khô,lắp đặt ()
110570,dầu acrylic chống thấm gỗ,Material,Wood & Timber,kg,32920.62,32920.62,32920.62,32920.62,1,VND,3601.95,0.1094,112,112,建筑工程,"công việc sơn, phủ và giấy dán tường","tay vịn gỗ và các mục khác, dải tấm và phào, sơn",sơn tay vịn gỗ
110769,dung môi sơn lót gỗ nitrocellulose,Material,Wood & Timber,kg,72013.86,72013.86,72013.86,72013.86,1,VND,1322.44,0.0184,112,112,建筑工程,"công việc sơn, phủ và giấy dán tường","tay vịn gỗ và các mục khác, dải tấm và phào, sơn",sơn tay vịn gỗ
350237,đúc nền,Material,General,m,30863.08,30863.08,30863.08,30863.08,1,VND,20337.89,0.659,111,111,建筑工程,Công trình lắp đặt chung - Tập 4 Lắp đặt thiết bị điện,lắp đặt điện,lắp đặt nhúng điện
110172,xăng,Material,General,kg,19423.17,19423.17,19423.17,19423.17,1,VND,327822.69,16.8779,109,109,建筑工程,xử lý nền và gia cố mái dốc,kết cấu chống thấm mái và phụ kiện,màng chống thấm mái
400034,vữa DS,Material,Concrete & Cement,m3,944410.33,944410.33,944410.33,944410.33,1,VND,25344.89,0.0268,107,107,建筑工程,công trình xây masonry,lớp che chắn,hồ sơ và các mục khác mái
110593,dầu primer polyurethane,Material,Paint & Coatings,kg,30040.07,30040.07,30040.07,30040.07,1,VND,677.09,0.0225,106,106,建筑工程,"công việc sơn, phủ và giấy dán tường","tay vịn gỗ và các mục khác, dải tấm và phào, sơn","sơn cửa kim loại, cửa sổ"
110132,latex,Material,General,kg,13374.0,13374.0,13374.0,13374.0,1,VND,12426.54,0.9292,106,106,建筑工程,công trình kết cấu gỗ,gỗ cấu kiện kết cấu,bề mặt tường ốp lát trang trí
020001,xi măng (hợp chất),Material,Concrete & Cement,kg,823.02,823.02,823.02,823.02,1,VND,26312.39,31.9707,101,101,建筑工程,công trình đóng cọc,cọc khoan,lớp hoàn thiện vữa chống ăn mòn
090503,đinh tán mạ kẽm M6,Equipment,General,set,925.89,925.89,925.89,925.89,1,VND,3672.71,3.9667,100,100,建筑工程,Công trình lắp đặt chung - Tập 5 Hệ thống thông minh tòa nhà,lắp đặt,lắp đặt điện
830075,dầm formwork plywood composite,Material,Wood & Timber,m2,61726.17,61726.17,61726.17,61726.17,1,VND,5691.51,0.0922,99,99,建筑工程,công việc chuẩn bị và đo đạc công trình,khuôn đúc bê tông thi công tại chỗ và giá đỡ,nền móng
110360,sơn lót bitum than đá,Material,Paint & Coatings,kg,33126.38,33126.38,33126.38,33126.38,1,VND,4125.74,0.1245,99,99,建筑工程,"Công trình lắp đặt chung - T.12 Sơn, chống ăn mòn, cách nhiệt",chống ăn mòn,Lớp phủ quét sơn chống ăn mòn thông thường
040025,cát,Material,Aggregates,kg,144.03,144.03,144.03,144.03,1,VND,10917.21,75.7993,99,99,建筑工程,xử lý nền và gia cố mái dốc,đá xây dựng,hồ sơ và các mục khác mái
110361,sơn phủ bitum than đá,Material,Waterproofing,kg,33126.38,33126.38,33126.38,33126.38,1,VND,33520.21,1.0119,99,99,建筑工程,"Công trình lắp đặt chung - T.12 Sơn, chống ăn mòn, cách nhiệt",chống ăn mòn,Lớp phủ quét sơn chống ăn mòn thông thường
090278,mũi khoan thép hợp kim,Material,Steel & Metal,pcs,61726.17,61726.17,61726.17,61726.17,1,VND,11793.94,0.1911,98,98,建筑工程,"hoàn thiện tường và cột, vách ngăn và tường rèm",lớp mặt tường chắn,bề mặt tường lát đá
850194,2422,Equipment,General,machine-shift,62754.93,62754.93,62754.93,62754.93,1,VND,288878.4,4.6033,98,98,建筑工程,"Công trình lắp đặt chung - Tập 6 Điều khiển tự động, instrumentation",và,(DCS)
090495,mạ kẽm 10,Material,General,pcs,61.73,61.73,61.73,61.73,1,VND,316.88,5.1336,97,97,建筑工程,Công trình lắp đặt chung - Tập 4 Lắp đặt thiết bị điện,lắp đặt chiều cao,lắp đặt ()
840006,nước,Material,Water,t,12777.32,12777.32,12777.32,12777.32,1,VND,7065.94,0.553,96,96,建筑工程,xử lý nền và gia cố mái dốc,hố móng,cọc thép hình
850201,điện năng SB861,Equipment,General,machine-shift,90696.31,90696.31,90696.31,90696.31,1,VND,51189.61,0.5644,96,96,建筑工程,"Công trình lắp đặt chung - Tập 6 Điều khiển tự động, instrumentation",và,đơn
400043,vữa DTA dán keo,Material,Concrete & Cement,m3,4526585.47,4526585.47,4526585.47,4526585.47,1,VND,30078.58,0.0066,96,96,建筑工程,công trình cửa và cửa sổ,cửa sổ cửa đi,hồ sơ và các mục khác mái
800185,máy cắt điện,Equipment,General,machine-shift,57202.83,57199.58,57302.46,57199.58,2,VND,2702.77,0.0472,95,95,建筑工程,"hoàn thiện tường và cột, vách ngăn và tường rèm",tường mặt,bề mặt tường ốp lát trang trí
090233,dây thép mạ kẽm 8 12,Material,Steel & Metal,kg,12859.62,12859.62,12859.62,12859.62,1,VND,21237.5,1.6515,95,95,建筑工程,công trình bê tông và bê tông cốt thép,bệ đúc sẵn trong bê tông tại chỗ,bệ đỡ sàn gỗ
110546,mỏng hơn,Material,General,kg,69956.32,69956.32,69956.32,69956.32,1,VND,7210.77,0.1031,93,93,建筑工程,"Công trình lắp đặt chung - T.12 Sơn, chống ăn mòn, cách nhiệt",chống ăn mòn,sơn
850180,DF-1,Equipment,General,machine-shift,25986.72,25986.72,25986.72,25986.72,1,VND,138325.2,5.3229,93,93,建筑工程,"Công trình lắp đặt chung - Tập 6 Điều khiển tự động, instrumentation",lưới và,lưới
110586,diluyente sơn alkyd,Material,Paint & Coatings,kg,22015.67,22015.67,22015.67,22015.67,1,VND,351.67,0.016,90,90,建筑工程,"công việc sơn, phủ và giấy dán tường","tay vịn gỗ và các mục khác, dải tấm và phào, sơn",sơn tay vịn gỗ
110585,sơn dầu alkyd,Material,Paint & Coatings,kg,33332.13,33332.13,33332.13,33332.13,1,VND,5139.71,0.1542,90,90,建筑工程,"công việc sơn, phủ và giấy dán tường","tay vịn gỗ và các mục khác, dải tấm và phào, sơn",sơn tay vịn gỗ
110174,200 xăng,Material,General,kg,12880.19,12880.19,12880.19,12880.19,1,VND,696.71,0.0541,90,90,建筑工程,Công trình lắp đặt chung - Tập 4 Lắp đặt thiết bị điện,chổi quét hình chữ nhật,tấm đan nước
110547,dung môi sơn poly,Material,Paint & Coatings,kg,27776.77,27776.77,27776.77,27776.77,1,VND,1297.18,0.0467,90,90,建筑工程,"Công trình lắp đặt chung - T.12 Sơn, chống ăn mòn, cách nhiệt",,sơn poly
110589,dung môi sơn phủ polyurethane,Material,General,kg,30040.07,30040.07,30040.07,30040.07,1,VND,701.45,0.0234,88,88,建筑工程,"công việc sơn, phủ và giấy dán tường","tay vịn gỗ và các mục khác, dải tấm và phào, sơn","sơn cửa kim loại, cửa sổ"
110583,sơn dầu alkyd,Material,Paint & Coatings,kg,36006.93,36006.93,36006.93,36006.93,1,VND,4557.16,0.1266,86,86,建筑工程,"công việc sơn, phủ và giấy dán tường","tay vịn gỗ và các mục khác, dải tấm và phào, sơn",sơn tay vịn gỗ
110568,dầu lót alkyd,Material,Paint & Coatings,kg,26748.01,26748.01,26748.01,26748.01,1,VND,2440.49,0.0912,86,86,建筑工程,"công việc sơn, phủ và giấy dán tường","tay vịn gỗ và các mục khác, dải tấm và phào, sơn",sơn tay vịn gỗ
850205,điện năng PZ38,Equipment,General,machine-shift,9732.16,9732.16,9732.16,9732.16,1,VND,54700.57,5.6206,86,86,建筑工程,"Công trình lắp đặt chung - Tập 6 Điều khiển tự động, instrumentation",lưới và,lưới
110584,diluyente sơn alkyd,Material,Paint & Coatings,kg,22015.67,22015.67,22015.67,22015.67,1,VND,319.47,0.0145,86,86,建筑工程,"công việc sơn, phủ và giấy dán tường","tay vịn gỗ và các mục khác, dải tấm và phào, sơn",sơn tay vịn gỗ
110564,sơn lót chống thấm trong suốt dựa trên dầu,Material,Paint & Coatings,kg,41768.04,41768.04,41768.04,41768.04,1,VND,2538.17,0.0608,86,86,建筑工程,"công việc sơn, phủ và giấy dán tường","tay vịn gỗ và các mục khác, dải tấm và phào, sơn",sơn tay vịn gỗ
010001,thép cốt thép 10 trong,Material,Steel & Metal,kg,7756.92,7756.92,7756.92,7756.92,1,VND,483079.23,62.2772,85,85,建筑工程,xử lý nền và gia cố mái dốc,hố móng,đinh
850258,D-063 hợp chất,Equipment,General,machine-shift,22550.63,22550.63,22550.63,22550.63,1,VND,20562.79,0.9118,85,85,建筑工程,"Công trình lắp đặt chung - Tập 6 Điều khiển tự động, instrumentation",khóa,đơn
010014,thanh tròn 10 trong phạm vi,Material,General,kg,7468.87,7468.87,7468.87,7468.87,1,VND,7946.22,1.0639,84,84,建筑工程,các công trình trang trí khác,lắp đặt khuôn mẫu,(mặt nền)
110581,sơn dầu pha sẵn phenolic,Material,Paint & Coatings,kg,36006.93,36006.93,36006.93,36006.93,1,VND,4965.22,0.1379,84,84,建筑工程,"công việc sơn, phủ và giấy dán tường","tay vịn gỗ và các mục khác, dải tấm và phào, sơn",sơn tay vịn gỗ
110579,sơn men phenolic,Material,Paint & Coatings,kg,29834.31,29834.31,29834.31,29834.31,1,VND,4030.1,0.1351,84,84,建筑工程,"công việc sơn, phủ và giấy dán tường","tay vịn gỗ và các mục khác, dải tấm và phào, sơn",sơn tay vịn gỗ
110572,dưới sơn lót gỗ nitrocellulose,Material,Wood & Timber,kg,38064.47,38064.47,38064.47,38064.47,1,VND,2535.89,0.0666,84,84,建筑工程,"công việc sơn, phủ và giấy dán tường","tay vịn gỗ và các mục khác, dải tấm và phào, sơn",sơn tay vịn gỗ
110580,diluyente sơn epoxy phenolic,Material,Paint & Coatings,kg,31891.85,31891.85,31891.85,31891.85,1,VND,651.39,0.0204,84,84,建筑工程,"công việc sơn, phủ và giấy dán tường","tay vịn gỗ và các mục khác, dải tấm và phào, sơn",sơn tay vịn gỗ
110573,sơn lót gỗ polyurethane,Material,Wood & Timber,kg,46294.62,46294.62,46294.62,46294.62,1,VND,3648.02,0.0788,84,84,建筑工程,"công việc sơn, phủ và giấy dán tường","tay vịn gỗ và các mục khác, dải tấm và phào, sơn",sơn tay vịn gỗ
030007,ván plywood 5mm,Material,Wood & Timber,m2,31274.59,31274.59,31274.59,31274.59,1,VND,32691.45,1.0453,84,84,建筑工程,"hoàn thiện tường và cột, vách ngăn và tường rèm",tường mặt,bề mặt tường ốp lát trang trí
110582,sơn lót sơn sẵn phenolic,Material,Paint & Coatings,kg,29834.31,29834.31,29834.31,29834.31,1,VND,865.22,0.029,84,84,建筑工程,"công việc sơn, phủ và giấy dán tường","tay vịn gỗ và các mục khác, dải tấm và phào, sơn",sơn tay vịn gỗ
090176,tấm đệm,Material,General,kg,7818.65,7818.65,7818.65,7818.65,1,VND,151533.43,19.381,82,82,建筑工程,Công trình lắp đặt chung - Tập 7 Thông gió và điều hòa không khí,lắp đặt,lắp đặt hệ thống cấp nước
110569,dung môi lót alkyd primer,Material,Paint & Coatings,kg,29834.31,29834.31,29834.31,29834.31,1,VND,259.88,0.0087,82,82,建筑工程,"công việc sơn, phủ và giấy dán tường","tay vịn gỗ và các mục khác, dải tấm và phào, sơn",sơn tay vịn gỗ
090160,expansion bolt 10,Material,Fasteners,set,5082.12,5082.12,5082.12,5082.12,1,VND,28840.5,5.6749,82,82,建筑工程,công trình trần,trần giả,dầm trần
090175,tấm đệm phẳng,Material,General,kg,7818.65,7818.65,7818.65,7818.65,1,VND,117737.6,15.0586,82,82,建筑工程,Công trình lắp đặt chung - Tập 7 Thông gió và điều hòa không khí,lắp đặt,lắp đặt hệ thống cấp nước
800024,máy nén khí 6m3/phút,Equipment,Compressors,machine-shift,66870.01,66870.01,66870.01,66870.01,1,VND,3495.65,0.0523,81,81,建筑工程,công trình kết cấu thép,khung thép khung,màng chống thấm mái
330026,đúc mẫu,Material,General,đóng gói,308630.83,308630.83,308630.83,308630.83,1,VND,6838.92,0.0222,81,81,建筑工程,Công trình lắp đặt chung - Tập 5 Hệ thống thông minh tòa nhà,lắp đặt,() khuôn mẫu
110565,chất phủ lót chống thấm trong suốt dựa trên nước,Material,Paint & Coatings,kg,38064.47,38064.47,38064.47,38064.47,1,VND,1235.74,0.0325,78,78,建筑工程,"công việc sơn, phủ và giấy dán tường","tay vịn gỗ và các mục khác, dải tấm và phào, sơn",sơn tay vịn gỗ
090273,phụ kiện sắt,Material,Steel & Metal,kg,8435.91,8435.91,8435.91,8435.91,1,VND,177656.94,21.0596,77,77,建筑工程,công trình bê tông và bê tông cốt thép,công trình thép gia cố,GRC trang trí phù điêu
110561,bột trét gỗ,Material,Wood & Timber,kg,12345.23,12345.23,12345.23,12345.23,1,VND,3450.23,0.2795,76,76,建筑工程,"công việc sơn, phủ và giấy dán tường","tay vịn gỗ và các mục khác, dải tấm và phào, sơn",sơn tay vịn gỗ
110576,sơn phủ acrylic gốc dầu,Material,General,kg,57611.09,57611.09,57611.09,57611.09,1,VND,7710.8,0.1338,76,76,建筑工程,"công việc sơn, phủ và giấy dán tường","tay vịn gỗ và các mục khác, dải tấm và phào, sơn","sơn cửa kim loại, cửa sổ"
110500,lớp phủ trên gỗ polyurethane,Material,Wood & Timber,kg,76128.94,76128.94,76128.94,76128.94,1,VND,8223.83,0.108,76,76,建筑工程,"công việc sơn, phủ và giấy dán tường","tay vịn gỗ và các mục khác, dải tấm và phào, sơn",sơn tay vịn gỗ
110567,dầu lót chống thấm phenolic,Material,Paint & Coatings,kg,27776.77,27776.77,27776.77,27776.77,1,VND,368.25,0.0133,76,76,建筑工程,"công việc sơn, phủ và giấy dán tường","tay vịn gỗ và các mục khác, dải tấm và phào, sơn",sơn tay vịn gỗ
110248,mỏng hơn,Material,General,kg,26953.76,26953.76,26953.76,26953.76,1,VND,1561.52,0.0579,75,75,建筑工程,"Công trình lắp đặt chung - T.12 Sơn, chống ăn mòn, cách nhiệt",,Lớp phủ chống ăn mòn H8701
110020,sơn chống rỉ,Material,Paint & Coatings,kg,33537.88,33537.88,33537.88,33537.88,1,VND,1412.94,0.0421,74,74,建筑工程,"công việc sơn, phủ và giấy dán tường",sơn bề mặt kim loại,"sơn cửa kim loại, cửa sổ"
400031,vữa trát trát trát DP-MR,Material,Concrete & Cement,m3,909432.17,909432.17,909432.17,909432.17,1,VND,5980.85,0.0066,73,73,建筑工程,công trình lợp mái và chống thấm,"bảo vệ chống thấm bề mặt tường, chống ẩm",trát chống thấm bề mặt tường (chống ẩm)
800010,hợp chất,Equipment,General,machine-shift,858610.96,858610.96,858610.96,858610.96,1,VND,134625.49,0.1568,73,73,建筑工程,Công trình lắp đặt chung - Tập 7 Thông gió và điều hòa không khí,và lắp đặt,lắp đặt
110566,chất phủ sơ bộ phenolic,Material,Paint & Coatings,kg,23250.19,23250.19,23250.19,23250.19,1,VND,1572.89,0.0676,72,72,建筑工程,"công việc sơn, phủ và giấy dán tường","tay vịn gỗ và các mục khác, dải tấm và phào, sơn",sơn tay vịn gỗ
830076,khuôn mẫu thép,Material,Steel & Metal,m2-day,720.14,720.14,720.14,720.14,1,VND,8557.63,11.8833,71,71,建筑工程,công việc chuẩn bị và đo đạc công trình,khuôn đúc bê tông thi công tại chỗ và giá đỡ,nền móng
090188,đinh,Material,Fasteners,pcs,82.3,82.3,82.3,82.3,1,VND,566.67,6.8854,70,70,建筑工程,công trình kết cấu thép,"sàn thép tấm, sàn tường",và
110587,lớp phủ trên gỗ nitrocellulose,Material,Wood & Timber,kg,42179.55,42179.55,42179.55,42179.55,1,VND,4956.25,0.1175,70,70,建筑工程,"công việc sơn, phủ và giấy dán tường","tay vịn gỗ và các mục khác, dải tấm và phào, sơn",sơn tay vịn gỗ
090121,đinh tán galvanised với bu lông 8×(30 60),Material,Fasteners,set,843.59,843.59,843.59,843.59,1,VND,7193.57,8.5273,70,70,建筑工程,công trình lợp mái và chống thấm,lắp đặt,liên kết mái cấu trúc
110588,dung môi sơn phủ gỗ nitrocellulose,Material,Wood & Timber,kg,33949.39,33949.39,33949.39,33949.39,1,VND,499.89,0.0147,70,70,建筑工程,"công việc sơn, phủ và giấy dán tường","tay vịn gỗ và các mục khác, dải tấm và phào, sơn",sơn tay vịn gỗ
090159,bulong mở rộng 8,Material,Fasteners,set,2345.59,2345.59,2345.59,2345.59,1,VND,10904.04,4.6487,69,69,建筑工程,công trình lợp mái và chống thấm,kết cấu chống thấm mái và phụ kiện,mái nhà ()
030011,sàn,Material,General,m2,72013.86,72013.86,72013.86,72013.86,1,VND,211588.86,2.9382,68,68,建筑工程,công trình cửa và cửa sổ,cửa sổ cửa đi,bề mặt tường ốp lát trang trí
090125,đinh tán thép mạ kẽm với bu lông 10×(40 60),Material,Fasteners,set,1316.82,1316.82,1316.82,1316.82,1,VND,5927.3,4.5012,67,67,建筑工程,Công trình lắp đặt chung - Tập 4 Lắp đặt thiết bị điện,lắp đặt,lắp đặt ()
030053,gỗ vuông,Material,Wood & Timber,m3,3909323.81,3909323.81,3909323.81,3909323.81,1,VND,300564.17,0.0769,67,67,建筑工程,công trình bê tông và bê tông cốt thép,dầm bê tông đúc sẵn,bề mặt tường ốp lát trang trí
130001,kính,Material,Glass,m2,5761.11,5761.11,5761.11,5761.11,1,VND,13633.86,2.3665,65,65,建筑工程,công trình lợp mái và chống thấm,tường mặt,hồ sơ và các mục khác mái
010018,thép tấm 60 trong phạm vi,Material,Steel & Metal,kg,7551.17,7551.17,7551.17,7551.17,1,VND,14398.44,1.9068,65,65,建筑工程,công trình lợp mái và chống thấm,mặt (dầm) của cột,hồ sơ và các mục khác mái
110199,loại keo dán,Material,General,kg,4115.08,4115.08,4115.08,4115.08,1,VND,17907.91,4.3518,64,64,建筑工程,"hoàn thiện tường và cột, vách ngăn và tường rèm",lớp mặt tường chắn,trát tường trang trí
350029,moulđ BV-16,Material,General,m,18209.22,18209.22,18209.22,18209.22,1,VND,24858.76,1.3652,64,64,建筑工程,Công trình lắp đặt chung - Tập 5 Hệ thống thông minh tòa nhà,lắp đặt,"khung, lắp đặt"
400045,bê tông mặt,Material,Concrete & Cement,m3,944410.33,944410.33,944410.33,944410.33,1,VND,1195.27,0.0013,64,64,建筑工程,công trình cách nhiệt và chống ăn mòn,đồ trang trí,trần
010030,tấm thép thường 3.5 4.0,Material,Steel & Metal,kg,9073.75,9073.75,9073.75,9073.75,1,VND,7667.73,0.845,63,63,建筑工程,Công trình lắp đặt chung - Tập 4 Lắp đặt thiết bị điện,lắp đặt,lắp đặt đúc mẫu và gia công thép
120010,poly với d 20,Material,General,m,699.56,699.56,699.56,699.56,1,VND,1317.93,1.8839,62,62,建筑工程,Công trình lắp đặt chung - Tập 9 Phòng cháy chữa cháy,hàn thép ống,hàn thép ống ()
850196,NF-1513A,Equipment,General,machine-shift,18229.79,18229.79,18229.79,18229.79,1,VND,17300.29,0.949,62,62,建筑工程,"Công trình lắp đặt chung - Tập 6 Điều khiển tự động, instrumentation",và,(DCS)
850256,điện năng tổng hợp,Equipment,General,machine-shift,24340.68,24340.68,24340.68,24340.68,1,VND,20378.27,0.8372,62,62,建筑工程,"Công trình lắp đặt chung - Tập 6 Điều khiển tự động, instrumentation",và,đơn
800238,7.5kW,Equipment,General,machine-shift,10555.17,10555.17,10555.17,10555.17,1,VND,687.69,0.0652,61,61,建筑工程,công trình cách nhiệt và chống ăn mòn,lớp hoàn thiện chống ăn mòn,lớp phủ chống ăn mòn thép kính
800002,cẩu trục 8t,Equipment,Cranes,machine-shift,1009428.56,1009428.56,1009428.56,1009428.56,1,VND,198112.77,0.1963,61,61,建筑工程,Công trình lắp đặt chung - Tập 4 Lắp đặt thiết bị điện,lắp đặt điện cao thế,hố
400054,vữa xây dựng DM5.0-HR,Material,Concrete & Cement,m3,944410.33,944410.33,944410.33,944410.33,1,VND,74848.97,0.0793,59,59,建筑工程,công trình xây masonry,tường gạch,
130040,lớp phủ chống kiềm lưới sợi thủy tinh,Material,Glass,m2,4115.08,4115.08,4115.08,4115.08,1,VND,4309.47,1.0472,59,59,建筑工程,công trình lợp mái và chống thấm,trát trần (dầm) bề mặt vữa trát,trần
110498,sơn phủ trên gỗ acrylic,Material,Wood & Timber,kg,61726.17,61726.17,61726.17,61726.17,1,VND,7836.75,0.127,58,58,建筑工程,"công việc sơn, phủ và giấy dán tường","tay vịn gỗ và các mục khác, dải tấm và phào, sơn",sơn tay vịn gỗ
110398,men sứ,Material,Paint & Coatings,kg,70367.83,70367.83,70367.83,70367.83,1,VND,21008.44,0.2986,58,58,建筑工程,"Công trình lắp đặt chung - T.12 Sơn, chống ăn mòn, cách nhiệt",,sơn
850197,PM6665/036,Equipment,General,machine-shift,86128.58,86128.58,86128.58,86128.58,1,VND,58576.49,0.6801,58,58,建筑工程,"Công trình lắp đặt chung - Tập 6 Điều khiển tự động, instrumentation",và,đơn
110166,keo dán,Material,General,kg,4732.34,4732.34,4732.34,4732.34,1,VND,721.59,0.1525,57,57,建筑工程,công trình cửa và cửa sổ,cửa sổ cửa đi,lớp hoàn thiện vữa chống ăn mòn
100080,lớp phủ chống thấm polyurethane,Material,Waterproofing,kg,32920.62,32920.62,32920.62,32920.62,1,VND,15648.05,0.4753,57,57,建筑工程,công trình lợp mái và chống thấm,kết cấu chống thấm mái và phụ kiện,màng chống thấm mái
030093,gỗ xây dựng,Material,Wood & Timber,m3,3909323.81,3909323.81,3909323.81,3909323.81,1,VND,21882.44,0.0056,57,57,建筑工程,công trình kết cấu thép,khung thép khung,hồ sơ và các mục khác mái
110142,keo dán,Material,General,kg,26130.74,26130.74,26130.74,26130.74,1,VND,7045.51,0.2696,56,56,建筑工程,công trình lợp mái và chống thấm,kết cấu chống thấm mái và phụ kiện,hồ sơ và các mục khác mái
800147,cưa gỗ công nghiệp,Equipment,General,machine-shift,18744.18,18744.18,18744.18,18744.18,1,VND,222.28,0.0119,54,54,建筑工程,công trình hoàn thiện sàn,lớp hoàn thiện,bệ đỡ sàn gỗ
090707,với bu lông M8×14,Material,Fasteners,set,2263.29,2263.29,2263.29,2263.29,1,VND,9019.15,3.985,54,54,建筑工程,"Công trình lắp đặt chung - Tập 6 Điều khiển tự động, instrumentation",và,đơn
830079,bê tông trang trí nước khuôn mẫu,Material,Concrete & Cement,m2,123452.33,123452.33,123452.33,123452.33,1,VND,32410.04,0.2625,54,54,建筑工程,công việc chuẩn bị và đo đạc công trình,khuôn đúc bê tông thi công tại chỗ và giá đỡ,cột
110578,sơn lót polyurethane acrylic,Material,Paint & Coatings,kg,44031.33,44031.33,44031.33,44031.33,1,VND,2551.36,0.0579,54,54,建筑工程,"công việc sơn, phủ và giấy dán tường","tay vịn gỗ và các mục khác, dải tấm và phào, sơn",sơn tay vịn gỗ
350028,đúc moulding BV-1.5,Material,General,m,2283.87,2283.87,2283.87,2283.87,1,VND,8192.58,3.5872,54,54,建筑工程,Công trình lắp đặt chung - Tập 5 Hệ thống thông minh tòa nhà,,"lắp đặt, đơn"
150300,loại,Material,General,pcs,1028.77,1028.77,1028.77,1028.77,1,VND,6215.57,6.0418,53,53,建筑工程,Công trình lắp đặt chung - Tập 4 Lắp đặt thiết bị điện,lắp đặt khuôn mẫu,PVC
800018,(composite),Equipment,General,machine-shift,17406.78,17406.78,17406.78,17406.78,1,VND,145.07,0.0083,53,53,建筑工程,Công trình lắp đặt chung - Tập 7 Thông gió và điều hòa không khí,lắp đặt,ống thép mạ kẽm (hàn)
400009,Bê tông trộn sẵn C30,Material,Concrete & Cement,m3,843590.93,843590.93,843590.93,843590.93,1,VND,802549.2,0.9513,52,52,建筑工程,xử lý nền và gia cố mái dốc,hố móng,tường nền
110234,dung môi sơn gốc dầu,Material,General,kg,22838.68,22838.68,22838.68,22838.68,1,VND,539.93,0.0236,52,52,建筑工程,"công việc sơn, phủ và giấy dán tường",sơn bề mặt gỗ,sơn trần treo bằng gỗ
110108,đá,Material,General,kg,2880.55,2880.55,2880.55,2880.55,1,VND,782.43,0.2716,52,52,建筑工程,công trình cách nhiệt và chống ăn mòn,lớp hoàn thiện chống ăn mòn,lớp phủ chống ăn mòn thép kính
110016,sơn trộn sẵn,Material,Paint & Coatings,kg,25513.48,25513.48,25513.48,25513.48,1,VND,636.45,0.0249,51,51,建筑工程,Công trình lắp đặt chung - Tập 4 Lắp đặt thiết bị điện,"điện, lắp đặt",lắp đặt nhúng điện
010033,tấm thép thường 16 20,Material,Steel & Metal,kg,9238.35,9238.35,9238.35,9238.35,1,VND,68522.44,7.4172,51,51,建筑工程,xử lý nền và gia cố mái dốc,hố móng,()
090496,thép mạ 12,Material,General,pcs,61.73,61.73,61.73,61.73,1,VND,404.21,6.5484,51,51,建筑工程,Công trình lắp đặt chung - Tập 4 Lắp đặt thiết bị điện,lắp đặt điện cao thế,
110097,loại keo dán,Material,General,kg,2798.25,2798.25,2798.25,2798.25,1,VND,834.55,0.2982,51,51,建筑工程,"hoàn thiện tường và cột, vách ngăn và tường rèm",tường mặt,bề mặt tường ốp lát trang trí
120030,5 hình dạng đặc biệt,Material,General,m,534.96,534.96,534.96,534.96,1,VND,1405.46,2.6272,50,50,建筑工程,Công trình lắp đặt chung - Tập 4 Lắp đặt thiết bị điện,"điện, lắp đặt",
090120,đinh tán thép mạ kẽm với bu lông 8×(16 25),Material,Fasteners,set,514.38,514.38,514.38,514.38,1,VND,2839.95,5.5211,50,50,建筑工程,Công trình lắp đặt chung - Tập 5 Hệ thống thông minh tòa nhà,lưới,lắp đặt
100098,kính,Material,Glass,m2,6172.62,6172.62,6172.62,6172.62,1,VND,8967.67,1.4528,50,50,建筑工程,công trình lợp mái và chống thấm,"chống thấm nền và sàn, chống ẩm",lớp phủ chống thấm sàn
800050,đinh hàn khô 600×500×750,Equipment,Welding Equip.,machine-shift,46294.62,46294.62,46294.62,46294.62,1,VND,16126.25,0.3483,50,50,建筑工程,công trình kết cấu thép,khung thép khung,
091056,ốc vít mở rộng mạ kẽm 8,Material,Fasteners,set,5802.26,5802.26,5802.26,5802.26,1,VND,14632.14,2.5218,50,50,建筑工程,Công trình lắp đặt chung - Tập 4 Lắp đặt thiết bị điện,lắp đặt,lắp đặt
010154,dây thép,Material,Steel & Metal,kg,15904.78,15904.78,15904.78,15904.78,1,VND,6340.7,0.3987,49,49,建筑工程,công trình bê tông và bê tông cốt thép,cột bê tông đúc sẵn,
090338,thép không gỉ,Material,Steel & Metal,pcs,5349.6,5349.6,5349.6,5349.6,1,VND,56000.72,10.4682,49,49,建筑工程,"hoàn thiện tường và cột, vách ngăn và tường rèm",tường mặt,bề mặt tường ốp lát trang trí
110575,sơn phủ fluorocarbon dựa dầu,Material,General,kg,58845.61,58845.61,58845.61,58845.61,1,VND,13125.52,0.223,48,48,建筑工程,"công việc sơn, phủ và giấy dán tường","tay vịn gỗ và các mục khác, dải tấm và phào, sơn",sơn tay vịn gỗ
800231,điện cực hàn,Equipment,Welding Equip.,machine-shift,31274.59,31274.59,31274.59,31274.59,1,VND,10834.4,0.3464,48,48,建筑工程,công trình kết cấu thép,khung thép khung,
110059,(chống ăn mòn),Material,General,kg,2880.55,2880.55,2880.55,2880.55,1,VND,702.15,0.2438,47,47,建筑工程,công trình hoàn thiện sàn,lát lát sàn,bệ đỡ sàn gỗ
800006,xe tải hàng 4t,Equipment,Trucks,machine-shift,369739.73,369739.73,369739.73,369739.73,1,VND,196232.87,0.5307,47,47,建筑工程,Công trình lắp đặt chung - Tập 4 Lắp đặt thiết bị điện,"điện, lắp đặt","lắp đặt, đơn"
800184,máy cắt thép,Equipment,General,machine-shift,29422.81,29422.81,29422.81,29422.81,1,VND,5829.27,0.1981,47,47,建筑工程,công trình bê tông và bê tông cốt thép,công trình thép gia cố,hồ sơ và các mục khác mái
250051,"(with, with) 0 1.6MPa",Material,General,set,315009.2,315009.2,315009.2,315009.2,1,VND,14175.41,0.045,47,47,建筑工程,Công trình lắp đặt chung - Tập 9 Phòng cháy chữa cháy,hàn thép ống,ống thép mạ kẽm (hàn)
100035,tấm dán dính 3 5,Material,General,kg,17571.38,17571.38,17571.38,17571.38,1,VND,8255.39,0.4698,46,46,建筑工程,Công trình lắp đặt chung - Tập 7 Thông gió và điều hòa không khí,và lắp đặt,lắp đặt
110024,sơn men phenolic,Material,Paint & Coatings,kg,35595.42,35595.42,35595.42,35595.42,1,VND,2049.45,0.0576,45,45,建筑工程,Công trình lắp đặt chung - Tập 4 Lắp đặt thiết bị điện,lắp đặt điện cao thế,lắp đặt nhúng điện
810233,1: 1 vữa xi măng,Material,Concrete & Cement,m3,979388.49,979388.49,979388.49,979388.49,1,VND,3973.52,0.0041,44,44,建筑工程,"hoàn thiện tường và cột, vách ngăn và tường rèm",trát trần (dầm) bề mặt vữa trát,trát tường
110577,với lớp phủ acrylic trên cùng,Equipment,General,kg,41973.79,41973.79,41973.79,41973.79,1,VND,6218.94,0.1482,44,44,建筑工程,"công việc sơn, phủ và giấy dán tường","tay vịn gỗ và các mục khác, dải tấm và phào, sơn",sơn tay vịn gỗ
010002,thép cốt thép gia cố 10 vượt quá,Material,Steel & Metal,kg,7983.25,7983.25,7983.25,7983.25,1,VND,6786196.24,850.0543,43,43,建筑工程,xử lý nền và gia cố mái dốc,hố móng,()
110039,thạch cao,Material,General,kg,1234.52,1234.52,1234.52,1234.52,1,VND,584.75,0.4737,43,43,建筑工程,"hoàn thiện tường và cột, vách ngăn và tường rèm",mặt (dầm) của cột,cột trang trí thành phẩm
110064,đá,Material,General,kg,1687.18,1687.18,1687.18,1687.18,1,VND,3481.48,2.0635,43,43,建筑工程,công trình cách nhiệt và chống ăn mòn,lớp hoàn thiện chống ăn mòn,lớp phủ bê tông chống ăn mòn
090820,bulong mở rộng M8×100,Material,Fasteners,pcs,4485.43,4485.43,4485.43,4485.43,1,VND,31700.67,7.0675,43,43,建筑工程,công trình cửa và cửa sổ,cửa kim loại,
110563,lót lót phủ chống thấm nitrocellulose trong suốt,Material,Paint & Coatings,kg,39710.5,39710.5,39710.5,39710.5,1,VND,1103.95,0.0278,42,42,建筑工程,"công việc sơn, phủ và giấy dán tường","tay vịn gỗ và các mục khác, dải tấm và phào, sơn",sơn tay vịn gỗ
110574,sơn phủ polyurethane acrylic,Material,General,kg,48352.16,48352.16,48352.16,48352.16,1,VND,6645.31,0.1374,42,42,建筑工程,"công việc sơn, phủ và giấy dán tường","tay vịn gỗ và các mục khác, dải tấm và phào, sơn",sơn tay vịn gỗ
850020,ML9001A,Equipment,General,machine-shift,128987.11,128987.11,128987.11,128987.11,1,VND,71234.17,0.5523,42,42,建筑工程,Công trình lắp đặt chung - Tập 5 Hệ thống thông minh tòa nhà,lắp đặt,"lắp đặt khuôn mẫu khô, đơn"
090118,đinh tán thép mạ kẽm với bu lông 6×(16 25),Material,Fasteners,set,205.75,205.75,205.75,205.75,1,VND,1440.09,6.9991,42,42,建筑工程,Công trình lắp đặt chung - Tập 5 Hệ thống thông minh tòa nhà,và lắp đặt,lắp đặt
030004,gỗ xây dựng,Material,Wood & Timber,m3,2156712.22,2156712.22,2156712.22,2156712.22,1,VND,167744.86,0.0778,41,41,建筑工程,Công trình lắp đặt chung - Tập 7 Thông gió và điều hòa không khí,lắp đặt,lắp đặt hệ thống cấp nước
090490,thép mạ kẽm 6,Material,General,pcs,308.63,308.63,308.63,308.63,1,VND,1805.98,5.8516,41,41,建筑工程,Công trình lắp đặt chung - Tập 4 Lắp đặt thiết bị điện,lắp đặt điện,lắp đặt
090533,ốc vít mở rộng mạ kẽm 10,Material,Fasteners,set,6542.97,6542.97,6542.97,6542.97,1,VND,20093.85,3.0711,40,40,建筑工程,Công trình lắp đặt chung - Tập 4 Lắp đặt thiết bị điện,lắp đặt điện,tường điện (cột)
090445,dây hàn thép không gỉ,Material,Steel & Metal,kg,167483.66,167483.66,167483.66,167483.66,1,VND,370612.02,2.2128,40,40,建筑工程,công trình lợp mái và chống thấm,kết cấu chống thấm mái và phụ kiện,mái che chống thấm nước mái
090031,thép mạ 12,Material,General,pcs,452.66,452.66,452.66,452.66,1,VND,5182.94,11.45,40,40,建筑工程,Công trình lắp đặt chung - Tập 4 Lắp đặt thiết bị điện,lắp đặt điện cao thế,
810140,móng cột bê tông cốt thép,Material,Concrete & Cement,m3,4670613.19,4670613.19,4670613.19,4670613.19,1,VND,20752.67,0.0044,39,39,建筑工程,công việc chuẩn bị và đo đạc công trình,vận chuyển thẳng đứng,vận chuyển thẳng đứng
110069,putty,Material,General,kg,18229.79,18229.79,18229.79,18229.79,1,VND,4623.28,0.2536,39,39,建筑工程,công trình lợp mái và chống thấm,kết cấu chống thấm mái và phụ kiện,lớp phủ mái chống thấm
010013,thép dầm,Material,Steel & Metal,kg,7551.17,7551.17,7551.17,7551.17,1,VND,234084.61,30.9998,38,38,建筑工程,Công trình lắp đặt chung - Tập 4 Lắp đặt thiết bị điện,lắp đặt,lắp đặt gia công vuông ()
400041,vữa dán DEA,Material,Concrete & Cement,m3,10832119.03,10832119.03,10832119.03,10832119.03,1,VND,23985.38,0.0022,37,37,建筑工程,công trình cách nhiệt và chống ăn mòn,,trần
400044,bơm trám nối DTG,Material,Concrete & Cement,m3,10493448.13,10493448.13,10493448.13,10493448.13,1,VND,33678.97,0.0032,37,37,建筑工程,"hoàn thiện tường và cột, vách ngăn và tường rèm",lớp mặt tường chắn,bề mặt tường đá nghiền (011204002)
030006,ván ép 3mm,Material,Wood & Timber,m2,25307.73,25307.73,25307.73,25307.73,1,VND,41803.43,1.6518,37,37,建筑工程,"hoàn thiện tường và cột, vách ngăn và tường rèm",tường mặt,bề mặt tường ốp lát trang trí
100025,keo dán đá lát,Material,General,kg,17550.81,17550.81,17550.81,17550.81,1,VND,28808.48,1.6414,37,37,建筑工程,"Công trình lắp đặt chung - Tập 6 Điều khiển tự động, instrumentation",lắp đặt,lắp đặt
400030,vữa trát DP-HR,Material,Concrete & Cement,m3,1014366.65,1014366.65,1014366.65,1014366.65,1,VND,31445.37,0.031,36,36,建筑工程,xử lý nền và gia cố mái dốc,hố móng,"phun bê tông, vữa xi măng"
090241,lưới thép tấm,Material,Steel & Metal,m2,16933.54,16933.54,16933.54,16933.54,1,VND,17415.68,1.0285,36,36,建筑工程,xử lý nền và gia cố mái dốc,hố móng,"phun bê tông, vữa xi măng"
110787,dầu sơn fluorocarbon gốc dầu,Material,Paint & Coatings,kg,28805.54,28805.54,28805.54,28805.54,1,VND,720.38,0.025,36,36,建筑工程,"công việc sơn, phủ và giấy dán tường","tay vịn gỗ và các mục khác, dải tấm và phào, sơn",sơn tay vịn gỗ
110591,dung môi sơn acrylic gốc nước,Material,Paint & Coatings,kg,27776.77,27776.77,27776.77,27776.77,1,VND,343.66,0.0124,36,36,建筑工程,"công việc sơn, phủ và giấy dán tường",sơn bề mặt gỗ,"sàn gỗ, ván sợi, plywood, sơn trần"
090066,đầu đinh mạ kẽm 8,Material,Fasteners,pcs,144.03,144.03,144.03,144.03,1,VND,594.83,4.1302,36,36,建筑工程,Công trình lắp đặt chung - Tập 7 Thông gió và điều hòa không khí,và lắp đặt,lắp đặt
850210,điện ZX-54,Equipment,General,machine-shift,12983.07,12983.07,12983.07,12983.07,1,VND,5707.62,0.4396,36,36,建筑工程,"Công trình lắp đặt chung - Tập 6 Điều khiển tự động, instrumentation",,đơn
800064,150,Equipment,General,machine-shift,29628.56,29628.56,29628.56,29628.56,1,VND,673.63,0.0227,36,36,建筑工程,công trình bê tông và bê tông cốt thép,phụ kiện sắt,hàn thép ống ()
800025,máy nén khí 10m3/phút,Equipment,Compressors,machine-shift,139295.38,139295.38,139295.38,139295.38,1,VND,9697.85,0.0696,36,36,建筑工程,xử lý nền và gia cố mái dốc,hố móng,tường nền
810005,1: 2.5 vữa xi măng,Material,Concrete & Cement,m3,593542.35,585987.06,595431.17,595431.17,2,VND,27274.01,0.0459,35,35,建筑工程,"hoàn thiện tường và cột, vách ngăn và tường rèm",trát trần (dầm) bề mặt vữa trát,trát tường trang trí
010032,tấm thép thường 8 15,Material,Steel & Metal,kg,9341.23,9341.23,9341.23,9341.23,1,VND,92685.81,9.9222,35,35,建筑工程,Công trình lắp đặt chung - Tập 4 Lắp đặt thiết bị điện,lắp đặt,lắp đặt chế tạo điện
400018,Bê tông đá C15,Material,Concrete & Cement,m3,771577.07,771577.07,771577.07,771577.07,1,VND,66682.06,0.0864,35,35,建筑工程,công trình lợp mái và chống thấm,kết cấu chống thấm mái và phụ kiện,mái che chống thấm nước mái
850257,đúc mẫu,Equipment,General,machine-shift,79441.57,79441.57,79441.57,79441.57,1,VND,10190.05,0.1283,34,34,建筑工程,"Công trình lắp đặt chung - Tập 6 Điều khiển tự động, instrumentation",khóa,
090127,Ống thép mạ kẽm có bu lông 10×(85 100),Material,Fasteners,set,1872.36,1872.36,1872.36,1872.36,1,VND,11932.37,6.3729,34,34,建筑工程,Công trình lắp đặt chung - Tập 4 Lắp đặt thiết bị điện,lắp đặt,"khung, lắp đặt"
110159,chống ăn mòn,Material,General,kg,3662.42,3662.42,3662.42,3662.42,1,VND,911.94,0.249,34,34,建筑工程,công trình kết cấu gỗ,gỗ cấu kiện kết cấu,mái nhà ()
090429,expansion bolt M8×110,Material,Fasteners,pcs,2325.02,2325.02,2325.02,2325.02,1,VND,12858.71,5.5306,34,34,建筑工程,công trình cửa và cửa sổ,cửa sổ gỗ,
090494,thép mạ kẽm 6,Material,General,pcs,41.15,41.15,41.15,41.15,1,VND,140.74,3.42,34,34,建筑工程,Công trình lắp đặt chung - Tập 4 Lắp đặt thiết bị điện,lắp đặt điện,lắp đặt
090119,đinh tán thép mạ kẽm 6×(30 50),Material,Fasteners,set,432.08,432.08,432.08,432.08,1,VND,4462.1,10.3269,33,33,建筑工程,Công trình lắp đặt chung - Tập 4 Lắp đặt thiết bị điện,lắp đặt điện,lắp đặt
850195,PJN5210S,Equipment,General,machine-shift,111477.45,111477.45,111477.45,111477.45,1,VND,222031.62,1.9917,33,33,建筑工程,"Công trình lắp đặt chung - Tập 6 Điều khiển tự động, instrumentation","foundation (030608007, 030608008)",đơn
810047,Xi măng,Material,Concrete & Cement,m3,1217239.98,1217239.98,1217239.98,1217239.98,1,VND,2042.27,0.0017,32,32,建筑工程,công trình bê tông và bê tông cốt thép,công trình thép gia cố,lớp hoàn thiện vữa chống ăn mòn
080230,tấm nhôm 5mm,Material,General,m2,123452.33,123452.33,123452.33,123452.33,1,VND,130083.48,1.0537,32,32,建筑工程,công trình cửa và cửa sổ,bệ cửa sổ,bề mặt tường ốp lát trang trí
091474,bu lông M14,Material,Fasteners,m,20575.39,20575.39,20575.39,20575.39,1,VND,638.87,0.031,32,32,建筑工程,công việc chuẩn bị và đo đạc công trình,khuôn đúc bê tông thi công tại chỗ và giá đỡ,dầm
110228,chất bịt kín,Material,Rubber,kg,26542.25,26542.25,26542.25,26542.25,1,VND,2633.11,0.0992,32,32,建筑工程,công trình kết cấu thép,"sàn thép tấm, sàn tường",hồ sơ và các mục khác mái
110549,sơn poly,Material,Paint & Coatings,kg,46911.89,46911.89,46911.89,46911.89,1,VND,8133.5,0.1734,32,32,建筑工程,"Công trình lắp đặt chung - T.12 Sơn, chống ăn mòn, cách nhiệt",,sơn poly
800396,máy nén khí 3m3/phút,Equipment,Compressors,machine-shift,38887.48,38887.48,38887.48,38887.48,1,VND,1212.51,0.0312,32,32,建筑工程,công trình đóng cọc,cọc khoan,Lớp phủ chống ăn mòn H8701
090297,dây đeo,Material,General,kg,12345.23,12345.23,12345.23,12345.23,1,VND,3222.02,0.261,31,31,建筑工程,"Công trình lắp đặt chung - Tập 6 Điều khiển tự động, instrumentation",lắp đặt (nước) mặt đất,lắp đặt hệ thống cấp nước
800072,điện năng,Equipment,General,machine-shift,268920.33,268920.33,268920.33,268920.33,1,VND,7381.43,0.0274,31,31,建筑工程,"hoàn thiện tường và cột, vách ngăn và tường rèm",công trình tường rèm,với tường rèm khung
110136,sơn,Material,Paint & Coatings,kg,37035.7,37035.7,37035.7,37035.7,1,VND,15075.46,0.4071,31,31,建筑工程,"công việc sơn, phủ và giấy dán tường",sơn bề mặt gỗ,"sơn cửa kim loại, cửa sổ"
150163,lưới,Material,General,m2,24278.96,24278.96,24278.96,24278.96,1,VND,367462.04,15.135,31,31,建筑工程,công việc chuẩn bị và đo đạc công trình,,cần cẩu giàn giáo
800074,máy ủi hợp bộ,Equipment,Bulldozers,machine-shift,931447.84,931447.84,931447.84,931447.84,1,VND,1881.52,0.002,31,31,建筑工程,đào đất và công trình đá,vận chuyển,đào đất tổng quát
080011,U -shaped light-gauge steel keel CB38×12,Material,Steel & Metal,m,10287.69,10287.69,10287.69,10287.69,1,VND,14664.14,1.4254,30,30,建筑工程,công trình trần,trần giả,dầm trần
120170,poly 50,Material,General,m,1872.36,1872.36,1872.36,1872.36,1,VND,149.79,0.08,30,30,建筑工程,công trình lợp mái và chống thấm,"chống thấm nền và sàn, chống ẩm",lớp phủ chống thấm sàn
040207,gạch tiêu chuẩn liên kết,Material,General,pcs,1193.37,1193.37,1193.37,1193.37,1,VND,307509.4,257.681,30,30,建筑工程,công trình xây masonry,"nước, hệ thống cấp nước",hố
800560,máy phun,Equipment,General,machine-shift,152669.38,152669.38,152669.38,152669.38,1,VND,9842.09,0.0645,30,30,建筑工程,"Công trình lắp đặt chung - T.12 Sơn, chống ăn mòn, cách nhiệt",,phun phủ chống ăn mòn loại chống ăn mòn
280554,đúc (hợp chất),Material,General,m,4115.08,4115.08,4115.08,4115.08,1,VND,1011.74,0.2459,30,30,建筑工程,"Công trình lắp đặt chung - Tập 6 Điều khiển tự động, instrumentation",,
110281,phenolic,Material,General,kg,44031.33,44031.33,44031.33,44031.33,1,VND,11360.08,0.258,30,30,建筑工程,"Công trình lắp đặt chung - T.12 Sơn, chống ăn mòn, cách nhiệt",,sơn phenolic
110002,diluy sơn dầu,Material,General,kg,24073.2,24073.2,24073.2,24073.2,1,VND,1157.47,0.0481,30,30,建筑工程,"công việc sơn, phủ và giấy dán tường",sơn trên bề mặt trát,sơn trên bề mặt trát
060062,gạch mặt kim loại,Material,Steel & Metal,m2,164603.11,164603.11,164603.11,164603.11,1,VND,170730.0,1.0372,30,30,建筑工程,"hoàn thiện tường và cột, vách ngăn và tường rèm",lớp mặt tường chắn,bề mặt tường đối diện khối
080017,CB38-L đinh thép mỏng U hình,Material,Steel & Metal,pcs,2962.86,2962.86,2962.86,2962.86,1,VND,736.57,0.2486,30,30,建筑工程,công trình trần,trần giả,dầm trần
110590,sơn acrylic gốc nước,Material,Paint & Coatings,kg,36006.93,36006.93,36006.93,36006.93,1,VND,4566.71,0.1268,30,30,建筑工程,"công việc sơn, phủ và giấy dán tường",sơn bề mặt gỗ,"sàn gỗ, ván sợi, plywood, sơn trần"
400033,trát xi măng thạch cao vữa DP-G,Material,Concrete & Cement,m3,946467.87,946467.87,946467.87,946467.87,1,VND,4341.92,0.0046,30,30,建筑工程,"hoàn thiện tường và cột, vách ngăn và tường rèm",trát trần (dầm) bề mặt vữa trát,bề mặt cột dầm trát vữa tổng quát
400012,Bê tông đá C20,Material,Concrete & Cement,m3,802440.15,802440.15,802440.15,802440.15,1,VND,10592.21,0.0132,30,30,建筑工程,công trình xây masonry,tường gạch,lớp san phẳng
110244,kính nước,Material,Glass,kg,1666.61,1666.61,1666.61,1666.61,1,VND,5841.29,3.5049,30,30,建筑工程,xử lý nền và gia cố mái dốc,lớp hoàn thiện chống ăn mòn,lớp hoàn thiện chống ăn mòn mặt ngoài
080032,U -shaped light-gauge steel keel CB38-1,Material,Steel & Metal,pcs,1934.09,1934.09,1934.09,1934.09,1,VND,2739.5,1.4164,30,30,建筑工程,công trình trần,trần giả,dầm trần
110550,sơn poly lớp phủ trên cùng,Material,Paint & Coatings,kg,49380.93,49380.93,49380.93,49380.93,1,VND,6789.54,0.1375,29,29,建筑工程,"Công trình lắp đặt chung - T.12 Sơn, chống ăn mòn, cách nhiệt",,sơn poly
090124,đinh tán thép mạ kẽm với bu lông 10×(20 35),Material,Fasteners,set,905.32,905.32,905.32,905.32,1,VND,3892.14,4.2992,29,29,建筑工程,Công trình lắp đặt chung - Tập 4 Lắp đặt thiết bị điện,lắp đặt chiều cao,lắp đặt chế tạo điện
090260,đinh,Material,Fasteners,kg,14402.77,14402.77,14402.77,14402.77,1,VND,7588.96,0.5269,29,29,建筑工程,công trình bê tông và bê tông cốt thép,bê tông cốt thép đúc sẵn tại chỗ,
110205,chất phủ chống thấm nước (thường),Material,Paint & Coatings,kg,13785.51,13785.51,13785.51,13785.51,1,VND,1890.61,0.1371,29,29,建筑工程,"công việc sơn, phủ và giấy dán tường",phun sơn phun và quét sơn,lớp phủ hoàn thiện bề mặt tường
130100,tấm EPS,Material,Wood & Timber,m3,884741.71,884741.71,884741.71,884741.71,1,VND,118555.39,0.134,29,29,建筑工程,công trình xây masonry,lớp che chắn,mái nhà ()
110548,sơn lót poly paint,Material,Paint & Coatings,kg,43002.56,43002.56,43002.56,43002.56,1,VND,7989.58,0.1858,29,29,建筑工程,"Công trình lắp đặt chung - T.12 Sơn, chống ăn mòn, cách nhiệt",,sơn poly
090165,ốc vít mở rộng mạ kẽm 12,Material,Fasteners,set,7736.35,7736.35,7736.35,7736.35,1,VND,15261.34,1.9727,29,29,建筑工程,Công trình lắp đặt chung - Tập 7 Thông gió và điều hòa không khí,cột bổ sung,"lắp đặt tấm thép hình chữ nhật (1.2mm trong, )"
800289,xe tải chở đất 15t,Equipment,Trucks,machine-shift,1096462.45,1096462.45,1096462.45,1096462.45,1,VND,10264.54,0.0094,28,28,建筑工程,đào đất và công trình đá,vận chuyển,đào đất tổng quát
850005,điện đất GCT,Equipment,General,machine-shift,21604.16,21604.16,21604.16,21604.16,1,VND,4749.44,0.2198,28,28,建筑工程,Công trình lắp đặt chung - Tập 4 Lắp đặt thiết bị điện,sàn,
800028,400,Equipment,General,machine-shift,215835.83,215835.83,215835.83,215835.83,1,VND,20377.98,0.0944,28,28,建筑工程,Công trình lắp đặt chung - Tập 7 Thông gió và điều hòa không khí,lắp đặt gia công,gia công chống thấm
830077,khuôn mẫu thép hình,Material,Steel & Metal,m2-day,5246.72,5246.72,5246.72,5246.72,1,VND,53481.88,10.1934,28,28,建筑工程,công việc chuẩn bị và đo đạc công trình,khuôn đúc bê tông thi công tại chỗ và giá đỡ,cột
800046,cutter,Equipment,General,machine-shift,52467.24,52467.24,52467.24,52467.24,1,VND,4465.55,0.0851,28,28,建筑工程,công trình đóng cọc,lát lát sàn,bề mặt tường ốp lát trang trí
110103,sơn bitum,Material,Paint & Coatings,kg,23455.94,23455.94,23455.94,23455.94,1,VND,2105.08,0.0897,28,28,建筑工程,công trình đóng cọc,lắp đặt khuôn mẫu,
130095,tấm EPS,Material,Wood & Timber,m3,1296249.48,1296249.48,1296249.48,1296249.48,1,VND,37950.2,0.0293,28,28,建筑工程,công trình cách nhiệt và chống ăn mòn,,trần
810177,vữa xi măng poly,Material,Concrete & Cement,m3,925892.48,925892.48,925892.48,925892.48,1,VND,3544.85,0.0038,28,28,建筑工程,"hoàn thiện tường và cột, vách ngăn và tường rèm",trát trần (dầm) bề mặt vữa trát,bề mặt cột dầm trát vữa tổng quát
150061,than đá,Material,General,t,1563729.53,1563729.53,1563729.53,1563729.53,1,VND,15868.96,0.0101,27,27,建筑工程,"Công trình lắp đặt chung - T.12 Sơn, chống ăn mòn, cách nhiệt",phun,phun sơn đá
150021,gỗ xây dựng,Material,Wood & Timber,kg,370.36,370.36,370.36,370.36,1,VND,342.95,0.9259,27,27,建筑工程,"Công trình lắp đặt chung - T.12 Sơn, chống ăn mòn, cách nhiệt",phun,phun sơn đá
030003,bản formwork gỗ,Material,Wood & Timber,m3,3449463.88,3449463.88,3449463.88,3449463.88,1,VND,46872.13,0.0136,27,27,建筑工程,công trình bê tông và bê tông cốt thép,bê tông cốt thép đúc sẵn tại chỗ,chống thấm nước với
800008,xe tải hàng 8t,Equipment,Trucks,machine-shift,488665.48,488665.48,488665.48,488665.48,1,VND,100266.91,0.2052,27,27,建筑工程,Công trình lắp đặt chung - Tập 7 Thông gió và điều hòa không khí,nước,lắp đặt
100140,keo dán phun cát 40,Material,Aggregates,m,128390.42,128390.42,128390.42,128390.42,1,VND,6428.76,0.0501,26,26,建筑工程,công trình kết cấu thép,liên kết kim loại cấu trúc tại chỗ và các mục khác,phun sơn đá
090309,phun cát,Material,Aggregates,pcs,113781.9,113781.9,113781.9,113781.9,1,VND,2335.72,0.0205,26,26,建筑工程,công trình kết cấu thép,liên kết kim loại cấu trúc tại chỗ và các mục khác,phun sơn đá
150089,132 1,Labor,General,hộp,386405.8,386405.8,386405.8,386405.8,1,VND,164324.15,0.4253,26,26,建筑工程,Công trình lắp đặt chung - Tập 5 Hệ thống thông minh tòa nhà,lưới,lắp đặt
090054,bulong mở rộng 6,Material,Fasteners,set,1481.43,1481.43,1481.43,1481.43,1,VND,4850.32,3.2741,26,26,建筑工程,công trình lợp mái và chống thấm,kết cấu chống thấm mái và phụ kiện,mái che chống thấm nước mái
100288,tấm dán dán 6,Material,General,kg,9258.92,9258.92,9258.92,9258.92,1,VND,4569.92,0.4936,26,26,建筑工程,Công trình lắp đặt chung - Tập 7 Thông gió và điều hòa không khí,lắp đặt,lắp đặt
110599,dung môi sơn dính,Material,Paint & Coatings,kg,32920.62,32920.62,32920.62,32920.62,1,VND,1068.46,0.0325,26,26,建筑工程,"công việc sơn, phủ và giấy dán tường",sơn bề mặt kim loại,"sơn cửa kim loại, cửa sổ"
090130,điện trở mạ kẽm với bu lông 12×(65 80),Material,Fasteners,set,1934.09,1934.09,1934.09,1934.09,1,VND,9198.34,4.7559,25,25,建筑工程,Công trình lắp đặt chung - Tập 4 Lắp đặt thiết bị điện,lắp đặt điện cao thế,
090300,dây hàn,Material,Welding Consumables,kg,78186.48,78186.48,78186.48,78186.48,1,VND,1647.13,0.0211,25,25,建筑工程,các công trình trang trí khác,"tay vịn, lan can, tấm lan can trang trí","tay vịn kim loại, lan can, tấm lan can"
091525,với bu lông M12×(20 100),Material,Fasteners,set,3086.31,3086.31,3086.31,3086.31,1,VND,27282.97,8.84,25,25,建筑工程,"Công trình lắp đặt chung - Tập 6 Điều khiển tự động, instrumentation",,
080012,U -shaped light-gauge steel keel CB50×20,Material,Steel & Metal,m,9053.17,9053.17,9053.17,9053.17,1,VND,40728.62,4.4988,25,25,建筑工程,công trình trần,trần giả,dầm trần
840007,điện năng,Material,General,kWh,2016.39,2016.39,2016.39,2016.39,1,VND,34710.38,17.2141,25,25,建筑工程,phí nước và điện công trường,công trình,nước
060027,gạch,Material,General,m2,86416.63,86416.63,86416.63,86416.63,1,VND,85217.6,0.9861,25,25,建筑工程,công trình cách nhiệt và chống ăn mòn,lớp hoàn thiện chống ăn mòn,lớp hoàn thiện chống ăn mòn mặt ngoài
090181,đinh tán mạ kẽm (2 5)×(4 50),Equipment,General,pcs,102.88,102.88,102.88,102.88,1,VND,300.15,2.9176,25,25,建筑工程,Công trình lắp đặt chung - Tập 4 Lắp đặt thiết bị điện,lắp đặt khuôn mẫu,điện năng
010029,tấm thép thường 2.6 3.2,Material,Steel & Metal,kg,9073.75,9073.75,9073.75,9073.75,1,VND,79843.88,8.7994,25,25,建筑工程,Công trình lắp đặt chung - Tập 7 Thông gió và điều hòa không khí,tường,
091531,2,Material,General,m,2469.05,2469.05,2469.05,2469.05,1,VND,207.41,0.084,25,25,建筑工程,"Công trình lắp đặt chung - Tập 6 Điều khiển tự động, instrumentation",,
060095,đá hoàn thiện 20mm,Material,General,m2,329206.22,329206.22,329206.22,329206.22,1,VND,339126.3,1.0301,24,24,建筑工程,"hoàn thiện tường và cột, vách ngăn và tường rèm",lớp mặt tường chắn,bề mặt tường lát đá
100376,lớp phủ chống thấm bitum biến đổi dán keo,Material,Waterproofing,kg,15431.54,15431.54,15431.54,15431.54,1,VND,14274.44,0.925,24,24,建筑工程,công trình lợp mái và chống thấm,kết cấu chống thấm mái và phụ kiện,màng chống thấm mái
850117,điện cao thế 3124,Equipment,General,machine-shift,112547.38,112547.38,112547.38,112547.38,1,VND,117869.93,1.0473,24,24,建筑工程,Công trình lắp đặt chung - Tập 4 Lắp đặt thiết bị điện,độ cao điện,độ cao điện
010361,hàn thép ống (tổng hợp),Material,Steel & Metal,kg,9361.8,9361.8,9361.8,9361.8,1,VND,1692.81,0.1808,24,24,建筑工程,công việc chuẩn bị và đo đạc công trình,"nước, hệ thống cấp nước",hố
110188,ZL poly,Material,General,m3,1069920.2,1069920.2,1069920.2,1069920.2,1,VND,22596.71,0.0211,24,24,建筑工程,công trình cách nhiệt và chống ăn mòn,,trần
130037,Chất dính ZL,Material,General,kg,3292.06,3292.06,3292.06,3292.06,1,VND,845.71,0.2569,24,24,建筑工程,công trình cách nhiệt và chống ăn mòn,,trần
091526,với bu lông M10×(20 50),Material,Fasteners,set,1851.78,1851.78,1851.78,1851.78,1,VND,12059.39,6.5123,24,24,建筑工程,"Công trình lắp đặt chung - Tập 6 Điều khiển tự động, instrumentation",,
010393,thép không gỉ,Material,Steel & Metal,kg,51438.47,51438.47,51438.47,51438.47,1,VND,37296.87,0.7251,24,24,建筑工程,"hoàn thiện tường và cột, vách ngăn và tường rèm",vách ngăn,vách ngăn kim loại
810132,trát vữa thạch cao 1: 2,Material,Concrete & Cement,m3,1665680.58,1665680.58,1665680.58,1665680.58,1,VND,5193.88,0.0031,24,24,建筑工程,"hoàn thiện tường và cột, vách ngăn và tường rèm",trát trần (dầm) bề mặt vữa trát,bề mặt cột dầm trát vữa tổng quát
110003,sơn chống rỉ alkyd,Material,Paint & Coatings,kg,33743.64,33743.64,33743.64,33743.64,1,VND,6478.61,0.192,24,24,建筑工程,công trình lợp mái và chống thấm,kết cấu chống thấm mái và phụ kiện,mái nhà ()
850204,PASHEN,Equipment,General,machine-shift,13703.21,13703.21,13703.21,13703.21,1,VND,48520.65,3.5408,24,24,建筑工程,"Công trình lắp đặt chung - Tập 6 Điều khiển tự động, instrumentation","foundation (030608007, 030608008)",(DCS)
850019,GX12M1,Equipment,General,machine-shift,15719.6,15719.6,15719.6,15719.6,1,VND,10003.38,0.6364,23,23,建筑工程,Công trình lắp đặt chung - Tập 5 Hệ thống thông minh tòa nhà,lắp đặt,
080019,CB60-L đinh thép định hình U - dạng chữ U,Material,Steel & Metal,pcs,1646.03,1646.03,1646.03,1646.03,1,VND,1722.46,1.0464,23,23,建筑工程,công trình trần,trần giả,dầm trần
110215,chất dính kết cấu,Material,General,kg,89914.45,89914.45,89914.45,89914.45,1,VND,15297.15,0.1701,23,23,建筑工程,công trình bê tông và bê tông cốt thép,phụ kiện sắt,hồ sơ và các mục khác mái
080748,tấm nhôm 30×30,Material,General,pcs,1028.77,1028.77,1028.77,1028.77,1,VND,8235.99,8.0057,23,23,建筑工程,"hoàn thiện tường và cột, vách ngăn và tường rèm",tường mặt,bề mặt tường ốp lát trang trí
800144,đầm rung tấm phẳng,Equipment,General,machine-shift,2736.53,2736.53,2736.53,2736.53,1,VND,32.2,0.0118,23,23,建筑工程,công trình xây masonry,lớp che chắn,lớp san phẳng
850134,DM3-802H,Equipment,General,machine-shift,19443.74,19443.74,19443.74,19443.74,1,VND,35704.79,1.8363,23,23,建筑工程,Công trình lắp đặt chung - Tập 4 Lắp đặt thiết bị điện,độ cao điện,điện năng
110219,chất bịt kín kết cấu liên kết,Material,Rubber,kg,98761.86,98761.86,98761.86,98761.86,1,VND,71576.36,0.7247,23,23,建筑工程,"hoàn thiện tường và cột, vách ngăn và tường rèm",tường mặt,bề mặt tường ốp lát trang trí
090128,galvanized with bolt 12×(20 35),Material,Fasteners,set,1399.13,1399.13,1399.13,1399.13,1,VND,6708.81,4.795,23,23,建筑工程,Công trình lắp đặt chung - Tập 7 Thông gió và điều hòa không khí,lắp đặt,lắp đặt
110207,sơn phủ (lớp) dựa trên nước,Material,Water,kg,65841.24,65841.24,65841.24,65841.24,1,VND,16562.07,0.2515,23,23,建筑工程,"công việc sơn, phủ và giấy dán tường",phun sơn phun và quét sơn,lớp phủ hoàn thiện bề mặt tường
080015,U -shaped light-gauge steel keel CS60×27,Material,Steel & Metal,m,24278.96,24278.96,24278.96,24278.96,1,VND,66899.82,2.7555,23,23,建筑工程,công trình trần,trần giả,dầm trần
110170,than đá,Material,General,kg,17365.63,17365.63,17365.63,17365.63,1,VND,91157.88,5.2493,22,22,建筑工程,công trình hoàn thiện sàn,tường mặt,bề mặt tường ốp lát trang trí
090492,16 mạ kẽm,Material,General,pcs,740.71,740.71,740.71,740.71,1,VND,10440.03,14.0945,22,22,建筑工程,Công trình lắp đặt chung - Tập 4 Lắp đặt thiết bị điện,loại hệ thống điện,lắp đặt
110220,bột trét nước (),Material,Water,kg,2921.71,2921.71,2921.71,2921.71,1,VND,3982.48,1.3631,22,22,建筑工程,"công việc sơn, phủ và giấy dán tường",sơn bề mặt gỗ,"tường gỗ, sơn tường gỗ"
080285,móng,Material,General,kg,57611.09,57611.09,57611.09,57611.09,1,VND,670776.37,11.6432,22,22,建筑工程,"hoàn thiện tường và cột, vách ngăn và tường rèm",công trình tường rèm,với tường rèm khung
080279,hướng dẫn aluminium,Material,General,kg,57611.09,57611.09,57611.09,57611.09,1,VND,126925.87,2.2032,22,22,建筑工程,"hoàn thiện tường và cột, vách ngăn và tường rèm",công trình tường rèm,tường kính rèm
010152,Thép I-beam,Material,Steel & Metal,kg,9876.19,9876.19,9876.19,9876.19,1,VND,292109.38,29.5771,22,22,建筑工程,xử lý nền và gia cố mái dốc,hố móng,()
080288,móng,Material,General,kg,57611.09,57611.09,57611.09,57611.09,1,VND,416109.17,7.2227,22,22,建筑工程,"hoàn thiện tường và cột, vách ngăn và tường rèm",công trình tường rèm,với tường rèm khung
800596,16-300mm,Equipment,General,machine-shift,73433.56,73433.56,73433.56,73433.56,1,VND,7343.36,0.1,22,22,建筑工程,Công trình lắp đặt chung - Tập 5 Hệ thống thông minh tòa nhà,lắp đặt,lắp đặt
460104,A4,Material,General,đóng gói,61726.17,61726.17,61726.17,61726.17,1,VND,5224.28,0.0846,22,22,建筑工程,Công trình lắp đặt chung - Tập 5 Hệ thống thông minh tòa nhà,lưới,lắp đặt
110022,sơn dầu pha sẵn phenolic,Material,Paint & Coatings,kg,33537.88,33537.88,33537.88,33537.88,1,VND,4777.62,0.1425,22,22,建筑工程,"Công trình lắp đặt chung - T.12 Sơn, chống ăn mòn, cách nhiệt",chổi quét hình chữ nhật,tấm đan nước
010020,thép ống 16 trong,Material,Steel & Metal,kg,7695.2,7695.2,7695.2,7695.2,1,VND,84552.6,10.9877,21,21,建筑工程,công trình bê tông và bê tông cốt thép,công trình thép gia cố,vách kính
110023,sơn bóng phenolic,Material,Paint & Coatings,kg,26130.74,26130.74,26130.74,26130.74,1,VND,1601.67,0.0613,21,21,建筑工程,"công việc sơn, phủ và giấy dán tường",sơn bề mặt gỗ,sơn sàn bê tông gỗ
850116,YDQ,Equipment,General,machine-shift,39504.75,39504.75,39504.75,39504.75,1,VND,28449.06,0.7201,21,21,建筑工程,Công trình lắp đặt chung - Tập 4 Lắp đặt thiết bị điện,điện năng,điện năng đơn
850203,2656,Equipment,General,machine-shift,187832.72,187832.72,187832.72,187832.72,1,VND,299851.45,1.5964,21,21,建筑工程,"Công trình lắp đặt chung - Tập 6 Điều khiển tự động, instrumentation","foundation (030608007, 030608008)",(DCS)
850006,ND2,Equipment,General,machine-shift,14834.86,14834.86,14834.86,14834.86,1,VND,15823.85,1.0667,21,21,建筑工程,Công trình lắp đặt chung - Tập 5 Hệ thống thông minh tòa nhà,lắp đặt,điện năng
030124,ván ép 9mm,Material,Wood & Timber,m2,51438.47,51438.47,51438.47,51438.47,1,VND,117351.16,2.2814,21,21,建筑工程,"hoàn thiện tường và cột, vách ngăn và tường rèm",mặt (dầm) của cột,bề mặt cột (dầm) trang trí
850088,điện năng ST9040,Equipment,General,machine-shift,140735.66,140735.66,140735.66,140735.66,1,VND,377573.66,2.6829,21,21,建筑工程,Công trình lắp đặt chung - Tập 4 Lắp đặt thiết bị điện,độ cao điện,độ cao điện
010028,tấm thép thường 2 2.5,Material,Steel & Metal,kg,11172.44,11172.44,11172.44,11172.44,1,VND,52478.7,4.6972,21,21,建筑工程,công trình lợp mái và chống thấm,lắp đặt,hồ sơ và các mục khác mái
850017,KSG-4110,Equipment,General,machine-shift,61294.08,61294.08,61294.08,61294.08,1,VND,37677.83,0.6147,21,21,建筑工程,Công trình lắp đặt chung - T.11 Thiết bị truyền thông và đường dây,đúc mẫu,
850015,chiều cao XB30,Equipment,General,machine-shift,6769.3,6769.3,6769.3,6769.3,1,VND,7972.73,1.1778,21,21,建筑工程,Công trình lắp đặt chung - T.11 Thiết bị truyền thông và đường dây,đúc mẫu,
040095,đá,Material,General,m3,390932.38,390932.38,390932.38,390932.38,1,VND,18256.54,0.0467,21,21,建筑工程,công trình kết cấu thép,liên kết kim loại cấu trúc tại chỗ và các mục khác,phun sơn đá
090331,bản lề,Material,General,pcs,10287.69,10287.69,10287.69,10287.69,1,VND,20106.73,1.9544,21,21,建筑工程,công trình cửa và cửa sổ,kết cấu chống thấm mái và phụ kiện,mái nhà ()
080056,keel TL23×23,Material,General,m,16419.16,16419.16,16419.16,16419.16,1,VND,11602.91,0.7067,20,20,建筑工程,công trình trần,trần giả,dầm trần
110263,lớp phủ đá,Material,General,kg,17489.08,17489.08,17489.08,17489.08,1,VND,70176.68,4.0126,20,20,建筑工程,"công việc sơn, phủ và giấy dán tường",sơn trên bề mặt trát,sơn trên bề mặt trát
110212,putty (),Material,General,kg,6172.62,6172.62,6172.62,6172.62,1,VND,2073.16,0.3359,20,20,建筑工程,"công việc sơn, phủ và giấy dán tường",sơn trên bề mặt trát,lớp trét mastic phủ toàn bộ
800486,máy nén khí 3m3/phút,Equipment,Compressors,machine-shift,38887.48,38887.48,38887.48,38887.48,1,VND,1245.2,0.032,20,20,建筑工程,công trình lợp mái và chống thấm,kết cấu chống thấm mái và phụ kiện,lớp phủ mái chống thấm
110614,sơn lót polyurethane dựa trên nước,Material,Paint & Coatings,kg,37035.7,37035.7,37035.7,37035.7,1,VND,3975.78,0.1074,20,20,建筑工程,"công việc sơn, phủ và giấy dán tường",sơn bề mặt gỗ,"sơn cửa kim loại, cửa sổ"
280121,10,Material,General,pcs,9958.49,9958.49,9958.49,9958.49,1,VND,19457.64,1.9539,20,20,建筑工程,Công trình lắp đặt chung - Tập 4 Lắp đặt thiết bị điện,lắp đặt,lắp đặt
110173,xăng 60 70,Material,General,kg,15554.99,15554.99,15554.99,15554.99,1,VND,7738.61,0.4975,20,20,建筑工程,Công trình lắp đặt chung - Tập 4 Lắp đặt thiết bị điện,lắp đặt,
800135,cẩu trục 15t,Equipment,Cranes,machine-shift,1063953.34,1063953.34,1063953.34,1063953.34,1,VND,564249.92,0.5303,20,20,建筑工程,xử lý nền và gia cố mái dốc,hố móng,tường nền
110028,lót,Material,Paint & Coatings,kg,36418.44,36418.44,36418.44,36418.44,1,VND,7030.4,0.193,20,20,建筑工程,công trình cách nhiệt và chống ăn mòn,chống ăn mòn,lớp phủ chống ăn mòn
110027,men sứ,Material,Paint & Coatings,kg,51438.47,51438.47,51438.47,51438.47,1,VND,17578.11,0.3417,20,20,建筑工程,công trình cách nhiệt và chống ăn mòn,chống ăn mòn,lớp phủ chống ăn mòn
090354,nẹp hợp kim nhôm,Material,General,m,10472.87,10472.87,10472.87,10472.87,1,VND,31413.19,2.9995,20,20,建筑工程,công trình lợp mái và chống thấm,"bảo vệ chống thấm bề mặt tường, chống ẩm",mái nhà mái dốc
280343,đúc mẫu 1.0 2.5,Material,General,pcs,1502.0,1502.0,1502.0,1502.0,1,VND,6326.82,4.2122,20,20,建筑工程,Công trình lắp đặt chung - Tập 9 Phòng cháy chữa cháy,"lắp đặt (030904004, 030904005)",
080022,U -shaped light-gauge steel keel CB50-3,Material,Steel & Metal,pcs,843.59,843.59,843.59,843.59,1,VND,1932.87,2.2913,19,19,建筑工程,công trình trần,trần giả,dầm trần
800806,1.5kW,Equipment,General,machine-shift,28003.1,28003.1,28003.1,28003.1,1,VND,16941.88,0.605,19,19,建筑工程,Công trình lắp đặt chung - Tập 5 Hệ thống thông minh tòa nhà,,lắp đặt
010022,thép góc mạ kẽm,Material,Steel & Metal,kg,10740.35,10740.35,10740.35,10740.35,1,VND,399646.84,37.2098,19,19,建筑工程,công trình bê tông và bê tông cốt thép,cấu trúc,dầm trần
800561,polyurethane 3-5kg/phút,Equipment,General,machine-shift,105345.99,105345.99,105345.99,105345.99,1,VND,649.2,0.0062,19,19,建筑工程,công trình lợp mái và chống thấm,kết cấu chống thấm mái và phụ kiện,màng chống thấm mái
110031,sơn bóng,Material,Paint & Coatings,kg,37035.7,37035.7,37035.7,37035.7,1,VND,6284.96,0.1697,19,19,建筑工程,công trình cách nhiệt và chống ăn mòn,chống ăn mòn,lớp phủ chống ăn mòn
010058,ống thép mạ kẽm 50,Material,Steel & Metal,m,50821.21,50821.21,50821.21,50821.21,1,VND,38022.29,0.7482,19,19,建筑工程,Công trình lắp đặt chung - Tập 4 Lắp đặt thiết bị điện,"tường, và lớp phủ sơn phủ",lắp đặt chế tạo điện
090460,đinh tán thép không gỉ 4,Material,Steel & Metal,pcs,267.48,267.48,267.48,267.48,1,VND,1384.44,5.1757,19,19,建筑工程,"hoàn thiện tường và cột, vách ngăn và tường rèm",lát nền (dầm) mặt bàn ốp lát,bề mặt cột lát đá
090108,với bu lông 16×(65 80),Material,Fasteners,set,2592.5,2592.5,2592.5,2592.5,1,VND,182140.79,70.2568,19,19,建筑工程,"Công việc lắp đặt chung - Vol.10 Cung cấp nước, thoát nước, sưởi ấm, khí",lắp đặt gia công,gia công chống thấm
800075,đào đất hợp chất,Equipment,General,machine-shift,1835530.41,1835530.41,1835530.41,1835530.41,1,VND,11716.84,0.0064,19,19,建筑工程,đào đất và công trình đá,vận chuyển,đào đất tổng quát
110206,lớp phủ (loại phủ phun sương),Material,General,kg,51438.47,51438.47,51438.47,51438.47,1,VND,86802.42,1.6875,19,19,建筑工程,"công việc sơn, phủ và giấy dán tường",phun sơn phun và quét sơn,lớp phủ hoàn thiện bề mặt tường
110208,sơn phủ trên cùng dựa nước (loại),Material,Water,kg,57611.09,57611.09,57611.09,57611.09,1,VND,13480.99,0.234,19,19,建筑工程,"công việc sơn, phủ và giấy dán tường",phun sơn phun và quét sơn,lớp phủ hoàn thiện bề mặt tường
400059,vữa xây dựng DM7.5-MR,Material,Concrete & Cement,m3,1230819.74,1230819.74,1230819.74,1230819.74,1,VND,176663.66,0.1435,19,19,建筑工程,công trình xây masonry,tường gạch,
110660,polyurethane,Material,General,m3,37035.7,37035.7,37035.7,37035.7,1,VND,59382.58,1.6034,19,19,建筑工程,công trình lợp mái và chống thấm,kết cấu chống thấm mái và phụ kiện,màng chống thấm mái
080040,Khung thép định hình nhẹ U - hình CS60-1,Material,Steel & Metal,pcs,4814.64,4814.64,4814.64,4814.64,1,VND,12044.73,2.5017,19,19,建筑工程,công trình trần,trần giả,dầm trần
850115,chiều cao,Equipment,General,machine-shift,25924.99,25924.99,25924.99,25924.99,1,VND,19270.45,0.7433,19,19,建筑工程,Công trình lắp đặt chung - Tập 4 Lắp đặt thiết bị điện,điện năng,điện năng đơn
850261,7,Equipment,General,machine-shift,9691.01,9691.01,9691.01,9691.01,1,VND,5885.58,0.6073,19,19,建筑工程,Công trình lắp đặt chung - Tập 5 Hệ thống thông minh tòa nhà,,lắp đặt
090498,16 mạ kẽm,Material,General,pcs,144.03,144.03,144.03,144.03,1,VND,1038.82,7.2126,19,19,建筑工程,Công trình lắp đặt chung - Tập 4 Lắp đặt thiết bị điện,loại hệ thống điện,lắp đặt
350301,đúc ZR-RVS-2×1.5,Material,General,m,7510.02,7510.02,7510.02,7510.02,1,VND,2253.37,0.3,19,19,建筑工程,Công trình lắp đặt chung - Tập 9 Phòng cháy chữa cháy,"lắp đặt (030904004, 030904005)",
110146,keo dán thạch cao,Material,General,kg,2119.27,2119.27,2119.27,2119.27,1,VND,999.74,0.4717,19,19,建筑工程,"hoàn thiện tường và cột, vách ngăn và tường rèm",tường mặt,bề mặt tường ốp lát trang trí
090466,tấm thép không gỉ 4mm,Material,Steel & Metal,pcs,8353.61,8353.61,8353.61,8353.61,1,VND,43353.43,5.1898,19,19,建筑工程,"hoàn thiện tường và cột, vách ngăn và tường rèm",lát nền (dầm) mặt bàn ốp lát,bề mặt cột lát đá
110509,sơn dầu polyurethane acrylic kim loại (kép),Material,Steel & Metal,kg,102876.94,102876.94,102876.94,102876.94,1,VND,45489.61,0.4422,18,18,建筑工程,"công việc sơn, phủ và giấy dán tường",sơn bề mặt gỗ,sơn tường kính
110609,sơn polyurethane acrylic,Material,Paint & Coatings,kg,38064.47,38064.47,38064.47,38064.47,1,VND,12176.82,0.3199,18,18,建筑工程,"công việc sơn, phủ và giấy dán tường",sơn bề mặt gỗ,sơn tường kính
110613,sơn bóng,Material,Paint & Coatings,kg,57611.09,57611.09,57611.09,57611.09,1,VND,10900.02,0.1892,18,18,建筑工程,"công việc sơn, phủ và giấy dán tường",sơn bề mặt gỗ,sơn tường kính
080761,loại khóa hợp kim nhôm bề mặt tấm sàn (chiều rộng mối nối 200mm trong),Material,General,m,154315.41,154315.41,154315.41,154315.41,1,VND,155858.57,1.01,18,18,建筑工程,công trình lợp mái và chống thấm,đoạn nối chuyển động,joint chuyển động bề mặt tường
110771,sơn acrylic polyurethane dung môi,Material,Paint & Coatings,kg,17118.72,17118.72,17118.72,17118.72,1,VND,348.39,0.0204,18,18,建筑工程,"công việc sơn, phủ và giấy dán tường",sơn bề mặt gỗ,sơn tường kính
800226,cẩu trục 16t,Equipment,Cranes,machine-shift,1518875.18,1518875.18,1518875.18,1518875.18,1,VND,720250.61,0.4742,18,18,建筑工程,công trình bê tông và bê tông cốt thép,công trình thép gia cố,lắp đặt
050008,kính tempered (uốn cong) 10mm,Material,Glass,m2,648124.74,648124.74,648124.74,648124.74,1,VND,550906.03,0.85,18,18,建筑工程,các công trình trang trí khác,"tay vịn, lan can, tấm lan can trang trí",khung
810006,1: vữa xi măng 3,Material,Concrete & Cement,m3,559465.39,559465.39,559465.39,559465.39,1,VND,7100.53,0.0127,18,18,建筑工程,"hoàn thiện tường và cột, vách ngăn và tường rèm",trát trần (dầm) bề mặt vữa trát,lớp san bằng vữa mặt đứng
080760,loại khóa hợp kim nhôm bề mặt tấm (khoảng cách nối 100mm bên trong),Material,General,m,139912.64,139912.64,139912.64,139912.64,1,VND,141311.77,1.01,18,18,建筑工程,công trình lợp mái và chống thấm,đoạn nối chuyển động,joint chuyển động bề mặt tường
130036,tấm poly,Material,General,m3,1213947.92,1213947.92,1213947.92,1213947.92,1,VND,61182.98,0.0504,18,18,建筑工程,công trình bê tông và bê tông cốt thép,công trình thép gia cố,hồ sơ và các mục khác mái
800146,máy mài điện,Equipment,General,machine-shift,14731.98,14731.98,14731.98,14731.98,1,VND,1093.42,0.0742,18,18,建筑工程,công trình lợp mái và chống thấm,"bảo vệ chống thấm bề mặt tường, chống ẩm",lớp phủ bề mặt tường chống thấm
100287,bề mặt profile nhôm,Material,General,m2,205753.88,205753.88,205753.88,205753.88,1,VND,241760.81,1.175,18,18,建筑工程,"hoàn thiện tường và cột, vách ngăn và tường rèm",công trình tường rèm,tường kính rèm
390171,không có hố bê tông 400mm,Material,Concrete & Cement,m,61726.17,61726.17,61726.17,61726.17,1,VND,38285.31,0.6202,18,18,建筑工程,công việc chuẩn bị và đo đạc công trình,"nước, hệ thống cấp nước",hố
040209,đá,Material,General,kg,123.45,123.45,123.45,123.45,1,VND,13648.4,110.556,18,18,建筑工程,công việc chuẩn bị và đo đạc công trình,"nước, hệ thống cấp nước",hố
080762,loại khóa hợp kim nhôm bề mặt tấm sàn (khoảng cách mối nối 200mm vượt quá),Material,General,m,172833.26,172833.26,172833.26,172833.26,1,VND,174561.6,1.01,18,18,建筑工程,công trình lợp mái và chống thấm,đoạn nối chuyển động,joint chuyển động bề mặt tường
400055,vữa xây dựng DM7.5-HR,Material,Concrete & Cement,m3,1354066.32,1354066.32,1354066.32,1354066.32,1,VND,232840.16,0.172,18,18,建筑工程,công trình xây masonry,,
080758,"tường, sàn, trần tấm hợp kim nhôm (chiều rộng mối nối 200mm trong)",Material,General,m,271595.13,271595.13,271595.13,271595.13,1,VND,274311.08,1.01,18,18,建筑工程,công trình lợp mái và chống thấm,đoạn nối chuyển động,joint chuyển động bề mặt tường
080759,"tấm hợp kim nhôm tường, sàn, trần (chiều rộng mối nối 200mm trở lên)",Material,General,m,298343.13,298343.13,298343.13,298343.13,1,VND,301326.56,1.01,18,18,建筑工程,công trình lợp mái và chống thấm,đoạn nối chuyển động,joint chuyển động bề mặt tường
010389,thép dầm sàn 0.6mm,Material,Steel & Metal,m2,86416.63,86416.63,86416.63,86416.63,1,VND,121655.41,1.4078,18,18,建筑工程,công trình kết cấu thép,"sàn thép tấm, sàn tường",hồ sơ và các mục khác mái
080757,"tấm hợp kim nhôm tường, sàn, trần (chiều rộng mối nối 100mm trong)",Material,General,m,251019.74,251019.74,251019.74,251019.74,1,VND,253529.94,1.01,18,18,建筑工程,công trình lợp mái và chống thấm,đoạn nối chuyển động,joint chuyển động bề mặt tường
400007,Bê tông trộn sẵn C20,Material,Concrete & Cement,m3,771577.07,771577.07,771577.07,771577.07,1,VND,502058.77,0.6507,18,18,建筑工程,công trình bê tông và bê tông cốt thép,bê tông cốt thép đúc sẵn tại chỗ,
080282,tường rèm,Material,General,set,452658.55,452658.55,452658.55,452658.55,1,VND,158430.49,0.35,18,18,建筑工程,"hoàn thiện tường và cột, vách ngăn và tường rèm",công trình tường rèm,tường kính rèm
090688,bu lông mở rộng M8×80,Material,Fasteners,set,3456.67,3456.67,3456.67,3456.67,1,VND,124066.79,35.892,18,18,建筑工程,"hoàn thiện tường và cột, vách ngăn và tường rèm",lớp mặt tường chắn,bề mặt tường lát đá
110095,poly,Material,General,kg,13374.0,13374.0,13374.0,13374.0,1,VND,14124.73,1.0561,18,18,建筑工程,"hoàn thiện tường và cột, vách ngăn và tường rèm",tường mặt,bề mặt tường ốp lát trang trí
010027,tấm thép thường 1.6 1.9,Material,Steel & Metal,kg,11172.44,11172.44,11172.44,11172.44,1,VND,5688.01,0.5091,18,18,建筑工程,"Công việc lắp đặt chung - Vol.10 Cung cấp nước, thoát nước, sưởi ấm, khí",,
110139,điện năng tổng hợp,Material,General,kg,41150.78,41150.78,41150.78,41150.78,1,VND,6858.46,0.1667,18,18,建筑工程,Công trình lắp đặt chung - Tập 4 Lắp đặt thiết bị điện,lắp đặt chiều cao,
850184,lưới lưới,Equipment,General,machine-shift,831904.11,831904.11,831904.11,831904.11,1,VND,929775.18,1.1176,18,18,建筑工程,Công trình lắp đặt chung - T.11 Thiết bị truyền thông và đường dây,(mesh) đơn (DTU NTU),
020201,xi măng 42.5,Material,Concrete & Cement,kg,1193.37,1193.37,1193.37,1193.37,1,VND,271785.0,227.7453,18,18,建筑工程,xử lý nền và gia cố mái dốc,hố móng,cọc thép hình
040027,"đá nghiền, đá vụn",Material,Aggregates,m3,194025.91,194025.91,194025.91,194025.91,1,VND,93603.39,0.4824,17,17,建筑工程,xử lý nền và gia cố mái dốc,lớp che chắn,
850018,SD2460,Equipment,General,machine-shift,25040.25,25040.25,25040.25,25040.25,1,VND,33553.93,1.34,17,17,建筑工程,Công trình lắp đặt chung - T.11 Thiết bị truyền thông và đường dây,GSM,
800157,cần cẩu (đơn) 1t trong phạm vi,Equipment,Hoists,machine-shift,215012.81,215012.81,215012.81,215012.81,1,VND,21501.28,0.1,17,17,建筑工程,Công trình lắp đặt chung - T.11 Thiết bị truyền thông và đường dây,,
090261,đinh tán tròn,Material,Fasteners,kg,14402.77,14402.77,14402.77,14402.77,1,VND,981.93,0.0682,17,17,建筑工程,Công trình lắp đặt chung - Tập 4 Lắp đặt thiết bị điện,"tường, và lớp phủ sơn phủ",
400008,Bê tông trộn sẵn C25,Material,Concrete & Cement,m3,802440.15,802440.15,802440.15,802440.15,1,VND,746189.1,0.9299,17,17,建筑工程,công trình đóng cọc,cọc khoan,hồ sơ và các mục khác mái
110218,chống ẩm primer,Material,Paint & Coatings,kg,37035.7,37035.7,37035.7,37035.7,1,VND,8271.31,0.2233,17,17,建筑工程,"công việc sơn, phủ và giấy dán tường",sơn trên bề mặt trát,lớp trét mastic phủ toàn bộ
110334,sơn phủ acrylic cao,Material,General,kg,37035.7,37035.7,37035.7,37035.7,1,VND,26462.01,0.7145,17,17,建筑工程,"công việc sơn, phủ và giấy dán tường",phun sơn phun và quét sơn,lớp phủ hoàn thiện bề mặt tường
460103,A3,Material,General,đóng gói,133740.03,133740.03,133740.03,133740.03,1,VND,40438.12,0.3024,17,17,建筑工程,Công trình lắp đặt chung - Tập 5 Hệ thống thông minh tòa nhà,,lắp đặt
110183,CY-401 keo dán,Material,General,kg,22632.93,22632.93,22632.93,22632.93,1,VND,8484.71,0.3749,17,17,建筑工程,công trình hoàn thiện sàn,lớp hoàn thiện,bệ đỡ sàn gỗ
110213,putty,Material,General,kg,5555.35,5555.35,5555.35,5555.35,1,VND,3586.15,0.6455,17,17,建筑工程,"công việc sơn, phủ và giấy dán tường",sơn trên bề mặt trát,sơn trên bề mặt trát
110285,sơn dầu alkyd,Material,Paint & Coatings,kg,35183.91,35183.91,35183.91,35183.91,1,VND,5116.75,0.1454,17,17,建筑工程,"công việc sơn, phủ và giấy dán tường",chổi quét hình chữ nhật,
030109,dải gỗ 30×25,Material,Wood & Timber,m,9258.92,9258.92,9258.92,9258.92,1,VND,15380.62,1.6612,17,17,建筑工程,công trình lợp mái và chống thấm,,
030110,dải chống thấm nước gỗ 30×20,Material,Wood & Timber,m,8230.16,8230.16,8230.16,8230.16,1,VND,13476.88,1.6375,17,17,建筑工程,công trình lợp mái và chống thấm,,
091060,ống thép vuông mạ kẽm 25×25×1.5,Material,Steel & Metal,m,18517.85,18517.85,18517.85,18517.85,1,VND,39350.43,2.125,17,17,建筑工程,công trình lợp mái và chống thấm,,
091061,ống thép vuông mạ kẽm dọc nước 25×25×1.5,Material,Steel & Metal,m,18517.85,18517.85,18517.85,18517.85,1,VND,23668.77,1.2782,17,17,建筑工程,công trình lợp mái và chống thấm,,
010015,đũa tròn 10 trở lên,Material,General,kg,7654.04,7654.04,7654.04,7654.04,1,VND,12052.73,1.5747,17,17,建筑工程,các công trình trang trí khác,"tay vịn, lan can, tấm lan can trang trí","tay vịn kim loại, lan can, tấm lan can"
010060,Ống thép mạ kẽm 80,Material,Steel & Metal,m,86005.12,86005.12,86005.12,86005.12,1,VND,168013.54,1.9535,17,17,建筑工程,Công trình lắp đặt chung - Tập 4 Lắp đặt thiết bị điện,"tường, và lớp phủ sơn phủ",lắp đặt chế tạo điện
090341,tấm thép không gỉ 1.2mm,Material,Steel & Metal,m2,658412.43,658412.43,658412.43,658412.43,1,VND,1271697.28,1.9315,17,17,建筑工程,"hoàn thiện tường và cột, vách ngăn và tường rèm",mặt (dầm) của cột,bề mặt cột (dầm) trang trí
010061,ống thép mạ kẽm 100,Material,Steel & Metal,m,112547.38,112547.38,112547.38,112547.38,1,VND,111057.78,0.9868,17,17,建筑工程,Công trình lắp đặt chung - Tập 4 Lắp đặt thiết bị điện,"tường, và lớp phủ sơn phủ",lắp đặt chế tạo điện
810115,Bê tông C25,Material,Concrete & Cement,m3,635861.81,635861.81,635861.81,635861.81,1,VND,22021.95,0.0346,16,16,建筑工程,công trình lợp mái và chống thấm,kết cấu chống thấm mái và phụ kiện,hồ sơ và các mục khác mái
800051,cutter 500,Equipment,General,machine-shift,20451.94,20451.94,20451.94,20451.94,1,VND,1653.06,0.0808,16,16,建筑工程,công trình kết cấu thép,"sàn thép tấm, sàn tường",mái nhà mái dốc
090585,18 lưới thép mạ kẽm,Material,Steel & Metal,m2,15945.93,15945.93,15945.93,15945.93,1,VND,16583.76,1.04,16,16,建筑工程,công trình kết cấu thép,kim loại,bề mặt cột dầm trát vữa tổng quát
110453,chống ẩm polyurethane primer,Material,Paint & Coatings,kg,61726.17,61726.17,61726.17,61726.17,1,VND,7114.97,0.1153,16,16,建筑工程,công trình cách nhiệt và chống ăn mòn,,trần
800103,cẩu trục 20t,Equipment,Cranes,machine-shift,2041284.29,2041284.29,2041284.29,2041284.29,1,VND,1633.07,0.0008,16,16,建筑工程,công việc chuẩn bị và đo đạc công trình,khuôn đúc bê tông thi công tại chỗ và giá đỡ,tường
800113,8t,Equipment,General,machine-shift,478583.54,478583.54,478583.54,478583.54,1,VND,1112.72,0.0023,16,16,建筑工程,công việc chuẩn bị và đo đạc công trình,khuôn đúc bê tông thi công tại chỗ và giá đỡ,tường
010066,hàn thép 20,Material,Steel & Metal,m,13682.63,13682.63,13682.63,13682.63,1,VND,28580.27,2.0888,16,16,建筑工程,công trình đóng cọc,cọc khoan,hàn thép ống
080179,tấm trang trí nhôm điện,Material,General,m2,195466.19,195466.19,195466.19,195466.19,1,VND,214035.48,1.095,16,16,建筑工程,"hoàn thiện tường và cột, vách ngăn và tường rèm",tường mặt,bề mặt tường ốp lát trang trí
800128,phun cát 3m3/phút 5.5kW,Equipment,General,machine-shift,26953.76,26953.76,26953.76,26953.76,1,VND,2312.81,0.0858,16,16,建筑工程,công trình kết cấu thép,liên kết kim loại cấu trúc tại chỗ và các mục khác,phun sơn đá
060004,gạch mosaic ceramic (mosaic),Material,General,m2,49380.93,49380.93,49380.93,49380.93,1,VND,52952.82,1.0723,16,16,建筑工程,công trình hoàn thiện sàn,lát lát sàn,bề mặt tường cột
060044,gạch ốp mặt 0.015m2 trong,Material,General,m2,61726.17,61726.17,61726.17,61726.17,1,VND,60776.61,0.9846,16,16,建筑工程,công trình hoàn thiện sàn,đồ trang trí,bề mặt tường đối diện khối
010174,thép không gỉ,Material,Steel & Metal,m,145262.24,145262.24,145262.24,145262.24,1,VND,78337.01,0.5393,16,16,建筑工程,công trình hoàn thiện sàn,lớp hoàn thiện cầu thang bộ,vách kính
030063,gỗ lát,Material,Wood & Timber,m2,57611.09,57611.09,57611.09,57611.09,1,VND,371297.7,6.4449,16,16,建筑工程,công trình cửa và cửa sổ,cửa sổ cửa đi,tường
800249,cần bẻ thép 40,Equipment,General,machine-shift,20554.81,20554.81,20554.81,20554.81,1,VND,4244.57,0.2065,16,16,建筑工程,công trình bê tông và bê tông cốt thép,công trình thép gia cố,
400006,Bê tông trộn sẵn C15,Material,Concrete & Cement,m3,740713.99,740713.99,740713.99,740713.99,1,VND,76154.66,0.1028,16,16,建筑工程,công trình bê tông và bê tông cốt thép,lớp bê tông trám lấp tại chỗ,lớp đổ nền móng
010133,kẽm mạ,Material,General,m2,93000.76,93000.76,93000.76,93000.76,1,VND,58562.58,0.6297,16,16,建筑工程,công trình lợp mái và chống thấm,kết cấu chống thấm mái và phụ kiện,mái che chống thấm nước mái
010055,ống thép mạ kẽm 25,Material,Steel & Metal,m,26130.74,26130.74,26130.74,26130.74,1,VND,24383.25,0.9331,16,16,建筑工程,Công trình lắp đặt chung - Tập 4 Lắp đặt thiết bị điện,"tường, và lớp phủ sơn phủ",ống thép mạ kẽm
050003,kính tempered 12mm,Material,Glass,m2,432083.16,432083.16,432083.16,432083.16,1,VND,347826.94,0.805,16,16,建筑工程,các công trình trang trí khác,"tay vịn, lan can, tấm lan can trang trí","tay vịn kim loại, lan can, tấm lan can"
050045,kính dán keo,Material,Glass,m2,288055.44,288055.44,288055.44,288055.44,1,VND,231884.63,0.805,16,16,建筑工程,các công trình trang trí khác,"tay vịn, lan can, tấm lan can trang trí","tay vịn kim loại, lan can, tấm lan can"
050046,kính dán ( cong ),Material,Glass,m2,452658.55,452658.55,452658.55,452658.55,1,VND,364390.13,0.805,16,16,建筑工程,các công trình trang trí khác,"tay vịn, lan can, tấm lan can trang trí","tay vịn kim loại, lan can, tấm lan can"
100029,bitum đá,Material,Waterproofing,kg,9053.17,9053.17,9053.17,9053.17,1,VND,55132.0,6.0898,16,16,建筑工程,công trình lợp mái và chống thấm,kết cấu chống thấm mái và phụ kiện,mái nhà (ban công) () nước
110458,sơn kim loại fluorocarbon (kép),Material,Steel & Metal,kg,197523.73,197523.73,197523.73,197523.73,1,VND,87828.93,0.4446,15,15,建筑工程,"công việc sơn, phủ và giấy dán tường",sơn bề mặt gỗ,sơn tường kính
800036,500A,Equipment,General,machine-shift,81272.78,81272.78,81272.78,81272.78,1,VND,122640.63,1.509,15,15,建筑工程,công trình lợp mái và chống thấm,kết cấu chống thấm mái và phụ kiện,màng chống thấm mái
110610,sơn fluorocarbon,Material,Paint & Coatings,kg,33949.39,33949.39,33949.39,33949.39,1,VND,11127.79,0.3278,15,15,建筑工程,"công việc sơn, phủ và giấy dán tường",sơn bề mặt gỗ,sơn tường kính
060002,gạch lát sàn 0.16m2 trong phạm vi,Material,General,m2,112341.62,112341.62,112341.62,112341.62,1,VND,141999.81,1.264,15,15,建筑工程,công trình hoàn thiện sàn,lát lát sàn,
110017,sơn trộn sẵn,Material,Paint & Coatings,kg,35801.18,35801.18,35801.18,35801.18,1,VND,857.73,0.024,15,15,建筑工程,"công việc sơn, phủ và giấy dán tường",sơn bề mặt gỗ,sơn sàn bê tông gỗ
100398,dầu nhờn sơn kim loại fluorocarbon,Material,Steel & Metal,kg,46911.89,46911.89,46911.89,46911.89,1,VND,2335.0,0.0498,15,15,建筑工程,"công việc sơn, phủ và giấy dán tường",sơn bề mặt gỗ,sơn tường kính
100397,dầu làm loãng sơn fluorocarbon,Material,Paint & Coatings,kg,38064.47,38064.47,38064.47,38064.47,1,VND,1038.13,0.0273,15,15,建筑工程,"công việc sơn, phủ và giấy dán tường",sơn bề mặt gỗ,sơn tường kính
030010,sàn,Material,General,m2,35595.42,35595.42,35595.42,35595.42,1,VND,39003.68,1.0958,15,15,建筑工程,"hoàn thiện tường và cột, vách ngăn và tường rèm",tường mặt,bề mặt tường ốp lát trang trí
080184,tấm thạch cao mặt giấy 12mm,Material,Wood & Timber,m2,25924.99,25924.99,25924.99,25924.99,1,VND,24195.42,0.9333,15,15,建筑工程,"hoàn thiện tường và cột, vách ngăn và tường rèm",tường mặt,bề mặt tường ốp lát trang trí
800642,cần cẩu tháp 250T,Equipment,Cranes,machine-shift,2306295.3,2306295.3,2306295.3,2306295.3,1,VND,25702.41,0.0111,15,15,建筑工程,công việc chuẩn bị và đo đạc công trình,vận chuyển thẳng đứng,vận chuyển thẳng đứng
800578,công trình điện,Equipment,General,machine-shift,570123.44,570123.44,570123.44,570123.44,1,VND,1140246.88,2.0,15,15,建筑工程,Công trình lắp đặt chung - T.11 Thiết bị truyền thông và đường dây,không có điện,
800123,máy nén khí composite,Equipment,Compressors,machine-shift,402660.35,402660.35,402660.35,402660.35,1,VND,276359.22,0.6863,15,15,建筑工程,công trình kết cấu gỗ,gỗ cấu kiện kết cấu,lớp phủ chống ăn mòn
800641,cần cẩu tháp 150T M,Equipment,Cranes,machine-shift,1615579.5,1615579.5,1615579.5,1615579.5,1,VND,28757.32,0.0178,15,15,建筑工程,công việc chuẩn bị và đo đạc công trình,vận chuyển thẳng đứng,vận chuyển thẳng đứng
090111,với bu lông 20×(85 100),Material,Fasteners,set,5246.72,5246.72,5246.72,5246.72,1,VND,860043.01,163.92,15,15,建筑工程,"Công việc lắp đặt chung - Vol.10 Cung cấp nước, thoát nước, sưởi ấm, khí",lắp đặt gia công,gia công chống thấm
110216,sơn trong suốt gốc dầu,Material,Paint & Coatings,kg,14402.77,14402.77,14402.77,14402.77,1,VND,6005.96,0.417,15,15,建筑工程,"công việc sơn, phủ và giấy dán tường",phun sơn phun và quét sơn,lớp phủ hoàn thiện bề mặt tường
310048,keo dán tự dính,Material,General,đơn vị,7345.41,7345.41,7345.41,7345.41,1,VND,1008.77,0.1373,15,15,建筑工程,Công trình lắp đặt chung - Tập 4 Lắp đặt thiết bị điện,lắp đặt điện,lắp đặt nhúng điện
080734,"đá trang trí, đá ốp aluminium",Material,General,m2,864166.32,864166.32,864166.32,864166.32,1,VND,907374.63,1.05,15,15,建筑工程,"hoàn thiện tường và cột, vách ngăn và tường rèm",tường mặt,bề mặt tường ốp lát trang trí
810017,vữa trộn composite 1: 1: 6,Material,Concrete & Cement,m3,456403.27,456403.27,456403.27,456403.27,1,VND,1511.83,0.0033,15,15,建筑工程,"hoàn thiện tường và cột, vách ngăn và tường rèm",trát trần (dầm) bề mặt vữa trát,bề mặt cột dầm trát vữa tổng quát
090430,thép không gỉ,Material,Steel & Metal,m,41562.28,41562.28,41562.28,41562.28,1,VND,63988.28,1.5396,15,15,建筑工程,công trình cửa và cửa sổ,mặt (dầm) của cột,bề mặt cột (dầm) trang trí
090340,tấm thép không gỉ hoàn thiện gương 0.8mm,Material,Steel & Metal,m2,576110.88,576110.88,576110.88,576110.88,1,VND,784173.32,1.3611,15,15,建筑工程,công trình cửa và cửa sổ,tường mặt,bề mặt tường ốp lát trang trí
010054,ống thép mạ kẽm 20,Material,Steel & Metal,m,18147.49,18147.49,18147.49,18147.49,1,VND,15262.04,0.841,15,15,建筑工程,Công trình lắp đặt chung - Tập 4 Lắp đặt thiết bị điện,,ống thép mạ kẽm
150035,dây đeo,Material,General,m,3806.45,3806.45,3806.45,3806.45,1,VND,9060.64,2.3803,15,15,建筑工程,công trình lợp mái và chống thấm,kết cấu chống thấm mái và phụ kiện,hồ sơ và các mục khác mái
800651,điện năng bình thường đôi (100 trong),Equipment,General,machine-shift,581048.97,581048.97,581048.97,581048.97,1,VND,6764.35,0.0116,15,15,建筑工程,công việc chuẩn bị và đo đạc công trình,vận chuyển thẳng đứng,vận chuyển thẳng đứng
110344,sơn phủ polyurethane,Material,General,kg,72013.86,72013.86,72013.86,72013.86,1,VND,16044.69,0.2228,14,14,建筑工程,"công việc sơn, phủ và giấy dán tường",sơn bề mặt kim loại,"sơn cửa kim loại, cửa sổ"
850089,điện năng JBC,Equipment,General,machine-shift,74482.91,74482.91,74482.91,74482.91,1,VND,340333.68,4.5693,14,14,建筑工程,Công trình lắp đặt chung - Tập 4 Lắp đặt thiết bị điện,độ cao điện,điện năng
110065,lót,Material,Paint & Coatings,kg,65223.98,65223.98,65223.98,65223.98,1,VND,22041.52,0.3379,14,14,建筑工程,"Công trình lắp đặt chung - T.12 Sơn, chống ăn mòn, cách nhiệt",chổi quét hình chữ nhật,tấm đan nước
110775,dưỡng chất phủ keo,Material,Paint & Coatings,kg,70367.83,70367.83,70367.83,70367.83,1,VND,18471.56,0.2625,14,14,建筑工程,"công việc sơn, phủ và giấy dán tường",sơn bề mặt kim loại,"sơn cửa kim loại, cửa sổ"
170653,nước 1.5,Material,Water,m,12345.23,12345.23,12345.23,12345.23,1,VND,11134.08,0.9019,14,14,建筑工程,công việc chuẩn bị và đo đạc công trình,"nước, hệ thống cấp nước",hố
380095,ống thép hố 370mm5mm độ dày,Material,Steel & Metal,m,658412.43,658412.43,658412.43,658412.43,1,VND,5239.08,0.008,14,14,建筑工程,công việc chuẩn bị và đo đạc công trình,"nước, hệ thống cấp nước",hố
810141,keo dán poly,Material,General,m3,63454498.12,63454498.12,63454498.12,63454498.12,1,VND,238407.61,0.0038,14,14,建筑工程,công trình cách nhiệt và chống ăn mòn,lớp hoàn thiện chống ăn mòn,lớp phủ keo chống ăn mòn
810100,keo dán poly loại A kép,Material,General,m3,62840940.03,62840940.03,62840940.03,62840940.03,1,VND,236102.41,0.0038,14,14,建筑工程,công trình cách nhiệt và chống ăn mòn,lớp hoàn thiện chống ăn mòn,lớp phủ keo chống ăn mòn
110595,"loại độ dày, sơn phủ kính, dung môi pha loãng",Material,Paint & Coatings,kg,51438.47,51438.47,51438.47,51438.47,1,VND,742.0,0.0144,14,14,建筑工程,"công việc sơn, phủ và giấy dán tường",sơn bề mặt kim loại,"sơn cửa kim loại, cửa sổ"
110597,dung môi sơn phủ loại,Material,Paint & Coatings,kg,53496.01,53496.01,53496.01,53496.01,1,VND,617.88,0.0116,14,14,建筑工程,"công việc sơn, phủ và giấy dán tường",sơn bề mặt kim loại,"sơn cửa kim loại, cửa sổ"
110259,lớp phủ,Material,General,kg,20575.39,20575.39,20575.39,20575.39,1,VND,2245.46,0.1091,14,14,建筑工程,"công việc sơn, phủ và giấy dán tường",phun sơn phun và quét sơn,lớp phủ hoàn thiện bề mặt tường
040058,đá thường,Material,General,kg,123.45,123.45,123.45,123.45,1,VND,1034.09,8.3764,14,14,建筑工程,"hoàn thiện tường và cột, vách ngăn và tường rèm",trát vữa,trát tường trang trí
110594,"loại độ dày, sơn phủ kính",Material,Paint & Coatings,kg,57611.09,57611.09,57611.09,57611.09,1,VND,13903.0,0.2413,14,14,建筑工程,"công việc sơn, phủ và giấy dán tường",sơn bề mặt kim loại,"sơn cửa kim loại, cửa sổ"
110596,sơn phủ loại,Material,Paint & Coatings,kg,55553.55,55553.55,55553.55,55553.55,1,VND,7853.88,0.1414,14,14,建筑工程,"công việc sơn, phủ và giấy dán tường",sơn bề mặt kim loại,"sơn cửa kim loại, cửa sổ"
110598,sơn phủ keo dán,Material,Paint & Coatings,kg,37035.7,37035.7,37035.7,37035.7,1,VND,8305.26,0.2242,14,14,建筑工程,"công việc sơn, phủ và giấy dán tường",sơn bề mặt kim loại,"sơn cửa kim loại, cửa sổ"
110502,lớp phủ trên cùng dán keo,Material,General,kg,67487.27,67487.27,67487.27,67487.27,1,VND,21899.62,0.3245,14,14,建筑工程,"công việc sơn, phủ và giấy dán tường",sơn bề mặt kim loại,"sơn cửa kim loại, cửa sổ"
110470,sơn nước acrylic tường (đơn) primer,Material,Paint & Coatings,kg,65841.24,65841.24,65841.24,65841.24,1,VND,8758.53,0.133,14,14,建筑工程,"công việc sơn, phủ và giấy dán tường",sơn bề mặt gỗ,sơn tường kính
110469,loại sơn acrylic cho tường (đơn lẻ),Material,Paint & Coatings,kg,65841.24,65841.24,65841.24,65841.24,1,VND,18703.85,0.2841,14,14,建筑工程,"công việc sơn, phủ và giấy dán tường",sơn bề mặt gỗ,sơn tường kính
080190,điện aluminium 25.4×2,Material,General,m,6152.04,6152.04,6152.04,6152.04,1,VND,12661.84,2.0582,14,14,建筑工程,"hoàn thiện tường và cột, vách ngăn và tường rèm",tường mặt,bề mặt tường ốp lát trang trí
130038,bông khoáng dạng tấm,Material,Aggregates,m3,1337400.25,1337400.25,1337400.25,1337400.25,1,VND,65532.61,0.049,14,14,建筑工程,công trình cách nhiệt và chống ăn mòn,công trình trần,trần
090347,tay vịn thép không gỉ 75,Material,Steel & Metal,m,307602.06,307602.06,307602.06,307602.06,1,VND,347590.33,1.13,14,14,建筑工程,các công trình trang trí khác,"tay vịn, lan can, tấm lan can trang trí","tay vịn kim loại, lan can, tấm lan can"
091477,bu-lông T18,Material,Fasteners,m,41150.78,41150.78,41150.78,41150.78,1,VND,906.69,0.022,14,14,建筑工程,công việc chuẩn bị và đo đạc công trình,khuôn đúc bê tông thi công tại chỗ và giá đỡ,cột
800609,máy phun poly,Equipment,General,machine-shift,82301.55,82301.55,82301.55,82301.55,1,VND,55.97,0.0007,14,14,建筑工程,công trình lợp mái và chống thấm,kết cấu chống thấm mái và phụ kiện,lớp phủ mái chống thấm
090068,ốc vít mạ kẽm 12,Material,Fasteners,pcs,720.14,720.14,720.14,720.14,1,VND,292.73,0.4065,14,14,建筑工程,Công trình lắp đặt chung - Tập 7 Thông gió và điều hòa không khí,,"lắp đặt tấm thép hình chữ nhật (1.2mm trong, )"
060028,đá cẩm thạch,Material,General,m2,18517.85,18517.85,18517.85,18517.85,1,VND,19483.09,1.0521,14,14,建筑工程,công trình hoàn thiện sàn,lát lát sàn,bề mặt tường đá nghiền (011204002)
110471,sơn tường polyurethane (kép),Material,Paint & Coatings,kg,74071.4,74071.4,74071.4,74071.4,1,VND,21989.95,0.2969,14,14,建筑工程,"công việc sơn, phủ và giấy dán tường",sơn bề mặt gỗ,sơn tường kính
010576,cột thép hình (bổ sung),Material,Steel & Metal,kg,15431.54,15431.54,15431.54,15431.54,1,VND,3384.24,0.2193,14,14,建筑工程,công việc chuẩn bị và đo đạc công trình,khuôn đúc bê tông thi công tại chỗ và giá đỡ,cột
090370,handrail 75,Material,General,m,543807.52,543807.52,543807.52,543807.52,1,VND,614502.5,1.13,14,14,建筑工程,các công trình trang trí khác,"tay vịn, lan can, tấm lan can trang trí","tay vịn kim loại, lan can, tấm lan can"
010070,hàn thép hàn 50,Material,Steel & Metal,m,39298.99,39298.99,39298.99,39298.99,1,VND,36059.01,0.9176,14,14,建筑工程,công trình lợp mái và chống thấm,kết cấu chống thấm mái và phụ kiện,mái nhà ()
100097,poly,Material,General,m2,4238.53,4238.53,4238.53,4238.53,1,VND,5907.81,1.3938,14,14,建筑工程,công trình lợp mái và chống thấm,kết cấu chống thấm mái và phụ kiện,lớp phủ mái chống thấm
100262,lớp phủ chống thấm poly,Material,Waterproofing,kg,133740.03,133740.03,133740.03,133740.03,1,VND,201084.81,1.5036,14,14,建筑工程,công trình lợp mái và chống thấm,kết cấu chống thấm mái và phụ kiện,lớp phủ mái chống thấm
110472,sơn nước polyurethane (hai lớp) primer,Material,Paint & Coatings,kg,68516.04,68516.04,68516.04,68516.04,1,VND,9146.89,0.1335,14,14,建筑工程,"công việc sơn, phủ và giấy dán tường",sơn bề mặt gỗ,sơn tường kính
110261,lớp phủ bề mặt phủ lớp phủ,Material,General,kg,37035.7,37035.7,37035.7,37035.7,1,VND,13419.27,0.3623,14,14,建筑工程,"công việc sơn, phủ và giấy dán tường",phun sơn phun và quét sơn,lớp phủ hoàn thiện bề mặt tường
110260,lớp phủ,Material,General,kg,28805.54,28805.54,28805.54,28805.54,1,VND,6289.21,0.2183,14,14,建筑工程,"công việc sơn, phủ và giấy dán tường",phun sơn phun và quét sơn,lớp phủ hoàn thiện bề mặt tường
400032,"vữa trát trát, DP-LR",Material,Concrete & Cement,m3,979388.49,979388.49,979388.49,979388.49,1,VND,3036.1,0.0031,14,14,建筑工程,"hoàn thiện tường và cột, vách ngăn và tường rèm",trát trần (dầm) bề mặt vữa trát,trát tường
800208,18m3/phút,Equipment,General,machine-shift,40122.01,40122.01,40122.01,40122.01,1,VND,3212.63,0.0801,14,14,建筑工程,"Công trình lắp đặt chung - T.12 Sơn, chống ăn mòn, cách nhiệt",phun,phun sơn đá
091169,dây thép mạ kẽm 8,Material,Steel & Metal,kg,13785.51,13785.51,13785.51,13785.51,1,VND,27676.29,2.0076,13,13,建筑工程,Công trình lắp đặt chung - T.11 Thiết bị truyền thông và đường dây,cọc,cọc nước
090920,đinh thép,Material,Concrete & Cement,pcs,10699.2,10699.2,10699.2,10699.2,1,VND,48574.38,4.54,13,13,建筑工程,công trình lợp mái và chống thấm,,
110770,dầu làm mỏng sơn acrylic thường,Material,Paint & Coatings,kg,16048.8,16048.8,16048.8,16048.8,1,VND,337.02,0.021,13,13,建筑工程,"công việc sơn, phủ và giấy dán tường",sơn bề mặt gỗ,sơn tường kính
110466,sơn acrylic kim loại thường (đơn),Material,Steel & Metal,kg,72836.88,72836.88,72836.88,72836.88,1,VND,26990.93,0.3706,13,13,建筑工程,"công việc sơn, phủ và giấy dán tường",sơn bề mặt gỗ,sơn tường kính
110608,sơn acrylic thường,Material,Paint & Coatings,kg,29834.31,29834.31,29834.31,29834.31,1,VND,10183.51,0.3413,13,13,建筑工程,"công việc sơn, phủ và giấy dán tường",sơn bề mặt gỗ,sơn tường kính
110474,sơn fluorocarbon (gấp đôi) primer,Material,Paint & Coatings,kg,67898.78,67898.78,67898.78,67898.78,1,VND,9164.07,0.135,13,13,建筑工程,"công việc sơn, phủ và giấy dán tường",sơn bề mặt gỗ,sơn tường kính
110473,sơn fluorocarbon (kép),Material,Paint & Coatings,kg,61726.17,61726.17,61726.17,61726.17,1,VND,12386.38,0.2007,13,13,建筑工程,"công việc sơn, phủ và giấy dán tường",sơn bề mặt gỗ,sơn tường kính
110229,keo dán,Material,General,kg,30863.08,30863.08,30863.08,30863.08,1,VND,1993.76,0.0646,13,13,建筑工程,"công việc sơn, phủ và giấy dán tường",,
110480,khuấy dung môi primer,Equipment,General,kg,36829.95,36829.95,36829.95,36829.95,1,VND,3968.43,0.1078,13,13,建筑工程,"công việc sơn, phủ và giấy dán tường",sơn bề mặt kim loại,"sơn cửa kim loại, cửa sổ"
110492,không sơn lót,Equipment,General,kg,62343.43,62343.43,62343.43,62343.43,1,VND,13980.56,0.2242,13,13,建筑工程,"công việc sơn, phủ và giấy dán tường",sơn bề mặt kim loại,"sơn cửa kim loại, cửa sổ"
090467,tấm thép không gỉ 3mm,Material,Steel & Metal,pcs,15678.45,15678.45,15678.45,15678.45,1,VND,130892.24,8.3485,13,13,建筑工程,"hoàn thiện tường và cột, vách ngăn và tường rèm",tường mặt,bề mặt tường ốp lát trang trí
110320,than đá,Material,General,kg,2098.69,2098.69,2098.69,2098.69,1,VND,694.25,0.3308,13,13,建筑工程,công trình cách nhiệt và chống ăn mòn,chống ăn mòn,lớp phân cách
010065,hàn thép ống 15,Material,Steel & Metal,m,10493.45,10493.45,10493.45,10493.45,1,VND,9960.7,0.9492,13,13,建筑工程,Công trình lắp đặt chung - Tập 4 Lắp đặt thiết bị điện,hàn thép ống,hàn thép ống
110592,dầu làm sạch sơn lót,Material,Paint & Coatings,kg,26748.01,26748.01,26748.01,26748.01,1,VND,1360.58,0.0509,13,13,建筑工程,"công việc sơn, phủ và giấy dán tường",sơn bề mặt kim loại,"sơn cửa kim loại, cửa sổ"
800347,cẩu trục 40t,Equipment,Cranes,machine-shift,2260206.43,2260206.43,2260206.43,2260206.43,1,VND,84305.67,0.0373,13,13,建筑工程,công việc chuẩn bị và đo đạc công trình,vận chuyển thẳng đứng,vận chuyển thẳng đứng
800117,máy đầm búa,Equipment,General,machine-shift,20390.21,20390.21,20390.21,20390.21,1,VND,435.03,0.0213,13,13,建筑工程,đào đất và công trình đá,đắp đất lấp,đắp đất nền móng
080025,CB50-2 thanh thép mỏng U-đúc,Material,Steel & Metal,pcs,1296.25,1296.25,1296.25,1296.25,1,VND,4395.24,3.3907,13,13,建筑工程,công trình trần,trần giả,dầm trần
100090,kính,Material,Glass,m2,5761.11,5761.11,5761.11,5761.11,1,VND,10816.62,1.8775,13,13,建筑工程,công trình lợp mái và chống thấm,"bảo vệ chống thấm bề mặt tường, chống ẩm",lớp phủ bề mặt tường chống thấm
120061,tấm nhựa,Material,General,kg,28805.54,28805.54,28805.54,28805.54,1,VND,63624.38,2.2088,13,13,建筑工程,"hoàn thiện tường và cột, vách ngăn và tường rèm",mặt (dầm) của cột,bề mặt cột (dầm) trang trí
090447,dây thép mạ kẽm 18 22,Material,Steel & Metal,kg,11316.46,11316.46,11316.46,11316.46,1,VND,46130.94,4.0764,13,13,建筑工程,công trình bê tông và bê tông cốt thép,công trình thép gia cố,bề mặt tường ốp lát trang trí
010075,hàn thép 150,Material,Steel & Metal,m,148965.81,148965.81,148965.81,148965.81,1,VND,101411.34,0.6808,13,13,建筑工程,xử lý nền và gia cố mái dốc,hố móng,cọc thép hình
090034,8,Material,General,pcs,41.15,41.15,41.15,41.15,1,VND,402.95,9.792,13,13,建筑工程,"Công trình lắp đặt chung - Tập 6 Điều khiển tự động, instrumentation",và,
090036,12,Material,General,pcs,61.73,61.73,61.73,61.73,1,VND,1295.19,20.9829,13,13,建筑工程,"Công trình lắp đặt chung - Tập 6 Điều khiển tự động, instrumentation",,
070001,nẹp gỗ,Material,Wood & Timber,m,2613.07,2613.07,2613.07,2613.07,1,VND,466.35,0.1784,13,13,建筑工程,công trình hoàn thiện sàn,lớp hoàn thiện,bệ đỡ sàn gỗ
800204,cần cẩu 3t,Equipment,Cranes,machine-shift,485126.51,485126.51,485126.51,485126.51,1,VND,641690.07,1.3227,13,13,建筑工程,Công trình lắp đặt chung - Tập 5 Hệ thống thông minh tòa nhà,lắp đặt,
850119,Điện IGS chiều cao CTS-8,Equipment,General,machine-shift,15225.79,15225.79,15225.79,15225.79,1,VND,14118.99,0.9273,13,13,建筑工程,Công trình lắp đặt chung - Tập 4 Lắp đặt thiết bị điện,điện năng,"10kV, đơn"
010053,Ống thép mạ kẽm 15,Material,Steel & Metal,m,13950.11,13950.11,13950.11,13950.11,1,VND,16412.84,1.1765,13,13,建筑工程,Công trình lắp đặt chung - Tập 4 Lắp đặt thiết bị điện,,ống thép mạ kẽm
110768,lớp lót chống thấm,Material,Paint & Coatings,kg,17859.44,17859.44,17859.44,17859.44,1,VND,2526.25,0.1415,12,12,建筑工程,"công việc sơn, phủ và giấy dán tường",sơn bề mặt gỗ,sơn tường kính
091445,bản lề,Material,General,pair,14402.77,14402.77,14402.77,14402.77,1,VND,50751.37,3.5237,12,12,建筑工程,các công trình trang trí khác,,
010140,thanh tròn mạ kẽm 10 trong,Material,General,kg,12448.11,12448.11,12448.11,12448.11,1,VND,9990.47,0.8026,12,12,建筑工程,Công trình lắp đặt chung - Tập 4 Lắp đặt thiết bị điện,lắp đặt,lắp đặt đổ bê tông sàn nền
091468,bu lông mở rộng mạ kẽm 6,Material,Fasteners,set,2469.05,2469.05,2469.05,2469.05,1,VND,10073.71,4.08,12,12,建筑工程,Công trình lắp đặt chung - Tập 4 Lắp đặt thiết bị điện,lắp đặt,
060079,"đá lát hoàn thiện dạng đặc biệt, dày 20mm",Material,General,m2,720138.6,720138.6,720138.6,720138.6,1,VND,738142.06,1.025,12,12,建筑工程,"hoàn thiện tường và cột, vách ngăn và tường rèm",lát nền (dầm) mặt bàn ốp lát,bề mặt cột lát đá
060045,gạch lát mặt tiền 0.015m2 vượt quá,Material,General,m2,72013.86,72013.86,72013.86,72013.86,1,VND,68233.13,0.9475,12,12,建筑工程,"hoàn thiện tường và cột, vách ngăn và tường rèm",lớp mặt tường chắn,bề mặt tường đối diện khối
110605,sơn phủ alkyd dựa nước,Material,Water,kg,57611.09,57611.09,57611.09,57611.09,1,VND,7361.26,0.1278,12,12,建筑工程,"công việc sơn, phủ và giấy dán tường",sơn bề mặt gỗ,"sàn gỗ, ván sợi, plywood, sơn trần"
060093,đá lát hoàn thiện 5mm,Material,General,m2,740713.99,740713.99,740713.99,740713.99,1,VND,743183.03,1.0033,12,12,建筑工程,công trình cửa và cửa sổ,cửa sổ cửa đi,
120026,với 20×40,Material,General,đơn vị,11048.98,11048.98,11048.98,11048.98,1,VND,3112.13,0.2817,12,12,建筑工程,Công trình lắp đặt chung - Tập 4 Lắp đặt thiết bị điện,"điện, lắp đặt",
830078,"khuôn thép hình dạng (và loại, chiều cao, bu lông)",Material,Steel & Metal,m2-day,3086.31,3086.31,3086.31,3086.31,1,VND,17442.79,5.6517,12,12,建筑工程,công việc chuẩn bị và đo đạc công trình,khuôn đúc bê tông thi công tại chỗ và giá đỡ,tường
080736,đá trang trí tấm thép không gỉ,Material,Steel & Metal,m2,329206.22,329206.22,329206.22,329206.22,1,VND,345666.53,1.05,12,12,建筑工程,"hoàn thiện tường và cột, vách ngăn và tường rèm",tường mặt,bề mặt tường ốp lát trang trí
080735,"đá trang trí, đá ốp aluminium",Material,General,m2,925892.48,925892.48,925892.48,925892.48,1,VND,972187.11,1.05,12,12,建筑工程,"hoàn thiện tường và cột, vách ngăn và tường rèm",tường mặt,bề mặt tường ốp lát trang trí
090137,đinh tán đinh tán mạ kẽm với bu lông 16×(150 250),Material,Fasteners,set,10781.5,10781.5,10781.5,10781.5,1,VND,87977.07,8.16,12,12,建筑工程,Công trình lắp đặt chung - Tập 4 Lắp đặt thiết bị điện,loại hệ thống điện,
110137,lớp phủ,Material,General,kg,37035.7,37035.7,37035.7,37035.7,1,VND,17065.74,0.4608,12,12,建筑工程,"công việc sơn, phủ và giấy dán tường",phun sơn phun và quét sơn,lớp phủ sơn quét kết cấu kim loại
800569,bơm thoát nước 150,Equipment,Pumps,machine-shift,57611.09,57611.09,57611.09,57611.09,1,VND,2792.86,0.0485,12,12,建筑工程,xử lý nền và gia cố mái dốc,"nước, hệ thống cấp nước",nước
110104,sơn bitum dầu,Material,Paint & Coatings,kg,29422.81,29422.81,29422.81,29422.81,1,VND,9868.9,0.3354,12,12,建筑工程,"Công trình lắp đặt chung - T.12 Sơn, chống ăn mòn, cách nhiệt",chổi quét hình chữ nhật,
110601,sơn fluorocarbon dựa nước,Material,Paint & Coatings,kg,61726.17,61726.17,61726.17,61726.17,1,VND,23474.46,0.3803,12,12,建筑工程,"công việc sơn, phủ và giấy dán tường",sơn bề mặt gỗ,"sàn gỗ, ván sợi, plywood, sơn trần"
100316,màng chống thấm dán (tự dán) dày 1.5mm,Material,Waterproofing,m2,92589.25,92589.25,92589.25,92589.25,1,VND,104730.01,1.1311,12,12,建筑工程,công trình lợp mái và chống thấm,kết cấu chống thấm mái và phụ kiện,màng chống thấm mái
110185,keo dán,Material,General,kg,13518.03,13518.03,13518.03,13518.03,1,VND,2529.13,0.1871,12,12,建筑工程,công trình lợp mái và chống thấm,kết cấu chống thấm mái và phụ kiện,màng chống thấm mái
100375,màng chống thấm dán () dày 1.5mm,Material,Waterproofing,m2,51438.47,51438.47,51438.47,51438.47,1,VND,57874.0,1.1251,12,12,建筑工程,công trình lợp mái và chống thấm,kết cấu chống thấm mái và phụ kiện,màng chống thấm mái
130006,len cách nhiệt thủy tinh,Material,Glass,m3,432083.16,432083.16,432083.16,432083.16,1,VND,15825.05,0.0366,12,12,建筑工程,công trình cách nhiệt và chống ăn mòn,tường mặt,bề mặt tường ốp lát trang trí
100264,lớp phủ chống thấm dính,Material,Waterproofing,kg,36006.93,36006.93,36006.93,36006.93,1,VND,67024.47,1.8614,12,12,建筑工程,công trình lợp mái và chống thấm,kết cấu chống thấm mái và phụ kiện,lớp phủ mái chống thấm
810168,vữa DM7.5-MR,Material,Concrete & Cement,m3,2962855.94,2962855.94,2962855.94,2962855.94,1,VND,230378.51,0.0778,12,12,建筑工程,công trình xây masonry,tường gạch,
100266,lớp phủ chống thấm poly xi măng (JS),Material,Concrete & Cement,kg,25307.73,25307.73,25307.73,25307.73,1,VND,54780.7,2.1646,12,12,建筑工程,công trình lợp mái và chống thấm,kết cấu chống thấm mái và phụ kiện,lớp phủ mái chống thấm
810176,loại vữa khô trộn,Material,Concrete & Cement,m3,1543154.14,1543154.14,1543154.14,1543154.14,1,VND,20253.9,0.0131,12,12,建筑工程,công trình cách nhiệt và chống ăn mòn,,bề mặt tường
810174,vữa,Material,Concrete & Cement,m3,1851784.96,1851784.96,1851784.96,1851784.96,1,VND,52961.05,0.0286,12,12,建筑工程,công trình cách nhiệt và chống ăn mòn,,bề mặt tường
100263,lớp phủ chống thấm acrylic,Material,Waterproofing,kg,29834.31,29834.31,29834.31,29834.31,1,VND,69897.34,2.3428,12,12,建筑工程,công trình lợp mái và chống thấm,kết cấu chống thấm mái và phụ kiện,lớp phủ mái chống thấm
150015,nhôm,Material,General,pcs,802.44,802.44,802.44,802.44,1,VND,802.44,1.0,12,12,建筑工程,Công trình lắp đặt chung - Tập 9 Phòng cháy chữa cháy,không lưới,
010067,hàn thép 25,Material,Steel & Metal,m,19896.4,19896.4,19896.4,19896.4,1,VND,134409.21,6.7555,12,12,建筑工程,công trình đóng cọc,cọc khoan,hàn thép ống
080764,"keo dán tường, sàn, bề mặt tấm slab (khoảng cách mối nối 200mm trong)",Material,General,m,349781.6,349781.6,349781.6,349781.6,1,VND,353279.42,1.01,12,12,建筑工程,công trình lợp mái và chống thấm,đoạn nối chuyển động,joint chuyển động bề mặt tường
400058,vữa xây dựng DM5.0,Material,Concrete & Cement,m3,1206335.03,1206335.03,1206335.03,1206335.03,1,VND,399625.89,0.3313,12,12,建筑工程,công trình xây masonry,đá xây dựng,
040057,đá vụn,Material,General,kg,144.03,144.03,144.03,144.03,1,VND,290765.78,2018.8182,12,12,建筑工程,công trình xây masonry,đá xây dựng,
010031,tấm thép thường 4.1 7,Material,Steel & Metal,kg,9238.35,9238.35,9238.35,9238.35,1,VND,88307.85,9.5588,12,12,建筑工程,Công trình lắp đặt chung - Tập 7 Thông gió và điều hòa không khí,lắp đặt giá đỡ và gia công,lắp đặt gia công giá đỡ
090269,đinh tán mạ kẽm,Material,Fasteners,kg,21192.65,21192.65,21192.65,21192.65,1,VND,759.4,0.0358,12,12,建筑工程,Công trình lắp đặt chung - Tập 7 Thông gió và điều hòa không khí,,
080765,"bề mặt keo dán tường, sàn, tấm (rộng mối nối 200mm vượt quá)",Material,General,m,390932.38,390932.38,390932.38,390932.38,1,VND,394841.71,1.01,12,12,建筑工程,công trình lợp mái và chống thấm,đoạn nối chuyển động,joint chuyển động bề mặt tường
120050,gạch trang trí 0.8mm,Material,General,m2,128596.18,128596.18,128596.18,128596.18,1,VND,184178.3,1.4322,12,12,建筑工程,"hoàn thiện tường và cột, vách ngăn và tường rèm",tường mặt,bề mặt tường ốp lát trang trí
800281,đào đất đơn lẻ 1.0m3,Equipment,General,machine-shift,1880590.51,1880590.51,1880590.51,1880590.51,1,VND,7146.24,0.0038,12,12,建筑工程,đào đất và công trình đá,"nước, hệ thống cấp nước",đào đất tổng quát
070002,dải hợp kim nhôm,Material,General,m,9444.1,9444.1,9444.1,9444.1,1,VND,2872.9,0.3042,12,12,建筑工程,công trình hoàn thiện sàn,lát lát sàn,sàn
040023,đá,Material,General,kg,473.23,473.23,473.23,473.23,1,VND,116246.62,245.6431,12,12,建筑工程,đào đất và công trình đá,đắp đất lấp,đất lấp nền
110663,lớp phủ chống thấm bằng keo dán xi măng,Material,Concrete & Cement,kg,37035.7,37035.7,37035.7,37035.7,1,VND,62627.37,1.691,12,12,建筑工程,công trình lợp mái và chống thấm,"bảo vệ chống thấm bề mặt tường, chống ẩm",lớp phủ bề mặt tường chống thấm
030090,sàn,Material,General,m2,25307.73,25307.73,25307.73,25307.73,1,VND,26762.55,1.0575,12,12,建筑工程,công trình lợp mái và chống thấm,kết cấu chống thấm mái và phụ kiện,mái nhà ()
400042,bề mặt vữa trát DBI,Material,Concrete & Cement,m3,8044976.9,8044976.9,8044976.9,8044976.9,1,VND,19652.73,0.0024,12,12,建筑工程,công trình lợp mái và chống thấm,lớp phủ chống thấm bảo vệ,trần
030070,sàn,Material,General,m2,133740.03,133740.03,133740.03,133740.03,1,VND,253771.7,1.8975,12,12,建筑工程,"hoàn thiện tường và cột, vách ngăn và tường rèm",tường mặt,bề mặt tường ốp lát trang trí
130101,nước,Material,Water,kg,51438.47,51438.47,51438.47,51438.47,1,VND,2180.99,0.0424,12,12,建筑工程,công trình cách nhiệt và chống ăn mòn,,bề mặt tường
080763,"keo dán tường, sàn, bề mặt tấm slab (khoảng cách nối 100mm bên trong)",Material,General,m,329206.22,329206.22,329206.22,329206.22,1,VND,332498.28,1.01,12,12,建筑工程,công trình lợp mái và chống thấm,đoạn nối chuyển động,joint chuyển động bề mặt tường
090067,ốc vít mạ kẽm 10,Material,Fasteners,pcs,288.06,288.06,288.06,288.06,1,VND,856.04,2.9718,12,12,建筑工程,Công trình lắp đặt chung - Tập 7 Thông gió và điều hòa không khí,lắp đặt,"lắp đặt tấm thép hình chữ nhật (1.2mm trong, )"
080280,dây đeo,Material,General,m,16460.31,16460.31,16460.31,16460.31,1,VND,6172.62,0.375,12,12,建筑工程,"hoàn thiện tường và cột, vách ngăn và tường rèm",công trình tường rèm,tường kính rèm
050032,keo dán kính thép,Material,Steel & Metal,m2,823015.54,823015.54,823015.54,823015.54,1,VND,844563.58,1.0262,12,12,建筑工程,"hoàn thiện tường và cột, vách ngăn và tường rèm",công trình tường rèm,tường kính rèm
080116,TB-1X T kiểu thép nhẹ định hình,Material,Steel & Metal,pcs,781.86,781.86,781.86,781.86,1,VND,1535.34,1.9638,12,12,建筑工程,công trình trần,trần giả,dầm trần
150166,(),Material,General,pcs,15657.87,15657.87,15657.87,15657.87,1,VND,15971.03,1.02,12,12,建筑工程,Công trình lắp đặt chung - Tập 5 Hệ thống thông minh tòa nhà,lắp đặt,điện năng
800154,Hàn điện AC 40kVA,Equipment,Welding Equip.,machine-shift,35595.42,35595.42,35595.42,35595.42,1,VND,6794.58,0.1909,12,12,建筑工程,công trình bê tông và bê tông cốt thép,công trình thép gia cố,chống thấm nước với
080730,oxy,Material,Chemicals,m,7859.8,7859.8,7859.8,7859.8,1,VND,2672.33,0.34,12,12,建筑工程,Công trình lắp đặt chung - Tập 5 Hệ thống thông minh tòa nhà,,
100273,màng chống thấm bitum biến đổi (tự dính) dày 3mm,Material,Waterproofing,m2,74071.4,74071.4,74071.4,74071.4,1,VND,90951.45,1.2279,12,12,建筑工程,công trình lợp mái và chống thấm,kết cấu chống thấm mái và phụ kiện,màng chống thấm mái
080188,sàn,Material,General,m2,70367.83,70367.83,70367.83,70367.83,1,VND,73604.75,1.046,12,12,建筑工程,"hoàn thiện tường và cột, vách ngăn và tường rèm",tường mặt,bề mặt tường ốp lát trang trí
010056,Ống thép mạ kẽm 32,Material,Steel & Metal,m,33743.64,33743.64,33743.64,33743.64,1,VND,34629.41,1.0262,12,12,建筑工程,Công trình lắp đặt chung - Tập 4 Lắp đặt thiết bị điện,,ống thép mạ kẽm
130041,bông thủy tinh dạng tấm,Material,Glass,m3,1357975.64,1357975.64,1357975.64,1357975.64,1,VND,65454.43,0.0482,12,12,建筑工程,công trình cách nhiệt và chống ăn mòn,,trần
110600,sơn phủ polyurethane gốc nước cho gỗ,Material,Wood & Timber,kg,33537.88,33537.88,33537.88,33537.88,1,VND,4489.86,0.1339,12,12,建筑工程,"công việc sơn, phủ và giấy dán tường",sơn bề mặt gỗ,"sàn gỗ, ván sợi, plywood, sơn trần"
090178,4,Material,General,set,308.63,308.63,308.63,308.63,1,VND,635.78,2.06,11,11,建筑工程,"Công việc lắp đặt chung - Vol.10 Cung cấp nước, thoát nước, sưởi ấm, khí","nước, nước",lắp đặt điện nước
800522,Cọc 600T,Equipment,General,machine-shift,6287015.71,6287015.71,6287015.71,6287015.71,1,VND,135170.84,0.0215,11,11,建筑工程,công trình đóng cọc,,
850107,điện năng JH5132,Equipment,General,machine-shift,26748.01,26748.01,26748.01,26748.01,1,VND,26748.01,1.0,11,11,建筑工程,Công trình lắp đặt chung - Tập 4 Lắp đặt thiết bị điện,điện năng,điện năng
010073,hàn thép hàn 100,Material,Steel & Metal,m,88885.68,88885.68,88885.68,88885.68,1,VND,83067.71,0.9345,11,11,建筑工程,Công trình lắp đặt chung - Tập 4 Lắp đặt thiết bị điện,hàn thép ống,hàn thép ống
090860,ốc vít mở rộng mạ kẽm M12×110,Material,Fasteners,set,1604.88,1604.88,1604.88,1604.88,1,VND,3366.21,2.0975,11,11,建筑工程,Công trình lắp đặt chung - Tập 9 Phòng cháy chữa cháy,không lưới,
130020,bảng poly 50,Material,General,m2,45265.85,45265.85,45265.85,45265.85,1,VND,24443.56,0.54,11,11,建筑工程,công trình lợp mái và chống thấm,đoạn nối chuyển động,đổ keo nối
090550,bu lông mở rộng (hợp chất),Material,Fasteners,set,4896.94,4896.94,4896.94,4896.94,1,VND,23006.92,4.6982,11,11,建筑工程,"hoàn thiện tường và cột, vách ngăn và tường rèm",mặt (dầm) của cột,bề mặt cột (dầm) trang trí
460101,"B0, A0",Material,General,đơn vị,329206.22,329206.22,329206.22,329206.22,1,VND,36706.49,0.1115,11,11,建筑工程,Công trình lắp đặt chung - Tập 5 Hệ thống thông minh tòa nhà,,lắp đặt
100115,keo dán bề mặt đôi,Material,General,m,4752.91,4752.91,4752.91,4752.91,1,VND,23276.66,4.8973,11,11,建筑工程,"hoàn thiện tường và cột, vách ngăn và tường rèm",tường mặt,bề mặt tường ốp lát trang trí
090691,tấm thép không gỉ 0.8mm,Material,Steel & Metal,m2,653268.58,653268.58,653268.58,653268.58,1,VND,632538.19,0.9683,11,11,建筑工程,công trình lợp mái và chống thấm,kết cấu chống thấm mái và phụ kiện,mái che chống thấm nước mái
800121,máy trộn bê tông 500L,Equipment,General,machine-shift,33332.13,33332.13,33332.13,33332.13,1,VND,270.82,0.0081,11,11,建筑工程,công trình bê tông và bê tông cốt thép,lớp bê tông trám lấp tại chỗ,lớp phủ sàn
850078,đúc mẫu,Equipment,General,machine-shift,729253.49,729253.49,729253.49,729253.49,1,VND,201065.61,0.2757,11,11,建筑工程,Công trình lắp đặt chung - T.11 Thiết bị truyền thông và đường dây,đúc mẫu,
350049,đúc khuôn đôi 0.5mm,Material,General,m,4485.43,4485.43,4485.43,4485.43,1,VND,274609.53,61.2225,11,11,建筑工程,Công trình lắp đặt chung - T.11 Thiết bị truyền thông và đường dây,đúc mẫu,
060059,tấm vách,Material,General,m2,185178.5,185178.5,185178.5,185178.5,1,VND,177401.0,0.958,11,11,建筑工程,"hoàn thiện tường và cột, vách ngăn và tường rèm",lớp mặt tường chắn,bề mặt tường đối diện khối
030017,bệ đỡ sàn gỗ,Material,Wood & Timber,m2,92383.49,92383.49,92383.49,92383.49,1,VND,97002.67,1.05,11,11,建筑工程,công trình hoàn thiện sàn,lát lát sàn,bệ đỡ sàn gỗ
090275,phụ kiện sắt,Material,Steel & Metal,kg,8847.42,8847.42,8847.42,8847.42,1,VND,6357.98,0.7186,11,11,建筑工程,công trình kết cấu gỗ,gỗ cấu kiện kết cấu,
300109,định hình nền 12×100,Material,General,pcs,8003.83,8003.83,8003.83,8003.83,1,VND,16007.65,2.0,11,11,建筑工程,Công trình lắp đặt chung - T.11 Thiết bị truyền thông và đường dây,,lắp đặt mặt bằng và các mục khác
090184,đinh tấm xi măng,Material,Concrete & Cement,kg,20163.88,20163.88,20163.88,20163.88,1,VND,1068.69,0.053,11,11,建筑工程,công trình hoàn thiện sàn,lớp hoàn thiện,sàn
800395,máy xúc 1t,Equipment,General,machine-shift,259455.65,259455.65,259455.65,259455.65,1,VND,17939.5,0.0691,11,11,建筑工程,xử lý nền và gia cố mái dốc,cọc khoan,
040072,đá,Material,General,kg,102.88,102.88,102.88,102.88,1,VND,1239.02,12.044,11,11,建筑工程,"hoàn thiện tường và cột, vách ngăn và tường rèm",trát vữa,trát tường trang trí
090229,thép tấm mạ kẽm,Material,Steel & Metal,kg,8312.46,8312.46,8312.46,8312.46,1,VND,4224.99,0.5083,11,11,建筑工程,Công trình lắp đặt chung - Tập 4 Lắp đặt thiết bị điện,lưới,
800001,cẩu trục 5t,Equipment,Cranes,machine-shift,645449.94,645449.94,645449.94,645449.94,1,VND,205370.43,0.3182,11,11,建筑工程,Công trình lắp đặt chung - Tập 4 Lắp đặt thiết bị điện,lắp đặt,
010071,hàn thép hàn 70,Material,Steel & Metal,m,53907.52,53907.52,53907.52,53907.52,1,VND,52878.37,0.9809,11,11,建筑工程,Công trình lắp đặt chung - Tập 4 Lắp đặt thiết bị điện,hàn thép ống,hàn thép ống
010074,hàn thép 125,Material,Steel & Metal,m,124069.59,124069.59,124069.59,124069.59,1,VND,121982.97,0.9832,11,11,建筑工程,Công trình lắp đặt chung - Tập 4 Lắp đặt thiết bị điện,hàn thép ống,hàn thép ống
850037,2Mb/s,Equipment,General,machine-shift,216350.21,216350.21,216350.21,216350.21,1,VND,281255.27,1.3,11,11,建筑工程,Công trình lắp đặt chung - T.11 Thiết bị truyền thông và đường dây,(),
110030,putty,Material,General,kg,18517.85,18517.85,18517.85,18517.85,1,VND,9169.58,0.4952,11,11,建筑工程,"công việc sơn, phủ và giấy dán tường",sơn bề mặt kim loại,"bề mặt kim loại, sơn kết cấu thép"
850085,622Mb/s,Equipment,General,machine-shift,1705247.05,1705247.05,1705247.05,1705247.05,1,VND,1510361.67,0.8857,11,11,建筑工程,Công trình lắp đặt chung - T.11 Thiết bị truyền thông và đường dây,(),
110021,sơn chống rỉ phenolic,Material,Paint & Coatings,kg,25101.97,25101.97,25101.97,25101.97,1,VND,4789.0,0.1908,11,11,建筑工程,"Công trình lắp đặt chung - Tập 6 Điều khiển tự động, instrumentation",chổi quét hình chữ nhật,
280397,bệ đỡ sàn đúc sẵn,Material,General,set,34155.14,34155.14,34155.14,34155.14,1,VND,34496.7,1.01,11,11,建筑工程,Công trình lắp đặt chung - T.11 Thiết bị truyền thông và đường dây,,lắp đặt mặt bằng và các mục khác
350224,đúc moulding 7×1.2,Material,General,kg,64812.47,64812.47,64812.47,64812.47,1,VND,12962.49,0.2,11,11,建筑工程,Công trình lắp đặt chung - T.11 Thiết bị truyền thông và đường dây,,lắp đặt mặt bằng và các mục khác
090479,nhôm,Material,General,m,5987.44,5987.44,5987.44,5987.44,1,VND,44972.4,7.5111,11,11,建筑工程,"hoàn thiện tường và cột, vách ngăn và tường rèm",vách ngăn,vách ngăn
040052,đá,Material,General,kg,123.45,123.45,123.45,123.45,1,VND,277150.48,2245.0,11,11,建筑工程,đào đất và công trình đá,đắp đất lấp,đắp đất nền móng
110201,sơn dầu emulsion,Material,Paint & Coatings,kg,32920.62,32920.62,32920.62,32920.62,1,VND,24690.47,0.75,11,11,建筑工程,"công việc sơn, phủ và giấy dán tường",phun sơn phun và quét sơn,lớp phủ hoàn thiện bề mặt tường
090305,đinh trang trí,Material,Fasteners,kg,27571.02,27571.02,27571.02,27571.02,1,VND,1442.88,0.0523,11,11,建筑工程,"hoàn thiện tường và cột, vách ngăn và tường rèm",vách ngăn,vách ngăn
090123,galvanized with bolt 8×(110 120),Material,Fasteners,set,1440.28,1440.28,1440.28,1440.28,1,VND,7782.73,5.4036,11,11,建筑工程,Công trình lắp đặt chung - Tập 5 Hệ thống thông minh tòa nhà,lắp đặt điện,lắp đặt
091088,đinh thép mạ kẽm 4×50,Material,Wood & Timber,pcs,123.45,123.45,123.45,123.45,1,VND,463.08,3.7511,11,11,建筑工程,Công trình lắp đặt chung - Tập 5 Hệ thống thông minh tòa nhà,lắp đặt,
110303,keo dán,Material,General,kg,7324.84,7324.84,7324.84,7324.84,1,VND,3729.56,0.5092,11,11,建筑工程,công trình bê tông và bê tông cốt thép,bê tông cốt thép đúc sẵn tại chỗ,đổ keo nối
810093,chất bịt kín silicone nước,Material,Water,m3,5995688.78,5995688.78,5995688.78,5995688.78,1,VND,48715.01,0.0081,11,11,建筑工程,công trình cách nhiệt và chống ăn mòn,lớp hoàn thiện chống ăn mòn,lớp hoàn thiện chống ăn mòn mặt ngoài
090881,galvanized với bu lông M16×(70 75),Material,Fasteners,set,3086.31,3086.31,3086.31,3086.31,1,VND,635.78,0.206,11,11,建筑工程,Công trình lắp đặt chung - Tập 9 Phòng cháy chữa cháy,không lưới,
010057,ống thép mạ kẽm 40,Material,Steel & Metal,m,39916.25,39916.25,39916.25,39916.25,1,VND,40950.45,1.0259,11,11,建筑工程,Công trình lắp đặt chung - Tập 4 Lắp đặt thiết bị điện,,ống thép mạ kẽm
350037,đúc mẫu BV-1.0,Material,General,m,1604.88,1604.88,1604.88,1604.88,1,VND,20793.41,12.9564,11,11,建筑工程,Công trình lắp đặt chung - Tập 9 Phòng cháy chữa cháy,nước,
100032,keo dán bitum,Material,Waterproofing,m3,4342847.25,4342847.25,4342847.25,4342847.25,1,VND,26165.67,0.006,11,11,建筑工程,công trình cách nhiệt và chống ăn mòn,lớp hoàn thiện chống ăn mòn,lớp hoàn thiện chống ăn mòn mặt ngoài
010059,Ống thép mạ kẽm 70,Material,Steel & Metal,m,68516.04,68516.04,68516.04,68516.04,1,VND,75461.08,1.1014,11,11,建筑工程,Công trình lắp đặt chung - Tập 4 Lắp đặt thiết bị điện,,lắp đặt chế tạo điện
040024,than đá,Material,General,kg,123.45,123.45,123.45,123.45,1,VND,9553.48,77.386,11,11,建筑工程,xử lý nền và gia cố mái dốc,,
800392,máy nén khí điện 20 62kg/m,Equipment,General,machine-shift,27776.77,27776.77,27776.77,27776.77,1,VND,861.08,0.031,11,11,建筑工程,đào đất và công trình đá,đắp đất lấp,đắp đất nền móng
110153,keo dán 325 200g,Material,General,chai,51438.47,51438.47,51438.47,51438.47,1,VND,15712.11,0.3055,11,11,建筑工程,Công trình lắp đặt chung - Tập 9 Phòng cháy chữa cháy,không lưới,
850126,chiều cao,Equipment,General,machine-shift,31891.85,31891.85,31891.85,31891.85,1,VND,118765.26,3.724,10,10,建筑工程,Công trình lắp đặt chung - Tập 4 Lắp đặt thiết bị điện,điện năng,điện năng
810094,keo dán,Material,General,m3,44184618.02,44184618.02,44184618.02,44184618.02,1,VND,310396.97,0.007,10,10,建筑工程,công trình cách nhiệt và chống ăn mòn,lớp hoàn thiện chống ăn mòn,lớp hoàn thiện chống ăn mòn mặt ngoài
080198,dải hợp kim nhôm hợp kim tấm,Material,General,m2,185178.5,185178.5,185178.5,185178.5,1,VND,177762.1,0.96,10,10,建筑工程,"hoàn thiện tường và cột, vách ngăn và tường rèm",tường mặt,bề mặt tường ốp lát trang trí
030013,gỗ lát,Material,Wood & Timber,m2,27159.51,27159.51,27159.51,27159.51,1,VND,28381.69,1.045,10,10,建筑工程,"hoàn thiện tường và cột, vách ngăn và tường rèm",tường mặt,bề mặt tường ốp lát trang trí
100465,Lớp màng chống thấm bitum sửa đổi SBS () 3mm,Material,Waterproofing,m2,57611.09,57611.09,57611.09,57611.09,1,VND,70740.01,1.2279,10,10,建筑工程,công trình lợp mái và chống thấm,kết cấu chống thấm mái và phụ kiện,màng chống thấm mái
120049,Tấm ốp PVC trang trí 1.25mm,Material,General,m2,50409.7,50409.7,50409.7,50409.7,1,VND,55223.83,1.0955,10,10,建筑工程,"hoàn thiện tường và cột, vách ngăn và tường rèm",tường mặt,bề mặt tường ốp lát trang trí
080026,Thép loại U CB50-2A,Material,Steel & Metal,pcs,699.56,699.56,699.56,699.56,1,VND,2396.5,3.4257,10,10,建筑工程,công trình trần,trần trang trí,với
810178,vữa phụ,Material,Concrete & Cement,m3,925892.48,925892.48,925892.48,925892.48,1,VND,3549.25,0.0038,10,10,建筑工程,"hoàn thiện tường và cột, vách ngăn và tường rèm",trát trần (dầm) bề mặt vữa trát,bề mặt cột dầm trát vữa tổng quát
110293,lớp phủ,Material,General,kg,45677.36,45677.36,45677.36,45677.36,1,VND,9918.51,0.2171,10,10,建筑工程,"công việc sơn, phủ và giấy dán tường",phun sơn phun và quét sơn,lớp phủ hoàn thiện bề mặt tường
850217,HD-260,Equipment,General,machine-shift,274784.31,274784.31,274784.31,274784.31,1,VND,297377.71,1.0822,10,10,建筑工程,"Công trình lắp đặt chung - Tập 6 Điều khiển tự động, instrumentation",,
850220,đúc khuôn đôi H6 0.1,Equipment,General,machine-shift,257336.38,257336.38,257336.38,257336.38,1,VND,345688.52,1.3433,10,10,建筑工程,"Công trình lắp đặt chung - Tập 6 Điều khiển tự động, instrumentation",lưới và,lưới
010026,tấm thép thường 1 1.5,Material,Steel & Metal,kg,11810.27,11810.27,11810.27,11810.27,1,VND,184033.58,15.5825,10,10,建筑工程,"Công trình lắp đặt chung - Tập 6 Điều khiển tự động, instrumentation",lắp đặt gia công,
850212,điện ZX-25a,Equipment,General,machine-shift,19176.26,19176.26,19176.26,19176.26,1,VND,1773.8,0.0925,10,10,建筑工程,"Công trình lắp đặt chung - Tập 6 Điều khiển tự động, instrumentation",,
091067,lưới,Material,General,m2,16460.31,16460.31,16460.31,16460.31,1,VND,17283.33,1.05,10,10,建筑工程,"hoàn thiện tường và cột, vách ngăn và tường rèm",,trát tường trang trí
110607,chất chống thấm gốc dầu,Material,Paint & Coatings,kg,31891.85,31891.85,31891.85,31891.85,1,VND,2949.17,0.0925,10,10,建筑工程,"công việc sơn, phủ và giấy dán tường",sơn bề mặt gỗ,sơn tường kính
090408,50 mm mạ kẽm,Material,General,pcs,7736.35,7736.35,7736.35,7736.35,1,VND,13885.18,1.7948,10,10,建筑工程,các công trình trang trí khác,"tay vịn, lan can, tấm lan can trang trí","tay vịn kim loại, lan can, tấm lan can"
090462,lưới thép mạ kẽm,Material,Steel & Metal,m2,15945.93,15945.93,15945.93,15945.93,1,VND,17293.34,1.0845,10,10,建筑工程,công trình lợp mái và chống thấm,,bề mặt tường
110012,sơn lớp nền bê tông,Material,Paint & Coatings,kg,28805.54,28805.54,28805.54,28805.54,1,VND,4995.6,0.1734,10,10,建筑工程,"công việc sơn, phủ và giấy dán tường",sơn bề mặt gỗ,sơn sàn bê tông gỗ
110130,sơn,Material,Paint & Coatings,kg,45265.85,45265.85,45265.85,45265.85,1,VND,13969.04,0.3086,10,10,建筑工程,"công việc sơn, phủ và giấy dán tường",sơn bề mặt kim loại,"bề mặt kim loại, sơn kết cấu thép"
110013,sơn lót sàn bê tông bằng nước,Material,Paint & Coatings,kg,51438.47,51438.47,51438.47,51438.47,1,VND,5335.46,0.1037,10,10,建筑工程,"công việc sơn, phủ và giấy dán tường",sơn bề mặt gỗ,sơn sàn bê tông gỗ
110131,sơn,Material,Paint & Coatings,kg,30863.08,30863.08,30863.08,30863.08,1,VND,1067.86,0.0346,10,10,建筑工程,"công việc sơn, phủ và giấy dán tường",sơn bề mặt kim loại,"bề mặt kim loại, sơn kết cấu thép"
090345,thép không gỉ 50,Material,Steel & Metal,pcs,45471.61,45471.61,45471.61,45471.61,1,VND,61545.33,1.3535,10,10,建筑工程,các công trình trang trí khác,"tay vịn, lan can, tấm lan can trang trí","tay vịn kim loại, lan can, tấm lan can"
050013,kính 8mm,Material,Glass,m2,92589.25,92589.25,92589.25,92589.25,1,VND,116940.22,1.263,10,10,建筑工程,các công trình trang trí khác,,khung
360045,đúc mẫu 25 đúc mẫu,Material,General,đơn vị,30451.57,30451.57,30451.57,30451.57,1,VND,123024.36,4.04,10,10,建筑工程,Công trình lắp đặt chung - T.11 Thiết bị truyền thông và đường dây,đúc điện,đúc điện
110772,sơn dầu polyurethane acrylic dung môi kim loại,Material,Steel & Metal,kg,20986.9,20986.9,20986.9,20986.9,1,VND,541.44,0.0258,10,10,建筑工程,"công việc sơn, phủ và giấy dán tường",sơn bề mặt gỗ,sơn tường kính
280559,đúc mẫu,Material,General,pcs,1646.03,1646.03,1646.03,1646.03,1,VND,335790.34,204.0,10,10,建筑工程,Công trình lắp đặt chung - T.11 Thiết bị truyền thông và đường dây,đúc điện,đúc điện
800068,C15,Equipment,General,machine-shift,7221.96,7221.96,7221.96,7221.96,1,VND,1083.29,0.15,10,10,建筑工程,Công trình lắp đặt chung - T.11 Thiết bị truyền thông và đường dây,đúc điện,đúc điện
010173,ống thép,Material,Steel & Metal,m,62549.18,62549.18,62549.18,62549.18,1,VND,15095.2,0.2413,10,10,建筑工程,công trình hoàn thiện sàn,lớp hoàn thiện cầu thang bộ,tay vịn tường kim loại
090799,60%,Material,General,kg,167072.15,167072.15,167072.15,167072.15,1,VND,64824.0,0.388,10,10,建筑工程,Công trình lắp đặt chung - T.11 Thiết bị truyền thông và đường dây,(mesh) đơn (DTU NTU),
010141,thanh tròn mạ kẽm 10 vượt quá,Material,General,kg,12674.44,12674.44,12674.44,12674.44,1,VND,26255.8,2.0716,10,10,建筑工程,Công trình lắp đặt chung - Tập 4 Lắp đặt thiết bị điện,lưới,cọc nước
090335,gỗ xây dựng,Material,Wood & Timber,pcs,6172.62,6172.62,6172.62,6172.62,1,VND,21211.76,3.4364,10,10,建筑工程,các công trình trang trí khác,,gỗ xây dựng
100019,keo dán 15,Material,General,m,11974.88,11974.88,11974.88,11974.88,1,VND,7841.16,0.6548,10,10,建筑工程,"Công việc lắp đặt chung - Vol.10 Cung cấp nước, thoát nước, sưởi ấm, khí",lắp đặt hệ thống cấp nước,
800652,điện năng bình thường đôi (200 trong),Equipment,General,machine-shift,815196.89,815196.89,815196.89,815196.89,1,VND,6754.46,0.0083,10,10,建筑工程,công việc chuẩn bị và đo đạc công trình,vận chuyển thẳng đứng,vận chuyển thẳng đứng
060026,bệ đỡ (bệ đỡ),Material,General,m2,82301.55,82301.55,82301.55,82301.55,1,VND,85799.37,1.0425,10,10,建筑工程,"hoàn thiện tường và cột, vách ngăn và tường rèm",tường mặt,bề mặt tường ốp lát trang trí
090593,kẽm mạ,Material,General,set,8291.88,8291.88,8291.88,8291.88,1,VND,28623.58,3.452,10,10,建筑工程,Công trình lắp đặt chung - Tập 4 Lắp đặt thiết bị điện,đúc mẫu,lắp đặt
010068,hàn thép ống 32,Material,Steel & Metal,m,25719.24,25719.24,25719.24,25719.24,1,VND,24484.71,0.952,10,10,建筑工程,Công trình lắp đặt chung - Tập 4 Lắp đặt thiết bị điện,hàn thép ống,hàn thép ống
120169,polyurethane,Material,General,m3,1440277.19,1440277.19,1440277.19,1440277.19,1,VND,230.44,0.0002,10,10,建筑工程,công trình cách nhiệt và chống ăn mòn,,sàn
800023,máy nén khí 1m3/phút,Equipment,Compressors,machine-shift,34566.65,34566.65,34566.65,34566.65,1,VND,17982.43,0.5202,10,10,建筑工程,đào đất và công trình đá,công trình đá,
110434,đá,Material,General,kg,12756.74,12756.74,12756.74,12756.74,1,VND,29675.37,2.3262,10,10,建筑工程,"hoàn thiện tường và cột, vách ngăn và tường rèm",trát vữa,trát vữa trát trần chung
800213,bơm nước 100,Equipment,Pumps,machine-shift,30451.57,30451.57,30451.57,30451.57,1,VND,6249.86,0.2052,10,10,建筑工程,"Công việc lắp đặt chung - Vol.10 Cung cấp nước, thoát nước, sưởi ấm, khí",,
810142,keo dán,Material,General,m3,28963151.37,28963151.37,28963151.37,28963151.37,1,VND,202742.06,0.007,10,10,建筑工程,công trình cách nhiệt và chống ăn mòn,lớp hoàn thiện chống ăn mòn,lớp hoàn thiện chống ăn mòn mặt ngoài
850098,điện YY2814,Equipment,General,machine-shift,33126.38,33126.38,33126.38,33126.38,1,VND,84472.26,2.55,10,10,建筑工程,Công trình lắp đặt chung - Tập 4 Lắp đặt thiết bị điện,độ cao điện,điện năng
091469,dây 2.5,Material,General,kg,452658.55,452658.55,452658.55,452658.55,1,VND,232440.16,0.5135,10,10,建筑工程,"Công việc lắp đặt chung - Vol.10 Cung cấp nước, thoát nước, sưởi ấm, khí",lắp đặt,
800643,cần cẩu tháp 300T,Equipment,Cranes,machine-shift,2688380.26,2688380.26,2688380.26,2688380.26,1,VND,25593.36,0.0095,10,10,建筑工程,công việc chuẩn bị và đo đạc công trình,vận chuyển thẳng đứng,vận chuyển thẳng đứng
350217,phào trang trí BVR-16mm,Material,General,m,24484.71,24484.71,24484.71,24484.71,1,VND,52176.92,2.131,10,10,建筑工程,Công trình lắp đặt chung - T.11 Thiết bị truyền thông và đường dây,đúc mẫu,khung đúc moulding
180019,mối hàn mạ kẽm splice 20,Material,General,pcs,8024.4,8024.4,8024.4,8024.4,1,VND,9262.45,1.1543,10,10,建筑工程,Công trình lắp đặt chung - Tập 5 Hệ thống thông minh tòa nhà,nước,nước ()
130876,lưới thép mạ kẽm,Material,Steel & Metal,m2,14402.77,14402.77,14402.77,14402.77,1,VND,13682.63,0.95,10,10,建筑工程,Công trình lắp đặt chung - Tập 7 Thông gió và điều hòa không khí,"gia công lưới kim loại, lắp đặt (030703007 030703010)",
050001,kính 5mm,Material,Glass,m2,41150.78,41150.78,41150.78,41150.78,1,VND,87282.86,2.1211,10,10,建筑工程,"hoàn thiện tường và cột, vách ngăn và tường rèm",vách ngăn,vách kính
810025,vữa trộn composite 1: 0.5: 3,Material,Concrete & Cement,m3,552387.45,552387.45,552387.45,552387.45,1,VND,2227.97,0.004,10,10,建筑工程,"hoàn thiện tường và cột, vách ngăn và tường rèm",,
800040,bệ đỡ 6.3×2000,Equipment,General,machine-shift,47529.15,47529.15,47529.15,47529.15,1,VND,173.0,0.0036,10,10,建筑工程,Công trình lắp đặt chung - Tập 7 Thông gió và điều hòa không khí,,
010072,hàn thép hàn 80,Material,Steel & Metal,m,67898.78,67898.78,67898.78,67898.78,1,VND,64051.18,0.9433,9,9,建筑工程,Công trình lắp đặt chung - Tập 4 Lắp đặt thiết bị điện,hàn thép ống,hàn thép ống
090268,đinh tăm 4,Material,Fasteners,set,164.6,164.6,164.6,164.6,1,VND,361.1,2.194,9,9,建筑工程,công trình kết cấu thép,"sàn thép tấm, sàn tường",
090122,đinh tán galvanised với bu lông 8×(85 100),Material,Fasteners,set,1337.4,1337.4,1337.4,1337.4,1,VND,30457.06,22.7733,9,9,建筑工程,Công trình lắp đặt chung - Tập 4 Lắp đặt thiết bị điện,lắp đặt,lắp đặt
100389,dải trám khe nối,Material,General,m,30863.08,30863.08,30863.08,30863.08,1,VND,3653.16,0.1184,9,9,建筑工程,"hoàn thiện tường và cột, vách ngăn và tường rèm",tường mặt,bề mặt tường ốp lát trang trí
091463,thép không gỉ,Material,Steel & Metal,kg,49380.93,49380.93,49380.93,49380.93,1,VND,10261.36,0.2078,9,9,建筑工程,"hoàn thiện tường và cột, vách ngăn và tường rèm",tường mặt,bề mặt tường ốp lát trang trí
010069,hàn thép 40,Material,Steel & Metal,m,30863.08,30863.08,30863.08,30863.08,1,VND,29114.17,0.9433,9,9,建筑工程,Công trình lắp đặt chung - Tập 4 Lắp đặt thiết bị điện,hàn thép ống,hàn thép ống
150085,đúc mẫu,Material,General,pcs,139912.64,139912.64,139912.64,139912.64,1,VND,875.23,0.0063,9,9,建筑工程,công trình kết cấu thép,liên kết kim loại cấu trúc,
110559,PE 0.3mm độ dày,Material,General,m2,7818.65,7818.65,7818.65,7818.65,1,VND,5179.85,0.6625,9,9,建筑工程,công trình lợp mái và chống thấm,kết cấu chống thấm mái và phụ kiện,hồ sơ và các mục khác mái
110197,lớp phủ,Material,General,kg,41150.78,41150.78,41150.78,41150.78,1,VND,1456.28,0.0354,9,9,建筑工程,Công trình lắp đặt chung - Tập 4 Lắp đặt thiết bị điện,lưới,gia công
130887,độ dày),Material,General,m2,411507.77,411507.77,411507.77,411507.77,1,VND,426596.39,1.0367,9,9,建筑工程,công trình lợp mái và chống thấm,kết cấu chống thấm mái và phụ kiện,hồ sơ và các mục khác mái
030016,dải sàn 1000×30×8,Material,General,100 pcs,32714.87,32714.87,32714.87,32714.87,1,VND,687.01,0.098,9,9,建筑工程,công trình kết cấu gỗ,vật liệu nền mái dốc,lớp hoàn thiện trần
800640,Cần cẩu tháp 100T,Equipment,Cranes,machine-shift,1290488.37,1290488.37,1290488.37,1290488.37,1,VND,25009.63,0.0194,9,9,建筑工程,công việc chuẩn bị và đo đạc công trình,vận chuyển thẳng đứng,vận chuyển thẳng đứng
800172,cẩu trục 25t,Equipment,Cranes,machine-shift,1259008.02,1259008.02,1259008.02,1259008.02,1,VND,59488.13,0.0472,9,9,建筑工程,công việc chuẩn bị và đo đạc công trình,vận chuyển thẳng đứng,vận chuyển thẳng đứng
110070,lớp phủ bề mặt phẳng,Material,General,kg,57611.09,57611.09,57611.09,57611.09,1,VND,71115.13,1.2344,9,9,建筑工程,công trình hoàn thiện sàn,bước trang trí,
060011,đá cẩm thạch 0.25m2 trong,Material,General,m2,329206.22,329206.22,329206.22,329206.22,1,VND,391837.7,1.1902,9,9,建筑工程,công trình hoàn thiện sàn,lát lát sàn,đá lát
110467,sơn acrylic kim loại thường (đơn) primer,Material,Steel & Metal,kg,57611.09,57611.09,57611.09,57611.09,1,VND,962.11,0.0167,9,9,建筑工程,"công việc sơn, phủ và giấy dán tường",sơn bề mặt gỗ,sơn tường kính
110514,keo dán,Material,General,kg,27776.77,27776.77,27776.77,27776.77,1,VND,8134.63,0.2929,9,9,建筑工程,các công trình trang trí khác,,tường
150322,phun,Material,General,pcs,18517.85,18517.85,18517.85,18517.85,1,VND,528.58,0.0285,9,9,建筑工程,"công việc sơn, phủ và giấy dán tường",phun sơn phun và quét sơn,lớp phủ sơn quét kết cấu kim loại
090453,cột thép không gỉ,Material,Steel & Metal,m,75717.43,75717.43,75717.43,75717.43,1,VND,124460.53,1.6438,9,9,建筑工程,các công trình trang trí khác,,khung
850074,PCM,Equipment,General,machine-shift,290894.84,290894.84,290894.84,290894.84,1,VND,162069.98,0.5571,9,9,建筑工程,Công trình lắp đặt chung - T.11 Thiết bị truyền thông và đường dây,(),
800391,với máy ủi 105kW,Equipment,Bulldozers,machine-shift,1135349.94,1135349.94,1135349.94,1135349.94,1,VND,4626.53,0.0041,9,9,建筑工程,đào đất và công trình đá,vận chuyển,(đá) vận chuyển
120088,poly,Material,General,m3,1337400.25,1337400.25,1337400.25,1337400.25,1,VND,4413.42,0.0033,9,9,建筑工程,"hoàn thiện tường và cột, vách ngăn và tường rèm",tường mặt,bề mặt tường ốp lát trang trí
110110,sơn trát polyurethane,Material,General,kg,23867.45,23867.45,23867.45,23867.45,1,VND,257.77,0.0108,9,9,建筑工程,công trình cách nhiệt và chống ăn mòn,chống ăn mòn,lớp phủ chống ăn mòn
060013,gạch đá hoa cẩm thạch hình dạng đặc biệt,Material,General,m2,660675.72,660675.72,660675.72,660675.72,1,VND,456372.75,0.6908,9,9,建筑工程,công trình hoàn thiện sàn,lát lát sàn,tường
090534,ốc vít mở rộng mạ kẽm 16,Material,Fasteners,set,12345.23,12345.23,12345.23,12345.23,1,VND,61161.81,4.9543,9,9,建筑工程,Công trình lắp đặt chung - T.11 Thiết bị truyền thông và đường dây,khung đúc,khung đúc moulding
800195,CTS-26,Equipment,General,machine-shift,156784.46,156784.46,156784.46,156784.46,1,VND,11845.94,0.0756,9,9,建筑工程,công trình kết cấu thép,liên kết kim loại cấu trúc,
850090,điện năng BT-203,Equipment,General,machine-shift,150200.34,150200.34,150200.34,150200.34,1,VND,751669.24,5.0044,9,9,建筑工程,Công trình lắp đặt chung - Tập 4 Lắp đặt thiết bị điện,điện năng,điện năng
090271,đinh tán nhôm,Material,Fasteners,pcs,514.38,514.38,514.38,514.38,1,VND,1990.67,3.87,9,9,建筑工程,Công trình lắp đặt chung - Tập 5 Hệ thống thông minh tòa nhà,,và
850045,DSP-100,Equipment,General,machine-shift,142381.69,142381.69,142381.69,142381.69,1,VND,427145.07,3.0,9,9,建筑工程,Công trình lắp đặt chung - Tập 5 Hệ thống thông minh tòa nhà,lắp đặt,
850227,STIPA,Equipment,General,machine-shift,616232.89,616232.89,616232.89,616232.89,1,VND,1155436.66,1.875,9,9,建筑工程,Công trình lắp đặt chung - Tập 5 Hệ thống thông minh tòa nhà,,điện năng
040054,đá,Material,General,kg,102.88,102.88,102.88,102.88,1,VND,96030.48,933.45,9,9,建筑工程,công trình xây masonry,lớp che chắn,hồ sơ và các mục khác mái
030034,nẹp gỗ,Material,Wood & Timber,m,1440.28,1440.28,1440.28,1440.28,1,VND,3444.42,2.3915,9,9,建筑工程,"hoàn thiện tường và cột, vách ngăn và tường rèm",mặt (dầm) của cột,bề mặt cột (dầm) trang trí
150175,lớp phủ chống thấm bằng keo dán xi măng,Material,Concrete & Cement,kg,82301.55,82301.55,82301.55,82301.55,1,VND,23990.9,0.2915,9,9,建筑工程,công trình lợp mái và chống thấm,kết cấu chống thấm mái và phụ kiện,kết cấu chống thấm mái nhà
850099,điện JD2505N,Equipment,General,machine-shift,87239.65,87239.65,87239.65,87239.65,1,VND,110358.15,1.265,9,9,建筑工程,Công trình lắp đặt chung - Tập 4 Lắp đặt thiết bị điện,điện năng,"10kV, đơn"
090900,mũi khoan,Material,General,pcs,14402.77,14402.77,14402.77,14402.77,1,VND,600.6,0.0417,9,9,建筑工程,công trình kết cấu thép,"sàn thép tấm, sàn tường",
110444,keo dán xi măng poly,Material,Concrete & Cement,kg,9258.92,9258.92,9258.92,9258.92,1,VND,24746.02,2.6727,9,9,建筑工程,công trình lợp mái và chống thấm,kết cấu chống thấm mái và phụ kiện,màng chống thấm mái
090234,dây thép mạ kẽm 13 17,Material,Steel & Metal,kg,13476.88,13476.88,13476.88,13476.88,1,VND,46.68,0.0035,9,9,建筑工程,Công trình lắp đặt chung - Tập 4 Lắp đặt thiết bị điện,,() ống thép
080205,sàn,Material,General,m2,308630.83,308630.83,308630.83,308630.83,1,VND,177339.27,0.5746,9,9,建筑工程,"hoàn thiện tường và cột, vách ngăn và tường rèm",tường mặt,bề mặt tường ốp lát trang trí
400060,vữa xây dựng DM10-MR,Material,Concrete & Cement,m3,1259213.78,1259213.78,1259213.78,1259213.78,1,VND,52886.98,0.042,9,9,建筑工程,công trình xây masonry,tường gạch,
850097,chiều cao AST300/3,Equipment,General,machine-shift,72013.86,72013.86,72013.86,72013.86,1,VND,84176.2,1.1689,9,9,建筑工程,Công trình lắp đặt chung - Tập 4 Lắp đặt thiết bị điện,đúc mẫu,
080018,U -hình thép mỏng nhẹ CB50-L,Material,Steel & Metal,pcs,843.59,843.59,843.59,843.59,1,VND,540.79,0.6411,9,9,建筑工程,công trình trần,trần giả,dầm trần
110004,sơn alkyd không sẵn pha trộn,Material,Paint & Coatings,kg,29628.56,29628.56,29628.56,29628.56,1,VND,1659.2,0.056,9,9,建筑工程,"hoàn thiện tường và cột, vách ngăn và tường rèm",vách ngăn,vách ngăn
090591,vách ngăn,Material,General,set,12345.23,12345.23,12345.23,12345.23,1,VND,55447.73,4.4914,9,9,建筑工程,"hoàn thiện tường và cột, vách ngăn và tường rèm",vách ngăn,vách ngăn
030002,gỗ xây dựng,Material,Wood & Timber,m3,4526585.47,4526585.47,4526585.47,4526585.47,1,VND,66239.03,0.0146,9,9,建筑工程,"hoàn thiện tường và cột, vách ngăn và tường rèm",vách ngăn,vách kính
810238,bê tông vữa (hợp chất),Material,Concrete & Cement,m3,987618.65,987618.65,987618.65,987618.65,1,VND,29299.35,0.0297,9,9,建筑工程,công trình bê tông và bê tông cốt thép,cột bê tông đúc tại chỗ,
800611,đinh,Equipment,General,machine-shift,23661.7,23661.7,23661.7,23661.7,1,VND,13408.29,0.5667,9,9,建筑工程,"hoàn thiện tường và cột, vách ngăn và tường rèm",công trình tường rèm,với tường rèm khung
800612,keo dán,Equipment,General,machine-shift,5925.71,5925.71,5925.71,5925.71,1,VND,4543.05,0.7667,9,9,建筑工程,"hoàn thiện tường và cột, vách ngăn và tường rèm",công trình tường rèm,với tường rèm khung
800101,cẩu trục xe tải hợp kim,Equipment,Cranes,machine-shift,1228556.45,1228556.45,1228556.45,1228556.45,1,VND,6552.37,0.0053,9,9,建筑工程,"hoàn thiện tường và cột, vách ngăn và tường rèm",công trình tường rèm,với tường rèm khung
080754,"tấm hợp kim nhôm mái, tường (khoảng cách liên kết 100mm bên trong)",Material,General,m,257192.36,257192.36,257192.36,257192.36,1,VND,259764.28,1.01,9,9,建筑工程,công trình lợp mái và chống thấm,đoạn nối chuyển động,joint chuyển động mái
080755,"tấm hợp kim nhôm mái, tường (chiều rộng mối nối 200mm trong)",Material,General,m,277767.74,277767.74,277767.74,277767.74,1,VND,280545.42,1.01,9,9,建筑工程,công trình lợp mái và chống thấm,đoạn nối chuyển động,joint chuyển động mái
080756,"tấm hợp kim nhôm mái, tường (chiều rộng mối nối 200mm vượt quá)",Material,General,m,308630.83,308630.83,308630.83,308630.83,1,VND,311717.14,1.01,9,9,建筑工程,công trình lợp mái và chống thấm,đoạn nối chuyển động,joint chuyển động mái
120051,ván ép phân chia bề mặt,Material,Wood & Timber,m2,195466.19,195466.19,195466.19,195466.19,1,VND,457912.13,2.3427,9,9,建筑工程,"hoàn thiện tường và cột, vách ngăn và tường rèm",vách ngăn,vách ngăn
110005,sơn dầu trộn sẵn alkyd,Material,Paint & Coatings,kg,35801.18,35801.18,35801.18,35801.18,1,VND,1253.04,0.035,9,9,建筑工程,"hoàn thiện tường và cột, vách ngăn và tường rèm",vách ngăn,vách ngăn
110143,đại lý giao diện,Material,General,kg,4135.65,4135.65,4135.65,4135.65,1,VND,1261.37,0.305,9,9,建筑工程,"hoàn thiện tường và cột, vách ngăn và tường rèm",trát trần (dầm) bề mặt vữa trát,bề mặt cột dầm trát vữa tổng quát
850216,QT-2A,Equipment,General,machine-shift,21110.35,21110.35,21110.35,21110.35,1,VND,5633.85,0.2669,9,9,建筑工程,"Công trình lắp đặt chung - Tập 6 Điều khiển tự động, instrumentation",khóa,
110271,lớp phủ,Material,General,kg,15431.54,15431.54,15431.54,15431.54,1,VND,6539.17,0.4238,9,9,建筑工程,"công việc sơn, phủ và giấy dán tường",phun sơn phun và quét sơn,lớp phủ hoàn thiện bề mặt tường
110612,lớp phủ bóng trên cùng rõ ràng,Material,General,kg,45265.85,45265.85,45265.85,45265.85,1,VND,7016.21,0.155,9,9,建筑工程,"công việc sơn, phủ và giấy dán tường",sơn trên bề mặt trát,sơn trên bề mặt trát
110037,kính,Material,General,kg,27776.77,27776.77,27776.77,27776.77,1,VND,572.2,0.0206,9,9,建筑工程,công trình hoàn thiện sàn,lớp hoàn thiện,
110272,sơn dầu emulsion,Material,Paint & Coatings,kg,16254.56,16254.56,16254.56,16254.56,1,VND,4024.96,0.2476,9,9,建筑工程,"công việc sơn, phủ và giấy dán tường",phun sơn phun và quét sơn,lớp phủ hoàn thiện trần
110505,sơn fluorocarbon dựa nước,Material,Paint & Coatings,kg,106992.02,106992.02,106992.02,106992.02,1,VND,63927.73,0.5975,8,8,建筑工程,"công việc sơn, phủ và giấy dán tường",phun sơn phun và quét sơn,lớp phủ hoàn thiện bề mặt tường
110611,sơn đá cẩm thạch,Material,Paint & Coatings,kg,61108.9,61108.9,61108.9,61108.9,1,VND,22044.99,0.3608,8,8,建筑工程,"công việc sơn, phủ và giấy dán tường",sơn trên bề mặt trát,sơn trên bề mặt trát
800401,đất nền loại 150,Equipment,General,machine-shift,309659.6,309659.6,309659.6,309659.6,1,VND,13108.92,0.0423,8,8,建筑工程,xử lý nền và gia cố mái dốc,hố móng,cọc thép hình
100396,sơn dầu polyurethane acrylic dung môi kim loại,Material,Steel & Metal,kg,30040.07,30040.07,30040.07,30040.07,1,VND,576.83,0.0192,8,8,建筑工程,"công việc sơn, phủ và giấy dán tường",sơn trên bề mặt trát,sơn trên bề mặt trát
100052,màng chống thấm poly PVC dày 1.5mm,Material,Waterproofing,m2,102876.94,102876.94,102876.94,102876.94,1,VND,109839.14,1.0677,8,8,建筑工程,công trình lợp mái và chống thấm,"bảo vệ chống thấm bề mặt tường, chống ẩm",màng chống thấm bề mặt tường
370021,cửa phân chia,Material,General,m2,185178.5,185178.5,185178.5,185178.5,1,VND,219436.52,1.185,8,8,建筑工程,"hoàn thiện tường và cột, vách ngăn và tường rèm",vách ngăn,vách ngăn
090489,vách ngăn hợp kim nhôm,Material,General,m2,370356.99,370356.99,370356.99,370356.99,1,VND,1506859.15,4.0687,8,8,建筑工程,"hoàn thiện tường và cột, vách ngăn và tường rèm",vách ngăn,vách ngăn
080115,Khung thép nhẹ T loại TB-1P,Material,Steel & Metal,pcs,781.86,781.86,781.86,781.86,1,VND,1535.34,1.9638,8,8,建筑工程,công trình trần,trần giả,dầm trần
080058,Sơn loại T keel TB24×28,Material,Paint & Coatings,m,10472.87,10472.87,10472.87,10472.87,1,VND,16397.86,1.5658,8,8,建筑工程,công trình trần,trần giả,dầm trần
170196,50,Material,General,m,17324.48,17324.48,17324.48,17324.48,1,VND,16273.49,0.9393,8,8,建筑工程,công trình lợp mái và chống thấm,kết cấu chống thấm mái và phụ kiện,mái nhà ()
850036,TEK1230C64,Equipment,General,machine-shift,296409.05,296409.05,296409.05,296409.05,1,VND,469623.08,1.5844,8,8,建筑工程,"Công trình lắp đặt chung - Tập 6 Điều khiển tự động, instrumentation",,
850219,HD-,Equipment,General,machine-shift,22756.38,22756.38,22756.38,22756.38,1,VND,29867.75,1.3125,8,8,建筑工程,"Công trình lắp đặt chung - Tập 6 Điều khiển tự động, instrumentation",,
080082,Sơn loại T keel TB24×38,Material,Paint & Coatings,m,10493.45,10493.45,10493.45,10493.45,1,VND,16345.81,1.5577,8,8,建筑工程,công trình trần,trần giả,dầm trần
080181,gạch lát mặt phẳng trang trí bằng kính,Material,Glass,m2,226329.27,226329.27,226329.27,226329.27,1,VND,233119.15,1.03,8,8,建筑工程,"hoàn thiện tường và cột, vách ngăn và tường rèm",tường mặt,bề mặt tường ốp lát trang trí
080180,gạch lát mặt phẳng trang trí bằng kính,Material,Glass,m2,329206.22,329206.22,329206.22,329206.22,1,VND,339082.4,1.03,8,8,建筑工程,"hoàn thiện tường và cột, vách ngăn và tường rèm",tường mặt,bề mặt tường ốp lát trang trí
090382,đệm thép không gỉ 2mm,Material,Steel & Metal,m,3497.82,3497.82,3497.82,3497.82,1,VND,5943.05,1.6991,8,8,建筑工程,"hoàn thiện tường và cột, vách ngăn và tường rèm",tường mặt,bề mặt tường ốp lát trang trí
080183,bệ mặt trang trí bằng kính,Material,Glass,m2,658412.43,658412.43,658412.43,658412.43,1,VND,678164.8,1.03,8,8,建筑工程,"hoàn thiện tường và cột, vách ngăn và tường rèm",tường mặt,bề mặt tường ốp lát trang trí
080054,T -shaped aluminium alloy keel TB24×38,Material,General,m,9876.19,9876.19,9876.19,9876.19,1,VND,15384.37,1.5577,8,8,建筑工程,công trình trần,trần giả,dầm trần
080055,Khung xương hợp kim nhôm hình T TB24×28,Material,General,m,8497.64,8497.64,8497.64,8497.64,1,VND,13305.18,1.5658,8,8,建筑工程,công trình trần,trần giả,dầm trần
080067,T -hình thép mỏng nhẹ dạng thép hình TB23×32,Material,Steel & Metal,m,11028.41,11028.41,11028.41,11028.41,1,VND,20566.01,1.8648,8,8,建筑工程,công trình trần,trần giả,dầm trần
800250,máy hàn đai 75kVA,Equipment,Welding Equip.,machine-shift,43208.32,43208.32,43208.32,43208.32,1,VND,14798.85,0.3425,8,8,建筑工程,công trình bê tông và bê tông cốt thép,công trình thép gia cố,
050018,kính 10mm,Material,Glass,m2,588456.11,588456.11,588456.11,588456.11,1,VND,723801.02,1.23,8,8,建筑工程,công trình trần,trần giả,lớp hoàn thiện trần
080232,tấm thạch cao mặt giấy 9.5 dày,Material,Wood & Timber,m2,23661.7,23661.7,23661.7,23661.7,1,VND,16539.53,0.699,8,8,建筑工程,công trình trần,trần giả,lớp hoàn thiện trần
080068,Khung thép mỏng T hình TB23×26,Material,Steel & Metal,m,10472.87,10472.87,10472.87,10472.87,1,VND,14841.97,1.4172,8,8,建筑工程,công trình trần,trần giả,dầm trần
460098,với,Material,General,bình,24690.47,24690.47,24690.47,24690.47,1,VND,135797.56,5.5,8,8,建筑工程,Công trình lắp đặt chung - Tập 5 Hệ thống thông minh tòa nhà,,"kèm theo, kèm theo lắp đặt"
110736,95%,Material,General,kg,16460.31,16460.31,16460.31,16460.31,1,VND,26130.74,1.5875,8,8,建筑工程,Công trình lắp đặt chung - Tập 4 Lắp đặt thiết bị điện,điện năng,
110793,tấm polyurethane,Material,General,m3,1131646.37,1131646.37,1131646.37,1131646.37,1,VND,25433.75,0.0225,8,8,建筑工程,công trình cách nhiệt và chống ăn mòn,,trần
010037,tấm thép mạ kẽm 1.0 1.5,Material,Steel & Metal,kg,11295.89,11295.89,11295.89,11295.89,1,VND,136821.45,12.1125,8,8,建筑工程,Công trình lắp đặt chung - Tập 7 Thông gió và điều hòa không khí,,
800618,sơn,Equipment,General,machine-shift,71602.35,71602.35,71602.35,71602.35,1,VND,1029.28,0.0144,8,8,建筑工程,"Công trình lắp đặt chung - T.12 Sơn, chống ăn mòn, cách nhiệt",chổi quét hình chữ nhật,
030137,bệ đỡ sàn gỗ,Material,Wood & Timber,m2,370356.99,370356.99,370356.99,370356.99,1,VND,430883.91,1.1634,8,8,建筑工程,công trình hoàn thiện sàn,lớp hoàn thiện,bệ đỡ sàn gỗ
120003,sàn,Material,General,m2,82301.55,82301.55,82301.55,82301.55,1,VND,121275.45,1.4736,8,8,建筑工程,công trình hoàn thiện sàn,lớp hoàn thiện cầu thang bộ,khung
120002,đất nền,Material,General,m,9012.02,9012.02,9012.02,9012.02,1,VND,4156.85,0.4613,8,8,建筑工程,công trình hoàn thiện sàn,lớp hoàn thiện,sàn
850035,MG9001A,Equipment,General,machine-shift,89996.75,89996.75,89996.75,89996.75,1,VND,282139.81,3.135,8,8,建筑工程,Công trình lắp đặt chung - T.11 Thiết bị truyền thông và đường dây,,
850076,PCM,Equipment,General,machine-shift,1501509.55,1501509.55,1501509.55,1501509.55,1,VND,1144901.03,0.7625,8,8,建筑工程,Công trình lắp đặt chung - T.11 Thiết bị truyền thông và đường dây,khung (bao gồm v.v.),
010121,dây thép,Material,Steel & Metal,kg,10822.65,10822.65,10822.65,10822.65,1,VND,3517.36,0.325,8,8,建筑工程,Công trình lắp đặt chung - T.11 Thiết bị truyền thông và đường dây,,điện năng ()
090343,thép không gỉ 20,Material,Steel & Metal,pcs,18723.6,18723.6,18723.6,18723.6,1,VND,158953.11,8.4894,8,8,建筑工程,các công trình trang trí khác,"tay vịn, lan can, tấm lan can trang trí","tay vịn kim loại, lan can, tấm lan can"
110503,dung môi phủ bóng dính keo,Material,General,kg,43208.32,43208.32,43208.32,43208.32,1,VND,509.86,0.0118,8,8,建筑工程,"công việc sơn, phủ và giấy dán tường",,"sơn cửa kim loại, cửa sổ"
070140,dải hợp kim nhôm rộng (30mm within),Material,General,m,12345.23,12345.23,12345.23,12345.23,1,VND,4104.79,0.3325,8,8,建筑工程,các công trình trang trí khác,phần trang trí phù điêu,phào trang trí kim loại
090352,thép không gỉ 75,Material,Steel & Metal,pcs,37447.21,37447.21,37447.21,37447.21,1,VND,28553.5,0.7625,8,8,建筑工程,các công trình trang trí khác,"tay vịn, lan can, tấm lan can trang trí","tay vịn kim loại, lan can, tấm lan can"
850230,"1310/1550nm, 0 60dB",Equipment,General,machine-shift,203696.35,203696.35,203696.35,203696.35,1,VND,47529.15,0.2333,8,8,建筑工程,Công trình lắp đặt chung - T.11 Thiết bị truyền thông và đường dây,,
090437,cửa,Material,General,set,30863.08,30863.08,30863.08,30863.08,1,VND,27200.66,0.8813,8,8,建筑工程,công trình cửa và cửa sổ,lắp đặt thiết bị,vách ngăn thành phẩm
100394,sơn đá,Material,Paint & Coatings,kg,63166.44,63166.44,63166.44,63166.44,1,VND,14594.64,0.231,8,8,建筑工程,"công việc sơn, phủ và giấy dán tường",sơn trên bề mặt trát,sơn trên bề mặt trát
100399,lớp,Material,General,kg,39504.75,39504.75,39504.75,39504.75,1,VND,94058.85,2.381,8,8,建筑工程,"công việc sơn, phủ và giấy dán tường",sơn trên bề mặt trát,sơn trên bề mặt trát
080182,gạch lát mặt phẳng trang trí bằng kính,Material,Glass,m2,576110.88,576110.88,576110.88,576110.88,1,VND,593394.2,1.03,8,8,建筑工程,"hoàn thiện tường và cột, vách ngăn và tường rèm",tường mặt,bề mặt tường ốp lát trang trí
080192,kính phản chiếu bóng 6mm,Material,Glass,m2,201638.81,201638.81,201638.81,201638.81,1,VND,241563.29,1.198,8,8,建筑工程,"hoàn thiện tường và cột, vách ngăn và tường rèm",tường mặt,bề mặt tường ốp lát trang trí
150088,điện khô 1,Material,General,đơn vị,4115.08,4115.08,4115.08,4115.08,1,VND,1713929.86,416.5,8,8,建筑工程,Công trình lắp đặt chung - Tập 9 Phòng cháy chữa cháy,,
150145,dòng chảy nhôm,Material,General,kg,107609.28,107609.28,107609.28,107609.28,1,VND,1614.14,0.015,8,8,建筑工程,công trình lợp mái và chống thấm,kết cấu chống thấm mái và phụ kiện,màng chống thấm mái
100268,Lớp màng chống thấm PSS 0.5mm,Material,Waterproofing,m2,318918.52,318918.52,318918.52,318918.52,1,VND,328486.08,1.03,8,8,建筑工程,công trình lợp mái và chống thấm,kết cấu chống thấm mái và phụ kiện,màng chống thấm mái
810172,keo dán than đá,Material,General,m3,32920621.59,32920621.59,32920621.59,32920621.59,1,VND,230444.35,0.007,8,8,建筑工程,công trình cách nhiệt và chống ăn mòn,lớp hoàn thiện chống ăn mòn,lớp hoàn thiện chống ăn mòn mặt ngoài
850003,điện năng JH1741/05,Equipment,General,machine-shift,18126.92,18126.92,18126.92,18126.92,1,VND,512085.41,28.25,8,8,建筑工程,Công trình lắp đặt chung - Tập 9 Phòng cháy chữa cháy,,
010062,ống thép mạ kẽm 125,Material,Steel & Metal,m,156784.46,156784.46,156784.46,156784.46,1,VND,177068.45,1.1294,8,8,建筑工程,Công trình lắp đặt chung - Tập 4 Lắp đặt thiết bị điện,,lắp đặt chế tạo điện
280260,Ống thép mạ kẽm nối 25,Material,Steel & Metal,pcs,3333.21,3333.21,3333.21,3333.21,1,VND,549.36,0.1648,8,8,建筑工程,Công trình lắp đặt chung - Tập 4 Lắp đặt thiết bị điện,,ống thép mạ kẽm
280261,Ống thép mạ kẽm nối 32,Material,Steel & Metal,pcs,5020.39,5020.39,5020.39,5020.39,1,VND,827.34,0.1648,8,8,建筑工程,Công trình lắp đặt chung - Tập 4 Lắp đặt thiết bị điện,,ống thép mạ kẽm
090928,lắp thép,Material,Steel & Metal,set,7201.39,7201.39,7201.39,7201.39,1,VND,36727.07,5.1,8,8,建筑工程,công trình lợp mái và chống thấm,kết cấu chống thấm mái và phụ kiện,màng chống thấm mái
110335,thạch cao,Material,General,kg,3127.46,3127.46,3127.46,3127.46,1,VND,1824.88,0.5835,8,8,建筑工程,"hoàn thiện tường và cột, vách ngăn và tường rèm",tường mặt,bề mặt tường ốp lát trang trí
090924,tấm thép mạ kẽm U loại beading 1.5mm,Material,Steel & Metal,m,13374.0,13374.0,13374.0,13374.0,1,VND,722.2,0.054,8,8,建筑工程,công trình lợp mái và chống thấm,kết cấu chống thấm mái và phụ kiện,màng chống thấm mái
170630,15 25,Material,General,pcs,164.6,164.6,164.6,164.6,1,VND,339.08,2.06,8,8,建筑工程,Công trình lắp đặt chung - Tập 4 Lắp đặt thiết bị điện,lắp đặt khuôn mẫu,
090183,đinh thép mạ kẽm,Material,Wood & Timber,pcs,82.3,82.3,82.3,82.3,1,VND,184.28,2.2391,8,8,建筑工程,Công trình lắp đặt chung - Tập 4 Lắp đặt thiết bị điện,lắp đặt khuôn mẫu,PVC
090247,lưới tấm nhôm,Material,General,m2,30863.08,30863.08,30863.08,30863.08,1,VND,24536.15,0.795,8,8,建筑工程,"hoàn thiện tường và cột, vách ngăn và tường rèm",tường mặt,bề mặt tường ốp lát trang trí
090355,tấm hợp kim nhôm trang trí,Material,General,m2,288055.44,288055.44,288055.44,288055.44,1,VND,292606.71,1.0158,8,8,建筑工程,"hoàn thiện tường và cột, vách ngăn và tường rèm",tường mặt,bề mặt tường ốp lát trang trí
110443,chiều cao,Material,General,kg,16048.8,16048.8,16048.8,16048.8,1,VND,179139.96,11.1622,8,8,建筑工程,công trình lợp mái và chống thấm,,hồ sơ và các mục khác mái
280259,Ống thép mạ kẽm nối 20,Material,Steel & Metal,pcs,2386.75,2386.75,2386.75,2386.75,1,VND,393.4,0.1648,8,8,建筑工程,Công trình lắp đặt chung - Tập 4 Lắp đặt thiết bị điện,,ống thép mạ kẽm
280258,Ống thép mạ kẽm nối 15,Material,Steel & Metal,pcs,1213.95,1213.95,1213.95,1213.95,1,VND,199.99,0.1648,8,8,建筑工程,Công trình lắp đặt chung - Tập 4 Lắp đặt thiết bị điện,,ống thép mạ kẽm
090929,dây đeo,Material,General,kg,51438.47,51438.47,51438.47,51438.47,1,VND,4372.27,0.085,8,8,建筑工程,công trình lợp mái và chống thấm,kết cấu chống thấm mái và phụ kiện,màng chống thấm mái
850100,"điện, điện HJ-12E",Equipment,General,machine-shift,26130.74,26130.74,26130.74,26130.74,1,VND,26130.74,1.0,8,8,建筑工程,Công trình lắp đặt chung - Tập 4 Lắp đặt thiết bị điện,độ cao điện,điện năng
850001,TDJC-S-1,Equipment,General,machine-shift,41150.78,41150.78,41150.78,41150.78,1,VND,126538.64,3.075,8,8,建筑工程,Công trình lắp đặt chung - Tập 9 Phòng cháy chữa cháy,,
040032,Gạch DM1 190×240×90,Material,General,pcs,1810.63,1810.63,1810.63,1810.63,1,VND,247522.75,136.705,8,8,建筑工程,công trình xây masonry,,
040036,Gạch DMp 190×90×40,Material,General,pcs,432.08,432.08,432.08,432.08,1,VND,19478.31,45.08,8,8,建筑工程,công trình xây masonry,,
850004,điện năng WYK-6005,Equipment,General,machine-shift,56170.81,56170.81,56170.81,56170.81,1,VND,1586825.4,28.25,8,8,建筑工程,Công trình lắp đặt chung - Tập 9 Phòng cháy chữa cháy,,
090493,20 mạ kẽm,Material,General,pcs,1111.07,1111.07,1111.07,1111.07,1,VND,9066.34,8.16,8,8,建筑工程,Công trình lắp đặt chung - Tập 4 Lắp đặt thiết bị điện,lắp đặt khô,
800167,phun bê tông 5m3/h,Equipment,General,machine-shift,49586.69,49586.69,49586.69,49586.69,1,VND,1897.31,0.0383,8,8,建筑工程,xử lý nền và gia cố mái dốc,hố móng,"phun bê tông, vữa xi măng"
090001,composite 25 trong,Material,General,pcs,2098.69,2098.69,2098.69,2098.69,1,VND,2161.65,1.03,8,8,建筑工程,"Công việc lắp đặt chung - Vol.10 Cung cấp nước, thoát nước, sưởi ấm, khí",lắp đặt hệ thống cấp nước,
110008,sơn,Material,Paint & Coatings,kg,32097.61,32097.61,32097.61,32097.61,1,VND,1600.29,0.0499,8,8,建筑工程,công trình kết cấu gỗ,gỗ cấu kiện kết cấu,đá nền
030087,gỗ xây dựng,Material,Wood & Timber,m3,2156300.71,2156300.71,2156300.71,2156300.71,1,VND,204848.57,0.095,8,8,建筑工程,Công trình lắp đặt chung - Tập 4 Lắp đặt thiết bị điện,,
090142,được mạ kẽm với bu lông 20×(85 100),Material,Fasteners,set,7345.41,7345.41,7345.41,7345.41,1,VND,29969.29,4.08,8,8,建筑工程,Công trình lắp đặt chung - Tập 4 Lắp đặt thiết bị điện,lắp đặt khô,
110478,sơn fluorocarbon kim loại lớp phủ trên cùng,Material,Steel & Metal,kg,185178.5,185178.5,185178.5,185178.5,1,VND,35183.91,0.19,8,8,建筑工程,"công việc sơn, phủ và giấy dán tường",,"sơn cửa kim loại, cửa sổ"
060084,loại độ dày tường ốp lát (7 9mm) mỗi đơn vị diện tích 0.06m2 trong phạm vi,Material,General,m2,164603.11,164603.11,164603.11,164603.11,1,VND,162298.66,0.986,8,8,建筑工程,"hoàn thiện tường và cột, vách ngăn và tường rèm",lớp mặt tường chắn,bề mặt tường đối diện khối
060083,gạch ốp tường loại (5 6mm) mỗi m2 diện tích 0.06m2 ngoài,Material,General,m2,164603.11,164603.11,164603.11,164603.11,1,VND,163780.09,0.995,8,8,建筑工程,"hoàn thiện tường và cột, vách ngăn và tường rèm",lớp mặt tường chắn,bề mặt tường đối diện khối
060082,gạch ốp tường loại (5 6mm) mỗi diện tích đơn vị 0.06m2 trong,Material,General,m2,164603.11,164603.11,164603.11,164603.11,1,VND,162298.66,0.986,8,8,建筑工程,"hoàn thiện tường và cột, vách ngăn và tường rèm",lớp mặt tường chắn,bề mặt tường đối diện khối
040206,gạch đá xây tường,Material,General,m2,185178.5,185178.5,185178.5,185178.5,1,VND,175456.63,0.9475,8,8,建筑工程,"hoàn thiện tường và cột, vách ngăn và tường rèm",lớp mặt tường chắn,bề mặt tường đối diện khối
360027,điện năng HPYV-ZR10×2×0.5,Material,General,m,5966.86,5966.86,5966.86,5966.86,1,VND,60862.0,10.2,8,8,建筑工程,Công trình lắp đặt chung - T.11 Thiết bị truyền thông và đường dây,,
110479,"sơn phủ fluorocarbon kim loại, dung môi",Material,Steel & Metal,kg,41562.28,41562.28,41562.28,41562.28,1,VND,236.82,0.0057,8,8,建筑工程,"công việc sơn, phủ và giấy dán tường",,"sơn cửa kim loại, cửa sổ"
090249,dây đeo,Material,General,m,13991.26,13991.26,13991.26,13991.26,1,VND,31200.52,2.23,8,8,建筑工程,công trình hoàn thiện sàn,lát lát sàn,
060085,loại độ dày tường ốp lát (7 9mm) mỗi đơn vị diện tích 0.06m2 vượt quá,Material,General,m2,164603.11,164603.11,164603.11,164603.11,1,VND,163780.09,0.995,8,8,建筑工程,"hoàn thiện tường và cột, vách ngăn và tường rèm",lớp mặt tường chắn,bề mặt tường đối diện khối
090177,đinh đóng gỗ,Material,Wood & Timber,pcs,61.73,61.73,61.73,61.73,1,VND,465.72,7.545,8,8,建筑工程,Công trình lắp đặt chung - Tập 4 Lắp đặt thiết bị điện,"lắp đặt (030904004, 030904005)",
090570,thép mạ 5,Material,General,pcs,308.63,308.63,308.63,308.63,1,VND,1259.21,4.08,8,8,建筑工程,Công trình lắp đặt chung - Tập 4 Lắp đặt thiết bị điện,,
060050,gạch lát mặt tường 0.06m2 vượt quá,Material,General,m2,185178.5,185178.5,185178.5,185178.5,1,VND,177539.88,0.9588,8,8,建筑工程,"hoàn thiện tường và cột, vách ngăn và tường rèm",lát nền (dầm) mặt bàn ốp lát,bề mặt tường cột
060086,loại sản phẩm hoàn thiện đá lát 5mm,Material,General,m2,288055.44,288055.44,288055.44,288055.44,1,VND,295256.82,1.025,8,8,建筑工程,"hoàn thiện tường và cột, vách ngăn và tường rèm",lát nền (dầm) mặt bàn ốp lát,bề mặt cột lát đá
050024,dải kính,Material,Glass,m,411.51,411.51,411.51,411.51,1,VND,917.66,2.23,8,8,建筑工程,công trình hoàn thiện sàn,lát lát sàn,
110615,sơn chống thấm,Material,Paint & Coatings,kg,74482.91,74482.91,74482.91,74482.91,1,VND,14524.17,0.195,8,8,建筑工程,"công việc sơn, phủ và giấy dán tường",,"sơn cửa kim loại, cửa sổ"
800016,máy bơm chìm 100,Equipment,Pumps,machine-shift,25924.99,25924.99,25924.99,25924.99,1,VND,17409.37,0.6715,8,8,建筑工程,công trình đóng cọc,cọc khoan,nước
010146,thép,Material,Steel & Metal,pcs,14135.29,14135.29,14135.29,14135.29,1,VND,955.86,0.0676,8,8,建筑工程,Công trình lắp đặt chung - Tập 4 Lắp đặt thiết bị điện,,
220004,cắt nối 20,Material,General,pcs,9814.46,9814.46,9814.46,9814.46,1,VND,14868.91,1.515,8,8,建筑工程,"Công việc lắp đặt chung - Vol.10 Cung cấp nước, thoát nước, sưởi ấm, khí",lắp đặt hệ thống cấp nước,
090704,ống thép sơn,Material,Steel & Metal,m,20575.39,20575.39,20575.39,20575.39,1,VND,144393.96,7.0178,8,8,建筑工程,các công trình trang trí khác,"tay vịn, lan can, tấm lan can trang trí","tay vịn kim loại, lan can, tấm lan can"
090367,75,Material,General,pcs,78186.48,78186.48,78186.48,78186.48,1,VND,59617.19,0.7625,8,8,建筑工程,các công trình trang trí khác,"tay vịn, lan can, tấm lan can trang trí","tay vịn kim loại, lan can, tấm lan can"
090348,Lan canh inox 20,Material,Steel & Metal,m,61520.41,61520.41,61520.41,61520.41,1,VND,431737.9,7.0178,8,8,建筑工程,các công trình trang trí khác,"tay vịn, lan can, tấm lan can trang trí","tay vịn kim loại, lan can, tấm lan can"
090366,50,Material,General,pcs,75923.18,75923.18,75923.18,75923.18,1,VND,98316.72,1.295,8,8,建筑工程,các công trình trang trí khác,"tay vịn, lan can, tấm lan can trang trí","tay vịn kim loại, lan can, tấm lan can"
090350,Lan canh inox 50,Material,Steel & Metal,m,162545.57,162545.57,162545.57,162545.57,1,VND,193908.74,1.193,8,8,建筑工程,các công trình trang trí khác,"tay vịn, lan can, tấm lan can trang trí","tay vịn kim loại, lan can, tấm lan can"
090368,20,Material,General,pcs,31274.59,31274.59,31274.59,31274.59,1,VND,265504.09,8.4894,8,8,建筑工程,các công trình trang trí khác,"tay vịn, lan can, tấm lan can trang trí","tay vịn kim loại, lan can, tấm lan can"
090499,20 mạ kẽm,Material,General,pcs,267.48,267.48,267.48,267.48,1,VND,1091.32,4.08,8,8,建筑工程,Công trình lắp đặt chung - Tập 4 Lắp đặt thiết bị điện,lắp đặt khô,
090372,Lan can 50,Material,General,m,380027.43,380027.43,380027.43,380027.43,1,VND,453353.69,1.193,8,8,建筑工程,các công trình trang trí khác,"tay vịn, lan can, tấm lan can trang trí","tay vịn kim loại, lan can, tấm lan can"
100395,sơn acrylic kim loại trung bình pha loãng,Material,Steel & Metal,kg,34360.9,34360.9,34360.9,34360.9,1,VND,724.97,0.0211,8,8,建筑工程,"công việc sơn, phủ và giấy dán tường",sơn trên bề mặt trát,sơn trên bề mặt trát
800164,bê tông,Equipment,General,machine-shift,847706.01,847706.01,847706.01,847706.01,1,VND,66290.61,0.0782,7,7,建筑工程,xử lý nền và gia cố mái dốc,,
090321,khóa,Material,General,pcs,139912.64,139912.64,139912.64,139912.64,1,VND,139912.64,1.0,7,7,建筑工程,công trình cửa và cửa sổ,lắp đặt thiết bị,
170716,poly,Material,General,kg,38475.98,38475.98,38475.98,38475.98,1,VND,3847.6,0.1,7,7,建筑工程,Công trình lắp đặt chung - T.11 Thiết bị truyền thông và đường dây,,
120020,dây đeo,Material,General,m,864.17,864.17,864.17,864.17,1,VND,5366.01,6.2094,7,7,建筑工程,công trình hoàn thiện sàn,lớp hoàn thiện,đá lát nền đất điện
050005,gạch kính 190×190×95,Material,Glass,pcs,30863.08,30863.08,30863.08,30863.08,1,VND,827902.19,26.825,7,7,建筑工程,"hoàn thiện tường và cột, vách ngăn và tường rèm",vách ngăn,vách kính
400403,xi măng than đá sỏi nghiền trộn,Material,Concrete & Cement,m3,715612.01,715612.01,715612.01,715612.01,1,VND,926109.24,1.2942,7,7,建筑工程,xử lý nền và gia cố mái dốc,,
080099,T -hình đuôi cá 3.5,Material,General,pcs,2633.65,2633.65,2633.65,2633.65,1,VND,3433.62,1.3038,7,7,建筑工程,công trình trần,trần giả,dầm trần
080014,Khung thép mỏng U hình CS50×15,Material,Steel & Metal,m,15637.3,15637.3,15637.3,15637.3,1,VND,79483.55,5.083,7,7,建筑工程,công trình trần,trần giả,dầm trần
850010,PAS5633,Equipment,General,machine-shift,9073.75,9073.75,9073.75,9073.75,1,VND,101366.71,11.1714,7,7,建筑工程,Công trình lắp đặt chung - Tập 5 Hệ thống thông minh tòa nhà,,
850023,BX-14A,Equipment,General,machine-shift,47652.6,47652.6,47652.6,47652.6,1,VND,15487.09,0.325,7,7,建筑工程,"Công trình lắp đặt chung - Tập 6 Điều khiển tự động, instrumentation",,đơn
800610,điện năng,Equipment,General,machine-shift,304104.24,304104.24,304104.24,304104.24,1,VND,3475.48,0.0114,7,7,建筑工程,"hoàn thiện tường và cột, vách ngăn và tường rèm",công trình tường rèm,tường kính rèm
091019,bulong móc đất 24×(150 300),Material,Fasteners,set,16048.8,16048.8,16048.8,16048.8,1,VND,65479.12,4.08,7,7,建筑工程,Công trình lắp đặt chung - Tập 7 Thông gió và điều hòa không khí,lắp đặt,lắp đặt () hỗn hợp
110308,keo dán,Material,General,kg,108638.05,108638.05,108638.05,108638.05,1,VND,32953.54,0.3033,7,7,建筑工程,công trình lợp mái và chống thấm,kết cấu chống thấm mái và phụ kiện,mái nhà ()
100039,dải keo dán,Material,General,m,14402.77,14402.77,14402.77,14402.77,1,VND,12381.1,0.8596,7,7,建筑工程,"hoàn thiện tường và cột, vách ngăn và tường rèm",vách ngăn,vách kính
110001,sơn dầu alkyd,Material,Paint & Coatings,kg,39093.24,39093.24,39093.24,39093.24,1,VND,12378.04,0.3166,7,7,建筑工程,"công việc sơn, phủ và giấy dán tường",sơn trên bề mặt trát,sơn trên bề mặt trát
120047,gạch trang trí,Material,General,m2,64195.21,64195.21,64195.21,64195.21,1,VND,71299.48,1.1107,7,7,建筑工程,"hoàn thiện tường và cột, vách ngăn và tường rèm",tường mặt,bề mặt tường ốp lát trang trí
850103,AI-6000D,Equipment,General,machine-shift,331675.26,331675.26,331675.26,331675.26,1,VND,2061361.76,6.215,7,7,建筑工程,Công trình lắp đặt chung - Tập 4 Lắp đặt thiết bị điện,điện năng,
850122,điện năng JINDAHLC5501,Equipment,General,machine-shift,73659.89,73659.89,73659.89,73659.89,1,VND,88286.64,1.1986,7,7,建筑工程,Công trình lắp đặt chung - Tập 4 Lắp đặt thiết bị điện,điện năng,"10kV, đơn"
080135,dầm trần treo LB35-1P,Material,General,pcs,1316.82,1316.82,1316.82,1316.82,1,VND,873.63,0.6634,7,7,建筑工程,công trình trần,trần giả,trần thạch cao treo
080251,dạng dẹp,Material,General,m,40945.02,40945.02,40945.02,40945.02,1,VND,395777.89,9.6661,7,7,建筑工程,công trình trần,trần giả,trần thạch cao treo
080134,dầm trần treo LB25×40,Material,General,m,10184.82,10184.82,10184.82,10184.82,1,VND,8847.62,0.8687,7,7,建筑工程,công trình trần,trần giả,trần thạch cao treo
850259,"10 s 1000s, 1 s",Equipment,General,machine-shift,15760.75,15760.75,15760.75,15760.75,1,VND,49533.78,3.1429,7,7,建筑工程,Công trình lắp đặt chung - Tập 5 Hệ thống thông minh tòa nhà,,
300038,giá đỡ thép góc mạ kẽm 50×50×5×910,Material,Steel & Metal,pcs,37447.21,37447.21,37447.21,37447.21,1,VND,75119.1,2.006,7,7,建筑工程,Công trình lắp đặt chung - Tập 4 Lắp đặt thiết bị điện,,lắp đặt
280064,(ống thép) 70,Material,Steel & Metal,pcs,1687.18,1687.18,1687.18,1687.18,1,VND,260.69,0.1545,7,7,建筑工程,Công trình lắp đặt chung - Tập 4 Lắp đặt thiết bị điện,,hàn thép ống
090538,ốc vít,Material,Fasteners,kg,16727.79,16727.79,16727.79,16727.79,1,VND,40968.04,2.4491,7,7,建筑工程,"Công việc lắp đặt chung - Vol.10 Cung cấp nước, thoát nước, sưởi ấm, khí",,lắp đặt giá đỡ
010407,đinh 19×100,Material,Fasteners,set,5761.11,5761.11,5761.11,5761.11,1,VND,5818.72,1.01,7,7,建筑工程,công trình kết cấu thép,dầm thép,
100272,màng chống thấm poly 0.7mm,Material,Waterproofing,m2,26748.01,26748.01,26748.01,26748.01,1,VND,32532.26,1.2162,7,7,建筑工程,công trình lợp mái và chống thấm,kết cấu chống thấm mái và phụ kiện,màng chống thấm mái
280264,ống thép mạ kẽm nối 70,Material,Steel & Metal,pcs,10719.78,10719.78,10719.78,10719.78,1,VND,1656.11,0.1545,7,7,建筑工程,Công trình lắp đặt chung - Tập 4 Lắp đặt thiết bị điện,,ống thép mạ kẽm
040046,Gạch ống rỗng KP1 180×115×90,Material,General,pcs,1728.33,1728.33,1728.33,1728.33,1,VND,47593.34,27.5371,7,7,建筑工程,công trình xây masonry,,
040045,Gạch ống rỗng KP1 240×115×90,Material,General,pcs,1625.46,1625.46,1625.46,1625.46,1,VND,434335.69,267.2086,7,7,建筑工程,công trình xây masonry,,
280265,Ống thép mạ kẽm nối 80,Material,Steel & Metal,pcs,14814.28,14814.28,14814.28,14814.28,1,VND,2288.81,0.1545,7,7,建筑工程,Công trình lắp đặt chung - Tập 4 Lắp đặt thiết bị điện,,ống thép mạ kẽm
280266,Ống thép mạ kẽm nối 100,Material,Steel & Metal,pcs,23455.94,23455.94,23455.94,23455.94,1,VND,3623.94,0.1545,7,7,建筑工程,Công trình lắp đặt chung - Tập 4 Lắp đặt thiết bị điện,,ống thép mạ kẽm
190010,100,Material,General,pcs,3332801.43,3332801.43,3332801.43,3332801.43,1,VND,66656.03,0.02,7,7,建筑工程,Công trình lắp đặt chung - Tập 9 Phòng cháy chữa cháy,,
850120,TSGC-30kVA,Equipment,General,machine-shift,29628.56,29628.56,29628.56,29628.56,1,VND,40718.11,1.3743,7,7,建筑工程,Công trình lắp đặt chung - Tập 4 Lắp đặt thiết bị điện,điện năng,
400064,Vữa chống thấm poly SF,Material,Concrete & Cement,m3,1337400.25,1337400.25,1337400.25,1337400.25,1,VND,67003.75,0.0501,7,7,建筑工程,công trình lợp mái và chống thấm,kết cấu chống thấm mái và phụ kiện,kết cấu chống thấm mái nhà
020109,tường rỗng,Material,General,m3,452658.55,452658.55,452658.55,452658.55,1,VND,293904.73,0.6493,7,7,建筑工程,công trình xây masonry,tường gạch,
020097,block đặc biệt rỗng,Material,General,m3,493809.32,493809.32,493809.32,493809.32,1,VND,73126.11,0.1481,7,7,建筑工程,công trình xây masonry,tường gạch,
250005,"(with, with) 25MPa",Material,General,set,1210244.35,1210244.35,1210244.35,1210244.35,1,VND,48409.77,0.04,7,7,建筑工程,Công trình lắp đặt chung - Tập 9 Phòng cháy chữa cháy,,
800441,cẩu trục 50t,Equipment,Cranes,machine-shift,2394975.22,2394975.22,2394975.22,2394975.22,1,VND,58437.4,0.0244,7,7,建筑工程,công việc chuẩn bị và đo đạc công trình,vận chuyển thẳng đứng,vận chuyển thẳng đứng
800065,điện năng,Equipment,General,machine-shift,176948.34,176948.34,176948.34,176948.34,1,VND,38028.73,0.2149,7,7,建筑工程,"Công việc lắp đặt chung - Vol.10 Cung cấp nước, thoát nước, sưởi ấm, khí",,
090599,nut,Material,Fasteners,kg,19176.26,19176.26,19176.26,19176.26,1,VND,22841.15,1.1911,7,7,建筑工程,"Công việc lắp đặt chung - Vol.10 Cung cấp nước, thoát nước, sưởi ấm, khí",,lắp đặt giá đỡ
800523,Cọc 800T,Equipment,General,machine-shift,6847695.05,6847695.05,6847695.05,6847695.05,1,VND,445647.98,0.0651,7,7,建筑工程,công trình đóng cọc,,
010063,ống thép mạ kẽm 150,Material,Steel & Metal,m,193820.16,193820.16,193820.16,193820.16,1,VND,222062.53,1.1457,7,7,建筑工程,Công trình lắp đặt chung - Tập 4 Lắp đặt thiết bị điện,,lắp đặt chế tạo điện
090129,đinh tán mạ kẽm với bu lông 12×(40 60),Material,Fasteners,set,1543.15,1543.15,1543.15,1543.15,1,VND,11789.7,7.64,7,7,建筑工程,Công trình lắp đặt chung - Tập 4 Lắp đặt thiết bị điện,lắp đặt,
180018,đoạn nối mạ kẽm 15,Material,General,pcs,6666.43,6666.43,6666.43,6666.43,1,VND,11542.44,1.7314,7,7,建筑工程,"Công việc lắp đặt chung - Vol.10 Cung cấp nước, thoát nước, sưởi ấm, khí",nước,nước ()
810181,đá xi măng (đá),Material,Concrete & Cement,m3,658412.43,658412.43,658412.43,658412.43,1,VND,7045.01,0.0107,7,7,建筑工程,"hoàn thiện tường và cột, vách ngăn và tường rèm",trát vữa,trát tường trang trí
030122,bảng gỗ tròn 25×5,Material,Wood & Timber,m,7715.77,7715.77,7715.77,7715.77,1,VND,102871.06,13.3326,7,7,建筑工程,các công trình trang trí khác,,tường
070061,phần trang trí thép không gỉ mạ bóng 30mm trong,Material,Steel & Metal,m,34978.16,34978.16,34978.16,34978.16,1,VND,53691.48,1.535,7,7,建筑工程,các công trình trang trí khác,phần trang trí phù điêu,phào trang trí kim loại
060096,độ dày sản phẩm hoàn thiện đá lát 100mm,Material,General,m2,452658.55,452658.55,452658.55,452658.55,1,VND,461711.72,1.02,7,7,建筑工程,"hoàn thiện tường và cột, vách ngăn và tường rèm",lớp mặt tường chắn,bề mặt tường lát đá
110175,đổ keo nối,Material,General,kg,6584.12,6584.12,6584.12,6584.12,1,VND,311.84,0.0474,7,7,建筑工程,công trình hoàn thiện sàn,bước trang trí,lớp san phẳng
050021,kính float 12mm,Material,Glass,m2,137855.1,137855.1,137855.1,137855.1,1,VND,94430.75,0.685,7,7,建筑工程,công trình cửa và cửa sổ,,tường
030029,gỗ xây dựng,Material,Wood & Timber,m3,1234523.31,1234523.31,1234523.31,1234523.31,1,VND,4382.56,0.0036,7,7,建筑工程,xử lý nền và gia cố mái dốc,lớp hoàn thiện,bệ đỡ sàn gỗ
040001,gạch,Material,General,pcs,1193.37,1193.37,1193.37,1193.37,1,VND,136092.2,114.04,7,7,建筑工程,công trình hoàn thiện sàn,lớp hoàn thiện,bệ đỡ sàn gỗ
800282,với máy ủi 75kW,Equipment,Bulldozers,machine-shift,941529.78,941529.78,941529.78,941529.78,1,VND,7795.93,0.0083,7,7,建筑工程,đào đất và công trình đá,đắp đất lấp,đất lấp nền
110786,sơn chống rỉ,Material,Paint & Coatings,kg,46088.87,46088.87,46088.87,46088.87,1,VND,22552.82,0.4893,6,6,建筑工程,"Công trình lắp đặt chung - T.12 Sơn, chống ăn mòn, cách nhiệt",,
110073,men sứ,Material,Paint & Coatings,kg,61108.9,61108.9,61108.9,61108.9,1,VND,28395.27,0.4647,6,6,建筑工程,"Công trình lắp đặt chung - T.12 Sơn, chống ăn mòn, cách nhiệt",,
110294,lớp phủ,Material,General,kg,12571.56,12571.56,12571.56,12571.56,1,VND,1225.78,0.0975,6,6,建筑工程,"Công trình lắp đặt chung - T.12 Sơn, chống ăn mòn, cách nhiệt",,loại phủ
030073,nẹp gỗ (đinh),Material,Wood & Timber,m,2222.14,2222.14,2222.14,2222.14,1,VND,4988.71,2.245,6,6,建筑工程,công trình hoàn thiện sàn,lớp hoàn thiện,sàn
130008,50mm rộng chống kiềm,Material,General,m,164.6,164.6,164.6,164.6,1,VND,181.06,1.1,6,6,建筑工程,"công việc sơn, phủ và giấy dán tường",sơn trên bề mặt trát,sơn trên bề mặt trát
370240,cửa sổ tấm mặt tiền,Material,Glass,m,144027.72,144027.72,144027.72,144027.72,1,VND,144027.72,1.0,6,6,建筑工程,công trình cửa và cửa sổ,"cửa sổ, cửa sổ",
090320,khóa,Material,General,pcs,44854.35,44854.35,44854.35,44854.35,1,VND,44854.35,1.0,6,6,建筑工程,công trình cửa và cửa sổ,lắp đặt thiết bị,
090323,vị trí cửa,Material,General,pcs,45060.1,45060.1,45060.1,45060.1,1,VND,45060.1,1.0,6,6,建筑工程,công trình cửa và cửa sổ,lắp đặt thiết bị,
090325,sàn,Material,General,pcs,164603.11,164603.11,164603.11,164603.11,1,VND,164603.11,1.0,6,6,建筑工程,công trình cửa và cửa sổ,lắp đặt thiết bị,
090327,cửa,Material,General,pcs,30863.08,30863.08,30863.08,30863.08,1,VND,30863.08,1.0,6,6,建筑工程,công trình cửa và cửa sổ,lắp đặt thiết bị,
090329,sàn,Material,General,pcs,49380.93,49380.93,49380.93,49380.93,1,VND,49380.93,1.0,6,6,建筑工程,công trình cửa và cửa sổ,lắp đặt thiết bị,
090443,làm tròn,Material,General,pcs,329206.22,329206.22,329206.22,329206.22,1,VND,329206.22,1.0,6,6,建筑工程,công trình cửa và cửa sổ,lắp đặt thiết bị,
370190,bản lề loại cửa,Material,General,pcs,164603.11,164603.11,164603.11,164603.11,1,VND,164603.11,1.0,6,6,建筑工程,công trình cửa và cửa sổ,lắp đặt thiết bị,
370232,gỗ lát,Material,Wood & Timber,m2,246904.66,246904.66,246904.66,246904.66,1,VND,246904.66,1.0,6,6,建筑工程,công trình cửa và cửa sổ,cửa sổ cửa đi,
370233,cửa sổ thép không gỉ,Material,Steel & Metal,m2,1701584.63,1701584.63,1701584.63,1701584.63,1,VND,1701584.63,1.0,6,6,建筑工程,công trình cửa và cửa sổ,cửa sổ cửa đi,
370234,ván gỗ khối,Material,Wood & Timber,m2,205753.88,205753.88,205753.88,205753.88,1,VND,205753.88,1.0,6,6,建筑工程,công trình cửa và cửa sổ,cửa sổ cửa đi,
370235,cửa sổ thép không gỉ,Material,Steel & Metal,m2,1701584.63,1701584.63,1701584.63,1701584.63,1,VND,1701584.63,1.0,6,6,建筑工程,công trình cửa và cửa sổ,bệ cửa sổ,
370236,khoảng trống cửa sổ gỗ,Material,Wood & Timber,m2,246904.66,246904.66,246904.66,246904.66,1,VND,246904.66,1.0,6,6,建筑工程,công trình cửa và cửa sổ,bệ cửa sổ,
110777,làm phẳng thạch cao,Material,General,kg,2469.05,2469.05,2469.05,2469.05,1,VND,8.13,0.0033,6,6,建筑工程,"hoàn thiện tường và cột, vách ngăn và tường rèm",trát trần (dầm) bề mặt vữa trát,bề mặt cột dầm trát vữa tổng quát
810240,vữa trộn composite 1: 1: 4,Material,Concrete & Cement,m3,596686.27,596686.27,596686.27,596686.27,1,VND,1969.06,0.0033,6,6,建筑工程,"hoàn thiện tường và cột, vách ngăn và tường rèm",trát trần (dầm) bề mặt vữa trát,bề mặt cột dầm trát vữa tổng quát
110619,lớp phủ,Material,General,kg,41150.78,41150.78,41150.78,41150.78,1,VND,84770.6,2.06,6,6,建筑工程,công trình hoàn thiện sàn,,
180001,15 mạ kẽm,Material,General,pcs,1646.03,1646.03,1646.03,1646.03,1,VND,1662.49,1.01,6,6,建筑工程,"Công việc lắp đặt chung - Vol.10 Cung cấp nước, thoát nước, sưởi ấm, khí",nước,nước ()
390191,bê tông đúc sẵn nước 250,Material,Concrete & Cement,pcs,92589.25,92589.25,92589.25,92589.25,1,VND,53822.13,0.5813,6,6,建筑工程,công trình đóng cọc,cọc khoan,
010570,khuôn mẫu cốp pha,Material,General,kg,14402.77,14402.77,14402.77,14402.77,1,VND,47961.23,3.33,6,6,建筑工程,công trình đóng cọc,cọc khoan,
800013,cẩu điện đơn 1t,Equipment,Hoists,machine-shift,212132.26,212132.26,212132.26,212132.26,1,VND,90824.5,0.4282,6,6,建筑工程,công trình đóng cọc,cọc khoan,
060003,gạch lát sàn 0.16m2 vượt quá,Material,General,m2,160488.03,160488.03,160488.03,160488.03,1,VND,163697.79,1.02,6,6,建筑工程,công trình hoàn thiện sàn,lát lát sàn,
060039,loại đá lát 5mm,Material,General,m2,288055.44,288055.44,288055.44,288055.44,1,VND,293816.55,1.02,6,6,建筑工程,"hoàn thiện tường và cột, vách ngăn và tường rèm",lớp mặt tường chắn,bề mặt tường lát đá
130042,bao gói,Material,General,m3,452658.55,452658.55,452658.55,452658.55,1,VND,23085.59,0.051,6,6,建筑工程,công trình cách nhiệt và chống ăn mòn,,trần
130045,kính đóng gói,Material,Glass,m3,806555.23,806555.23,806555.23,806555.23,1,VND,41134.32,0.051,6,6,建筑工程,công trình cách nhiệt và chống ăn mòn,,trần
100037,keo dán 2,Material,General,m2,45677.36,45677.36,45677.36,45677.36,1,VND,2131.61,0.0467,6,6,建筑工程,Công trình lắp đặt chung - Tập 9 Phòng cháy chữa cháy,và lắp đặt điện (),
040033,Gạch DM2 190×190×90,Material,General,pcs,1646.03,1646.03,1646.03,1646.03,1,VND,311412.62,189.19,6,6,建筑工程,công trình xây masonry,,
040034,Gạch 190×140×90 DM3,Material,General,pcs,1440.28,1440.28,1440.28,1440.28,1,VND,260027.64,180.54,6,6,建筑工程,công trình xây masonry,,
040035,Gạch DM4 190×90×90,Material,General,pcs,1111.07,1111.07,1111.07,1111.07,1,VND,258696.21,232.835,6,6,建筑工程,công trình xây masonry,,
800233,159,Equipment,General,machine-shift,30451.57,30451.57,30451.57,30451.57,1,VND,1065.81,0.035,6,6,建筑工程,"Công việc lắp đặt chung - Vol.10 Cung cấp nước, thoát nước, sưởi ấm, khí",,lắp đặt gia công vuông ()
110475,đá,Material,General,kg,16460.31,16460.31,16460.31,16460.31,1,VND,27365.27,1.6625,6,6,建筑工程,"hoàn thiện tường và cột, vách ngăn và tường rèm",trát vữa,trát vữa trát trần chung
370237,cửa sổ tấm gỗ,Material,Wood & Timber,m2,205753.88,205753.88,205753.88,205753.88,1,VND,205753.88,1.0,6,6,建筑工程,công trình cửa và cửa sổ,bệ cửa sổ,
370186,cửa sổ (),Material,Glass,m2,113164.64,113164.64,113164.64,113164.64,1,VND,113164.64,1.0,6,6,建筑工程,công trình cửa và cửa sổ,"cửa sổ, cửa sổ",
370188,cửa sổ,Material,Glass,m,45265.85,45265.85,45265.85,45265.85,1,VND,45265.85,1.0,6,6,建筑工程,công trình cửa và cửa sổ,"cửa sổ, cửa sổ",
370189,cửa sổ hợp kim nhôm,Material,Glass,m,144027.72,144027.72,144027.72,144027.72,1,VND,144027.72,1.0,6,6,建筑工程,công trình cửa và cửa sổ,"cửa sổ, cửa sổ",
370238,cửa sổ gỗ,Material,Wood & Timber,m,195466.19,195466.19,195466.19,195466.19,1,VND,195466.19,1.0,6,6,建筑工程,công trình cửa và cửa sổ,"cửa sổ, cửa sổ",
370239,cửa sổ gỗ,Material,Wood & Timber,m,174890.8,174890.8,174890.8,174890.8,1,VND,174890.8,1.0,6,6,建筑工程,công trình cửa và cửa sổ,"cửa sổ, cửa sổ",
370197,cửa sổ điện,Material,Glass,set,16460310.8,16460310.8,16460310.8,16460310.8,1,VND,16460310.8,1.0,6,6,建筑工程,công trình cửa và cửa sổ,lắp đặt thiết bị,
110231,polyurethane,Material,General,pcs,29011.3,29011.3,29011.3,29011.3,1,VND,8935.48,0.308,6,6,建筑工程,công trình cửa và cửa sổ,,
370198,thép,Material,Steel & Metal,kg,12345.23,12345.23,12345.23,12345.23,1,VND,18517.85,1.5,6,6,建筑工程,công trình cửa và cửa sổ,,
370199,kính,Material,Glass,m2,925892.48,925892.48,925892.48,925892.48,1,VND,925892.48,1.0,6,6,建筑工程,công trình cửa và cửa sổ,,
110015,sơn lớp nền poly,Material,Paint & Coatings,kg,44854.35,44854.35,44854.35,44854.35,1,VND,2310.0,0.0515,6,6,建筑工程,"công việc sơn, phủ và giấy dán tường",sơn bề mặt gỗ,sơn sàn bê tông gỗ
110791,lớp phủ acrylic trên cùng,Material,General,kg,61726.17,61726.17,61726.17,61726.17,1,VND,18209.22,0.295,6,6,建筑工程,"công việc sơn, phủ và giấy dán tường",sơn bề mặt kim loại,"bề mặt kim loại, sơn kết cấu thép"
080270,tấm 50mm,Material,General,m2,267480.05,267480.05,267480.05,267480.05,1,VND,278179.25,1.04,6,6,建筑工程,công trình cách nhiệt và chống ăn mòn,,trần
080271,tấm 50mm,Material,General,m2,267480.05,267480.05,267480.05,267480.05,1,VND,278179.25,1.04,6,6,建筑工程,công trình cách nhiệt và chống ăn mòn,,trần
800041,sàn 2×1600,Equipment,General,machine-shift,21604.16,21604.16,21604.16,21604.16,1,VND,216.04,0.01,6,6,建筑工程,Công trình lắp đặt chung - Tập 7 Thông gió và điều hòa không khí,tường,
110126,chiều cao 40L,Material,General,chai,39298.99,39298.99,39298.99,39298.99,1,VND,76960.53,1.9583,6,6,建筑工程,Công trình lắp đặt chung - Tập 9 Phòng cháy chữa cháy,,
040038,90 độ dày bê tông loại block rỗng,Material,Concrete & Cement,m3,473233.94,473233.94,473233.94,473233.94,1,VND,440107.56,0.93,6,6,建筑工程,công trình xây masonry,tường gạch,
040039,190 độ dày bê tông loại block rỗng,Material,Concrete & Cement,m3,483521.63,483521.63,483521.63,483521.63,1,VND,449675.12,0.93,6,6,建筑工程,công trình xây masonry,tường gạch,
040040,190 độ dày với loại block rỗng bê tông trang trí,Material,Concrete & Cement,m3,907991.89,907991.89,907991.89,907991.89,1,VND,844432.46,0.93,6,6,建筑工程,công trình xây masonry,tường gạch,
040047,90 độ dày với loại block rỗng bê tông trang trí,Material,Concrete & Cement,m3,1180204.28,1180204.28,1180204.28,1180204.28,1,VND,1097589.98,0.93,6,6,建筑工程,công trình xây masonry,tường gạch,
020098,trát vữa tường rỗng,Material,General,m3,576110.88,576110.88,576110.88,576110.88,1,VND,466085.22,0.809,6,6,建筑工程,công trình xây masonry,tường gạch,
020099,trát vữa đặc biệt cho khối rỗng hình dạng đặc biệt,Material,General,m3,596686.27,596686.27,596686.27,596686.27,1,VND,113262.99,0.1898,6,6,建筑工程,công trình xây masonry,tường gạch,
020100,trát tường ốp trang trí,Material,General,m3,1018481.73,1018481.73,1018481.73,1018481.73,1,VND,823951.72,0.809,6,6,建筑工程,công trình xây masonry,tường gạch,
020101,trát tường trang trí đặc biệt hình khối,Material,General,m3,1069920.2,1069920.2,1069920.2,1069920.2,1,VND,203284.84,0.19,6,6,建筑工程,công trình xây masonry,tường gạch,
050004,tấm trang trí kính sàn (gạch),Material,Glass,m2,1028769.42,1028769.42,1028769.42,1028769.42,1,VND,1039057.12,1.01,6,6,建筑工程,công trình hoàn thiện sàn,lát lát sàn,
060038,loại đá lát sàn 8 12mm,Material,General,m2,308630.83,308630.83,308630.83,308630.83,1,VND,314803.44,1.02,6,6,建筑工程,"hoàn thiện tường và cột, vách ngăn và tường rèm",lớp mặt tường chắn,bề mặt tường lát đá
080743,gạch lát mặt tiền tấm trang trí,Material,General,m2,740713.99,740713.99,740713.99,740713.99,1,VND,777749.69,1.05,6,6,建筑工程,"hoàn thiện tường và cột, vách ngăn và tường rèm",tường mặt,bề mặt tường ốp lát trang trí
080740,sơn phủ fluorocarbon cho mặt phẳng tấm trang trí bằng hợp kim nhôm,Material,General,m2,925892.48,925892.48,925892.48,925892.48,1,VND,972187.11,1.05,6,6,建筑工程,"hoàn thiện tường và cột, vách ngăn và tường rèm",tường mặt,bề mặt tường ốp lát trang trí
100362,tấm dán dán 6,Material,General,kg,13168.25,13168.25,13168.25,13168.25,1,VND,1593.36,0.121,6,6,建筑工程,Công trình lắp đặt chung - Tập 7 Thông gió và điều hòa không khí,lắp đặt,lắp đặt
040073,gạch,Material,General,m3,65841.24,65841.24,65841.24,65841.24,1,VND,1514.35,0.023,6,6,建筑工程,công trình bê tông và bê tông cốt thép,bê tông cốt thép đúc sẵn tại chỗ,
400014,Bê tông đá C30,Material,Concrete & Cement,m3,894412.14,894412.14,894412.14,894412.14,1,VND,90857.35,0.1016,6,6,建筑工程,công trình bê tông và bê tông cốt thép,bê tông cốt thép đúc sẵn tại chỗ,
130114,dải keo bịt kín 8501,Material,Rubber,m,2263.29,2263.29,2263.29,2263.29,1,VND,2794.17,1.2346,6,6,建筑工程,Công trình lắp đặt chung - Tập 7 Thông gió và điều hòa không khí,,"lắp đặt tấm thép hình chữ nhật (1.2mm trong, )"
040080,đá lát mặt dressed 20 25,Material,General,m2,116250.94,116250.94,116250.94,116250.94,1,VND,119738.47,1.03,6,6,建筑工程,công trình xây masonry,đá xây dựng,
090461,đinh tán thép không gỉ 8,Material,Steel & Metal,pcs,390.93,390.93,390.93,390.93,1,VND,3480.84,8.904,6,6,建筑工程,"hoàn thiện tường và cột, vách ngăn và tường rèm",lát nền (dầm) mặt bàn ốp lát,bề mặt cột lát đá
091464,ống thép không gỉ T kiểu,Material,Steel & Metal,kg,49380.93,49380.93,49380.93,49380.93,1,VND,5273.88,0.1068,6,6,建筑工程,"hoàn thiện tường và cột, vách ngăn và tường rèm",tường mặt,bề mặt tường ốp lát trang trí
080298,Dầm kiểu Z,Material,General,m,18312.1,18312.1,18312.1,18312.1,1,VND,108370.98,5.918,6,6,建筑工程,công trình cách nhiệt và chống ăn mòn,,trần
090933,8 đinh,Material,Fasteners,set,2057.54,2057.54,2057.54,2057.54,1,VND,7975.02,3.876,6,6,建筑工程,công trình cách nhiệt và chống ăn mòn,,trần
080737,đá granite lát trang trí,Material,General,m2,925892.48,925892.48,925892.48,925892.48,1,VND,972187.11,1.05,6,6,建筑工程,"hoàn thiện tường và cột, vách ngăn và tường rèm",tường mặt,bề mặt tường ốp lát trang trí
080738,gạch trang trí,Material,General,m2,740713.99,740713.99,740713.99,740713.99,1,VND,777749.69,1.05,6,6,建筑工程,"hoàn thiện tường và cột, vách ngăn và tường rèm",tường mặt,bề mặt tường ốp lát trang trí
080741,lớp phủ mặt phẳng trang trí bề mặt tấm bình thường,Material,General,m2,576110.88,576110.88,576110.88,576110.88,1,VND,604916.42,1.05,6,6,建筑工程,"hoàn thiện tường và cột, vách ngăn và tường rèm",tường mặt,bề mặt tường ốp lát trang trí
080742,gạch lát mặt tiền tấm trang trí,Material,General,m2,658412.43,658412.43,658412.43,658412.43,1,VND,691333.05,1.05,6,6,建筑工程,"hoàn thiện tường và cột, vách ngăn và tường rèm",tường mặt,bề mặt tường ốp lát trang trí
110792,sơn fluorocarbon lớp phủ trên cùng,Material,Paint & Coatings,kg,185178.5,185178.5,185178.5,185178.5,1,VND,65553.19,0.354,6,6,建筑工程,"công việc sơn, phủ và giấy dán tường",sơn bề mặt kim loại,"bề mặt kim loại, sơn kết cấu thép"
110790,dầu làm loãng sơn fluorocarbon,Material,Paint & Coatings,kg,41562.28,41562.28,41562.28,41562.28,1,VND,1839.13,0.0442,6,6,建筑工程,"công việc sơn, phủ và giấy dán tường",sơn bề mặt kim loại,"bề mặt kim loại, sơn kết cấu thép"
070048,dải trang trí hợp kim nhôm,Material,General,m,8230.16,8230.16,8230.16,8230.16,1,VND,33783.96,4.1049,6,6,建筑工程,"công việc sơn, phủ và giấy dán tường",,
050016,gương 5mm,Material,General,m2,102876.94,102876.94,102876.94,102876.94,1,VND,140427.03,1.365,6,6,建筑工程,các công trình trang trí khác,,khung
150066,dây đeo,Material,General,m,2222.14,2222.14,2222.14,2222.14,1,VND,3865.77,1.7397,6,6,建筑工程,công trình cửa và cửa sổ,và lắp đặt,lắp đặt
040004,Xi măng,Material,Concrete & Cement,m2,49998.19,49998.19,49998.19,49998.19,1,VND,51498.14,1.03,6,6,建筑工程,công trình lợp mái và chống thấm,,
040121,(mặt nền),Material,General,m2,185178.5,185178.5,185178.5,185178.5,1,VND,190733.85,1.03,6,6,建筑工程,công trình lợp mái và chống thấm,,
090237,lưới thép mạ kẽm,Material,Steel & Metal,m2,25513.48,25513.48,25513.48,25513.48,1,VND,26278.89,1.03,6,6,建筑工程,công trình lợp mái và chống thấm,,
370086,cửa,Material,General,set,57611087.79,57611087.79,57611087.79,57611087.79,1,VND,57611087.79,1.0,6,6,建筑工程,công trình cửa và cửa sổ,lắp đặt thiết bị,
370107,đèn điện cửa,Material,General,set,4115077.7,4115077.7,4115077.7,4115077.7,1,VND,4115077.7,1.0,6,6,建筑工程,công trình cửa và cửa sổ,lắp đặt thiết bị,
370192,khóa cửa sàn,Material,General,pcs,740713.99,740713.99,740713.99,740713.99,1,VND,740713.99,1.0,6,6,建筑工程,công trình cửa và cửa sổ,lắp đặt thiết bị,
090436,cửa,Material,General,m,47323.39,47323.39,47323.39,47323.39,1,VND,50162.8,1.06,6,6,建筑工程,công trình cửa và cửa sổ,lắp đặt thiết bị,
390164,bệ đúc sẵn bê tông,Material,Concrete & Cement,m3,3909323.81,3909323.81,3909323.81,3909323.81,1,VND,3909323.81,1.0,6,6,建筑工程,công trình bê tông và bê tông cốt thép,bệ đúc sẵn bê tông,
390012,bệ đỡ tròn,Material,General,m3,2923762.71,2923762.71,2923762.71,2923762.71,1,VND,2923762.71,1.0,6,6,建筑工程,công trình bê tông và bê tông cốt thép,bệ đúc sẵn bê tông,
390013,dài dày tấm slab,Material,General,m3,3635671.15,3635671.15,3635671.15,3635671.15,1,VND,3635671.15,1.0,6,6,建筑工程,công trình bê tông và bê tông cốt thép,bệ đúc sẵn bê tông,
390014,dài dày tấm slab,Material,General,m3,3880518.27,3880518.27,3880518.27,3880518.27,1,VND,3880518.27,1.0,6,6,建筑工程,công trình bê tông và bê tông cốt thép,bệ đúc sẵn bê tông,
390015,-mặt phẳng lát đổ bê tông,Material,General,m3,4320831.58,4320831.58,4320831.58,4320831.58,1,VND,4320831.58,1.0,6,6,建筑工程,công trình bê tông và bê tông cốt thép,bệ đúc sẵn bê tông,
390139,Bệ dầm rỗng SP(D),Material,General,m3,3831137.34,3831137.34,3831137.34,3831137.34,1,VND,3831137.34,1.0,6,6,建筑工程,công trình bê tông và bê tông cốt thép,bệ đúc sẵn bê tông,
390165,bệ cửa sổ,Material,Glass,m3,3703569.93,3703569.93,3703569.93,3703569.93,1,VND,3703569.93,1.0,6,6,建筑工程,công trình bê tông và bê tông cốt thép,bệ đúc sẵn bê tông,
850207,DP1-601,Equipment,General,machine-shift,142484.57,142484.57,142484.57,142484.57,1,VND,54856.56,0.385,6,6,建筑工程,"Công trình lắp đặt chung - Tập 6 Điều khiển tự động, instrumentation",,
370113,đèn điện cửa,Material,General,set,8435909.28,8435909.28,8435909.28,8435909.28,1,VND,8435909.28,1.0,6,6,建筑工程,công trình cửa và cửa sổ,lắp đặt thiết bị,
370194,khóa,Material,General,set,195466.19,195466.19,195466.19,195466.19,1,VND,195466.19,1.0,6,6,建筑工程,công trình cửa và cửa sổ,lắp đặt thiết bị,
370195,bản lề,Material,General,set,102876.94,102876.94,102876.94,102876.94,1,VND,102876.94,1.0,6,6,建筑工程,công trình cửa và cửa sổ,lắp đặt thiết bị,
040122,tấm bê tông hình dạng,Material,Concrete & Cement,m2,205753.88,205753.88,205753.88,205753.88,1,VND,211926.5,1.03,6,6,建筑工程,công trình lợp mái và chống thấm,,
040123,tấm bê tông hình dạng,Material,Concrete & Cement,pcs,185178.5,185178.5,185178.5,185178.5,1,VND,53701.76,0.29,6,6,建筑工程,công trình lợp mái và chống thấm,,
091063,dải máng xối,Material,General,pcs,20986.9,20986.9,20986.9,20986.9,1,VND,6170.15,0.294,6,6,建筑工程,công trình lợp mái và chống thấm,,
110437,-hình dạng,Material,General,m2,164603.11,164603.11,164603.11,164603.11,1,VND,169541.2,1.03,6,6,建筑工程,công trình lợp mái và chống thấm,,
110438,-hình dạng,Material,General,pcs,113164.64,113164.64,113164.64,113164.64,1,VND,32817.74,0.29,6,6,建筑工程,công trình lợp mái và chống thấm,,
110439,tấm phẳng hình dạng,Material,General,m2,113164.64,113164.64,113164.64,113164.64,1,VND,116559.58,1.03,6,6,建筑工程,công trình lợp mái và chống thấm,,
110440,tấm phẳng hình dạng,Material,General,pcs,78186.48,78186.48,78186.48,78186.48,1,VND,22674.08,0.29,6,6,建筑工程,công trình lợp mái và chống thấm,,
110441,loại T composite,Material,General,m2,174890.8,174890.8,174890.8,174890.8,1,VND,180137.53,1.03,6,6,建筑工程,công trình lợp mái và chống thấm,,
110557,sàn,Material,General,m,92589.25,92589.25,92589.25,92589.25,1,VND,13351.37,0.1442,6,6,建筑工程,công trình lợp mái và chống thấm,,
110448,polyurethane,Material,General,m2,10287.69,10287.69,10287.69,10287.69,1,VND,8572.74,0.8333,6,6,建筑工程,công trình lợp mái và chống thấm,,hồ sơ và các mục khác mái
080185,tấm thạch cao mặt giấy strip 50×12,Material,Wood & Timber,m,2366.17,2366.17,2366.17,2366.17,1,VND,5523.05,2.3342,6,6,建筑工程,"hoàn thiện tường và cột, vách ngăn và tường rèm",tường mặt,bề mặt tường ốp lát trang trí
110145,Kẽm trét KF80,Material,General,kg,1357.98,1357.98,1357.98,1357.98,1,VND,63.78,0.047,6,6,建筑工程,"hoàn thiện tường và cột, vách ngăn và tường rèm",tường mặt,bề mặt tường ốp lát trang trí
800550,"máy phay gỗ dày, một mặt rộng 600mm",Equipment,General,machine-shift,24690.47,24690.47,24690.47,24690.47,1,VND,492.99,0.02,6,6,建筑工程,"hoàn thiện tường và cột, vách ngăn và tường rèm",tường mặt,bề mặt tường ốp lát trang trí
800022,máy nén khí 0.6m3/phút,Equipment,Compressors,machine-shift,31480.34,31480.34,31480.34,31480.34,1,VND,5981.27,0.19,6,6,建筑工程,"Công trình lắp đặt chung - Tập 6 Điều khiển tự động, instrumentation",,
850200,hợp chất,Equipment,General,machine-shift,12242.36,12242.36,12242.36,12242.36,1,VND,2326.05,0.19,6,6,建筑工程,"Công trình lắp đặt chung - Tập 6 Điều khiển tự động, instrumentation",,
850202,910B,Equipment,General,machine-shift,79256.4,79256.4,79256.4,79256.4,1,VND,30117.43,0.38,6,6,建筑工程,"Công trình lắp đặt chung - Tập 6 Điều khiển tự động, instrumentation",,
390016,tấm phẳng,Material,General,m3,3724145.32,3724145.32,3724145.32,3724145.32,1,VND,3724145.32,1.0,6,6,建筑工程,công trình bê tông và bê tông cốt thép,bệ đúc sẵn bê tông,
390023,dầm lan can ban công,Material,General,m3,6916211.09,6916211.09,6916211.09,6916211.09,1,VND,6916211.09,1.0,6,6,建筑工程,công trình bê tông và bê tông cốt thép,bệ đúc sẵn bê tông,
390026,máng xối,Material,General,m3,3682377.28,3682377.28,3682377.28,3682377.28,1,VND,3682377.28,1.0,6,6,建筑工程,công trình bê tông và bê tông cốt thép,bệ đúc sẵn bê tông,
390138,mái che,Material,General,m3,3477240.66,3477240.66,3477240.66,3477240.66,1,VND,3477240.66,1.0,6,6,建筑工程,công trình bê tông và bê tông cốt thép,bệ đúc sẵn bê tông,
090154,bu lông 14×150,Material,Fasteners,set,20349.06,20349.06,20349.06,20349.06,1,VND,30727.08,1.51,6,6,建筑工程,công trình bê tông và bê tông cốt thép,cấu trúc,
850211,điện năng điện năng 2553,Equipment,General,machine-shift,53989.82,53989.82,53989.82,53989.82,1,VND,49041.64,0.9084,6,6,建筑工程,"Công trình lắp đặt chung - Tập 6 Điều khiển tự động, instrumentation",,đơn
130891,gạch trang trí gỗ,Material,Wood & Timber,m2,823015.54,823015.54,823015.54,823015.54,1,VND,880626.63,1.07,6,6,建筑工程,"hoàn thiện tường và cột, vách ngăn và tường rèm",tường mặt,bề mặt tường ốp lát trang trí
130892,tấm thạch cao,Material,General,m2,58639.86,58639.86,58639.86,58639.86,1,VND,61571.85,1.05,6,6,建筑工程,"hoàn thiện tường và cột, vách ngăn và tường rèm",tường mặt,bề mặt tường ốp lát trang trí
110788,dung môi sơn phủ gỗ polyurethane,Material,Wood & Timber,kg,30040.07,30040.07,30040.07,30040.07,1,VND,145.78,0.0048,6,6,建筑工程,"công việc sơn, phủ và giấy dán tường","tay vịn gỗ và các mục khác, dải tấm và phào, sơn","mô hình gương, cửa sổ, phào chỉ gỗ đơn, sơn"
110834,chất phủ sơn acrylic gốc nước cho gỗ,Material,Wood & Timber,kg,33949.39,33949.39,33949.39,33949.39,1,VND,3213.36,0.0946,6,6,建筑工程,"công việc sơn, phủ và giấy dán tường",sơn bề mặt gỗ,"sàn gỗ, ván sợi, plywood, sơn trần"
070053,hợp kim nhôm đúc 30mm trong,Material,General,m,13723.78,13723.78,13723.78,13723.78,1,VND,14135.5,1.03,6,6,建筑工程,các công trình trang trí khác,phần trang trí phù điêu,phào trang trí kim loại
070054,đúc hợp kim nhôm 30mm vượt quá,Material,General,m,18703.03,18703.03,18703.03,18703.03,1,VND,19264.12,1.03,6,6,建筑工程,các công trình trang trí khác,phần trang trí phù điêu,phào trang trí kim loại
070055,phần trang trí thép không gỉ mạ bóng 30mm trong,Material,Steel & Metal,m,34978.16,34978.16,34978.16,34978.16,1,VND,36027.51,1.03,6,6,建筑工程,các công trình trang trí khác,phần trang trí phù điêu,phào trang trí kim loại
070056,phần trang trí thép không gỉ hoàn thiện gương 30mm vượt quá,Material,Steel & Metal,m,49792.44,49792.44,49792.44,49792.44,1,VND,51286.21,1.03,6,6,建筑工程,các công trình trang trí khác,phần trang trí phù điêu,phào trang trí kim loại
070057,molding hoàn thiện gương 30mm trong,Material,General,m,32097.61,32097.61,32097.61,32097.61,1,VND,33060.53,1.03,6,6,建筑工程,các công trình trang trí khác,phần trang trí phù điêu,phào trang trí kim loại
070058,moulure hoàn thiện gương 30mm vượt quá,Material,General,m,38270.22,38270.22,38270.22,38270.22,1,VND,39418.33,1.03,6,6,建筑工程,các công trình trang trí khác,phần trang trí phù điêu,phào trang trí kim loại
070059,hợp kim nhôm đúc 30mm trong,Material,General,m,14958.31,14958.31,14958.31,14958.31,1,VND,15407.06,1.03,6,6,建筑工程,các công trình trang trí khác,phần trang trí phù điêu,phào trang trí kim loại
070060,đúc hợp kim nhôm 30mm vượt quá,Material,General,m,19958.13,19958.13,19958.13,19958.13,1,VND,20556.87,1.03,6,6,建筑工程,các công trình trang trí khác,phần trang trí phù điêu,phào trang trí kim loại
070062,phần trang trí thép không gỉ hoàn thiện gương 30mm vượt quá,Material,Steel & Metal,m,49792.44,49792.44,49792.44,49792.44,1,VND,51286.21,1.03,6,6,建筑工程,các công trình trang trí khác,phần trang trí phù điêu,phào trang trí kim loại
070063,molding hoàn thiện gương 30mm trong,Material,General,m,39504.75,39504.75,39504.75,39504.75,1,VND,40689.89,1.03,6,6,建筑工程,các công trình trang trí khác,phần trang trí phù điêu,phào trang trí kim loại
070064,moulure hoàn thiện gương 30mm vượt quá,Material,General,m,50615.46,50615.46,50615.46,50615.46,1,VND,52133.92,1.03,6,6,建筑工程,các công trình trang trí khác,phần trang trí phù điêu,phào trang trí kim loại
010387,giá đỡ composite,Material,General,pcs,10287.69,10287.69,10287.69,10287.69,1,VND,41150.78,4.0,6,6,建筑工程,công trình lợp mái và chống thấm,,hồ sơ và các mục khác mái
010408,thép với 0.8mm,Material,Steel & Metal,m,20575.39,20575.39,20575.39,20575.39,1,VND,2721.44,0.1323,6,6,建筑工程,công trình lợp mái và chống thấm,,hồ sơ và các mục khác mái
090053,bu lông mở rộng 5,Material,Fasteners,set,1357.98,1357.98,1357.98,1357.98,1,VND,5540.54,4.08,6,6,建筑工程,Công trình lắp đặt chung - Tập 5 Hệ thống thông minh tòa nhà,lắp đặt,lắp đặt cửa sổ điện
010011,định hình thép mạ kẽm,Material,Steel & Metal,kg,13806.09,13806.09,13806.09,13806.09,1,VND,2886714.45,209.09,6,6,建筑工程,Công trình lắp đặt chung - Tập 5 Hệ thống thông minh tòa nhà,,
010003,kèm thép gia cố,Material,Steel & Metal,kg,8929.72,8929.72,8929.72,8929.72,1,VND,9152961.57,1025.0,6,6,建筑工程,công trình bê tông và bê tông cốt thép,công trình thép gia cố,
080141,khung hợp kim nhôm 60×30,Material,General,m,10987.26,10987.26,10987.26,10987.26,1,VND,38023.94,3.4607,6,6,建筑工程,"hoàn thiện tường và cột, vách ngăn và tường rèm",mặt (dầm) của cột,bề mặt cột (dầm) trang trí
070135,dải tấm nhôm 50mm trong,Material,General,m,19237.99,19237.99,19237.99,19237.99,1,VND,19815.13,1.03,6,6,建筑工程,các công trình trang trí khác,phần trang trí phù điêu,phần trang trí hợp kim nhôm
070139,dải tấm nhôm 50mm vượt quá,Material,General,m,25719.24,25719.24,25719.24,25719.24,1,VND,26490.81,1.03,6,6,建筑工程,các công trình trang trí khác,phần trang trí phù điêu,phần trang trí hợp kim nhôm
080295,phù điêu phẳng nhôm 50mm trong,Material,General,m,19237.99,19237.99,19237.99,19237.99,1,VND,19815.13,1.03,6,6,建筑工程,các công trình trang trí khác,phần trang trí phù điêu,phần trang trí hợp kim nhôm
070142,phần định hình phẳng nhôm 50mm vượt quá,Material,General,m,26748.01,26748.01,26748.01,26748.01,1,VND,27550.45,1.03,6,6,建筑工程,các công trình trang trí khác,phần trang trí phù điêu,phần trang trí hợp kim nhôm
130094,bảng cách nhiệt len đá bông dày 100mm,Material,Wood & Timber,m2,370356.99,370356.99,370356.99,370356.99,1,VND,381467.7,1.03,6,6,建筑工程,công trình lợp mái và chống thấm,,hồ sơ và các mục khác mái
800272,cẩu cửa 10t,Equipment,Cranes,machine-shift,632487.44,632487.44,632487.44,632487.44,1,VND,421.66,0.0007,6,6,建筑工程,công trình lợp mái và chống thấm,,hồ sơ và các mục khác mái
800428,bệ đỡ 20×4,Equipment,General,machine-shift,288466.95,288466.95,288466.95,288466.95,1,VND,192.31,0.0007,6,6,建筑工程,công trình lợp mái và chống thấm,,hồ sơ và các mục khác mái
800494,tấm phẳng,Equipment,General,machine-shift,123863.84,123863.84,123863.84,123863.84,1,VND,53.63,0.0004,6,6,建筑工程,công trình lợp mái và chống thấm,,hồ sơ và các mục khác mái
800534,sàn,Equipment,General,machine-shift,113164.64,113164.64,113164.64,113164.64,1,VND,75.44,0.0007,6,6,建筑工程,công trình lợp mái và chống thấm,,hồ sơ và các mục khác mái
380011,thép tấm phẳng,Material,Steel & Metal,t,13829747.38,13829747.38,13829747.38,13829747.38,1,VND,13829747.38,1.0,6,6,建筑工程,công trình kết cấu thép,kết cấu thép,
810075,Bê tông thường C20,Material,Concrete & Cement,m3,539280.93,539280.93,539280.93,539280.93,1,VND,23728.36,0.044,6,6,建筑工程,Công trình lắp đặt chung - Tập 4 Lắp đặt thiết bị điện,hố,hố móng bê tông đúc sẵn tại chỗ
850111,LCR ZL6,Equipment,General,machine-shift,12262.93,12262.93,12262.93,12262.93,1,VND,25486.46,2.0783,6,6,建筑工程,Công trình lắp đặt chung - Tập 4 Lắp đặt thiết bị điện,điện năng,
850112,điện năng JCD4060,Equipment,General,machine-shift,192791.39,192791.39,192791.39,192791.39,1,VND,400684.77,2.0783,6,6,建筑工程,Công trình lắp đặt chung - Tập 4 Lắp đặt thiết bị điện,điện năng,
850110,điện năng,Equipment,General,machine-shift,16522.04,16522.04,16522.04,16522.04,1,VND,54990.85,3.3283,6,6,建筑工程,Công trình lắp đặt chung - Tập 4 Lắp đặt thiết bị điện,điện năng,
100114,keo dán,Material,General,m,9711.58,9711.58,9711.58,9711.58,1,VND,207.19,0.0213,6,6,建筑工程,"hoàn thiện tường và cột, vách ngăn và tường rèm",mặt (dầm) của cột,bề mặt cột (dầm) trang trí
070143,phần định hình nhôm 40mm trong,Material,General,m,20986.9,20986.9,20986.9,20986.9,1,VND,21616.5,1.03,6,6,建筑工程,các công trình trang trí khác,phần trang trí phù điêu,phần trang trí hợp kim nhôm
070144,đúc nhôm 40mm vượt quá,Material,General,m,24690.47,24690.47,24690.47,24690.47,1,VND,25431.18,1.03,6,6,建筑工程,các công trình trang trí khác,phần trang trí phù điêu,phần trang trí hợp kim nhôm
070034,Dải tấm mặt bàn PVC 50mm trong,Material,General,m,14814.28,14814.28,14814.28,14814.28,1,VND,15258.71,1.03,6,6,建筑工程,các công trình trang trí khác,phần trang trí phù điêu,phần trang trí phù điêu
070033,Dải tấm mặt bàn PVC 50mm vượt quá,Material,General,m,29628.56,29628.56,29628.56,29628.56,1,VND,30517.42,1.03,6,6,建筑工程,các công trình trang trí khác,phần trang trí phù điêu,phần trang trí phù điêu
070035,Phào mặt phẳng bề mặt PVC 50mm trong,Material,General,m,15431.54,15431.54,15431.54,15431.54,1,VND,15894.49,1.03,6,6,建筑工程,các công trình trang trí khác,phần trang trí phù điêu,phần trang trí phù điêu
070036,Phần nổi mặt phẳng PVC 50mm vượt quá,Material,General,m,39504.75,39504.75,39504.75,39504.75,1,VND,40689.89,1.03,6,6,建筑工程,các công trình trang trí khác,phần trang trí phù điêu,phần trang trí phù điêu
070046,Ốp mặt dựng PVC 40mm trong,Material,General,m,17777.14,17777.14,17777.14,17777.14,1,VND,18310.45,1.03,6,6,建筑工程,các công trình trang trí khác,phần trang trí phù điêu,phần trang trí phù điêu
070047,Ốp mặt dựng PVC 40mm vượt quá,Material,General,m,47323.39,47323.39,47323.39,47323.39,1,VND,48743.1,1.03,6,6,建筑工程,các công trình trang trí khác,phần trang trí phù điêu,phần trang trí phù điêu
110429,chống thấm,Material,Waterproofing,kg,33332.13,33332.13,33332.13,33332.13,1,VND,18765.99,0.563,6,6,建筑工程,công trình lợp mái và chống thấm,kết cấu chống thấm mái và phụ kiện,kết cấu chống thấm mái nhà
150176,thép,Material,Steel & Metal,kg,39093.24,39093.24,39093.24,39093.24,1,VND,70367.83,1.8,6,6,建筑工程,công trình lợp mái và chống thấm,kết cấu chống thấm mái và phụ kiện,kết cấu chống thấm mái nhà
380077,sàn thép sàn bê tông sàn tầng 0.91mm,Material,Steel & Metal,m2,257192.36,257192.36,257192.36,257192.36,1,VND,287198.13,1.1167,6,6,建筑工程,công trình kết cấu thép,"sàn thép tấm, sàn tường",
380078,sàn thép sàn bê tông sàn tầng 0.91mm,Material,Steel & Metal,m2,174890.8,174890.8,174890.8,174890.8,1,VND,195294.73,1.1167,6,6,建筑工程,công trình kết cấu thép,"sàn thép tấm, sàn tường",
380072,tấm vách tường composite (lớp len đá 100mm),Material,Aggregates,m2,576110.88,576110.88,576110.88,576110.88,1,VND,643323.81,1.1167,6,6,建筑工程,công trình kết cấu thép,"sàn thép tấm, sàn tường",
380088,tấm vách tường composite (lớp len thủy tinh 100mm),Material,Fasteners,m2,370356.99,370356.99,370356.99,370356.99,1,VND,413565.31,1.1167,6,6,建筑工程,công trình kết cấu thép,"sàn thép tấm, sàn tường",
380007,khung tường thép,Material,Steel & Metal,t,12756740.87,12756740.87,12756740.87,12756740.87,1,VND,12756740.87,1.0,6,6,建筑工程,công trình kết cấu thép,kết cấu thép,
370228,cửa sổ thép không gỉ,Material,Steel & Metal,m2,1646031.08,1646031.08,1646031.08,1646031.08,1,VND,1646031.08,1.0,6,6,建筑工程,công trình cửa và cửa sổ,cửa sổ kim loại,
370068,lắp đặt kính cửa sổ,Material,Glass,m2,555535.49,555535.49,555535.49,555535.49,1,VND,555535.49,1.0,6,6,建筑工程,công trình cửa và cửa sổ,cửa sổ kim loại,
370069,cửa sổ tấm,Material,Glass,m2,596686.27,596686.27,596686.27,596686.27,1,VND,596686.27,1.0,6,6,建筑工程,công trình cửa và cửa sổ,cửa sổ kim loại,
370071,cửa sổ phẳng tấm,Material,Glass,m2,617261.65,617261.65,617261.65,617261.65,1,VND,617261.65,1.0,6,6,建筑工程,công trình cửa và cửa sổ,cửa sổ kim loại,
370179,cửa sắt (),Material,Steel & Metal,m2,771577.07,771577.07,771577.07,771577.07,1,VND,771577.07,1.0,6,6,建筑工程,công trình cửa và cửa sổ,cửa sổ kim loại,
370180,cửa sổ hợp kim nhôm (),Material,Glass,m2,1028769.42,1028769.42,1028769.42,1028769.42,1,VND,1028769.42,1.0,6,6,建筑工程,công trình cửa và cửa sổ,cửa sổ kim loại,
370181,cửa sổ hợp kim nhôm (),Material,Glass,m2,1183084.84,1183084.84,1183084.84,1183084.84,1,VND,1183084.84,1.0,6,6,建筑工程,công trình cửa và cửa sổ,cửa sổ kim loại,
370185,"cửa đi, cửa sổ gỗ thành phẩm",Material,Wood & Timber,m2,246904.66,246904.66,246904.66,246904.66,1,VND,246904.66,1.0,6,6,建筑工程,công trình cửa và cửa sổ,cửa sổ cửa đi,
100054,SBS bitumen sửa đổi chống thấm,Material,Waterproofing,m2,51438.47,51438.47,51438.47,51438.47,1,VND,15560.14,0.3025,6,6,建筑工程,công trình lợp mái và chống thấm,kết cấu chống thấm mái và phụ kiện,mái che chống thấm nước mái
160117,nước 100,Material,Water,pcs,96704.33,96704.33,96704.33,96704.33,1,VND,97671.37,1.01,6,6,建筑工程,công trình lợp mái và chống thấm,kết cấu chống thấm mái và phụ kiện,mái che chống thấm nước mái
160118,nước 100,Material,Water,pcs,96704.33,96704.33,96704.33,96704.33,1,VND,97671.37,1.01,6,6,建筑工程,công trình lợp mái và chống thấm,kết cấu chống thấm mái và phụ kiện,mái che chống thấm nước mái
160119,nước 150,Material,Water,pcs,172833.26,172833.26,172833.26,172833.26,1,VND,174561.6,1.01,6,6,建筑工程,công trình lợp mái và chống thấm,kết cấu chống thấm mái và phụ kiện,mái che chống thấm nước mái
160235,nước 150,Material,Water,set,171598.74,171598.74,171598.74,171598.74,1,VND,173314.73,1.01,6,6,建筑工程,công trình lợp mái và chống thấm,kết cấu chống thấm mái và phụ kiện,mái che chống thấm nước mái
170094,kính thép nước 110,Material,Steel & Metal,pcs,41768.04,41768.04,41768.04,41768.04,1,VND,42185.72,1.01,6,6,建筑工程,công trình lợp mái và chống thấm,kết cấu chống thấm mái và phụ kiện,mái che chống thấm nước mái
170095,kính thép nước 160,Material,Steel & Metal,pcs,79626.75,79626.75,79626.75,79626.75,1,VND,80423.02,1.01,6,6,建筑工程,công trình lợp mái và chống thấm,kết cấu chống thấm mái và phụ kiện,mái che chống thấm nước mái
370116,cửa sổ gỗ,Material,Wood & Timber,m2,1028769.42,1028769.42,1028769.42,1028769.42,1,VND,1028769.42,1.0,6,6,建筑工程,công trình cửa và cửa sổ,cửa sổ gỗ,
370164,cửa sổ gỗ,Material,Wood & Timber,m2,1954661.91,1954661.91,1954661.91,1954661.91,1,VND,1954661.91,1.0,6,6,建筑工程,công trình cửa và cửa sổ,cửa sổ gỗ,
370166,cửa sổ gỗ,Material,Wood & Timber,m2,925892.48,925892.48,925892.48,925892.48,1,VND,925892.48,1.0,6,6,建筑工程,công trình cửa và cửa sổ,cửa sổ gỗ,
370167,cửa sổ,Material,Glass,m2,1851784.96,1851784.96,1851784.96,1851784.96,1,VND,1851784.96,1.0,6,6,建筑工程,công trình cửa và cửa sổ,cửa sổ gỗ,
370229,cửa sổ gỗ trang trí,Material,Wood & Timber,m2,1028769.42,1028769.42,1028769.42,1028769.42,1,VND,1028769.42,1.0,6,6,建筑工程,công trình cửa và cửa sổ,cửa sổ gỗ,
370041,kính cố định hợp kim nhôm,Material,Glass,m2,576110.88,576110.88,576110.88,576110.88,1,VND,576110.88,1.0,6,6,建筑工程,công trình cửa và cửa sổ,cửa sổ kim loại,
370043,cửa sổ hợp kim nhôm đúc đôi phẳng,Material,Glass,m2,925892.48,925892.48,925892.48,925892.48,1,VND,925892.48,1.0,6,6,建筑工程,công trình cửa và cửa sổ,cửa sổ kim loại,
090133,được mạ kẽm với bu lông 16×(35 60),Material,Fasteners,set,3621.27,3621.27,3621.27,3621.27,1,VND,9789.5,2.7033,6,6,建筑工程,Công trình lắp đặt chung - Tập 4 Lắp đặt thiết bị điện,,lắp đặt
080278,kính,Material,Glass,m2,534960.1,534960.1,534960.1,534960.1,1,VND,561708.11,1.05,6,6,建筑工程,"hoàn thiện tường và cột, vách ngăn và tường rèm",công trình tường rèm,tường kính rèm
050030,kính,Material,Glass,m2,534960.1,534960.1,534960.1,534960.1,1,VND,561708.11,1.05,6,6,建筑工程,"hoàn thiện tường và cột, vách ngăn và tường rèm",công trình tường rèm,tường kính rèm
050031,kính,Material,Glass,m2,534960.1,534960.1,534960.1,534960.1,1,VND,561708.11,1.05,6,6,建筑工程,"hoàn thiện tường và cột, vách ngăn và tường rèm",công trình tường rèm,tường kính rèm
010400,thép ống mạ kẽm,Material,Steel & Metal,kg,11316.46,11316.46,11316.46,11316.46,1,VND,160316.57,14.1667,6,6,建筑工程,"hoàn thiện tường và cột, vách ngăn và tường rèm",công trình tường rèm,tường kính rèm
380079,khung cửa sổ thép,Material,Steel & Metal,t,13168248.64,13168248.64,13168248.64,13168248.64,1,VND,13168248.64,1.0,6,6,建筑工程,công trình kết cấu thép,kết cấu thép,
380080,khung thép,Material,Steel & Metal,t,13168248.64,13168248.64,13168248.64,13168248.64,1,VND,13168248.64,1.0,6,6,建筑工程,công trình kết cấu thép,kết cấu thép,
380081,tấm thép,Material,Steel & Metal,t,13168248.64,13168248.64,13168248.64,13168248.64,1,VND,13168248.64,1.0,6,6,建筑工程,công trình kết cấu thép,kết cấu thép,
380082,thép thép,Material,Steel & Metal,t,13888387.23,13888387.23,13888387.23,13888387.23,1,VND,13888387.23,1.0,6,6,建筑工程,công trình kết cấu thép,kết cấu thép,
030237,cầu thang gỗ cong,Material,Wood & Timber,m2,1769483.41,1769483.41,1769483.41,1769483.41,1,VND,1769483.41,1.0,6,6,建筑工程,công trình kết cấu gỗ,gỗ cấu kiện kết cấu,
030238,cầu thang gỗ,Material,Wood & Timber,m2,2201566.57,2201566.57,2201566.57,2201566.57,1,VND,2201566.57,1.0,6,6,建筑工程,công trình kết cấu gỗ,gỗ cấu kiện kết cấu,
030239,cầu thang gỗ thép thẳng,Material,Steel & Metal,m2,720138.6,720138.6,720138.6,720138.6,1,VND,720138.6,1.0,6,6,建筑工程,công trình kết cấu gỗ,gỗ cấu kiện kết cấu,
030240,cầu thang thép hình cong gỗ kết cấu,Material,Steel & Metal,m2,987618.65,987618.65,987618.65,987618.65,1,VND,987618.65,1.0,6,6,建筑工程,công trình kết cấu gỗ,gỗ cấu kiện kết cấu,
030241,cầu thang thép gỗ,Material,Steel & Metal,m2,1255098.7,1255098.7,1255098.7,1255098.7,1,VND,1255098.7,1.0,6,6,建筑工程,công trình kết cấu gỗ,gỗ cấu kiện kết cấu,
300028,Thép góc mạ kẽm 63×63×6×1800,Material,Steel & Metal,pcs,118925.75,118925.75,118925.75,118925.75,1,VND,159043.36,1.3373,6,6,建筑工程,Công trình lắp đặt chung - Tập 4 Lắp đặt thiết bị điện,,lắp đặt
370045,cửa sổ đôi hợp kim nhôm,Material,Glass,m2,781864.76,781864.76,781864.76,781864.76,1,VND,781864.76,1.0,6,6,建筑工程,công trình cửa và cửa sổ,cửa sổ kim loại,
370054,lắp đặt thép cho cửa sổ,Material,Steel & Metal,m2,512327.17,512327.17,512327.17,512327.17,1,VND,512327.17,1.0,6,6,建筑工程,công trình cửa và cửa sổ,cửa sổ kim loại,
370056,cửa sổ đôi bằng thép,Material,Steel & Metal,m2,678987.82,678987.82,678987.82,678987.82,1,VND,678987.82,1.0,6,6,建筑工程,công trình cửa và cửa sổ,cửa sổ kim loại,
370058,cửa sổ đôi phẳng thép,Material,Steel & Metal,m2,761289.37,761289.37,761289.37,761289.37,1,VND,761289.37,1.0,6,6,建筑工程,công trình cửa và cửa sổ,cửa sổ kim loại,
370046,cửa sổ hợp kim nhôm,Material,Glass,m2,781864.76,781864.76,781864.76,781864.76,1,VND,781864.76,1.0,6,6,建筑工程,công trình cửa và cửa sổ,cửa sổ kim loại,
090093,với bu lông 6×(30 50),Material,Fasteners,set,288.06,288.06,288.06,288.06,1,VND,599.16,2.08,6,6,建筑工程,công trình trần,trần giả,dầm trần
080119,Dầm chữ H kiểu HB22×0.5,Material,General,m,4197.38,4197.38,4197.38,4197.38,1,VND,7044.4,1.6783,6,6,建筑工程,công trình trần,trần giả,lớp hoàn thiện trần
080212,độ dày slab 13,Material,General,m2,82301.55,82301.55,82301.55,82301.55,1,VND,88062.66,1.07,6,6,建筑工程,công trình trần,trần giả,lớp hoàn thiện trần
080213,độ dày slab 15,Material,General,m2,113164.64,113164.64,113164.64,113164.64,1,VND,121086.16,1.07,6,6,建筑工程,công trình trần,trần giả,lớp hoàn thiện trần
370168,cửa sổ phẳng hợp kim nhôm,Material,Glass,m2,1337400.25,1337400.25,1337400.25,1337400.25,1,VND,1337400.25,1.0,6,6,建筑工程,công trình cửa và cửa sổ,cửa sổ kim loại,
370169,cửa sổ hợp kim nhôm,Material,Glass,m2,1234523.31,1234523.31,1234523.31,1234523.31,1,VND,1234523.31,1.0,6,6,建筑工程,công trình cửa và cửa sổ,cửa sổ kim loại,
370170,kính cố định hợp kim nhôm,Material,Glass,m2,1131646.37,1131646.37,1131646.37,1131646.37,1,VND,1131646.37,1.0,6,6,建筑工程,công trình cửa và cửa sổ,cửa sổ kim loại,
370178,cửa sổ thép không gỉ,Material,Steel & Metal,m2,432083.16,432083.16,432083.16,432083.16,1,VND,432083.16,1.0,6,6,建筑工程,công trình cửa và cửa sổ,cửa sổ kim loại,
090396,tay vịn thép không gỉ (uốn cong) 75,Material,Steel & Metal,m,370356.99,370356.99,370356.99,370356.99,1,VND,448131.96,1.21,6,6,建筑工程,các công trình trang trí khác,"tay vịn, lan can, tấm lan can trang trí","tay vịn kim loại, lan can, tấm lan can"
090397,tay vịn ( cong ) 75,Material,General,m,648124.74,648124.74,648124.74,648124.74,1,VND,784230.93,1.21,6,6,建筑工程,các công trình trang trí khác,"tay vịn, lan can, tấm lan can trang trí","tay vịn kim loại, lan can, tấm lan can"
091447,tay vịn inox 75(type),Material,Steel & Metal,m,592571.19,592571.19,592571.19,592571.19,1,VND,622199.75,1.05,6,6,建筑工程,các công trình trang trí khác,"tay vịn, lan can, tấm lan can trang trí","tay vịn kim loại, lan can, tấm lan can"
090501,đinh tán mạ kẽm M4,Equipment,General,set,308.63,308.63,308.63,308.63,1,VND,740.71,2.4,6,6,建筑工程,Công trình lắp đặt chung - Tập 4 Lắp đặt thiết bị điện,lắp đặt khuôn mẫu,
030056,sàn,Material,General,m2,31274.59,31274.59,31274.59,31274.59,1,VND,9424.08,0.3013,6,6,建筑工程,Công trình lắp đặt chung - Tập 4 Lắp đặt thiết bị điện,,
030139,khung gỗ tròn,Material,Wood & Timber,m3,4053351.53,4053351.53,4053351.53,4053351.53,1,VND,4053351.53,1.0,6,6,建筑工程,công trình kết cấu gỗ,,
030140,khung gỗ vuông,Material,Wood & Timber,m3,6049164.22,6049164.22,6049164.22,6049164.22,1,VND,6049164.22,1.0,6,6,建筑工程,công trình kết cấu gỗ,,
030141,gỗ tròn khung thép,Material,Steel & Metal,m3,6357795.05,6357795.05,6357795.05,6357795.05,1,VND,6357795.05,1.0,6,6,建筑工程,công trình kết cấu gỗ,,
030142,gỗ vuông khung thép,Material,Steel & Metal,m3,8147853.84,8147853.84,8147853.84,8147853.84,1,VND,8147853.84,1.0,6,6,建筑工程,công trình kết cấu gỗ,,
030059,gỗ tròn,Material,Wood & Timber,m3,2633649.73,2633649.73,2633649.73,2633649.73,1,VND,3059423.1,1.1617,6,6,建筑工程,công trình kết cấu gỗ,gỗ cấu kiện kết cấu,
030236,cầu thang gỗ thẳng,Material,Wood & Timber,m2,1275674.09,1275674.09,1275674.09,1275674.09,1,VND,1275674.09,1.0,6,6,建筑工程,công trình kết cấu gỗ,gỗ cấu kiện kết cấu,
091471,đinh tán bê tông (có),Material,Concrete & Cement,set,1646.03,1646.03,1646.03,1646.03,1,VND,6913.33,4.2,6,6,建筑工程,công trình lợp mái và chống thấm,"bảo vệ chống thấm bề mặt tường, chống ẩm",màng chống thấm bề mặt tường
090131,được mạ kẽm với bu lông 12×(110 120),Material,Fasteners,set,3559.54,3559.54,3559.54,3559.54,1,VND,20609.75,5.79,6,6,建筑工程,Công trình lắp đặt chung - Tập 4 Lắp đặt thiết bị điện,lắp đặt điện cao thế,
370014,cửa trang trí bề mặt gỗ,Material,Wood & Timber,m2,1131646.37,1131646.37,1131646.37,1131646.37,1,VND,1131646.37,1.0,6,6,建筑工程,công trình cửa và cửa sổ,,
370128,cửa tấm gỗ dán (phẳng),Material,Wood & Timber,m2,1337400.25,1337400.25,1337400.25,1337400.25,1,VND,1337400.25,1.0,6,6,建筑工程,công trình cửa và cửa sổ,,
370134,cửa đi trang trí lát đá (phẳng),Material,General,m2,823015.54,823015.54,823015.54,823015.54,1,VND,823015.54,1.0,6,6,建筑工程,công trình cửa và cửa sổ,,
888802,dầu diesel,Equipment,General,kg,18476.7,18476.7,18476.7,18476.7,1,VND,525652.28,28.4495,6,6,建筑工程,công trình kết cấu gỗ,gỗ cấu kiện kết cấu,
370002,cửa gỗ dán plywood,Material,Wood & Timber,m2,407392.69,407392.69,407392.69,407392.69,1,VND,407392.69,1.0,6,6,建筑工程,công trình cửa và cửa sổ,,
370003,cửa gỗ lát sàn,Material,Wood & Timber,m2,1762487.78,1762487.78,1762487.78,1762487.78,1,VND,1762487.78,1.0,6,6,建筑工程,công trình cửa và cửa sổ,,
370012,cửa trang trí bằng gỗ,Material,Wood & Timber,m2,2263292.73,2263292.73,2263292.73,2263292.73,1,VND,2263292.73,1.0,6,6,建筑工程,công trình cửa và cửa sổ,,
090698,tay vịn (-hình) 75,Material,General,m,802440.15,802440.15,802440.15,802440.15,1,VND,842562.16,1.05,6,6,建筑工程,các công trình trang trí khác,"tay vịn, lan can, tấm lan can trang trí","tay vịn kim loại, lan can, tấm lan can"
090595,50 ống thép tay vịn,Material,Steel & Metal,m,36212.68,36212.68,36212.68,36212.68,1,VND,40920.33,1.13,6,6,建筑工程,các công trình trang trí khác,"tay vịn, lan can, tấm lan can trang trí",tay vịn tường kim loại
090405,thép không gỉ 75,Material,Steel & Metal,pcs,51438.47,51438.47,51438.47,51438.47,1,VND,61391.82,1.1935,6,6,建筑工程,các công trình trang trí khác,"tay vịn, lan can, tấm lan can trang trí",tay vịn tường kim loại
090406,75,Material,General,pcs,61726.17,61726.17,61726.17,61726.17,1,VND,73670.18,1.1935,6,6,建筑工程,các công trình trang trí khác,"tay vịn, lan can, tấm lan can trang trí",tay vịn tường kim loại
050040,kèm kính 3mm,Equipment,General,m2,102876.94,102876.94,102876.94,102876.94,1,VND,109049.56,1.06,6,6,建筑工程,các công trình trang trí khác,,lớp hoàn thiện
130010,200mm rộng chống kiềm,Material,General,m,370.36,370.36,370.36,370.36,1,VND,617.26,1.6667,6,6,建筑工程,công trình trần,,
370091,cửa,Material,General,m2,1069920.2,1069920.2,1069920.2,1069920.2,1,VND,1069920.2,1.0,6,6,建筑工程,công trình cửa và cửa sổ,"cửa, cửa",
370093,cửa điện,Material,General,m2,740713.99,740713.99,740713.99,740713.99,1,VND,740713.99,1.0,6,6,建筑工程,công trình cửa và cửa sổ,"cửa, cửa",
370096,cửa,Material,General,m2,1193372.53,1193372.53,1193372.53,1193372.53,1,VND,1193372.53,1.0,6,6,建筑工程,công trình cửa và cửa sổ,"cửa, cửa",
370097,kẹp cửa,Material,General,m2,1399126.42,1399126.42,1399126.42,1399126.42,1,VND,1399126.42,1.0,6,6,建筑工程,công trình cửa và cửa sổ,"cửa, cửa",
370117,cửa,Material,General,m2,987618.65,987618.65,987618.65,987618.65,1,VND,987618.65,1.0,6,6,建筑工程,công trình cửa và cửa sổ,"cửa, cửa",
090135,đinh tán cường lực mạ kẽm với bu lông 16×(85 100),Material,Fasteners,set,6296.07,6296.07,6296.07,6296.07,1,VND,83485.87,13.26,6,6,建筑工程,Công trình lắp đặt chung - Tập 4 Lắp đặt thiết bị điện,và lắp đặt,lắp đặt
030138,bệ slab TK,Material,General,m2,102876.94,102876.94,102876.94,102876.94,1,VND,113164.64,1.1,6,6,建筑工程,"hoàn thiện tường và cột, vách ngăn và tường rèm",vách ngăn,vách ngăn
080275,gạch trang trí,Material,General,m2,57611.09,57611.09,57611.09,57611.09,1,VND,60491.64,1.05,6,6,建筑工程,"hoàn thiện tường và cột, vách ngăn và tường rèm",vách ngăn,vách ngăn
080276,sàn,Material,General,m2,576110.88,576110.88,576110.88,576110.88,1,VND,604916.42,1.05,6,6,建筑工程,"hoàn thiện tường và cột, vách ngăn và tường rèm",vách ngăn,vách ngăn
050041,kính phản chiếu bóng 6mm,Material,Glass,m2,117279.71,117279.71,117279.71,117279.71,1,VND,141908.45,1.21,6,6,建筑工程,các công trình trang trí khác,,lớp hoàn thiện
010406,bảng kim loại,Material,Steel & Metal,m2,185178.5,185178.5,185178.5,185178.5,1,VND,196289.21,1.06,6,6,建筑工程,các công trình trang trí khác,,lớp hoàn thiện
050042,kính thép,Material,Steel & Metal,m2,246904.66,246904.66,246904.66,246904.66,1,VND,259249.9,1.05,6,6,建筑工程,các công trình trang trí khác,,lớp hoàn thiện
090203,đinh thép nền,Material,Steel & Metal,100 pcs,14402.77,14402.77,14402.77,14402.77,1,VND,3008.74,0.2089,6,6,建筑工程,các công trình trang trí khác,,lớp hoàn thiện
370159,cửa,Material,General,m,1419701.81,1419701.81,1419701.81,1419701.81,1,VND,1419701.81,1.0,6,6,建筑工程,công trình cửa và cửa sổ,"cửa, cửa",
370095,bản lề cửa,Material,General,m2,5143847.12,5143847.12,5143847.12,5143847.12,1,VND,5143847.12,1.0,6,6,建筑工程,công trình cửa và cửa sổ,"cửa, cửa",
370098,cửa bê tông,Material,Concrete & Cement,m2,2530772.78,2530772.78,2530772.78,2530772.78,1,VND,2530772.78,1.0,6,6,建筑工程,công trình cửa và cửa sổ,"cửa, cửa",
370099,cửa bê tông,Material,Concrete & Cement,m2,2880554.39,2880554.39,2880554.39,2880554.39,1,VND,2880554.39,1.0,6,6,建筑工程,công trình cửa và cửa sổ,"cửa, cửa",
370100,cửa sàn bê tông,Material,Concrete & Cement,m2,5143847.12,5143847.12,5143847.12,5143847.12,1,VND,5143847.12,1.0,6,6,建筑工程,công trình cửa và cửa sổ,"cửa, cửa",
370101,bệ cửa sổ bê tông,Material,Concrete & Cement,m2,1255098.7,1255098.7,1255098.7,1255098.7,1,VND,1255098.7,1.0,6,6,建筑工程,công trình cửa và cửa sổ,"cửa, cửa",
370110,cửa thép,Material,Steel & Metal,m2,5761108.78,5761108.78,5761108.78,5761108.78,1,VND,5761108.78,1.0,6,6,建筑工程,công trình cửa và cửa sổ,"cửa, cửa",
370030,kẹp cửa sổ gỗ,Material,Wood & Timber,m2,452658.55,452658.55,452658.55,452658.55,1,VND,452658.55,1.0,6,6,建筑工程,công trình cửa và cửa sổ,cửa sổ gỗ,
370088,cửa thép,Material,Steel & Metal,m2,720138.6,720138.6,720138.6,720138.6,1,VND,720138.6,1.0,6,6,建筑工程,công trình cửa và cửa sổ,"cửa, cửa",
370102,cửa lan can thép,Material,Steel & Metal,m2,720138.6,720138.6,720138.6,720138.6,1,VND,720138.6,1.0,6,6,建筑工程,công trình cửa và cửa sổ,"cửa, cửa",
370156,cửa thép dây thép tường,Material,Steel & Metal,m2,1831209.58,1831209.58,1831209.58,1831209.58,1,VND,1831209.58,1.0,6,6,建筑工程,công trình cửa và cửa sổ,"cửa, cửa",
370157,cửa thép (mặt phẳng),Material,Steel & Metal,m2,1769483.41,1769483.41,1769483.41,1769483.41,1,VND,1769483.41,1.0,6,6,建筑工程,công trình cửa và cửa sổ,"cửa, cửa",
370230,cửa thép,Material,Steel & Metal,m2,1337400.25,1337400.25,1337400.25,1337400.25,1,VND,1337400.25,1.0,6,6,建筑工程,công trình cửa và cửa sổ,"cửa, cửa",
370231,cửa thép,Material,Steel & Metal,m2,1748908.02,1748908.02,1748908.02,1748908.02,1,VND,1748908.02,1.0,6,6,建筑工程,công trình cửa và cửa sổ,"cửa, cửa",
100271,chống thấm,Material,Waterproofing,kg,14402.77,14402.77,14402.77,14402.77,1,VND,63372.2,4.4,6,6,建筑工程,công trình lợp mái và chống thấm,"bảo vệ chống thấm bề mặt tường, chống ẩm",màng chống thấm bề mặt tường
150177,kỹ thuật chống thấm 4kg/m2,Material,Waterproofing,m2,65841.24,65841.24,65841.24,65841.24,1,VND,72425.37,1.1,6,6,建筑工程,công trình lợp mái và chống thấm,"bảo vệ chống thấm bề mặt tường, chống ẩm",màng chống thấm bề mặt tường
100261,lớp phủ chống thấm,Material,Waterproofing,kg,57611.09,57611.09,57611.09,57611.09,1,VND,94853.78,1.6464,6,6,建筑工程,công trình lợp mái và chống thấm,"bảo vệ chống thấm bề mặt tường, chống ẩm",lớp phủ bề mặt tường chống thấm
100265,Lớp phủ chống thấm bitum SBS,Material,Waterproofing,kg,17694.83,17694.83,17694.83,17694.83,1,VND,39032.13,2.2058,6,6,建筑工程,công trình lợp mái và chống thấm,"bảo vệ chống thấm bề mặt tường, chống ẩm",lớp phủ bề mặt tường chống thấm
800079,xe luân bánh xe hợp kim,Equipment,General,machine-shift,707587.61,707587.61,707587.61,707587.61,1,VND,6108.8,0.0086,6,6,建筑工程,đào đất và công trình đá,đắp đất lấp,đất lấp nền
800139,bơm bùn 100,Equipment,Pumps,machine-shift,65018.23,65018.23,65018.23,65018.23,1,VND,3426.46,0.0527,6,6,建筑工程,đào đất và công trình đá,vận chuyển,vận chuyển bùn loãng
800366,cẩu trục 60t,Equipment,Cranes,machine-shift,2432628.18,2432628.18,2432628.18,2432628.18,1,VND,85932.6,0.0353,6,6,建筑工程,xử lý nền và gia cố mái dốc,công trình thép gia cố,
110026,sơn phenolic,Material,Paint & Coatings,kg,32097.61,32097.61,32097.61,32097.61,1,VND,3685.88,0.1148,6,6,建筑工程,"Công trình lắp đặt chung - T.12 Sơn, chống ăn mòn, cách nhiệt",chổi quét hình chữ nhật,
110749,sơn W61-25,Equipment,General,kg,108020.79,108020.79,108020.79,108020.79,1,VND,24266.85,0.2246,6,6,建筑工程,"Công trình lắp đặt chung - T.12 Sơn, chống ăn mòn, cách nhiệt",chổi quét hình chữ nhật,
110739,dung môi sơn X13,Equipment,General,kg,25719.24,25719.24,25719.24,25719.24,1,VND,901.03,0.035,6,6,建筑工程,"Công trình lắp đặt chung - T.12 Sơn, chống ăn mòn, cách nhiệt",chổi quét hình chữ nhật,
370191,cửa kính,Material,Glass,pcs,267480.05,267480.05,267480.05,267480.05,1,VND,267480.05,1.0,6,6,建筑工程,công trình cửa và cửa sổ,lắp đặt thiết bị,
090326,cửa,Material,General,pcs,273241.16,273241.16,273241.16,273241.16,1,VND,273241.16,1.0,6,6,建筑工程,công trình cửa và cửa sổ,lắp đặt thiết bị,
370084,cửa trượt phẳng,Material,General,set,18517849.65,18517849.65,18517849.65,18517849.65,1,VND,18517849.65,1.0,6,6,建筑工程,công trình cửa và cửa sổ,lắp đặt thiết bị,
110370,bột trét xi măng,Material,Concrete & Cement,kg,7201.39,7201.39,7201.39,7201.39,1,VND,11882.29,1.65,6,6,建筑工程,"công việc sơn, phủ và giấy dán tường",sơn trên bề mặt trát,lớp trét mastic phủ toàn bộ
810124,vữa () mortar 1: 2.5: 5,Material,Concrete & Cement,m3,641952.12,641952.12,641952.12,641952.12,1,VND,385.17,0.0006,6,6,建筑工程,"công việc sơn, phủ và giấy dán tường",sơn trên bề mặt trát,lớp trét mastic phủ toàn bộ
110333,sơn lót acrylic,Material,Paint & Coatings,kg,11316.46,11316.46,11316.46,11316.46,1,VND,1278.76,0.113,6,6,建筑工程,"công việc sơn, phủ và giấy dán tường",phun sơn phun và quét sơn,lớp phủ hoàn thiện bề mặt tường
110504,sơn dầu emulsion,Material,Paint & Coatings,kg,68516.04,68516.04,68516.04,68516.04,1,VND,21798.39,0.3182,6,6,建筑工程,"công việc sơn, phủ và giấy dán tường",phun sơn phun và quét sơn,lớp phủ hoàn thiện bề mặt tường
110485,sơn kim loại gốc nước,Material,Steel & Metal,kg,72013.86,72013.86,72013.86,72013.86,1,VND,60887.72,0.8455,6,6,建筑工程,"công việc sơn, phủ và giấy dán tường",phun sơn phun và quét sơn,lớp phủ hoàn thiện bề mặt tường
110755,phấn trét bề mặt,Material,General,kg,8127.28,8127.28,8127.28,8127.28,1,VND,5319.36,0.6545,6,6,建筑工程,"công việc sơn, phủ và giấy dán tường",sơn trên bề mặt trát,sơn trên bề mặt trát
850233,độ dài độ dài 1270 1650nm,Equipment,General,machine-shift,678987.82,678987.82,678987.82,678987.82,1,VND,520557.33,0.7667,6,6,建筑工程,Công trình lắp đặt chung - T.11 Thiết bị truyền thông và đường dây,đúc mẫu,
800501,điện diesel,Equipment,General,machine-shift,494755.79,494755.79,494755.79,494755.79,1,VND,494755.79,1.0,6,6,建筑工程,Công trình lắp đặt chung - T.11 Thiết bị truyền thông và đường dây,,
850086,2.5Gb/s,Equipment,General,machine-shift,3409321.3,3409321.3,3409321.3,3409321.3,1,VND,1704660.65,0.5,6,6,建筑工程,Công trình lắp đặt chung - T.11 Thiết bị truyền thông và đường dây,,
010007,mẫu thép,Material,Steel & Metal,kg,13806.09,13806.09,13806.09,13806.09,1,VND,88400.3,6.403,6,6,建筑工程,xử lý nền và gia cố mái dốc,hố móng,()
100118,độ dày keo dán,Material,General,m,64812.47,64812.47,64812.47,64812.47,1,VND,22165.87,0.342,6,6,建筑工程,xử lý nền và gia cố mái dốc,hố móng,()
091518,-hình dạng,Material,General,pcs,45265.85,45265.85,45265.85,45265.85,1,VND,6758.19,0.1493,6,6,建筑工程,xử lý nền và gia cố mái dốc,hố móng,tường nền
150142,bùn slurry,Material,General,m3,103494.2,103494.2,103494.2,103494.2,1,VND,258735.51,2.5,5,5,建筑工程,xử lý nền và gia cố mái dốc,hố móng,tường nền
091519,bê tông đúc sẵn nước 300,Material,Concrete & Cement,pcs,115222.18,115222.18,115222.18,115222.18,1,VND,3836.9,0.0333,5,5,建筑工程,xử lý nền và gia cố mái dốc,hố móng,tường nền
850033,A005810,Equipment,General,machine-shift,199704.72,199704.72,199704.72,199704.72,1,VND,166420.6,0.8333,5,5,建筑工程,Công trình lắp đặt chung - T.11 Thiết bị truyền thông và đường dây,,
800399,đổ bê tông tường nền và rung khuôn,Equipment,General,machine-shift,164191.6,164191.6,164191.6,164191.6,1,VND,4104.79,0.025,5,5,建筑工程,xử lý nền và gia cố mái dốc,hố móng,tường nền
800386,bơm bùn 50,Equipment,Pumps,machine-shift,11810.27,11810.27,11810.27,11810.27,1,VND,1088.34,0.0922,5,5,建筑工程,xử lý nền và gia cố mái dốc,hố móng,tường nền
800364,khóa,Equipment,General,machine-shift,483110.12,483110.12,483110.12,483110.12,1,VND,515961.61,1.068,5,5,建筑工程,xử lý nền và gia cố mái dốc,hố móng,tường nền
800155,máy đầm rung bê tông (),Equipment,General,machine-shift,2283.87,2283.87,2283.87,2283.87,1,VND,27.37,0.012,5,5,建筑工程,xử lý nền và gia cố mái dốc,hố móng,tường nền
090834,ốc vít với M12×(30 35),Material,Fasteners,set,2427.9,2427.9,2427.9,2427.9,1,VND,19617.4,8.08,5,5,建筑工程,Công trình lắp đặt chung - T.11 Thiết bị truyền thông và đường dây,,
850235,lưới FWKE,Equipment,General,machine-shift,339493.91,339493.91,339493.91,339493.91,1,VND,441342.08,1.3,5,5,建筑工程,Công trình lắp đặt chung - T.11 Thiết bị truyền thông và đường dây,lưới,
850232,MFC+ khuôn mẫu,Equipment,General,machine-shift,1208804.07,1208804.07,1208804.07,1208804.07,1,VND,725282.44,0.6,5,5,建筑工程,Công trình lắp đặt chung - T.11 Thiết bị truyền thông và đường dây,,
060065,gạch lát sàn (h 120mm),Material,General,m,31068.84,31068.84,31068.84,31068.84,1,VND,34331.06,1.105,5,5,建筑工程,công trình hoàn thiện sàn,nẹp chân tường,
370106,cửa thép không gỉ,Material,Steel & Metal,m2,802440.15,802440.15,802440.15,802440.15,1,VND,802440.15,1.0,5,5,建筑工程,công trình cửa và cửa sổ,cửa () kim loại,
370105,cửa tấm,Material,General,m2,720138.6,720138.6,720138.6,720138.6,1,VND,720138.6,1.0,5,5,建筑工程,công trình cửa và cửa sổ,cửa () kim loại,
370104,cửa hợp kim nhôm,Material,General,m2,761289.37,761289.37,761289.37,761289.37,1,VND,761289.37,1.0,5,5,建筑工程,công trình cửa và cửa sổ,cửa () kim loại,
370103,tấm thép mạ kẽm cho cửa,Material,Steel & Metal,m2,411507.77,411507.77,411507.77,411507.77,1,VND,411507.77,1.0,5,5,建筑工程,công trình cửa và cửa sổ,cửa () kim loại,
370162,cửa điện bằng thép không gỉ (có thể),Material,Steel & Metal,m,2469046.62,2469046.62,2469046.62,2469046.62,1,VND,2469046.62,1.0,5,5,建筑工程,công trình cửa và cửa sổ,cửa,
230033,no,Material,General,pcs,164603.11,164603.11,164603.11,164603.11,1,VND,164603.11,1.0,5,5,建筑工程,công trình lợp mái và chống thấm,kết cấu chống thấm mái và phụ kiện,mái nhà ()
370161,cửa điện bằng thép không gỉ (không),Material,Steel & Metal,m,2366169.68,2366169.68,2366169.68,2366169.68,1,VND,2366169.68,1.0,5,5,建筑工程,công trình cửa và cửa sổ,cửa,
370160,cửa điện bằng thép không gỉ,Material,Steel & Metal,m2,3086308.27,3086308.27,3086308.27,3086308.27,1,VND,3086308.27,1.0,5,5,建筑工程,công trình cửa và cửa sổ,cửa,
370083,đường kính cửa 3m,Material,General,unit,139912641.77,139912641.77,139912641.77,139912641.77,1,VND,139912641.77,1.0,5,5,建筑工程,công trình cửa và cửa sổ,cửa,
370080,cửa điện,Material,General,m2,1337400.25,1337400.25,1337400.25,1337400.25,1,VND,1337400.25,1.0,5,5,建筑工程,công trình cửa và cửa sổ,cửa,
040043,kính thép,Material,Steel & Metal,m2,33743.64,33743.64,33743.64,33743.64,1,VND,34755.95,1.03,5,5,建筑工程,công trình lợp mái và chống thấm,kết cấu chống thấm mái và phụ kiện,máng xối mái
370039,cửa hợp kim nhôm,Material,General,m2,1090495.59,1090495.59,1090495.59,1090495.59,1,VND,1090495.59,1.0,5,5,建筑工程,công trình cửa và cửa sổ,cửa kim loại,
370037,cửa hợp kim nhôm,Material,General,m2,658412.43,658412.43,658412.43,658412.43,1,VND,658412.43,1.0,5,5,建筑工程,công trình cửa và cửa sổ,cửa kim loại,
370036,cửa hợp kim nhôm,Material,General,m2,699563.21,699563.21,699563.21,699563.21,1,VND,699563.21,1.0,5,5,建筑工程,công trình cửa và cửa sổ,cửa kim loại,
370034,cửa trượt hợp kim nhôm phẳng,Material,General,m2,987618.65,987618.65,987618.65,987618.65,1,VND,987618.65,1.0,5,5,建筑工程,công trình cửa và cửa sổ,cửa kim loại,
370033,cửa trượt hợp kim nhôm phẳng,Material,General,m2,1008194.04,1008194.04,1008194.04,1008194.04,1,VND,1008194.04,1.0,5,5,建筑工程,công trình cửa và cửa sổ,cửa kim loại,
080105,CB33-2 xương thép mỏng T-đầu,Material,Steel & Metal,pcs,1172.8,1172.8,1172.8,1172.8,1,VND,2303.21,1.9638,5,5,建筑工程,công trình trần,trần giả,dầm trần
080098,keel CL15×35,Material,General,m,7571.74,7571.74,7571.74,7571.74,1,VND,5365.44,0.7086,5,5,建筑工程,công trình trần,trần giả,dầm trần
080071,Dầm thép mỏng hình chữ T KB33×30,Material,Steel & Metal,m,11892.57,11892.57,11892.57,11892.57,1,VND,21915.67,1.8428,5,5,建筑工程,công trình trần,trần giả,dầm trần
080016,Dầm thép mỏng U hình CB30-L,Material,Steel & Metal,pcs,843.59,843.59,843.59,843.59,1,VND,310.28,0.3678,5,5,建筑工程,công trình trần,trần giả,dầm trần
080010,U -shaped light-gauge steel keel CB30×12,Material,Steel & Metal,m,8765.12,8765.12,8765.12,8765.12,1,VND,10658.46,1.216,5,5,建筑工程,công trình trần,trần giả,dầm trần
030047,gỗ xây dựng,Material,Wood & Timber,pcs,63372.2,63372.2,63372.2,63372.2,1,VND,46050.46,0.7267,5,5,建筑工程,các công trình trang trí khác,"tay vịn, lan can, tấm lan can trang trí","tay vịn gỗ, lan can, tấm lan can"
030095,gỗ xây dựng,Material,Wood & Timber,pcs,21809.91,21809.91,21809.91,21809.91,1,VND,16575.53,0.76,5,5,建筑工程,các công trình trang trí khác,"tay vịn, lan can, tấm lan can trang trí","tay vịn gỗ, lan can, tấm lan can"
030046,tay vịn gỗ (-shaped) 150×60,Material,Wood & Timber,m,430025.62,430025.62,430025.62,430025.62,1,VND,494529.46,1.15,5,5,建筑工程,các công trình trang trí khác,"tay vịn, lan can, tấm lan can trang trí","tay vịn gỗ, lan can, tấm lan can"
030045,tay vịn gỗ (cong) 150×60,Material,Wood & Timber,m,316655.23,316655.23,316655.23,316655.23,1,VND,364153.51,1.15,5,5,建筑工程,các công trình trang trí khác,"tay vịn, lan can, tấm lan can trang trí","tay vịn gỗ, lan can, tấm lan can"
030044,tay vịn gỗ (thẳng) 150×60,Material,Wood & Timber,m,226535.03,226535.03,226535.03,226535.03,1,VND,249188.53,1.1,5,5,建筑工程,các công trình trang trí khác,"tay vịn, lan can, tấm lan can trang trí","tay vịn gỗ, lan can, tấm lan can"
030094,tay vịn gỗ,Material,Wood & Timber,m,59462.87,59462.87,59462.87,59462.87,1,VND,68382.3,1.15,5,5,建筑工程,các công trình trang trí khác,"tay vịn, lan can, tấm lan can trang trí","tay vịn gỗ, lan can, tấm lan can"
370140,cửa đi (với mặt phẳng gỗ),Material,Wood & Timber,m2,987618.65,987618.65,987618.65,987618.65,1,VND,987618.65,1.0,5,5,建筑工程,công trình cửa và cửa sổ,,
370138,cửa đi (với mặt phẳng gỗ),Material,Wood & Timber,m2,1234523.31,1234523.31,1234523.31,1234523.31,1,VND,1234523.31,1.0,5,5,建筑工程,công trình cửa và cửa sổ,,
370020,cửa sàn,Material,General,m2,425910.54,425910.54,425910.54,425910.54,1,VND,425910.54,1.0,5,5,建筑工程,công trình cửa và cửa sổ,,
370016,cửa tấm,Material,General,m2,720138.6,720138.6,720138.6,720138.6,1,VND,720138.6,1.0,5,5,建筑工程,công trình cửa và cửa sổ,,
370004,cửa gỗ,Material,Wood & Timber,m2,565823.18,565823.18,565823.18,565823.18,1,VND,565823.18,1.0,5,5,建筑工程,công trình cửa và cửa sổ,,
090310,giá đỡ kim loại,Material,Steel & Metal,kg,5473.05,5473.05,5473.05,5473.05,1,VND,10831.09,1.979,5,5,建筑工程,công trình lợp mái và chống thấm,kết cấu chống thấm mái và phụ kiện,máng xối mái
090046,bolt,Material,Fasteners,pcs,308.63,308.63,308.63,308.63,1,VND,519.73,1.684,5,5,建筑工程,công trình lợp mái và chống thấm,kết cấu chống thấm mái và phụ kiện,máng xối mái
130155,đá,Material,General,kg,9999.64,9999.64,9999.64,9999.64,1,VND,2775.0,0.2775,5,5,建筑工程,công trình kết cấu thép,liên kết kim loại cấu trúc tại chỗ và các mục khác,
150108,chổi sắt,Material,Electrical,đơn vị,13250.55,13250.55,13250.55,13250.55,1,VND,414.08,0.0312,5,5,建筑工程,công trình kết cấu thép,liên kết kim loại cấu trúc tại chỗ và các mục khác,
280181,kim loại 30,Material,Steel & Metal,m,93000.76,93000.76,93000.76,93000.76,1,VND,86155.9,0.9264,5,5,建筑工程,Công trình lắp đặt chung - Tập 4 Lắp đặt thiết bị điện,,
280039,kim loại 20,Material,Steel & Metal,pcs,864.17,864.17,864.17,864.17,1,VND,1937.79,2.2424,5,5,建筑工程,Công trình lắp đặt chung - Tập 4 Lắp đặt thiết bị điện,đúc mẫu,điện năng khuôn mẫu bổ sung
280078,kim loại 20,Material,Steel & Metal,m,10452.3,10452.3,10452.3,10452.3,1,VND,11411.81,1.0918,5,5,建筑工程,Công trình lắp đặt chung - Tập 4 Lắp đặt thiết bị điện,đúc mẫu,điện năng khuôn mẫu bổ sung
080272,vách ngăn sàn,Material,General,m2,925892.48,925892.48,925892.48,925892.48,1,VND,1765676.96,1.907,5,5,建筑工程,"hoàn thiện tường và cột, vách ngăn và tường rèm",vách ngăn,vách ngăn
030114,vách ngăn sàn,Material,General,m2,452658.55,452658.55,452658.55,452658.55,1,VND,863219.85,1.907,5,5,建筑工程,"hoàn thiện tường và cột, vách ngăn và tường rèm",vách ngăn,vách ngăn
090204,điện aluminium,Material,General,m,12592.14,12592.14,12592.14,12592.14,1,VND,90332.2,7.1737,5,5,建筑工程,"hoàn thiện tường và cột, vách ngăn và tường rèm",vách ngăn,vách ngăn
100275,màng chống thấm chống thấm nước poly cao su dẻo 1.2mm,Material,Waterproofing,m2,111107.1,111107.1,111107.1,111107.1,1,VND,137461.7,1.2372,5,5,建筑工程,công trình lợp mái và chống thấm,"chống thấm nền và sàn, chống ẩm",lớp phủ chống thấm sàn
090166,bu lông đất (16 22)×(150 300),Material,Fasteners,set,11213.59,11213.59,11213.59,11213.59,1,VND,96257.43,8.584,5,5,建筑工程,Công trình lắp đặt chung - Tập 4 Lắp đặt thiết bị điện,,lắp đặt
060078,gạch tiêu chuẩn liên kết 240×115×53,Material,General,pcs,1028.77,1028.77,1028.77,1028.77,1,VND,151459.55,147.224,5,5,建筑工程,Công trình lắp đặt chung - Tập 4 Lắp đặt thiết bị điện,"đổ điện, sàn (gạch) và sàn",
380094,khung thép thép tường phần,Material,Steel & Metal,t,11830848.38,11830848.38,11830848.38,11830848.38,1,VND,11830848.38,1.0,5,5,建筑工程,công trình kết cấu thép,kết cấu thép,
380093,khung tường thép loại,Material,Steel & Metal,t,13168248.64,13168248.64,13168248.64,13168248.64,1,VND,13168248.64,1.0,5,5,建筑工程,công trình kết cấu thép,kết cấu thép,
380092,kết cấu thép,Material,Steel & Metal,t,13991264.18,13991264.18,13991264.18,13991264.18,1,VND,13991264.18,1.0,5,5,建筑工程,công trình kết cấu thép,kết cấu thép,
380090,đá lát,Material,General,t,9258924.82,9258924.82,9258924.82,9258924.82,1,VND,9258924.82,1.0,5,5,建筑工程,công trình kết cấu thép,kết cấu thép,
390115,phần cố định dầm thép,Material,Steel & Metal,t,12859617.81,12859617.81,12859617.81,12859617.81,1,VND,12859617.81,1.0,5,5,建筑工程,công trình kết cấu thép,kết cấu thép,
270041,đúc moulding 220V1000W,Material,General,pcs,781864.76,781864.76,781864.76,781864.76,1,VND,283660.54,0.3628,5,5,建筑工程,Công trình lắp đặt chung - Tập 4 Lắp đặt thiết bị điện,điện năng khô,
800032,Hàn điện AC 21kVA,Equipment,Welding Equip.,machine-shift,23044.44,23044.44,23044.44,23044.44,1,VND,48247.37,2.0937,5,5,建筑工程,"hoàn thiện tường và cột, vách ngăn và tường rèm",vách ngăn,vách kính
380036,thép,Material,Steel & Metal,t,13888387.23,13888387.23,13888387.23,13888387.23,1,VND,13888387.23,1.0,5,5,建筑工程,công trình kết cấu thép,kết cấu thép,
380035,cầu thép thép lan can,Material,Steel & Metal,t,12962494.75,12962494.75,12962494.75,12962494.75,1,VND,12962494.75,1.0,5,5,建筑工程,công trình kết cấu thép,kết cấu thép,
090083,Nút khóa mạ kẽm 20,Material,Fasteners,pcs,1008.19,1008.19,1008.19,1008.19,1,VND,647.88,0.6426,5,5,建筑工程,Công trình lắp đặt chung - Tập 4 Lắp đặt thiết bị điện,,ống thép mạ kẽm
090082,đai ốc chống rỉ 15,Material,Fasteners,pcs,823.02,823.02,823.02,823.02,1,VND,203.45,0.2472,5,5,建筑工程,Công trình lắp đặt chung - Tập 4 Lắp đặt thiết bị điện,,ống thép mạ kẽm
090695,ốc vít đôi mạ kẽm 16×(275 300),Material,Fasteners,set,6049.16,6049.16,6049.16,6049.16,1,VND,22406.1,3.704,5,5,建筑工程,Công trình lắp đặt chung - Tập 4 Lắp đặt thiết bị điện,lắp đặt hệ thống cấp nước,lắp đặt
300175,Thép góc mạ kẽm 63×63×6×1880,Material,Steel & Metal,pcs,115222.18,115222.18,115222.18,115222.18,1,VND,184908.55,1.6048,5,5,建筑工程,Công trình lắp đặt chung - Tập 4 Lắp đặt thiết bị điện,,lắp đặt
300004,đồng hồ M loại 65×6×280 mạ kẽm,Material,General,pcs,14320.47,14320.47,14320.47,14320.47,1,VND,23010.16,1.6068,5,5,建筑工程,Công trình lắp đặt chung - Tập 4 Lắp đặt thiết bị điện,,lắp đặt
170233,nước,Material,Water,set,1337400.25,1337400.25,1337400.25,1337400.25,1,VND,1337400.25,1.0,5,5,建筑工程,công trình lợp mái và chống thấm,kết cấu chống thấm mái và phụ kiện,mái che chống thấm nước mái
170091,nước,Material,Water,pcs,114604.91,114604.91,114604.91,114604.91,1,VND,115750.96,1.01,5,5,建筑工程,công trình lợp mái và chống thấm,kết cấu chống thấm mái và phụ kiện,mái che chống thấm nước mái
160120,nước,Material,Water,set,121189.04,121189.04,121189.04,121189.04,1,VND,122400.93,1.01,5,5,建筑工程,công trình lợp mái và chống thấm,kết cấu chống thấm mái và phụ kiện,mái che chống thấm nước mái
170194,ống thoát nước 150,Material,Pipes & Fittings,m,77363.46,77363.46,77363.46,77363.46,1,VND,81541.09,1.054,5,5,建筑工程,công trình lợp mái và chống thấm,kết cấu chống thấm mái và phụ kiện,mái che chống thấm nước mái
170193,PVC TY,Material,General,set,3497.82,3497.82,3497.82,3497.82,1,VND,1189.26,0.34,5,5,建筑工程,công trình lợp mái và chống thấm,kết cấu chống thấm mái và phụ kiện,mái che chống thấm nước mái
070100,molding gương,Material,General,m,2057.54,2057.54,2057.54,2057.54,1,VND,2119.27,1.03,5,5,建筑工程,các công trình trang trí khác,phần trang trí phù điêu,phần trang trí phù điêu
070075,định hình 30mm vượt quá,Material,General,m,5143.85,5143.85,5143.85,5143.85,1,VND,5298.16,1.03,5,5,建筑工程,các công trình trang trí khác,phần trang trí phù điêu,phần trang trí phù điêu
070074,phần trang trí 30mm trong,Material,General,m,3703.57,3703.57,3703.57,3703.57,1,VND,3814.68,1.03,5,5,建筑工程,các công trình trang trí khác,phần trang trí phù điêu,phần trang trí phù điêu
070073,định hình 30mm vượt quá,Material,General,m,9876.19,9876.19,9876.19,9876.19,1,VND,10172.47,1.03,5,5,建筑工程,các công trình trang trí khác,phần trang trí phù điêu,phần trang trí phù điêu
070072,phần trang trí 30mm trong,Material,General,m,3086.31,3086.31,3086.31,3086.31,1,VND,3178.9,1.03,5,5,建筑工程,các công trình trang trí khác,phần trang trí phù điêu,phần trang trí phù điêu
280244,hàn ống thép hàn splice 32,Material,Steel & Metal,pcs,4382.56,4382.56,4382.56,4382.56,1,VND,722.2,0.1648,5,5,建筑工程,Công trình lắp đặt chung - Tập 4 Lắp đặt thiết bị điện,,hàn thép ống
280243,hàn ống thép hàn splice 25,Material,Steel & Metal,pcs,2942.28,2942.28,2942.28,2942.28,1,VND,484.96,0.1648,5,5,建筑工程,Công trình lắp đặt chung - Tập 4 Lắp đặt thiết bị điện,,hàn thép ống
280242,hàn thép ống hàn nối 20,Material,Steel & Metal,pcs,2098.69,2098.69,2098.69,2098.69,1,VND,345.87,0.1648,5,5,建筑工程,Công trình lắp đặt chung - Tập 4 Lắp đặt thiết bị điện,,hàn thép ống
280241,khớp ống thép hàn 15,Material,Steel & Metal,pcs,1028.77,1028.77,1028.77,1028.77,1,VND,169.54,0.1648,5,5,建筑工程,Công trình lắp đặt chung - Tập 4 Lắp đặt thiết bị điện,,hàn thép ống
390114,cột thép phần lồng ghép,Material,Steel & Metal,t,13168248.64,13168248.64,13168248.64,13168248.64,1,VND,13168248.64,1.0,5,5,建筑工程,công trình kết cấu thép,kết cấu thép,
380038,thép,Material,Steel & Metal,t,13888387.23,13888387.23,13888387.23,13888387.23,1,VND,13888387.23,1.0,5,5,建筑工程,công trình kết cấu thép,kết cấu thép,
380037,giá đỡ thép,Material,Steel & Metal,t,13168248.64,13168248.64,13168248.64,13168248.64,1,VND,13168248.64,1.0,5,5,建筑工程,công trình kết cấu thép,kết cấu thép,
010386,kết cấu thép,Material,Steel & Metal,t,14197018.06,14197018.06,14197018.06,14197018.06,1,VND,14197018.06,1.0,5,5,建筑工程,công trình kết cấu thép,kết cấu thép,
390113,máy tách ống thép,Material,Steel & Metal,t,13168248.64,13168248.64,13168248.64,13168248.64,1,VND,13168248.64,1.0,5,5,建筑工程,công trình kết cấu thép,kết cấu thép,
390112,cầu thang thép,Material,Steel & Metal,t,13888387.23,13888387.23,13888387.23,13888387.23,1,VND,13888387.23,1.0,5,5,建筑工程,công trình kết cấu thép,kết cấu thép,
390111,ống thép lan can thép,Material,Steel & Metal,t,13888387.23,13888387.23,13888387.23,13888387.23,1,VND,13888387.23,1.0,5,5,建筑工程,công trình kết cấu thép,kết cấu thép,
170102,kính thép 110,Material,Steel & Metal,pcs,29834.31,29834.31,29834.31,29834.31,1,VND,3013.27,0.101,5,5,建筑工程,công trình lợp mái và chống thấm,kết cấu chống thấm mái và phụ kiện,mái che chống thấm nước mái
170101,kính thép 160,Material,Steel & Metal,pcs,29834.31,29834.31,29834.31,29834.31,1,VND,3311.61,0.111,5,5,建筑工程,công trình lợp mái và chống thấm,kết cấu chống thấm mái và phụ kiện,mái che chống thấm nước mái
170100,kính thép 110,Material,Steel & Metal,pcs,23867.45,23867.45,23867.45,23867.45,1,VND,2649.29,0.111,5,5,建筑工程,công trình lợp mái và chống thấm,kết cấu chống thấm mái và phụ kiện,mái che chống thấm nước mái
170093,kính thép nước 160,Material,Steel & Metal,m,39710.5,39710.5,39710.5,39710.5,1,VND,42132.84,1.061,5,5,建筑工程,công trình lợp mái và chống thấm,kết cấu chống thấm mái và phụ kiện,mái che chống thấm nước mái
170092,kính thép nước 110,Material,Steel & Metal,m,33743.64,33743.64,33743.64,33743.64,1,VND,35565.79,1.054,5,5,建筑工程,công trình lợp mái và chống thấm,kết cấu chống thấm mái và phụ kiện,mái che chống thấm nước mái
170089,ống thoát nước 100,Material,Pipes & Fittings,m,69133.31,69133.31,69133.31,69133.31,1,VND,72382.57,1.047,5,5,建筑工程,công trình lợp mái và chống thấm,kết cấu chống thấm mái và phụ kiện,mái che chống thấm nước mái
800477,điện năng,Equipment,General,machine-shift,167277.91,167277.91,167277.91,167277.91,1,VND,3554.6,0.0212,5,5,建筑工程,"hoàn thiện tường và cột, vách ngăn và tường rèm",mặt (dầm) của cột,bề mặt cột (dầm) trang trí
130017,tấm poly 25,Material,General,m2,22632.93,22632.93,22632.93,22632.93,1,VND,1131.65,0.05,5,5,建筑工程,công trình lợp mái và chống thấm,đoạn nối chuyển động,đổ keo nối
110204,keo dán poly,Material,General,kg,5411.33,5411.33,5411.33,5411.33,1,VND,4507.66,0.833,5,5,建筑工程,công trình lợp mái và chống thấm,đoạn nối chuyển động,đổ keo nối
100259,polyurethane,Material,General,kg,51438.47,51438.47,51438.47,51438.47,1,VND,95366.93,1.854,5,5,建筑工程,công trình lợp mái và chống thấm,đoạn nối chuyển động,đổ keo nối
800152,máy trộn bê tông 400L,Equipment,General,machine-shift,80861.28,80861.28,80861.28,80861.28,1,VND,1951.44,0.0241,5,5,建筑工程,công trình bê tông và bê tông cốt thép,bê tông thi công tại chỗ bổ sung,
850130,điện RC2000SL11,Equipment,General,machine-shift,77774.97,77774.97,77774.97,77774.97,1,VND,121328.95,1.56,5,5,建筑工程,Công trình lắp đặt chung - Tập 4 Lắp đặt thiết bị điện,điện năng,"10kV, đơn"
150197,đá,Material,General,pcs,6172.62,6172.62,6172.62,6172.62,1,VND,317.27,0.0514,5,5,建筑工程,Công trình lắp đặt chung - Tập 4 Lắp đặt thiết bị điện,,
280118,T1-T4,Material,General,pcs,5349.6,5349.6,5349.6,5349.6,1,VND,5456.59,1.02,5,5,建筑工程,Công trình lắp đặt chung - Tập 4 Lắp đặt thiết bị điện,lắp đặt khuôn mẫu,
280072,đúc moulding 86H,Material,General,pcs,5349.6,5349.6,5349.6,5349.6,1,VND,5456.59,1.02,5,5,建筑工程,Công trình lắp đặt chung - Tập 4 Lắp đặt thiết bị điện,lắp đặt khuôn mẫu,
090088,Ốc vít mạ kẽm 70,Material,Fasteners,pcs,2942.28,2942.28,2942.28,2942.28,1,VND,424.22,0.1442,5,5,建筑工程,Công trình lắp đặt chung - Tập 4 Lắp đặt thiết bị điện,,ống thép mạ kẽm
100393,Màng poly PVC dày 1.5 (loại kính),Material,Waterproofing,m2,144027.72,144027.72,144027.72,144027.72,1,VND,159150.63,1.105,5,5,建筑工程,công trình lợp mái và chống thấm,kết cấu chống thấm mái và phụ kiện,màng chống thấm mái
100255,Màng chống thấm poly PVC 1.5 độ dày,Material,Waterproofing,m2,102876.94,102876.94,102876.94,102876.94,1,VND,110798.47,1.077,5,5,建筑工程,công trình lợp mái và chống thấm,kết cấu chống thấm mái và phụ kiện,màng chống thấm mái
100254,bitum tổng hợp biến đổi poly (dán tự dính) dày 3mm,Material,Waterproofing,m2,111107.1,111107.1,111107.1,111107.1,1,VND,137939.46,1.2415,5,5,建筑工程,công trình lợp mái và chống thấm,kết cấu chống thấm mái và phụ kiện,màng chống thấm mái
170192,PVC 50,Material,General,m,17324.48,17324.48,17324.48,17324.48,1,VND,18138.65,1.047,5,5,建筑工程,công trình lợp mái và chống thấm,kết cấu chống thấm mái và phụ kiện,mái che chống thấm nước mái
170103,kính thép 160,Material,Steel & Metal,pcs,35801.18,35801.18,35801.18,35801.18,1,VND,3615.92,0.101,5,5,建筑工程,công trình lợp mái và chống thấm,kết cấu chống thấm mái và phụ kiện,mái che chống thấm nước mái
070032,vữa thạch cao 700mm vượt quá,Material,General,pcs,148142.8,148142.8,148142.8,148142.8,1,VND,152587.08,1.03,5,5,建筑工程,các công trình trang trí khác,phần trang trí phù điêu,mô hình trang trí thạch cao
070031,thạch cao 700mm trong,Material,General,pcs,103699.96,103699.96,103699.96,103699.96,1,VND,106810.96,1.03,5,5,建筑工程,các công trình trang trí khác,phần trang trí phù điêu,mô hình trang trí thạch cao
800015,cần cẩu điện đơn 8t,Equipment,Hoists,machine-shift,262541.96,262541.96,262541.96,262541.96,1,VND,31505.03,0.12,5,5,建筑工程,công trình bê tông và bê tông cốt thép,công trình thép gia cố,
100258,poly,Material,General,kg,57611.09,57611.09,57611.09,57611.09,1,VND,142414.61,2.472,5,5,建筑工程,công trình lợp mái và chống thấm,đoạn nối chuyển động,đổ keo nối
090383,đệm thép không gỉ 1.3mm,Material,Steel & Metal,m,3086.31,3086.31,3086.31,3086.31,1,VND,2067.0,0.6697,5,5,建筑工程,"hoàn thiện tường và cột, vách ngăn và tường rèm",tường mặt,bề mặt tường ốp lát trang trí
050006,kính 20mm,Material,Glass,m2,588456.11,588456.11,588456.11,588456.11,1,VND,606109.79,1.03,5,5,建筑工程,"hoàn thiện tường và cột, vách ngăn và tường rèm",tường mặt,bề mặt tường ốp lát trang trí
180658,thép 50,Material,Steel & Metal,pcs,9896.76,9896.76,9896.76,9896.76,1,VND,10094.7,1.02,5,5,建筑工程,Công trình lắp đặt chung - Tập 5 Hệ thống thông minh tòa nhà,,
800259,chiều cao,Equipment,General,machine-shift,18826.48,18826.48,18826.48,18826.48,1,VND,94697.2,5.03,5,5,建筑工程,công trình bê tông và bê tông cốt thép,công trình thép gia cố,
800061,200t,Equipment,General,machine-shift,19073.39,19073.39,19073.39,19073.39,1,VND,95939.13,5.03,5,5,建筑工程,công trình bê tông và bê tông cốt thép,công trình thép gia cố,
010574,không có keo dán thép khuôn mẫu,Material,Steel & Metal,kg,14197.02,14197.02,14197.02,14197.02,1,VND,14551943.51,1025.0,5,5,建筑工程,công trình bê tông và bê tông cốt thép,công trình thép gia cố,
010573,không có dây thép dán keo,Material,Steel & Metal,kg,14299.9,14299.9,14299.9,14299.9,1,VND,14657392.38,1025.0,5,5,建筑工程,công trình bê tông và bê tông cốt thép,công trình thép gia cố,
010572,mẫu thép,Material,Steel & Metal,kg,13950.11,13950.11,13950.11,13950.11,1,VND,14298866.23,1025.0,5,5,建筑工程,công trình bê tông và bê tông cốt thép,công trình thép gia cố,
010571,dây thép,Material,Steel & Metal,kg,13950.11,13950.11,13950.11,13950.11,1,VND,14298866.23,1025.0,5,5,建筑工程,công trình bê tông và bê tông cốt thép,công trình thép gia cố,
800183,kẹp thép thẳng,Equipment,General,machine-shift,61726.17,61726.17,61726.17,61726.17,1,VND,20863.44,0.338,5,5,建筑工程,công trình bê tông và bê tông cốt thép,công trình thép gia cố,
070030,thạch cao 600mm vượt quá,Material,General,pcs,148142.8,148142.8,148142.8,148142.8,1,VND,152587.08,1.03,5,5,建筑工程,các công trình trang trí khác,phần trang trí phù điêu,mô hình trang trí thạch cao
070029,thạch cao 600mm trong,Material,General,pcs,88885.68,88885.68,88885.68,88885.68,1,VND,91552.25,1.03,5,5,建筑工程,các công trình trang trí khác,phần trang trí phù điêu,mô hình trang trí thạch cao
070028,thạch cao,Material,General,pcs,14197.02,14197.02,14197.02,14197.02,1,VND,14622.93,1.03,5,5,建筑工程,các công trình trang trí khác,phần trang trí phù điêu,mô hình trang trí thạch cao
120153,Dải hình U,Material,General,m,2057.54,2057.54,2057.54,2057.54,1,VND,4320.83,2.1,5,5,建筑工程,công trình lợp mái và chống thấm,,hồ sơ và các mục khác mái
100253,bitum modified kim loại (dán tự dính) dày 4mm,Material,Steel & Metal,m2,216041.58,216041.58,216041.58,216041.58,1,VND,275020.93,1.273,5,5,建筑工程,công trình lợp mái và chống thấm,kết cấu chống thấm mái và phụ kiện,màng chống thấm mái
070052,dải trang trí hoàn thiện gương 30mm vượt quá,Material,General,m,37447.21,37447.21,37447.21,37447.21,1,VND,38570.62,1.03,5,5,建筑工程,các công trình trang trí khác,phần trang trí phù điêu,phào trang trí kim loại
070051,dải trang trí hoàn thiện gương 30mm trong,Material,General,m,26130.74,26130.74,26130.74,26130.74,1,VND,26914.67,1.03,5,5,建筑工程,các công trình trang trí khác,phần trang trí phù điêu,phào trang trí kim loại
070050,dải trang trí thép không gỉ hoàn thiện gương 30mm vượt quá,Material,Steel & Metal,m,36418.44,36418.44,36418.44,36418.44,1,VND,37510.99,1.03,5,5,建筑工程,các công trình trang trí khác,phần trang trí phù điêu,phào trang trí kim loại
070049,dải trang trí thép không gỉ mạ bóng 30mm,Material,Steel & Metal,m,21604.16,21604.16,21604.16,21604.16,1,VND,22252.28,1.03,5,5,建筑工程,các công trình trang trí khác,phần trang trí phù điêu,phào trang trí kim loại
030108,gỗ lát,Material,Wood & Timber,m2,617261.65,617261.65,617261.65,617261.65,1,VND,648124.74,1.05,5,5,建筑工程,công trình lợp mái và chống thấm,,hồ sơ và các mục khác mái
010245,lưới thép,Material,Steel & Metal,m2,20575.39,20575.39,20575.39,20575.39,1,VND,20781.14,1.01,5,5,建筑工程,công trình lợp mái và chống thấm,,hồ sơ và các mục khác mái
020005,gạch bê tông,Material,Concrete & Cement,m2,87445.4,87445.4,87445.4,87445.4,1,VND,89194.31,1.02,5,5,建筑工程,công trình lợp mái và chống thấm,,hồ sơ và các mục khác mái
090877,đinh 3×15,Material,Fasteners,set,3086.31,3086.31,3086.31,3086.31,1,VND,14505.65,4.7,5,5,建筑工程,công trình lợp mái và chống thấm,,
090239,tấm thép dải dày 2mm,Material,Steel & Metal,m,17859.44,17859.44,17859.44,17859.44,1,VND,43791.42,2.452,5,5,建筑工程,công trình lợp mái và chống thấm,,
040129,loại slab,Material,General,pcs,174890.8,174890.8,174890.8,174890.8,1,VND,23435.37,0.134,5,5,建筑工程,công trình lợp mái và chống thấm,,
040128,loại slab,Material,General,m2,174890.8,174890.8,174890.8,174890.8,1,VND,180137.53,1.03,5,5,建筑工程,công trình lợp mái và chống thấm,,
040127,đá kim loại,Material,Steel & Metal,pcs,61726.17,61726.17,61726.17,61726.17,1,VND,17900.59,0.29,5,5,建筑工程,công trình lợp mái và chống thấm,,
100123,đá,Material,General,kg,6378.37,6378.37,6378.37,6378.37,1,VND,2334.48,0.366,5,5,建筑工程,công trình cách nhiệt và chống ăn mòn,lớp hoàn thiện chống ăn mòn,lớp hoàn thiện chống ăn mòn mặt ngoài
810110,bê tông đá,Material,Concrete & Cement,m3,1638212.43,1638212.43,1638212.43,1638212.43,1,VND,53815.24,0.0329,5,5,建筑工程,công trình cách nhiệt và chống ăn mòn,lớp hoàn thiện chống ăn mòn,lớp phủ bê tông chống ăn mòn
810099,bê tông,Material,Concrete & Cement,m3,626890.94,626890.94,626890.94,626890.94,1,VND,20718.8,0.033,5,5,建筑工程,công trình cách nhiệt và chống ăn mòn,lớp hoàn thiện chống ăn mòn,lớp phủ bê tông chống ăn mòn
810098,bê tông chống kiềm,Material,Concrete & Cement,m3,905317.09,905317.09,905317.09,905317.09,1,VND,54862.22,0.0606,5,5,建筑工程,công trình cách nhiệt và chống ăn mòn,lớp hoàn thiện chống ăn mòn,lớp phủ bê tông chống ăn mòn
100439,bảng dán đá 0.8 6,Material,General,kg,33332.13,33332.13,33332.13,33332.13,1,VND,8333.03,0.25,5,5,建筑工程,"Công trình lắp đặt chung - Tập 6 Điều khiển tự động, instrumentation",,
090161,bulong mở rộng 12,Material,Fasteners,set,5534.78,5534.78,5534.78,5534.78,1,VND,31747.5,5.736,5,5,建筑工程,Công trình lắp đặt chung - Tập 5 Hệ thống thông minh tòa nhà,lắp đặt,"lắp đặt, đơn"
800003,cẩu trục xe tải 10t,Equipment,Cranes,machine-shift,1189257.46,1189257.46,1189257.46,1189257.46,1,VND,1783886.18,1.5,5,5,建筑工程,Công trình lắp đặt chung - Tập 5 Hệ thống thông minh tòa nhà,lắp đặt,
800418,điện năng,Equipment,General,machine-shift,333362.44,333362.44,333362.44,333362.44,1,VND,66672.49,0.2,5,5,建筑工程,Công trình lắp đặt chung - Tập 5 Hệ thống thông minh tòa nhà,lắp đặt,
390135,loại sàn tầng,Material,General,m3,3909323.81,3909323.81,3909323.81,3909323.81,1,VND,3909323.81,1.0,5,5,建筑工程,công trình bê tông và bê tông cốt thép,bệ đúc sẵn bê tông,
390130,bản đắp nền đơn,Material,General,m3,2859979.0,2859979.0,2859979.0,2859979.0,1,VND,2859979.0,1.0,5,5,建筑工程,công trình bê tông và bê tông cốt thép,bệ đúc sẵn bê tông,
390129,bệ dầm T kiểu đôi,Material,General,m3,2859979.0,2859979.0,2859979.0,2859979.0,1,VND,2859979.0,1.0,5,5,建筑工程,công trình bê tông và bê tông cốt thép,bệ đúc sẵn bê tông,
390128,Mặt sàn dạng F,Material,General,m3,2859979.0,2859979.0,2859979.0,2859979.0,1,VND,2859979.0,1.0,5,5,建筑工程,công trình bê tông và bê tông cốt thép,bệ đúc sẵn bê tông,
390144,khung cửa sổ,Material,Glass,m3,8230155.4,8230155.4,8230155.4,8230155.4,1,VND,8230155.4,1.0,5,5,建筑工程,công trình bê tông và bê tông cốt thép,khung bê tông đúc sẵn,
390143,khung cửa,Material,General,m3,8230155.4,8230155.4,8230155.4,8230155.4,1,VND,8230155.4,1.0,5,5,建筑工程,công trình bê tông và bê tông cốt thép,khung bê tông đúc sẵn,
850224,1070,Equipment,General,machine-shift,61314.66,61314.66,61314.66,61314.66,1,VND,60955.93,0.9942,5,5,建筑工程,"Công trình lắp đặt chung - Tập 6 Điều khiển tự động, instrumentation",,
080191,gạch trang trí gỗ,Material,Wood & Timber,m2,164603.11,164603.11,164603.11,164603.11,1,VND,178018.26,1.0815,5,5,建筑工程,"hoàn thiện tường và cột, vách ngăn và tường rèm",tường mặt,bề mặt tường ốp lát trang trí
130050,đá,Material,General,kg,3106.88,3106.88,3106.88,3106.88,1,VND,13491.59,4.3425,5,5,建筑工程,công trình cách nhiệt và chống ăn mòn,lớp hoàn thiện chống ăn mòn,lớp hoàn thiện chống ăn mòn mặt ngoài
120021,tấm đan nước,Material,Water,m2,128596.18,128596.18,128596.18,128596.18,1,VND,135025.99,1.05,5,5,建筑工程,công trình cách nhiệt và chống ăn mòn,lớp hoàn thiện chống ăn mòn,lớp hoàn thiện chống ăn mòn mặt ngoài
040126,đá kim loại,Material,Steel & Metal,m2,283940.36,283940.36,283940.36,283940.36,1,VND,292458.57,1.03,5,5,建筑工程,công trình lợp mái và chống thấm,,
040022,kính thép,Material,Steel & Metal,m2,124481.1,124481.1,124481.1,124481.1,1,VND,125725.91,1.01,5,5,建筑工程,công trình lợp mái và chống thấm,,
040014,Xi măng,Material,Concrete & Cement,pcs,6172.62,6172.62,6172.62,6172.62,1,VND,1790.06,0.29,5,5,建筑工程,công trình lợp mái và chống thấm,,
390008,dầm hình T,Material,General,m3,4096971.36,4096971.36,4096971.36,4096971.36,1,VND,4096971.36,1.0,5,5,建筑工程,công trình bê tông và bê tông cốt thép,dầm bê tông đúc sẵn,
390127,có sàn đổ bê tông,Material,General,m3,2859979.0,2859979.0,2859979.0,2859979.0,1,VND,2859979.0,1.0,5,5,建筑工程,công trình bê tông và bê tông cốt thép,bệ đúc sẵn bê tông,
080753,ống thép mạ kẽm 50×50×1.5,Material,Steel & Metal,m,41150.78,41150.78,41150.78,41150.78,1,VND,247324.4,6.0102,5,5,建筑工程,"hoàn thiện tường và cột, vách ngăn và tường rèm",tường mặt,bề mặt tường ốp lát trang trí
080140,đinh hợp kim nhôm 25×50×3,Material,General,m,8785.69,8785.69,8785.69,8785.69,1,VND,36522.14,4.157,5,5,建筑工程,"hoàn thiện tường và cột, vách ngăn và tường rèm",tường mặt,bề mặt tường ốp lát trang trí
080139,khung hợp kim nhôm 40×40×3,Material,General,m,10987.26,10987.26,10987.26,10987.26,1,VND,61794.48,5.6242,5,5,建筑工程,"hoàn thiện tường và cột, vách ngăn và tường rèm",tường mặt,bề mặt tường ốp lát trang trí
080009,dầm thép góc 30×30×3,Material,Steel & Metal,kg,9464.68,9464.68,9464.68,9464.68,1,VND,115747.26,12.2294,5,5,建筑工程,"hoàn thiện tường và cột, vách ngăn và tường rèm",tường mặt,bề mặt tường ốp lát trang trí
080002,khung thép nhẹ 25×25,Material,Steel & Metal,m,9341.23,9341.23,9341.23,9341.23,1,VND,41587.18,4.452,5,5,建筑工程,"hoàn thiện tường và cột, vách ngăn và tường rèm",tường mặt,bề mặt tường ốp lát trang trí
080001,khung thép nhẹ 50×20,Material,Steel & Metal,m,11645.67,11645.67,11645.67,11645.67,1,VND,68915.62,5.9177,5,5,建筑工程,"hoàn thiện tường và cột, vách ngăn và tường rèm",tường mặt,bề mặt tường ốp lát trang trí
370243,kính,Material,Glass,m2,10287.69,10287.69,10287.69,10287.69,1,VND,11316.46,1.1,5,5,建筑工程,công trình cửa và cửa sổ,,
040010,kính thép,Material,Steel & Metal,pcs,54936.29,54936.29,54936.29,54936.29,1,VND,8053.62,0.1466,5,5,建筑工程,công trình lợp mái và chống thấm,,
040009,đồ trang trí,Material,General,m2,99173.37,99173.37,99173.37,99173.37,1,VND,102148.57,1.03,5,5,建筑工程,công trình lợp mái và chống thấm,,
110286,sơn dầu emulsion,Material,Paint & Coatings,kg,62137.67,62137.67,62137.67,62137.67,1,VND,16000.45,0.2575,5,5,建筑工程,"công việc sơn, phủ và giấy dán tường",phun sơn phun và quét sơn,lớp phủ hoàn thiện trần
010019,thép tấm 60 vượt quá,Material,Steel & Metal,kg,7880.37,7880.37,7880.37,7880.37,1,VND,76401.81,9.6952,5,5,建筑工程,Công trình lắp đặt chung - Tập 7 Thông gió và điều hòa không khí,và lắp đặt,lắp đặt
390142,khung,Material,General,m3,8230155.4,8230155.4,8230155.4,8230155.4,1,VND,8230155.4,1.0,5,5,建筑工程,công trình bê tông và bê tông cốt thép,khung bê tông đúc sẵn,
390141,khung,Material,General,m3,8230155.4,8230155.4,8230155.4,8230155.4,1,VND,8230155.4,1.0,5,5,建筑工程,công trình bê tông và bê tông cốt thép,khung bê tông đúc sẵn,
390140,khuôn đúc - khung hình dạng,Material,General,m3,9258924.82,9258924.82,9258924.82,9258924.82,1,VND,9258924.82,1.0,5,5,建筑工程,công trình bê tông và bê tông cốt thép,khung bê tông đúc sẵn,
010252,dây thép,Material,Steel & Metal,kg,21192.65,21192.65,21192.65,21192.65,1,VND,3178.9,0.15,5,5,建筑工程,công trình bê tông và bê tông cốt thép,khung bê tông đúc sẵn,
810203,vữa 1: 0.3: 1.5,Material,Concrete & Cement,m3,1193372.53,1193372.53,1193372.53,1193372.53,1,VND,716.02,0.0006,5,5,建筑工程,công trình bê tông và bê tông cốt thép,dầm bê tông đúc sẵn,
390136,dầm hình dạng đặc biệt,Material,General,m3,4320831.58,4320831.58,4320831.58,4320831.58,1,VND,4320831.58,1.0,5,5,建筑工程,công trình bê tông và bê tông cốt thép,dầm bê tông đúc sẵn,
390132,dầm chữ nhật,Material,General,m3,3909323.81,3909323.81,3909323.81,3909323.81,1,VND,3909323.81,1.0,5,5,建筑工程,công trình bê tông và bê tông cốt thép,dầm bê tông đúc sẵn,
390124,dầm,Material,General,m3,5040970.18,5040970.18,5040970.18,5040970.18,1,VND,5040970.18,1.0,5,5,建筑工程,công trình bê tông và bê tông cốt thép,dầm bê tông đúc sẵn,
390123,dầm cấu kiện đặc biệt hình dạng,Material,General,m3,3703569.93,3703569.93,3703569.93,3703569.93,1,VND,3703569.93,1.0,5,5,建筑工程,công trình bê tông và bê tông cốt thép,dầm bê tông đúc sẵn,
110111,lớp phủ polyurethane,Material,General,kg,21192.65,21192.65,21192.65,21192.65,1,VND,7497.96,0.3538,5,5,建筑工程,công trình cách nhiệt và chống ăn mòn,chống ăn mòn,lớp phủ chống ăn mòn
100142,keo dán bitum dạng nước,Material,Waterproofing,kg,12756.74,12756.74,12756.74,12756.74,1,VND,11481.07,0.9,5,5,建筑工程,công trình cách nhiệt và chống ăn mòn,chống ăn mòn,lớp phân cách
060047,GRC đá 0.2m2 trong,Material,General,m2,82301.55,82301.55,82301.55,82301.55,1,VND,84564.85,1.0275,5,5,建筑工程,"hoàn thiện tường và cột, vách ngăn và tường rèm",lát nền (dầm) mặt bàn ốp lát,bề mặt tường cột
400063,Bê tông C30,Material,Concrete & Cement,m3,987618.65,987618.65,987618.65,987618.65,1,VND,976754.84,0.989,5,5,建筑工程,công trình bê tông và bê tông cốt thép,cột bê tông đúc tại chỗ,
180861,hợp kim nhôm,Material,General,m,41150.78,41150.78,41150.78,41150.78,1,VND,3292.06,0.08,5,5,建筑工程,Công trình lắp đặt chung - Tập 7 Thông gió và điều hòa không khí,,
230008,keo dán nhôm với 64,Material,General,m,6995.63,6995.63,6995.63,6995.63,1,VND,5036.86,0.72,5,5,建筑工程,Công trình lắp đặt chung - Tập 7 Thông gió và điều hòa không khí,,
110752,keo dán nước,Material,Water,kg,6172.62,6172.62,6172.62,6172.62,1,VND,2506.08,0.406,5,5,建筑工程,Công trình lắp đặt chung - Tập 7 Thông gió và điều hòa không khí,,
060012,đá cẩm thạch tấm 0.25m2 vượt quá,Material,General,m2,411507.77,411507.77,411507.77,411507.77,1,VND,419737.93,1.02,5,5,建筑工程,công trình hoàn thiện sàn,lát lát sàn,
090619,được mạ kẽm với bu lông 8×(65 80),Material,Fasteners,set,987.62,987.62,987.62,987.62,1,VND,7934.12,8.0336,5,5,建筑工程,Công trình lắp đặt chung - Tập 7 Thông gió và điều hòa không khí,,"lắp đặt tấm thép mạ kẽm (1.0mm trong, )"
110494,sơn lót polyurethane,Material,Paint & Coatings,kg,51438.47,51438.47,51438.47,51438.47,1,VND,10030.5,0.195,5,5,建筑工程,"công việc sơn, phủ và giấy dán tường",sơn bề mặt kim loại,"bề mặt kim loại, sơn kết cấu thép"
110789,lớp lót chống thấm,Material,Paint & Coatings,kg,57611.09,57611.09,57611.09,57611.09,1,VND,17283.33,0.3,5,5,建筑工程,"công việc sơn, phủ và giấy dán tường",sơn bề mặt kim loại,"bề mặt kim loại, sơn kết cấu thép"
110033,sơn,Material,Paint & Coatings,kg,92589.25,92589.25,92589.25,92589.25,1,VND,1827.09,0.0197,5,5,建筑工程,"công việc sơn, phủ và giấy dán tường",sơn bề mặt gỗ,sơn sàn bê tông gỗ
110006,sơn phủ bóng hoàn thiện,Material,Paint & Coatings,kg,38887.48,38887.48,38887.48,38887.48,1,VND,1713.0,0.0441,5,5,建筑工程,"công việc sơn, phủ và giấy dán tường",sơn bề mặt gỗ,sơn sàn bê tông gỗ
810182,đá xi măng (hoàn thiện đá rửa),Material,Concrete & Cement,m3,596686.27,596686.27,596686.27,596686.27,1,VND,7935.93,0.0133,5,5,建筑工程,"hoàn thiện tường và cột, vách ngăn và tường rèm",,trát tường trang trí
180656,thép 32,Material,Steel & Metal,pcs,3991.63,3991.63,3991.63,3991.63,1,VND,4031.54,1.01,5,5,建筑工程,"Công việc lắp đặt chung - Vol.10 Cung cấp nước, thoát nước, sưởi ấm, khí",lắp đặt,
180027,kẽm mạ 32,Material,General,pcs,5431.9,5431.9,5431.9,5431.9,1,VND,10918.12,2.01,5,5,建筑工程,"Công việc lắp đặt chung - Vol.10 Cung cấp nước, thoát nước, sưởi ấm, khí",lắp đặt,
180021,kẹp mạ kẽm 32,Material,General,pcs,15225.79,15225.79,15225.79,15225.79,1,VND,30756.09,2.02,5,5,建筑工程,"Công việc lắp đặt chung - Vol.10 Cung cấp nước, thoát nước, sưởi ấm, khí",lắp đặt,
180010,kẽm mạ 32,Material,General,pcs,5349.6,5349.6,5349.6,5349.6,1,VND,5403.1,1.01,5,5,建筑工程,"Công việc lắp đặt chung - Vol.10 Cung cấp nước, thoát nước, sưởi ấm, khí",lắp đặt,
180031,15 mạ kẽm,Material,General,pcs,2674.8,2674.8,2674.8,2674.8,1,VND,3241.86,1.212,5,5,建筑工程,"Công việc lắp đặt chung - Vol.10 Cung cấp nước, thoát nước, sưởi ấm, khí",lắp đặt hệ thống cấp nước,
180252,20,Material,General,pcs,1790.06,1790.06,1790.06,1790.06,1,VND,3168.4,1.77,5,5,建筑工程,công trình đóng cọc,cọc khoan,
110301,chống thấm primer,Material,Paint & Coatings,kg,24690.47,24690.47,24690.47,24690.47,1,VND,4765.26,0.193,5,5,建筑工程,"hoàn thiện tường và cột, vách ngăn và tường rèm",,
060015,bản chân tường bằng đá cẩm thạch (chiều cao 150mm),Material,Wood & Timber,m,84770.6,84770.6,84770.6,84770.6,1,VND,93671.51,1.105,5,5,建筑工程,công trình hoàn thiện sàn,nẹp chân tường,
850231,"V5 ISDN, 7",Equipment,General,machine-shift,977063.47,977063.47,977063.47,977063.47,1,VND,1042201.04,1.0667,5,5,建筑工程,Công trình lắp đặt chung - T.11 Thiết bị truyền thông và đường dây,,
350150,RV-105 khuôn đúc điện poly 0.5,Material,General,m,1769.48,1769.48,1769.48,1769.48,1,VND,8469.93,4.7867,5,5,建筑工程,Công trình lắp đặt chung - T.11 Thiết bị truyền thông và đường dây,đúc mẫu,
180129,flat (1.0MPa) 200,Material,General,pcs,166660.65,166660.65,166660.65,166660.65,1,VND,199992.78,1.2,5,5,建筑工程,"Công việc lắp đặt chung - Vol.10 Cung cấp nước, thoát nước, sưởi ấm, khí",,lắp đặt
180128,flat (1.0MPa) 150,Material,General,pcs,108638.05,108638.05,108638.05,108638.05,1,VND,130365.66,1.2,5,5,建筑工程,"Công việc lắp đặt chung - Vol.10 Cung cấp nước, thoát nước, sưởi ấm, khí",,lắp đặt
180126,flat (1.0MPa) 100,Material,General,pcs,68927.55,68927.55,68927.55,68927.55,1,VND,82713.06,1.2,5,5,建筑工程,"Công việc lắp đặt chung - Vol.10 Cung cấp nước, thoát nước, sưởi ấm, khí",,lắp đặt
180125,ống (1.0MPa) 80,Material,General,pcs,55759.3,55759.3,55759.3,55759.3,1,VND,66911.16,1.2,5,5,建筑工程,"Công việc lắp đặt chung - Vol.10 Cung cấp nước, thoát nước, sưởi ấm, khí",,lắp đặt
110302,lớp phủ,Material,General,kg,15431.54,15431.54,15431.54,15431.54,1,VND,23841.73,1.545,5,5,建筑工程,"công việc sơn, phủ và giấy dán tường",phun sơn phun và quét sơn,lớp phủ hoàn thiện trần
110776,chống ẩm sơn lót chống thấm,Material,Paint & Coatings,kg,39093.24,39093.24,39093.24,39093.24,1,VND,9773.31,0.25,5,5,建筑工程,"công việc sơn, phủ và giấy dán tường",sơn trên bề mặt trát,sơn trên bề mặt trát
110767,lớp phủ H87,Material,General,kg,53496.01,53496.01,53496.01,53496.01,1,VND,11726.33,0.2192,5,5,建筑工程,"Công trình lắp đặt chung - T.12 Sơn, chống ăn mòn, cách nhiệt",,
830048,khóa,Material,General,kg,10493.45,10493.45,10493.45,10493.45,1,VND,817166.78,77.874,5,5,建筑工程,xử lý nền và gia cố mái dốc,hố móng,tường nền
010689,Pb2ϕ5 13,Material,General,kg,59051.36,59051.36,59051.36,59051.36,1,VND,1417232.76,24.0,5,5,建筑工程,Công trình lắp đặt chung - T.11 Thiết bị truyền thông và đường dây,,
460057,đá,Material,General,kg,9732.16,9732.16,9732.16,9732.16,1,VND,9732.16,1.0,5,5,建筑工程,Công trình lắp đặt chung - T.11 Thiết bị truyền thông và đường dây,,
040225,đá,Material,General,kg,267.48,267.48,267.48,267.48,1,VND,81848.9,306.0,5,5,建筑工程,đào đất và công trình đá,đắp đất lấp,đắp đất nền móng
800531,điện năng,Equipment,General,machine-shift,455127.59,455127.59,455127.59,455127.59,1,VND,1865.98,0.0041,5,5,建筑工程,đào đất và công trình đá,,
800292,bánh xe lu (tổng hợp),Equipment,General,machine-shift,967454.77,967454.77,967454.77,967454.77,1,VND,387.02,0.0004,5,5,建筑工程,đào đất và công trình đá,,
800626,30kW,Equipment,General,machine-shift,31480.34,31480.34,31480.34,31480.34,1,VND,1566.15,0.0498,4,4,建筑工程,"Công trình lắp đặt chung - T.12 Sơn, chống ăn mòn, cách nhiệt",phun,phun sơn đá
110100,sơn lót bitum,Material,Paint & Coatings,kg,62137.67,62137.67,62137.67,62137.67,1,VND,8326.45,0.134,4,4,建筑工程,"Công trình lắp đặt chung - T.12 Sơn, chống ăn mòn, cách nhiệt",chổi quét hình chữ nhật,
390086,cọc dự ứng lực đúc sẵn,Material,Concrete & Cement,pcs,123452.33,123452.33,123452.33,123452.33,1,VND,78351.08,0.6347,4,4,建筑工程,xử lý nền và gia cố mái dốc,,
830049,cọc,Material,General,kg,8127.28,8127.28,8127.28,8127.28,1,VND,43941.49,5.4067,4,4,建筑工程,xử lý nền và gia cố mái dốc,,
800257,cọc 40t,Equipment,General,machine-shift,1427108.95,1427108.95,1427108.95,1427108.95,1,VND,153747.19,0.1077,4,4,建筑工程,xử lý nền và gia cố mái dốc,,
010043,tấm thép mạ kẽm 0.5,Material,Steel & Metal,m2,49792.44,49792.44,49792.44,49792.44,1,VND,65477.06,1.315,4,4,建筑工程,"Công trình lắp đặt chung - T.12 Sơn, chống ăn mòn, cách nhiệt",lắp đặt gia công,
800042,1.5,Equipment,General,machine-shift,30245.82,30245.82,30245.82,30245.82,1,VND,264.65,0.0088,4,4,建筑工程,"Công trình lắp đặt chung - T.12 Sơn, chống ăn mòn, cách nhiệt",lắp đặt gia công,
810119,1: 2.5 đá terrazzo,Material,General,m3,2294670.2,2294670.2,2294670.2,2294670.2,1,VND,36485.31,0.0159,4,4,建筑工程,công trình hoàn thiện sàn,,
110464,loại không phủ composite,Equipment,General,kg,73248.38,73248.38,73248.38,73248.38,1,VND,33225.55,0.4536,4,4,建筑工程,"công việc sơn, phủ và giấy dán tường",phun sơn phun và quét sơn,lớp phủ hoàn thiện bề mặt tường
090253,dây 4×6mm,Material,General,m,22221.42,22221.42,22221.42,22221.42,1,VND,23554.7,1.06,4,4,建筑工程,công trình hoàn thiện sàn,lớp hoàn thiện cầu thang bộ,
090187,bu-lông YG1-M10,Material,Fasteners,pcs,3703.57,3703.57,3703.57,3703.57,1,VND,4444.28,1.2,4,4,建筑工程,công trình hoàn thiện sàn,lớp hoàn thiện cầu thang bộ,
090337,thép không gỉ,Material,Steel & Metal,m,32097.61,32097.61,32097.61,32097.61,1,VND,33702.49,1.05,4,4,建筑工程,công trình hoàn thiện sàn,lớp hoàn thiện cầu thang bộ,
090339,tấm thép không gỉ,Material,Steel & Metal,m,26748.01,26748.01,26748.01,26748.01,1,VND,28085.41,1.05,4,4,建筑工程,công trình hoàn thiện sàn,lớp hoàn thiện cầu thang bộ,
800145,mài phẳng bề mặt,Equipment,General,machine-shift,13682.63,13682.63,13682.63,13682.63,1,VND,1477.72,0.108,4,4,建筑工程,công trình hoàn thiện sàn,,
060087,đá lát hình dạng đặc biệt sản phẩm hoàn thiện 5mm,Material,General,m2,576110.88,576110.88,576110.88,576110.88,1,VND,619895.3,1.076,4,4,建筑工程,"hoàn thiện tường và cột, vách ngăn và tường rèm",lát nền (dầm) mặt bàn ốp lát,bề mặt cột lát đá
060088,loại đá lát hoàn thiện 8 12mm,Material,General,m2,329206.22,329206.22,329206.22,329206.22,1,VND,337436.37,1.025,4,4,建筑工程,"hoàn thiện tường và cột, vách ngăn và tường rèm",lát nền (dầm) mặt bàn ốp lát,bề mặt cột lát đá
060100,đá lát hình dạng đặc biệt sản phẩm hoàn thiện 8 12mm,Material,General,m2,658412.43,658412.43,658412.43,658412.43,1,VND,708451.78,1.076,4,4,建筑工程,"hoàn thiện tường và cột, vách ngăn và tường rèm",lát nền (dầm) mặt bàn ốp lát,bề mặt cột lát đá
110083,poly,Material,General,kg,90943.22,90943.22,90943.22,90943.22,1,VND,33148.8,0.3645,4,4,建筑工程,công trình cách nhiệt và chống ăn mòn,chống ăn mòn,lớp phân cách
110794,lớp phủ,Material,General,kg,65841.24,65841.24,65841.24,65841.24,1,VND,28953.69,0.4398,4,4,建筑工程,công trình cách nhiệt và chống ăn mòn,chống ăn mòn,lớp phủ chống ăn mòn
090092,với bu lông 6×(16 25),Material,Fasteners,set,185.18,185.18,185.18,185.18,1,VND,1468.57,7.9303,4,4,建筑工程,Công trình lắp đặt chung - Tập 7 Thông gió và điều hòa không khí,,"lắp đặt tấm thép (3mm trong, hàn)"
090618,đai ốc hình dạng -s shaped bằng thép mạ kẽm 8,Material,Fasteners,pcs,1604.88,1604.88,1604.88,1604.88,1,VND,1701.17,1.06,4,4,建筑工程,Công trình lắp đặt chung - Tập 7 Thông gió và điều hòa không khí,,
090468,đinh tán mạ kẽm,Material,Fasteners,pcs,411.51,411.51,411.51,411.51,1,VND,3596.58,8.74,4,4,建筑工程,"công việc sơn, phủ và giấy dán tường",đúc mẫu,
110463,loại độ dày không sơn tường,Equipment,General,kg,79009.49,79009.49,79009.49,79009.49,1,VND,49775.98,0.63,4,4,建筑工程,"công việc sơn, phủ và giấy dán tường",phun sơn phun và quét sơn,lớp phủ hoàn thiện bề mặt tường
090311,cửa sổ đơn,Material,Glass,m,12880.19,12880.19,12880.19,12880.19,1,VND,13524.2,1.05,4,4,建筑工程,công trình cửa và cửa sổ,"cửa sổ, cửa sổ",
090312,cửa sổ đôi,Material,Glass,m,25719.24,25719.24,25719.24,25719.24,1,VND,27005.2,1.05,4,4,建筑工程,công trình cửa và cửa sổ,"cửa sổ, cửa sổ",
090315,cửa sổ đơn,Material,Glass,m,47940.66,47940.66,47940.66,47940.66,1,VND,47940.66,1.0,4,4,建筑工程,công trình cửa và cửa sổ,"cửa sổ, cửa sổ",
090316,cửa sổ đôi,Material,Glass,m,91560.48,91560.48,91560.48,91560.48,1,VND,91560.48,1.0,4,4,建筑工程,công trình cửa và cửa sổ,"cửa sổ, cửa sổ",
110753,không phủ lớp,Equipment,General,kg,30863.08,30863.08,30863.08,30863.08,1,VND,15554.99,0.504,4,4,建筑工程,"công việc sơn, phủ và giấy dán tường",phun sơn phun và quét sơn,lớp phủ hoàn thiện bề mặt tường
110754,loại độ dày không có lớp phủ composite,Equipment,General,kg,63783.7,63783.7,63783.7,63783.7,1,VND,35361.69,0.5544,4,4,建筑工程,"công việc sơn, phủ và giấy dán tường",phun sơn phun và quét sơn,lớp phủ hoàn thiện bề mặt tường
020103,trát vữa SN block,Material,General,m3,987618.65,987618.65,987618.65,987618.65,1,VND,782193.97,0.792,4,4,建筑工程,công trình xây masonry,tường gạch,
020104,trát vữa SN khối đặc biệt hình dạng,Material,General,m3,997906.34,997906.34,997906.34,997906.34,1,VND,185610.58,0.186,4,4,建筑工程,công trình xây masonry,tường gạch,
400010,Bê tông trộn sẵn C35,Material,Concrete & Cement,m3,874454.01,874454.01,874454.01,874454.01,1,VND,887570.82,1.015,4,4,建筑工程,công trình bê tông và bê tông cốt thép,bê tông đúc sẵn tại chỗ với,
400066,lưới,Material,General,m2,10287.69,10287.69,10287.69,10287.69,1,VND,37807.28,3.675,4,4,建筑工程,công trình bê tông và bê tông cốt thép,bê tông đúc sẵn tại chỗ với,
800222,bình chứa 5t,Equipment,General,machine-shift,609443.01,609443.01,609443.01,609443.01,1,VND,121888.6,0.2,4,4,建筑工程,Công trình lắp đặt chung - Tập 7 Thông gió và điều hòa không khí,,lắp đặt hệ thống cấp nước
110603,không phủ lớp composite,Equipment,General,kg,73248.38,73248.38,73248.38,73248.38,1,VND,23073.24,0.315,4,4,建筑工程,"công việc sơn, phủ và giấy dán tường",phun sơn phun và quét sơn,lớp phủ hoàn thiện trần
110602,không phủ lớp,Equipment,General,kg,33949.39,33949.39,33949.39,33949.39,1,VND,10439.44,0.3075,4,4,建筑工程,"công việc sơn, phủ và giấy dán tường",phun sơn phun và quét sơn,lớp phủ hoàn thiện trần
091058,galvanized with bolt 8×75,Material,Fasteners,set,2633.65,2633.65,2633.65,2633.65,1,VND,97234.35,36.92,4,4,建筑工程,Công trình lắp đặt chung - Tập 7 Thông gió và điều hòa không khí,,lắp đặt
810096,vữa trộn poly,Material,Concrete & Cement,m3,33830115.49,33830115.49,33830115.49,33830115.49,1,VND,106564.88,0.0032,4,4,建筑工程,công trình cách nhiệt và chống ăn mòn,lớp hoàn thiện chống ăn mòn,lớp hoàn thiện vữa chống ăn mòn
810169,vữa xi măng poly acrylic,Material,Concrete & Cement,m3,3292062.16,3292062.16,3292062.16,3292062.16,1,VND,44442.84,0.0135,4,4,建筑工程,công trình cách nhiệt và chống ăn mòn,lớp hoàn thiện chống ăn mòn,lớp hoàn thiện vữa chống ăn mòn
810170,vữa xi măng dán,Material,Concrete & Cement,m3,3312637.55,3312637.55,3312637.55,3312637.55,1,VND,44720.61,0.0135,4,4,建筑工程,công trình cách nhiệt và chống ăn mòn,lớp hoàn thiện chống ăn mòn,lớp hoàn thiện vữa chống ăn mòn
810145,keo dán,Material,General,m3,54949044.02,54949044.02,54949044.02,54949044.02,1,VND,72807.45,0.0013,4,4,建筑工程,công trình cách nhiệt và chống ăn mòn,lớp hoàn thiện chống ăn mòn,lớp phủ keo chống ăn mòn
350267,mô hình keo dán,Material,General,m,3127.46,3127.46,3127.46,3127.46,1,VND,1942.16,0.621,4,4,建筑工程,"Công trình lắp đặt chung - Tập 6 Điều khiển tự động, instrumentation",khóa,
390006,dầm mái đơn,Material,General,m3,4956611.09,4956611.09,4956611.09,4956611.09,1,VND,4956611.09,1.0,4,4,建筑工程,công trình bê tông và bê tông cốt thép,dầm bê tông đúc sẵn,
390007,dầm mái đôi,Material,General,m3,4617117.18,4617117.18,4617117.18,4617117.18,1,VND,4617117.18,1.0,4,4,建筑工程,công trình bê tông và bê tông cốt thép,dầm bê tông đúc sẵn,
390009,dầm,Material,General,m3,2588589.63,2588589.63,2588589.63,2588589.63,1,VND,2588589.63,1.0,4,4,建筑工程,công trình bê tông và bê tông cốt thép,dầm bê tông đúc sẵn,
390133,-dầm hình chữ nhật,Material,General,m3,7201385.97,7201385.97,7201385.97,7201385.97,1,VND,7201385.97,1.0,4,4,建筑工程,công trình bê tông và bê tông cốt thép,dầm bê tông đúc sẵn,
091522,Bu-lông mạ kẽm tròn M(2 5)×(10 50),Material,Fasteners,pcs,3086.31,3086.31,3086.31,3086.31,1,VND,6296.07,2.04,4,4,建筑工程,"Công trình lắp đặt chung - Tập 6 Điều khiển tự động, instrumentation",,
090576,thép mạ 5,Material,General,pcs,0.0,0.0,0.0,0.0,0,VND,0.0,2.04,4,4,建筑工程,"Công trình lắp đặt chung - Tập 6 Điều khiển tự động, instrumentation",,
030115,dải gỗ lát sàn,Material,Wood & Timber,m2,164603.11,164603.11,164603.11,164603.11,1,VND,181063.42,1.1,4,4,建筑工程,"hoàn thiện tường và cột, vách ngăn và tường rèm",tường mặt,bề mặt tường ốp lát trang trí
130098,tấm len đá bông khoáng,Material,Aggregates,m3,1790058.8,1790058.8,1790058.8,1790058.8,1,VND,59071.94,0.033,4,4,建筑工程,công trình cách nhiệt và chống ăn mòn,,bề mặt tường
400065,bệ xi măng,Material,Concrete & Cement,m3,925892.48,925892.48,925892.48,925892.48,1,VND,30554.45,0.033,4,4,建筑工程,công trình cách nhiệt và chống ăn mòn,,bề mặt tường
130099,bông thủy tinh composite tấm,Material,Glass,m3,1111070.98,1111070.98,1111070.98,1111070.98,1,VND,36665.34,0.033,4,4,建筑工程,công trình cách nhiệt và chống ăn mòn,,bề mặt tường
090248,lưới,Material,General,m2,12756.74,12756.74,12756.74,12756.74,1,VND,13343.55,1.046,4,4,建筑工程,công trình bê tông và bê tông cốt thép,cấu trúc,
090163,bu lông mở rộng 16,Material,Fasteners,set,9567.56,9567.56,9567.56,9567.56,1,VND,30233.48,3.16,4,4,建筑工程,Công trình lắp đặt chung - Tập 5 Hệ thống thông minh tòa nhà,lắp đặt,"lắp đặt, đơn"
810097,vữa poly A đôi,Material,Concrete & Cement,m3,35784900.85,35784900.85,35784900.85,35784900.85,1,VND,112722.47,0.0032,4,4,建筑工程,công trình cách nhiệt và chống ăn mòn,lớp hoàn thiện chống ăn mòn,lớp hoàn thiện vữa chống ăn mòn
810171,vữa,Material,Concrete & Cement,m3,3497816.04,3497816.04,3497816.04,3497816.04,1,VND,11018.12,0.0032,4,4,建筑工程,công trình cách nhiệt và chống ăn mòn,lớp hoàn thiện chống ăn mòn,lớp hoàn thiện vữa chống ăn mòn
400404,Vữa nước SF,Material,Concrete & Cement,m3,1543154.14,1543154.14,1543154.14,1543154.14,1,VND,23610.26,0.0153,4,4,建筑工程,công trình cách nhiệt và chống ăn mòn,,
080006,khung thép nhẹ 75×50,Material,Steel & Metal,kg,20986.9,20986.9,20986.9,20986.9,1,VND,49980.29,2.3815,4,4,建筑工程,"hoàn thiện tường và cột, vách ngăn và tường rèm",mặt (dầm) của cột,bề mặt cột (dầm) trang trí
850252,HP8563E,Equipment,General,machine-shift,384595.16,384595.16,384595.16,384595.16,1,VND,192297.58,0.5,4,4,建筑工程,Công trình lắp đặt chung - Tập 5 Hệ thống thông minh tòa nhà,lắp đặt,điện năng
091227,4×40,Material,General,pcs,102.88,102.88,102.88,102.88,1,VND,213.98,2.08,4,4,建筑工程,Công trình lắp đặt chung - Tập 5 Hệ thống thông minh tòa nhà,lưới,
090207,điện chống gỉ 2×35,Material,General,pcs,2325.02,2325.02,2325.02,2325.02,1,VND,58125.47,25.0,4,4,建筑工程,Công trình lắp đặt chung - Tập 5 Hệ thống thông minh tòa nhà,lắp đặt,
330027,đóng khuôn RJ45,Material,General,pcs,3086.31,3086.31,3086.31,3086.31,1,VND,308630.83,100.0,4,4,建筑工程,Công trình lắp đặt chung - Tập 5 Hệ thống thông minh tòa nhà,lắp đặt,
130102,dầm sàn,Material,General,m3,2777677.45,2777677.45,2777677.45,2777677.45,1,VND,2777677.45,1.0,4,4,建筑工程,công trình bê tông và bê tông cốt thép,cấu trúc,
390022,ban công,Material,General,m3,3921669.05,3921669.05,3921669.05,3921669.05,1,VND,3921669.05,1.0,4,4,建筑工程,công trình bê tông và bê tông cốt thép,cấu trúc,
390028,kiểu cấu trúc,Material,General,m3,4149644.35,4149644.35,4149644.35,4149644.35,1,VND,4149644.35,1.0,4,4,建筑工程,công trình bê tông và bê tông cốt thép,cấu trúc,
390166,cấu trúc,Material,General,m3,2514312.47,2514312.47,2514312.47,2514312.47,1,VND,2514312.47,1.0,4,4,建筑工程,công trình bê tông và bê tông cốt thép,cấu trúc,
390151,tường sàn,Material,General,m3,5123271.74,5123271.74,5123271.74,5123271.74,1,VND,5123271.74,1.0,4,4,建筑工程,công trình bê tông và bê tông cốt thép,cấu trúc,
800414,HYB-5,Equipment,General,machine-shift,131065.22,131065.22,131065.22,131065.22,1,VND,7863.91,0.06,4,4,建筑工程,xử lý nền và gia cố mái dốc,,
800416,bắn phun cọc D1200,Equipment,General,machine-shift,524878.16,524878.16,524878.16,524878.16,1,VND,36741.47,0.07,4,4,建筑工程,xử lý nền và gia cố mái dốc,,
800423,máy bơm nước điện H 12,Equipment,Pumps,machine-shift,51026.96,51026.96,51026.96,51026.96,1,VND,3690.95,0.0723,4,4,建筑工程,xử lý nền và gia cố mái dốc,,
040003,ceramsite,Material,General,m3,345666.53,345666.53,345666.53,345666.53,1,VND,498451.13,1.442,4,4,建筑工程,công trình cách nhiệt và chống ăn mòn,,
810089,1: 1.5: 4 bê tông khí ceramsite,Material,Concrete & Cement,m3,781967.64,781967.64,781967.64,781967.64,1,VND,793697.05,1.015,4,4,建筑工程,công trình cách nhiệt và chống ăn mòn,,
810166,1: 1.5: 4 bê tông bổ sung,Material,Concrete & Cement,m3,617261.65,617261.65,617261.65,617261.65,1,VND,626520.58,1.015,4,4,建筑工程,công trình cách nhiệt và chống ăn mòn,,
130885,tấm EPS,Material,Wood & Timber,m3,1327112.56,1327112.56,1327112.56,1327112.56,1,VND,43794.71,0.033,4,4,建筑工程,công trình cách nhiệt và chống ăn mòn,,bề mặt tường
130886,tấm EPS,Material,Wood & Timber,m3,1357975.64,1357975.64,1357975.64,1357975.64,1,VND,44813.2,0.033,4,4,建筑工程,công trình cách nhiệt và chống ăn mòn,,bề mặt tường
060032,tấm thạch cao trang trí dày 6mm,Material,Wood & Timber,m2,66458.5,66458.5,66458.5,66458.5,1,VND,69781.43,1.05,4,4,建筑工程,"hoàn thiện tường và cột, vách ngăn và tường rèm",tường mặt,bề mặt tường ốp lát trang trí
080004,khung thép nhẹ 75×40,Material,Steel & Metal,kg,17077.57,17077.57,17077.57,17077.57,1,VND,23532.89,1.378,4,4,建筑工程,"hoàn thiện tường và cột, vách ngăn và tường rèm",mặt (dầm) của cột,bề mặt cột (dầm) trang trí
350225,đúc đôi 8,Material,General,m,4361.98,4361.98,4361.98,4361.98,1,VND,26695.33,6.12,4,4,建筑工程,Công trình lắp đặt chung - Tập 5 Hệ thống thông minh tòa nhà,,
390018,bệ cửa sổ,Material,Glass,m3,3629087.02,3629087.02,3629087.02,3629087.02,1,VND,3629087.02,1.0,4,4,建筑工程,công trình bê tông và bê tông cốt thép,cấu trúc,
390019,"khung cửa sổ, sàn",Material,Glass,m3,5555354.89,5555354.89,5555354.89,5555354.89,1,VND,5555354.89,1.0,4,4,建筑工程,công trình bê tông và bê tông cốt thép,cấu trúc,
390149,tấm vách,Material,General,m3,2979316.25,2979316.25,2979316.25,2979316.25,1,VND,2979316.25,1.0,4,4,建筑工程,công trình bê tông và bê tông cốt thép,cấu trúc,
800158,sắt thép cốt thép,Equipment,General,machine-shift,92589.25,92589.25,92589.25,92589.25,1,VND,1666.61,0.018,4,4,建筑工程,công trình bê tông và bê tông cốt thép,phụ kiện sắt,
040130,bitumen,Material,Waterproofing,m2,82301.55,82301.55,82301.55,82301.55,1,VND,195630.79,2.377,4,4,建筑工程,công trình lợp mái và chống thấm,,
040131,bitumen,Material,Waterproofing,pcs,106992.02,106992.02,106992.02,106992.02,1,VND,31027.69,0.29,4,4,建筑工程,công trình lợp mái và chống thấm,,
040066,195×310,Material,General,m,63783.7,63783.7,63783.7,63783.7,1,VND,3284.86,0.0515,4,4,建筑工程,công trình lợp mái và chống thấm,,
380039,khung lưới thép bu lông,Material,Steel & Metal,t,14402771.95,14402771.95,14402771.95,14402771.95,1,VND,14402771.95,1.0,4,4,建筑工程,công trình kết cấu thép,,
120058,đúc mẫu,Material,General,m,17159.87,17159.87,17159.87,17159.87,1,VND,34491.35,2.01,4,4,建筑工程,"hoàn thiện tường và cột, vách ngăn và tường rèm",mặt (dầm) của cột,bề mặt cột (dầm) trang trí
080245,gỗ lát,Material,Wood & Timber,m2,61726.17,61726.17,61726.17,61726.17,1,VND,319454.51,5.1754,4,4,建筑工程,"hoàn thiện tường và cột, vách ngăn và tường rèm",mặt (dầm) của cột,bề mặt cột (dầm) trang trí
070101,cột đá cẩm thạch thành phẩm cao 350mm trong phạm vi,Material,General,pcs,401220.08,401220.08,401220.08,401220.08,1,VND,401220.08,1.0,4,4,建筑工程,"hoàn thiện tường và cột, vách ngăn và tường rèm",mặt (dầm) của cột,cột trang trí thành phẩm
060067,bề mặt tường đá,Material,General,m2,246904.66,246904.66,246904.66,246904.66,1,VND,238263.0,0.965,4,4,建筑工程,"hoàn thiện tường và cột, vách ngăn và tường rèm",lớp mặt tường chắn,bề mặt tường đối diện khối
110518,kim loại,Material,Steel & Metal,kg,12345.23,12345.23,12345.23,12345.23,1,VND,61726.17,5.0,4,4,建筑工程,công trình hoàn thiện sàn,,
800519,làm tròn,Equipment,General,machine-shift,10616.9,10616.9,10616.9,10616.9,1,VND,1229.38,0.1158,4,4,建筑工程,công trình hoàn thiện sàn,,
150052,đá,Material,General,pcs,24690.47,24690.47,24690.47,24690.47,1,VND,8147.85,0.33,4,4,建筑工程,công trình hoàn thiện sàn,,
810042,1: 2.5 bê tông terrazzo đá xi măng,Material,Concrete & Cement,m3,1287607.81,1287607.81,1287607.81,1287607.81,1,VND,20472.92,0.0159,4,4,建筑工程,công trình hoàn thiện sàn,,
020096,block,Material,General,m3,823015.54,823015.54,823015.54,823015.54,1,VND,578168.42,0.7025,4,4,建筑工程,công trình xây masonry,tường gạch,
020102,gạch hình dạng đặc biệt,Material,General,m3,905317.09,905317.09,905317.09,905317.09,1,VND,149377.32,0.165,4,4,建筑工程,công trình xây masonry,tường gạch,
010390,25 trong,Material,General,pcs,13374.0,13374.0,13374.0,13374.0,1,VND,13507.74,1.01,4,4,建筑工程,công trình bê tông và bê tông cốt thép,phụ kiện sắt,
010409,25 vượt quá,Material,General,pcs,24484.71,24484.71,24484.71,24484.71,1,VND,24729.56,1.01,4,4,建筑工程,công trình bê tông và bê tông cốt thép,phụ kiện sắt,
090199,25 trong,Material,General,pcs,17489.08,17489.08,17489.08,17489.08,1,VND,17663.97,1.01,4,4,建筑工程,công trình bê tông và bê tông cốt thép,phụ kiện sắt,
090200,25 vượt quá,Material,General,pcs,19546.62,19546.62,19546.62,19546.62,1,VND,19742.09,1.01,4,4,建筑工程,công trình bê tông và bê tông cốt thép,phụ kiện sắt,
130043,polyurethane,Material,General,m3,3086308.27,3086308.27,3086308.27,3086308.27,1,VND,126152.85,0.0409,4,4,建筑工程,"Công việc lắp đặt chung - Vol.10 Cung cấp nước, thoát nước, sưởi ấm, khí",,
110296,keo dán polyurethane,Material,General,kg,7736.35,7736.35,7736.35,7736.35,1,VND,7538.1,0.9744,4,4,建筑工程,"Công việc lắp đặt chung - Vol.10 Cung cấp nước, thoát nước, sưởi ấm, khí",,
040068,310×310,Material,General,m2,127773.16,127773.16,127773.16,127773.16,1,VND,134161.82,1.05,4,4,建筑工程,công trình lợp mái và chống thấm,,
040132,-shaped bitumen,Material,Waterproofing,m2,106992.02,106992.02,106992.02,106992.02,1,VND,110201.78,1.03,4,4,建筑工程,công trình lợp mái và chống thấm,,
040133,-shaped bitumen,Material,Waterproofing,pcs,106992.02,106992.02,106992.02,106992.02,1,VND,31027.69,0.29,4,4,建筑工程,công trình lợp mái và chống thấm,,
040134,dây gỗ 30×50,Material,Wood & Timber,m,18517.85,18517.85,18517.85,18517.85,1,VND,31480.34,1.7,4,4,建筑工程,công trình lợp mái và chống thấm,,
070099,mô hình gương kim loại,Material,Steel & Metal,m,20575.39,20575.39,20575.39,20575.39,1,VND,21192.65,1.03,4,4,建筑工程,các công trình trang trí khác,phần trang trí phù điêu,phào trang trí kim loại
070065,đúc hợp kim nhôm 60mm vượt quá,Material,General,m,19752.37,19752.37,19752.37,19752.37,1,VND,20344.94,1.03,4,4,建筑工程,các công trình trang trí khác,phần trang trí phù điêu,phào trang trí kim loại
070066,đúc thép không gỉ 60mm vượt quá,Material,Steel & Metal,m,36418.44,36418.44,36418.44,36418.44,1,VND,37510.99,1.03,4,4,建筑工程,các công trình trang trí khác,phần trang trí phù điêu,phào trang trí kim loại
070067,molding hoàn thiện gương 60mm vượt quá,Material,General,m,37447.21,37447.21,37447.21,37447.21,1,VND,38570.62,1.03,4,4,建筑工程,các công trình trang trí khác,phần trang trí phù điêu,phào trang trí kim loại
090714,mũi khoan nước,Material,Water,pcs,308630.83,308630.83,308630.83,308630.83,1,VND,17237.03,0.0558,4,4,建筑工程,Công trình lắp đặt chung - Tập 4 Lắp đặt thiết bị điện,(),liên kết bê tông cấu trúc nước ()
180033,25 mạ kẽm,Material,General,pcs,6584.12,6584.12,6584.12,6584.12,1,VND,5069.78,0.77,4,4,建筑工程,công trình đóng cọc,cọc khoan,
010105,ống thép không có 325×8,Material,Steel & Metal,m,594422.97,594422.97,594422.97,594422.97,1,VND,266004.28,0.4475,4,4,建筑工程,"Công việc lắp đặt chung - Vol.10 Cung cấp nước, thoát nước, sưởi ấm, khí",lắp đặt gia công,gia công chống thấm
380040,khung lưới thép hàn,Material,Steel & Metal,t,15122910.54,15122910.54,15122910.54,15122910.54,1,VND,15122910.54,1.0,4,4,建筑工程,công trình kết cấu thép,,
380041,lưới thép bu lông,Material,Steel & Metal,t,14608525.83,14608525.83,14608525.83,14608525.83,1,VND,14608525.83,1.0,4,4,建筑工程,công trình kết cấu thép,,
380042,hàn thép hàn lưới thép,Material,Steel & Metal,t,15431541.37,15431541.37,15431541.37,15431541.37,1,VND,15431541.37,1.0,4,4,建筑工程,công trình kết cấu thép,,
380017,khung thép đơn 1t,Material,Steel & Metal,t,14094141.12,14094141.12,14094141.12,14094141.12,1,VND,14094141.12,1.0,4,4,建筑工程,công trình kết cấu thép,khung thép khung,
380043,khung thép cửa,Material,Steel & Metal,t,14439807.65,14439807.65,14439807.65,14439807.65,1,VND,14439807.65,1.0,4,4,建筑工程,công trình kết cấu thép,khung thép khung,
070005,nẹp phẳng gỗ 25mm trong,Material,Wood & Timber,m,8291.88,8291.88,8291.88,8291.88,1,VND,8955.23,1.08,4,4,建筑工程,các công trình trang trí khác,phần trang trí phù điêu,nẹp trang trí gỗ
070006,nẹp phẳng gỗ dán 25mm vượt quá,Material,Wood & Timber,m,15431.54,15431.54,15431.54,15431.54,1,VND,16666.06,1.08,4,4,建筑工程,các công trình trang trí khác,phần trang trí phù điêu,nẹp trang trí gỗ
070007,nẹp phẳng gỗ 60mm trong,Material,Wood & Timber,m,13826.66,13826.66,13826.66,13826.66,1,VND,14932.79,1.08,4,4,建筑工程,các công trình trang trí khác,phần trang trí phù điêu,nẹp trang trí gỗ
070008,nẹp phẳng gỗ dán 60mm vượt quá,Material,Wood & Timber,m,24690.47,24690.47,24690.47,24690.47,1,VND,26665.7,1.08,4,4,建筑工程,các công trình trang trí khác,phần trang trí phù điêu,nẹp trang trí gỗ
070009,nẹp gỗ 60mm trong,Material,Wood & Timber,m,16583.76,16583.76,16583.76,16583.76,1,VND,17910.46,1.08,4,4,建筑工程,các công trình trang trí khác,phần trang trí phù điêu,nẹp trang trí gỗ
070010,nẹp gỗ 60mm vượt quá,Material,Wood & Timber,m,30863.08,30863.08,30863.08,30863.08,1,VND,33332.13,1.08,4,4,建筑工程,các công trình trang trí khác,phần trang trí phù điêu,nẹp trang trí gỗ
070011,nẹp gỗ 20mm trong,Material,Wood & Timber,m,7365.99,7365.99,7365.99,7365.99,1,VND,7955.27,1.08,4,4,建筑工程,các công trình trang trí khác,phần trang trí phù điêu,nẹp trang trí gỗ
070012,nẹp gỗ 20mm vượt quá,Material,Wood & Timber,m,14917.16,14917.16,14917.16,14917.16,1,VND,16110.53,1.08,4,4,建筑工程,các công trình trang trí khác,phần trang trí phù điêu,nẹp trang trí gỗ
070089,nẹp gương gỗ dán 15mm trong,Material,Wood & Timber,m,3703.57,3703.57,3703.57,3703.57,1,VND,3999.86,1.08,4,4,建筑工程,các công trình trang trí khác,phần trang trí phù điêu,nẹp trang trí gỗ
070087,nẹp gương gỗ dán 40mm trong,Material,Wood & Timber,m,12345.23,12345.23,12345.23,12345.23,1,VND,13332.85,1.08,4,4,建筑工程,các công trình trang trí khác,phần trang trí phù điêu,nẹp trang trí gỗ
070088,phù điêu gương gỗ dán 40mm vượt quá,Material,Wood & Timber,m,20575.39,20575.39,20575.39,20575.39,1,VND,22221.42,1.08,4,4,建筑工程,các công trình trang trí khác,phần trang trí phù điêu,nẹp trang trí gỗ
070098,nẹp gương gỗ,Material,Wood & Timber,m,11583.94,11583.94,11583.94,11583.94,1,VND,12510.66,1.08,4,4,建筑工程,các công trình trang trí khác,phần trang trí phù điêu,nẹp trang trí gỗ
110446,lớp phủ chống thấm bitum,Material,Waterproofing,kg,26748.01,26748.01,26748.01,26748.01,1,VND,32267.46,1.2063,4,4,建筑工程,công trình lợp mái và chống thấm,kết cấu chống thấm mái và phụ kiện,lớp phủ mái chống thấm
100081,"chất dính loại nước, lớp phủ chống thấm",Material,Waterproofing,kg,26748.01,26748.01,26748.01,26748.01,1,VND,60838.34,2.2745,4,4,建筑工程,công trình lợp mái và chống thấm,kết cấu chống thấm mái và phụ kiện,lớp phủ mái chống thấm
070018,phào tròn gỗ dán,Material,Wood & Timber,pcs,4608.89,4608.89,4608.89,4608.89,1,VND,4977.6,1.08,4,4,建筑工程,các công trình trang trí khác,phần trang trí phù điêu,nẹp trang trí gỗ
070019,phần trang trí in vân gỗ moulding 250mm trong,Material,Wood & Timber,pcs,24690.47,24690.47,24690.47,24690.47,1,VND,26665.7,1.08,4,4,建筑工程,các công trình trang trí khác,phần trang trí phù điêu,nẹp trang trí gỗ
070020,phối hợp trang trí gỗ vân mẫu 250mm vượt quá,Material,Wood & Timber,pcs,65841.24,65841.24,65841.24,65841.24,1,VND,71108.54,1.08,4,4,建筑工程,các công trình trang trí khác,phần trang trí phù điêu,nẹp trang trí gỗ
070076,phù điêu trang trí granite 150mm trong,Material,General,m,76128.94,76128.94,76128.94,76128.94,1,VND,82219.25,1.08,4,4,建筑工程,các công trình trang trí khác,phần trang trí phù điêu,mô hình trang trí đá lát sàn
070077,phần trang trí hoa văn granite 150mm vượt quá,Material,General,m,91560.48,91560.48,91560.48,91560.48,1,VND,98885.32,1.08,4,4,建筑工程,các công trình trang trí khác,phần trang trí phù điêu,mô hình trang trí đá lát sàn
380045,khung thép,Material,Steel & Metal,t,13168248.64,13168248.64,13168248.64,13168248.64,1,VND,13168248.64,1.0,4,4,建筑工程,công trình kết cấu thép,khung thép khung,
380046,khung ống thép mặt phẳng,Material,Steel & Metal,t,16460310.8,16460310.8,16460310.8,16460310.8,1,VND,16460310.8,1.0,4,4,建筑工程,công trình kết cấu thép,khung thép khung,
380047,khung ống thép mặt đứng,Material,Steel & Metal,t,16974695.51,16974695.51,16974695.51,16974695.51,1,VND,16974695.51,1.0,4,4,建筑工程,công trình kết cấu thép,khung thép khung,
380048,khung,Material,General,t,14094141.12,14094141.12,14094141.12,14094141.12,1,VND,14094141.12,1.0,4,4,建筑工程,công trình kết cấu thép,khung thép khung,
380049,khung thép,Material,Steel & Metal,t,14094141.12,14094141.12,14094141.12,14094141.12,1,VND,14094141.12,1.0,4,4,建筑工程,công trình kết cấu thép,khung thép khung,
380075,tấm thép sàn bê tông 6mm,Material,Steel & Metal,m2,611089.04,611089.04,611089.04,611089.04,1,VND,682382.76,1.1167,4,4,建筑工程,công trình kết cấu thép,"sàn thép tấm, sàn tường",
070111,GRC trang trí cột hoàn thiện 400,Material,General,pcs,560062.07,560062.07,560062.07,560062.07,1,VND,560062.07,1.0,4,4,建筑工程,"hoàn thiện tường và cột, vách ngăn và tường rèm",mặt (dầm) của cột,cột trang trí thành phẩm
070112,GRC trang trí cột hoàn thiện 600,Material,General,pcs,616027.13,616027.13,616027.13,616027.13,1,VND,616027.13,1.0,4,4,建筑工程,"hoàn thiện tường và cột, vách ngăn và tường rèm",mặt (dầm) của cột,cột trang trí thành phẩm
030027,dầm gỗ,Material,Wood & Timber,m3,3703569.93,3703569.93,3703569.93,3703569.93,1,VND,16295.71,0.0044,4,4,建筑工程,công trình trần,trần trang trí,
100256,độ dày poly 0.8mm,Material,General,m2,55553.55,55553.55,55553.55,55553.55,1,VND,61386.67,1.105,4,4,建筑工程,công trình lợp mái và chống thấm,kết cấu chống thấm mái và phụ kiện,kết cấu chống thấm mái nhà
010132,kẽm mạ,Material,General,m2,43208.32,43208.32,43208.32,43208.32,1,VND,54485.69,1.261,4,4,建筑工程,công trình lợp mái và chống thấm,,hồ sơ và các mục khác mái
120118,sàn,Material,General,m2,411507.77,411507.77,411507.77,411507.77,1,VND,417680.39,1.015,4,4,建筑工程,công trình lợp mái và chống thấm,,hồ sơ và các mục khác mái
090485,thép không gỉ,Material,Steel & Metal,pcs,1316.82,1316.82,1316.82,1316.82,1,VND,4213.84,3.2,4,4,建筑工程,các công trình trang trí khác,phần trang trí phù điêu,mô hình trang trí đá lát sàn
090279,máy khoan tác động,Material,General,pcs,18970.51,18970.51,18970.51,18970.51,1,VND,1517.64,0.08,4,4,建筑工程,các công trình trang trí khác,phần trang trí phù điêu,mô hình trang trí đá lát sàn
070023,đúc thạch cao (moulding) 100mm trong,Material,General,m,7612.89,7612.89,7612.89,7612.89,1,VND,7841.28,1.03,4,4,建筑工程,các công trình trang trí khác,phần trang trí phù điêu,mô hình trang trí thạch cao
070024,đúc thạch cao (moulding) vượt quá 100mm,Material,General,m,12550.99,12550.99,12550.99,12550.99,1,VND,12927.52,1.03,4,4,建筑工程,các công trình trang trí khác,phần trang trí phù điêu,mô hình trang trí thạch cao
070025,đúc thạch cao 100mm trong phạm vi,Material,General,m,9464.68,9464.68,9464.68,9464.68,1,VND,9748.62,1.03,4,4,建筑工程,các công trình trang trí khác,phần trang trí phù điêu,mô hình trang trí thạch cao
070026,đúc thạch cao 100mm vượt quá,Material,General,m,14814.28,14814.28,14814.28,14814.28,1,VND,15258.71,1.03,4,4,建筑工程,các công trình trang trí khác,phần trang trí phù điêu,mô hình trang trí thạch cao
130055,poly composite 5,Material,General,m2,27571.02,27571.02,27571.02,27571.02,1,VND,28949.57,1.05,4,4,建筑工程,công trình lợp mái và chống thấm,lớp phủ chống thấm bảo vệ,
070102,cột đá cẩm thạch thành phẩm cao 500mm trong,Material,General,pcs,521586.1,521586.1,521586.1,521586.1,1,VND,521586.1,1.0,4,4,建筑工程,"hoàn thiện tường và cột, vách ngăn và tường rèm",mặt (dầm) của cột,cột trang trí thành phẩm
070107,độ cao cột gỗ thành phẩm 250mm trong,Material,Wood & Timber,pcs,1152839.02,1152839.02,1152839.02,1152839.02,1,VND,1152839.02,1.0,4,4,建筑工程,"hoàn thiện tường và cột, vách ngăn và tường rèm",mặt (dầm) của cột,cột trang trí thành phẩm
070108,chiều cao cột gỗ hoàn thiện 250mm vượt quá,Material,Wood & Timber,pcs,2028321.8,2028321.8,2028321.8,2028321.8,1,VND,2028321.8,1.0,4,4,建筑工程,"hoàn thiện tường và cột, vách ngăn và tường rèm",mặt (dầm) của cột,cột trang trí thành phẩm
090003,cột đứng 25 trong,Material,General,pcs,1728.33,1728.33,1728.33,1728.33,1,VND,1425.87,0.825,4,4,建筑工程,"Công việc lắp đặt chung - Vol.10 Cung cấp nước, thoát nước, sưởi ấm, khí",,
100034,bảng dán keo 1 3,Material,General,kg,18723.6,18723.6,18723.6,18723.6,1,VND,608.52,0.0325,4,4,建筑工程,"Công việc lắp đặt chung - Vol.10 Cung cấp nước, thoát nước, sưởi ấm, khí",,
300035,thép góc mạ kẽm,Material,Steel & Metal,pair,23250.19,23250.19,23250.19,23250.19,1,VND,399205.75,17.17,4,4,建筑工程,Công trình lắp đặt chung - T.11 Thiết bị truyền thông và đường dây,,
300110,phào trang trí 3×65×57/2.5×65×49,Material,General,pcs,6049.16,6049.16,6049.16,6049.16,1,VND,39712.76,6.565,4,4,建筑工程,Công trình lắp đặt chung - T.11 Thiết bị truyền thông và đường dây,,
800404,máy trộn slurry 0.6m3,Equipment,General,machine-shift,129830.7,129830.7,129830.7,129830.7,1,VND,2207.12,0.017,4,4,建筑工程,xử lý nền và gia cố mái dốc,,
070147,định hình nhôm 20mm trong,Material,General,m,6378.37,6378.37,6378.37,6378.37,1,VND,6569.72,1.03,4,4,建筑工程,các công trình trang trí khác,phần trang trí phù điêu,phần trang trí hợp kim nhôm
070136,đúc nhôm 20mm vượt quá,Material,General,m,8230.16,8230.16,8230.16,8230.16,1,VND,8477.06,1.03,4,4,建筑工程,các công trình trang trí khác,phần trang trí phù điêu,phần trang trí hợp kim nhôm
070145,đúc nhôm 60mm trong phạm vi,Material,General,m,17077.57,17077.57,17077.57,17077.57,1,VND,17589.9,1.03,4,4,建筑工程,các công trình trang trí khác,phần trang trí phù điêu,phần trang trí hợp kim nhôm
070146,định hình nhôm 60mm vượt quá,Material,General,m,20575.39,20575.39,20575.39,20575.39,1,VND,21192.65,1.03,4,4,建筑工程,các công trình trang trí khác,phần trang trí phù điêu,phần trang trí hợp kim nhôm
070037,đúc mặt phẳng PVC 60mm trong,Material,General,m,24690.47,24690.47,24690.47,24690.47,1,VND,25431.18,1.03,4,4,建筑工程,các công trình trang trí khác,phần trang trí phù điêu,phần trang trí phù điêu
070038,Ốp mặt dựng PVC 60mm vượt quá,Material,General,m,37035.7,37035.7,37035.7,37035.7,1,VND,38146.77,1.03,4,4,建筑工程,các công trình trang trí khác,phần trang trí phù điêu,phần trang trí phù điêu
280267,Ống thép mạ kẽm nối 125,Material,Steel & Metal,pcs,32097.61,32097.61,32097.61,32097.61,1,VND,2644.76,0.0824,4,4,建筑工程,Công trình lắp đặt chung - Tập 4 Lắp đặt thiết bị điện,,ống thép mạ kẽm
280268,Ống thép mạ kẽm nối 150,Material,Steel & Metal,pcs,38270.22,38270.22,38270.22,38270.22,1,VND,3153.38,0.0824,4,4,建筑工程,Công trình lắp đặt chung - Tập 4 Lắp đặt thiết bị điện,,ống thép mạ kẽm
280404,JDG(KBG) splice 15,Material,General,pcs,2880.55,2880.55,2880.55,2880.55,1,VND,474.67,0.1648,4,4,建筑工程,Công trình lắp đặt chung - Tập 4 Lắp đặt thiết bị điện,,() ống thép
280405,JDG(KBG) splice 20,Material,General,pcs,3497.82,3497.82,3497.82,3497.82,1,VND,576.52,0.1648,4,4,建筑工程,Công trình lắp đặt chung - Tập 4 Lắp đặt thiết bị điện,,() ống thép
280406,JDG(KBG) splice 25,Material,General,pcs,4526.59,4526.59,4526.59,4526.59,1,VND,746.06,0.1648,4,4,建筑工程,Công trình lắp đặt chung - Tập 4 Lắp đặt thiết bị điện,,() ống thép
280407,JDG(KBG) splice 32,Material,General,pcs,6584.12,6584.12,6584.12,6584.12,1,VND,1085.15,0.1648,4,4,建筑工程,Công trình lắp đặt chung - Tập 4 Lắp đặt thiết bị điện,,() ống thép
090101,với bu lông 12×(20 35),Material,Fasteners,set,987.62,987.62,987.62,987.62,1,VND,4068.99,4.12,4,4,建筑工程,"Công việc lắp đặt chung - Vol.10 Cung cấp nước, thoát nước, sưởi ấm, khí",lắp đặt,
100318,màng chống thấm sàn dán keo,Material,Waterproofing,m2,493809.32,493809.32,493809.32,493809.32,1,VND,503685.51,1.02,4,4,建筑工程,công trình hoàn thiện sàn,lớp hoàn thiện,
120008,sàn nền poly,Material,General,m2,34772.41,34772.41,34772.41,34772.41,1,VND,35467.85,1.02,4,4,建筑工程,công trình hoàn thiện sàn,lớp hoàn thiện,
070090,GRC máng xối đổ mái tấm 550×550 trong,Material,General,m,398751.03,398751.03,398751.03,398751.03,1,VND,406726.05,1.02,4,4,建筑工程,các công trình trang trí khác,phần trang trí phù điêu,GRC trang trí phù điêu
070091,GRC máng xà gờ tấm 550×550 vượt quá,Material,General,m,548951.37,548951.37,548951.37,548951.37,1,VND,559930.39,1.02,4,4,建筑工程,các công trình trang trí khác,phần trang trí phù điêu,GRC trang trí phù điêu
070092,GRC khuôn mẫu tấm 400×400 trong,Material,General,m,276533.22,276533.22,276533.22,276533.22,1,VND,282063.89,1.02,4,4,建筑工程,các công trình trang trí khác,phần trang trí phù điêu,GRC trang trí phù điêu
070093,GRC khuôn mẫu tấm 400×400 vượt quá,Material,General,m,428173.83,428173.83,428173.83,428173.83,1,VND,436737.31,1.02,4,4,建筑工程,các công trình trang trí khác,phần trang trí phù điêu,GRC trang trí phù điêu
110226,keo dán,Material,General,kg,3086.31,3086.31,3086.31,3086.31,1,VND,848.73,0.275,4,4,建筑工程,các công trình trang trí khác,phần trang trí phù điêu,GRC trang trí phù điêu
070094,GRC 1200×400 trong,Material,General,pcs,98761.86,98761.86,98761.86,98761.86,1,VND,100737.1,1.02,4,4,建筑工程,các công trình trang trí khác,phần trang trí phù điêu,GRC trang trí phù điêu
370171,cửa sổ phẳng thép,Material,Steel & Metal,m2,185178.5,185178.5,185178.5,185178.5,1,VND,185178.5,1.0,4,4,建筑工程,công trình cửa và cửa sổ,cửa sổ kim loại,
370172,cửa sổ thép,Material,Steel & Metal,m2,164603.11,164603.11,164603.11,164603.11,1,VND,164603.11,1.0,4,4,建筑工程,công trình cửa và cửa sổ,cửa sổ kim loại,
850068,10Gb/s,Equipment,General,machine-shift,4194910.21,4194910.21,4194910.21,4194910.21,1,VND,2097455.1,0.5,4,4,建筑工程,Công trình lắp đặt chung - T.11 Thiết bị truyền thông và đường dây,,
850084,155Mb/s,Equipment,General,machine-shift,1151419.32,1151419.32,1151419.32,1151419.32,1,VND,575709.66,0.5,4,4,建筑工程,Công trình lắp đặt chung - T.11 Thiết bị truyền thông và đường dây,"loại lưới, lưới",
850237,"10Hz 12.4GHz, 20dB",Equipment,General,machine-shift,339493.91,339493.91,339493.91,339493.91,1,VND,173990.63,0.5125,4,4,建筑工程,Công trình lắp đặt chung - T.11 Thiết bị truyền thông và đường dây,,
090890,đinh tán mạ kẽm với M8×50,Material,Fasteners,set,1316.82,1316.82,1316.82,1316.82,1,VND,23274.88,17.675,4,4,建筑工程,Công trình lắp đặt chung - T.11 Thiết bị truyền thông và đường dây,,
090235,dây thép mạ kẽm 12,Material,Steel & Metal,kg,11378.19,11378.19,11378.19,11378.19,1,VND,11.32,0.001,4,4,建筑工程,công trình hoàn thiện sàn,,
810103,vữa thép,Material,Concrete & Cement,m3,3858523.18,3858523.18,3858523.18,3858523.18,1,VND,122701.12,0.0318,4,4,建筑工程,công trình hoàn thiện sàn,,
810104,1: 2.5 vữa xi măng,Material,Concrete & Cement,m3,1222713.04,1222713.04,1222713.04,1222713.04,1,VND,15467.34,0.0126,4,4,建筑工程,công trình hoàn thiện sàn,,
110456,không phủ polyurethane phẳng,Material,General,kg,82301.55,82301.55,82301.55,82301.55,1,VND,29752.01,0.3615,4,4,建筑工程,công trình hoàn thiện sàn,,
110457,không sàn,Material,General,kg,67898.78,67898.78,67898.78,67898.78,1,VND,24545.41,0.3615,4,4,建筑工程,công trình hoàn thiện sàn,,
380076,tấm thép sàn sàn 1mm,Material,Steel & Metal,m2,101848.17,101848.17,101848.17,101848.17,1,VND,101848.17,1.0,4,4,建筑工程,công trình kết cấu thép,"sàn thép tấm, sàn tường",
800035,Hàn hồ quang DC composite,Equipment,Welding Equip.,machine-shift,39298.99,39298.99,39298.99,39298.99,1,VND,2436.49,0.062,4,4,建筑工程,công trình kết cấu thép,"sàn thép tấm, sàn tường",
800053,cutter 100,Equipment,General,machine-shift,24073.2,24073.2,24073.2,24073.2,1,VND,337.02,0.014,4,4,建筑工程,công trình kết cấu thép,"sàn thép tấm, sàn tường",
280250,hàn thép ống nối 125,Material,Steel & Metal,pcs,27982.53,27982.53,27982.53,27982.53,1,VND,2810.08,0.1004,4,4,建筑工程,Công trình lắp đặt chung - Tập 4 Lắp đặt thiết bị điện,,hàn thép ống
280251,hàn thép ống hàn splice 150,Material,Steel & Metal,pcs,33537.88,33537.88,33537.88,33537.88,1,VND,3367.99,0.1004,4,4,建筑工程,Công trình lắp đặt chung - Tập 4 Lắp đặt thiết bị điện,,hàn thép ống
070039,Ốp mặt dựng PVC 20mm trong,Material,General,m,7201.39,7201.39,7201.39,7201.39,1,VND,7417.43,1.03,4,4,建筑工程,các công trình trang trí khác,phần trang trí phù điêu,phần trang trí phù điêu
070040,Ốp mặt dựng PVC 20mm vượt quá,Material,General,m,12345.23,12345.23,12345.23,12345.23,1,VND,12715.59,1.03,4,4,建筑工程,các công trình trang trí khác,phần trang trí phù điêu,phần trang trí phù điêu
070068,dải trang trí 30mm trong,Material,General,m,2469.05,2469.05,2469.05,2469.05,1,VND,2543.12,1.03,4,4,建筑工程,các công trình trang trí khác,phần trang trí phù điêu,phần trang trí phù điêu
070069,dải trang trí 30mm vượt quá,Material,General,m,7201.39,7201.39,7201.39,7201.39,1,VND,7417.43,1.03,4,4,建筑工程,các công trình trang trí khác,phần trang trí phù điêu,phần trang trí phù điêu
070070,phần trang trí 30mm trong,Material,General,m,4115.08,4115.08,4115.08,4115.08,1,VND,4238.53,1.03,4,4,建筑工程,các công trình trang trí khác,phần trang trí phù điêu,phần trang trí phù điêu
070071,gạch men trang trí 30mm trong,Material,General,m,1646.03,1646.03,1646.03,1646.03,1,VND,1695.41,1.03,4,4,建筑工程,các công trình trang trí khác,phần trang trí phù điêu,phần trang trí phù điêu
080284,tường rèm mặt dựng mái chèo,Material,General,m2,3086308.27,3086308.27,3086308.27,3086308.27,1,VND,4629462.41,1.5,4,4,建筑工程,"hoàn thiện tường và cột, vách ngăn và tường rèm",công trình tường rèm,tường kính rèm
280247,hàn ống thép hàn 70,Material,Steel & Metal,pcs,9382.38,9382.38,9382.38,9382.38,1,VND,1449.54,0.1545,4,4,建筑工程,Công trình lắp đặt chung - Tập 4 Lắp đặt thiết bị điện,,hàn thép ống
110140,401 keo dán,Material,General,kg,21604.16,21604.16,21604.16,21604.16,1,VND,7032.26,0.3255,4,4,建筑工程,công trình trần,trần giả,lớp hoàn thiện trần
070095,GRC 1200×400 vượt quá,Material,General,pcs,148142.8,148142.8,148142.8,148142.8,1,VND,151105.65,1.02,4,4,建筑工程,các công trình trang trí khác,phần trang trí phù điêu,GRC trang trí phù điêu
070096,GRC -hình dạng cửa sổ trang trí 1500×540 trong,Material,Glass,pcs,487225.2,487225.2,487225.2,487225.2,1,VND,496969.7,1.02,4,4,建筑工程,các công trình trang trí khác,phần trang trí phù điêu,GRC trang trí phù điêu
070097,GRC -hình dạng cửa sổ trang trí 1500×540 vượt,Material,Glass,pcs,584752.54,584752.54,584752.54,584752.54,1,VND,596447.59,1.02,4,4,建筑工程,các công trình trang trí khác,phần trang trí phù điêu,GRC trang trí phù điêu
090395,hàng rào (có thể đi kèm),Material,General,m2,534960.1,534960.1,534960.1,534960.1,1,VND,501872.82,0.9382,4,4,建筑工程,các công trình trang trí khác,"tay vịn, lan can, tấm lan can trang trí","tay vịn kim loại, lan can, tấm lan can"
080234,tấm thạch cao trang trí 600×600×12,Material,Wood & Timber,m2,58639.86,58639.86,58639.86,58639.86,1,VND,59812.65,1.02,4,4,建筑工程,công trình trần,trần giả,lớp hoàn thiện trần
370173,lắp đặt thép cho cửa sổ,Material,Steel & Metal,m2,164603.11,164603.11,164603.11,164603.11,1,VND,164603.11,1.0,4,4,建筑工程,công trình cửa và cửa sổ,cửa sổ kim loại,
370177,cửa sổ hợp kim nhôm - hình dạng,Material,Glass,m2,185178.5,185178.5,185178.5,185178.5,1,VND,185178.5,1.0,4,4,建筑工程,công trình cửa và cửa sổ,cửa sổ kim loại,
150056,dán hai mặt,Material,General,m2,2571.92,2571.92,2571.92,2571.92,1,VND,572.0,0.2224,4,4,建筑工程,công trình trần,trần giả,lớp hoàn thiện trần
090079,đai ốc khóa 70,Material,Fasteners,pcs,2098.69,2098.69,2098.69,2098.69,1,VND,297.26,0.1416,4,4,建筑工程,Công trình lắp đặt chung - Tập 4 Lắp đặt thiết bị điện,,hàn thép ống
280248,hàn thép ống hàn splice 80,Material,Steel & Metal,pcs,12962.49,12962.49,12962.49,12962.49,1,VND,2002.6,0.1545,4,4,建筑工程,Công trình lắp đặt chung - Tập 4 Lắp đặt thiết bị điện,,hàn thép ống
280249,hàn thép ống nối 100,Material,Steel & Metal,pcs,20575.39,20575.39,20575.39,20575.39,1,VND,3178.9,0.1545,4,4,建筑工程,Công trình lắp đặt chung - Tập 4 Lắp đặt thiết bị điện,,hàn thép ống
010116,dây dẫn điện mạ kẽm 20,Material,General,m,13826.66,13826.66,13826.66,13826.66,1,VND,14241.46,1.03,4,4,建筑工程,Công trình lắp đặt chung - Tập 4 Lắp đặt thiết bị điện,,
280253,kẹp nối hệ thống điện mạ kẽm 20,Material,General,pcs,1419.7,1419.7,1419.7,1419.7,1,VND,233.94,0.1648,4,4,建筑工程,Công trình lắp đặt chung - Tập 4 Lắp đặt thiết bị điện,,
010117,dây dẫn điện mạ kẽm 25,Material,General,m,18723.6,18723.6,18723.6,18723.6,1,VND,19285.31,1.03,4,4,建筑工程,Công trình lắp đặt chung - Tập 4 Lắp đặt thiết bị điện,,
280254,kẹp chống rỉ sét cho ống điện 25,Material,General,pcs,3106.88,3106.88,3106.88,3106.88,1,VND,511.92,0.1648,4,4,建筑工程,Công trình lắp đặt chung - Tập 4 Lắp đặt thiết bị điện,,
010118,dây dẫn điện mạ kẽm 32,Material,General,m,23867.45,23867.45,23867.45,23867.45,1,VND,24583.47,1.03,4,4,建筑工程,Công trình lắp đặt chung - Tập 4 Lắp đặt thiết bị điện,,
080238,dài thép hợp kim nhôm tấm,Material,General,m2,111312.85,111312.85,111312.85,111312.85,1,VND,108107.0,0.9712,4,4,建筑工程,công trình trần,trần giả,lớp hoàn thiện trần
091446,dây đeo,Material,General,kg,24690.47,24690.47,24690.47,24690.47,1,VND,3151.74,0.1276,4,4,建筑工程,các công trình trang trí khác,"tay vịn, lan can, tấm lan can trang trí","tay vịn kim loại, lan can, tấm lan can"
120064,tay vịn,Material,General,m,32303.36,32303.36,32303.36,32303.36,1,VND,36018.25,1.115,4,4,建筑工程,các công trình trang trí khác,"tay vịn, lan can, tấm lan can trang trí",tay vịn
080242,dải hợp kim nhôm tấm dải tấm,Material,General,m,12345.23,12345.23,12345.23,12345.23,1,VND,105922.1,8.58,4,4,建筑工程,công trình trần,trần giả,lớp hoàn thiện trần
080243,dải thép hợp kim nhôm chiều dài,Material,General,pcs,2057.54,2057.54,2057.54,2057.54,1,VND,6975.06,3.39,4,4,建筑工程,công trình trần,trần giả,lớp hoàn thiện trần
090304,đinh tán thép không gỉ,Material,Steel & Metal,kg,27159.51,27159.51,27159.51,27159.51,1,VND,184.77,0.0068,4,4,建筑工程,công trình trần,trần giả,lớp hoàn thiện trần
180142,ống (1.6MPa) 50,Material,General,pcs,44854.35,44854.35,44854.35,44854.35,1,VND,67281.52,1.5,4,4,建筑工程,"Công việc lắp đặt chung - Vol.10 Cung cấp nước, thoát nước, sưởi ấm, khí",nước,nước ()
180143,ống (1.6MPa) 70,Material,General,pcs,59257.12,59257.12,59257.12,59257.12,1,VND,103699.96,1.75,4,4,建筑工程,"Công việc lắp đặt chung - Vol.10 Cung cấp nước, thoát nước, sưởi ấm, khí",nước,nước ()
180144,ống (1.6MPa) 80,Material,General,pcs,63577.95,63577.95,63577.95,63577.95,1,VND,95366.93,1.5,4,4,建筑工程,"Công việc lắp đặt chung - Vol.10 Cung cấp nước, thoát nước, sưởi ấm, khí",nước,nước ()
180145,ống (1.6MPa) 100,Material,General,pcs,82507.31,82507.31,82507.31,82507.31,1,VND,123760.96,1.5,4,4,建筑工程,"Công việc lắp đặt chung - Vol.10 Cung cấp nước, thoát nước, sưởi ấm, khí",nước,nước ()
180147,flat (1.6MPa) 150,Material,General,pcs,141558.67,141558.67,141558.67,141558.67,1,VND,212338.01,1.5,4,4,建筑工程,"Công việc lắp đặt chung - Vol.10 Cung cấp nước, thoát nước, sưởi ấm, khí",nước,nước ()
800291,máy tải (hợp bộ),Equipment,General,machine-shift,1114774.55,1114774.55,1114774.55,1114774.55,1,VND,79148.99,0.071,4,4,建筑工程,công trình đóng cọc,cọc khoan,
010115,dây dẫn điện mạ kẽm 15,Material,General,m,10452.3,10452.3,10452.3,10452.3,1,VND,10765.87,1.03,4,4,建筑工程,Công trình lắp đặt chung - Tập 4 Lắp đặt thiết bị điện,,
280252,đoạn nối dạng khuôn điện chống gỉ 15,Material,General,pcs,1357.98,1357.98,1357.98,1357.98,1,VND,223.86,0.1648,4,4,建筑工程,Công trình lắp đặt chung - Tập 4 Lắp đặt thiết bị điện,,
220003,splice 15,Material,General,pcs,8723.96,8723.96,8723.96,8723.96,1,VND,8811.2,1.01,4,4,建筑工程,"Công việc lắp đặt chung - Vol.10 Cung cấp nước, thoát nước, sưởi ấm, khí",,
100291,đá kim loại 80,Material,Steel & Metal,pcs,106580.51,106580.51,106580.51,106580.51,1,VND,219555.86,2.06,4,4,建筑工程,"Công việc lắp đặt chung - Vol.10 Cung cấp nước, thoát nước, sưởi ấm, khí",,lắp đặt
080214,trần thép hợp kim nhôm tấm trần treo tường tấm MK1,Material,General,m,10493.45,10493.45,10493.45,10493.45,1,VND,5830.24,0.5556,4,4,建筑工程,công trình trần,trần giả,lớp hoàn thiện trần
080215,dài dầm trần treo tấm trần tường KB1,Material,General,m,8785.69,8785.69,8785.69,8785.69,1,VND,4480.7,0.51,4,4,建筑工程,công trình trần,trần giả,lớp hoàn thiện trần
300029,thép góc mạ kẽm 63×63×6×2100,Material,Steel & Metal,pcs,143204.7,143204.7,143204.7,143204.7,1,VND,287268.64,2.006,4,4,建筑工程,Công trình lắp đặt chung - Tập 4 Lắp đặt thiết bị điện,,lắp đặt
300036,Thép góc mạ kẽm dọc 63×63×6×650,Material,Steel & Metal,pcs,37241.45,37241.45,37241.45,37241.45,1,VND,65368.06,1.7552,4,4,建筑工程,Công trình lắp đặt chung - Tập 4 Lắp đặt thiết bị điện,,lắp đặt
080286,tường rèm mặt dựng mái chèo,Material,General,m2,5143847.12,5143847.12,5143847.12,5143847.12,1,VND,10802078.96,2.1,4,4,建筑工程,"hoàn thiện tường và cột, vách ngăn và tường rèm",công trình tường rèm,tường kính rèm
080287,"tường rèm mặt phẳng, đà mái và",Material,General,m2,2057538.85,2057538.85,2057538.85,2057538.85,1,VND,3240623.69,1.575,4,4,建筑工程,"hoàn thiện tường và cột, vách ngăn và tường rèm",công trình tường rèm,tường kính rèm
800030,vertical 25,Equipment,General,machine-shift,199375.51,199375.51,199375.51,199375.51,1,VND,4735.17,0.0238,4,4,建筑工程,"hoàn thiện tường và cột, vách ngăn và tường rèm",công trình tường rèm,tường kính rèm
800568,dao cắt đôi,Equipment,General,machine-shift,31686.1,31686.1,31686.1,31686.1,1,VND,1821.95,0.0575,4,4,建筑工程,"hoàn thiện tường và cột, vách ngăn và tường rèm",công trình tường rèm,tường kính rèm
800613,phần mở rộng profile nhôm,Equipment,General,machine-shift,3703569.93,3703569.93,3703569.93,3703569.93,1,VND,611089.04,0.165,4,4,建筑工程,"hoàn thiện tường và cột, vách ngăn và tường rèm",công trình tường rèm,tường kính rèm
090912,expansion bolt M12,Material,Fasteners,set,4896.94,4896.94,4896.94,4896.94,1,VND,11197.8,2.2867,4,4,建筑工程,"hoàn thiện tường và cột, vách ngăn và tường rèm",vách ngăn,vách ngăn kim loại
100092,Lớp phủ chống thấm bitum SBS,Material,Waterproofing,kg,13374.0,13374.0,13374.0,13374.0,1,VND,30100.87,2.2507,4,4,建筑工程,công trình lợp mái và chống thấm,"chống thấm nền và sàn, chống ẩm",sơn nền chống thấm sàn
100278,lớp phủ chống thấm,Material,Waterproofing,kg,57611.09,57611.09,57611.09,57611.09,1,VND,92549.33,1.6064,4,4,建筑工程,công trình lợp mái và chống thấm,"chống thấm nền và sàn, chống ẩm",sơn nền chống thấm sàn
110177,chuẩn bị nền,Material,General,kg,8538.79,8538.79,8538.79,8538.79,1,VND,1552.41,0.1818,4,4,建筑工程,công trình lợp mái và chống thấm,"chống thấm nền và sàn, chống ẩm",sơn nền chống thấm sàn
100119,độ dày keo dán nước,Material,Water,m,27571.02,27571.02,27571.02,27571.02,1,VND,755.43,0.0274,4,4,建筑工程,xử lý nền và gia cố mái dốc,hố móng,"phun bê tông, vữa xi măng"
810084,Bê tông đá C20,Material,Concrete & Cement,m3,541009.27,541009.27,541009.27,541009.27,1,VND,37194.34,0.0687,4,4,建筑工程,xử lý nền và gia cố mái dốc,hố móng,"phun bê tông, vữa xi măng"
090242,lưới thép,Material,Steel & Metal,m2,37035.7,37035.7,37035.7,37035.7,1,VND,38887.48,1.05,4,4,建筑工程,xử lý nền và gia cố mái dốc,hố móng,"phun bê tông, vữa xi măng"
390116,cọc 300,Material,General,m,174890.8,174890.8,174890.8,174890.8,1,VND,178388.62,1.02,4,4,建筑工程,công trình đóng cọc,,
390117,cọc 400,Material,General,m,257192.36,257192.36,257192.36,257192.36,1,VND,262336.2,1.02,4,4,建筑工程,công trình đóng cọc,,
390118,cọc 500,Material,General,m,390932.38,390932.38,390932.38,390932.38,1,VND,398751.03,1.02,4,4,建筑工程,công trình đóng cọc,,
090379,khung thép không gỉ,Material,Steel & Metal,set,290730.24,290730.24,290730.24,290730.24,1,VND,290730.24,1.0,4,4,建筑工程,các công trình trang trí khác,,(frame)
080249,Sơn hình chữ T với đà TBA24×28,Material,Paint & Coatings,m,7283.69,7283.69,7283.69,7283.69,1,VND,23635.57,3.245,4,4,建筑工程,công trình trần,trần giả,dầm trần
080059,Khung thép mỏng T hình TB24×32,Material,Steel & Metal,m,11254.74,11254.74,11254.74,11254.74,1,VND,8295.79,0.7371,4,4,建筑工程,công trình trần,trần giả,dầm trần
080060,Khung thép mỏng T hình TB24×26,Material,Steel & Metal,m,10287.69,10287.69,10287.69,10287.69,1,VND,28436.22,2.7641,4,4,建筑工程,công trình trần,trần giả,dầm trần
080075,keel TL22×22,Material,General,m,9053.17,9053.17,9053.17,9053.17,1,VND,6535.46,0.7219,4,4,建筑工程,công trình trần,trần giả,dầm trần
080100,Khung thép nhẹ hình T TB38-2,Material,Steel & Metal,pcs,1172.8,1172.8,1172.8,1172.8,1,VND,4277.49,3.6473,4,4,建筑工程,công trình trần,trần giả,dầm trần
080104,Khung thép định hình T TB14-2,Material,Steel & Metal,pcs,534.96,534.96,534.96,534.96,1,VND,1866.12,3.4884,4,4,建筑工程,công trình trần,trần giả,dầm trần
390119,cọc 550,Material,General,m,432083.16,432083.16,432083.16,432083.16,1,VND,440724.82,1.02,4,4,建筑工程,công trình đóng cọc,,
800520,Cọc 300T,Equipment,General,machine-shift,4418770.43,4418770.43,4418770.43,4418770.43,1,VND,24745.2,0.0056,4,4,建筑工程,công trình đóng cọc,,
800521,Cọc 500T,Equipment,General,machine-shift,5540334.86,5540334.86,5540334.86,5540334.86,1,VND,34904.09,0.0063,4,4,建筑工程,công trình đóng cọc,,
090800,55%,Material,General,kg,185178.5,185178.5,185178.5,185178.5,1,VND,56942.39,0.3075,4,4,建筑工程,Công trình lắp đặt chung - T.11 Thiết bị truyền thông và đường dây,đúc mẫu,
020021,cột điện,Material,General,pcs,45060.1,45060.1,45060.1,45060.1,1,VND,16224.65,0.3601,4,4,建筑工程,Công trình lắp đặt chung - Tập 4 Lắp đặt thiết bị điện,"đổ điện, sàn (gạch) và sàn",đá nền
110102,sơn lót bitum,Material,Paint & Coatings,kg,23455.94,23455.94,23455.94,23455.94,1,VND,351.84,0.015,4,4,建筑工程,Công trình lắp đặt chung - Tập 4 Lắp đặt thiết bị điện,,
090971,thép không gỉ 133,Material,Steel & Metal,m,277767.74,277767.74,277767.74,277767.74,1,VND,1388838.72,5.0,4,4,建筑工程,các công trình trang trí khác,,kim loại
090972,thép không gỉ 108,Material,Steel & Metal,m,195466.19,195466.19,195466.19,195466.19,1,VND,879597.86,4.5,4,4,建筑工程,các công trình trang trí khác,,kim loại
090970,thép không gỉ 76,Material,Steel & Metal,m,133740.03,133740.03,133740.03,133740.03,1,VND,534960.1,4.0,4,4,建筑工程,các công trình trang trí khác,,kim loại
090617,bu lông chiều cao,Material,Fasteners,pcs,36829.95,36829.95,36829.95,36829.95,1,VND,147319.78,4.0,4,4,建筑工程,các công trình trang trí khác,,kim loại
120130,0.2m2 trong,Material,General,pcs,57611.09,57611.09,57611.09,57611.09,1,VND,58187.2,1.01,4,4,建筑工程,các công trình trang trí khác,,
120133,0.5m2 trong,Material,General,pcs,172833.26,172833.26,172833.26,172833.26,1,VND,174561.6,1.01,4,4,建筑工程,các công trình trang trí khác,,
120135,1.0m2 trong,Material,General,pcs,384759.76,384759.76,384759.76,384759.76,1,VND,388607.36,1.01,4,4,建筑工程,các công trình trang trí khác,,
120171,bên ngoài 1.0m2,Material,General,pcs,450601.01,450601.01,450601.01,450601.01,1,VND,455107.02,1.01,4,4,建筑工程,các công trình trang trí khác,,
100285,202 keo dán FSC-2,Material,General,kg,82301.55,82301.55,82301.55,82301.55,1,VND,7824.82,0.0951,4,4,建筑工程,các công trình trang trí khác,,
090387,khung,Material,General,set,84359.09,84359.09,84359.09,84359.09,1,VND,84359.09,1.0,4,4,建筑工程,các công trình trang trí khác,,(frame)
090384,khung thép không gỉ,Material,Steel & Metal,set,129624.95,129624.95,129624.95,129624.95,1,VND,129624.95,1.0,4,4,建筑工程,các công trình trang trí khác,,(frame)
090389,khung,Material,General,set,294228.06,294228.06,294228.06,294228.06,1,VND,294228.06,1.0,4,4,建筑工程,các công trình trang trí khác,,(frame)
090444,lắp đặt mạ kẽm,Material,General,pcs,2057.54,2057.54,2057.54,2057.54,1,VND,16707.22,8.12,4,4,建筑工程,công trình kết cấu thép,kim loại,
090844,điện cực hàn,Material,Welding Consumables,kg,16007.65,16007.65,16007.65,16007.65,1,VND,3116.62,0.1947,4,4,建筑工程,công trình kết cấu thép,kim loại,
090930,Lan canh,Material,General,m2,347724.07,347724.07,347724.07,347724.07,1,VND,347724.07,1.0,4,4,建筑工程,công trình kết cấu thép,kim loại,
090931,lan canh hoàn thiện,Material,General,m2,382702.23,382702.23,382702.23,382702.23,1,VND,382702.23,1.0,4,4,建筑工程,công trình kết cấu thép,kim loại,
090932,lưới thép lan can,Material,Steel & Metal,m2,195466.19,195466.19,195466.19,195466.19,1,VND,195466.19,1.0,4,4,建筑工程,công trình kết cấu thép,kim loại,
020002,xi măng 52.5,Material,Concrete & Cement,kg,946.47,946.47,946.47,946.47,1,VND,35912.28,37.9435,4,4,建筑工程,Công trình lắp đặt chung - Tập 4 Lắp đặt thiết bị điện,"đúc mẫu và gia công, lắp đặt",cọc nước
150063,với kính 1m2 ngoài,Equipment,General,pcs,968277.78,968277.78,968277.78,968277.78,1,VND,977960.56,1.01,4,4,建筑工程,các công trình trang trí khác,,kèm kính
030134,gỗ 0.2m2 trong,Material,Wood & Timber,pcs,49380.93,49380.93,49380.93,49380.93,1,VND,49874.74,1.01,4,4,建筑工程,các công trình trang trí khác,,gỗ xây dựng
150076,gỗ 0.5m2 trong,Material,Wood & Timber,pcs,61520.41,61520.41,61520.41,61520.41,1,VND,62135.62,1.01,4,4,建筑工程,các công trình trang trí khác,,gỗ xây dựng
150075,gỗ 1m2 trong,Material,Wood & Timber,pcs,246081.65,246081.65,246081.65,246081.65,1,VND,248542.46,1.01,4,4,建筑工程,các công trình trang trí khác,,gỗ xây dựng
150074,gỗ 1m2 vượt quá,Material,Wood & Timber,pcs,556358.5,556358.5,556358.5,556358.5,1,VND,561922.09,1.01,4,4,建筑工程,các công trình trang trí khác,,gỗ xây dựng
150186,kim loại 0.2m2 trong,Material,Steel & Metal,pcs,47323.39,47323.39,47323.39,47323.39,1,VND,47796.63,1.01,4,4,建筑工程,các công trình trang trí khác,,kim loại
150070,kim loại 0.5m2 trong,Material,Steel & Metal,pcs,102671.19,102671.19,102671.19,102671.19,1,VND,103697.9,1.01,4,4,建筑工程,các công trình trang trí khác,,kim loại
150069,kim loại 1m2 trong,Material,Steel & Metal,pcs,633927.72,633927.72,633927.72,633927.72,1,VND,640267.0,1.01,4,4,建筑工程,các công trình trang trí khác,,kim loại
150068,kim loại 1m2 vượt quá,Material,Steel & Metal,pcs,949554.18,949554.18,949554.18,949554.18,1,VND,959049.72,1.01,4,4,建筑工程,các công trình trang trí khác,,kim loại
120137,0.2m2 trong,Material,General,pcs,493809.32,493809.32,493809.32,493809.32,1,VND,498747.42,1.01,4,4,建筑工程,các công trình trang trí khác,,
120131,0.5m2 trong,Material,General,pcs,781864.76,781864.76,781864.76,781864.76,1,VND,789683.41,1.01,4,4,建筑工程,các công trình trang trí khác,,
120132,1.0m2 trong,Material,General,pcs,1275674.09,1275674.09,1275674.09,1275674.09,1,VND,1288430.83,1.01,4,4,建筑工程,các công trình trang trí khác,,
120134,bên ngoài 1.0m2,Material,General,pcs,1748908.02,1748908.02,1748908.02,1748908.02,1,VND,1766397.1,1.01,4,4,建筑工程,các công trình trang trí khác,,
120136,kèm kính 0.2m2 trong,Equipment,General,pcs,65841.24,65841.24,65841.24,65841.24,1,VND,66499.66,1.01,4,4,建筑工程,các công trình trang trí khác,,kèm kính
150065,kèm kính 0.5m2 trong,Equipment,General,pcs,107815.04,107815.04,107815.04,107815.04,1,VND,108893.19,1.01,4,4,建筑工程,các công trình trang trí khác,,kèm kính
150064,kèm kính 1m2 trong,Equipment,General,pcs,430642.88,430642.88,430642.88,430642.88,1,VND,434949.31,1.01,4,4,建筑工程,các công trình trang trí khác,,kèm kính
150184,dải keo dán,Material,General,m,2057.54,2057.54,2057.54,2057.54,1,VND,12897.48,6.2684,4,4,建筑工程,"hoàn thiện tường và cột, vách ngăn và tường rèm",vách ngăn,vách ngăn kim loại
050026,kính 19mm,Material,Glass,m2,1748908.02,1748908.02,1748908.02,1748908.02,1,VND,1703436.41,0.974,4,4,建筑工程,"hoàn thiện tường và cột, vách ngăn và tường rèm",vách ngăn,vách kính
080253,vách ngăn thép không gỉ,Material,Steel & Metal,m2,864166.32,864166.32,864166.32,864166.32,1,VND,864166.32,1.0,4,4,建筑工程,"hoàn thiện tường và cột, vách ngăn và tường rèm",vách ngăn,vách kính
080254,vách kính hợp kim nhôm,Material,Glass,m2,493809.32,493809.32,493809.32,493809.32,1,VND,493809.32,1.0,4,4,建筑工程,"hoàn thiện tường và cột, vách ngăn và tường rèm",vách ngăn,vách kính
080255,vách kính hợp kim nhôm,Material,Glass,m2,452658.55,452658.55,452658.55,452658.55,1,VND,452658.55,1.0,4,4,建筑工程,"hoàn thiện tường và cột, vách ngăn và tường rèm",vách ngăn,vách kính
090934,thép không gỉ với bu lông M4×12,Material,Steel & Metal,set,2469.05,2469.05,2469.05,2469.05,1,VND,19195.6,7.7745,4,4,建筑工程,"hoàn thiện tường và cột, vách ngăn và tường rèm",vách ngăn,vách kính
050047,gạch kính 145×145×80,Material,Glass,pcs,22632.93,22632.93,22632.93,22632.93,1,VND,1081853.93,47.8,4,4,建筑工程,"hoàn thiện tường và cột, vách ngăn và tường rèm",vách ngăn,vách kính
850095,loại TSB,Equipment,General,machine-shift,64400.97,64400.97,64400.97,64400.97,1,VND,104651.57,1.625,4,4,建筑工程,Công trình lắp đặt chung - Tập 4 Lắp đặt thiết bị điện,độ cao điện,độ cao điện
850092,chiều cao GYB-,Equipment,General,machine-shift,19916.98,19916.98,19916.98,19916.98,1,VND,32365.09,1.625,4,4,建筑工程,Công trình lắp đặt chung - Tập 4 Lắp đặt thiết bị điện,độ cao điện,độ cao điện
280183,kim loại 50,Material,Steel & Metal,m,125921.38,125921.38,125921.38,125921.38,1,VND,119877.15,0.952,4,4,建筑工程,Công trình lắp đặt chung - Tập 4 Lắp đặt thiết bị điện,,
280185,kim loại 76,Material,Steel & Metal,m,201021.55,201021.55,201021.55,201021.55,1,VND,191372.51,0.952,4,4,建筑工程,Công trình lắp đặt chung - Tập 4 Lắp đặt thiết bị điện,,
280187,kim loại 101,Material,Steel & Metal,m,367476.44,367476.44,367476.44,367476.44,1,VND,349837.57,0.952,4,4,建筑工程,Công trình lắp đặt chung - Tập 4 Lắp đặt thiết bị điện,,
060017,đá granite tấm 0.25m2 vượt quá,Material,General,m2,513561.7,513561.7,513561.7,513561.7,1,VND,523832.93,1.02,4,4,建筑工程,công trình hoàn thiện sàn,bước trang trí,
060034,bề mặt granite,Material,General,m2,329206.22,329206.22,329206.22,329206.22,1,VND,335790.34,1.02,4,4,建筑工程,công trình hoàn thiện sàn,bước trang trí,
110186,đá lát nền thi công,Material,General,kg,20061.0,20061.0,20061.0,20061.0,1,VND,1835.53,0.0915,4,4,建筑工程,công trình hoàn thiện sàn,lát lát sàn,
110521,bề mặt,Material,General,kg,205753.88,205753.88,205753.88,205753.88,1,VND,82301.55,0.4,4,4,建筑工程,công trình hoàn thiện sàn,lát lát sàn,
100020,gạch lát sàn dán keo,Material,General,m2,46911.89,46911.89,46911.89,46911.89,1,VND,47850.12,1.02,4,4,建筑工程,công trình hoàn thiện sàn,lớp hoàn thiện,
100026,keo dán nền sàn,Material,General,m2,47529.15,47529.15,47529.15,47529.15,1,VND,48479.73,1.02,4,4,建筑工程,công trình hoàn thiện sàn,lớp hoàn thiện,
080175,dải tấm rỗng thạch cao,Material,General,m2,106992.02,106992.02,106992.02,106992.02,1,VND,112341.62,1.05,4,4,建筑工程,"hoàn thiện tường và cột, vách ngăn và tường rèm",vách ngăn,vách ngăn
080161,dải vòng tròn thạch cao cho sàn slab,Material,General,m2,135797.56,135797.56,135797.56,135797.56,1,VND,142587.44,1.05,4,4,建筑工程,"hoàn thiện tường và cột, vách ngăn và tường rèm",vách ngăn,vách ngăn
080177,dải bê tông slab,Material,Concrete & Cement,m2,92589.25,92589.25,92589.25,92589.25,1,VND,97218.71,1.05,4,4,建筑工程,"hoàn thiện tường và cột, vách ngăn và tường rèm",vách ngăn,vách ngăn
040203,block rỗng thạch cao 660×500×100,Material,General,m2,102876.94,102876.94,102876.94,102876.94,1,VND,108020.79,1.05,4,4,建筑工程,"hoàn thiện tường và cột, vách ngăn và tường rèm",vách ngăn,vách ngăn
080162,bản dải bê tông bổ sung,Material,Concrete & Cement,m2,141970.18,141970.18,141970.18,141970.18,1,VND,149068.69,1.05,4,4,建筑工程,"hoàn thiện tường và cột, vách ngăn và tường rèm",vách ngăn,vách ngăn
110779,keo dán thạch cao chiều cao,Material,General,m3,2571923.56,2571923.56,2571923.56,2571923.56,1,VND,17231.89,0.0067,4,4,建筑工程,"hoàn thiện tường và cột, vách ngăn và tường rèm",vách ngăn,vách ngăn
390154,GRC tấm tường xi măng,Material,Concrete & Cement,m2,92589.25,92589.25,92589.25,92589.25,1,VND,97218.71,1.05,4,4,建筑工程,"hoàn thiện tường và cột, vách ngăn và tường rèm",vách ngăn,vách ngăn
390155,GRC tấm tường xi măng,Material,Concrete & Cement,m2,98761.86,98761.86,98761.86,98761.86,1,VND,103699.96,1.05,4,4,建筑工程,"hoàn thiện tường và cột, vách ngăn và tường rèm",vách ngăn,vách ngăn
800644,Cần cẩu tháp 450T,Equipment,Cranes,machine-shift,4337909.16,4337909.16,4337909.16,4337909.16,1,VND,22557.11,0.0052,4,4,建筑工程,công việc chuẩn bị và đo đạc công trình,vận chuyển thẳng đứng,vận chuyển thẳng đứng
370201,cửa hợp kim nhôm,Material,General,m2,586398.57,586398.57,586398.57,586398.57,1,VND,633310.46,1.08,4,4,建筑工程,"hoàn thiện tường và cột, vách ngăn và tường rèm",vách ngăn,vách ngăn
080142,dầm thép nhẹ LLQ-U7575×40,Material,Steel & Metal,m,19752.37,19752.37,19752.37,19752.37,1,VND,13984.68,0.708,4,4,建筑工程,"hoàn thiện tường và cột, vách ngăn và tường rèm",vách ngăn,vách ngăn
080143,dầm thép nhẹ LLQ-C7575×50,Material,Steel & Metal,m,24073.2,24073.2,24073.2,24073.2,1,VND,44318.77,1.841,4,4,建筑工程,"hoàn thiện tường và cột, vách ngăn và tường rèm",vách ngăn,vách ngăn
080144,"khung thép nhẹ, QU-7577×40",Material,Steel & Metal,m,22427.17,22427.17,22427.17,22427.17,1,VND,6683.3,0.298,4,4,建筑工程,"hoàn thiện tường và cột, vách ngăn và tường rèm",vách ngăn,vách ngăn
080145,dầm thép nhẹ QC-7575×45/43,Material,Steel & Metal,m,27571.02,27571.02,27571.02,27571.02,1,VND,49434.84,1.793,4,4,建筑工程,"hoàn thiện tường và cột, vách ngăn và tường rèm",vách ngăn,vách ngăn
080146,keel Q-130×12,Material,General,m,9896.76,9896.76,9896.76,9896.76,1,VND,2122.87,0.2145,4,4,建筑工程,"hoàn thiện tường và cột, vách ngăn và tường rèm",vách ngăn,vách ngăn
080147,"giá đỡ thép nhẹ, chống đỡ",Material,Steel & Metal,pcs,1111.07,1111.07,1111.07,1111.07,1,VND,295.46,0.2659,4,4,建筑工程,"hoàn thiện tường và cột, vách ngăn và tường rèm",vách ngăn,vách ngăn
800650,độ cao điện năng đôi (300 trong),Equipment,General,machine-shift,1191109.24,1191109.24,1191109.24,1191109.24,1,VND,8456.79,0.0071,4,4,建筑工程,công việc chuẩn bị và đo đạc công trình,vận chuyển thẳng đứng,vận chuyển thẳng đứng
800647,cần cẩu tháp 800T,Equipment,Cranes,machine-shift,5873450.4,5873450.4,5873450.4,5873450.4,1,VND,41701.48,0.0071,4,4,建筑工程,công việc chuẩn bị và đo đạc công trình,vận chuyển thẳng đứng,vận chuyển thẳng đứng
800648,cần cẩu tháp 900T M,Equipment,Cranes,machine-shift,8300523.23,8300523.23,8300523.23,8300523.23,1,VND,59763.79,0.0072,4,4,建筑工程,công việc chuẩn bị và đo đạc công trình,vận chuyển thẳng đứng,vận chuyển thẳng đứng
800704,độ cao điện năng đôi (400 trong),Equipment,General,machine-shift,1425051.41,1425051.41,1425051.41,1425051.41,1,VND,10189.09,0.0072,4,4,建筑工程,công việc chuẩn bị và đo đạc công trình,vận chuyển thẳng đứng,vận chuyển thẳng đứng
370050,cửa đơn bằng thép phẳng,Material,Steel & Metal,m2,781864.76,781864.76,781864.76,781864.76,1,VND,781864.76,1.0,4,4,建筑工程,công trình cửa và cửa sổ,cửa kim loại,
370051,cửa đôi bằng thép phẳng đôi,Material,Steel & Metal,m2,925892.48,925892.48,925892.48,925892.48,1,VND,925892.48,1.0,4,4,建筑工程,công trình cửa và cửa sổ,cửa kim loại,
090616,mũi khoan thường 4 6,Material,General,pcs,4115.08,4115.08,4115.08,4115.08,1,VND,493.81,0.12,4,4,建筑工程,Công trình lắp đặt chung - Tập 4 Lắp đặt thiết bị điện,lắp đặt điện cao thế,
090439,bản lề,Material,General,pcs,15637.3,15637.3,15637.3,15637.3,1,VND,23917.24,1.5295,4,4,建筑工程,công trình cửa và cửa sổ,,
370007,cửa gỗ,Material,Wood & Timber,m2,360069.3,360069.3,360069.3,360069.3,1,VND,360069.3,1.0,4,4,建筑工程,công trình cửa và cửa sổ,,
370008,cửa đi gỗ,Material,Wood & Timber,m2,411507.77,411507.77,411507.77,411507.77,1,VND,411507.77,1.0,4,4,建筑工程,công trình cửa và cửa sổ,,
370009,cửa gỗ,Material,Wood & Timber,m2,1563729.53,1563729.53,1563729.53,1563729.53,1,VND,1563729.53,1.0,4,4,建筑工程,công trình cửa và cửa sổ,,
370010,cửa đi gỗ,Material,Wood & Timber,m2,1646031.08,1646031.08,1646031.08,1646031.08,1,VND,1646031.08,1.0,4,4,建筑工程,công trình cửa và cửa sổ,,
090502,đinh tán mạ kẽm M5,Equipment,General,set,349.78,349.78,349.78,349.78,1,VND,1427.11,4.08,4,4,建筑工程,Công trình lắp đặt chung - Tập 4 Lắp đặt thiết bị điện,,
370052,cửa thép đơn,Material,Steel & Metal,m2,720138.6,720138.6,720138.6,720138.6,1,VND,720138.6,1.0,4,4,建筑工程,công trình cửa và cửa sổ,cửa kim loại,
370053,cửa đôi thép,Material,Steel & Metal,m2,864166.32,864166.32,864166.32,864166.32,1,VND,864166.32,1.0,4,4,建筑工程,công trình cửa và cửa sổ,cửa kim loại,
110040,bột trét thạch cao,Material,General,kg,4999.82,4999.82,4999.82,4999.82,1,VND,3309.86,0.662,4,4,建筑工程,"hoàn thiện tường và cột, vách ngăn và tường rèm",vách ngăn,vách ngăn
080174,dải bê tông gạch đất sét nung,Material,Concrete & Cement,m2,113164.64,113164.64,113164.64,113164.64,1,VND,118822.87,1.05,4,4,建筑工程,"hoàn thiện tường và cột, vách ngăn và tường rèm",vách ngăn,vách ngăn
800645,cần cẩu tháp 500T,Equipment,Cranes,machine-shift,4703328.06,4703328.06,4703328.06,4703328.06,1,VND,25162.77,0.0054,4,4,建筑工程,công việc chuẩn bị và đo đạc công trình,vận chuyển thẳng đứng,vận chuyển thẳng đứng
800646,cần cẩu tháp 600T M,Equipment,Cranes,machine-shift,5370176.4,5370176.4,5370176.4,5370176.4,1,VND,38128.25,0.0071,4,4,建筑工程,công việc chuẩn bị và đo đạc công trình,vận chuyển thẳng đứng,vận chuyển thẳng đứng
800649,độ cao điện năng đôi (200 trong),Equipment,General,machine-shift,956961.32,956961.32,956961.32,956961.32,1,VND,5119.77,0.0054,4,4,建筑工程,công việc chuẩn bị và đo đạc công trình,vận chuyển thẳng đứng,vận chuyển thẳng đứng
110346,sơn bitum than đá L01-17,Material,Paint & Coatings,kg,16768.94,16768.94,16768.94,16768.94,1,VND,9705.05,0.5788,4,4,建筑工程,"Công trình lắp đặt chung - T.12 Sơn, chống ăn mòn, cách nhiệt","liên kết kim loại, chà nhám cấu trúc",
110835,lớp phủ,Material,General,kg,34978.16,34978.16,34978.16,34978.16,1,VND,15740.17,0.45,4,4,建筑工程,"công việc sơn, phủ và giấy dán tường",phun sơn phun và quét sơn,lớp phủ hoàn thiện bề mặt tường
110200,sơn dầu emulsion,Material,Paint & Coatings,kg,14608.53,14608.53,14608.53,14608.53,1,VND,2410.41,0.165,4,4,建筑工程,"công việc sơn, phủ và giấy dán tường",phun sơn phun và quét sơn,lớp phủ hoàn thiện bề mặt tường
100038,keo dán nền,Material,General,m2,34360.9,34360.9,34360.9,34360.9,1,VND,37796.99,1.1,4,4,建筑工程,công trình hoàn thiện sàn,lớp hoàn thiện,sàn
150189,đất nền,Material,General,m2,144027.72,144027.72,144027.72,144027.72,1,VND,151229.11,1.05,4,4,建筑工程,công trình hoàn thiện sàn,lớp hoàn thiện,sàn
150327,đất nền,Material,General,m2,102876.94,102876.94,102876.94,102876.94,1,VND,108020.79,1.05,4,4,建筑工程,công trình hoàn thiện sàn,lớp hoàn thiện,sàn
100369,Lớp phủ chống ăn mòn NSJ,Material,General,kg,52672.99,52672.99,52672.99,52672.99,1,VND,11693.4,0.222,4,4,建筑工程,"Công trình lắp đặt chung - T.12 Sơn, chống ăn mòn, cách nhiệt",,
110487,sơn xi măng gốc nước,Material,Concrete & Cement,kg,40739.27,40739.27,40739.27,40739.27,1,VND,16043.04,0.3938,3,3,建筑工程,"công việc sơn, phủ và giấy dán tường",phun sơn phun và quét sơn,lớp phủ hoàn thiện trần
120004,polyurethane,Material,General,m3,1481427.97,1481427.97,1481427.97,1481427.97,1,VND,62219.97,0.042,3,3,建筑工程,"công việc sơn, phủ và giấy dán tường",,
150041,với,Material,General,m2,124892.61,124892.61,124892.61,124892.61,1,VND,149871.13,1.2,3,3,建筑工程,"công việc sơn, phủ và giấy dán tường",,
110489,keo dán,Material,General,kg,45265.85,45265.85,45265.85,45265.85,1,VND,8147.85,0.18,3,3,建筑工程,"công việc sơn, phủ và giấy dán tường",,
800206,sàn 20×2500,Equipment,General,machine-shift,201227.3,201227.3,201227.3,201227.3,1,VND,201.23,0.001,3,3,建筑工程,Công trình lắp đặt chung - Tập 7 Thông gió và điều hòa không khí,,
110109,keo dán,Material,General,kg,75717.43,75717.43,75717.43,75717.43,1,VND,15143.49,0.2,3,3,建筑工程,Công trình lắp đặt chung - Tập 7 Thông gió và điều hòa không khí,,
120044,phenolic,Material,General,pcs,823.02,823.02,823.02,823.02,1,VND,2617.19,3.18,3,3,建筑工程,Công trình lắp đặt chung - Tập 7 Thông gió và điều hòa không khí,,
180640,poly,Material,General,kg,37035.7,37035.7,37035.7,37035.7,1,VND,18320.33,0.4947,3,3,建筑工程,công trình cách nhiệt và chống ăn mòn,chống ăn mòn,lớp phủ chống ăn mòn
090330,nẹp chân tường kim loại,Material,Steel & Metal,m,65841.24,65841.24,65841.24,65841.24,1,VND,67816.48,1.03,3,3,建筑工程,công trình hoàn thiện sàn,nẹp chân tường,
060201,bệ đỡ slab,Material,General,m,10287.69,10287.69,10287.69,10287.69,1,VND,10596.33,1.03,3,3,建筑工程,công trình hoàn thiện sàn,nẹp chân tường,
110507,lớp phủ chiều cao,Material,General,kg,53496.01,53496.01,53496.01,53496.01,1,VND,64997.65,1.215,3,3,建筑工程,"công việc sơn, phủ và giấy dán tường",phun sơn phun và quét sơn,lớp phủ hoàn thiện bề mặt tường
110506,lớp phủ,Material,General,kg,31274.59,31274.59,31274.59,31274.59,1,VND,130196.12,4.163,3,3,建筑工程,"công việc sơn, phủ và giấy dán tường",phun sơn phun và quét sơn,lớp phủ hoàn thiện bề mặt tường
800539,máy đóng cọc diesel,Equipment,General,machine-shift,605533.68,605533.68,605533.68,605533.68,1,VND,34515.49,0.057,3,3,建筑工程,xử lý nền và gia cố mái dốc,,
840010,kim loại,Material,Steel & Metal,kg,8559.36,8559.36,8559.36,8559.36,1,VND,6693.38,0.782,3,3,建筑工程,xử lý nền và gia cố mái dốc,,
370066,cửa tấm,Material,General,m2,1419701.81,1419701.81,1419701.81,1419701.81,1,VND,1419701.81,1.0,3,3,建筑工程,công trình cửa và cửa sổ,cửa kim loại,
100210,Tấm PE (độ dày 5mm),Material,General,m2,20328.48,20328.48,20328.48,20328.48,1,VND,22462.97,1.105,3,3,建筑工程,công trình lợp mái và chống thấm,"bảo vệ chống thấm bề mặt tường, chống ẩm",màng chống thấm bề mặt tường
090724,đinh,Material,Fasteners,pcs,390.93,390.93,390.93,390.93,1,VND,2345.59,6.0,3,3,建筑工程,công trình lợp mái và chống thấm,"bảo vệ chống thấm bề mặt tường, chống ẩm",màng chống thấm bề mặt tường
090281,3×18,Material,General,pcs,1975.24,1975.24,1975.24,1975.24,1,VND,2791.67,1.4133,3,3,建筑工程,Công trình lắp đặt chung - Tập 7 Thông gió và điều hòa không khí,,
120001,latex 20,Material,General,m2,13024.22,13024.22,13024.22,13024.22,1,VND,2300.95,0.1767,3,3,建筑工程,Công trình lắp đặt chung - Tập 7 Thông gió và điều hòa không khí,,
091023,đinh tán cường lực mạ kẽm với bu lông 16×(85 100),Material,Fasteners,set,3991.63,3991.63,3991.63,3991.63,1,VND,8142.92,2.04,3,3,建筑工程,Công trình lắp đặt chung - Tập 7 Thông gió và điều hòa không khí,lắp đặt giá đỡ và gia công,lắp đặt gia công giá đỡ
390147,lắp đặt sàn trần rỗng (300 trong),Material,General,m,658412.43,658412.43,658412.43,658412.43,1,VND,691333.05,1.05,3,3,建筑工程,công trình bê tông và bê tông cốt thép,bệ đúc sẵn trong bê tông tại chỗ,
390146,lắp đặt sàn tầng rỗng (200 trong),Material,General,m,543190.26,543190.26,543190.26,543190.26,1,VND,570349.77,1.05,3,3,建筑工程,công trình bê tông và bê tông cốt thép,bệ đúc sẵn trong bê tông tại chỗ,
390145,lắp đặt sàn trống rỗng (100 trong),Material,General,m,473233.94,473233.94,473233.94,473233.94,1,VND,496895.63,1.05,3,3,建筑工程,công trình bê tông và bê tông cốt thép,bệ đúc sẵn trong bê tông tại chỗ,
020110,bê tông,Material,Concrete & Cement,pcs,4115.08,4115.08,4115.08,4115.08,1,VND,10973.54,2.6667,3,3,建筑工程,công trình bê tông và bê tông cốt thép,bệ đúc sẵn trong bê tông tại chỗ,
800039,40×4,Equipment,General,machine-shift,36624.19,36624.19,36624.19,36624.19,1,VND,2612.53,0.0713,3,3,建筑工程,Công trình lắp đặt chung - Tập 7 Thông gió và điều hòa không khí,"gia công lưới kim loại, lắp đặt (030703007 030703010)",
110114,sơn chống thấm,Material,Paint & Coatings,kg,26748.01,26748.01,26748.01,26748.01,1,VND,676.72,0.0253,3,3,建筑工程,"công việc sơn, phủ và giấy dán tường",sơn trên bề mặt trát,"thạch cao, tạo hình, sơn"
090455,nẹp chân tường thép không gỉ,Material,Steel & Metal,m,111930.11,111930.11,111930.11,111930.11,1,VND,69956.32,0.625,3,3,建筑工程,các công trình trang trí khác,,khung
090950,hợp kim nhôm TS-S,Material,General,m,61726.17,61726.17,61726.17,61726.17,1,VND,83659.53,1.3553,3,3,建筑工程,các công trình trang trí khác,,tường
030119,ván ép 12mm,Material,Wood & Timber,m2,53496.01,53496.01,53496.01,53496.01,1,VND,75179.73,1.4053,3,3,建筑工程,các công trình trang trí khác,,tường
090454,thép không gỉ,Material,Steel & Metal,m,29834.31,29834.31,29834.31,29834.31,1,VND,50419.99,1.69,3,3,建筑工程,các công trình trang trí khác,,khung
170062,32,Material,General,m,11727.97,11727.97,11727.97,11727.97,1,VND,4104.79,0.35,3,3,建筑工程,công trình lợp mái và chống thấm,kết cấu chống thấm mái và phụ kiện,mái nhà (ban công) () nước
370065,cửa tấm,Material,General,m2,946467.87,946467.87,946467.87,946467.87,1,VND,946467.87,1.0,3,3,建筑工程,công trình cửa và cửa sổ,cửa kim loại,
370064,cửa tấm phẳng,Material,General,m2,1028769.42,1028769.42,1028769.42,1028769.42,1,VND,1028769.42,1.0,3,3,建筑工程,công trình cửa và cửa sổ,cửa kim loại,
030231,gỗ xây dựng,Material,Wood & Timber,m3,3806446.87,3806446.87,3806446.87,3806446.87,1,VND,46058.01,0.0121,3,3,建筑工程,công trình kết cấu gỗ,vật liệu nền mái dốc,
030143,dầm mái bằng gỗ,Material,Wood & Timber,m2,109049.56,109049.56,109049.56,109049.56,1,VND,91525.29,0.8393,3,3,建筑工程,công trình kết cấu gỗ,vật liệu nền mái dốc,
350009,định hình BV-2.5,Material,General,m,3538.97,3538.97,3538.97,3538.97,1,VND,16573.2,4.6831,3,3,建筑工程,Công trình lắp đặt chung - Tập 4 Lắp đặt thiết bị điện,đúc mẫu,
091475,bolt chặn nước M14,Material,Fasteners,m,24690.47,24690.47,24690.47,24690.47,1,VND,31458.12,1.2741,3,3,建筑工程,công việc chuẩn bị và đo đạc công trình,khuôn đúc bê tông thi công tại chỗ và giá đỡ,tường
370145,cửa gỗ,Material,Wood & Timber,m2,823015.54,823015.54,823015.54,823015.54,1,VND,823015.54,1.0,3,3,建筑工程,công trình cửa và cửa sổ,,
370144,không có cửa gỗ,Material,Wood & Timber,m2,1193372.53,1193372.53,1193372.53,1193372.53,1,VND,1193372.53,1.0,3,3,建筑工程,công trình cửa và cửa sổ,,
370089,cửa gỗ,Material,Wood & Timber,m2,1831209.58,1831209.58,1831209.58,1831209.58,1,VND,1831209.58,1.0,3,3,建筑工程,công trình cửa và cửa sổ,,
310031,keo dán với 20×20,Material,General,đơn vị,6172.62,6172.62,6172.62,6172.62,1,VND,2304.44,0.3733,3,3,建筑工程,Công trình lắp đặt chung - Tập 4 Lắp đặt thiết bị điện,điện năng khô,
080248,vách ngăn,Material,General,m2,617261.65,617261.65,617261.65,617261.65,1,VND,617261.65,1.0,3,3,建筑工程,"hoàn thiện tường và cột, vách ngăn và tường rèm",vách ngăn,vách ngăn thành phẩm
080247,vách ngăn,Material,General,m2,452658.55,452658.55,452658.55,452658.55,1,VND,452658.55,1.0,3,3,建筑工程,"hoàn thiện tường và cột, vách ngăn và tường rèm",vách ngăn,vách ngăn thành phẩm
850129,đúc điện,Equipment,General,machine-shift,163162.83,163162.83,163162.83,163162.83,1,VND,734232.74,4.5,3,3,建筑工程,Công trình lắp đặt chung - Tập 4 Lắp đặt thiết bị điện,,điện năng
080031,U -hình thép CS60-2A,Material,Steel & Metal,pcs,843.59,843.59,843.59,843.59,1,VND,1139.05,1.3502,3,3,建筑工程,công trình trần,trần giả,dầm trần
080024,U -hình thép mỏng nhẹ CB38-2,Material,Steel & Metal,pcs,1419.7,1419.7,1419.7,1419.7,1,VND,1204.48,0.8484,3,3,建筑工程,công trình trần,trần giả,dầm trần
090193,đinh AM8,Material,Fasteners,pcs,658.41,658.41,658.41,658.41,1,VND,684.75,1.04,3,3,建筑工程,Công trình lắp đặt chung - Tập 7 Thông gió và điều hòa không khí,,
110278,độ dày kết cấu liên kết thép loại phủ,Material,Steel & Metal,kg,5143.85,5143.85,5143.85,5143.85,1,VND,73063.2,14.204,3,3,建筑工程,"công việc sơn, phủ và giấy dán tường",phun sơn phun và quét sơn,lớp phủ sơn quét kết cấu kim loại
110279,loại phủ kết cấu liên kết thép,Material,Steel & Metal,kg,12962.49,12962.49,12962.49,12962.49,1,VND,87829.54,6.7757,3,3,建筑工程,"công việc sơn, phủ và giấy dán tường",phun sơn phun và quét sơn,lớp phủ sơn quét kết cấu kim loại
110280,loại phủ kết cấu liên kết thép,Material,Steel & Metal,kg,31891.85,31891.85,31891.85,31891.85,1,VND,72190.4,2.2636,3,3,建筑工程,"công việc sơn, phủ và giấy dán tường",phun sơn phun và quét sơn,lớp phủ sơn quét kết cấu kim loại
110222,diluent sơn polyurethane,Material,Paint & Coatings,kg,30040.07,30040.07,30040.07,30040.07,1,VND,1237.61,0.0412,3,3,建筑工程,"công việc sơn, phủ và giấy dán tường",phun sơn phun và quét sơn,lớp phủ hoàn thiện trần
030132,bề mặt thép không gỉ chiều rộng 600mm,Material,Steel & Metal,m,1851784.96,1851784.96,1851784.96,1851784.96,1,VND,1851784.96,1.0,3,3,建筑工程,các công trình trang trí khác,,
030131,bề mặt đá chiều rộng 600mm,Material,General,m,2263292.73,2263292.73,2263292.73,2263292.73,1,VND,2263292.73,1.0,3,3,建筑工程,các công trình trang trí khác,,
030130,bề rộng bề mặt đá cẩm thạch 600mm,Material,General,m,1954661.91,1954661.91,1954661.91,1954661.91,1,VND,1954661.91,1.0,3,3,建筑工程,các công trình trang trí khác,,
060098,bề mặt đá,Material,General,m2,823015.54,823015.54,823015.54,823015.54,1,VND,719727.09,0.8745,3,3,建筑工程,các công trình trang trí khác,,
030160,1050×3600×450,Material,General,pcs,13374002.52,13374002.52,13374002.52,13374002.52,1,VND,13374002.52,1.0,3,3,建筑工程,các công trình trang trí khác,,
080020,U -shaped light-gauge steel keel CS50-L,Material,Steel & Metal,pcs,3250.91,3250.91,3250.91,3250.91,1,VND,638.25,0.1963,3,3,建筑工程,công trình trần,trần giả,dầm trần
080023,U -hình thép mỏng định hình CB60-3,Material,Steel & Metal,pcs,1069.92,1069.92,1069.92,1069.92,1,VND,7264.14,6.7894,3,3,建筑工程,công trình trần,trần giả,dầm trần
080013,U -shaped light-gauge steel keel CB60×27,Material,Steel & Metal,m,12962.49,12962.49,12962.49,12962.49,1,VND,55693.26,4.2965,3,3,建筑工程,công trình trần,trần giả,dầm trần
850128,điện năng,Equipment,General,machine-shift,43825.58,43825.58,43825.58,43825.58,1,VND,153389.52,3.5,3,3,建筑工程,Công trình lắp đặt chung - Tập 4 Lắp đặt thiết bị điện,,điện năng
280231,cắt nối 20,Material,General,pcs,802.44,802.44,802.44,802.44,1,VND,1495.76,1.864,3,3,建筑工程,Công trình lắp đặt chung - Tập 4 Lắp đặt thiết bị điện,đúc mẫu,điện năng khuôn mẫu bổ sung
090510,đai ốc chống rỉ (kim loại) 20,Material,Steel & Metal,pcs,781.86,781.86,781.86,781.86,1,VND,1837.93,2.3507,3,3,建筑工程,Công trình lắp đặt chung - Tập 4 Lắp đặt thiết bị điện,đúc mẫu,điện năng khuôn mẫu bổ sung
280352,mối hàn kim loại 20,Material,Steel & Metal,pcs,2551.35,2551.35,2551.35,2551.35,1,VND,3879.76,1.5207,3,3,建筑工程,Công trình lắp đặt chung - Tập 4 Lắp đặt thiết bị điện,đúc mẫu,điện năng khuôn mẫu bổ sung
100201,bitum biến đổi,Material,Waterproofing,t,1416203.99,1416203.99,1416203.99,1416203.99,1,VND,15578.24,0.011,3,3,建筑工程,công trình hoàn thiện sàn,bước trang trí,
810143,1: 1: 2.5 đá thường đá,Material,General,m3,780835.99,780835.99,780835.99,780835.99,1,VND,12727.52,0.0163,3,3,建筑工程,công trình hoàn thiện sàn,bước trang trí,
350007,đúc moulding BVR-6,Material,General,m,8538.79,8538.79,8538.79,8538.79,1,VND,8709.56,1.02,3,3,建筑工程,Công trình lắp đặt chung - T.11 Thiết bị truyền thông và đường dây,đúc khuôn (SLC),
350072,đúc đôi RVS2×1.0mm,Material,General,m,5102.7,5102.7,5102.7,5102.7,1,VND,20819.0,4.08,3,3,建筑工程,Công trình lắp đặt chung - T.11 Thiết bị truyền thông và đường dây,,
350070,đúc đôi RVS2×0.5mm,Material,General,m,2592.5,2592.5,2592.5,2592.5,1,VND,10577.4,4.08,3,3,建筑工程,Công trình lắp đặt chung - T.11 Thiết bị truyền thông và đường dây,,
120071,chống thấm nước với,Material,Water,m,66664.26,66664.26,66664.26,66664.26,1,VND,69997.47,1.05,3,3,建筑工程,công trình lợp mái và chống thấm,"chống thấm nền và sàn, chống ẩm",chống thấm nước với
280164,đất kim loại 30,Material,Steel & Metal,pcs,4012.2,4012.2,4012.2,4012.2,1,VND,4132.57,1.03,3,3,建筑工程,Công trình lắp đặt chung - Tập 4 Lắp đặt thiết bị điện,,
280193,kim loại BP-30,Material,Steel & Metal,pcs,2325.02,2325.02,2325.02,2325.02,1,VND,4789.54,2.06,3,3,建筑工程,Công trình lắp đặt chung - Tập 4 Lắp đặt thiết bị điện,,
280428,đúc moulding 30,Material,General,pcs,21398.4,21398.4,21398.4,21398.4,1,VND,44080.71,2.06,3,3,建筑工程,Công trình lắp đặt chung - Tập 4 Lắp đặt thiết bị điện,,
080246,vách ngăn,Material,General,m2,823015.54,823015.54,823015.54,823015.54,1,VND,823015.54,1.0,3,3,建筑工程,"hoàn thiện tường và cột, vách ngăn và tường rèm",vách ngăn,vách ngăn thành phẩm
060043,đá cong,Material,General,m2,308630.83,308630.83,308630.83,308630.83,1,VND,311717.14,1.01,3,3,建筑工程,"hoàn thiện tường và cột, vách ngăn và tường rèm",tường mặt,bề mặt tường ốp lát trang trí
080739,tấm trang trí tấm nhôm composite polyurethane tấm trang trí,Material,General,m2,781864.76,781864.76,781864.76,781864.76,1,VND,820958.0,1.05,3,3,建筑工程,"hoàn thiện tường và cột, vách ngăn và tường rèm",tường mặt,bề mặt tường ốp lát trang trí
800034,Hàn điện DC 20kW,Equipment,Welding Equip.,machine-shift,50203.95,50203.95,50203.95,50203.95,1,VND,4284.07,0.0853,3,3,建筑工程,"Công trình lắp đặt chung - Tập 6 Điều khiển tự động, instrumentation",,
110738,khí axetylen,Material,Chemicals,kg,18147.49,18147.49,18147.49,18147.49,1,VND,113.47,0.0062,3,3,建筑工程,"Công trình lắp đặt chung - Tập 6 Điều khiển tự động, instrumentation",,
190001,15,Material,General,pcs,52055.73,52055.73,52055.73,52055.73,1,VND,52923.33,1.0167,3,3,建筑工程,Công trình lắp đặt chung - Tập 9 Phòng cháy chữa cháy,,
100031,bitumen,Material,Waterproofing,kg,6193.19,6193.19,6193.19,6193.19,1,VND,27095.11,4.375,3,3,建筑工程,Công trình lắp đặt chung - Tập 7 Thông gió và điều hòa không khí,tường,
030146,1100×6950×1200,Material,General,pcs,40122007.57,40122007.57,40122007.57,40122007.57,1,VND,40122007.57,1.0,3,3,建筑工程,các công trình trang trí khác,,
030162,1100×3600×950,Material,General,pcs,20739991.6,20739991.6,20739991.6,20739991.6,1,VND,20739991.6,1.0,3,3,建筑工程,các công trình trang trí khác,,
030161,1100×3260×800,Material,General,pcs,16048803.03,16048803.03,16048803.03,16048803.03,1,VND,16048803.03,1.0,3,3,建筑工程,các công trình trang trí khác,,
050028,Gạch ceramic mặt phẳng tấm 1000×800,Material,General,m2,185178.5,185178.5,185178.5,185178.5,1,VND,192585.64,1.04,3,3,建筑工程,"hoàn thiện tường và cột, vách ngăn và tường rèm",tường mặt,bề mặt tường ốp lát trang trí
110455,keo dán kính nước,Material,Glass,m3,5143847.12,5143847.12,5143847.12,5143847.12,1,VND,10802.08,0.0021,3,3,建筑工程,công trình cách nhiệt và chống ăn mòn,lớp hoàn thiện chống ăn mòn,lớp phủ bê tông chống ăn mòn
040051,đá sỏi (0.5 3.2),Material,Aggregates,kg,123.45,123.45,123.45,123.45,1,VND,6596.88,53.436,3,3,建筑工程,công trình cách nhiệt và chống ăn mòn,lớp hoàn thiện chống ăn mòn,lớp phủ bê tông chống ăn mòn
050029,gạch ceramic mặt phẳng 1200×1000,Material,General,m2,226329.27,226329.27,226329.27,226329.27,1,VND,235382.44,1.04,3,3,建筑工程,"hoàn thiện tường và cột, vách ngăn và tường rèm",tường mặt,bề mặt tường ốp lát trang trí
110527,sơn dầu pha sẵn phenolic,Material,Paint & Coatings,kg,78186.48,78186.48,78186.48,78186.48,1,VND,9382.38,0.12,3,3,建筑工程,"Công trình lắp đặt chung - Tập 6 Điều khiển tự động, instrumentation",,
050073,kính 12mm,Material,Glass,m2,444428.39,444428.39,444428.39,444428.39,1,VND,471271.87,1.0604,3,3,建筑工程,"hoàn thiện tường và cột, vách ngăn và tường rèm",vách ngăn,vách kính
091521,6×120 bu lông,Material,Fasteners,pcs,3086.31,3086.31,3086.31,3086.31,1,VND,25431.18,8.24,3,3,建筑工程,công trình lợp mái và chống thấm,kết cấu chống thấm mái và phụ kiện,mái nhà ()
091520,900 đoạn dài,Material,General,pcs,61726.17,61726.17,61726.17,61726.17,1,VND,63577.95,1.03,3,3,建筑工程,công trình lợp mái và chống thấm,kết cấu chống thấm mái và phụ kiện,mái nhà ()
010688,0.7 độ dày tấm thép mạ kẽm 26,Material,Steel & Metal,m2,30863.08,30863.08,30863.08,30863.08,1,VND,11913.15,0.386,3,3,建筑工程,công trình lợp mái và chống thấm,kết cấu chống thấm mái và phụ kiện,mái nhà ()
010687,1.2 độ dày tấm nhôm,Material,General,m2,135036.27,135036.27,135036.27,135036.27,1,VND,126799.12,0.939,3,3,建筑工程,công trình lợp mái và chống thấm,kết cấu chống thấm mái và phụ kiện,mái nhà ()
010127,tấm nhôm 0.8,Material,General,m2,78392.23,78392.23,78392.23,78392.23,1,VND,112414.46,1.434,3,3,建筑工程,công trình lợp mái và chống thấm,kết cấu chống thấm mái và phụ kiện,mái nhà ()
080206,giá đỡ trần treo slab 38×15,Material,General,m,8765.12,8765.12,8765.12,8765.12,1,VND,10839.73,1.2367,3,3,建筑工程,công trình trần,trần giả,dầm trần
080035,Thanh thép nhẹ dạng U CB50-1P,Material,Steel & Metal,pcs,1748.91,1748.91,1748.91,1748.91,1,VND,4121.46,2.3566,3,3,建筑工程,công trình trần,trần giả,dầm trần
090682,với bu lông M16×60,Material,Fasteners,set,5884.56,5884.56,5884.56,5884.56,1,VND,96036.04,16.32,3,3,建筑工程,"Công trình lắp đặt chung - Tập 6 Điều khiển tự động, instrumentation",,
850170,BM-2061000M,Equipment,General,machine-shift,48064.11,48064.11,48064.11,48064.11,1,VND,12016.03,0.25,3,3,建筑工程,Công trình lắp đặt chung - Tập 5 Hệ thống thông minh tòa nhà,,"lắp đặt, đơn"
110283,putty,Material,General,kg,19423.17,19423.17,19423.17,19423.17,1,VND,58269.5,3.0,3,3,建筑工程,Công trình lắp đặt chung - Tập 5 Hệ thống thông minh tòa nhà,,"lắp đặt, đơn"
030159,1050×4450×450,Material,General,pcs,16666064.68,16666064.68,16666064.68,16666064.68,1,VND,16666064.68,1.0,3,3,建筑工程,các công trình trang trí khác,,
030158,1150×4300×700,Material,General,pcs,19546619.07,19546619.07,19546619.07,19546619.07,1,VND,19546619.07,1.0,3,3,建筑工程,các công trình trang trí khác,,
030157,1150×4400×600,Material,General,pcs,16357433.85,16357433.85,16357433.85,16357433.85,1,VND,16357433.85,1.0,3,3,建筑工程,các công trình trang trí khác,,
030156,1150×4860×550,Material,General,pcs,18106341.88,18106341.88,18106341.88,18106341.88,1,VND,18106341.88,1.0,3,3,建筑工程,các công trình trang trí khác,,
030155,1150×13400×500,Material,General,pcs,49792440.16,49792440.16,49792440.16,49792440.16,1,VND,49792440.16,1.0,3,3,建筑工程,các công trình trang trí khác,,
030154,1600×4500×620,Material,General,pcs,20369634.61,20369634.61,20369634.61,20369634.61,1,VND,20369634.61,1.0,3,3,建筑工程,các công trình trang trí khác,,
030153,1100×6400×500,Material,General,pcs,23661696.77,23661696.77,23661696.77,23661696.77,1,VND,23661696.77,1.0,3,3,建筑工程,các công trình trang trí khác,,
030152,1150×5540×600,Material,General,pcs,20534237.72,20534237.72,20534237.72,20534237.72,1,VND,20534237.72,1.0,3,3,建筑工程,các công trình trang trí khác,,
030151,1150×7000×500,Material,General,pcs,25924989.5,25924989.5,25924989.5,25924989.5,1,VND,25924989.5,1.0,3,3,建筑工程,các công trình trang trí khác,,
030150,1150×5035×500,Material,General,pcs,18723603.53,18723603.53,18723603.53,18723603.53,1,VND,18723603.53,1.0,3,3,建筑工程,các công trình trang trí khác,,
030149,1100×5320×550,Material,General,pcs,19752372.96,19752372.96,19752372.96,19752372.96,1,VND,19752372.96,1.0,3,3,建筑工程,các công trình trang trí khác,,
030148,1100×5950×550,Material,General,pcs,22015665.69,22015665.69,22015665.69,22015665.69,1,VND,22015665.69,1.0,3,3,建筑工程,các công trình trang trí khác,,
030147,1100×5960×1200,Material,General,pcs,34360898.79,34360898.79,34360898.79,34360898.79,1,VND,34360898.79,1.0,3,3,建筑工程,các công trình trang trí khác,,
080128,dầm trần treo thép hợp kim nhôm tấm LB50×26,Material,General,m,10493.45,10493.45,10493.45,10493.45,1,VND,12050.18,1.1484,3,3,建筑工程,công trình trần,trần giả,dầm trần
800153,sàn 20×2500,Equipment,General,machine-shift,209251.7,209251.7,209251.7,209251.7,1,VND,230.24,0.0011,3,3,建筑工程,công trình lợp mái và chống thấm,"chống thấm nền và sàn, chống ẩm",chống thấm nước với
850094,VIDAR,Equipment,General,machine-shift,546482.32,546482.32,546482.32,546482.32,1,VND,364321.55,0.6667,3,3,建筑工程,Công trình lắp đặt chung - Tập 4 Lắp đặt thiết bị điện,độ cao điện,điện năng đơn
210088,thép không gỉ,Material,Steel & Metal,pcs,246904.66,246904.66,246904.66,246904.66,1,VND,246904.66,1.0,3,3,建筑工程,các công trình trang trí khác,,
090450,thép không gỉ,Material,Steel & Metal,set,82301.55,82301.55,82301.55,82301.55,1,VND,82301.55,1.0,3,3,建筑工程,các công trình trang trí khác,,
280075,đúc moulding 700,Material,General,pcs,53496.01,53496.01,53496.01,53496.01,1,VND,53496.01,1.0,3,3,建筑工程,Công trình lắp đặt chung - Tập 4 Lắp đặt thiết bị điện,lắp đặt khuôn mẫu,
120031,5,Material,General,m,246.9,246.9,246.9,246.9,1,VND,498.75,2.02,3,3,建筑工程,Công trình lắp đặt chung - T.11 Thiết bị truyền thông và đường dây,,
330020,10m đơn,Material,General,pcs,326737.17,326737.17,326737.17,326737.17,1,VND,333271.91,1.02,3,3,建筑工程,Công trình lắp đặt chung - T.11 Thiết bị truyền thông và đường dây,,
060037,đá cẩm thạch,Material,General,pcs,432083.16,432083.16,432083.16,432083.16,1,VND,313980.43,0.7267,3,3,建筑工程,các công trình trang trí khác,"tay vịn, lan can, tấm lan can trang trí",bệ lan can đá và lan can
060041,tay vịn đá cẩm thạch ( cong ),Material,General,m,294639.56,294639.56,294639.56,294639.56,1,VND,368299.45,1.25,3,3,建筑工程,các công trình trang trí khác,"tay vịn, lan can, tấm lan can trang trí",bệ lan can đá và lan can
060040,tay vịn đá cẩm thạch (thẳng),Material,General,m,216041.58,216041.58,216041.58,216041.58,1,VND,252768.65,1.17,3,3,建筑工程,các công trình trang trí khác,"tay vịn, lan can, tấm lan can trang trí",bệ lan can đá và lan can
390137,-mặt mái dốc,Material,General,m3,5123271.74,5123271.74,5123271.74,5123271.74,1,VND,5123271.74,1.0,3,3,建筑工程,công trình bê tông và bê tông cốt thép,bệ đúc sẵn bê tông,
390029,sàn,Material,General,m3,2777677.45,2777677.45,2777677.45,2777677.45,1,VND,2777677.45,1.0,3,3,建筑工程,công trình bê tông và bê tông cốt thép,bệ đúc sẵn bê tông,
390017,loại sàn mái,Material,General,m3,3703569.93,3703569.93,3703569.93,3703569.93,1,VND,3703569.93,1.0,3,3,建筑工程,công trình bê tông và bê tông cốt thép,bệ đúc sẵn bê tông,
850113,YS44F,Equipment,General,machine-shift,50162.8,50162.8,50162.8,50162.8,1,VND,200651.19,4.0,3,3,建筑工程,Công trình lắp đặt chung - Tập 5 Hệ thống thông minh tòa nhà,,
090298,dây đeo,Material,General,kg,60491.64,60491.64,60491.64,60491.64,1,VND,16943.63,0.2801,3,3,建筑工程,"hoàn thiện tường và cột, vách ngăn và tường rèm",tường mặt,bề mặt tường ốp lát trang trí
080204,tấm nhôm,Material,General,m2,288055.44,288055.44,288055.44,288055.44,1,VND,302458.21,1.05,3,3,建筑工程,"hoàn thiện tường và cột, vách ngăn và tường rèm",tường mặt,bề mặt tường ốp lát trang trí
080193,tấm nhôm,Material,General,m2,226329.27,226329.27,226329.27,226329.27,1,VND,237645.74,1.05,3,3,建筑工程,"hoàn thiện tường và cột, vách ngăn và tường rèm",tường mặt,bề mặt tường ốp lát trang trí
010392,tấm nhôm,Material,General,m2,823015.54,823015.54,823015.54,823015.54,1,VND,864166.32,1.05,3,3,建筑工程,"hoàn thiện tường và cột, vách ngăn và tường rèm",tường mặt,bề mặt tường ốp lát trang trí
810108,vữa,Material,Concrete & Cement,m3,3044416.78,3044416.78,3044416.78,3044416.78,1,VND,92245.84,0.0303,3,3,建筑工程,công trình cách nhiệt và chống ăn mòn,lớp hoàn thiện chống ăn mòn,lớp hoàn thiện vữa chống ăn mòn
110274,đá,Material,General,kg,4320.83,4320.83,4320.83,4320.83,1,VND,143958.79,33.3174,3,3,建筑工程,công trình cách nhiệt và chống ăn mòn,lớp hoàn thiện chống ăn mòn,lớp hoàn thiện vữa chống ăn mòn
810111,kính nước bê tông,Material,Concrete & Cement,m3,2621942.33,2621942.33,2621942.33,2621942.33,1,VND,86917.44,0.0332,3,3,建筑工程,công trình cách nhiệt và chống ăn mòn,lớp hoàn thiện chống ăn mòn,lớp phủ bê tông chống ăn mòn
460105,thanh thép tấm 0.5,Material,Steel & Metal,kg,74071.4,74071.4,74071.4,74071.4,1,VND,11110.71,0.15,3,3,建筑工程,"Công trình lắp đặt chung - Tập 6 Điều khiển tự động, instrumentation",,
100461,2 độ dày keo dán,Material,General,m2,61726.17,61726.17,61726.17,61726.17,1,VND,8209.58,0.133,3,3,建筑工程,công trình lợp mái và chống thấm,kết cấu chống thấm mái và phụ kiện,mái nhà ()
100101,E44,Material,General,kg,56582.32,56582.32,56582.32,56582.32,1,VND,1720.1,0.0304,3,3,建筑工程,công trình lợp mái và chống thấm,"chống thấm nền và sàn, chống ẩm",chống thấm nước với
010041,tấm thép thường 3,Material,Steel & Metal,m2,274064.17,274064.17,274064.17,274064.17,1,VND,141417.11,0.516,3,3,建筑工程,công trình lợp mái và chống thấm,"chống thấm nền và sàn, chống ẩm",chống thấm nước với
010017,thép góc 63 vượt quá,Material,Steel & Metal,kg,7715.77,7715.77,7715.77,7715.77,1,VND,137340.72,17.8,3,3,建筑工程,Công trình lắp đặt chung - Tập 4 Lắp đặt thiết bị điện,lắp đặt giá đỡ và gia công,lắp đặt
300037,giá đỡ thép góc mạ kẽm 50×50×5×770,Material,Steel & Metal,pcs,30040.07,30040.07,30040.07,30040.07,1,VND,40173.58,1.3373,3,3,建筑工程,Công trình lắp đặt chung - Tập 4 Lắp đặt thiết bị điện,,lắp đặt
090139,được mạ kẽm với bu lông 16×(275 300),Material,Fasteners,set,10781.5,10781.5,10781.5,10781.5,1,VND,29325.69,2.72,3,3,建筑工程,Công trình lắp đặt chung - Tập 4 Lắp đặt thiết bị điện,,lắp đặt
300017,dây thép mạ kẽm đôi 65×6×830,Material,General,pair,50203.95,50203.95,50203.95,50203.95,1,VND,100909.94,2.01,3,3,建筑工程,Công trình lắp đặt chung - Tập 4 Lắp đặt thiết bị điện,,lắp đặt
390167,bê tông đúc sẵn 390×390,Material,Concrete & Cement,m2,617261.65,617261.65,617261.65,617261.65,1,VND,629606.89,1.02,3,3,建筑工程,công trình bê tông và bê tông cốt thép,cấu trúc,
390150,tấm tường bê tông ceramsite,Material,Concrete & Cement,m3,2736526.67,2736526.67,2736526.67,2736526.67,1,VND,2736526.67,1.0,3,3,建筑工程,công trình bê tông và bê tông cốt thép,cấu trúc,
390020,tấm vách bê tông,Material,Concrete & Cement,m3,2510197.4,2510197.4,2510197.4,2510197.4,1,VND,2510197.4,1.0,3,3,建筑工程,công trình bê tông và bê tông cốt thép,cấu trúc,
050014,kèm kính 3mm,Equipment,General,m2,192585.64,192585.64,192585.64,192585.64,1,VND,629755.03,3.27,3,3,建筑工程,các công trình trang trí khác,,khung
030123,tấm ốp gỗ,Material,Wood & Timber,m2,49380.93,49380.93,49380.93,49380.93,1,VND,237555.21,4.8107,3,3,建筑工程,các công trình trang trí khác,,
280136,đúc moulding 20A,Material,General,pcs,390.93,390.93,390.93,390.93,1,VND,793.59,2.03,3,3,建筑工程,Công trình lắp đặt chung - T.11 Thiết bị truyền thông và đường dây,,
850079,điện năng,Equipment,General,machine-shift,48928.27,48928.27,48928.27,48928.27,1,VND,171248.96,3.5,3,3,建筑工程,Công trình lắp đặt chung - T.11 Thiết bị truyền thông và đường dây,,
090893,điện năng 65,Material,General,pcs,2530.77,2530.77,2530.77,2530.77,1,VND,17715.41,7.0,3,3,建筑工程,Công trình lắp đặt chung - T.11 Thiết bị truyền thông và đường dây,,điện năng ()
090871,điện năng 55,Material,General,pcs,2119.27,2119.27,2119.27,2119.27,1,VND,14834.86,7.0,3,3,建筑工程,Công trình lắp đặt chung - T.11 Thiết bị truyền thông và đường dây,,điện năng ()
290065,(kèm cửa),Material,General,pcs,3065.73,3065.73,3065.73,3065.73,1,VND,3096.39,1.01,3,3,建筑工程,Công trình lắp đặt chung - T.11 Thiết bị truyền thông và đường dây,,điện năng ()
290086,(kèm cửa),Material,General,pcs,6337.22,6337.22,6337.22,6337.22,1,VND,6400.59,1.01,3,3,建筑工程,Công trình lắp đặt chung - T.11 Thiết bị truyền thông và đường dây,,điện năng ()
800114,khoan 300 400,Equipment,General,machine-shift,756762.79,756762.79,756762.79,756762.79,1,VND,53477.9,0.0707,3,3,建筑工程,xử lý nền và gia cố mái dốc,"nước, hệ thống cấp nước",
100111,chống thấm nước bằng keo dán,Material,Water,m,127567.41,127567.41,127567.41,127567.41,1,VND,133945.78,1.05,3,3,建筑工程,công trình lợp mái và chống thấm,"chống thấm nền và sàn, chống ẩm",chống thấm nước với
080241,tấm tường hợp kim nhôm FK1-B,Material,General,m2,249373.71,249373.71,249373.71,249373.71,1,VND,12468.69,0.05,3,3,建筑工程,công trình trần,trần giả,lớp hoàn thiện trần
080240,tấm hợp kim nhôm,Material,General,m2,219539.4,219539.4,219539.4,219539.4,1,VND,223930.18,1.02,3,3,建筑工程,công trình trần,trần giả,lớp hoàn thiện trần
080239,tấm hợp kim nhôm nhúng,Material,General,m2,205753.88,205753.88,205753.88,205753.88,1,VND,209868.96,1.02,3,3,建筑工程,công trình trần,trần giả,lớp hoàn thiện trần
080223,đúc mẫu,Material,General,m,2469.05,2469.05,2469.05,2469.05,1,VND,4453.13,1.8036,3,3,建筑工程,công trình trần,trần giả,lớp hoàn thiện trần
090482,khung thép không gỉ,Material,Steel & Metal,set,47117.64,47117.64,47117.64,47117.64,1,VND,47117.64,1.0,3,3,建筑工程,các công trình trang trí khác,,
090481,khung,Material,General,set,29217.05,29217.05,29217.05,29217.05,1,VND,29217.05,1.0,3,3,建筑工程,các công trình trang trí khác,,
090377,thép không gỉ (),Material,Steel & Metal,set,298137.38,298137.38,298137.38,298137.38,1,VND,298137.38,1.0,3,3,建筑工程,các công trình trang trí khác,,
400017,Bê tông đá C10,Material,Concrete & Cement,m3,751001.68,751001.68,751001.68,751001.68,1,VND,758511.7,1.01,3,3,建筑工程,công trình bê tông và bê tông cốt thép,lớp bê tông trám lấp tại chỗ,lớp phủ sàn
400005,C10 bê tông trộn sẵn,Material,Concrete & Cement,m3,720138.6,720138.6,720138.6,720138.6,1,VND,727339.98,1.01,3,3,建筑工程,công trình bê tông và bê tông cốt thép,lớp bê tông trám lấp tại chỗ,lớp phủ sàn
091398,dây thép 12,Material,Steel & Metal,pcs,24484.71,24484.71,24484.71,24484.71,1,VND,445132.07,18.18,3,3,建筑工程,Công trình lắp đặt chung - Tập 5 Hệ thống thông minh tòa nhà,,
120065,poly với,Material,General,đơn vị,13867.81,13867.81,13867.81,13867.81,1,VND,3929.21,0.2833,3,3,建筑工程,Công trình lắp đặt chung - Tập 5 Hệ thống thông minh tòa nhà,,
090633,3,Material,General,set,242172.32,242172.32,242172.32,242172.32,1,VND,484344.65,2.0,3,3,建筑工程,công trình bê tông và bê tông cốt thép,công trình thép gia cố,
090280,đơn,Material,General,set,57405.33,57405.33,57405.33,57405.33,1,VND,114810.67,2.0,3,3,建筑工程,công trình bê tông và bê tông cốt thép,công trình thép gia cố,
010139,đá lát,Material,General,set,23867.45,23867.45,23867.45,23867.45,1,VND,47734.9,2.0,3,3,建筑工程,công trình bê tông và bê tông cốt thép,công trình thép gia cố,
800365,cẩu trục 40t,Equipment,Cranes,machine-shift,2181814.2,2181814.2,2181814.2,2181814.2,1,VND,109090.71,0.05,3,3,建筑工程,công trình bê tông và bê tông cốt thép,công trình thép gia cố,
090136,được mạ kẽm với bu lông 16×(110 150),Material,Fasteners,set,9156.05,9156.05,9156.05,9156.05,1,VND,9339.17,1.02,3,3,建筑工程,Công trình lắp đặt chung - Tập 4 Lắp đặt thiết bị điện,,lắp đặt
100290,kim loại đá 50,Material,Steel & Metal,pcs,74894.41,74894.41,74894.41,74894.41,1,VND,154282.49,2.06,3,3,建筑工程,"Công việc lắp đặt chung - Vol.10 Cung cấp nước, thoát nước, sưởi ấm, khí",,lắp đặt
180123,flat (1.0MPa) 50,Material,General,pcs,36006.93,36006.93,36006.93,36006.93,1,VND,48009.24,1.3333,3,3,建筑工程,"Công việc lắp đặt chung - Vol.10 Cung cấp nước, thoát nước, sưởi ấm, khí",,lắp đặt
180139,ống (1.6MPa) 25,Material,General,pcs,18764.75,18764.75,18764.75,18764.75,1,VND,43784.43,2.3333,3,3,建筑工程,"Công việc lắp đặt chung - Vol.10 Cung cấp nước, thoát nước, sưởi ấm, khí","nước, nước",lắp đặt hệ thống cấp nước
390122,cọc 1000,Material,General,m,1646031.08,1646031.08,1646031.08,1646031.08,1,VND,1678951.7,1.02,3,3,建筑工程,công trình đóng cọc,,
390121,cọc 800,Material,General,m,1028769.42,1028769.42,1028769.42,1028769.42,1,VND,1049344.81,1.02,3,3,建筑工程,công trình đóng cọc,,
390120,cọc 600,Material,General,m,565823.18,565823.18,565823.18,565823.18,1,VND,577139.65,1.02,3,3,建筑工程,công trình đóng cọc,,
180148,ống (1.6MPa) 200,Material,General,pcs,188059.05,188059.05,188059.05,188059.05,1,VND,250745.4,1.3333,3,3,建筑工程,"Công việc lắp đặt chung - Vol.10 Cung cấp nước, thoát nước, sưởi ấm, khí",nước,nước ()
810087,Bê tông khí chưng áp CL10,Material,Concrete & Cement,m3,717875.3,717875.3,717875.3,717875.3,1,VND,725054.06,1.01,3,3,建筑工程,công trình bê tông và bê tông cốt thép,lớp bê tông trám lấp tại chỗ,lớp phủ sàn
110606,lớp phủ,Material,General,kg,11933.73,11933.73,11933.73,11933.73,1,VND,14917.16,1.25,3,3,建筑工程,"công việc sơn, phủ và giấy dán tường",sơn bề mặt gỗ,"sàn gỗ, ván sợi, plywood, sơn trần"
110604,() lớp phủ trên cùng,Material,General,kg,61726.17,61726.17,61726.17,61726.17,1,VND,47529.15,0.77,3,3,建筑工程,"công việc sơn, phủ và giấy dán tường",sơn bề mặt gỗ,"sàn gỗ, ván sợi, plywood, sơn trần"
030173,1100×5840×1080,Material,General,pcs,33949391.02,33949391.02,33949391.02,33949391.02,1,VND,33949391.02,1.0,3,3,建筑工程,các công trình trang trí khác,,
030172,1300×7200×950,Material,General,pcs,35595422.1,35595422.1,35595422.1,35595422.1,1,VND,35595422.1,1.0,3,3,建筑工程,các công trình trang trí khác,,
030171,1100×4000×450,Material,General,pcs,14814279.72,14814279.72,14814279.72,14814279.72,1,VND,14814279.72,1.0,3,3,建筑工程,các công trình trang trí khác,,
030170,1100×12200×550,Material,General,pcs,45265854.69,45265854.69,45265854.69,45265854.69,1,VND,45265854.69,1.0,3,3,建筑工程,các công trình trang trí khác,,
030169,1150×11500×500,Material,General,pcs,43208315.84,43208315.84,43208315.84,43208315.84,1,VND,43208315.84,1.0,3,3,建筑工程,các công trình trang trí khác,,
030168,1150×3700×650 hình tròn,Material,General,pcs,24690466.19,24690466.19,24690466.19,24690466.19,1,VND,24690466.19,1.0,3,3,建筑工程,các công trình trang trí khác,,
030167,1100×6700×550,Material,General,pcs,24896220.08,24896220.08,24896220.08,24896220.08,1,VND,24896220.08,1.0,3,3,建筑工程,các công trình trang trí khác,,
030166,1150×3900×700,Material,General,pcs,16048803.03,16048803.03,16048803.03,16048803.03,1,VND,16048803.03,1.0,3,3,建筑工程,các công trình trang trí khác,,
030165,1150×5400×1250,Material,General,pcs,33332129.36,33332129.36,33332129.36,33332129.36,1,VND,33332129.36,1.0,3,3,建筑工程,các công trình trang trí khác,,
030164,1150×4050×850,Material,General,pcs,20163880.73,20163880.73,20163880.73,20163880.73,1,VND,20163880.73,1.0,3,3,建筑工程,các công trình trang trí khác,,
030163,1150×4200×800,Material,General,pcs,24278958.42,24278958.42,24278958.42,24278958.42,1,VND,24278958.42,1.0,3,3,建筑工程,các công trình trang trí khác,,
090943,24 thép không gỉ (),Material,Steel & Metal,m,370356.99,370356.99,370356.99,370356.99,1,VND,288878.45,0.78,3,3,建筑工程,"hoàn thiện tường và cột, vách ngăn và tường rèm",công trình tường rèm,tường kính rèm
090942,250 (đơn),Material,General,set,123452.33,123452.33,123452.33,123452.33,1,VND,12345.23,0.1,3,3,建筑工程,"hoàn thiện tường và cột, vách ngăn và tường rèm",công trình tường rèm,tường kính rèm
090711,thép mạ kẽm,Material,Steel & Metal,pcs,16460.31,16460.31,16460.31,16460.31,1,VND,106152.54,6.449,3,3,建筑工程,công trình trần,công trình trần,
080323,thép không gỉ,Material,Steel & Metal,set,308630.83,308630.83,308630.83,308630.83,1,VND,361098.07,1.17,3,3,建筑工程,công trình trần,công trình trần,
080202,hợp kim nhôm,Material,General,m,7756.92,7756.92,7756.92,7756.92,1,VND,14350.3,1.85,3,3,建筑工程,công trình trần,công trình trần,
060036,bệ lan can đá cẩm thạch (uốn cong),Material,General,m2,746269.34,746269.34,746269.34,746269.34,1,VND,686567.79,0.92,3,3,建筑工程,các công trình trang trí khác,"tay vịn, lan can, tấm lan can trang trí",bệ lan can đá và lan can
060035,bệ lan can đá cẩm thạch (thẳng),Material,General,m2,401220.08,401220.08,401220.08,401220.08,1,VND,345049.27,0.86,3,3,建筑工程,các công trình trang trí khác,"tay vịn, lan can, tấm lan can trang trí",bệ lan can đá và lan can
090371,rào chắn 20,Material,General,m,148965.81,148965.81,148965.81,148965.81,1,VND,972448.83,6.528,3,3,建筑工程,các công trình trang trí khác,"tay vịn, lan can, tấm lan can trang trí","tay vịn kim loại, lan can, tấm lan can"
090941,250 (),Material,General,set,164603.11,164603.11,164603.11,164603.11,1,VND,39504.75,0.24,3,3,建筑工程,"hoàn thiện tường và cột, vách ngăn và tường rèm",công trình tường rèm,tường kính rèm
090940,250 (),Material,General,set,246904.66,246904.66,246904.66,246904.66,1,VND,79832.51,0.3233,3,3,建筑工程,"hoàn thiện tường và cột, vách ngăn và tường rèm",công trình tường rèm,tường kính rèm
080283,"liên kết thép, bonding cấu trúc",Material,Steel & Metal,kg,13991.26,13991.26,13991.26,13991.26,1,VND,445388.58,31.8333,3,3,建筑工程,"hoàn thiện tường và cột, vách ngăn và tường rèm",công trình tường rèm,tường kính rèm
280255,đoạn nối khuôn điện chống gỉ 32,Material,General,pcs,3477.24,3477.24,3477.24,3477.24,1,VND,573.02,0.1648,3,3,建筑工程,Công trình lắp đặt chung - Tập 4 Lắp đặt thiết bị điện,,
010120,dây dẫn điện mạ kẽm 50,Material,General,m,43002.56,43002.56,43002.56,43002.56,1,VND,44292.64,1.03,3,3,建筑工程,Công trình lắp đặt chung - Tập 4 Lắp đặt thiết bị điện,,
010119,đúc thép chống gỉ cho điện 40,Material,General,m,28805.54,28805.54,28805.54,28805.54,1,VND,29669.71,1.03,3,3,建筑工程,Công trình lắp đặt chung - Tập 4 Lắp đặt thiết bị điện,,
080137,giá đỡ trần treo LB10×8,Material,General,m,10184.82,10184.82,10184.82,10184.82,1,VND,141586.24,13.9017,3,3,建筑工程,công trình trần,trần giả,trần thạch cao treo
080136,dầm trần treo LB13×22,Material,General,m,12736.17,12736.17,12736.17,12736.17,1,VND,24750.13,1.9433,3,3,建筑工程,công trình trần,trần giả,trần thạch cao treo
080078,Dầm thép hình T CL15×35,Material,Steel & Metal,m,9053.17,9053.17,9053.17,9053.17,1,VND,6504.7,0.7185,3,3,建筑工程,công trình trần,trần giả,trần thạch cao treo
080211,dải thép hợp kim nhôm LB50-2,Material,General,pcs,1213.95,1213.95,1213.95,1213.95,1,VND,1444.6,1.19,3,3,建筑工程,công trình trần,trần giả,dầm trần
080210,dải thép hợp kim nhôm LB50-1P,Material,General,pcs,1213.95,1213.95,1213.95,1213.95,1,VND,1444.6,1.19,3,3,建筑工程,công trình trần,trần giả,dầm trần
080133,dài thép trần treo trần thạch cao 100×36,Material,General,set,2962.86,2962.86,2962.86,2962.86,1,VND,1259.21,0.425,3,3,建筑工程,công trình trần,trần giả,dầm trần
080132,dài thép trần treo trần thạch cao 100×36,Material,General,m,12160.05,12160.05,12160.05,12160.05,1,VND,6660.05,0.5477,3,3,建筑工程,công trình trần,trần giả,dầm trần
380034,thép,Material,Steel & Metal,t,12962494.75,12962494.75,12962494.75,12962494.75,1,VND,12962494.75,1.0,3,3,建筑工程,công trình kết cấu thép,kết cấu thép,
380033,thép dầm,Material,Steel & Metal,t,14711402.77,14711402.77,14711402.77,14711402.77,1,VND,14711402.77,1.0,3,3,建筑工程,công trình kết cấu thép,kết cấu thép,
380032,thép dầm,Material,Steel & Metal,t,13682633.35,13682633.35,13682633.35,13682633.35,1,VND,13682633.35,1.0,3,3,建筑工程,công trình kết cấu thép,kết cấu thép,
050033,Kính cường lực 19mm,Material,Glass,m2,823015.54,823015.54,823015.54,823015.54,1,VND,197523.73,0.24,3,3,建筑工程,"hoàn thiện tường và cột, vách ngăn và tường rèm",công trình tường rèm,tường kính rèm
090947,18 (),Material,General,set,329206.22,329206.22,329206.22,329206.22,1,VND,36212.68,0.11,3,3,建筑工程,"hoàn thiện tường và cột, vách ngăn và tường rèm",công trình tường rèm,tường kính rèm
090946,24 (),Material,General,set,452658.55,452658.55,452658.55,452658.55,1,VND,40739.27,0.09,3,3,建筑工程,"hoàn thiện tường và cột, vách ngăn và tường rèm",công trình tường rèm,tường kính rèm
090945,16 thép không gỉ (),Material,Steel & Metal,m,123452.33,123452.33,123452.33,123452.33,1,VND,97938.85,0.7933,3,3,建筑工程,"hoàn thiện tường và cột, vách ngăn và tường rèm",công trình tường rèm,tường kính rèm
090944,18 thép không gỉ (),Material,Steel & Metal,m,246904.66,246904.66,246904.66,246904.66,1,VND,220979.67,0.895,3,3,建筑工程,"hoàn thiện tường và cột, vách ngăn và tường rèm",công trình tường rèm,tường kính rèm
090090,đai ốc chống rỉ 100,Material,Fasteners,pcs,4217.95,4217.95,4217.95,4217.95,1,VND,651.62,0.1545,3,3,建筑工程,Công trình lắp đặt chung - Tập 4 Lắp đặt thiết bị điện,,ống thép mạ kẽm
090089,Ốc vít mạ kẽm 80,Material,Fasteners,pcs,3518.39,3518.39,3518.39,3518.39,1,VND,543.6,0.1545,3,3,建筑工程,Công trình lắp đặt chung - Tập 4 Lắp đặt thiết bị điện,,ống thép mạ kẽm
050074,dán keo kính,Material,Glass,m2,1131646.37,1131646.37,1131646.37,1131646.37,1,VND,1142962.83,1.01,3,3,建筑工程,công trình trần,công trình trần,
080264,loại dải,Material,General,m2,534960.1,534960.1,534960.1,534960.1,1,VND,605521.34,1.1319,3,3,建筑工程,công trình trần,trần giả,trần thạch cao treo
130097,tấm 50mm,Material,General,m2,304515.75,304515.75,304515.75,304515.75,1,VND,316696.38,1.04,3,3,建筑工程,công trình cách nhiệt và chống ăn mòn,,bề mặt sàn
030113,tấm poly điện 5mm,Material,General,m2,67898.78,67898.78,67898.78,67898.78,1,VND,69256.76,1.02,3,3,建筑工程,công trình cách nhiệt và chống ăn mòn,,bề mặt sàn
030112,tấm dán keo mặt đơn 5mm,Material,General,m2,74071.4,74071.4,74071.4,74071.4,1,VND,75552.83,1.02,3,3,建筑工程,công trình cách nhiệt và chống ăn mòn,,bề mặt sàn
010170,0.5,Material,General,kg,102876.94,102876.94,102876.94,102876.94,1,VND,506792.39,4.9262,3,3,建筑工程,"hoàn thiện tường và cột, vách ngăn và tường rèm",mặt (dầm) của cột,bề mặt cột (dầm) trang trí
090059,nut 8,Material,Fasteners,pcs,123.45,123.45,123.45,123.45,1,VND,89.81,0.727,3,3,建筑工程,công trình trần,trần giả,trần thạch cao treo
080235,giá đỡ,Material,General,set,20575.39,20575.39,20575.39,20575.39,1,VND,52311.9,2.5424,3,3,建筑工程,công trình trần,trần giả,trần thạch cao treo
080226,tấm 600×250,Material,General,pcs,41150.78,41150.78,41150.78,41150.78,1,VND,207776.45,5.0492,3,3,建筑工程,công trình trần,trần giả,trần thạch cao treo
010048,ống thép mạ kẽm 20,Material,Steel & Metal,kg,10493.45,10493.45,10493.45,10493.45,1,VND,856.86,0.0816,3,3,建筑工程,công trình trần,trần giả,trần thạch cao treo
080222,3 dây thép,Material,Steel & Metal,pcs,781.86,781.86,781.86,781.86,1,VND,1569.9,2.008,3,3,建筑工程,công trình trần,trần giả,trần thạch cao treo
090073,đai ốc khóa 15,Material,Fasteners,pcs,596.69,596.69,596.69,596.69,1,VND,133.19,0.2232,3,3,建筑工程,Công trình lắp đặt chung - Tập 4 Lắp đặt thiết bị điện,,hàn thép ống
810004,1: 2 vữa xi măng,Material,Concrete & Cement,m3,655408.43,655408.43,655408.43,655408.43,1,VND,1605.7,0.0024,3,3,建筑工程,"hoàn thiện tường và cột, vách ngăn và tường rèm",,trát tường
850014,SR43,Equipment,General,machine-shift,42282.42,42282.42,42282.42,42282.42,1,VND,23960.04,0.5667,3,3,建筑工程,Công trình lắp đặt chung - T.11 Thiết bị truyền thông và đường dây,điện năng (),
800586,YJ-340,Equipment,General,machine-shift,113370.39,113370.39,113370.39,113370.39,1,VND,7561.76,0.0667,3,3,建筑工程,xử lý nền và gia cố mái dốc,hố móng,cọc thép hình
030175,1100×4380×550,Material,General,pcs,16254556.91,16254556.91,16254556.91,16254556.91,1,VND,16254556.91,1.0,3,3,建筑工程,các công trình trang trí khác,,
030174,1100×3600×600,Material,General,pcs,13374002.52,13374002.52,13374002.52,13374002.52,1,VND,13374002.52,1.0,3,3,建筑工程,các công trình trang trí khác,,
170015,PVC-U nước 100,Material,Water,m,53084.5,53084.5,53084.5,53084.5,1,VND,41936.76,0.79,3,3,建筑工程,"Công việc lắp đặt chung - Vol.10 Cung cấp nước, thoát nước, sưởi ấm, khí",,
800332,90t,Equipment,General,machine-shift,58228.35,58228.35,58228.35,58228.35,1,VND,4134.21,0.071,3,3,建筑工程,công trình bê tông và bê tông cốt thép,công trình thép gia cố,
800131,65t trong,Equipment,General,machine-shift,43619.82,43619.82,43619.82,43619.82,1,VND,2529.95,0.058,3,3,建筑工程,công trình bê tông và bê tông cốt thép,công trình thép gia cố,
850109,điện năng đơn,Equipment,General,machine-shift,61726.17,61726.17,61726.17,61726.17,1,VND,263364.97,4.2667,3,3,建筑工程,Công trình lắp đặt chung - Tập 4 Lắp đặt thiết bị điện,,
280409,JDG(KBG) splice 50,Material,General,pcs,10904.96,10904.96,10904.96,10904.96,1,VND,1797.05,0.1648,3,3,建筑工程,Công trình lắp đặt chung - Tập 4 Lắp đặt thiết bị điện,,() ống thép
280408,JDG(KBG) splice 40,Material,General,pcs,8024.4,8024.4,8024.4,8024.4,1,VND,1322.38,0.1648,3,3,建筑工程,Công trình lắp đặt chung - Tập 4 Lắp đặt thiết bị điện,,() ống thép
280410,JDG(KBG) splice 15,Material,General,pcs,4938.09,4938.09,4938.09,4938.09,1,VND,2034.49,0.412,3,3,建筑工程,Công trình lắp đặt chung - Tập 4 Lắp đặt thiết bị điện,,() ống thép
280263,Ống thép mạ kẽm nối 50,Material,Steel & Metal,pcs,8579.94,8579.94,8579.94,8579.94,1,VND,1413.94,0.1648,3,3,建筑工程,Công trình lắp đặt chung - Tập 4 Lắp đặt thiết bị điện,,ống thép mạ kẽm
280262,Ống thép mạ kẽm nối 40,Material,Steel & Metal,pcs,5987.44,5987.44,5987.44,5987.44,1,VND,986.8,0.1648,3,3,建筑工程,Công trình lắp đặt chung - Tập 4 Lắp đặt thiết bị điện,,ống thép mạ kẽm
070086,tấm nhôm 40mm chiều rộng,Material,General,m,16460.31,16460.31,16460.31,16460.31,1,VND,16954.12,1.03,3,3,建筑工程,các công trình trang trí khác,phần trang trí phù điêu,phào trang trí kim loại
070085,bản mẫu trang trí 30mm vượt quá,Material,General,m,40122.01,40122.01,40122.01,40122.01,1,VND,41325.67,1.03,3,3,建筑工程,các công trình trang trí khác,phần trang trí phù điêu,phào trang trí kim loại
010107,ống thép không có 426×8,Material,Steel & Metal,m,783716.55,783716.55,783716.55,783716.55,1,VND,355284.83,0.4533,3,3,建筑工程,"Công việc lắp đặt chung - Vol.10 Cung cấp nước, thoát nước, sưởi ấm, khí",lắp đặt gia công,gia công chống thấm
010106,không có ống thép 377×8,Material,Steel & Metal,m,691950.32,691950.32,691950.32,691950.32,1,VND,313684.14,0.4533,3,3,建筑工程,"Công việc lắp đặt chung - Vol.10 Cung cấp nước, thoát nước, sưởi ấm, khí",lắp đặt gia công,gia công chống thấm
010103,không có ống thép 273×6,Material,Steel & Metal,m,370768.5,370768.5,370768.5,370768.5,1,VND,168081.72,0.4533,3,3,建筑工程,"Công việc lắp đặt chung - Vol.10 Cung cấp nước, thoát nước, sưởi ấm, khí",lắp đặt gia công,gia công chống thấm
010076,hàn thép 200,Material,Steel & Metal,m,185590.0,185590.0,185590.0,185590.0,1,VND,84134.14,0.4533,3,3,建筑工程,"Công việc lắp đặt chung - Vol.10 Cung cấp nước, thoát nước, sưởi ấm, khí",lắp đặt gia công,gia công chống thấm
800232,cẩu điện đôi 5t,Equipment,Cranes,machine-shift,493603.57,493603.57,493603.57,493603.57,1,VND,17901.41,0.0363,3,3,建筑工程,"Công việc lắp đặt chung - Vol.10 Cung cấp nước, thoát nước, sưởi ấm, khí",,
800049,108,Equipment,General,machine-shift,87445.4,87445.4,87445.4,87445.4,1,VND,483.93,0.0055,3,3,建筑工程,"Công việc lắp đặt chung - Vol.10 Cung cấp nước, thoát nước, sưởi ấm, khí",thép hợp kim composite (),
070084,bảng phù điêu trang trí 30mm trong,Material,General,m,24073.2,24073.2,24073.2,24073.2,1,VND,24795.4,1.03,3,3,建筑工程,các công trình trang trí khác,phần trang trí phù điêu,phào trang trí kim loại
030145,phào moulding hình dạng 750×4400×700,Material,General,pcs,27159512.81,27159512.81,27159512.81,27159512.81,1,VND,27159512.81,1.0,3,3,建筑工程,các công trình trang trí khác,,
030144,1100×6100×800,Material,General,pcs,37652960.95,37652960.95,37652960.95,37652960.95,1,VND,37652960.95,1.0,3,3,建筑工程,các công trình trang trí khác,,
030176,1100×4200×600,Material,General,pcs,17283326.34,17283326.34,17283326.34,17283326.34,1,VND,17283326.34,1.0,3,3,建筑工程,các công trình trang trí khác,,
100282,dải keo dán,Material,General,kg,65841.24,65841.24,65841.24,65841.24,1,VND,166611.27,2.5305,3,3,建筑工程,công trình trần,công trình trần,
090208,dây điện mạ kẽm 3×35,Material,General,pcs,2798.25,2798.25,2798.25,2798.25,1,VND,5596.51,2.0,3,3,建筑工程,Công trình lắp đặt chung - T.11 Thiết bị truyền thông và đường dây,,điện năng ()
300111,đúc mẫu,Material,General,pair,30040.07,30040.07,30040.07,30040.07,1,VND,121361.87,4.04,3,3,建筑工程,Công trình lắp đặt chung - T.11 Thiết bị truyền thông và đường dây,,
280560,tấm đúc đôi,Material,General,pair,9361.8,9361.8,9361.8,9361.8,1,VND,56732.52,6.06,3,3,建筑工程,Công trình lắp đặt chung - T.11 Thiết bị truyền thông và đường dây,,
280398,bản đắp nền đơn,Material,General,set,21398.4,21398.4,21398.4,21398.4,1,VND,475472.54,22.22,3,3,建筑工程,Công trình lắp đặt chung - T.11 Thiết bị truyền thông và đường dây,,
010109,ống thép không có 478×9,Material,Steel & Metal,m,993791.26,993791.26,993791.26,993791.26,1,VND,450518.71,0.4533,3,3,建筑工程,"Công việc lắp đặt chung - Vol.10 Cung cấp nước, thoát nước, sưởi ấm, khí",lắp đặt gia công,gia công chống thấm
020095,bệ khung bê tông cốt thép,Material,Concrete & Cement,pcs,164603.11,164603.11,164603.11,164603.11,1,VND,653474.34,3.97,3,3,建筑工程,công trình lợp mái và chống thấm,,hồ sơ và các mục khác mái
100257,bitum tổng hợp modified () dày 4mm,Material,Waterproofing,m2,174890.8,174890.8,174890.8,174890.8,1,VND,222635.99,1.273,3,3,建筑工程,công trình lợp mái và chống thấm,kết cấu chống thấm mái và phụ kiện,màng chống thấm mái
110311,keo dán,Material,General,kg,68310.29,68310.29,68310.29,68310.29,1,VND,67285.64,0.985,3,3,建筑工程,công trình lợp mái và chống thấm,"chống thấm nền và sàn, chống ẩm",chống thấm nước với
100198,keo dán 2mm,Material,General,m2,66252.75,66252.75,66252.75,66252.75,1,VND,21200.88,0.32,3,3,建筑工程,công trình lợp mái và chống thấm,"chống thấm nền và sàn, chống ẩm",chống thấm nước với
090301,dây đeo,Material,General,kg,102876.94,102876.94,102876.94,102876.94,1,VND,14711.4,0.143,3,3,建筑工程,công trình lợp mái và chống thấm,"chống thấm nền và sàn, chống ẩm",chống thấm nước với
110445,màng chống thấm poly 1.5mm,Material,Waterproofing,m2,113164.64,113164.64,113164.64,113164.64,1,VND,122934.52,1.0863,3,3,建筑工程,công trình lợp mái và chống thấm,kết cấu chống thấm mái và phụ kiện,màng chống thấm mái
110184,CY-409 keo dán,Material,General,kg,24690.47,24690.47,24690.47,24690.47,1,VND,13555.07,0.549,3,3,建筑工程,công trình lợp mái và chống thấm,kết cấu chống thấm mái và phụ kiện,màng chống thấm mái
100108,keo bitum dán,Material,Waterproofing,kg,13065.37,13065.37,13065.37,13065.37,1,VND,712.73,0.0546,3,3,建筑工程,công trình lợp mái và chống thấm,kết cấu chống thấm mái và phụ kiện,màng chống thấm mái
160255,thép 492×192,Material,Steel & Metal,pcs,246904.66,246904.66,246904.66,246904.66,1,VND,493809.32,2.0,3,3,建筑工程,công trình lợp mái và chống thấm,,hồ sơ và các mục khác mái
080021,U type light-gauge steel keel CS60-L,Material,Steel & Metal,pcs,3168.61,3168.61,3168.61,3168.61,1,VND,675.97,0.2133,3,3,建筑工程,công trình trần,trần trang trí,với
010130,sàn,Material,General,kg,126538.64,126538.64,126538.64,126538.64,1,VND,1026228.36,8.11,3,3,建筑工程,công trình lợp mái và chống thấm,"chống thấm nền và sàn, chống ẩm",chống thấm nước với
210066,ống nước 50,Material,Water,pcs,37241.45,37241.45,37241.45,37241.45,1,VND,37427.66,1.005,3,3,建筑工程,"Công việc lắp đặt chung - Vol.10 Cung cấp nước, thoát nước, sưởi ấm, khí",,
060200,điện năng,Material,General,m,51438.47,51438.47,51438.47,51438.47,1,VND,52981.63,1.03,3,3,建筑工程,công trình hoàn thiện sàn,nẹp chân tường,
110221,sơn epoxy polyurethane,Material,Paint & Coatings,kg,47940.66,47940.66,47940.66,47940.66,1,VND,12344.82,0.2575,3,3,建筑工程,"công việc sơn, phủ và giấy dán tường",phun sơn phun và quét sơn,lớp phủ hoàn thiện trần
110164,keo dán,Material,General,kg,16460.31,16460.31,16460.31,16460.31,1,VND,60.9,0.0037,3,3,建筑工程,"công việc sơn, phủ và giấy dán tường",sơn bề mặt gỗ,bề mặt sàn bê tông gỗ
810237,xi măng than thép 2500kg/m3,Material,Concrete & Cement,m3,370356.99,370356.99,370356.99,370356.99,1,VND,375912.35,1.015,3,3,建筑工程,đào đất và công trình đá,đắp đất lấp,đắp đất nền móng
800405,phun sương chiều cao,Equipment,General,machine-shift,504920.03,504920.03,504920.03,504920.03,1,VND,36859.16,0.073,3,3,建筑工程,xử lý nền và gia cố mái dốc,,
150172,gỗ xây dựng,Material,Wood & Timber,kg,5143.85,5143.85,5143.85,5143.85,1,VND,2433.04,0.473,3,3,建筑工程,xử lý nền và gia cố mái dốc,,
800095,khoan (500 trong) composite,Equipment,General,machine-shift,936180.18,936180.18,936180.18,936180.18,1,VND,73209.29,0.0782,3,3,建筑工程,xử lý nền và gia cố mái dốc,,
040026,đá sỏi (hợp thành),Material,Aggregates,kg,144.03,144.03,144.03,144.03,1,VND,203295.13,1411.5,3,3,建筑工程,xử lý nền và gia cố mái dốc,"tường, và lớp phủ sơn phủ",
110765,Lớp phủ H8701,Material,General,kg,49380.93,49380.93,49380.93,49380.93,1,VND,14517.99,0.294,3,3,建筑工程,"Công trình lắp đặt chung - T.12 Sơn, chống ăn mòn, cách nhiệt",,Lớp phủ chống ăn mòn H8701
110766,Lớp phủ chống ăn mòn NSJ-II,Material,General,kg,72013.86,72013.86,72013.86,72013.86,1,VND,14882.86,0.2067,3,3,建筑工程,"Công trình lắp đặt chung - T.12 Sơn, chống ăn mòn, cách nhiệt",,
120025,tấm nhựa,Material,General,m2,13826.66,13826.66,13826.66,13826.66,1,VND,19357.33,1.4,3,3,建筑工程,"Công trình lắp đặt chung - T.12 Sơn, chống ăn mòn, cách nhiệt",,
030021,đá lát nền inlay vân gỗ,Material,Wood & Timber,m2,411507.77,411507.77,411507.77,411507.77,1,VND,432083.16,1.05,3,3,建筑工程,công trình hoàn thiện sàn,lớp hoàn thiện,bệ đỡ sàn gỗ
060023,bậc thềm đá,Material,General,m2,648124.74,648124.74,648124.74,648124.74,1,VND,1016907.71,1.569,3,3,建筑工程,công trình hoàn thiện sàn,bước trang trí,
120248,đá,Material,General,pcs,576110.88,576110.88,576110.88,576110.88,1,VND,581871.99,1.01,3,3,建筑工程,Công trình lắp đặt chung - T.11 Thiết bị truyền thông và đường dây,"đất nền, và (031103032)",
350061,phần trang trí RV500V16mm,Material,General,m,26748.01,26748.01,26748.01,26748.01,1,VND,136414.83,5.1,3,3,建筑工程,Công trình lắp đặt chung - T.11 Thiết bị truyền thông và đường dây,"đất nền, và (031103032)",
100366,vải lưới,Material,General,m,308.63,308.63,308.63,308.63,1,VND,586.4,1.9,2,2,建筑工程,Công trình lắp đặt chung - Tập 7 Thông gió và điều hòa không khí,,
110756,sơn fluorocarbon,Material,Paint & Coatings,kg,160488.03,160488.03,160488.03,160488.03,1,VND,32097.61,0.2,2,2,建筑工程,"công việc sơn, phủ và giấy dán tường",phun sơn phun và quét sơn,lớp phủ hoàn thiện bề mặt tường
110461,bê tông loại trong suốt,Material,Concrete & Cement,kg,54113.27,54113.27,54113.27,54113.27,1,VND,8116.99,0.15,2,2,建筑工程,"công việc sơn, phủ và giấy dán tường",phun sơn phun và quét sơn,lớp phủ hoàn thiện bề mặt tường
110462,bê tông loại trong suốt,Material,Concrete & Cement,kg,85593.62,85593.62,85593.62,85593.62,1,VND,12839.04,0.15,2,2,建筑工程,"công việc sơn, phủ và giấy dán tường",phun sơn phun và quét sơn,lớp phủ hoàn thiện bề mặt tường
040087,đá nghiền xi măng,Material,Concrete & Cement,t,297725.87,297725.87,297725.87,297725.87,1,VND,146302.43,0.4914,2,2,建筑工程,Công trình lắp đặt chung - T.11 Thiết bị truyền thông và đường dây,cọc,cọc nước
390104,cột điện 120×120×1200,Material,General,pcs,78597.98,78597.98,78597.98,78597.98,1,VND,80169.94,1.02,2,2,建筑工程,Công trình lắp đặt chung - T.11 Thiết bị truyền thông và đường dây,cọc,cọc nước
030042,bản chân tường gỗ,Material,Wood & Timber,m,39504.75,39504.75,39504.75,39504.75,1,VND,40689.89,1.03,2,2,建筑工程,công trình hoàn thiện sàn,nẹp chân tường,
100206,đá bitum thủy tinh,Material,Waterproofing,m2,41150.78,41150.78,41150.78,41150.78,1,VND,57611.09,1.4,2,2,建筑工程,"Công trình lắp đặt chung - T.12 Sơn, chống ăn mòn, cách nhiệt",,
150124,túi đựng,Material,General,m2,12921.34,12921.34,12921.34,12921.34,1,VND,18089.88,1.4,2,2,建筑工程,"Công trình lắp đặt chung - T.12 Sơn, chống ăn mòn, cách nhiệt",,
800169,vận chuyển slurry 4000L,Equipment,General,machine-shift,1894787.53,1894787.53,1894787.53,1894787.53,1,VND,10516.08,0.0056,2,2,建筑工程,đào đất và công trình đá,vận chuyển,vận chuyển bùn loãng
800207,sàn 20×2500,Equipment,General,machine-shift,158636.25,158636.25,158636.25,158636.25,1,VND,1110.45,0.007,2,2,建筑工程,"Công trình lắp đặt chung - T.12 Sơn, chống ăn mòn, cách nhiệt",lắp đặt gia công,
110325,38%,Material,General,kg,699.56,699.56,699.56,699.56,1,VND,54.52,0.078,2,2,建筑工程,"Công trình lắp đặt chung - T.12 Sơn, chống ăn mòn, cách nhiệt",,
390001,cột hình chữ nhật,Material,General,m3,4373298.82,4373298.82,4373298.82,4373298.82,1,VND,4373298.82,1.0,2,2,建筑工程,công trình bê tông và bê tông cốt thép,cột bê tông đúc sẵn,
090170,bulong đất 20×200,Material,Fasteners,set,9917.34,9917.34,9917.34,9917.34,1,VND,40462.74,4.08,2,2,建筑工程,Công trình lắp đặt chung - Tập 7 Thông gió và điều hòa không khí,lắp đặt,lắp đặt () hỗn hợp
020105,block,Material,General,m3,781864.76,781864.76,781864.76,781864.76,1,VND,557469.58,0.713,2,2,建筑工程,công trình xây masonry,tường gạch,
030117,dải gỗ lát tấm 100×15,Material,Wood & Timber,m2,164603.11,164603.11,164603.11,164603.11,1,VND,181063.42,1.1,2,2,建筑工程,"hoàn thiện tường và cột, vách ngăn và tường rèm",vách ngăn,vách ngăn
090409,cửa sổ,Material,Glass,m2,6172.62,6172.62,6172.62,6172.62,1,VND,86.42,0.014,2,2,建筑工程,công trình kết cấu gỗ,gỗ cấu kiện kết cấu,
030232,"ván gỗ, ván",Material,Wood & Timber,m3,3909323.81,3909323.81,3909323.81,3909323.81,1,VND,77013.68,0.0197,2,2,建筑工程,công trình kết cấu gỗ,gỗ cấu kiện kết cấu,
350032,đúc moulding 35mm2,Material,General,m,32509.11,32509.11,32509.11,32509.11,1,VND,48763.67,1.5,2,2,建筑工程,Công trình lắp đặt chung - Tập 4 Lắp đặt thiết bị điện,lắp đặt,
370079,cửa kính,Material,Glass,m2,2263292.73,2263292.73,2263292.73,2263292.73,1,VND,2263292.73,1.0,2,2,建筑工程,công trình cửa và cửa sổ,cửa,
370077,không có cửa kính,Material,Glass,m2,2057538.85,2057538.85,2057538.85,2057538.85,1,VND,2057538.85,1.0,2,2,建筑工程,công trình cửa và cửa sổ,cửa,
020203,xi măng P.O32.5,Material,Concrete & Cement,kg,1069.92,1069.92,1069.92,1069.92,1,VND,1050810.3,982.139,2,2,建筑工程,công việc chuẩn bị và đo đạc công trình,"nước, hệ thống cấp nước",
800628,máy bơm chìm 6 10t/h-20m,Equipment,Pumps,machine-shift,13785.51,13785.51,13785.51,13785.51,1,VND,33171.33,2.4062,2,2,建筑工程,công việc chuẩn bị và đo đạc công trình,"nước, hệ thống cấp nước",nước
170654,đường kính 48mm,Material,General,pcs,30863.08,30863.08,30863.08,30863.08,1,VND,4032.26,0.1306,2,2,建筑工程,công việc chuẩn bị và đo đạc công trình,"nước, hệ thống cấp nước",hố
180883,và bu lông 100mm,Material,Fasteners,set,102876.94,102876.94,102876.94,102876.94,1,VND,6116.03,0.0594,2,2,建筑工程,công việc chuẩn bị và đo đạc công trình,"nước, hệ thống cấp nước",hố
010410,ống thép 40×20×2,Material,Steel & Metal,kg,45265.85,45265.85,45265.85,45265.85,1,VND,295567.92,6.5296,2,2,建筑工程,"hoàn thiện tường và cột, vách ngăn và tường rèm",vách ngăn,vách ngăn
090196,bản lề,Material,General,pair,10287.69,10287.69,10287.69,10287.69,1,VND,30863.08,3.0,2,2,建筑工程,"hoàn thiện tường và cột, vách ngăn và tường rèm",vách ngăn,vách ngăn thành phẩm
030118,gỗ xây dựng,Material,Wood & Timber,m2,61726.17,61726.17,61726.17,61726.17,1,VND,12345.23,0.2,2,2,建筑工程,"hoàn thiện tường và cột, vách ngăn và tường rèm",vách ngăn,vách ngăn thành phẩm
210035,nước với 50,Material,Water,set,20040.43,20040.43,20040.43,20040.43,1,VND,20040.43,1.0,2,2,建筑工程,"Công việc lắp đặt chung - Vol.10 Cung cấp nước, thoát nước, sưởi ấm, khí",,
800048,cắt 159,Equipment,General,machine-shift,27776.77,27776.77,27776.77,27776.77,1,VND,1597.16,0.0575,2,2,建筑工程,"Công việc lắp đặt chung - Vol.10 Cung cấp nước, thoát nước, sưởi ấm, khí",,
180043,15 mạ kẽm,Material,General,pcs,2057.54,2057.54,2057.54,2057.54,1,VND,6234.34,3.03,2,2,建筑工程,"Công việc lắp đặt chung - Vol.10 Cung cấp nước, thoát nước, sưởi ấm, khí",,
210030,phun 15,Material,General,pcs,59462.87,59462.87,59462.87,59462.87,1,VND,60057.5,1.01,2,2,建筑工程,"Công việc lắp đặt chung - Vol.10 Cung cấp nước, thoát nước, sưởi ấm, khí",,
280182,kim loại 38,Material,Steel & Metal,m,107815.04,107815.04,107815.04,107815.04,1,VND,116440.24,1.08,2,2,建筑工程,Công trình lắp đặt chung - Tập 4 Lắp đặt thiết bị điện,,
280217,kim loại SP-30,Material,Steel & Metal,pcs,1234.52,1234.52,1234.52,1234.52,1,VND,2560.4,2.074,2,2,建筑工程,Công trình lắp đặt chung - Tập 4 Lắp đặt thiết bị điện,,
280216,kim loại SP-24,Material,Steel & Metal,pcs,884.74,884.74,884.74,884.74,1,VND,1835.02,2.074,2,2,建筑工程,Công trình lắp đặt chung - Tập 4 Lắp đặt thiết bị điện,,
280180,kim loại 24,Material,Steel & Metal,m,80861.28,80861.28,80861.28,80861.28,1,VND,87330.18,1.08,2,2,建筑工程,Công trình lắp đặt chung - Tập 4 Lắp đặt thiết bị điện,,
280215,kim loại SP-17,Material,Steel & Metal,pcs,802.44,802.44,802.44,802.44,1,VND,1664.24,2.074,2,2,建筑工程,Công trình lắp đặt chung - Tập 4 Lắp đặt thiết bị điện,,
280179,kim loại 17,Material,Steel & Metal,m,63372.2,63372.2,63372.2,63372.2,1,VND,68441.97,1.08,2,2,建筑工程,Công trình lắp đặt chung - Tập 4 Lắp đặt thiết bị điện,,
280214,SP-15 kim loại,Material,Steel & Metal,pcs,781.86,781.86,781.86,781.86,1,VND,1621.65,2.074,2,2,建筑工程,Công trình lắp đặt chung - Tập 4 Lắp đặt thiết bị điện,,
280178,kim loại 15,Material,Steel & Metal,m,48352.16,48352.16,48352.16,48352.16,1,VND,52220.34,1.08,2,2,建筑工程,Công trình lắp đặt chung - Tập 4 Lắp đặt thiết bị điện,,
280213,kim loại SP-12,Material,Steel & Metal,pcs,740.71,740.71,740.71,740.71,1,VND,1536.26,2.074,2,2,建筑工程,Công trình lắp đặt chung - Tập 4 Lắp đặt thiết bị điện,,
280177,kim loại 12,Material,Steel & Metal,m,39298.99,39298.99,39298.99,39298.99,1,VND,42442.91,1.08,2,2,建筑工程,Công trình lắp đặt chung - Tập 4 Lắp đặt thiết bị điện,,
280212,kim loại SP-10,Material,Steel & Metal,pcs,720.14,720.14,720.14,720.14,1,VND,1493.57,2.074,2,2,建筑工程,Công trình lắp đặt chung - Tập 4 Lắp đặt thiết bị điện,,
280176,kim loại 10,Material,Steel & Metal,m,30245.82,30245.82,30245.82,30245.82,1,VND,32665.49,1.08,2,2,建筑工程,Công trình lắp đặt chung - Tập 4 Lắp đặt thiết bị điện,,
150173,bảo trì,Material,General,m,4115.08,4115.08,4115.08,4115.08,1,VND,16332.74,3.969,2,2,建筑工程,công trình lợp mái và chống thấm,,liên kết mái cấu trúc
120119,PCF C,Material,General,m2,329206.22,329206.22,329206.22,329206.22,1,VND,459242.67,1.395,2,2,建筑工程,công trình lợp mái và chống thấm,,liên kết mái cấu trúc
080269,tấm hợp kim nhôm,Material,General,m,144027.72,144027.72,144027.72,144027.72,1,VND,144027.72,1.0,2,2,建筑工程,công trình lợp mái và chống thấm,,liên kết mái cấu trúc
070015,gỗ 100mm vượt quá,Material,Wood & Timber,pcs,51438.47,51438.47,51438.47,51438.47,1,VND,55553.55,1.08,2,2,建筑工程,các công trình trang trí khác,phần trang trí phù điêu,nẹp trang trí gỗ
070016,gỗ 100mm trong,Material,Wood & Timber,pcs,23044.44,23044.44,23044.44,23044.44,1,VND,24887.99,1.08,2,2,建筑工程,các công trình trang trí khác,phần trang trí phù điêu,nẹp trang trí gỗ
280184,kim loại 63,Material,Steel & Metal,m,149994.58,149994.58,149994.58,149994.58,1,VND,161994.15,1.08,2,2,建筑工程,Công trình lắp đặt chung - Tập 4 Lắp đặt thiết bị điện,,
280418,kim loại SP-50,Material,Steel & Metal,pcs,3250.91,3250.91,3250.91,3250.91,1,VND,6742.45,2.074,2,2,建筑工程,Công trình lắp đặt chung - Tập 4 Lắp đặt thiết bị điện,,
280429,đúc moulding 38,Material,General,pcs,35183.91,35183.91,35183.91,35183.91,1,VND,72971.44,2.074,2,2,建筑工程,Công trình lắp đặt chung - Tập 4 Lắp đặt thiết bị điện,,
280417,kim loại SP-38,Material,Steel & Metal,pcs,2263.29,2263.29,2263.29,2263.29,1,VND,4694.07,2.074,2,2,建筑工程,Công trình lắp đặt chung - Tập 4 Lắp đặt thiết bị điện,,
280098,S1-S4,Material,General,pcs,3333.21,3333.21,3333.21,3333.21,1,VND,3399.88,1.02,2,2,建筑工程,Công trình lắp đặt chung - Tập 4 Lắp đặt thiết bị điện,lắp đặt khuôn mẫu,
280073,đúc moulding 86HS,Material,General,pcs,3333.21,3333.21,3333.21,3333.21,1,VND,3399.88,1.02,2,2,建筑工程,Công trình lắp đặt chung - Tập 4 Lắp đặt thiết bị điện,lắp đặt khuôn mẫu,
010233,thép góc,Material,Steel & Metal,kg,9032.6,9032.6,9032.6,9032.6,1,VND,114329.1,12.6574,2,2,建筑工程,công trình trần,trần trang trí,bề mặt mái che
110056,keo dán,Material,General,kg,16871.82,16871.82,16871.82,16871.82,1,VND,158.64,0.0094,2,2,建筑工程,Công trình lắp đặt chung - Tập 4 Lắp đặt thiết bị điện,,PVC
280277,PVC splice và khóa 70,Material,General,set,18414.97,18414.97,18414.97,18414.97,1,VND,2845.16,0.1545,2,2,建筑工程,Công trình lắp đặt chung - Tập 4 Lắp đặt thiết bị điện,,PVC
280229,PVC splice 70,Material,General,pcs,8991.44,8991.44,8991.44,8991.44,1,VND,1389.25,0.1545,2,2,建筑工程,Công trình lắp đặt chung - Tập 4 Lắp đặt thiết bị điện,,PVC
210037,nước với 100,Material,Water,set,67075.77,67075.77,67075.77,67075.77,1,VND,67075.77,1.0,2,2,建筑工程,"Công việc lắp đặt chung - Vol.10 Cung cấp nước, thoát nước, sưởi ấm, khí",,
280081,kim loại 40,Material,Steel & Metal,m,19731.8,19731.8,19731.8,19731.8,1,VND,20323.75,1.03,2,2,建筑工程,Công trình lắp đặt chung - Tập 4 Lắp đặt thiết bị điện,,
280080,kim loại 32,Material,Steel & Metal,m,16378.01,16378.01,16378.01,16378.01,1,VND,16869.35,1.03,2,2,建筑工程,Công trình lắp đặt chung - Tập 4 Lắp đặt thiết bị điện,,
280040,kim loại 25,Material,Steel & Metal,pcs,946.47,946.47,946.47,946.47,1,VND,1962.99,2.074,2,2,建筑工程,Công trình lắp đặt chung - Tập 4 Lắp đặt thiết bị điện,,
280079,kim loại 25,Material,Steel & Metal,m,11316.46,11316.46,11316.46,11316.46,1,VND,11655.96,1.03,2,2,建筑工程,Công trình lắp đặt chung - Tập 4 Lắp đặt thiết bị điện,,
280038,kim loại 15,Material,Steel & Metal,pcs,802.44,802.44,802.44,802.44,1,VND,1664.24,2.074,2,2,建筑工程,Công trình lắp đặt chung - Tập 4 Lắp đặt thiết bị điện,,
070138,độ dài nhôm 100mm vượt quá,Material,General,pcs,22632.93,22632.93,22632.93,22632.93,1,VND,23311.92,1.03,2,2,建筑工程,các công trình trang trí khác,phần trang trí phù điêu,phần trang trí hợp kim nhôm
070137,độ dài nhôm 100mm trong phạm vi,Material,General,pcs,14814.28,14814.28,14814.28,14814.28,1,VND,15258.71,1.03,2,2,建筑工程,các công trình trang trí khác,phần trang trí phù điêu,phần trang trí hợp kim nhôm
280077,kim loại 15,Material,Steel & Metal,m,6069.74,6069.74,6069.74,6069.74,1,VND,6251.83,1.03,2,2,建筑工程,Công trình lắp đặt chung - Tập 4 Lắp đặt thiết bị điện,,
080277,sàn,Material,General,m2,370356.99,370356.99,370356.99,370356.99,1,VND,370356.99,1.0,2,2,建筑工程,"hoàn thiện tường và cột, vách ngăn và tường rèm",công trình tường rèm,với tường rèm khung
080256,tấm nhôm đơn,Material,General,m2,720138.6,720138.6,720138.6,720138.6,1,VND,720138.6,1.0,2,2,建筑工程,"hoàn thiện tường và cột, vách ngăn và tường rèm",công trình tường rèm,với tường rèm khung
070110,cột trang trí gỗ thành phẩm 350,Material,Wood & Timber,pcs,3734021.5,3734021.5,3734021.5,3734021.5,1,VND,3734021.5,1.0,2,2,建筑工程,"hoàn thiện tường và cột, vách ngăn và tường rèm",mặt (dầm) của cột,cột trang trí thành phẩm
070109,sản phẩm hoàn thiện gypsum trang trí cột 350,Material,General,pcs,373443.3,373443.3,373443.3,373443.3,1,VND,373443.3,1.0,2,2,建筑工程,"hoàn thiện tường và cột, vách ngăn và tường rèm",mặt (dầm) của cột,cột trang trí thành phẩm
190005,20,Material,General,pcs,73248.38,73248.38,73248.38,73248.38,1,VND,73980.87,1.01,2,2,建筑工程,"Công việc lắp đặt chung - Vol.10 Cung cấp nước, thoát nước, sưởi ấm, khí","nước, nước",lắp đặt hệ thống cấp nước
010087,ống thép 530×10,Material,Steel & Metal,m,1615579.5,1615579.5,1615579.5,1615579.5,1,VND,856257.14,0.53,2,2,建筑工程,"Công việc lắp đặt chung - Vol.10 Cung cấp nước, thoát nước, sưởi ấm, khí",lắp đặt gia công,gia công chống thấm
800605,điện năng,Equipment,General,machine-shift,23661.7,23661.7,23661.7,23661.7,1,VND,8676.85,0.3667,2,2,建筑工程,công trình lợp mái và chống thấm,,liên kết mái cấu trúc
800584,40,Equipment,General,machine-shift,8189.0,8189.0,8189.0,8189.0,1,VND,272.62,0.0333,2,2,建筑工程,công trình lợp mái và chống thấm,,liên kết mái cấu trúc
120028,sàn đổ,Material,General,m2,36212.68,36212.68,36212.68,36212.68,1,VND,38023.32,1.05,2,2,建筑工程,công trình hoàn thiện sàn,lớp hoàn thiện,
800199,cẩu điện (đơn) 3t,Equipment,Hoists,machine-shift,219127.89,219127.89,219127.89,219127.89,1,VND,61355.81,0.28,2,2,建筑工程,"Công việc lắp đặt chung - Vol.10 Cung cấp nước, thoát nước, sưởi ấm, khí",lắp đặt,
170074,PVC 70,Material,General,m,26748.01,26748.01,26748.01,26748.01,1,VND,28085.41,1.05,2,2,建筑工程,Công trình lắp đặt chung - Tập 4 Lắp đặt thiết bị điện,,PVC
170073,PVC 50,Material,General,m,18106.34,18106.34,18106.34,18106.34,1,VND,19011.66,1.05,2,2,建筑工程,Công trình lắp đặt chung - Tập 4 Lắp đặt thiết bị điện,,PVC
170072,PVC 40,Material,General,m,12756.74,12756.74,12756.74,12756.74,1,VND,13394.58,1.05,2,2,建筑工程,Công trình lắp đặt chung - Tập 4 Lắp đặt thiết bị điện,,PVC
170071,PVC 32,Material,General,m,9876.19,9876.19,9876.19,9876.19,1,VND,10370.0,1.05,2,2,建筑工程,Công trình lắp đặt chung - Tập 4 Lắp đặt thiết bị điện,,PVC
170070,PVC 25,Material,General,m,5555.35,5555.35,5555.35,5555.35,1,VND,5833.12,1.05,2,2,建筑工程,Công trình lắp đặt chung - Tập 4 Lắp đặt thiết bị điện,,PVC
280224,Ống nối PVC 20,Material,General,pcs,1234.52,1234.52,1234.52,1234.52,1,VND,216.25,0.1751,2,2,建筑工程,Công trình lắp đặt chung - Tập 4 Lắp đặt thiết bị điện,,PVC
170069,PVC 20,Material,General,m,4732.34,4732.34,4732.34,4732.34,1,VND,4968.96,1.05,2,2,建筑工程,Công trình lắp đặt chung - Tập 4 Lắp đặt thiết bị điện,,PVC
070004,dải ván gỗ dày 50mm vượt quá,Material,Wood & Timber,m,24690.47,24690.47,24690.47,24690.47,1,VND,26665.7,1.08,2,2,建筑工程,các công trình trang trí khác,phần trang trí phù điêu,nẹp trang trí gỗ
070003,dây lát gỗ dán 50mm trong,Material,Wood & Timber,m,11110.71,11110.71,11110.71,11110.71,1,VND,11999.57,1.08,2,2,建筑工程,các công trình trang trí khác,phần trang trí phù điêu,nẹp trang trí gỗ
280025,đúc mẫu,Material,General,pcs,55553.55,55553.55,55553.55,55553.55,1,VND,56664.62,1.02,2,2,建筑工程,Công trình lắp đặt chung - Tập 4 Lắp đặt thiết bị điện,lắp đặt khuôn mẫu,
800203,điện 100 vượt quá,Equipment,General,machine-shift,172833.26,172833.26,172833.26,172833.26,1,VND,13135.33,0.076,2,2,建筑工程,"Công việc lắp đặt chung - Vol.10 Cung cấp nước, thoát nước, sưởi ấm, khí",,
280223,Hàn cắt PVC 15,Material,General,pcs,1090.5,1090.5,1090.5,1090.5,1,VND,190.94,0.1751,2,2,建筑工程,Công trình lắp đặt chung - Tập 4 Lắp đặt thiết bị điện,,PVC
170068,PVC 15,Material,General,m,3703.57,3703.57,3703.57,3703.57,1,VND,3888.75,1.05,2,2,建筑工程,Công trình lắp đặt chung - Tập 4 Lắp đặt thiết bị điện,,PVC
280065,(ống thép) 80,Material,Steel & Metal,pcs,1687.18,1687.18,1687.18,1687.18,1,VND,260.69,0.1545,2,2,建筑工程,Công trình lắp đặt chung - Tập 4 Lắp đặt thiết bị điện,,ống thép mạ kẽm
280245,hàn thép ống nối 40,Material,Steel & Metal,pcs,5246.72,5246.72,5246.72,5246.72,1,VND,864.58,0.1648,2,2,建筑工程,Công trình lắp đặt chung - Tập 4 Lắp đặt thiết bị điện,,hàn thép ống
090081,đai ốc khóa 100,Material,Fasteners,pcs,3004.01,3004.01,3004.01,3004.01,1,VND,464.18,0.1545,2,2,建筑工程,Công trình lắp đặt chung - Tập 4 Lắp đặt thiết bị điện,,hàn thép ống
090115,với bu lông 27×(120 140),Material,Fasteners,set,17221.6,17221.6,17221.6,17221.6,1,VND,319288.47,18.54,2,2,建筑工程,"Công việc lắp đặt chung - Vol.10 Cung cấp nước, thoát nước, sưởi ấm, khí",lắp đặt,nước ()
100216,tấm dán keo 182×148×14,Material,General,pcs,25101.97,25101.97,25101.97,25101.97,1,VND,215123.92,8.57,2,2,建筑工程,Công trình lắp đặt chung - T.11 Thiết bị truyền thông và đường dây,,
110442,lớp phủ (đúc khuôn và mài),Material,General,kg,119337.25,119337.25,119337.25,119337.25,1,VND,24106.13,0.202,2,2,建筑工程,công trình lợp mái và chống thấm,,hồ sơ và các mục khác mái
060007,gạch lát sàn đá,Material,General,m2,120366.02,120366.02,120366.02,120366.02,1,VND,122773.34,1.02,2,2,建筑工程,công trình lợp mái và chống thấm,,hồ sơ và các mục khác mái
310007,định hình J-2,Material,General,pcs,36212.68,36212.68,36212.68,36212.68,1,VND,73149.62,2.02,2,2,建筑工程,Công trình lắp đặt chung - Tập 4 Lắp đặt thiết bị điện,,lắp đặt đúc mẫu và gia công thép
170013,PVC-U nước 50,Material,Water,m,18723.6,18723.6,18723.6,18723.6,1,VND,13686.95,0.731,2,2,建筑工程,"Công việc lắp đặt chung - Vol.10 Cung cấp nước, thoát nước, sưởi ấm, khí",,
170230,composite 100,Material,General,m,425910.54,425910.54,425910.54,425910.54,1,VND,433363.98,1.0175,2,2,建筑工程,"Công việc lắp đặt chung - Vol.10 Cung cấp nước, thoát nước, sưởi ấm, khí",thép hợp kim composite (),
170229,composite 80,Material,General,m,345666.53,345666.53,345666.53,345666.53,1,VND,351715.69,1.0175,2,2,建筑工程,"Công việc lắp đặt chung - Vol.10 Cung cấp nước, thoát nước, sưởi ấm, khí",thép hợp kim composite (),
170228,bê tông composite 70,Material,General,m,257192.36,257192.36,257192.36,257192.36,1,VND,261693.22,1.0175,2,2,建筑工程,"Công việc lắp đặt chung - Vol.10 Cung cấp nước, thoát nước, sưởi ấm, khí",thép hợp kim composite (),
170227,composite 50,Material,General,m,202873.33,202873.33,202873.33,202873.33,1,VND,206423.61,1.0175,2,2,建筑工程,"Công việc lắp đặt chung - Vol.10 Cung cấp nước, thoát nước, sưởi ấm, khí",thép hợp kim composite (),
170226,composite 40,Material,General,m,146291.01,146291.01,146291.01,146291.01,1,VND,148851.1,1.0175,2,2,建筑工程,"Công việc lắp đặt chung - Vol.10 Cung cấp nước, thoát nước, sưởi ấm, khí",thép hợp kim composite (),
170016,PVC-U nước 125,Material,Water,m,65018.23,65018.23,65018.23,65018.23,1,VND,61897.35,0.952,2,2,建筑工程,"Công việc lắp đặt chung - Vol.10 Cung cấp nước, thoát nước, sưởi ấm, khí",,
070044,PVC bề mặt 100mm vượt quá,Material,General,pcs,44442.84,44442.84,44442.84,44442.84,1,VND,45776.12,1.03,2,2,建筑工程,các công trình trang trí khác,phần trang trí phù điêu,phần trang trí phù điêu
120140,bệ đỡ nền 0.20m2 vượt quá,Material,General,m2,164603.11,164603.11,164603.11,164603.11,1,VND,167895.17,1.02,2,2,建筑工程,công trình hoàn thiện sàn,lớp hoàn thiện,
070043,PVC bề mặt 100mm trong,Material,General,pcs,20575.39,20575.39,20575.39,20575.39,1,VND,21192.65,1.03,2,2,建筑工程,các công trình trang trí khác,phần trang trí phù điêu,phần trang trí phù điêu
850132,AD2291Z,Equipment,General,machine-shift,54936.29,54936.29,54936.29,54936.29,1,VND,14832.8,0.27,2,2,建筑工程,Công trình lắp đặt chung - Tập 4 Lắp đặt thiết bị điện,điện năng,"10kV, đơn"
170014,Ống nước PVC-U 75,Material,Water,m,32509.11,32509.11,32509.11,32509.11,1,VND,31485.08,0.9685,2,2,建筑工程,"Công việc lắp đặt chung - Vol.10 Cung cấp nước, thoát nước, sưởi ấm, khí",,
150123,điện 24AH,Material,General,pcs,1502003.36,1502003.36,1502003.36,1502003.36,1,VND,60080.13,0.04,2,2,建筑工程,Công trình lắp đặt chung - Tập 9 Phòng cháy chữa cháy,,
010196,tấm thép 2.5,Material,Steel & Metal,m2,429614.11,429614.11,429614.11,429614.11,1,VND,6701.92,0.0156,2,2,建筑工程,Công trình lắp đặt chung - Tập 9 Phòng cháy chữa cháy,,
010197,ống thép 10,Material,Steel & Metal,m,52467.24,52467.24,52467.24,52467.24,1,VND,32424.75,0.618,2,2,建筑工程,Công trình lắp đặt chung - Tập 9 Phòng cháy chữa cháy,,
130064,bông thủy tinh dạng tấm,Material,Glass,m3,864166.32,864166.32,864166.32,864166.32,1,VND,49430.31,0.0572,2,2,建筑工程,công trình cách nhiệt và chống ăn mòn,,trần
020006,bê tông phụ,Material,Concrete & Cement,m3,720138.6,720138.6,720138.6,720138.6,1,VND,734541.37,1.02,2,2,建筑工程,công trình xây masonry,tường gạch,
090098,với bu lông 10×(40 60),Material,Fasteners,set,946.47,946.47,946.47,946.47,1,VND,2366.17,2.5,2,2,建筑工程,Công trình lắp đặt chung - Tập 9 Phòng cháy chữa cháy,,
070106,chiều cao cột gỗ hoàn thiện 500mm trong,Material,Wood & Timber,pcs,2845370.47,2845370.47,2845370.47,2845370.47,1,VND,2845370.47,1.0,2,2,建筑工程,"hoàn thiện tường và cột, vách ngăn và tường rèm",mặt (dầm) của cột,cột trang trí thành phẩm
070105,cột gỗ thành phẩm cao 350mm trong,Material,Wood & Timber,pcs,1402006.97,1402006.97,1402006.97,1402006.97,1,VND,1402006.97,1.0,2,2,建筑工程,"hoàn thiện tường và cột, vách ngăn và tường rèm",mặt (dầm) của cột,cột trang trí thành phẩm
091068,tấm thép,Material,Steel & Metal,m2,370356.99,370356.99,370356.99,370356.99,1,VND,370356.99,1.0,2,2,建筑工程,"hoàn thiện tường và cột, vách ngăn và tường rèm",mặt (dầm) của cột,bề mặt cột (dầm) trang trí
010391,tấm thép,Material,Steel & Metal,m2,1337400.25,1337400.25,1337400.25,1337400.25,1,VND,1554727.79,1.1625,2,2,建筑工程,"hoàn thiện tường và cột, vách ngăn và tường rèm",mặt (dầm) của cột,bề mặt cột (dầm) trang trí
080233,đồng tròn 200,Material,Steel & Metal,pcs,12468.69,12468.69,12468.69,12468.69,1,VND,317951.48,25.5,2,2,建筑工程,công trình trần,trần giả,trần thạch cao treo
080231,kim loại tròn 150,Material,Steel & Metal,pcs,10452.3,10452.3,10452.3,10452.3,1,VND,473802.64,45.33,2,2,建筑工程,công trình trần,trần giả,trần thạch cao treo
280246,hàn thép ống hàn splice 50,Material,Steel & Metal,pcs,7510.02,7510.02,7510.02,7510.02,1,VND,1237.61,0.1648,2,2,建筑工程,Công trình lắp đặt chung - Tập 4 Lắp đặt thiết bị điện,,hàn thép ống
050009,sản phẩm hoàn thiện bằng kính,Material,Glass,m2,720138.6,720138.6,720138.6,720138.6,1,VND,741742.76,1.03,2,2,建筑工程,"hoàn thiện tường và cột, vách ngăn và tường rèm",mặt (dầm) của cột,bề mặt cột (dầm) trang trí
030057,bề mặt bê tông,Material,General,m2,53496.01,53496.01,53496.01,53496.01,1,VND,61065.7,1.1415,2,2,建筑工程,"hoàn thiện tường và cột, vách ngăn và tường rèm",mặt (dầm) của cột,bề mặt cột (dầm) trang trí
180146,ống (1.6MPa) 125,Material,General,pcs,111107.1,111107.1,111107.1,111107.1,1,VND,222214.2,2.0,2,2,建筑工程,"Công việc lắp đặt chung - Vol.10 Cung cấp nước, thoát nước, sưởi ấm, khí",nước,nước ()
180637,kẹp hàn mạ kẽm (tổng hợp),Material,General,pcs,23661.7,23661.7,23661.7,23661.7,1,VND,5228.0,0.221,2,2,建筑工程,"Công việc lắp đặt chung - Vol.10 Cung cấp nước, thoát nước, sưởi ấm, khí",,lắp đặt
090103,với bu lông 12×(65 80),Material,Fasteners,set,1378.55,1378.55,1378.55,1378.55,1,VND,3312.64,2.403,2,2,建筑工程,"Công việc lắp đặt chung - Vol.10 Cung cấp nước, thoát nước, sưởi ấm, khí",,lắp đặt
020015,bê tông đúc sẵn,Material,Concrete & Cement,m3,884741.71,884741.71,884741.71,884741.71,1,VND,14952.13,0.0169,2,2,建筑工程,"Công việc lắp đặt chung - Vol.10 Cung cấp nước, thoát nước, sưởi ấm, khí",,lắp đặt
010049,ống thép mạ kẽm 25,Material,Steel & Metal,kg,10143.67,10143.67,10143.67,10143.67,1,VND,6715.09,0.662,2,2,建筑工程,các công trình trang trí khác,"tay vịn, lan can, tấm lan can trang trí",tay vịn tường gỗ
090410,được mạ kẽm 80,Material,General,pcs,8888.57,8888.57,8888.57,8888.57,1,VND,10608.46,1.1935,2,2,建筑工程,các công trình trang trí khác,"tay vịn, lan can, tấm lan can trang trí",tay vịn tường gỗ
030062,tay vịn gỗ (thẳng) 105×65,Material,Wood & Timber,m,203902.1,203902.1,203902.1,203902.1,1,VND,230409.37,1.13,2,2,建筑工程,các công trình trang trí khác,"tay vịn, lan can, tấm lan can trang trí",tay vịn tường gỗ
030051,rào chắn gỗ 40,Material,Wood & Timber,m,33537.88,33537.88,33537.88,33537.88,1,VND,141591.9,4.2218,2,2,建筑工程,các công trình trang trí khác,"tay vịn, lan can, tấm lan can trang trí","tay vịn gỗ, lan can, tấm lan can"
100281,chất bịt kín,Material,Rubber,pcs,57611.09,57611.09,57611.09,57611.09,1,VND,4608.89,0.08,2,2,建筑工程,"hoàn thiện tường và cột, vách ngăn và tường rèm",công trình tường rèm,tường kính rèm
090080,đai ốc khóa 80,Material,Fasteners,pcs,2510.2,2510.2,2510.2,2510.2,1,VND,387.85,0.1545,2,2,建筑工程,Công trình lắp đặt chung - Tập 4 Lắp đặt thiết bị điện,,hàn thép ống
090085,đai ốc chống rỉ 32,Material,Fasteners,pcs,1563.73,1563.73,1563.73,1563.73,1,VND,241.56,0.1545,2,2,建筑工程,Công trình lắp đặt chung - Tập 4 Lắp đặt thiết bị điện,,ống thép mạ kẽm
090084,đai ốc chống rỉ 25,Material,Fasteners,pcs,1275.67,1275.67,1275.67,1275.67,1,VND,197.11,0.1545,2,2,建筑工程,Công trình lắp đặt chung - Tập 4 Lắp đặt thiết bị điện,,ống thép mạ kẽm
090074,đai ốc khóa 20,Material,Fasteners,pcs,720.14,720.14,720.14,720.14,1,VND,856.76,1.1898,2,2,建筑工程,Công trình lắp đặt chung - Tập 4 Lắp đặt thiết bị điện,lắp đặt khuôn mẫu,hàn thép ống
280058,(ống thép) 15,Material,Steel & Metal,pcs,288.06,288.06,288.06,288.06,1,VND,44.44,0.1545,2,2,建筑工程,Công trình lắp đặt chung - Tập 4 Lắp đặt thiết bị điện,,hàn thép ống
850046,FLUK2000,Equipment,General,machine-shift,283528.85,283528.85,283528.85,283528.85,1,VND,8860.28,0.0312,2,2,建筑工程,Công trình lắp đặt chung - Tập 5 Hệ thống thông minh tòa nhà,,
850026,lưới FWKE,Equipment,General,machine-shift,192318.16,192318.16,192318.16,192318.16,1,VND,2884772.34,15.0,2,2,建筑工程,Công trình lắp đặt chung - Tập 5 Hệ thống thông minh tòa nhà,lưới,
090292,50g/,Material,General,kg,74071.4,74071.4,74071.4,74071.4,1,VND,1481.43,0.02,2,2,建筑工程,Công trình lắp đặt chung - Tập 5 Hệ thống thông minh tòa nhà,,lắp đặt
010535,với 200mm×0.2mm,Material,General,m,41150.78,41150.78,41150.78,41150.78,1,VND,617261.65,15.0,2,2,建筑工程,Công trình lắp đặt chung - Tập 4 Lắp đặt thiết bị điện,điện năng,
800071,máy phun bê tông,Equipment,General,machine-shift,39916.25,39916.25,39916.25,39916.25,1,VND,359.25,0.009,2,2,建筑工程,công trình cách nhiệt và chống ăn mòn,,trần
150182,không sơn hoàn thiện,Equipment,General,kg,4115.08,4115.08,4115.08,4115.08,1,VND,2049.31,0.498,2,2,建筑工程,công trình cách nhiệt và chống ăn mòn,,trần
150181,no,Equipment,General,kg,5349.6,5349.6,5349.6,5349.6,1,VND,40122.01,7.5,2,2,建筑工程,công trình cách nhiệt và chống ăn mòn,,trần
110454,chất dính nước,Material,Water,kg,1090.5,1090.5,1090.5,1090.5,1,VND,817.87,0.75,2,2,建筑工程,công trình cách nhiệt và chống ăn mòn,,trần
800274,cần cẩu 6t,Equipment,Cranes,machine-shift,733512.6,733512.6,733512.6,733512.6,1,VND,146702.52,0.2,2,2,建筑工程,"Công việc lắp đặt chung - Vol.10 Cung cấp nước, thoát nước, sưởi ấm, khí",lắp đặt hệ thống cấp nước,
170556,Chặn nước PVC-U 50,Material,Water,pcs,3888.75,3888.75,3888.75,3888.75,1,VND,3927.64,1.01,2,2,建筑工程,"Công việc lắp đặt chung - Vol.10 Cung cấp nước, thoát nước, sưởi ấm, khí",,
100292,đá kim loại 100,Material,Steel & Metal,pcs,163368.58,163368.58,163368.58,163368.58,1,VND,336539.28,2.06,2,2,建筑工程,"Công việc lắp đặt chung - Vol.10 Cung cấp nước, thoát nước, sưởi ấm, khí",,lắp đặt
180131,ống (1.0MPa) 300,Material,General,pcs,376529.61,376529.61,376529.61,376529.61,1,VND,376529.61,1.0,2,2,建筑工程,"Công việc lắp đặt chung - Vol.10 Cung cấp nước, thoát nước, sưởi ấm, khí",,lắp đặt
800198,cẩu điện (đơn) 1t,Equipment,Hoists,machine-shift,209868.96,209868.96,209868.96,209868.96,1,VND,707258.4,3.37,2,2,建筑工程,"Công việc lắp đặt chung - Vol.10 Cung cấp nước, thoát nước, sưởi ấm, khí",nước,lắp đặt hệ thống cấp nước
180141,ống (1.6MPa) 40,Material,General,pcs,33743.64,33743.64,33743.64,33743.64,1,VND,50615.46,1.5,2,2,建筑工程,"Công việc lắp đặt chung - Vol.10 Cung cấp nước, thoát nước, sưởi ấm, khí","nước, nước",lắp đặt hệ thống cấp nước
180152,ống (1.6MPa) 400,Material,General,pcs,753059.22,753059.22,753059.22,753059.22,1,VND,1129588.83,1.5,2,2,建筑工程,"Công việc lắp đặt chung - Vol.10 Cung cấp nước, thoát nước, sưởi ấm, khí",nước,nước ()
180150,ống (1.6MPa) 300,Material,General,pcs,380233.18,380233.18,380233.18,380233.18,1,VND,570349.77,1.5,2,2,建筑工程,"Công việc lắp đặt chung - Vol.10 Cung cấp nước, thoát nước, sưởi ấm, khí",nước,nước ()
010148,tấm thép 300×300×6,Material,Steel & Metal,kg,11213.59,11213.59,11213.59,11213.59,1,VND,50461.14,4.5,2,2,建筑工程,Công trình lắp đặt chung - Tập 4 Lắp đặt thiết bị điện,,lắp đặt
300025,Thép góc mạ kẽm 63×63×6×1400,Material,Steel & Metal,pcs,87239.65,87239.65,87239.65,87239.65,1,VND,87501.37,1.003,2,2,建筑工程,Công trình lắp đặt chung - Tập 4 Lắp đặt thiết bị điện,,lắp đặt
300011,tấm thép phẳng mạ kẽm 65×8×480,Material,Steel & Metal,pcs,4773.49,4773.49,4773.49,4773.49,1,VND,14392.07,3.015,2,2,建筑工程,Công trình lắp đặt chung - Tập 4 Lắp đặt thiết bị điện,,lắp đặt
300005,thanh thép tròn mạ kẽm 16×670,Material,General,pair,13847.24,13847.24,13847.24,13847.24,1,VND,13916.37,1.005,2,2,建筑工程,Công trình lắp đặt chung - Tập 4 Lắp đặt thiết bị điện,,lắp đặt
010004,với lưới thép gia cố,Material,Steel & Metal,kg,10431.72,10431.72,10431.72,10431.72,1,VND,10431721.97,1000.0,2,2,建筑工程,công trình bê tông và bê tông cốt thép,công trình thép gia cố,
090962,khóa,Material,General,đơn vị,51438.47,51438.47,51438.47,51438.47,1,VND,77672.09,1.51,2,2,建筑工程,các công trình trang trí khác,,
100027,keo dán,Material,General,m,47529.15,47529.15,47529.15,47529.15,1,VND,48955.02,1.03,2,2,建筑工程,công trình hoàn thiện sàn,nẹp chân tường,
120101,keo dán oxy diameter 8 độ dày 1.5,Material,Chemicals,m,13065.37,13065.37,13065.37,13065.37,1,VND,39196.12,3.0,2,2,建筑工程,Công trình lắp đặt chung - T.11 Thiết bị truyền thông và đường dây,,
300033,thép góc mạ kẽm 75×75×6×2100,Material,Steel & Metal,pcs,172833.26,172833.26,172833.26,172833.26,1,VND,346703.53,2.006,2,2,建筑工程,Công trình lắp đặt chung - Tập 4 Lắp đặt thiết bị điện,,lắp đặt
090967,tay vịn thép không gỉ,Material,Steel & Metal,pcs,925892.48,925892.48,925892.48,925892.48,1,VND,925892.48,1.0,2,2,建筑工程,các công trình trang trí khác,,tay vịn
090488,thép không gỉ,Material,Steel & Metal,set,185178.5,185178.5,185178.5,185178.5,1,VND,185178.5,1.0,2,2,建筑工程,các công trình trang trí khác,,
090975,khung,Material,General,set,823015.54,823015.54,823015.54,823015.54,1,VND,823015.54,1.0,2,2,建筑工程,các công trình trang trí khác,,khung
090976,khung thép không gỉ,Material,Steel & Metal,set,308630.83,308630.83,308630.83,308630.83,1,VND,308630.83,1.0,2,2,建筑工程,các công trình trang trí khác,,khung
090689,lưới hợp kim nhôm tấm,Material,General,m2,169541.2,169541.2,169541.2,169541.2,1,VND,101724.72,0.6,2,2,建筑工程,các công trình trang trí khác,,kim loại
090401,hợp kim nhôm profile,Material,General,m,50203.95,50203.95,50203.95,50203.95,1,VND,229281.43,4.567,2,2,建筑工程,các công trình trang trí khác,,kim loại
030075,bề mặt gỗ,Material,Wood & Timber,m,142793.2,142793.2,142793.2,142793.2,1,VND,144221.13,1.01,2,2,建筑工程,các công trình trang trí khác,,tấm ốp mặt
010159,thép 168×7,Material,Steel & Metal,m,455333.35,455333.35,455333.35,455333.35,1,VND,14115.33,0.031,2,2,建筑工程,Công trình lắp đặt chung - Tập 4 Lắp đặt thiết bị điện,,ống thép mạ kẽm
010158,thép 143×4.5,Material,Steel & Metal,m,248962.2,248962.2,248962.2,248962.2,1,VND,7717.83,0.031,2,2,建筑工程,Công trình lắp đặt chung - Tập 4 Lắp đặt thiết bị điện,,ống thép mạ kẽm
010157,thép 121×4,Material,Steel & Metal,m,226123.52,226123.52,226123.52,226123.52,1,VND,7009.83,0.031,2,2,建筑工程,Công trình lắp đặt chung - Tập 4 Lắp đặt thiết bị điện,,ống thép mạ kẽm
090172,bu lông đất 25×250,Material,Fasteners,set,15410.97,15410.97,15410.97,15410.97,1,VND,158732.95,10.3,2,2,建筑工程,"Công việc lắp đặt chung - Vol.10 Cung cấp nước, thoát nước, sưởi ấm, khí",lắp đặt,
030074,gỗ lát,Material,Wood & Timber,m2,170364.22,170364.22,170364.22,170364.22,1,VND,78367.54,0.46,2,2,建筑工程,các công trình trang trí khác,,tấm ốp mặt
080216,chiều dài sườn,Material,General,pcs,2448.47,2448.47,2448.47,2448.47,1,VND,480.64,0.1963,2,2,建筑工程,công trình trần,trần giả,dầm trần
080053,V -hình thép mỏng nhẹ dạng thép hình VB20-1,Material,Steel & Metal,pcs,843.59,843.59,843.59,843.59,1,VND,1159.63,1.3747,2,2,建筑工程,công trình trần,trần giả,dầm trần
840008,cọc,Material,General,kg,8559.36,8559.36,8559.36,8559.36,1,VND,3535.06,0.413,2,2,建筑工程,xử lý nền và gia cố mái dốc,,
390169,sàn,Material,General,m3,3909323.81,3909323.81,3909323.81,3909323.81,1,VND,3909323.81,1.0,2,2,建筑工程,công trình bê tông và bê tông cốt thép,cầu thang bê tông đúc sẵn,
390168,bậc thang,Material,General,m3,4389347.63,4389347.63,4389347.63,4389347.63,1,VND,4389347.63,1.0,2,2,建筑工程,công trình bê tông và bê tông cốt thép,cầu thang bê tông đúc sẵn,
010480,sắt thép cốt thép (tổng hợp),Material,Steel & Metal,kg,7201.39,7201.39,7201.39,7201.39,1,VND,7273399.83,1010.0,2,2,建筑工程,công trình bê tông và bê tông cốt thép,công trình thép gia cố,
080049,V -hình dạng mái thép mỏng nhẹ VB49-3,Material,Steel & Metal,pcs,1213.95,1213.95,1213.95,1213.95,1,VND,5823.86,4.7975,2,2,建筑工程,công trình trần,trần giả,dầm trần
090483,thép không gỉ,Material,Steel & Metal,set,61726.17,61726.17,61726.17,61726.17,1,VND,61726.17,1.0,2,2,建筑工程,các công trình trang trí khác,,
100279,dải keo dán chặn nước 20×30,Material,Water,m,41150.78,41150.78,41150.78,41150.78,1,VND,119769.34,2.9105,2,2,建筑工程,công trình lợp mái và chống thấm,"chống thấm nền và sàn, chống ẩm",trát chống thấm vữa sàn
100277,dải keo dán chặn nước 10×10,Material,Water,m,16460.31,16460.31,16460.31,16460.31,1,VND,22377.79,1.3595,2,2,建筑工程,công trình lợp mái và chống thấm,"chống thấm nền và sàn, chống ẩm",trát chống thấm vữa sàn
080164,dải thép hợp kim nhôm 100mm rộng,Material,General,m2,98761.86,98761.86,98761.86,98761.86,1,VND,192151.08,1.9456,2,2,建筑工程,"hoàn thiện tường và cột, vách ngăn và tường rèm",vách ngăn,vách ngăn kim loại
080041,V type light-gauge steel keel VB49×19,Material,Steel & Metal,m,8497.64,8497.64,8497.64,8497.64,1,VND,30978.1,3.6455,2,2,建筑工程,công trình trần,trần giả,dầm trần
090380,khung thép không gỉ,Material,Steel & Metal,set,94646.79,94646.79,94646.79,94646.79,1,VND,94646.79,1.0,2,2,建筑工程,các công trình trang trí khác,,
090448,khung,Material,General,set,123452.33,123452.33,123452.33,123452.33,1,VND,123452.33,1.0,2,2,建筑工程,các công trình trang trí khác,,
310036,và bu lông WX-01,Material,Fasteners,set,17345.05,17345.05,17345.05,17345.05,1,VND,17865.4,1.03,2,2,建筑工程,Công trình lắp đặt chung - Tập 4 Lắp đặt thiết bị điện,"đúc mẫu và gia công, lắp đặt",
090156,bulong 16×250,Material,Fasteners,set,24690.47,24690.47,24690.47,24690.47,1,VND,25184.28,1.02,2,2,建筑工程,Công trình lắp đặt chung - Tập 4 Lắp đặt thiết bị điện,"đúc mẫu và gia công, lắp đặt",lắp đặt đúc mẫu và gia công thép
090155,bu lông 14×270,Material,Fasteners,set,20349.06,20349.06,20349.06,20349.06,1,VND,20756.04,1.02,2,2,建筑工程,Công trình lắp đặt chung - Tập 4 Lắp đặt thiết bị điện,"đúc mẫu và gia công, lắp đặt",
150196,đá 2.5,Material,General,m2,53496.01,53496.01,53496.01,53496.01,1,VND,29422.81,0.55,2,2,建筑工程,Công trình lắp đặt chung - Tập 4 Lắp đặt thiết bị điện,điện năng khô,
350067,định hình BX-16,Material,General,m,22427.17,22427.17,22427.17,22427.17,1,VND,515824.99,23.0,2,2,建筑工程,Công trình lắp đặt chung - Tập 4 Lắp đặt thiết bị điện,điện năng khô,
850139,chiều cao tổng hợp CZS,Equipment,General,machine-shift,160899.54,160899.54,160899.54,160899.54,1,VND,362023.96,2.25,2,2,建筑工程,Công trình lắp đặt chung - Tập 4 Lắp đặt thiết bị điện,điện năng,độ cao điện
850008,HP-54512B,Equipment,General,machine-shift,438667.28,438667.28,438667.28,438667.28,1,VND,5044673.75,11.5,2,2,建筑工程,Công trình lắp đặt chung - Tập 4 Lắp đặt thiết bị điện,điện năng,độ cao điện
010147,thanh thép 6,Material,Steel & Metal,kg,15328.66,15328.66,15328.66,15328.66,1,VND,63767.24,4.16,2,2,建筑工程,Công trình lắp đặt chung - Tập 4 Lắp đặt thiết bị điện,,lắp đặt
090974,tay vịn thép không gỉ,Material,Steel & Metal,pcs,432083.16,432083.16,432083.16,432083.16,1,VND,432083.16,1.0,2,2,建筑工程,các công trình trang trí khác,,tay vịn
150187,điện năng,Material,General,set,164603107.96,164603107.96,164603107.96,164603107.96,1,VND,164603107.96,1.0,2,2,建筑工程,các công trình trang trí khác,,kim loại
300072,ống thép,Material,Steel & Metal,pcs,222831.46,222831.46,222831.46,222831.46,1,VND,222831.46,1.0,2,2,建筑工程,Công trình lắp đặt chung - Tập 4 Lắp đặt thiết bị điện,,gia công
390170,bệ đỡ bê tông 550×250×30,Material,Concrete & Cement,pcs,10020.21,10020.21,10020.21,10020.21,1,VND,21643.66,2.16,2,2,建筑工程,Công trình lắp đặt chung - Tập 4 Lắp đặt thiết bị điện,"đổ điện, sàn (gạch) và sàn",
280542,điện năng,Material,General,m,16460.31,16460.31,16460.31,16460.31,1,VND,17283.33,1.05,2,2,建筑工程,Công trình lắp đặt chung - Tập 4 Lắp đặt thiết bị điện,"đổ điện, sàn (gạch) và sàn",
180215,Ống thép mạ kẽm nối () 100,Material,Steel & Metal,pcs,55142.04,55142.04,55142.04,55142.04,1,VND,24097.07,0.437,2,2,建筑工程,Công trình lắp đặt chung - Tập 9 Phòng cháy chữa cháy,,
180009,25 mạ kẽm,Material,General,pcs,3415.51,3415.51,3415.51,3415.51,1,VND,2749.49,0.805,2,2,建筑工程,Công trình lắp đặt chung - Tập 7 Thông gió và điều hòa không khí,,
080752,dầm composite,Material,General,m3,4732339.35,4732339.35,4732339.35,4732339.35,1,VND,15616.72,0.0033,2,2,建筑工程,"hoàn thiện tường và cột, vách ngăn và tường rèm",tường mặt,bề mặt tường ốp lát trang trí
080751,thép góc 75×50×5,Material,Steel & Metal,kg,9464.68,9464.68,9464.68,9464.68,1,VND,10135.64,1.0709,2,2,建筑工程,"hoàn thiện tường và cột, vách ngăn và tường rèm",tường mặt,bề mặt tường ốp lát trang trí
080750,dầm thép góc 50×50×4,Material,Steel & Metal,kg,9464.68,9464.68,9464.68,9464.68,1,VND,42559.78,4.4967,2,2,建筑工程,"hoàn thiện tường và cột, vách ngăn và tường rèm",tường mặt,bề mặt tường ốp lát trang trí
080749,đinh ngang hợp kim nhôm dạng U 60×30,Material,General,m,10987.26,10987.26,10987.26,10987.26,1,VND,34964.79,3.1823,2,2,建筑工程,"hoàn thiện tường và cột, vách ngăn và tường rèm",tường mặt,bề mặt tường ốp lát trang trí
080224,gạch trang trí gỗ,Material,Wood & Timber,m2,411507.77,411507.77,411507.77,411507.77,1,VND,440313.31,1.07,2,2,建筑工程,"hoàn thiện tường và cột, vách ngăn và tường rèm",tường mặt,bề mặt tường ốp lát trang trí
810175,vữa xi măng polyperlite,Material,Concrete & Cement,m3,1337400.25,1337400.25,1337400.25,1337400.25,1,VND,47611.45,0.0356,2,2,建筑工程,công trình cách nhiệt và chống ăn mòn,,
390131,cột hình dạng đặc biệt,Material,General,m3,5555354.89,5555354.89,5555354.89,5555354.89,1,VND,5555354.89,1.0,2,2,建筑工程,công trình bê tông và bê tông cốt thép,cột bê tông đúc sẵn,
850221,phong cách XJ-02,Equipment,General,machine-shift,111209.97,111209.97,111209.97,111209.97,1,VND,141792.62,1.275,2,2,建筑工程,"Công trình lắp đặt chung - Tập 6 Điều khiển tự động, instrumentation",lưới và,lưới
120155,tấm thép,Material,Steel & Metal,m2,823015.54,823015.54,823015.54,823015.54,1,VND,1728332.63,2.1,2,2,建筑工程,"hoàn thiện tường và cột, vách ngăn và tường rèm",vách ngăn,vách ngăn kim loại
170099,kính thép 50,Material,Steel & Metal,pcs,11933.73,11933.73,11933.73,11933.73,1,VND,12053.06,1.01,2,2,建筑工程,công trình lợp mái và chống thấm,kết cấu chống thấm mái và phụ kiện,mái che chống thấm nước mái
170098,kính thép 90° 50,Material,Steel & Metal,pcs,9958.49,9958.49,9958.49,9958.49,1,VND,10058.07,1.01,2,2,建筑工程,công trình lợp mái và chống thấm,kết cấu chống thấm mái và phụ kiện,mái che chống thấm nước mái
080046,V -hình thép mỏng nhẹ dạng V VB49-L,Material,Steel & Metal,pcs,1419.7,1419.7,1419.7,1419.7,1,VND,477.97,0.3367,2,2,建筑工程,công trình trần,trần giả,dầm trần
080045,V -hình thép mỏng nhẹ VL25×20,Material,Steel & Metal,m,7365.99,7365.99,7365.99,7365.99,1,VND,5205.57,0.7067,2,2,建筑工程,công trình trần,trần giả,dầm trần
080044,V -hình thép mỏng nhẹ VB20×37,Material,Steel & Metal,m,5658.23,5658.23,5658.23,5658.23,1,VND,6997.48,1.2367,2,2,建筑工程,công trình trần,trần giả,dầm trần
280199,kim loại BP-101,Material,Steel & Metal,pcs,10946.11,10946.11,10946.11,10946.11,1,VND,22548.98,2.06,2,2,建筑工程,Công trình lắp đặt chung - Tập 4 Lắp đặt thiết bị điện,,
280434,định hình 101,Material,General,pcs,170569.97,170569.97,170569.97,170569.97,1,VND,351374.14,2.06,2,2,建筑工程,Công trình lắp đặt chung - Tập 4 Lắp đặt thiết bị điện,,
280197,kim loại BP-76,Material,Steel & Metal,pcs,7633.47,7633.47,7633.47,7633.47,1,VND,15724.95,2.06,2,2,建筑工程,Công trình lắp đặt chung - Tập 4 Lắp đặt thiết bị điện,,
280432,đúc moulding 76,Material,General,pcs,89502.94,89502.94,89502.94,89502.94,1,VND,184376.06,2.06,2,2,建筑工程,Công trình lắp đặt chung - Tập 4 Lắp đặt thiết bị điện,,
280195,kim loại BP-50,Material,Steel & Metal,pcs,4259.11,4259.11,4259.11,4259.11,1,VND,8773.76,2.06,2,2,建筑工程,Công trình lắp đặt chung - Tập 4 Lắp đặt thiết bị điện,,
280430,đúc moulding 50,Material,General,pcs,40122.01,40122.01,40122.01,40122.01,1,VND,82651.34,2.06,2,2,建筑工程,Công trình lắp đặt chung - Tập 4 Lắp đặt thiết bị điện,,
370203,vách ngăn thép,Material,Steel & Metal,m2,617261.65,617261.65,617261.65,617261.65,1,VND,629606.89,1.02,2,2,建筑工程,"hoàn thiện tường và cột, vách ngăn và tường rèm",vách ngăn,vách ngăn
370202,vách ngăn thép,Material,Steel & Metal,m2,925892.48,925892.48,925892.48,925892.48,1,VND,944410.33,1.02,2,2,建筑工程,"hoàn thiện tường và cột, vách ngăn và tường rèm",vách ngăn,vách ngăn
390126,bệ đúc,Material,General,m3,2946395.63,2946395.63,2946395.63,2946395.63,1,VND,2946395.63,1.0,2,2,建筑工程,công trình bê tông và bê tông cốt thép,bệ đúc sẵn bê tông,
390125,khung lưới sàn,Material,General,m3,3127459.05,3127459.05,3127459.05,3127459.05,1,VND,3127459.05,1.0,2,2,建筑工程,công trình bê tông và bê tông cốt thép,bệ đúc sẵn bê tông,
010577,thép thép hình mạ kẽm nhúng nóng,Material,Steel & Metal,kg,11625.09,11625.09,11625.09,11625.09,1,VND,12322600.17,1060.0,2,2,建筑工程,"hoàn thiện tường và cột, vách ngăn và tường rèm",tường mặt,bề mặt tường ốp lát trang trí
010394,hợp kim thép không gỉ,Material,Steel & Metal,kg,51438.47,51438.47,51438.47,51438.47,1,VND,54524779.51,1060.0,2,2,建筑工程,"hoàn thiện tường và cột, vách ngăn và tường rèm",tường mặt,bề mặt tường ốp lát trang trí
010532,tấm thép thường 0 3 8 20,Material,Steel & Metal,kg,10534.6,10534.6,10534.6,10534.6,1,VND,2106.92,0.2,2,2,建筑工程,Công trình lắp đặt chung - Tập 9 Phòng cháy chữa cháy,,
091441,đinh hàn thép,Material,Steel & Metal,kg,41150.78,41150.78,41150.78,41150.78,1,VND,6789.88,0.165,2,2,建筑工程,Công trình lắp đặt chung - Tập 9 Phòng cháy chữa cháy,,
010168,không có ống thép 22×2.5,Material,Steel & Metal,m,17612.53,17612.53,17612.53,17612.53,1,VND,176.13,0.01,2,2,建筑工程,Công trình lắp đặt chung - Tập 9 Phòng cháy chữa cháy,,
090102,với bu lông 12×(40 60),Material,Fasteners,set,1111.07,1111.07,1111.07,1111.07,1,VND,4577.61,4.12,2,2,建筑工程,Công trình lắp đặt chung - Tập 9 Phòng cháy chữa cháy,lắp đặt gia công,gia công chống thấm
030055,bề mặt sàn gỗ,Material,Wood & Timber,m2,92589.25,92589.25,92589.25,92589.25,1,VND,222214.2,2.4,2,2,建筑工程,"hoàn thiện tường và cột, vách ngăn và tường rèm",vách ngăn,vách ngăn thành phẩm
800181,cẩu điện (đơn) 3t,Equipment,Hoists,machine-shift,220362.41,220362.41,220362.41,220362.41,1,VND,22036.24,0.1,2,2,建筑工程,Công trình lắp đặt chung - Tập 4 Lắp đặt thiết bị điện,lắp đặt điện,
150058,kèm kính,Equipment,General,pcs,17447.93,17447.93,17447.93,17447.93,1,VND,17447.93,1.0,2,2,建筑工程,các công trình trang trí khác,,
010362,ống thép mạ kẽm (tổng hợp),Material,Steel & Metal,kg,9876.19,9876.19,9876.19,9876.19,1,VND,5135.62,0.52,2,2,建筑工程,Công trình lắp đặt chung - Tập 7 Thông gió và điều hòa không khí,,
050017,gương kính (5mm),Material,Glass,m2,154315.41,154315.41,154315.41,154315.41,1,VND,231010.17,1.497,2,2,建筑工程,các công trình trang trí khác,,kính phản chiếu bề mặt
030128,ván ép 18mm,Material,Wood & Timber,m2,78186.48,78186.48,78186.48,78186.48,1,VND,362511.6,4.6365,2,2,建筑工程,các công trình trang trí khác,,
030133,chiều cao 500mm,Material,General,m,1131646.37,1131646.37,1131646.37,1131646.37,1,VND,1131646.37,1.0,2,2,建筑工程,các công trình trang trí khác,,
070126,phần trang trí dạng tròn,Material,General,m,4115.08,4115.08,4115.08,4115.08,1,VND,12417.25,3.0175,2,2,建筑工程,các công trình trang trí khác,,
070125,nẹp gỗ,Material,Wood & Timber,m,7201.39,7201.39,7201.39,7201.39,1,VND,22032.64,3.0595,2,2,建筑工程,các công trình trang trí khác,,
370148,cửa,Material,General,m2,1604880.3,1604880.3,1604880.3,1604880.3,1,VND,1604880.3,1.0,2,2,建筑工程,công trình cửa và cửa sổ,cửa kim loại,
060052,mài đá granit,Material,General,m2,452658.55,452658.55,452658.55,452658.55,1,VND,512409.48,1.132,2,2,建筑工程,công trình hoàn thiện sàn,đồ trang trí,
060018,đá granite hình dạng đặc biệt,Material,General,m2,734335.62,734335.62,734335.62,734335.62,1,VND,872831.23,1.1886,2,2,建筑工程,công trình hoàn thiện sàn,đồ trang trí,
120018,độ dày 3 5,Material,General,m2,8641.66,8641.66,8641.66,8641.66,1,VND,8728.08,1.01,2,2,建筑工程,công trình hoàn thiện sàn,lớp hoàn thiện,bệ đỡ sàn gỗ
030023,bệ đỡ sàn gỗ composite,Material,Wood & Timber,m2,186207.27,186207.27,186207.27,186207.27,1,VND,195517.63,1.05,2,2,建筑工程,công trình hoàn thiện sàn,lớp hoàn thiện,bệ đỡ sàn gỗ
800159,mài mài bàn,Equipment,General,machine-shift,2325.02,2325.02,2325.02,2325.02,1,VND,676.52,0.291,2,2,建筑工程,công trình kết cấu thép,liên kết kim loại cấu trúc tại chỗ và các mục khác,
280364,đất kim loại 101,Material,Steel & Metal,pcs,17838.86,17838.86,17838.86,17838.86,1,VND,18374.03,1.03,2,2,建筑工程,Công trình lắp đặt chung - Tập 4 Lắp đặt thiết bị điện,,
020106,gạch hình dạng đặc biệt,Material,General,m3,864166.32,864166.32,864166.32,864166.32,1,VND,144315.77,0.167,2,2,建筑工程,công trình xây masonry,tường gạch,
110168,chất bịt kín KS loại,Material,Rubber,kg,31686.1,31686.1,31686.1,31686.1,1,VND,2376.46,0.075,2,2,建筑工程,Công trình lắp đặt chung - Tập 7 Thông gió và điều hòa không khí,,lắp đặt gia công
090094,với bu lông 8×(16 25),Material,Fasteners,set,370.36,370.36,370.36,370.36,1,VND,2049.93,5.535,2,2,建筑工程,Công trình lắp đặt chung - Tập 7 Thông gió và điều hòa không khí,,"lắp đặt tấm thép (3mm trong, hàn)"
110076,double A poly,Material,General,kg,86622.39,86622.39,86622.39,86622.39,1,VND,31573.86,0.3645,2,2,建筑工程,công trình cách nhiệt và chống ăn mòn,chống ăn mòn,lớp phân cách
030020,bản chân tường gỗ,Material,Wood & Timber,m,50821.21,50821.21,50821.21,50821.21,1,VND,59969.03,1.18,2,2,建筑工程,công trình hoàn thiện sàn,lớp hoàn thiện cầu thang bộ,
060014,bệ bước đá cẩm thạch,Material,General,m2,682279.88,682279.88,682279.88,682279.88,1,VND,987258.99,1.447,2,2,建筑工程,công trình hoàn thiện sàn,lớp hoàn thiện cầu thang bộ,
800530,với máy xúc đơn 0.3m3,Equipment,Excavators,machine-shift,787420.12,787420.12,787420.12,787420.12,1,VND,13543.54,0.0172,2,2,建筑工程,đào đất và công trình đá,,đào đất tổng quát
100197,bitumen,Material,Waterproofing,kg,13538.61,13538.61,13538.61,13538.61,1,VND,2477.48,0.183,2,2,建筑工程,"Công trình lắp đặt chung - T.12 Sơn, chống ăn mòn, cách nhiệt",,
110025,sơn phenolic,Material,Paint & Coatings,kg,47323.39,47323.39,47323.39,47323.39,1,VND,3217.99,0.068,2,2,建筑工程,"Công trình lắp đặt chung - T.12 Sơn, chống ăn mòn, cách nhiệt",chổi quét hình chữ nhật,
110092,mỏng hơn,Material,General,kg,59051.36,59051.36,59051.36,59051.36,1,VND,2066.8,0.035,2,2,建筑工程,"Công trình lắp đặt chung - T.12 Sơn, chống ăn mòn, cách nhiệt",chổi quét hình chữ nhật,
110319,lót,Material,Paint & Coatings,kg,59462.87,59462.87,59462.87,59462.87,1,VND,6124.68,0.103,2,2,建筑工程,"Công trình lắp đặt chung - T.12 Sơn, chống ăn mòn, cách nhiệt",chổi quét hình chữ nhật,
090167,bulong đất 12×150,Material,Fasteners,set,2078.11,2078.11,2078.11,2078.11,1,VND,10681.51,5.14,2,2,建筑工程,Công trình lắp đặt chung - Tập 4 Lắp đặt thiết bị điện,lắp đặt,lắp đặt () hỗn hợp
370147,cửa thép,Material,Steel & Metal,m2,1543154.14,1543154.14,1543154.14,1543154.14,1,VND,1543154.14,1.0,2,2,建筑工程,công trình cửa và cửa sổ,cửa kim loại,
091473,bu lông mở rộng,Material,Fasteners,set,411.51,411.51,411.51,411.51,1,VND,1382.67,3.36,2,2,建筑工程,công trình lợp mái và chống thấm,"bảo vệ chống thấm bề mặt tường, chống ẩm",màng chống thấm bề mặt tường
120123,màng chống thấm poly cao su tự dính dày 1.2mm,Material,Waterproofing,m2,111107.1,111107.1,111107.1,111107.1,1,VND,132328.55,1.191,2,2,建筑工程,công trình lợp mái và chống thấm,"bảo vệ chống thấm bề mặt tường, chống ẩm",màng chống thấm bề mặt tường
100392,màng chống thấm poly 0.6mm,Material,Waterproofing,m2,24690.47,24690.47,24690.47,24690.47,1,VND,29406.35,1.191,2,2,建筑工程,công trình lợp mái và chống thấm,"bảo vệ chống thấm bề mặt tường, chống ẩm",màng chống thấm bề mặt tường
280043,kim loại 50,Material,Steel & Metal,pcs,1481.43,1481.43,1481.43,1481.43,1,VND,3072.42,2.074,2,2,建筑工程,Công trình lắp đặt chung - Tập 4 Lắp đặt thiết bị điện,,
280082,kim loại 50,Material,Steel & Metal,m,26542.25,26542.25,26542.25,26542.25,1,VND,27338.52,1.03,2,2,建筑工程,Công trình lắp đặt chung - Tập 4 Lắp đặt thiết bị điện,,
280042,kim loại 40,Material,Steel & Metal,pcs,1275.67,1275.67,1275.67,1275.67,1,VND,2645.69,2.074,2,2,建筑工程,Công trình lắp đặt chung - Tập 4 Lắp đặt thiết bị điện,,
290228,lắp đặt cố định tấm thép mạ kẽm,Material,General,pcs,6172.62,6172.62,6172.62,6172.62,1,VND,6357.8,1.03,2,2,建筑工程,Công trình lắp đặt chung - Tập 4 Lắp đặt thiết bị điện,lắp đặt khuôn mẫu,
280076,đúc moulding 1500,Material,General,pcs,98761.86,98761.86,98761.86,98761.86,1,VND,98761.86,1.0,2,2,建筑工程,Công trình lắp đặt chung - Tập 4 Lắp đặt thiết bị điện,lắp đặt khuôn mẫu,
280074,đúc moulding 300,Material,General,pcs,45265.85,45265.85,45265.85,45265.85,1,VND,45265.85,1.0,2,2,建筑工程,Công trình lắp đặt chung - Tập 4 Lắp đặt thiết bị điện,lắp đặt khuôn mẫu,
280422,kim loại SP-101,Material,Steel & Metal,pcs,9670.43,9670.43,9670.43,9670.43,1,VND,20056.48,2.074,2,2,建筑工程,Công trình lắp đặt chung - Tập 4 Lắp đặt thiết bị điện,,
280421,kim loại SP-83,Material,Steel & Metal,pcs,7448.29,7448.29,7448.29,7448.29,1,VND,15447.69,2.074,2,2,建筑工程,Công trình lắp đặt chung - Tập 4 Lắp đặt thiết bị điện,,
280186,kim loại 83,Material,Steel & Metal,m,254723.31,254723.31,254723.31,254723.31,1,VND,275101.17,1.08,2,2,建筑工程,Công trình lắp đặt chung - Tập 4 Lắp đặt thiết bị điện,,
280420,kim loại SP-76,Material,Steel & Metal,pcs,6028.59,6028.59,6028.59,6028.59,1,VND,12503.35,2.074,2,2,建筑工程,Công trình lắp đặt chung - Tập 4 Lắp đặt thiết bị điện,,
280419,kim loại SP-63,Material,Steel & Metal,pcs,4382.56,4382.56,4382.56,4382.56,1,VND,9089.49,2.074,2,2,建筑工程,Công trình lắp đặt chung - Tập 4 Lắp đặt thiết bị điện,,
110484,sơn,Material,Paint & Coatings,kg,57611.09,57611.09,57611.09,57611.09,1,VND,12835.75,0.2228,2,2,建筑工程,"công việc sơn, phủ và giấy dán tường",sơn bề mặt kim loại,sơn bề mặt kim loại
370242,cửa thép điện,Material,Steel & Metal,set,18517849.65,18517849.65,18517849.65,18517849.65,1,VND,18517849.65,1.0,2,2,建筑工程,công trình cửa và cửa sổ,lắp đặt thiết bị,
370241,cửa thép điện,Material,Steel & Metal,set,24690466.19,24690466.19,24690466.19,24690466.19,1,VND,24690466.19,1.0,2,2,建筑工程,công trình cửa và cửa sổ,lắp đặt thiết bị,
020108,trát đặc biệt hình dạng khối,Material,General,m3,1028769.42,1028769.42,1028769.42,1028769.42,1,VND,195466.19,0.19,2,2,建筑工程,công trình xây masonry,tường gạch,
020107,bê tông trát,Material,General,m3,1008194.04,1008194.04,1008194.04,1008194.04,1,VND,815628.98,0.809,2,2,建筑工程,công trình xây masonry,tường gạch,
310095,575×150,Material,General,pcs,65841.24,65841.24,65841.24,65841.24,1,VND,131682.49,2.0,1,1,建筑工程,"Công trình lắp đặt chung - T.12 Sơn, chống ăn mòn, cách nhiệt",,lắp đặt chế tạo điện
120076,lưới 60,Material,General,m2,4691.19,4691.19,4691.19,4691.19,1,VND,79.83,0.017,1,1,建筑工程,"Công trình lắp đặt chung - T.12 Sơn, chống ăn mòn, cách nhiệt",,
010126,tấm nhôm 0.5,Material,General,m2,49792.44,49792.44,49792.44,49792.44,1,VND,59750.93,1.2,1,1,建筑工程,"Công trình lắp đặt chung - T.12 Sơn, chống ăn mòn, cách nhiệt",,
020084,vữa xi măng bê tông,Material,Concrete & Cement,m,121600.55,121600.55,121600.55,121600.55,1,VND,126464.57,1.04,1,1,建筑工程,công trình xây masonry,tường gạch,
150260,200×200,Material,General,pcs,246904.66,246904.66,246904.66,246904.66,1,VND,91354.72,0.37,1,1,建筑工程,công trình xây masonry,tường gạch,
180012,50 mm mạ kẽm,Material,General,pcs,10287.69,10287.69,10287.69,10287.69,1,VND,10287.69,1.0,1,1,建筑工程,Công trình lắp đặt chung - Tập 7 Thông gió và điều hòa không khí,,lắp đặt gia công
180006,50 mm mạ kẽm,Material,General,pcs,8230.16,8230.16,8230.16,8230.16,1,VND,8312.46,1.01,1,1,建筑工程,Công trình lắp đặt chung - Tập 7 Thông gió và điều hòa không khí,,lắp đặt gia công
800029,thường 630,Equipment,General,machine-shift,240320.54,240320.54,240320.54,240320.54,1,VND,12016.03,0.05,1,1,建筑工程,Công trình lắp đặt chung - Tập 7 Thông gió và điều hòa không khí,,lắp đặt gia công
800438,30kW,Equipment,General,machine-shift,33332.13,33332.13,33332.13,33332.13,1,VND,33.33,0.001,1,1,建筑工程,Công trình lắp đặt chung - Tập 7 Thông gió và điều hòa không khí,,
090507,bulong đất 10×100,Material,Fasteners,set,1213.95,1213.95,1213.95,1213.95,1,VND,5050.02,4.16,1,1,建筑工程,Công trình lắp đặt chung - Tập 7 Thông gió và điều hòa không khí,,lắp đặt gia công giá đỡ
090190,8,Material,General,pcs,2016.39,2016.39,2016.39,2016.39,1,VND,8065.55,4.0,1,1,建筑工程,Công trình lắp đặt chung - Tập 7 Thông gió và điều hòa không khí,,lắp đặt gia công giá đỡ
030227,bề mặt sơn tấm,Material,Paint & Coatings,m2,195466.19,195466.19,195466.19,195466.19,1,VND,1263102.52,6.462,1,1,建筑工程,các công trình trang trí khác,,khung
070132,nẹp gỗ 10×30,Material,Wood & Timber,m,10287.69,10287.69,10287.69,10287.69,1,VND,46911.89,4.56,1,1,建筑工程,các công trình trang trí khác,,
070131,nẹp gỗ 10×20,Material,Wood & Timber,m,4115.08,4115.08,4115.08,4115.08,1,VND,97708.4,23.744,1,1,建筑工程,các công trình trang trí khác,,
070123,nẹp gỗ 10×20,Material,Wood & Timber,m,9258.92,9258.92,9258.92,9258.92,1,VND,120832.67,13.0504,1,1,建筑工程,các công trình trang trí khác,,
050035,kính,Material,Glass,m2,411507.77,411507.77,411507.77,411507.77,1,VND,288343.49,0.7007,1,1,建筑工程,các công trình trang trí khác,,
090964,đường kính thép không gỉ 100,Material,Steel & Metal,pcs,72013.86,72013.86,72013.86,72013.86,1,VND,242398.65,3.366,1,1,建筑工程,các công trình trang trí khác,,
090963,đường kính thép không gỉ 50,Material,Steel & Metal,pcs,20575.39,20575.39,20575.39,20575.39,1,VND,69256.76,3.366,1,1,建筑工程,các công trình trang trí khác,,
090957,thép không gỉ 60,Material,Steel & Metal,m,102876.94,102876.94,102876.94,102876.94,1,VND,205167.49,1.9943,1,1,建筑工程,các công trình trang trí khác,,
030129,gỗ vuông 25×35,Material,Wood & Timber,m,7407.14,7407.14,7407.14,7407.14,1,VND,241257.95,32.571,1,1,建筑工程,các công trình trang trí khác,,
080163,tấm nhôm,Material,General,m2,160488.03,160488.03,160488.03,160488.03,1,VND,413417.17,2.576,1,1,建筑工程,các công trình trang trí khác,,
290084,đinh khung điện M16,Material,Fasteners,set,17447.93,17447.93,17447.93,17447.93,1,VND,17796.89,1.02,1,1,建筑工程,Công trình lắp đặt chung - T.11 Thiết bị truyền thông và đường dây,khung đúc,
850041,AV33119,Equipment,General,machine-shift,365850.98,365850.98,365850.98,365850.98,1,VND,10975.53,0.03,1,1,建筑工程,Công trình lắp đặt chung - T.11 Thiết bị truyền thông và đường dây,,
330033,bổ sung,Material,General,pcs,3086.31,3086.31,3086.31,3086.31,1,VND,4629.46,1.5,1,1,建筑工程,Công trình lắp đặt chung - T.11 Thiết bị truyền thông và đường dây,,
120053,sàn,Material,General,m2,164603.11,164603.11,164603.11,164603.11,1,VND,181063.42,1.1,1,1,建筑工程,công trình lợp mái và chống thấm,,mái nhà mái dốc
100162,dải keo dán loại P,Material,General,m,8003.83,8003.83,8003.83,8003.83,1,VND,24113.94,3.0128,1,1,建筑工程,công trình lợp mái và chống thấm,,mái nhà mái dốc
090413,thép không gỉ 50×50,Material,Steel & Metal,m,6193.19,6193.19,6193.19,6193.19,1,VND,9151.73,1.4777,1,1,建筑工程,công trình lợp mái và chống thấm,,mái nhà mái dốc
180246,hàn thép ống nối () 70,Material,Steel & Metal,pcs,14752.55,14752.55,14752.55,14752.55,1,VND,3732.38,0.253,1,1,建筑工程,"Công việc lắp đặt chung - Vol.10 Cung cấp nước, thoát nước, sưởi ấm, khí",hàn thép ống,hàn thép ống ()
180237,Ống thép mạ kẽm nối () 100,Material,Steel & Metal,pcs,44854.35,44854.35,44854.35,44854.35,1,VND,10540.77,0.235,1,1,建筑工程,"Công việc lắp đặt chung - Vol.10 Cung cấp nước, thoát nước, sưởi ấm, khí",,
180236,Ống thép mạ kẽm nối () 80,Material,Steel & Metal,pcs,28805.54,28805.54,28805.54,28805.54,1,VND,7172.58,0.249,1,1,建筑工程,"Công việc lắp đặt chung - Vol.10 Cung cấp nước, thoát nước, sưởi ấm, khí",,
180235,Ống thép mạ kẽm nối () 70,Material,Steel & Metal,pcs,18435.55,18435.55,18435.55,18435.55,1,VND,4664.23,0.253,1,1,建筑工程,"Công việc lắp đặt chung - Vol.10 Cung cấp nước, thoát nước, sưởi ấm, khí",,
350298,đúc ZR-BV1.5,Material,General,m,2366.17,2366.17,2366.17,2366.17,1,VND,1083.71,0.458,1,1,建筑工程,Công trình lắp đặt chung - Tập 9 Phòng cháy chữa cháy,lắp đặt (),
091232,đinh thép mạ kẽm,Material,Wood & Timber,pcs,1028.77,1028.77,1028.77,1028.77,1,VND,2098.69,2.04,1,1,建筑工程,Công trình lắp đặt chung - Tập 9 Phòng cháy chữa cháy,,
850151,bổ sung,Equipment,General,machine-shift,11830.85,11830.85,11830.85,11830.85,1,VND,354.93,0.03,1,1,建筑工程,Công trình lắp đặt chung - Tập 9 Phòng cháy chữa cháy,,
400035,vữa trát phẳng DSLF,Material,Concrete & Cement,m3,11522834.82,11522834.82,11522834.82,11522834.82,1,VND,232761.35,0.0202,1,1,建筑工程,công trình hoàn thiện sàn,,lớp san phẳng
800220,60MPa,Equipment,General,machine-shift,32097.61,32097.61,32097.61,32097.61,1,VND,1155.51,0.036,1,1,建筑工程,Công trình lắp đặt chung - Tập 9 Phòng cháy chữa cháy,,
030009,sàn,Material,General,m2,72013.86,72013.86,72013.86,72013.86,1,VND,63444.21,0.881,1,1,建筑工程,"hoàn thiện tường và cột, vách ngăn và tường rèm",mặt (dầm) của cột,bề mặt cột (dầm) trang trí
850043,FTA410,Equipment,General,machine-shift,283528.85,283528.85,283528.85,283528.85,1,VND,22682.31,0.08,1,1,建筑工程,Công trình lắp đặt chung - Tập 5 Hệ thống thông minh tòa nhà,,
850105,điện năng,Equipment,General,machine-shift,63372.2,63372.2,63372.2,63372.2,1,VND,31686.1,0.5,1,1,建筑工程,Công trình lắp đặt chung - Tập 4 Lắp đặt thiết bị điện,đúc mẫu,
080747,đinh ngang hợp kim nhôm 40×40×4,Material,General,kg,57611.09,57611.09,57611.09,57611.09,1,VND,258385.73,4.485,1,1,建筑工程,"hoàn thiện tường và cột, vách ngăn và tường rèm",tường mặt,bề mặt tường ốp lát trang trí
060080,lớp sơn mặt panel,Material,Paint & Coatings,m2,226329.27,226329.27,226329.27,226329.27,1,VND,230855.86,1.02,1,1,建筑工程,"hoàn thiện tường và cột, vách ngăn và tường rèm",tường mặt,bề mặt tường ốp lát trang trí
120029,niêm phong,Material,Rubber,pcs,61.73,61.73,61.73,61.73,1,VND,256.78,4.16,1,1,建筑工程,Công trình lắp đặt chung - Tập 7 Thông gió và điều hòa không khí,lắp đặt,
091459,gỗ 50×50×50,Material,Wood & Timber,pcs,2469.05,2469.05,2469.05,2469.05,1,VND,9876.19,4.0,1,1,建筑工程,Công trình lắp đặt chung - Tập 7 Thông gió và điều hòa không khí,và lắp đặt,lắp đặt
160111,100,Material,General,pcs,53496.01,53496.01,53496.01,53496.01,1,VND,1176.91,0.022,1,1,建筑工程,"Công việc lắp đặt chung - Vol.10 Cung cấp nước, thoát nước, sưởi ấm, khí",,
160110,75,Material,General,pcs,45265.85,45265.85,45265.85,45265.85,1,VND,995.85,0.022,1,1,建筑工程,"Công việc lắp đặt chung - Vol.10 Cung cấp nước, thoát nước, sưởi ấm, khí",,
850104,điện năng,Equipment,General,machine-shift,16089.95,16089.95,16089.95,16089.95,1,VND,24134.93,1.5,1,1,建筑工程,Công trình lắp đặt chung - Tập 4 Lắp đặt thiết bị điện,,
850106,điện năng điện năng (),Equipment,General,machine-shift,57816.84,57816.84,57816.84,57816.84,1,VND,115633.68,2.0,1,1,建筑工程,Công trình lắp đặt chung - Tập 4 Lắp đặt thiết bị điện,,
850131,composite HDBS-50,Equipment,General,machine-shift,64195.21,64195.21,64195.21,64195.21,1,VND,25678.08,0.4,1,1,建筑工程,Công trình lắp đặt chung - Tập 4 Lắp đặt thiết bị điện,điện năng,"10kV, đơn"
140012,bê tông cốt thép 800,Material,Concrete & Cement,m,343403.23,343403.23,343403.23,343403.23,1,VND,343403.23,1.0,1,1,建筑工程,Công trình lắp đặt chung - Tập 4 Lắp đặt thiết bị điện,hố,hố
810001,Vữa xi măng M10,Material,Concrete & Cement,m3,509652.37,509652.37,509652.37,509652.37,1,VND,112123.52,0.22,1,1,建筑工程,Công trình lắp đặt chung - Tập 4 Lắp đặt thiết bị điện,hố,hố
160125,bậc thang (),Material,General,pcs,124069.59,124069.59,124069.59,124069.59,1,VND,372208.78,3.0,1,1,建筑工程,Công trình lắp đặt chung - Tập 4 Lắp đặt thiết bị điện,hố,hố
280551,CPVC 160,Material,General,m,86416.63,86416.63,86416.63,86416.63,1,VND,90737.46,1.05,1,1,建筑工程,Công trình lắp đặt chung - Tập 4 Lắp đặt thiết bị điện,,CPVC
280550,CPVC 140,Material,General,m,65841.24,65841.24,65841.24,65841.24,1,VND,69133.31,1.05,1,1,建筑工程,Công trình lắp đặt chung - Tập 4 Lắp đặt thiết bị điện,,CPVC
160218,keo dán 100,Material,General,pcs,18661.88,18661.88,18661.88,18661.88,1,VND,3172.52,0.17,1,1,建筑工程,"Công việc lắp đặt chung - Vol.10 Cung cấp nước, thoát nước, sưởi ấm, khí",,
160231,100,Material,General,m,264187.99,264187.99,264187.99,264187.99,1,VND,264187.99,1.0,1,1,建筑工程,"Công việc lắp đặt chung - Vol.10 Cung cấp nước, thoát nước, sưởi ấm, khí",,
160217,keo dán 75,Material,General,pcs,17283.33,17283.33,17283.33,17283.33,1,VND,2938.17,0.17,1,1,建筑工程,"Công việc lắp đặt chung - Vol.10 Cung cấp nước, thoát nước, sưởi ấm, khí",,
160230,75,Material,General,m,228386.81,228386.81,228386.81,228386.81,1,VND,228386.81,1.0,1,1,建筑工程,"Công việc lắp đặt chung - Vol.10 Cung cấp nước, thoát nước, sưởi ấm, khí",,
180248,hàn ống thép hàn () 100,Material,Steel & Metal,pcs,36624.19,36624.19,36624.19,36624.19,1,VND,8606.69,0.235,1,1,建筑工程,"Công việc lắp đặt chung - Vol.10 Cung cấp nước, thoát nước, sưởi ấm, khí",hàn thép ống,hàn thép ống ()
180247,hàn thép ống nối () 80,Material,Steel & Metal,pcs,22427.17,22427.17,22427.17,22427.17,1,VND,5584.37,0.249,1,1,建筑工程,"Công việc lắp đặt chung - Vol.10 Cung cấp nước, thoát nước, sưởi ấm, khí",hàn thép ống,hàn thép ống ()
160077,kết nối ống nước () 200,Material,Water,pcs,137443.6,137443.6,137443.6,137443.6,1,VND,66935.03,0.487,1,1,建筑工程,"Công việc lắp đặt chung - Vol.10 Cung cấp nước, thoát nước, sưởi ấm, khí",,
160051,nước 200,Material,Water,m,182503.7,182503.7,182503.7,182503.7,1,VND,178853.62,0.98,1,1,建筑工程,"Công việc lắp đặt chung - Vol.10 Cung cấp nước, thoát nước, sưởi ấm, khí",,
160113,150,Material,General,pcs,67898.78,67898.78,67898.78,67898.78,1,VND,3802.33,0.056,1,1,建筑工程,"Công việc lắp đặt chung - Vol.10 Cung cấp nước, thoát nước, sưởi ấm, khí",,
160076,cắt nối nước () 150,Material,Water,pcs,88474.17,88474.17,88474.17,88474.17,1,VND,63082.08,0.713,1,1,建筑工程,"Công việc lắp đặt chung - Vol.10 Cung cấp nước, thoát nước, sưởi ấm, khí",,
160050,nước 150,Material,Water,m,113987.65,113987.65,113987.65,113987.65,1,VND,109428.15,0.96,1,1,建筑工程,"Công việc lắp đặt chung - Vol.10 Cung cấp nước, thoát nước, sưởi ấm, khí",,
160049,125,Material,Water,m,88268.42,88268.42,88268.42,88268.42,1,VND,84737.68,0.96,1,1,建筑工程,"Công việc lắp đặt chung - Vol.10 Cung cấp nước, thoát nước, sưởi ấm, khí",,
160048,nước 100,Material,Water,m,67075.77,67075.77,67075.77,67075.77,1,VND,59026.67,0.88,1,1,建筑工程,"Công việc lắp đặt chung - Vol.10 Cung cấp nước, thoát nước, sưởi ấm, khí",,
160047,ống nước 75,Material,Water,m,51438.47,51438.47,51438.47,51438.47,1,VND,47323.39,0.92,1,1,建筑工程,"Công việc lắp đặt chung - Vol.10 Cung cấp nước, thoát nước, sưởi ấm, khí",,
160046,ống nước 50,Material,Water,m,44031.33,44031.33,44031.33,44031.33,1,VND,41389.45,0.94,1,1,建筑工程,"Công việc lắp đặt chung - Vol.10 Cung cấp nước, thoát nước, sưởi ấm, khí",,
180226,hàn ống thép hàn () 100,Material,Steel & Metal,pcs,43208.32,43208.32,43208.32,43208.32,1,VND,18233.91,0.422,1,1,建筑工程,"Công việc lắp đặt chung - Vol.10 Cung cấp nước, thoát nước, sưởi ấm, khí",hàn thép ống,hàn thép ống ()
180225,hàn thép ống nối () 80,Material,Steel & Metal,pcs,25101.97,25101.97,25101.97,25101.97,1,VND,10492.63,0.418,1,1,建筑工程,"Công việc lắp đặt chung - Vol.10 Cung cấp nước, thoát nước, sưởi ấm, khí",hàn thép ống,hàn thép ống ()
180224,hàn thép ống nối () 70,Material,Steel & Metal,pcs,17180.45,17180.45,17180.45,17180.45,1,VND,9689.77,0.564,1,1,建筑工程,"Công việc lắp đặt chung - Vol.10 Cung cấp nước, thoát nước, sưởi ấm, khí",hàn thép ống,hàn thép ống ()
180214,Ống thép mạ kẽm nối () 80,Material,Steel & Metal,pcs,31274.59,31274.59,31274.59,31274.59,1,VND,12634.93,0.404,1,1,建筑工程,"Công việc lắp đặt chung - Vol.10 Cung cấp nước, thoát nước, sưởi ấm, khí",,
180213,Ống thép mạ kẽm nối () 70,Material,Steel & Metal,pcs,23455.94,23455.94,23455.94,23455.94,1,VND,12502.02,0.533,1,1,建筑工程,"Công việc lắp đặt chung - Vol.10 Cung cấp nước, thoát nước, sưởi ấm, khí",,
170231,bê tông hợp kim 125,Material,General,m,582283.49,582283.49,582283.49,582283.49,1,VND,591017.75,1.015,1,1,建筑工程,"Công việc lắp đặt chung - Vol.10 Cung cấp nước, thoát nước, sưởi ấm, khí",thép hợp kim composite (),
160112,125,Material,General,pcs,59668.63,59668.63,59668.63,59668.63,1,VND,1312.71,0.022,1,1,建筑工程,"Công việc lắp đặt chung - Vol.10 Cung cấp nước, thoát nước, sưởi ấm, khí",,
160101,nước 150,Material,Water,m,240114.78,240114.78,240114.78,240114.78,1,VND,230510.19,0.96,1,1,建筑工程,"Công việc lắp đặt chung - Vol.10 Cung cấp nước, thoát nước, sưởi ấm, khí",,loại nước ()
160082,cắt nối nước () 125,Material,Water,pcs,120571.78,120571.78,120571.78,120571.78,1,VND,100436.29,0.833,1,1,建筑工程,"Công việc lắp đặt chung - Vol.10 Cung cấp nước, thoát nước, sưởi ấm, khí",,loại nước ()
160100,125,Material,Water,m,207399.92,207399.92,207399.92,207399.92,1,VND,199103.92,0.96,1,1,建筑工程,"Công việc lắp đặt chung - Vol.10 Cung cấp nước, thoát nước, sưởi ấm, khí",,loại nước ()
160105,nước 100,Material,Water,pcs,12242.36,12242.36,12242.36,12242.36,1,VND,35674.23,2.914,1,1,建筑工程,"Công việc lắp đặt chung - Vol.10 Cung cấp nước, thoát nước, sưởi ấm, khí",,loại nước ()
160081,nối ống nước () 100,Material,Water,pcs,72631.12,72631.12,72631.12,72631.12,1,VND,96817.28,1.333,1,1,建筑工程,"Công việc lắp đặt chung - Vol.10 Cung cấp nước, thoát nước, sưởi ấm, khí",,loại nước ()
160099,nước 100,Material,Water,m,155549.94,155549.94,155549.94,155549.94,1,VND,136883.94,0.88,1,1,建筑工程,"Công việc lắp đặt chung - Vol.10 Cung cấp nước, thoát nước, sưởi ấm, khí",,loại nước ()
160104,ống nước 75,Material,Water,pcs,10493.45,10493.45,10493.45,10493.45,1,VND,28227.38,2.69,1,1,建筑工程,"Công việc lắp đặt chung - Vol.10 Cung cấp nước, thoát nước, sưởi ấm, khí",,loại nước ()
160080,ống nối nước () 75,Material,Water,pcs,47117.64,47117.64,47117.64,47117.64,1,VND,58944.17,1.251,1,1,建筑工程,"Công việc lắp đặt chung - Vol.10 Cung cấp nước, thoát nước, sưởi ấm, khí",,loại nước ()
160098,ống nước 75,Material,Water,m,116662.45,116662.45,116662.45,116662.45,1,VND,107329.46,0.92,1,1,建筑工程,"Công việc lắp đặt chung - Vol.10 Cung cấp nước, thoát nước, sưởi ấm, khí",,loại nước ()
160103,ống nước 50,Material,Water,pcs,8744.54,8744.54,8744.54,8744.54,1,VND,22106.2,2.528,1,1,建筑工程,"Công việc lắp đặt chung - Vol.10 Cung cấp nước, thoát nước, sưởi ấm, khí",,loại nước ()
160079,ống nối nước () 50,Material,Water,pcs,29217.05,29217.05,29217.05,29217.05,1,VND,33628.83,1.151,1,1,建筑工程,"Công việc lắp đặt chung - Vol.10 Cung cấp nước, thoát nước, sưởi ấm, khí",,loại nước ()
160097,ống nước 50,Material,Water,m,75923.18,75923.18,75923.18,75923.18,1,VND,71367.79,0.94,1,1,建筑工程,"Công việc lắp đặt chung - Vol.10 Cung cấp nước, thoát nước, sưởi ấm, khí",,loại nước ()
160115,250,Material,General,pcs,93823.77,93823.77,93823.77,93823.77,1,VND,2627.07,0.028,1,1,建筑工程,"Công việc lắp đặt chung - Vol.10 Cung cấp nước, thoát nước, sưởi ấm, khí",,
160078,nối ống nước () 250,Material,Water,pcs,192791.39,192791.39,192791.39,192791.39,1,VND,80972.38,0.42,1,1,建筑工程,"Công việc lắp đặt chung - Vol.10 Cung cấp nước, thoát nước, sưởi ấm, khí",,
160052,nước 250,Material,Water,m,260895.93,260895.93,260895.93,260895.93,1,VND,255678.01,0.98,1,1,建筑工程,"Công việc lắp đặt chung - Vol.10 Cung cấp nước, thoát nước, sưởi ấm, khí",,
160114,200,Material,General,pcs,78186.48,78186.48,78186.48,78186.48,1,VND,4378.44,0.056,1,1,建筑工程,"Công việc lắp đặt chung - Vol.10 Cung cấp nước, thoát nước, sưởi ấm, khí",,
170570,PVC-U nước () 15,Material,Water,pcs,1831.21,1831.21,1831.21,1831.21,1,VND,2838.37,1.55,1,1,建筑工程,"Công việc lắp đặt chung - Vol.10 Cung cấp nước, thoát nước, sưởi ấm, khí",nước,nước ()
170558,PVC-U nước 15,Material,Water,m,10081.94,10081.94,10081.94,10081.94,1,VND,10283.58,1.02,1,1,建筑工程,"Công việc lắp đặt chung - Vol.10 Cung cấp nước, thoát nước, sưởi ấm, khí",nước,nước ()
160241,W loại không có nước 250,Material,Water,m,459859.93,459859.93,459859.93,459859.93,1,VND,434107.78,0.944,1,1,建筑工程,"Công việc lắp đặt chung - Vol.10 Cung cấp nước, thoát nước, sưởi ấm, khí",,W loại không có nước ()
160246,W loại không có nước () 200,Material,Water,pcs,179828.9,179828.9,179828.9,179828.9,1,VND,60602.34,0.337,1,1,建筑工程,"Công việc lắp đặt chung - Vol.10 Cung cấp nước, thoát nước, sưởi ấm, khí",,W loại không có nước ()
160240,W loại không có nước 200,Material,Water,m,324062.37,324062.37,324062.37,324062.37,1,VND,316933.0,0.978,1,1,建筑工程,"Công việc lắp đặt chung - Vol.10 Cung cấp nước, thoát nước, sưởi ấm, khí",,W loại không có nước ()
160245,W loại không có nước () 150,Material,Water,pcs,118925.75,118925.75,118925.75,118925.75,1,VND,61008.91,0.513,1,1,建筑工程,"Công việc lắp đặt chung - Vol.10 Cung cấp nước, thoát nước, sưởi ấm, khí",,W loại không có nước ()
160239,W loại không có nước 150,Material,Water,m,200610.04,200610.04,200610.04,200610.04,1,VND,194792.35,0.971,1,1,建筑工程,"Công việc lắp đặt chung - Vol.10 Cung cấp nước, thoát nước, sưởi ấm, khí",,W loại không có nước ()
160244,W loại không có nước () 100,Material,Water,pcs,70779.34,70779.34,70779.34,70779.34,1,VND,67452.71,0.953,1,1,建筑工程,"Công việc lắp đặt chung - Vol.10 Cung cấp nước, thoát nước, sưởi ấm, khí",,W loại không có nước ()
160238,W loại không có nước 100,Material,Water,m,141970.18,141970.18,141970.18,141970.18,1,VND,130470.6,0.919,1,1,建筑工程,"Công việc lắp đặt chung - Vol.10 Cung cấp nước, thoát nước, sưởi ấm, khí",,W loại không có nước ()
160243,Loại W không có nước () 75,Material,Water,pcs,42796.81,42796.81,42796.81,42796.81,1,VND,36420.08,0.851,1,1,建筑工程,"Công việc lắp đặt chung - Vol.10 Cung cấp nước, thoát nước, sưởi ấm, khí",,W loại không có nước ()
160237,Loại W không có nước 75,Material,Water,m,103699.96,103699.96,103699.96,103699.96,1,VND,97789.06,0.943,1,1,建筑工程,"Công việc lắp đặt chung - Vol.10 Cung cấp nước, thoát nước, sưởi ấm, khí",,W loại không có nước ()
160242,W loại không có nước () 50,Material,Water,pcs,24690.47,24690.47,24690.47,24690.47,1,VND,17061.11,0.691,1,1,建筑工程,"Công việc lắp đặt chung - Vol.10 Cung cấp nước, thoát nước, sưởi ấm, khí",,W loại không có nước ()
160236,W loại không có nước 50,Material,Water,m,70985.09,70985.09,70985.09,70985.09,1,VND,66655.0,0.939,1,1,建筑工程,"Công việc lắp đặt chung - Vol.10 Cung cấp nước, thoát nước, sưởi ấm, khí",,W loại không có nước ()
160084,kết nối ống nước () 200,Material,Water,pcs,196289.21,196289.21,196289.21,196289.21,1,VND,95592.84,0.487,1,1,建筑工程,"Công việc lắp đặt chung - Vol.10 Cung cấp nước, thoát nước, sưởi ấm, khí",,loại nước ()
160102,nước 200,Material,Water,m,395047.46,395047.46,395047.46,395047.46,1,VND,387146.51,0.98,1,1,建筑工程,"Công việc lắp đặt chung - Vol.10 Cung cấp nước, thoát nước, sưởi ấm, khí",,loại nước ()
160083,cắt nối nước () 150,Material,Water,pcs,142381.69,142381.69,142381.69,142381.69,1,VND,101518.14,0.713,1,1,建筑工程,"Công việc lắp đặt chung - Vol.10 Cung cấp nước, thoát nước, sưởi ấm, khí",,loại nước ()
170055,PVC-U nước () 75,Material,Water,pcs,19237.99,19237.99,19237.99,19237.99,1,VND,22277.59,1.158,1,1,建筑工程,"Công việc lắp đặt chung - Vol.10 Cung cấp nước, thoát nước, sưởi ấm, khí",,
170054,PVC-U nước () 50,Material,Water,pcs,7962.68,7962.68,7962.68,7962.68,1,VND,7500.76,0.942,1,1,建筑工程,"Công việc lắp đặt chung - Vol.10 Cung cấp nước, thoát nước, sưởi ấm, khí",,
170569,PVC-U nước 200,Material,Water,m,292170.52,292170.52,292170.52,292170.52,1,VND,298013.93,1.02,1,1,建筑工程,"Công việc lắp đặt chung - Vol.10 Cung cấp nước, thoát nước, sưởi ấm, khí",nước,nước ()
170568,PVC-U nước 150,Material,Water,m,279208.02,279208.02,279208.02,279208.02,1,VND,284792.18,1.02,1,1,建筑工程,"Công việc lắp đặt chung - Vol.10 Cung cấp nước, thoát nước, sưởi ấm, khí",nước,nước ()
170567,PVC-U nước 125,Material,Water,m,171392.99,171392.99,171392.99,171392.99,1,VND,174820.85,1.02,1,1,建筑工程,"Công việc lắp đặt chung - Vol.10 Cung cấp nước, thoát nước, sưởi ấm, khí",nước,nước ()
170578,PVC-U nước () 100,Material,Water,pcs,77363.46,77363.46,77363.46,77363.46,1,VND,26458.3,0.342,1,1,建筑工程,"Công việc lắp đặt chung - Vol.10 Cung cấp nước, thoát nước, sưởi ấm, khí",nước,nước ()
170566,PVC-U nước 100,Material,Water,m,121600.55,121600.55,121600.55,121600.55,1,VND,124032.56,1.02,1,1,建筑工程,"Công việc lắp đặt chung - Vol.10 Cung cấp nước, thoát nước, sưởi ấm, khí",nước,nước ()
170577,PVC-U nước () 80,Material,Water,pcs,43619.82,43619.82,43619.82,43619.82,1,VND,15790.38,0.362,1,1,建筑工程,"Công việc lắp đặt chung - Vol.10 Cung cấp nước, thoát nước, sưởi ấm, khí",nước,nước ()
170565,PVC-U nước 80,Material,Water,m,100819.4,100819.4,100819.4,100819.4,1,VND,102835.79,1.02,1,1,建筑工程,"Công việc lắp đặt chung - Vol.10 Cung cấp nước, thoát nước, sưởi ấm, khí",nước,nước ()
170576,PVC-U nước () 70,Material,Water,pcs,27365.27,27365.27,27365.27,27365.27,1,VND,13436.35,0.491,1,1,建筑工程,"Công việc lắp đặt chung - Vol.10 Cung cấp nước, thoát nước, sưởi ấm, khí",nước,nước ()
170564,PVC-U nước 70,Material,Water,m,70779.34,70779.34,70779.34,70779.34,1,VND,72194.92,1.02,1,1,建筑工程,"Công việc lắp đặt chung - Vol.10 Cung cấp nước, thoát nước, sưởi ấm, khí",nước,nước ()
170563,PVC-U nước 50,Material,Water,m,51849.98,51849.98,51849.98,51849.98,1,VND,52886.98,1.02,1,1,建筑工程,"Công việc lắp đặt chung - Vol.10 Cung cấp nước, thoát nước, sưởi ấm, khí",nước,nước ()
170562,PVC-U nước 40,Material,Water,m,31686.1,31686.1,31686.1,31686.1,1,VND,32319.82,1.02,1,1,建筑工程,"Công việc lắp đặt chung - Vol.10 Cung cấp nước, thoát nước, sưởi ấm, khí",nước,nước ()
170561,PVC-U nước 32,Material,Water,m,22427.17,22427.17,22427.17,22427.17,1,VND,22875.72,1.02,1,1,建筑工程,"Công việc lắp đặt chung - Vol.10 Cung cấp nước, thoát nước, sưởi ấm, khí",nước,nước ()
170560,PVC-U nước 25,Material,Water,m,20369.63,20369.63,20369.63,20369.63,1,VND,20777.03,1.02,1,1,建筑工程,"Công việc lắp đặt chung - Vol.10 Cung cấp nước, thoát nước, sưởi ấm, khí",nước,nước ()
170559,PVC-U nước 20,Material,Water,m,13168.25,13168.25,13168.25,13168.25,1,VND,13431.61,1.02,1,1,建筑工程,"Công việc lắp đặt chung - Vol.10 Cung cấp nước, thoát nước, sưởi ấm, khí",nước,nước ()
280547,ống thép 150,Material,Steel & Metal,m,259249.9,259249.9,259249.9,259249.9,1,VND,267027.39,1.03,1,1,建筑工程,Công trình lắp đặt chung - Tập 4 Lắp đặt thiết bị điện,,ống thép
280546,ống thép 125,Material,Steel & Metal,m,222214.2,222214.2,222214.2,222214.2,1,VND,228880.62,1.03,1,1,建筑工程,Công trình lắp đặt chung - Tập 4 Lắp đặt thiết bị điện,,ống thép
280545,ống thép 100,Material,Steel & Metal,m,179005.88,179005.88,179005.88,179005.88,1,VND,184376.06,1.03,1,1,建筑工程,Công trình lắp đặt chung - Tập 4 Lắp đặt thiết bị điện,,ống thép
290047,chiều cao xi măng điện 200,Material,Concrete & Cement,m,105551.74,105551.74,105551.74,105551.74,1,VND,108718.3,1.03,1,1,建筑工程,Công trình lắp đặt chung - Tập 4 Lắp đặt thiết bị điện,,Xi măng
290044,độ cao xi măng điện 150,Material,Concrete & Cement,m,64195.21,64195.21,64195.21,64195.21,1,VND,66121.07,1.03,1,1,建筑工程,Công trình lắp đặt chung - Tập 4 Lắp đặt thiết bị điện,,Xi măng
290043,độ cao bê tông điện 125,Material,Concrete & Cement,m,55347.8,55347.8,55347.8,55347.8,1,VND,57008.23,1.03,1,1,建筑工程,Công trình lắp đặt chung - Tập 4 Lắp đặt thiết bị điện,,Xi măng
290042,chiều cao xi măng điện 100,Material,Concrete & Cement,m,50203.95,50203.95,50203.95,50203.95,1,VND,51710.07,1.03,1,1,建筑工程,Công trình lắp đặt chung - Tập 4 Lắp đặt thiết bị điện,,Xi măng
090157,bu lông 20×300,Material,Fasteners,set,39093.24,39093.24,39093.24,39093.24,1,VND,39875.1,1.02,1,1,建筑工程,Công trình lắp đặt chung - Tập 4 Lắp đặt thiết bị điện,,lắp đặt đúc mẫu và gia công thép
090153,bu-lông 12×200,Material,Fasteners,set,10287.69,10287.69,10287.69,10287.69,1,VND,10493.45,1.02,1,1,建筑工程,Công trình lắp đặt chung - Tập 4 Lắp đặt thiết bị điện,,lắp đặt đúc mẫu và gia công thép
280360,chống thấm 100,Material,Waterproofing,pcs,127978.92,127978.92,127978.92,127978.92,1,VND,131818.28,1.03,1,1,建筑工程,Công trình lắp đặt chung - Tập 4 Lắp đặt thiết bị điện,lắp đặt chống thấm,
280345,chống thấm 80,Material,Waterproofing,pcs,106580.51,106580.51,106580.51,106580.51,1,VND,109777.93,1.03,1,1,建筑工程,Công trình lắp đặt chung - Tập 4 Lắp đặt thiết bị điện,lắp đặt chống thấm,
280403,chống thấm 50,Material,Waterproofing,pcs,26748.01,26748.01,26748.01,26748.01,1,VND,27550.45,1.03,1,1,建筑工程,Công trình lắp đặt chung - Tập 4 Lắp đặt thiết bị điện,lắp đặt chống thấm,
170105,PVC-U nước () 150,Material,Water,pcs,98967.62,98967.62,98967.62,98967.62,1,VND,83033.83,0.839,1,1,建筑工程,"Công việc lắp đặt chung - Vol.10 Cung cấp nước, thoát nước, sưởi ấm, khí",,
170104,PVC-U nước 150,Material,Water,m,121189.04,121189.04,121189.04,121189.04,1,VND,113190.56,0.934,1,1,建筑工程,"Công việc lắp đặt chung - Vol.10 Cung cấp nước, thoát nước, sưởi ấm, khí",,
170057,PVC-U nước () 125,Material,Water,pcs,68104.54,68104.54,68104.54,68104.54,1,VND,65448.46,0.961,1,1,建筑工程,"Công việc lắp đặt chung - Vol.10 Cung cấp nước, thoát nước, sưởi ấm, khí",,
170056,PVC-U nước () 100,Material,Water,pcs,40122.01,40122.01,40122.01,40122.01,1,VND,53121.54,1.324,1,1,建筑工程,"Công việc lắp đặt chung - Vol.10 Cung cấp nước, thoát nước, sưởi ấm, khí",,
170007,Ống nước PVC-U 75,Material,Water,m,64195.21,64195.21,64195.21,64195.21,1,VND,19258.56,0.3,1,1,建筑工程,"Công việc lắp đặt chung - Vol.10 Cung cấp nước, thoát nước, sưởi ấm, khí",,lắp đặt gia công
170005,PVC-U nước 50,Material,Water,m,25513.48,25513.48,25513.48,25513.48,1,VND,7654.04,0.3,1,1,建筑工程,"Công việc lắp đặt chung - Vol.10 Cung cấp nước, thoát nước, sưởi ấm, khí",,lắp đặt gia công
170003,PVC-U nước 32,Material,Water,m,16254.56,16254.56,16254.56,16254.56,1,VND,4876.37,0.3,1,1,建筑工程,"Công việc lắp đặt chung - Vol.10 Cung cấp nước, thoát nước, sưởi ấm, khí",,lắp đặt gia công
280402,bảo hiểm chống thấm 32,Material,Waterproofing,pcs,12756.74,12756.74,12756.74,12756.74,1,VND,13139.44,1.03,1,1,建筑工程,Công trình lắp đặt chung - Tập 4 Lắp đặt thiết bị điện,lắp đặt chống thấm,
280401,ngăn nước 20,Material,Waterproofing,pcs,9876.19,9876.19,9876.19,9876.19,1,VND,10172.47,1.03,1,1,建筑工程,Công trình lắp đặt chung - Tập 4 Lắp đặt thiết bị điện,lắp đặt chống thấm,
280108,đúc mẫu,Material,General,pcs,2160.42,2160.42,2160.42,2160.42,1,VND,2203.62,1.02,1,1,建筑工程,Công trình lắp đặt chung - Tập 4 Lắp đặt thiết bị điện,lắp đặt khuôn mẫu,
280051,15 25,Material,General,pcs,288.06,288.06,288.06,288.06,1,VND,640.92,2.225,1,1,建筑工程,Công trình lắp đặt chung - Tập 4 Lắp đặt thiết bị điện,lắp đặt khuôn mẫu,
800209,đứng 50,Equipment,General,machine-shift,220362.41,220362.41,220362.41,220362.41,1,VND,21110.76,0.0958,1,1,建筑工程,"Công việc lắp đặt chung - Vol.10 Cung cấp nước, thoát nước, sưởi ấm, khí",,
180885,Ống thép mạ kẽm nối () 15,Material,Steel & Metal,pcs,1790.06,1790.06,1790.06,1790.06,1,VND,2344.98,1.31,1,1,建筑工程,"Công việc lắp đặt chung - Vol.10 Cung cấp nước, thoát nước, sưởi ấm, khí",,
170225,composite 32,Material,General,m,104317.22,104317.22,104317.22,104317.22,1,VND,106403.56,1.02,1,1,建筑工程,"Công việc lắp đặt chung - Vol.10 Cung cấp nước, thoát nước, sưởi ấm, khí",thép hợp kim composite (),
170224,composite 25,Material,General,m,72836.88,72836.88,72836.88,72836.88,1,VND,74293.61,1.02,1,1,建筑工程,"Công việc lắp đặt chung - Vol.10 Cung cấp nước, thoát nước, sưởi ấm, khí",thép hợp kim composite (),
170223,composite 20,Material,General,m,52261.49,52261.49,52261.49,52261.49,1,VND,53306.72,1.02,1,1,建筑工程,"Công việc lắp đặt chung - Vol.10 Cung cấp nước, thoát nước, sưởi ấm, khí",thép hợp kim composite (),
170222,composite 15,Material,General,m,30863.08,30863.08,30863.08,30863.08,1,VND,31480.34,1.02,1,1,建筑工程,"Công việc lắp đặt chung - Vol.10 Cung cấp nước, thoát nước, sưởi ấm, khí",thép hợp kim composite (),
170017,PVC-U nước 200,Material,Water,m,129624.95,129624.95,129624.95,129624.95,1,VND,123273.33,0.951,1,1,建筑工程,"Công việc lắp đặt chung - Vol.10 Cung cấp nước, thoát nước, sưởi ấm, khí",,
280549,CPVC 110,Material,General,m,45265.85,45265.85,45265.85,45265.85,1,VND,47529.15,1.05,1,1,建筑工程,Công trình lắp đặt chung - Tập 4 Lắp đặt thiết bị điện,,CPVC
280548,CPVC 90,Material,General,m,30863.08,30863.08,30863.08,30863.08,1,VND,32406.24,1.05,1,1,建筑工程,Công trình lắp đặt chung - Tập 4 Lắp đặt thiết bị điện,,CPVC
190224,20,Material,General,pcs,79009.49,79009.49,79009.49,79009.49,1,VND,79799.59,1.01,1,1,建筑工程,"Công việc lắp đặt chung - Vol.10 Cung cấp nước, thoát nước, sưởi ấm, khí",,
190004,15,Material,General,pcs,62960.69,62960.69,62960.69,62960.69,1,VND,63590.3,1.01,1,1,建筑工程,"Công việc lắp đặt chung - Vol.10 Cung cấp nước, thoát nước, sưởi ấm, khí",,
190223,15,Material,General,pcs,64195.21,64195.21,64195.21,64195.21,1,VND,64837.16,1.01,1,1,建筑工程,"Công việc lắp đặt chung - Vol.10 Cung cấp nước, thoát nước, sưởi ấm, khí",,
170110,250,Material,General,pcs,26336.5,26336.5,26336.5,26336.5,1,VND,52672.99,2.0,1,1,建筑工程,"Công việc lắp đặt chung - Vol.10 Cung cấp nước, thoát nước, sưởi ấm, khí",,
170109,200,Material,General,pcs,22015.67,22015.67,22015.67,22015.67,1,VND,44031.33,2.0,1,1,建筑工程,"Công việc lắp đặt chung - Vol.10 Cung cấp nước, thoát nước, sưởi ấm, khí",,
170108,150,Material,General,pcs,18270.94,18270.94,18270.94,18270.94,1,VND,36541.89,2.0,1,1,建筑工程,"Công việc lắp đặt chung - Vol.10 Cung cấp nước, thoát nước, sưởi ấm, khí",,
170107,100,Material,General,pcs,14052.99,14052.99,14052.99,14052.99,1,VND,28105.98,2.0,1,1,建筑工程,"Công việc lắp đặt chung - Vol.10 Cung cấp nước, thoát nước, sưởi ấm, khí",,
170106,75,Material,General,pcs,11254.74,11254.74,11254.74,11254.74,1,VND,22509.48,2.0,1,1,建筑工程,"Công việc lắp đặt chung - Vol.10 Cung cấp nước, thoát nước, sưởi ấm, khí",,
170181,200,Material,General,pcs,222419.95,222419.95,222419.95,222419.95,1,VND,222419.95,1.0,1,1,建筑工程,"Công việc lắp đặt chung - Vol.10 Cung cấp nước, thoát nước, sưởi ấm, khí",lắp đặt,
170180,160,Material,General,pcs,167895.17,167895.17,167895.17,167895.17,1,VND,167895.17,1.0,1,1,建筑工程,"Công việc lắp đặt chung - Vol.10 Cung cấp nước, thoát nước, sưởi ấm, khí",lắp đặt,
170178,110,Material,General,pcs,94441.03,94441.03,94441.03,94441.03,1,VND,94441.03,1.0,1,1,建筑工程,"Công việc lắp đặt chung - Vol.10 Cung cấp nước, thoát nước, sưởi ấm, khí",lắp đặt,
170177,75,Material,General,pcs,73454.14,73454.14,73454.14,73454.14,1,VND,73454.14,1.0,1,1,建筑工程,"Công việc lắp đặt chung - Vol.10 Cung cấp nước, thoát nước, sưởi ấm, khí",lắp đặt,
170176,50,Material,General,pcs,52467.24,52467.24,52467.24,52467.24,1,VND,52467.24,1.0,1,1,建筑工程,"Công việc lắp đặt chung - Vol.10 Cung cấp nước, thoát nước, sưởi ấm, khí",lắp đặt,
170012,PVC-U nước 225,Material,Water,m,397105.0,397105.0,397105.0,397105.0,1,VND,119131.5,0.3,1,1,建筑工程,"Công việc lắp đặt chung - Vol.10 Cung cấp nước, thoát nước, sưởi ấm, khí",,lắp đặt gia công
170011,PVC-U nước 160,Material,Water,m,166660.65,166660.65,166660.65,166660.65,1,VND,49998.19,0.3,1,1,建筑工程,"Công việc lắp đặt chung - Vol.10 Cung cấp nước, thoát nước, sưởi ấm, khí",,lắp đặt gia công
170010,PVC-U nước 140,Material,Water,m,125715.62,125715.62,125715.62,125715.62,1,VND,37714.69,0.3,1,1,建筑工程,"Công việc lắp đặt chung - Vol.10 Cung cấp nước, thoát nước, sưởi ấm, khí",,lắp đặt gia công
180194,300,Material,General,pcs,388874.84,388874.84,388874.84,388874.84,1,VND,1555499.37,4.0,1,1,建筑工程,"Công việc lắp đặt chung - Vol.10 Cung cấp nước, thoát nước, sưởi ấm, khí",,lắp đặt gia công vuông ()
280425,đúc moulding 15,Material,General,pcs,13682.63,13682.63,13682.63,13682.63,1,VND,16911.73,1.236,1,1,建筑工程,Công trình lắp đặt chung - Tập 4 Lắp đặt thiết bị điện,,
280431,đúc moulding 63,Material,General,pcs,79009.49,79009.49,79009.49,79009.49,1,VND,97655.73,1.236,1,1,建筑工程,Công trình lắp đặt chung - Tập 4 Lắp đặt thiết bị điện,,
280026,nẹp chân tường,Material,General,pcs,99996.39,99996.39,99996.39,99996.39,1,VND,101996.32,1.02,1,1,建筑工程,Công trình lắp đặt chung - Tập 4 Lắp đặt thiết bị điện,lắp đặt khuôn mẫu,
110447,dải keo nước 10mm×30mm,Material,Water,m,45265.85,45265.85,45265.85,45265.85,1,VND,47529.15,1.05,1,1,建筑工程,công trình lợp mái và chống thấm,"chống thấm nền và sàn, chống ẩm",chống thấm nước với
091220,đinh thép,Material,Steel & Metal,pcs,1234.52,1234.52,1234.52,1234.52,1,VND,2839.4,2.3,1,1,建筑工程,công trình lợp mái và chống thấm,"chống thấm nền và sàn, chống ẩm",chống thấm nước với
180193,250,Material,General,pcs,245875.89,245875.89,245875.89,245875.89,1,VND,983503.57,4.0,1,1,建筑工程,"Công việc lắp đặt chung - Vol.10 Cung cấp nước, thoát nước, sưởi ấm, khí",,lắp đặt gia công vuông ()
180191,200,Material,General,pcs,124481.1,124481.1,124481.1,124481.1,1,VND,497924.4,4.0,1,1,建筑工程,"Công việc lắp đặt chung - Vol.10 Cung cấp nước, thoát nước, sưởi ấm, khí",,lắp đặt gia công vuông ()
180190,150,Material,General,pcs,80655.52,80655.52,80655.52,80655.52,1,VND,322622.09,4.0,1,1,建筑工程,"Công việc lắp đặt chung - Vol.10 Cung cấp nước, thoát nước, sưởi ấm, khí",,lắp đặt gia công vuông ()
180189,125,Material,General,pcs,48557.92,48557.92,48557.92,48557.92,1,VND,194231.67,4.0,1,1,建筑工程,"Công việc lắp đặt chung - Vol.10 Cung cấp nước, thoát nước, sưởi ấm, khí",,lắp đặt gia công vuông ()
180188,100,Material,General,pcs,26748.01,26748.01,26748.01,26748.01,1,VND,106992.02,4.0,1,1,建筑工程,"Công việc lắp đặt chung - Vol.10 Cung cấp nước, thoát nước, sưởi ấm, khí",,lắp đặt gia công vuông ()
180187,80,Material,General,pcs,15061.18,15061.18,15061.18,15061.18,1,VND,60244.74,4.0,1,1,建筑工程,"Công việc lắp đặt chung - Vol.10 Cung cấp nước, thoát nước, sưởi ấm, khí",,lắp đặt gia công vuông ()
180186,70,Material,General,pcs,10822.65,10822.65,10822.65,10822.65,1,VND,43290.62,4.0,1,1,建筑工程,"Công việc lắp đặt chung - Vol.10 Cung cấp nước, thoát nước, sưởi ấm, khí",,lắp đặt gia công vuông ()
180185,50,Material,General,pcs,7427.72,7427.72,7427.72,7427.72,1,VND,29710.86,4.0,1,1,建筑工程,"Công việc lắp đặt chung - Vol.10 Cung cấp nước, thoát nước, sưởi ấm, khí",,lắp đặt gia công vuông ()
200011,cửa 10,Material,General,pcs,6954.48,6954.48,6954.48,6954.48,1,VND,7024.03,1.01,1,1,建筑工程,"Công việc lắp đặt chung - Vol.10 Cung cấp nước, thoát nước, sưởi ấm, khí",,
190207,25,Material,General,pcs,102876.94,102876.94,102876.94,102876.94,1,VND,103905.71,1.01,1,1,建筑工程,"Công việc lắp đặt chung - Vol.10 Cung cấp nước, thoát nước, sưởi ấm, khí",,
280059,(ống thép) 20,Material,Steel & Metal,pcs,288.06,288.06,288.06,288.06,1,VND,44.44,0.1545,1,1,建筑工程,Công trình lắp đặt chung - Tập 4 Lắp đặt thiết bị điện,,ống thép mạ kẽm
280066,(ống thép) 100,Material,Steel & Metal,pcs,2242.72,2242.72,2242.72,2242.72,1,VND,346.49,0.1545,1,1,建筑工程,Công trình lắp đặt chung - Tập 4 Lắp đặt thiết bị điện,,ống thép mạ kẽm
280041,kim loại 32,Material,Steel & Metal,pcs,1152.22,1152.22,1152.22,1152.22,1,VND,1424.23,1.236,1,1,建筑工程,Công trình lắp đặt chung - Tập 4 Lắp đặt thiết bị điện,,
090569,PVC,Material,General,pcs,56170.81,56170.81,56170.81,56170.81,1,VND,573.02,0.0102,1,1,建筑工程,Công trình lắp đặt chung - Tập 4 Lắp đặt thiết bị điện,,PVC
280305,PVC 70,Material,General,pcs,2160.42,2160.42,2160.42,2160.42,1,VND,333.73,0.1545,1,1,建筑工程,Công trình lắp đặt chung - Tập 4 Lắp đặt thiết bị điện,,PVC
280105,70,Material,General,pcs,1049.34,1049.34,1049.34,1049.34,1,VND,712.32,0.6789,1,1,建筑工程,Công trình lắp đặt chung - Tập 4 Lắp đặt thiết bị điện,,PVC
280298,Loại splice PVCT 70,Material,General,pcs,3086.31,3086.31,3086.31,3086.31,1,VND,62.96,0.0204,1,1,建筑工程,Công trình lắp đặt chung - Tập 4 Lắp đặt thiết bị điện,,PVC
280291,PVC 70,Material,General,pcs,6584.12,6584.12,6584.12,6584.12,1,VND,1343.16,0.204,1,1,建筑工程,Công trình lắp đặt chung - Tập 4 Lắp đặt thiết bị điện,,PVC
280284,PVC 70,Material,General,pcs,2057.54,2057.54,2057.54,2057.54,1,VND,83.95,0.0408,1,1,建筑工程,Công trình lắp đặt chung - Tập 4 Lắp đặt thiết bị điện,,PVC
180003,25 mạ kẽm,Material,General,pcs,2469.05,2469.05,2469.05,2469.05,1,VND,1481.43,0.6,1,1,建筑工程,"Công việc lắp đặt chung - Vol.10 Cung cấp nước, thoát nước, sưởi ấm, khí",,
180002,20 mạ kẽm,Material,General,pcs,1604.88,1604.88,1604.88,1604.88,1,VND,962.93,0.6,1,1,建筑工程,"Công việc lắp đặt chung - Vol.10 Cung cấp nước, thoát nước, sưởi ấm, khí",,
180008,20 mạ kẽm,Material,General,pcs,2222.14,2222.14,2222.14,2222.14,1,VND,1333.29,0.6,1,1,建筑工程,"Công việc lắp đặt chung - Vol.10 Cung cấp nước, thoát nước, sưởi ấm, khí",,
180032,20 mạ kẽm,Material,General,pcs,4526.59,4526.59,4526.59,4526.59,1,VND,1357.98,0.3,1,1,建筑工程,"Công việc lắp đặt chung - Vol.10 Cung cấp nước, thoát nước, sưởi ấm, khí",,
210068,nước 100,Material,Water,pcs,47117.64,47117.64,47117.64,47117.64,1,VND,47353.23,1.005,1,1,建筑工程,"Công việc lắp đặt chung - Vol.10 Cung cấp nước, thoát nước, sưởi ấm, khí",,
180196,426,Material,General,pcs,897086.94,897086.94,897086.94,897086.94,1,VND,3588347.75,4.0,1,1,建筑工程,"Công việc lắp đặt chung - Vol.10 Cung cấp nước, thoát nước, sưởi ấm, khí",,lắp đặt gia công vuông ()
180195,377,Material,General,pcs,650182.28,650182.28,650182.28,650182.28,1,VND,2600729.11,4.0,1,1,建筑工程,"Công việc lắp đặt chung - Vol.10 Cung cấp nước, thoát nước, sưởi ấm, khí",,lắp đặt gia công vuông ()
280256,kết nối hộp nối dây điện mạ kẽm 40,Material,General,pcs,5905.14,5905.14,5905.14,5905.14,1,VND,973.22,0.1648,1,1,建筑工程,Công trình lắp đặt chung - Tập 4 Lắp đặt thiết bị điện,,
090076,đai ốc khóa 32,Material,Fasteners,pcs,1111.07,1111.07,1111.07,1111.07,1,VND,171.6,0.1545,1,1,建筑工程,Công trình lắp đặt chung - Tập 4 Lắp đặt thiết bị điện,,hàn thép ống
090075,đai ốc khóa 25,Material,Fasteners,pcs,905.32,905.32,905.32,905.32,1,VND,139.91,0.1545,1,1,建筑工程,Công trình lắp đặt chung - Tập 4 Lắp đặt thiết bị điện,,hàn thép ống
800533,đinh,Equipment,General,machine-shift,157401.72,157401.72,157401.72,157401.72,1,VND,157.4,0.001,1,1,建筑工程,công trình kết cấu thép,"sàn thép tấm, sàn tường",
010098,ống thép không gỉ 159×4.5,Material,Steel & Metal,m,165220.37,165220.37,165220.37,165220.37,1,VND,49566.11,0.3,1,1,建筑工程,"Công việc lắp đặt chung - Vol.10 Cung cấp nước, thoát nước, sưởi ấm, khí",,
010095,không có ống thép 108×3,Material,Steel & Metal,m,75100.17,75100.17,75100.17,75100.17,1,VND,22530.05,0.3,1,1,建筑工程,"Công việc lắp đặt chung - Vol.10 Cung cấp nước, thoát nước, sưởi ấm, khí",,
110516,không phủ poly (PVC),Material,General,m2,65841.24,65841.24,65841.24,65841.24,1,VND,69133.31,1.05,1,1,建筑工程,công trình hoàn thiện sàn,lớp hoàn thiện,
280415,JDG(KBG) splice 50,Material,General,pcs,12756.74,12756.74,12756.74,12756.74,1,VND,2233.66,0.1751,1,1,建筑工程,Công trình lắp đặt chung - Tập 4 Lắp đặt thiết bị điện,,() ống thép
280414,JDG(KBG) splice 40,Material,General,pcs,9464.68,9464.68,9464.68,9464.68,1,VND,1657.35,0.1751,1,1,建筑工程,Công trình lắp đặt chung - Tập 4 Lắp đặt thiết bị điện,,() ống thép
280413,JDG(KBG) splice 32,Material,General,pcs,7818.65,7818.65,7818.65,7818.65,1,VND,2013.3,0.2575,1,1,建筑工程,Công trình lắp đặt chung - Tập 4 Lắp đặt thiết bị điện,,() ống thép
280412,JDG(KBG) splice 25,Material,General,pcs,5966.86,5966.86,5966.86,5966.86,1,VND,1536.57,0.2575,1,1,建筑工程,Công trình lắp đặt chung - Tập 4 Lắp đặt thiết bị điện,,() ống thép
280411,JDG(KBG) splice 20,Material,General,pcs,5349.6,5349.6,5349.6,5349.6,1,VND,2204.04,0.412,1,1,建筑工程,Công trình lắp đặt chung - Tập 4 Lắp đặt thiết bị điện,,() ống thép
280228,Hàn cắt 50,Material,General,pcs,6913.33,6913.33,6913.33,6913.33,1,VND,1068.07,0.1545,1,1,建筑工程,Công trình lắp đặt chung - Tập 4 Lắp đặt thiết bị điện,,PVC
280227,splice PVC 40,Material,General,pcs,4938.09,4938.09,4938.09,4938.09,1,VND,762.94,0.1545,1,1,建筑工程,Công trình lắp đặt chung - Tập 4 Lắp đặt thiết bị điện,,PVC
280226,Hàn cắt PVC 32,Material,General,pcs,2777.68,2777.68,2777.68,2777.68,1,VND,429.2,0.1545,1,1,建筑工程,Công trình lắp đặt chung - Tập 4 Lắp đặt thiết bị điện,,PVC
280225,Hàn cắt PVC 25,Material,General,pcs,1707.76,1707.76,1707.76,1707.76,1,VND,263.78,0.1545,1,1,建筑工程,Công trình lắp đặt chung - Tập 4 Lắp đặt thiết bị điện,,PVC
320006,keo dán (10kV)10,Material,General,pair,52878.75,52878.75,52878.75,52878.75,1,VND,211514.99,4.0,1,1,建筑工程,Công trình lắp đặt chung - Tập 4 Lắp đặt thiết bị điện,,10kV
180178,(1.6MPa) 40,Material,General,pcs,32303.36,32303.36,32303.36,32303.36,1,VND,64606.72,2.0,1,1,建筑工程,"Công việc lắp đặt chung - Vol.10 Cung cấp nước, thoát nước, sưởi ấm, khí",lắp đặt khuôn mẫu,
180020,kẹp mạ kẽm 25,Material,General,pcs,10534.6,10534.6,10534.6,10534.6,1,VND,31919.83,3.03,1,1,建筑工程,"Công việc lắp đặt chung - Vol.10 Cung cấp nước, thoát nước, sưởi ấm, khí",lắp đặt khuôn mẫu,
180176,(1.6MPa) 25,Material,General,pcs,18764.75,18764.75,18764.75,18764.75,1,VND,18952.4,1.01,1,1,建筑工程,"Công việc lắp đặt chung - Vol.10 Cung cấp nước, thoát nước, sưởi ấm, khí","nước, nước",lắp đặt hệ thống cấp nước
190006,25,Material,General,pcs,100819.4,100819.4,100819.4,100819.4,1,VND,101827.6,1.01,1,1,建筑工程,"Công việc lắp đặt chung - Vol.10 Cung cấp nước, thoát nước, sưởi ấm, khí","nước, nước",lắp đặt hệ thống cấp nước
180175,(1.6MPa) 20,Material,General,pcs,17777.14,17777.14,17777.14,17777.14,1,VND,17954.91,1.01,1,1,建筑工程,"Công việc lắp đặt chung - Vol.10 Cung cấp nước, thoát nước, sưởi ấm, khí","nước, nước",lắp đặt hệ thống cấp nước
180155,ống (1.6MPa) 600,Material,General,pcs,2169674.72,2169674.72,2169674.72,2169674.72,1,VND,4339349.43,2.0,1,1,建筑工程,"Công việc lắp đặt chung - Vol.10 Cung cấp nước, thoát nước, sưởi ấm, khí",nước,nước ()
180154,ống (1.6MPa) 500,Material,General,pcs,1506118.44,1506118.44,1506118.44,1506118.44,1,VND,3012236.88,2.0,1,1,建筑工程,"Công việc lắp đặt chung - Vol.10 Cung cấp nước, thoát nước, sưởi ấm, khí",nước,nước ()
090112,với bu lông 22×(85 100),Material,Fasteners,set,5761.11,5761.11,5761.11,5761.11,1,VND,142414.61,24.72,1,1,建筑工程,"Công việc lắp đặt chung - Vol.10 Cung cấp nước, thoát nước, sưởi ấm, khí",nước,nước ()
090110,với bu lông 20×(65 80),Material,Fasteners,set,4053.35,4053.35,4053.35,4053.35,1,VND,100198.85,24.72,1,1,建筑工程,"Công việc lắp đặt chung - Vol.10 Cung cấp nước, thoát nước, sưởi ấm, khí",nước,nước ()
800180,cẩu điện (đơn) 1t,Equipment,Hoists,machine-shift,209868.96,209868.96,209868.96,209868.96,1,VND,17419.12,0.083,1,1,建筑工程,"Công việc lắp đặt chung - Vol.10 Cung cấp nước, thoát nước, sưởi ấm, khí",,lắp đặt
800176,cẩu trục 12t,Equipment,Cranes,machine-shift,1395422.85,1395422.85,1395422.85,1395422.85,1,VND,1744278.56,1.25,1,1,建筑工程,"Công việc lắp đặt chung - Vol.10 Cung cấp nước, thoát nước, sưởi ấm, khí",,lắp đặt
030005,gỗ 250×200×2500,Material,Wood & Timber,pcs,269537.59,269537.59,269537.59,269537.59,1,VND,12937.8,0.048,1,1,建筑工程,"Công việc lắp đặt chung - Vol.10 Cung cấp nước, thoát nước, sưởi ấm, khí",,lắp đặt
010104,không có ống thép 273×7,Material,Steel & Metal,m,430848.64,430848.64,430848.64,430848.64,1,VND,185264.91,0.43,1,1,建筑工程,"Công việc lắp đặt chung - Vol.10 Cung cấp nước, thoát nước, sưởi ấm, khí",,
010100,không có ống thép 219×6,Material,Steel & Metal,m,289495.72,289495.72,289495.72,289495.72,1,VND,92638.63,0.32,1,1,建筑工程,"Công việc lắp đặt chung - Vol.10 Cung cấp nước, thoát nước, sưởi ấm, khí",,
280257,dây nối hộp nối điện mạ kẽm 50,Material,General,pcs,6604.7,6604.7,6604.7,6604.7,1,VND,1088.44,0.1648,1,1,建筑工程,Công trình lắp đặt chung - Tập 4 Lắp đặt thiết bị điện,,
100289,đá kim loại 25,Material,Steel & Metal,pcs,30040.07,30040.07,30040.07,30040.07,1,VND,61882.54,2.06,1,1,建筑工程,"Công việc lắp đặt chung - Vol.10 Cung cấp nước, thoát nước, sưởi ấm, khí",,lắp đặt
600139,ống (1.6MPa) 25,Material,General,pcs,12756.74,12756.74,12756.74,12756.74,1,VND,12756.74,1.0,1,1,建筑工程,"Công việc lắp đặt chung - Vol.10 Cung cấp nước, thoát nước, sưởi ấm, khí",,lắp đặt
180179,(1.6MPa) 50,Material,General,pcs,42179.55,42179.55,42179.55,42179.55,1,VND,84359.09,2.0,1,1,建筑工程,"Công việc lắp đặt chung - Vol.10 Cung cấp nước, thoát nước, sưởi ấm, khí",lắp đặt khuôn mẫu,
320016,YS241-01-05(900×1000),Material,General,pcs,52672.99,52672.99,52672.99,52672.99,1,VND,790094.92,15.0,1,1,建筑工程,Công trình lắp đặt chung - Tập 4 Lắp đặt thiết bị điện,,10kV
320015,145(368×117×105),Material,General,pcs,22221.42,22221.42,22221.42,22221.42,1,VND,44442.84,2.0,1,1,建筑工程,Công trình lắp đặt chung - Tập 4 Lắp đặt thiết bị điện,,10kV
320014,LRG(P-20 dọc),Material,General,pcs,37241.45,37241.45,37241.45,37241.45,1,VND,111724.36,3.0,1,1,建筑工程,Công trình lắp đặt chung - Tập 4 Lắp đặt thiết bị điện,,10kV
320013,điện năng,Material,General,đỉnh,11172.44,11172.44,11172.44,11172.44,1,VND,44689.74,4.0,1,1,建筑工程,Công trình lắp đặt chung - Tập 4 Lắp đặt thiết bị điện,,10kV
150226,với V82040,Material,General,pair,2798.25,2798.25,2798.25,2798.25,1,VND,11193.01,4.0,1,1,建筑工程,Công trình lắp đặt chung - Tập 4 Lắp đặt thiết bị điện,,10kV
150235,điện năng,Material,General,pair,2592.5,2592.5,2592.5,2592.5,1,VND,5185.0,2.0,1,1,建筑工程,Công trình lắp đặt chung - Tập 4 Lắp đặt thiết bị điện,,10kV
150225,gương V82040,Material,General,pair,1316.82,1316.82,1316.82,1316.82,1,VND,5267.3,4.0,1,1,建筑工程,Công trình lắp đặt chung - Tập 4 Lắp đặt thiết bị điện,,10kV
150224,51581,Material,General,đôi,21398.4,21398.4,21398.4,21398.4,1,VND,85593.62,4.0,1,1,建筑工程,Công trình lắp đặt chung - Tập 4 Lắp đặt thiết bị điện,,10kV
320012,D3LYB,Material,General,pair,115427.93,115427.93,115427.93,115427.93,1,VND,461711.72,4.0,1,1,建筑工程,Công trình lắp đặt chung - Tập 4 Lắp đặt thiết bị điện,,10kV
320011,T32,Material,General,pcs,3682.99,3682.99,3682.99,3682.99,1,VND,18414.97,5.0,1,1,建筑工程,Công trình lắp đặt chung - Tập 4 Lắp đặt thiết bị điện,,10kV
320010,GB116-GC,Material,General,pcs,2674.8,2674.8,2674.8,2674.8,1,VND,13374.0,5.0,1,1,建筑工程,Công trình lắp đặt chung - Tập 4 Lắp đặt thiết bị điện,,10kV
320008,() YS103-12-02,Material,General,pair,43619.82,43619.82,43619.82,43619.82,1,VND,43619.82,1.0,1,1,建筑工程,Công trình lắp đặt chung - Tập 4 Lắp đặt thiết bị điện,,10kV
320007,keo dán (8kV)10,Material,General,pair,19752.37,19752.37,19752.37,19752.37,1,VND,19752.37,1.0,1,1,建筑工程,Công trình lắp đặt chung - Tập 4 Lắp đặt thiết bị điện,,10kV
300091,Thép góc mạ kẽm 16×550,Material,Steel & Metal,pair,11625.09,11625.09,11625.09,11625.09,1,VND,23366.44,2.01,1,1,建筑工程,Công trình lắp đặt chung - Tập 4 Lắp đặt thiết bị điện,,
090140,điện trở mạ kẽm với bu lông 16×(400 450),Material,Fasteners,set,12941.92,12941.92,12941.92,12941.92,1,VND,52803.03,4.08,1,1,建筑工程,Công trình lắp đặt chung - Tập 4 Lắp đặt thiết bị điện,,
300089,thép góc mạ kẽm 63×6×2700,Material,Steel & Metal,pcs,177771.36,177771.36,177771.36,177771.36,1,VND,356609.34,2.006,1,1,建筑工程,Công trình lắp đặt chung - Tập 4 Lắp đặt thiết bị điện,,
300090,Thép góc mạ kẽm 63×63×6×570,Material,Steel & Metal,pcs,46294.62,46294.62,46294.62,46294.62,1,VND,46433.51,1.003,1,1,建筑工程,Công trình lắp đặt chung - Tập 4 Lắp đặt thiết bị điện,,lắp đặt điện
300067,giá đỡ thép góc mạ kẽm 50×50×5×1760,Material,Steel & Metal,pcs,70162.07,70162.07,70162.07,70162.07,1,VND,140745.12,2.006,1,1,建筑工程,Công trình lắp đặt chung - Tập 4 Lắp đặt thiết bị điện,,lắp đặt điện
300087,thép góc mạ kẽm 50×5×1100,Material,Steel & Metal,pcs,65223.98,65223.98,65223.98,65223.98,1,VND,65419.65,1.003,1,1,建筑工程,Công trình lắp đặt chung - Tập 4 Lắp đặt thiết bị điện,,lắp đặt điện
300026,Thép góc mạ kẽm 63×63×6×1500,Material,Steel & Metal,pcs,93618.02,93618.02,93618.02,93618.02,1,VND,93898.87,1.003,1,1,建筑工程,Công trình lắp đặt chung - Tập 4 Lắp đặt thiết bị điện,,lắp đặt điện
300088,Thép góc mạ kẽm 50×5×1760,Material,Steel & Metal,pcs,104317.22,104317.22,104317.22,104317.22,1,VND,209260.34,2.006,1,1,建筑工程,Công trình lắp đặt chung - Tập 4 Lắp đặt thiết bị điện,,lắp đặt điện
090532,đúc moulding 40×5×60,Material,General,pcs,1481.43,1481.43,1481.43,1481.43,1,VND,6044.23,4.08,1,1,建筑工程,Công trình lắp đặt chung - Tập 4 Lắp đặt thiết bị điện,,
300009,sàn 40×4×230,Material,General,pcs,4197.38,4197.38,4197.38,4197.38,1,VND,8436.73,2.01,1,1,建筑工程,Công trình lắp đặt chung - Tập 4 Lắp đặt thiết bị điện,,lắp đặt
310009,ED-1,Material,General,pcs,3168.61,3168.61,3168.61,3168.61,1,VND,3184.45,1.005,1,1,建筑工程,Công trình lắp đặt chung - Tập 4 Lắp đặt thiết bị điện,,lắp đặt
320024,P 10,Material,General,set,26748.01,26748.01,26748.01,26748.01,1,VND,26881.75,1.005,1,1,建筑工程,Công trình lắp đặt chung - Tập 4 Lắp đặt thiết bị điện,,lắp đặt
110737,poly,Material,General,g,288.06,288.06,288.06,288.06,1,VND,5761.11,20.0,1,1,建筑工程,"Công việc lắp đặt chung - Vol.10 Cung cấp nước, thoát nước, sưởi ấm, khí",lắp đặt,
390037,bảng bê tông 900×700×80,Material,Concrete & Cement,pcs,96704.33,96704.33,96704.33,96704.33,1,VND,96704.33,1.0,1,1,建筑工程,"Công việc lắp đặt chung - Vol.10 Cung cấp nước, thoát nước, sưởi ấm, khí",tường xây,
390035,bệ đỡ xi măng 600×600×60,Material,Concrete & Cement,pcs,41562.28,41562.28,41562.28,41562.28,1,VND,41562.28,1.0,1,1,建筑工程,"Công việc lắp đặt chung - Vol.10 Cung cấp nước, thoát nước, sưởi ấm, khí",tường xây,
390032,bệ đỡ bê tông 500×500×60,Material,Concrete & Cement,pcs,28805.54,28805.54,28805.54,28805.54,1,VND,28805.54,1.0,1,1,建筑工程,"Công việc lắp đặt chung - Vol.10 Cung cấp nước, thoát nước, sưởi ấm, khí",tường xây,
300074,đất mạ kẽm 25,Material,General,pcs,122423.56,122423.56,122423.56,122423.56,1,VND,127320.5,1.04,1,1,建筑工程,Công trình lắp đặt chung - Tập 4 Lắp đặt thiết bị điện,,
300073,đất mạ kẽm 19,Material,General,pcs,81478.54,81478.54,81478.54,81478.54,1,VND,84737.68,1.04,1,1,建筑工程,Công trình lắp đặt chung - Tập 4 Lắp đặt thiết bị điện,,
010052,ống thép mạ kẽm 50,Material,Steel & Metal,kg,9793.88,9793.88,9793.88,9793.88,1,VND,130356.61,13.31,1,1,建筑工程,Công trình lắp đặt chung - Tập 4 Lắp đặt thiết bị điện,,
090180,đinh (6 12)×(12 80),Equipment,General,pcs,123.45,123.45,123.45,123.45,1,VND,503.69,4.08,1,1,建筑工程,Công trình lắp đặt chung - Tập 4 Lắp đặt thiết bị điện,lắp đặt điện,
090857,đinh tán mạ kẽm với M16×60,Material,Fasteners,set,2839.4,2839.4,2839.4,2839.4,1,VND,5735.6,2.02,1,1,建筑工程,Công trình lắp đặt chung - T.11 Thiết bị truyền thông và đường dây,cột bổ sung,
800120,khoan DHR80A,Equipment,General,machine-shift,3738136.58,3738136.58,3738136.58,3738136.58,1,VND,44857.64,0.012,1,1,建筑工程,xử lý nền và gia cố mái dốc,hố móng,đinh
120036,10,Material,General,m,534.96,534.96,534.96,534.96,1,VND,393.2,0.735,1,1,建筑工程,xử lý nền và gia cố mái dốc,hố móng,đinh
310013,P-6,Material,General,pcs,11830.85,11830.85,11830.85,11830.85,1,VND,11889.9,1.005,1,1,建筑工程,Công trình lắp đặt chung - Tập 4 Lắp đặt thiết bị điện,,lắp đặt
310027,điện năng,Material,General,pcs,329206.22,329206.22,329206.22,329206.22,1,VND,330852.25,1.005,1,1,建筑工程,Công trình lắp đặt chung - Tập 4 Lắp đặt thiết bị điện,,lắp đặt
310026,chiều cao P-20,Material,General,pcs,113164.64,113164.64,113164.64,113164.64,1,VND,113730.46,1.005,1,1,建筑工程,Công trình lắp đặt chung - Tập 4 Lắp đặt thiết bị điện,,lắp đặt
310025,chiều cao P-15,Material,General,pcs,59668.63,59668.63,59668.63,59668.63,1,VND,59966.97,1.005,1,1,建筑工程,Công trình lắp đặt chung - Tập 4 Lắp đặt thiết bị điện,,lắp đặt
300032,thép góc mạ kẽm 75×75×6×850,Material,Steel & Metal,pcs,73248.38,73248.38,73248.38,73248.38,1,VND,146936.26,2.006,1,1,建筑工程,Công trình lắp đặt chung - Tập 4 Lắp đặt thiết bị điện,,lắp đặt
010367,tấm thép mạ kẽm,Material,Steel & Metal,kg,19916.98,19916.98,19916.98,19916.98,1,VND,9755.41,0.4898,1,1,建筑工程,Công trình lắp đặt chung - Tập 4 Lắp đặt thiết bị điện,,lắp đặt đổ bê tông sàn nền
280359,định hình nhôm DTL/JY-2,Material,General,pcs,133945.78,133945.78,133945.78,133945.78,1,VND,543819.86,4.06,1,1,建筑工程,Công trình lắp đặt chung - Tập 4 Lắp đặt thiết bị điện,,
350023,định hình BX-16,Material,General,m,28188.28,28188.28,28188.28,28188.28,1,VND,57222.21,2.03,1,1,建筑工程,Công trình lắp đặt chung - Tập 4 Lắp đặt thiết bị điện,,
300008,thép tấm mạ kẽm 65×6×800,Material,Steel & Metal,pair,30863.08,30863.08,30863.08,30863.08,1,VND,62034.8,2.01,1,1,建筑工程,Công trình lắp đặt chung - Tập 4 Lắp đặt thiết bị điện,,
280175,với,Material,General,đơn vị,10863.81,10863.81,10863.81,10863.81,1,VND,2390.04,0.22,1,1,建筑工程,Công trình lắp đặt chung - Tập 4 Lắp đặt thiết bị điện,,
091420,ốc vít mở rộng mạ kẽm 14,Material,Fasteners,set,8477.06,8477.06,8477.06,8477.06,1,VND,12122.2,1.43,1,1,建筑工程,Công trình lắp đặt chung - Tập 4 Lắp đặt thiết bị điện,,
310045,keo dán với 25×10,Material,General,đơn vị,2962.86,2962.86,2962.86,2962.86,1,VND,986.59,0.333,1,1,建筑工程,Công trình lắp đặt chung - Tập 4 Lắp đặt thiết bị điện,đúc mẫu,
280119,4,Material,General,pcs,5987.44,5987.44,5987.44,5987.44,1,VND,12154.5,2.03,1,1,建筑工程,Công trình lắp đặt chung - Tập 4 Lắp đặt thiết bị điện,đúc mẫu,
350027,đúc mẫu BVR-4,Material,General,m,5925.71,5925.71,5925.71,5925.71,1,VND,10858.25,1.8324,1,1,建筑工程,Công trình lắp đặt chung - Tập 4 Lắp đặt thiết bị điện,đúc mẫu,
280126,70,Material,General,pcs,43825.58,43825.58,43825.58,43825.58,1,VND,22241.38,0.5075,1,1,建筑工程,Công trình lắp đặt chung - Tập 4 Lắp đặt thiết bị điện,đúc mẫu,
280125,50,Material,General,pcs,33949.39,33949.39,33949.39,33949.39,1,VND,17229.21,0.5075,1,1,建筑工程,Công trình lắp đặt chung - Tập 4 Lắp đặt thiết bị điện,đúc mẫu,
280124,35,Material,General,pcs,21398.4,21398.4,21398.4,21398.4,1,VND,10859.69,0.5075,1,1,建筑工程,Công trình lắp đặt chung - Tập 4 Lắp đặt thiết bị điện,đúc mẫu,
280123,25,Material,General,pcs,15945.93,15945.93,15945.93,15945.93,1,VND,8092.51,0.5075,1,1,建筑工程,Công trình lắp đặt chung - Tập 4 Lắp đặt thiết bị điện,đúc mẫu,
090353,đá lát nền hợp kim nhôm,Material,General,m2,997700.59,997700.59,997700.59,997700.59,1,VND,1017654.6,1.02,1,1,建筑工程,công trình hoàn thiện sàn,lớp hoàn thiện,đá lát nền đất điện
280168,đất kim loại 76,Material,Steel & Metal,pcs,23455.94,23455.94,23455.94,23455.94,1,VND,24159.62,1.03,1,1,建筑工程,Công trình lắp đặt chung - Tập 4 Lắp đặt thiết bị điện,,
080304,vách ngăn,Material,General,m2,411507.77,411507.77,411507.77,411507.77,1,VND,432083.16,1.05,1,1,建筑工程,"hoàn thiện tường và cột, vách ngăn và tường rèm",vách ngăn,vách ngăn
310037,định hình J2,Material,General,pcs,22427.17,22427.17,22427.17,22427.17,1,VND,22875.72,1.02,1,1,建筑工程,Công trình lắp đặt chung - Tập 4 Lắp đặt thiết bị điện,"đúc mẫu và gia công, lắp đặt",
310038,đúc moulding J4.5,Material,General,pcs,32097.61,32097.61,32097.61,32097.61,1,VND,32739.56,1.02,1,1,建筑工程,Công trình lắp đặt chung - Tập 4 Lắp đặt thiết bị điện,"đúc mẫu và gia công, lắp đặt",
300071,đũa tròn,Material,General,pcs,103494.2,103494.2,103494.2,103494.2,1,VND,103494.2,1.0,1,1,建筑工程,Công trình lắp đặt chung - Tập 4 Lắp đặt thiết bị điện,,gia công
170065,65,Material,General,m,23044.44,23044.44,23044.44,23044.44,1,VND,32262.21,1.4,1,1,建筑工程,Công trình lắp đặt chung - Tập 4 Lắp đặt thiết bị điện,,
050023,dải kính hoàn thiện gương,Material,Glass,m,15863.62,15863.62,15863.62,15863.62,1,VND,16339.53,1.03,1,1,建筑工程,các công trình trang trí khác,phần trang trí phù điêu,kính phản chiếu mạ
090583,đinh,Material,Fasteners,pcs,329.21,329.21,329.21,329.21,1,VND,4289.56,13.03,1,1,建筑工程,công trình trần,trần trang trí,bề mặt mái che
080290,hợp kim nhôm,Material,General,m2,123452.33,123452.33,123452.33,123452.33,1,VND,129624.95,1.05,1,1,建筑工程,công trình trần,trần trang trí,bề mặt mái che
080289,giá đỡ hợp kim nhôm 60×30×1.5,Material,General,m,45265.85,45265.85,45265.85,45265.85,1,VND,64535.53,1.4257,1,1,建筑工程,công trình trần,trần trang trí,bề mặt mái che
300046,đúc moulding 2000,Material,General,pcs,19382.02,19382.02,19382.02,19382.02,1,VND,19382.02,1.0,1,1,建筑工程,Công trình lắp đặt chung - T.11 Thiết bị truyền thông và đường dây,,
010034,tấm thép thường 31,Material,Steel & Metal,kg,8950.29,8950.29,8950.29,8950.29,1,VND,276787.74,30.925,1,1,建筑工程,xử lý nền và gia cố mái dốc,hố móng,()
370218,cố định cửa sổ,Material,Glass,m2,1234523.31,1234523.31,1234523.31,1234523.31,1,VND,1234523.31,1.0,1,1,建筑工程,công trình cửa và cửa sổ,cửa sổ kim loại,
060099,bề mặt đá cẩm thạch,Material,General,m2,1028769.42,1028769.42,1028769.42,1028769.42,1,VND,1080207.9,1.05,1,1,建筑工程,các công trình trang trí khác,,
120138,sàn,Material,General,m2,246904.66,246904.66,246904.66,246904.66,1,VND,148142.8,0.6,1,1,建筑工程,các công trình trang trí khác,,sàn
110515,phun,Material,General,m2,92589.25,92589.25,92589.25,92589.25,1,VND,97218.71,1.05,1,1,建筑工程,các công trình trang trí khác,,lớp hoàn thiện
350307,khuôn dán keo 2×16/0.15,Material,General,m,9258.92,9258.92,9258.92,9258.92,1,VND,92589.25,10.0,1,1,建筑工程,Công trình lắp đặt chung - Tập 4 Lắp đặt thiết bị điện,lắp đặt điện,
120079,0.5 1.0,Material,General,kg,119131.5,119131.5,119131.5,119131.5,1,VND,1191.31,0.01,1,1,建筑工程,Công trình lắp đặt chung - Tập 4 Lắp đặt thiết bị điện,lắp đặt điện (),
090126,đinh tán galvanised với bu lông 10×(65 80),Material,Fasteners,set,1604.88,1604.88,1604.88,1604.88,1,VND,6547.91,4.08,1,1,建筑工程,Công trình lắp đặt chung - Tập 4 Lắp đặt thiết bị điện,lắp đặt (),lắp đặt
100367,keo dán 3mm,Material,General,kg,16871.82,16871.82,16871.82,16871.82,1,VND,19706.28,1.168,1,1,建筑工程,Công trình lắp đặt chung - Tập 4 Lắp đặt thiết bị điện,,
120032,6,Material,General,m,288.06,288.06,288.06,288.06,1,VND,144.03,0.5,1,1,建筑工程,Công trình lắp đặt chung - Tập 4 Lắp đặt thiết bị điện,,
800019,dài 16m,Equipment,General,machine-shift,1107367.41,1107367.41,1107367.41,1107367.41,1,VND,184598.06,0.1667,1,1,建筑工程,Công trình lắp đặt chung - Tập 4 Lắp đặt thiết bị điện,lắp đặt điện,
010036,tấm thép mạ kẽm 0.7 0.9,Material,Steel & Metal,kg,11234.16,11234.16,11234.16,11234.16,1,VND,184689.63,16.44,1,1,建筑工程,Công trình lắp đặt chung - Tập 7 Thông gió và điều hòa không khí,,
310094,cột trang trí 16,Material,General,pcs,18517.85,18517.85,18517.85,18517.85,1,VND,27776.77,1.5,1,1,建筑工程,"Công trình lắp đặt chung - T.12 Sơn, chống ăn mòn, cách nhiệt",,lắp đặt chế tạo điện
310093,cột trang trí 8,Material,General,pcs,9258.92,9258.92,9258.92,9258.92,1,VND,3240.62,0.35,1,1,建筑工程,"Công trình lắp đặt chung - T.12 Sơn, chống ăn mòn, cách nhiệt",,lắp đặt chế tạo điện
010163,không có ống thép 89×4,Material,Steel & Metal,m,103082.7,103082.7,103082.7,103082.7,1,VND,10308.27,0.1,1,1,建筑工程,"Công trình lắp đặt chung - T.12 Sơn, chống ăn mòn, cách nhiệt",,lắp đặt chế tạo điện
100368,D8 dải,Material,General,m,205753.88,205753.88,205753.88,205753.88,1,VND,211926.5,1.03,1,1,建筑工程,công trình cửa và cửa sổ,cửa sổ cửa đi,
050036,mài kính,Material,Glass,m2,102876.94,102876.94,102876.94,102876.94,1,VND,33126.38,0.322,1,1,建筑工程,các công trình trang trí khác,,
090433,cửa,Material,General,m,49380.93,49380.93,49380.93,49380.93,1,VND,49380.93,1.0,1,1,建筑工程,các công trình trang trí khác,,tường
100284,keo silicon hai mặt với lớp phủ,Material,Rubber,m,617.26,617.26,617.26,617.26,1,VND,5305.98,8.596,1,1,建筑工程,các công trình trang trí khác,,
090951,thép không gỉ,Material,Steel & Metal,pcs,3703.57,3703.57,3703.57,3703.57,1,VND,81922.97,22.12,1,1,建筑工程,các công trình trang trí khác,,
070129,phần trang trí phẳng 20×5,Material,General,m,6172.62,6172.62,6172.62,6172.62,1,VND,99638.38,16.142,1,1,建筑工程,các công trình trang trí khác,,
070128,phào trang trí 50mm,Material,General,m,5143.85,5143.85,5143.85,5143.85,1,VND,7870.09,1.53,1,1,建筑工程,các công trình trang trí khác,,
050037,kính phản quang mờ (sản phẩm hoàn thiện) 5mm,Material,Glass,m2,104934.48,104934.48,104934.48,104934.48,1,VND,317531.74,3.026,1,1,建筑工程,các công trình trang trí khác,,
070127,nẹp gỗ 10×10,Material,Wood & Timber,m,6172.62,6172.62,6172.62,6172.62,1,VND,30350.76,4.917,1,1,建筑工程,các công trình trang trí khác,,
070124,gỗ xây dựng,Material,Wood & Timber,m2,41150.78,41150.78,41150.78,41150.78,1,VND,14155.87,0.344,1,1,建筑工程,các công trình trang trí khác,,
030125,ván ép 15mm,Material,Wood & Timber,m2,72013.86,72013.86,72013.86,72013.86,1,VND,241966.57,3.36,1,1,建筑工程,các công trình trang trí khác,,
050010,kính 3mm,Material,Glass,m2,30863.08,30863.08,30863.08,30863.08,1,VND,42776.23,1.386,1,1,建筑工程,các công trình trang trí khác,,khung
080746,thép góc 50×80×5,Material,Steel & Metal,kg,9464.68,9464.68,9464.68,9464.68,1,VND,29241.12,3.0895,1,1,建筑工程,"hoàn thiện tường và cột, vách ngăn và tường rèm",tường mặt,bề mặt tường ốp lát trang trí
080745,thép góc 50×50×4,Material,Steel & Metal,kg,9464.68,9464.68,9464.68,9464.68,1,VND,10399.83,1.0988,1,1,建筑工程,"hoàn thiện tường và cột, vách ngăn và tường rèm",tường mặt,bề mặt tường ốp lát trang trí
080744,đà ngang 60×80×4,Material,General,kg,9464.68,9464.68,9464.68,9464.68,1,VND,110982.82,11.726,1,1,建筑工程,"hoàn thiện tường và cột, vách ngăn và tường rèm",tường mặt,bề mặt tường ốp lát trang trí
060091,tấm hợp kim nhôm granite,Material,General,m2,781864.76,781864.76,781864.76,781864.76,1,VND,836595.3,1.07,1,1,建筑工程,"hoàn thiện tường và cột, vách ngăn và tường rèm",tường mặt,bề mặt tường ốp lát trang trí
091021,galvanized with bolt 14×(65 80),Material,Fasteners,set,3436.09,3436.09,3436.09,3436.09,1,VND,14019.25,4.08,1,1,建筑工程,Công trình lắp đặt chung - Tập 7 Thông gió và điều hòa không khí,và lắp đặt,lắp đặt
091020,galvanized with bolt 12×(85 100),Material,Fasteners,set,2859.98,2859.98,2859.98,2859.98,1,VND,11897.51,4.16,1,1,建筑工程,Công trình lắp đặt chung - Tập 7 Thông gió và điều hòa không khí,và lắp đặt,lắp đặt
091479,galvanized with bolt 10×(110 120),Material,Fasteners,set,2242.72,2242.72,2242.72,2242.72,1,VND,46648.52,20.8,1,1,建筑工程,Công trình lắp đặt chung - Tập 7 Thông gió và điều hòa không khí,và lắp đặt,lắp đặt
090097,ốc vít mạ kẽm 10×30,Material,Fasteners,pcs,432.08,432.08,432.08,432.08,1,VND,1780.18,4.12,1,1,建筑工程,Công trình lắp đặt chung - Tập 9 Phòng cháy chữa cháy,,
180034,kẽm mạ 32,Material,General,pcs,10699.2,10699.2,10699.2,10699.2,1,VND,10806.19,1.01,1,1,建筑工程,Công trình lắp đặt chung - Tập 9 Phòng cháy chữa cháy,,
190209,(1.6MPa)DN32,Material,General,pcs,162134.06,162134.06,162134.06,162134.06,1,VND,327510.8,2.02,1,1,建筑工程,Công trình lắp đặt chung - Tập 9 Phòng cháy chữa cháy,,
240006,cắt nước DN32,Material,Water,pcs,9258.92,9258.92,9258.92,9258.92,1,VND,9351.51,1.01,1,1,建筑工程,Công trình lắp đặt chung - Tập 9 Phòng cháy chữa cháy,,
190208,(1.6MPa)DN25,Material,General,pcs,93618.02,93618.02,93618.02,93618.02,1,VND,189108.4,2.02,1,1,建筑工程,Công trình lắp đặt chung - Tập 9 Phòng cháy chữa cháy,,
240005,nối ống nước DN25,Material,Water,pcs,6584.12,6584.12,6584.12,6584.12,1,VND,6649.97,1.01,1,1,建筑工程,Công trình lắp đặt chung - Tập 9 Phòng cháy chữa cháy,,
010284,thép ống 6.3,Material,Steel & Metal,kg,8518.21,8518.21,8518.21,8518.21,1,VND,5877.57,0.69,1,1,建筑工程,Công trình lắp đặt chung - Tập 7 Thông gió và điều hòa không khí,,lắp đặt
090169,bulong đất 16×180,Material,Fasteners,set,4938.09,4938.09,4938.09,4938.09,1,VND,20147.42,4.08,1,1,建筑工程,Công trình lắp đặt chung - Tập 7 Thông gió và điều hòa không khí,lắp đặt,lắp đặt () hỗn hợp
091018,bulong đất 14×(150 300),Material,Fasteners,set,7201.39,7201.39,7201.39,7201.39,1,VND,29381.65,4.08,1,1,建筑工程,Công trình lắp đặt chung - Tập 7 Thông gió và điều hòa không khí,lắp đặt,lắp đặt () hỗn hợp
