resource_code,name,type,category,unit,price_avg,price_min,price_max,price_median,price_variants,currency,avg_cost_per_use,avg_qty_per_use,usage_count,used_in_work_items,parent_category,parent_collection,parent_department,parent_section
870005,?? ???,Labor,Labor,work-day,18908.49,18908.49,18908.49,18908.49,1,KRW,107904.94,5.7067,7704,7704,建筑工程,?? ?? ?? - ?4? ???? ??,건식 설치,() 설치
840023,?? ?? ??,Equipment,General,CNY,0.0,0.0,0.0,0.0,0,KRW,2867.01,13.1468,5840,5840,建筑工程,토공 및 암석 작업,암석 작업,일반 토공 굴착
840004,?? ?? ??,Material,General,CNY,0.0,0.0,0.0,0.0,0,KRW,1676.96,6.9714,5546,5546,建筑工程,토공 및 암석 작업,백필,기초 되메우기
870003,?? ???,Labor,Labor,work-day,21118.89,21118.89,21118.89,21118.89,1,KRW,5414.64,0.2564,1585,1585,建筑工程,? ? ?? ??,금속문,천장
870002,?? ???,Labor,Labor,work-day,19989.66,19989.66,19989.66,19989.66,1,KRW,30351.84,1.5184,814,814,建筑工程,?? ?? ? ?? ??,기초 굴착,()
100321,??,Material,General,kg,2157.54,2157.54,2157.54,2157.54,1,KRW,12957.08,6.0055,718,718,建筑工程,토공 및 암석 작업,암석 작업,일반 토공 굴착
090290,???(??),Material,Welding Consumables,kg,1869.23,1869.23,1869.23,1869.23,1,KRW,3322.5,1.7775,690,690,建筑工程,?? ?? ? ?? ??,기초 굴착,단면 강재 말뚝
870004,?? ???,Labor,Labor,work-day,24987.08,24987.08,24987.08,24987.08,1,KRW,21684.12,0.8678,589,589,建筑工程,?? ?? ??,바닥 타일,바닥
110057,???,Material,General,kg,4564.95,4564.95,4564.95,4564.95,1,KRW,11.9,0.0026,542,542,建筑工程,"??, ?? ? ?? ??","?? ??? ? ?? ??, ?? ? ? ?? ??","금속문, 창문 도장"
800138,???? ?? 200L,Equipment,General,machine-shift,2642.86,2642.86,2642.86,2642.86,1,KRW,22.7,0.0086,530,530,建筑工程,?? ?? ? ?? ??,기초 굴착,못
870006,?? ???,Labor,Labor,work-day,23209.15,23209.15,23209.15,23209.15,1,KRW,659582.09,28.4191,414,414,建筑工程,?? ?? ?? - ?4? ???? ??,고전압 전기,전기
850108,전기,Equipment,General,machine-shift,4365.53,4365.53,4365.53,4365.53,1,KRW,28143.24,6.4467,399,399,建筑工程,?? ?? ?? - ?5? ?? ??? ???,설치,설치
030001,제재목,Material,Wood & Timber,m3,456494.71,456494.71,456494.71,456494.71,1,KRW,6220.55,0.0136,392,392,建筑工程,?? ?? ? ?? ??,프리캐스트 콘크리트 기둥,프로파일 및 기타 지붕 자재
800011,???(??),Equipment,Welding Equip.,machine-shift,4468.84,4468.84,4468.84,4468.84,1,KRW,792.27,0.1773,389,389,建筑工程,?? ??,기초 말뚝,프로파일 및 기타 지붕 자재
110120,아세틸렌 가스,Material,Chemicals,m3,6727.29,6727.29,6727.29,6727.29,1,KRW,2882.67,0.4285,324,324,建筑工程,?? ?? ? ?? ??,기초 굴착,()
110499,아크릴 페인트 신너,Material,Paint & Coatings,kg,3507.8,3507.8,3507.8,3507.8,1,KRW,131.16,0.0374,321,321,建筑工程,"??, ?? ? ?? ??","?? ??? ? ?? ??, ?? ? ? ?? ??","금속문, 창문 도장"
110121,산소,Material,Chemicals,m3,864.94,864.94,864.94,864.94,1,KRW,690.34,0.7981,315,315,建筑工程,?? ?? ? ?? ??,기초 굴착,()
840021,자재비,Material,General,CNY,0.0,0.0,0.0,0.0,0,KRW,6411.59,26.686,269,269,建筑工程,?? ?? ?? - ?6? ???? ??,및,단일
800045,회전 해머 520W,Equipment,General,machine-shift,951.43,951.43,951.43,951.43,1,KRW,101.23,0.1064,222,222,建筑工程,? ? ?? ??,금속문,장식용 벽 미장
850002,34401A,Equipment,General,machine-shift,4204.56,4204.56,4204.56,4204.56,1,KRW,8503.75,2.0225,219,219,建筑工程,?? ?? ?? - ?4? ???? ??,고전압 전기,고전압 전기
870001,?? ???,Labor,Labor,work-day,17851.35,17851.35,17851.35,17851.35,1,KRW,16600.32,0.9299,206,206,建筑工程,토공 및 암석 작업,암석 작업,일반 토공 굴착
800102,트럭 크레인 16t,Equipment,Cranes,machine-shift,219886.29,219886.29,219886.29,219886.29,1,KRW,10555.72,0.048,198,198,建筑工程,?? ?? ? ?? ??,기초 굴착,단면 강재 말뚝
850125,F-87,Equipment,General,machine-shift,1633.77,1633.77,1633.77,1633.77,1,KRW,13784.47,8.4372,185,185,建筑工程,?? ?? ?? - ?4? ???? ??,전기,전기
800073,석재 절단기,Equipment,General,machine-shift,5574.04,5574.04,5574.04,5574.04,1,KRW,75.04,0.0135,179,179,建筑工程,?? ? ?? ??,방청 마감층,프로파일 및 기타 지붕 자재
280120,6,Material,General,pcs,814.48,814.48,814.48,814.48,1,KRW,1653.4,2.03,173,173,建筑工程,?? ?? ?? - ?4? ???? ??,전기 설비,메쉬 설치
010023,아연 도금 평강판,Material,Steel & Metal,kg,1254.16,1254.16,1254.16,1254.16,1,KRW,3297.56,2.6293,165,165,建筑工程,?? ?? ?? - ?4? ???? ??,건식 설치,() 설치
800186,핸드 드릴 0.5kW,Equipment,General,machine-shift,276.3,276.3,276.3,276.3,1,KRW,18.43,0.0667,158,158,建筑工程,? ? ?? ??,금속문,석재 슬래브 보 표면
100040,페인트 화이트 스피릿,Material,Paint & Coatings,kg,4324.69,4324.69,4324.69,4324.69,1,KRW,121.86,0.0282,158,158,建筑工程,?? ?? ??,"?? ??? ? ?? ??, ?? ? ? ?? ??","금속문, 창문 도장"
800033,AC 용접기 32kVA,Equipment,Welding Equip.,machine-shift,3603.91,3603.91,3603.91,3603.91,1,KRW,2071.03,0.5747,157,157,建筑工程,?? ?? ? ?? ??,기초 굴착,단면 강재 말뚝
800148,전기 드릴 1kW,Equipment,General,machine-shift,1105.2,1105.2,1105.2,1105.2,1,KRW,239.31,0.2165,152,152,建筑工程,? ? ?? ??,"문, 문",??(?) ?? ??
110060,실리콘 실란트 (실란트),Material,Rubber,pcs,1633.77,1633.77,1633.77,1633.77,1,KRW,1009.97,0.6182,149,149,建筑工程,? ? ?? ??,걸레받이,석재 기둥 표면
800278,화물 트럭 15t,Equipment,Trucks,machine-shift,94398.3,94398.3,94398.3,94398.3,1,KRW,3776.32,0.04,145,145,建筑工程,?? ? ?? ??,???? ???? ??? ? ???,비계
150007,전기,Material,General,kWh,305.13,305.13,305.13,305.13,1,KRW,2491.52,8.1654,143,143,建筑工程,?? ?? ? ?? ??,기초 굴착,지반 벽
840027,상각된 자재비,Material,General,CNY,0.0,0.0,0.0,0.0,0,KRW,16564.44,68.9437,142,142,建筑工程,?? ? ?? ??,???? ???? ??? ? ???,비계
840028,임대 자재 비용,Material,General,CNY,0.0,0.0,0.0,0.0,0,KRW,4623.32,19.2429,142,142,建筑工程,?? ? ?? ??,???? ???? ??? ? ???,비계
350011,몰딩 BV-6,Material,General,m,949.03,949.03,949.03,949.03,1,KRW,1955.06,2.0601,140,140,建筑工程,?? ?? ?? - ?5? ?? ??? ???,설치,메쉬 설치
800007,화물 트럭 5t,Equipment,Trucks,machine-shift,46490.38,46490.38,46490.38,46490.38,1,KRW,3673.74,0.079,140,140,建筑工程,?? ?? ?? - ?4? ???? ??,고전압 전기설비,설치
090263,철물,Material,Steel & Metal,kg,1081.17,1081.17,1081.17,1081.17,1,KRW,26897.87,24.8784,137,137,建筑工程,?? ??,블록 조적,지붕 배수
280122,16,Material,General,pcs,1628.97,1628.97,1628.97,1628.97,1,KRW,4198.69,2.5775,135,135,建筑工程,?? ?? ?? - ?4? ???? ??,전기 설비,전기 매입 설치
090045,아연도금 8,Material,General,pcs,2.4,2.4,2.4,2.4,1,KRW,11.68,4.8598,130,130,建筑工程,?? ?? ?? - ?4? ???? ??,전기 설비,설치
800014,전기 윈치 단일 5t,Equipment,Hoists,machine-shift,27101.37,27101.37,27101.37,27101.37,1,KRW,10859.14,0.4007,129,129,建筑工程,?? ?? ?? - ?7? ?? ? ??,설치 및 시공,설치
850009,전기 3141,Equipment,General,machine-shift,1506.43,1506.43,1506.43,1506.43,1,KRW,707.08,0.4694,128,128,建筑工程,?? ?? ?? - ?4? ???? ??,전기,전기
090029,아연도금 8,Material,General,pcs,26.43,26.43,26.43,26.43,1,KRW,252.15,9.541,127,127,建筑工程,?? ??,?? ?? ? ?? ??,?? ???
090030,아연도금 10,Material,General,pcs,26.43,26.43,26.43,26.43,1,KRW,277.38,10.4954,121,121,建筑工程,?? ?? ?? - ?4? ???? ??,높이 설치,() 설치
110152,접착제,Material,General,kg,3243.52,3243.52,3243.52,3243.52,1,KRW,938.71,0.2894,120,120,建筑工程,? ? ?? ??,창문 슬래브,지붕 ()
110321,수 water,Material,Water,kg,1544.87,1544.87,1544.87,1544.87,1,KRW,84.17,0.0545,117,117,建筑工程,?? ?? ?? - ?5? ?? ??? ???,설치,설치
010138,심 플레이트,Material,General,kg,1100.39,1100.39,1100.39,1100.39,1,KRW,2388.12,2.1702,116,116,建筑工程,?? ??,프리캐스트 콘크리트 기둥,프로파일 및 기타 지붕 자재
020003,백색 시멘트,Material,Concrete & Cement,kg,228.25,228.25,228.25,228.25,1,KRW,137.53,0.6026,116,116,建筑工程,"? ? ?? ??, ??? ? ???",?? ?? ???,석재 판넬 벽면
010016,내부 63 각강,Material,Steel & Metal,kg,881.76,881.76,881.76,881.76,1,KRW,5034.79,5.71,115,115,建筑工程,?? ? ?? ??,??(?) ?? ??,프로파일 및 기타 지붕 자재
150122,석재 절단기 날,Equipment,General,pcs,1922.08,1922.08,1922.08,1922.08,1,KRW,65.04,0.0338,113,113,建筑工程,"? ? ?? ??, ??? ? ???",?? ?? ???,석재 판넬 벽면
090174,심 플레이트,Material,General,kg,912.99,912.99,912.99,912.99,1,KRW,3262.95,3.5739,113,113,建筑工程,?? ?? ?? - ?4? ???? ??,건식 설치,() 설치
110570,유성 아크릴 목재 프라이머,Material,Wood & Timber,kg,3844.17,3844.17,3844.17,3844.17,1,KRW,420.6,0.1094,112,112,建筑工程,"??, ?? ? ?? ??","?? ??? ? ?? ??, ?? ? ? ?? ??",?? ??? ??
110769,니트로셀룰로오스 목재 프라이머 신너,Material,Wood & Timber,kg,8409.11,8409.11,8409.11,8409.11,1,KRW,154.42,0.0184,112,112,建筑工程,"??, ?? ? ?? ??","?? ??? ? ?? ??, ?? ? ? ?? ??",?? ??? ??
350237,기초 몰딩,Material,General,m,3603.91,3603.91,3603.91,3603.91,1,KRW,2374.87,0.659,111,111,建筑工程,?? ?? ?? - ?4? ???? ??,전기 설비,전기 매입 설치
110172,휘발유,Material,General,kg,2268.06,2268.06,2268.06,2268.06,1,KRW,38280.1,16.8779,109,109,建筑工程,?? ?? ? ?? ??,?? ?? ? ?? ??,지붕 방수막
400034,DS 모르타르,Material,Concrete & Cement,m3,110279.51,110279.51,110279.51,110279.51,1,KRW,2959.54,0.0268,107,107,建筑工程,?? ??,차단층,프로파일 및 기타 지붕 자재
110593,폴리우레탄 프라이머 신너,Material,Paint & Coatings,kg,3507.8,3507.8,3507.8,3507.8,1,KRW,79.06,0.0225,106,106,建筑工程,"??, ?? ? ?? ??","?? ??? ? ?? ??, ?? ? ? ?? ??","금속문, 창문 도장"
110132,라텍스,Material,General,kg,1561.69,1561.69,1561.69,1561.69,1,KRW,1451.06,0.9292,106,106,建筑工程,목조 구조 작업,구조용 목재,?? ???
020001,시멘트 (복합),Material,Concrete & Cement,kg,96.1,96.1,96.1,96.1,1,KRW,3072.52,31.9707,101,101,建筑工程,?? ??,기초 말뚝,방청 모르타르 마감층
090503,아연 도금 못 M6,Equipment,General,set,108.12,108.12,108.12,108.12,1,KRW,428.86,3.9667,100,100,建筑工程,?? ?? ?? - ?5? ?? ??? ???,설치,전기 설비
830075,복합 합판 거푸집,Material,Wood & Timber,m2,7207.81,7207.81,7207.81,7207.81,1,KRW,664.6,0.0922,99,99,建筑工程,?? ? ?? ??,???? ???? ??? ? ???,기초
110360,석탄 역청 프라이머,Material,Paint & Coatings,kg,3868.19,3868.19,3868.19,3868.19,1,KRW,481.77,0.1245,99,99,建筑工程,"?? ?? ?? - ?12? ??, ??, ??",??,일반 방청 도장
040025,모래,Material,Aggregates,kg,16.82,16.82,16.82,16.82,1,KRW,1274.81,75.7993,99,99,建筑工程,?? ?? ? ?? ??,석조 벽돌공사,프로파일 및 기타 지붕 자재
110361,석탄 역청 상도,Material,Waterproofing,kg,3868.19,3868.19,3868.19,3868.19,1,KRW,3914.18,1.0119,99,99,建筑工程,"?? ?? ?? - ?12? ??, ??, ??",??,일반 방청 도장
090278,합금강 드릴 비트,Material,Steel & Metal,pcs,7207.81,7207.81,7207.81,7207.81,1,KRW,1377.19,0.1911,98,98,建筑工程,"? ? ?? ??, ??? ? ???",?? ?? ???,석재 판넬 벽면
850194,복합 2422,Equipment,General,machine-shift,7327.94,7327.94,7327.94,7327.94,1,KRW,33732.55,4.6033,98,98,建筑工程,?? ?? ?? - ?6? ???? ??,및,(DCS)
090495,아연도금 10,Material,General,pcs,7.21,7.21,7.21,7.21,1,KRW,37.0,5.1336,97,97,建筑工程,?? ?? ?? - ?4? ???? ??,높이 설치,() 설치
840006,수 water,Material,Water,t,1492.02,1492.02,1492.02,1492.02,1,KRW,825.1,0.553,96,96,建筑工程,?? ?? ? ?? ??,기초 굴착,단면 강재 말뚝
850201,전기 SB861,Equipment,General,machine-shift,10590.68,10590.68,10590.68,10590.68,1,KRW,5977.45,0.5644,96,96,建筑工程,?? ?? ?? - ?6? ???? ??,및,단일
400043,접착제 DTA 모르타르,Material,Concrete & Cement,m3,528572.82,528572.82,528572.82,528572.82,1,KRW,3512.3,0.0066,96,96,建筑工程,? ? ?? ??,"문, 창문",프로파일 및 기타 지붕 자재
800185,전기 절단기,Equipment,General,machine-shift,6679.62,6679.24,6691.25,6679.24,2,KRW,315.6,0.0472,95,95,建筑工程,"? ? ?? ??, ??? ? ???",?? ?? ??,?? ???
090233,아연 도금 철선 8 12,Material,Steel & Metal,kg,1501.63,1501.63,1501.63,1501.63,1,KRW,2479.92,1.6515,95,95,建筑工程,???? ? ?????? ??,현장 타설 콘크리트 슬래브,목재 바닥 슬래브
110546,희석제,Material,General,kg,8168.85,8168.85,8168.85,8168.85,1,KRW,842.01,0.1031,93,93,建筑工程,"?? ?? ?? - ?12? ??, ??, ??",??,페인트
850180,DF-1,Equipment,General,machine-shift,3034.49,3034.49,3034.49,3034.49,1,KRW,16152.34,5.3229,93,93,建筑工程,?? ?? ?? - ?6? ???? ??,메쉬 및,메쉬
110586,알키드 에나멜 신너,Material,Paint & Coatings,kg,2570.79,2570.79,2570.79,2570.79,1,KRW,41.06,0.016,90,90,建筑工程,"??, ?? ? ?? ??","?? ??? ? ?? ??, ?? ? ? ?? ??",?? ??? ??
110585,알키드 에나멜,Material,Paint & Coatings,kg,3892.22,3892.22,3892.22,3892.22,1,KRW,600.17,0.1542,90,90,建筑工程,"??, ?? ? ?? ??","?? ??? ? ?? ??, ?? ? ? ?? ??",?? ??? ??
110174,200 휘발유,Material,General,kg,1504.03,1504.03,1504.03,1504.03,1,KRW,81.36,0.0541,90,90,建筑工程,?? ?? ?? - ?4? ???? ??,직사각형 브러싱,수중 슬래브
110547,폴리 페인트 신너,Material,Paint & Coatings,kg,3243.52,3243.52,3243.52,3243.52,1,KRW,151.47,0.0467,90,90,建筑工程,"?? ?? ?? - ?12? ??, ??, ??",,폴리 페인트
110589,폴리우레탄 상도 희석제,Material,General,kg,3507.8,3507.8,3507.8,3507.8,1,KRW,81.91,0.0234,88,88,建筑工程,"??, ?? ? ?? ??","?? ??? ? ?? ??, ?? ? ? ?? ??","금속문, 창문 도장"
110583,알키드 에나멜,Material,Paint & Coatings,kg,4204.56,4204.56,4204.56,4204.56,1,KRW,532.14,0.1266,86,86,建筑工程,"??, ?? ? ?? ??","?? ??? ? ?? ??, ?? ? ? ?? ??",?? ??? ??
110568,알키드 프라이머,Material,Paint & Coatings,kg,3123.38,3123.38,3123.38,3123.38,1,KRW,284.98,0.0912,86,86,建筑工程,"??, ?? ? ?? ??","?? ??? ? ?? ??, ?? ? ? ?? ??",?? ??? ??
850205,전기 PZ38,Equipment,General,machine-shift,1136.43,1136.43,1136.43,1136.43,1,KRW,6387.43,5.6206,86,86,建筑工程,?? ?? ?? - ?6? ???? ??,메쉬 및,메쉬
110584,알키드 에나멜 신너,Material,Paint & Coatings,kg,2570.79,2570.79,2570.79,2570.79,1,KRW,37.31,0.0145,86,86,建筑工程,"??, ?? ? ?? ??","?? ??? ? ?? ??, ?? ? ? ?? ??",?? ??? ??
110564,유성 투명 밀폐제 프라이머,Material,Paint & Coatings,kg,4877.29,4877.29,4877.29,4877.29,1,KRW,296.38,0.0608,86,86,建筑工程,"??, ?? ? ?? ??","?? ??? ? ?? ??, ?? ? ? ?? ??",?? ??? ??
010001,내부 10 철근,Material,Steel & Metal,kg,905.78,905.78,905.78,905.78,1,KRW,56409.53,62.2772,85,85,建筑工程,?? ?? ? ?? ??,기초 굴착,못
850258,복합재 D-063,Equipment,General,machine-shift,2633.25,2633.25,2633.25,2633.25,1,KRW,2401.13,0.9118,85,85,建筑工程,?? ?? ?? - ?6? ???? ??,잠금,단일
010014,내경 10 원형봉,Material,General,kg,872.15,872.15,872.15,872.15,1,KRW,927.89,1.0639,84,84,建筑工程,?? ?? ??,형태 제작 설치,(기판)
110581,페놀 수지 조제 도료,Material,Paint & Coatings,kg,4204.56,4204.56,4204.56,4204.56,1,KRW,579.79,0.1379,84,84,建筑工程,"??, ?? ? ?? ??","?? ??? ? ?? ??, ?? ? ? ?? ??",?? ??? ??
110579,페놀 에나멜,Material,Paint & Coatings,kg,3483.78,3483.78,3483.78,3483.78,1,KRW,470.6,0.1351,84,84,建筑工程,"??, ?? ? ?? ??","?? ??? ? ?? ??, ?? ? ? ?? ??",?? ??? ??
110572,니트로셀룰로오스 목재 프라이머,Material,Wood & Timber,kg,4444.82,4444.82,4444.82,4444.82,1,KRW,296.12,0.0666,84,84,建筑工程,"??, ?? ? ?? ??","?? ??? ? ?? ??, ?? ? ? ?? ??",?? ??? ??
110580,페놀 에나멜 신너,Material,Paint & Coatings,kg,3724.04,3724.04,3724.04,3724.04,1,KRW,76.06,0.0204,84,84,建筑工程,"??, ?? ? ?? ??","?? ??? ? ?? ??, ?? ? ? ?? ??",?? ??? ??
110573,폴리우레탄 목공용 프라이머,Material,Wood & Timber,kg,5405.86,5405.86,5405.86,5405.86,1,KRW,425.98,0.0788,84,84,建筑工程,"??, ?? ? ?? ??","?? ??? ? ?? ??, ?? ? ? ?? ??",?? ??? ??
030007,합판 5mm,Material,Wood & Timber,m2,3651.96,3651.96,3651.96,3651.96,1,KRW,3817.41,1.0453,84,84,建筑工程,"? ? ?? ??, ??? ? ???",?? ?? ??,?? ???
110582,페놀 수지 혼합 페인트 신너,Material,Paint & Coatings,kg,3483.78,3483.78,3483.78,3483.78,1,KRW,101.03,0.029,84,84,建筑工程,"??, ?? ? ?? ??","?? ??? ? ?? ??, ?? ? ? ?? ??",?? ??? ??
090176,심 플레이트,Material,General,kg,912.99,912.99,912.99,912.99,1,KRW,17694.67,19.381,82,82,建筑工程,?? ?? ?? - ?7? ?? ? ??,설치,수도 설비
110569,알키드 프라이머 신너,Material,Paint & Coatings,kg,3483.78,3483.78,3483.78,3483.78,1,KRW,30.35,0.0087,82,82,建筑工程,"??, ?? ? ?? ??","?? ??? ? ?? ??, ?? ? ? ?? ??",?? ??? ??
090160,확장 볼트 10,Material,Fasteners,set,593.44,593.44,593.44,593.44,1,KRW,3367.73,5.6749,82,82,建筑工程,?? ??,?? ?? ? ?? ??,?? ???
090175,평판 셔미 플레이트,Material,General,kg,912.99,912.99,912.99,912.99,1,KRW,13748.31,15.0586,82,82,建筑工程,?? ?? ?? - ?7? ?? ? ??,설치,수도 설비
800024,공기 압축기 6m3/분,Equipment,Compressors,machine-shift,7808.46,7808.46,7808.46,7808.46,1,KRW,408.19,0.0523,81,81,建筑工程,????? ??,강철 골조,지붕 방수막
330026,몰딩,Material,General,포,36039.06,36039.06,36039.06,36039.06,1,KRW,798.59,0.0222,81,81,建筑工程,?? ?? ?? - ?5? ?? ??? ???,설치,() 몰딩
110565,수성 투명 실러 프라이머,Material,Paint & Coatings,kg,4444.82,4444.82,4444.82,4444.82,1,KRW,144.3,0.0325,78,78,建筑工程,"??, ?? ? ?? ??","?? ??? ? ?? ??, ?? ? ? ?? ??",?? ??? ??
090273,철물,Material,Steel & Metal,kg,985.07,985.07,985.07,985.07,1,KRW,20745.14,21.0596,77,77,建筑工程,???? ? ?????? ??,철근 공사,GRC 장식 몰딩
110561,목공 퍼티,Material,Wood & Timber,kg,1441.56,1441.56,1441.56,1441.56,1,KRW,402.89,0.2795,76,76,建筑工程,"??, ?? ? ?? ??","?? ??? ? ?? ??, ?? ? ? ?? ??",?? ??? ??
110576,유성 아크릴 상도,Material,General,kg,6727.29,6727.29,6727.29,6727.29,1,KRW,900.4,0.1338,76,76,建筑工程,"??, ?? ? ?? ??","?? ??? ? ?? ??, ?? ? ? ?? ??","금속문, 창문 도장"
110500,폴리우레탄 목공 상도,Material,Wood & Timber,kg,8889.63,8889.63,8889.63,8889.63,1,KRW,960.3,0.108,76,76,建筑工程,"??, ?? ? ?? ??","?? ??? ? ?? ??, ?? ? ? ?? ??",?? ??? ??
110567,페놀 프라이머 신너,Material,Paint & Coatings,kg,3243.52,3243.52,3243.52,3243.52,1,KRW,43.0,0.0133,76,76,建筑工程,"??, ?? ? ?? ??","?? ??? ? ?? ??, ?? ? ? ?? ??",?? ??? ??
110248,희석제,Material,General,kg,3147.41,3147.41,3147.41,3147.41,1,KRW,182.34,0.0579,75,75,建筑工程,"?? ?? ?? - ?12? ??, ??, ??",,H8701 방청 도장
110020,방청 페인트,Material,Paint & Coatings,kg,3916.24,3916.24,3916.24,3916.24,1,KRW,164.99,0.0421,74,74,建筑工程,"??, ?? ? ?? ??",?? ?? ??,"금속문, 창문 도장"
400031,미장 모르타르 DP-MR,Material,Concrete & Cement,m3,106195.08,106195.08,106195.08,106195.08,1,KRW,698.39,0.0066,73,73,建筑工程,?? ? ?? ??,"벽면 방수, 습기 방지",벽면 모르타르 방수(습기 방지)
800010,복합,Equipment,General,machine-shift,100260.65,100260.65,100260.65,100260.65,1,KRW,15720.32,0.1568,73,73,建筑工程,?? ?? ?? - ?7? ?? ? ??,설치 및 시공,설치
110566,페놀 프라이머,Material,Paint & Coatings,kg,2714.94,2714.94,2714.94,2714.94,1,KRW,183.67,0.0676,72,72,建筑工程,"??, ?? ? ?? ??","?? ??? ? ?? ??, ?? ? ? ?? ??",?? ??? ??
830076,강철 거푸집,Material,Steel & Metal,m2-day,84.09,84.09,84.09,84.09,1,KRW,999.28,11.8833,71,71,建筑工程,?? ? ?? ??,???? ???? ??? ? ???,기초
090188,못,Material,Fasteners,pcs,9.61,9.61,9.61,9.61,1,KRW,66.17,6.8854,70,70,建筑工程,????? ??,"강판 바닥 슬래브, 벽 슬래브",및
110587,니트로셀룰로오스 목재 마감재,Material,Wood & Timber,kg,4925.34,4925.34,4925.34,4925.34,1,KRW,578.75,0.1175,70,70,建筑工程,"??, ?? ? ?? ??","?? ??? ? ?? ??, ?? ? ? ?? ??",?? ??? ??
090121,볼트 8×(30 60)로 아연 도금,Material,Fasteners,set,98.51,98.51,98.51,98.51,1,KRW,840.0,8.5273,70,70,建筑工程,?? ? ?? ??,설치,구조적 지붕 결속
110588,니트로셀룰로오스 목재 상도 희석제,Material,Wood & Timber,kg,3964.3,3964.3,3964.3,3964.3,1,KRW,58.37,0.0147,70,70,建筑工程,"??, ?? ? ?? ??","?? ??? ? ?? ??, ?? ? ? ?? ??",?? ??? ??
090159,확장 볼트 8,Material,Fasteners,set,273.9,273.9,273.9,273.9,1,KRW,1273.27,4.6487,69,69,建筑工程,?? ? ?? ??,?? ?? ? ?? ??,지붕 ()
030011,슬래브,Material,General,m2,8409.11,8409.11,8409.11,8409.11,1,KRW,24707.39,2.9382,68,68,建筑工程,? ? ?? ??,"문, 창문",?? ???
090125,볼트 10×(40 60)로 아연 도금,Material,Fasteners,set,153.77,153.77,153.77,153.77,1,KRW,692.14,4.5012,67,67,建筑工程,?? ?? ?? - ?4? ???? ??,설치,() 설치
030053,각재,Material,Wood & Timber,m3,456494.71,456494.71,456494.71,456494.71,1,KRW,35097.11,0.0769,67,67,建筑工程,???? ? ?????? ??,프리캐스트 콘크리트 보,?? ???
130001,유리,Material,Glass,m2,672.73,672.73,672.73,672.73,1,KRW,1592.04,2.3665,65,65,建筑工程,?? ? ?? ??,?? ?? ??,프로파일 및 기타 지붕 자재
010018,평철 60 내,Material,Steel & Metal,kg,881.76,881.76,881.76,881.76,1,KRW,1681.32,1.9068,65,65,建筑工程,?? ? ?? ??,??(?) ?? ??,프로파일 및 기타 지붕 자재
110199,접착제 종류,Material,General,kg,480.52,480.52,480.52,480.52,1,KRW,2091.12,4.3518,64,64,建筑工程,"? ? ?? ??, ??? ? ???",?? ?? ???,장식용 벽 미장
350029,몰딩 BV-16,Material,General,m,2126.3,2126.3,2126.3,2126.3,1,KRW,2902.78,1.3652,64,64,建筑工程,?? ?? ?? - ?5? ?? ??? ???,설치,"프레임, 설치"
400045,표면 모르타르 DB,Material,Concrete & Cement,m3,110279.51,110279.51,110279.51,110279.51,1,KRW,139.57,0.0013,64,64,建筑工程,?? ? ?? ??,장식용,천장
010030,일반 강판 3.5 4.0,Material,Steel & Metal,kg,1059.55,1059.55,1059.55,1059.55,1,KRW,895.37,0.845,63,63,建筑工程,?? ?? ?? - ?4? ???? ??,설치,몰딩 및 강철 제작 설치
120010,지름 20인 폴리,Material,General,m,81.69,81.69,81.69,81.69,1,KRW,153.9,1.8839,62,62,建筑工程,?? ?? ?? - ?9? ??,?? ??,용접 강관 ()
850196,NF-1513A,Equipment,General,machine-shift,2128.71,2128.71,2128.71,2128.71,1,KRW,2020.17,0.949,62,62,建筑工程,?? ?? ?? - ?6? ???? ??,및,(DCS)
850256,전기 복합,Equipment,General,machine-shift,2842.28,2842.28,2842.28,2842.28,1,KRW,2379.59,0.8372,62,62,建筑工程,?? ?? ?? - ?6? ???? ??,및,단일
800238,7.5kW,Equipment,General,machine-shift,1232.54,1232.54,1232.54,1232.54,1,KRW,80.3,0.0652,61,61,建筑工程,?? ? ?? ??,방청 마감층,유리강철 방청 마감층
800002,트럭 크레인 8t,Equipment,Cranes,machine-shift,117871.74,117871.74,117871.74,117871.74,1,KRW,23133.78,0.1963,61,61,建筑工程,?? ?? ?? - ?4? ???? ??,고전압 전기설비,구덩이
400054,조적 모르타르 DM5.0-HR,Material,Concrete & Cement,m3,110279.51,110279.51,110279.51,110279.51,1,KRW,8740.17,0.0793,59,59,建筑工程,?? ??,블록 조적,
130040,알칼리 저항성 코팅 유리섬유 망,Material,Glass,m2,480.52,480.52,480.52,480.52,1,KRW,503.22,1.0472,59,59,建筑工程,?? ? ?? ??,기둥(보) 표면 미장,천장
110498,아크릴 목공 상도,Material,Wood & Timber,kg,7207.81,7207.81,7207.81,7207.81,1,KRW,915.1,0.127,58,58,建筑工程,"??, ?? ? ?? ??","?? ??? ? ?? ??, ?? ? ? ?? ??",?? ??? ??
110398,에나멜,Material,Paint & Coatings,kg,8216.9,8216.9,8216.9,8216.9,1,KRW,2453.17,0.2986,58,58,建筑工程,"?? ?? ?? - ?12? ??, ??, ??",,페인트
850197,PM6665/036,Equipment,General,machine-shift,10057.3,10057.3,10057.3,10057.3,1,KRW,6840.02,0.6801,58,58,建筑工程,?? ?? ?? - ?6? ???? ??,및,단일
110166,접착제,Material,General,kg,552.6,552.6,552.6,552.6,1,KRW,84.26,0.1525,57,57,建筑工程,? ? ?? ??,"문, 창문",방청 모르타르 마감층
100080,폴리우레탄 방수 코팅,Material,Waterproofing,kg,3844.17,3844.17,3844.17,3844.17,1,KRW,1827.23,0.4753,57,57,建筑工程,?? ? ?? ??,?? ?? ? ?? ??,지붕 방수막
030093,목재,Material,Wood & Timber,m3,456494.71,456494.71,456494.71,456494.71,1,KRW,2555.23,0.0056,57,57,建筑工程,????? ??,강철 골조,프로파일 및 기타 지붕 자재
110142,접착제,Material,General,kg,3051.31,3051.31,3051.31,3051.31,1,KRW,822.71,0.2696,56,56,建筑工程,?? ? ?? ??,?? ?? ? ?? ??,프로파일 및 기타 지붕 자재
800147,목공용 톱 (복합),Equipment,General,machine-shift,2188.77,2188.77,2188.77,2188.77,1,KRW,25.96,0.0119,54,54,建筑工程,?? ?? ??,마감층,목재 바닥 슬래브
090707,M8×14 볼트 포함,Material,Fasteners,set,264.29,264.29,264.29,264.29,1,KRW,1053.17,3.985,54,54,建筑工程,?? ?? ?? - ?6? ???? ??,및,단일
830079,수공예 콘크리트 양생형 목공,Material,Concrete & Cement,m2,14415.62,14415.62,14415.62,14415.62,1,KRW,3784.54,0.2625,54,54,建筑工程,?? ? ?? ??,???? ???? ??? ? ???,열
110578,아크릴 폴리우레탄 프라이머,Material,Paint & Coatings,kg,5141.57,5141.57,5141.57,5141.57,1,KRW,297.92,0.0579,54,54,建筑工程,"??, ?? ? ?? ??","?? ??? ? ?? ??, ?? ? ? ?? ??",?? ??? ??
350028,몰딩 BV-1.5,Material,General,m,266.69,266.69,266.69,266.69,1,KRW,956.65,3.5872,54,54,建筑工程,?? ?? ?? - ?5? ?? ??? ???,,단일 설치
150300,유형,Material,General,pcs,120.13,120.13,120.13,120.13,1,KRW,725.8,6.0418,53,53,建筑工程,?? ?? ?? - ?4? ???? ??,형태 제작 설치,PVC
800018,(복합),Equipment,General,machine-shift,2032.6,2032.6,2032.6,2032.6,1,KRW,16.94,0.0083,53,53,建筑工程,?? ?? ?? - ?7? ?? ? ??,설치,용접용 아연도강관
400009,C30 레디믹스 콘크리트,Material,Concrete & Cement,m3,98506.75,98506.75,98506.75,98506.75,1,KRW,93714.28,0.9513,52,52,建筑工程,?? ?? ? ?? ??,기초 굴착,지반 벽
110234,유성 도료 희석제,Material,General,kg,2666.89,2666.89,2666.89,2666.89,1,KRW,63.05,0.0236,52,52,建筑工程,"??, ?? ? ?? ??",?? ?? ??,?? ?? ?? ??
110108,석재,Material,General,kg,336.36,336.36,336.36,336.36,1,KRW,91.37,0.2716,52,52,建筑工程,?? ? ?? ??,방청 마감층,유리강철 방청 마감층
110016,혼합 페인트,Material,Paint & Coatings,kg,2979.23,2979.23,2979.23,2979.23,1,KRW,74.32,0.0249,51,51,建筑工程,?? ?? ?? - ?4? ???? ??,"전기, 설치",전기 매입 설치
010033,보통 강판 16 20,Material,Steel & Metal,kg,1078.77,1078.77,1078.77,1078.77,1,KRW,8001.42,7.4172,51,51,建筑工程,?? ?? ? ?? ??,기초 굴착,()
090496,아연도금 12,Material,General,pcs,7.21,7.21,7.21,7.21,1,KRW,47.2,6.5484,51,51,建筑工程,?? ?? ?? - ?4? ???? ??,고전압 전기설비,
110097,접착제 종류,Material,General,kg,326.75,326.75,326.75,326.75,1,KRW,97.45,0.2982,51,51,建筑工程,"? ? ?? ??, ??? ? ???",?? ?? ??,?? ???
120030,특수형 5,Material,General,m,62.47,62.47,62.47,62.47,1,KRW,164.12,2.6272,50,50,建筑工程,?? ?? ?? - ?4? ???? ??,"전기, 설치",
090120,볼트 8×(16 25)로 아연 도금됨,Material,Fasteners,set,60.07,60.07,60.07,60.07,1,KRW,331.62,5.5211,50,50,建筑工程,?? ?? ?? - ?5? ?? ??? ???,메쉬,설치
100098,유리,Material,Glass,m2,720.78,720.78,720.78,720.78,1,KRW,1047.16,1.4528,50,50,建筑工程,?? ? ?? ??,"??? ? ?? ??, ??",바닥 방수막
800050,용접봉 건조 600×500×750,Equipment,Welding Equip.,machine-shift,5405.86,5405.86,5405.86,5405.86,1,KRW,1883.07,0.3483,50,50,建筑工程,????? ??,강철 골조,
091056,아연 도금 확장 볼트 8,Material,Fasteners,set,677.53,677.53,677.53,677.53,1,KRW,1708.61,2.5218,50,50,建筑工程,?? ?? ?? - ?4? ???? ??,설치,설치
010154,강선,Material,Steel & Metal,kg,1857.21,1857.21,1857.21,1857.21,1,KRW,740.41,0.3987,49,49,建筑工程,???? ? ?????? ??,프리캐스트 콘크리트 기둥,
090338,스테인리스 강,Material,Steel & Metal,pcs,624.68,624.68,624.68,624.68,1,KRW,6539.25,10.4682,49,49,建筑工程,"? ? ?? ??, ??? ? ???",?? ?? ??,?? ???
110575,유성 플루오르카본 상도,Material,General,kg,6871.45,6871.45,6871.45,6871.45,1,KRW,1532.68,0.223,48,48,建筑工程,"??, ?? ? ?? ??","?? ??? ? ?? ??, ?? ? ? ?? ??",?? ??? ??
800231,용접봉,Equipment,Welding Equip.,machine-shift,3651.96,3651.96,3651.96,3651.96,1,KRW,1265.14,0.3464,48,48,建筑工程,????? ??,강철 골조,
110059,(방청),Material,General,kg,336.36,336.36,336.36,336.36,1,KRW,81.99,0.2438,47,47,建筑工程,?? ?? ??,바닥 타일,목재 바닥 슬래브
800006,화물 트럭 4t,Equipment,Trucks,machine-shift,43174.79,43174.79,43174.79,43174.79,1,KRW,22914.26,0.5307,47,47,建筑工程,?? ?? ?? - ?4? ???? ??,"전기, 설치",단일 설치
800184,철근 절단기,Equipment,General,machine-shift,3435.72,3435.72,3435.72,3435.72,1,KRW,680.69,0.1981,47,47,建筑工程,???? ? ?????? ??,철근 공사,프로파일 및 기타 지붕 자재
250051,"(with, with) 0 1.6MPa",Material,General,set,36783.86,36783.86,36783.86,36783.86,1,KRW,1655.27,0.045,47,47,建筑工程,?? ?? ?? - ?9? ??,?? ??,용접용 아연도강관
100035,접착제 슬래브 3 5,Material,General,kg,2051.82,2051.82,2051.82,2051.82,1,KRW,963.99,0.4698,46,46,建筑工程,?? ?? ?? - ?7? ?? ? ??,설치 및 시공,설치
110024,페놀 에나멜,Material,Paint & Coatings,kg,4156.5,4156.5,4156.5,4156.5,1,KRW,239.32,0.0576,45,45,建筑工程,?? ?? ?? - ?4? ???? ??,고전압 전기설비,전기 매입 설치
810233,1: 1 시멘트 모르타르,Material,Concrete & Cement,m3,114363.94,114363.94,114363.94,114363.94,1,KRW,463.99,0.0041,44,44,建筑工程,"? ? ?? ??, ??? ? ???",기둥(보) 표면 미장,벽면 표면 메꿈
110577,아크릴 탑코트 포함,Equipment,General,kg,4901.31,4901.31,4901.31,4901.31,1,KRW,726.19,0.1482,44,44,建筑工程,"??, ?? ? ?? ??","?? ??? ? ?? ??, ?? ? ? ?? ??",?? ??? ??
010002,철근 10 이상,Material,Steel & Metal,kg,932.21,932.21,932.21,932.21,1,KRW,792429.28,850.0543,43,43,建筑工程,?? ?? ? ?? ??,기초 굴착,()
110039,석고,Material,General,kg,144.16,144.16,144.16,144.16,1,KRW,68.28,0.4737,43,43,建筑工程,"? ? ?? ??, ??? ? ???",??(?) ?? ??,완성된 제품 장식 기둥
110064,석재,Material,General,kg,197.01,197.01,197.01,197.01,1,KRW,406.53,2.0635,43,43,建筑工程,?? ? ?? ??,방청 마감층,방청 콘크리트 마감층
090820,확장 볼트 M8×100,Material,Fasteners,pcs,523.77,523.77,523.77,523.77,1,KRW,3701.71,7.0675,43,43,建筑工程,? ? ?? ??,금속문,
110563,니트로셀룰로오스 투명 밀봉 프라이머,Material,Paint & Coatings,kg,4637.03,4637.03,4637.03,4637.03,1,KRW,128.91,0.0278,42,42,建筑工程,"??, ?? ? ?? ??","?? ??? ? ?? ??, ?? ? ? ?? ??",?? ??? ??
110574,아크릴 폴리우레탄 상도,Material,General,kg,5646.12,5646.12,5646.12,5646.12,1,KRW,775.98,0.1374,42,42,建筑工程,"??, ?? ? ?? ??","?? ??? ? ?? ??, ?? ? ? ?? ??",?? ??? ??
850020,ML9001A,Equipment,General,machine-shift,15061.92,15061.92,15061.92,15061.92,1,KRW,8318.07,0.5523,42,42,建筑工程,?? ?? ?? - ?5? ?? ??? ???,설치,"건조 성형 설치, 단일"
090118,볼트 6×(16 25)로 아연 도금,Material,Fasteners,set,24.03,24.03,24.03,24.03,1,KRW,168.16,6.9991,42,42,建筑工程,?? ?? ?? - ?5? ?? ??? ???,설치 및 시공,설치
030004,목재,Material,Wood & Timber,m3,251840.92,251840.92,251840.92,251840.92,1,KRW,19587.7,0.0778,41,41,建筑工程,?? ?? ?? - ?7? ?? ? ??,설치,수도 설비
090490,아연 도금 6,Material,General,pcs,36.04,36.04,36.04,36.04,1,KRW,210.89,5.8516,41,41,建筑工程,?? ?? ?? - ?4? ???? ??,전기 설비,설치
090533,아연 도금 확장 볼트 10,Material,Fasteners,set,764.03,764.03,764.03,764.03,1,KRW,2346.37,3.0711,40,40,建筑工程,?? ?? ?? - ?4? ???? ??,전기 설비,전기 벽(기둥)
090445,스테인리스강 용접 와이어,Material,Steel & Metal,kg,19557.19,19557.19,19557.19,19557.19,1,KRW,43276.65,2.2128,40,40,建筑工程,?? ? ?? ??,?? ?? ? ?? ??,지붕 배수
090031,아연도금 12,Material,General,pcs,52.86,52.86,52.86,52.86,1,KRW,605.22,11.45,40,40,建筑工程,?? ?? ?? - ?4? ???? ??,고전압 전기설비,
810140,철근 콘크리트 기초,Material,Concrete & Cement,m3,545391.04,545391.04,545391.04,545391.04,1,KRW,2423.31,0.0044,39,39,建筑工程,?? ? ?? ??,?? ??,?? ??
110069,퍼티,Material,General,kg,2128.71,2128.71,2128.71,2128.71,1,KRW,539.86,0.2536,39,39,建筑工程,?? ? ?? ??,?? ?? ? ?? ??,지붕 코팅 방수
010013,섹션 강재,Material,Steel & Metal,kg,881.76,881.76,881.76,881.76,1,KRW,27334.24,30.9998,38,38,建筑工程,?? ?? ?? - ?4? ???? ??,설치,정방형 제작 설치
400041,접착 모르타르 DEA,Material,Concrete & Cement,m3,1264874.75,1264874.75,1264874.75,1264874.75,1,KRW,2800.79,0.0022,37,37,建筑工程,?? ? ?? ??,,천장
400044,조인트 충전 DTG 모르타르,Material,Concrete & Cement,m3,1225327.9,1225327.9,1225327.9,1225327.9,1,KRW,3932.72,0.0032,37,37,建筑工程,"? ? ?? ??, ??? ? ???",?? ?? ???,파쇄석 벽면 (011204002)
030006,합판 3mm,Material,Wood & Timber,m2,2955.2,2955.2,2955.2,2955.2,1,KRW,4881.42,1.6518,37,37,建筑工程,"? ? ?? ??, ??? ? ???",?? ?? ??,?? ???
100025,석재 접착판,Material,General,kg,2049.42,2049.42,2049.42,2049.42,1,KRW,3363.99,1.6414,37,37,建筑工程,?? ?? ?? - ?6? ???? ??,설치,설치
400030,DP-HR 미장 모르타르,Material,Concrete & Cement,m3,118448.36,118448.36,118448.36,118448.36,1,KRW,3671.9,0.031,36,36,建筑工程,?? ?? ? ?? ??,기초 굴착,"콘크리트 분사, 시멘트 모르타르"
090241,강판 메시,Material,Steel & Metal,m2,1977.34,1977.34,1977.34,1977.34,1,KRW,2033.64,1.0285,36,36,建筑工程,?? ?? ? ?? ??,기초 굴착,"콘크리트 분사, 시멘트 모르타르"
110787,유성 플루오르카본 페인트 신너,Material,Paint & Coatings,kg,3363.65,3363.65,3363.65,3363.65,1,KRW,84.12,0.025,36,36,建筑工程,"??, ?? ? ?? ??","?? ??? ? ?? ??, ?? ? ? ?? ??",?? ??? ??
110591,수성 아크릴 페인트 신너,Material,Paint & Coatings,kg,3243.52,3243.52,3243.52,3243.52,1,KRW,40.13,0.0124,36,36,建筑工程,"??, ?? ? ?? ??",?? ?? ??,"???, ???, ?? ?? ??"
090066,아연 도금 너트 8,Material,Fasteners,pcs,16.82,16.82,16.82,16.82,1,KRW,69.46,4.1302,36,36,建筑工程,?? ?? ?? - ?7? ?? ? ??,설치 및 시공,설치
850210,전기 ZX-54,Equipment,General,machine-shift,1516.04,1516.04,1516.04,1516.04,1,KRW,666.48,0.4396,36,36,建筑工程,?? ?? ?? - ?6? ???? ??,,단일
800064,150,Equipment,General,machine-shift,3459.75,3459.75,3459.75,3459.75,1,KRW,78.66,0.0227,36,36,建筑工程,???? ? ?????? ??,철물,용접 강관 ()
800025,공기 압축기 10m3/분,Equipment,Compressors,machine-shift,16265.63,16265.63,16265.63,16265.63,1,KRW,1132.43,0.0696,36,36,建筑工程,?? ?? ? ?? ??,기초 굴착,지반 벽
810005,1: 2.5 시멘트 모르타르,Material,Concrete & Cement,m3,69308.39,68426.15,69528.95,69528.95,2,KRW,3184.81,0.0459,35,35,建筑工程,"? ? ?? ??, ??? ? ???",기둥(보) 표면 미장,장식용 벽 미장
010032,일반 강판 8 15,Material,Steel & Metal,kg,1090.78,1090.78,1090.78,1090.78,1,KRW,10822.99,9.9222,35,35,建筑工程,?? ?? ?? - ?4? ???? ??,설치,전기 제작 설치
400018,C15 석조 콘크리트,Material,Concrete & Cement,m3,90097.64,90097.64,90097.64,90097.64,1,KRW,7786.52,0.0864,35,35,建筑工程,?? ? ?? ??,?? ?? ? ?? ??,지붕 배수
850257,몰딩,Equipment,General,machine-shift,9276.45,9276.45,9276.45,9276.45,1,KRW,1189.9,0.1283,34,34,建筑工程,?? ?? ?? - ?6? ???? ??,잠금,
090127,볼트 10×(85 100)로 아연 도금,Material,Fasteners,set,218.64,218.64,218.64,218.64,1,KRW,1393.35,6.3729,34,34,建筑工程,?? ?? ?? - ?4? ???? ??,설치,"프레임, 설치"
110159,??,Material,General,kg,427.66,427.66,427.66,427.66,1,KRW,106.49,0.249,34,34,建筑工程,목조 구조 작업,구조용 목재,지붕 ()
090429,확장 볼트 M8×110,Material,Fasteners,pcs,271.49,271.49,271.49,271.49,1,KRW,1501.52,5.5306,34,34,建筑工程,? ? ?? ??,목재 창문,
090494,아연 도금 6,Material,General,pcs,4.81,4.81,4.81,4.81,1,KRW,16.43,3.42,34,34,建筑工程,?? ?? ?? - ?4? ???? ??,전기 설비,설치
090119,볼트 6×(30 50)로 아연 도금됨,Material,Fasteners,set,50.45,50.45,50.45,50.45,1,KRW,521.04,10.3269,33,33,建筑工程,?? ?? ?? - ?4? ???? ??,전기 설비,설치
850195,PJN5210S,Equipment,General,machine-shift,13017.31,13017.31,13017.31,13017.31,1,KRW,25926.8,1.9917,33,33,建筑工程,?? ?? ?? - ?6? ???? ??,"??(030608007, 030608008)",단일
810047,시멘트,Material,Concrete & Cement,m3,142138.04,142138.04,142138.04,142138.04,1,KRW,238.48,0.0017,32,32,建筑工程,???? ? ?????? ??,철근 공사,방청 모르타르 마감층
080230,알루미늄 판 5mm,Material,General,m2,14415.62,14415.62,14415.62,14415.62,1,KRW,15189.95,1.0537,32,32,建筑工程,? ? ?? ??,창문 슬래브,?? ???
091474,볼트 M14,Material,Fasteners,m,2402.6,2402.6,2402.6,2402.6,1,KRW,74.6,0.031,32,32,建筑工程,?? ? ?? ??,???? ???? ??? ? ???,보
110228,실란트,Material,Rubber,kg,3099.36,3099.36,3099.36,3099.36,1,KRW,307.47,0.0992,32,32,建筑工程,????? ??,"강판 바닥 슬래브, 벽 슬래브",프로파일 및 기타 지붕 자재
110549,폴리 페인트,Material,Paint & Coatings,kg,5477.94,5477.94,5477.94,5477.94,1,KRW,949.75,0.1734,32,32,建筑工程,"?? ?? ?? - ?12? ??, ??, ??",,폴리 페인트
800396,공기 압축기 3m3/분,Equipment,Compressors,machine-shift,4540.92,4540.92,4540.92,4540.92,1,KRW,141.59,0.0312,32,32,建筑工程,?? ??,기초 말뚝,H8701 방청 도장
090297,스트립,Material,General,kg,1441.56,1441.56,1441.56,1441.56,1,KRW,376.24,0.261,31,31,建筑工程,?? ?? ?? - ?6? ???? ??,지하(수) 설치,수도 설비
800072,전기,Equipment,General,machine-shift,31402.03,31402.03,31402.03,31402.03,1,KRW,861.93,0.0274,31,31,建筑工程,"? ? ?? ??, ??? ? ???",??? ??,프레임 커튼월 포함
110136,페인트,Material,Paint & Coatings,kg,4324.69,4324.69,4324.69,4324.69,1,KRW,1760.37,0.4071,31,31,建筑工程,"??, ?? ? ?? ??",?? ?? ??,"금속문, 창문 도장"
150163,메쉬,Material,General,m2,2835.07,2835.07,2835.07,2835.07,1,KRW,42908.82,15.135,31,31,建筑工程,?? ? ?? ??,,비계
800074,불도저 복합기,Equipment,Bulldozers,machine-shift,108765.87,108765.87,108765.87,108765.87,1,KRW,219.71,0.002,31,31,建筑工程,토공 및 암석 작업,운송,일반 토공 굴착
080011,U자형 경량 강철 케일 CB38×12,Material,Steel & Metal,m,1201.3,1201.3,1201.3,1201.3,1,KRW,1712.34,1.4254,30,30,建筑工程,?? ??,?? ?? ? ?? ??,?? ???
120170,폴리 50,Material,General,m,218.64,218.64,218.64,218.64,1,KRW,17.49,0.08,30,30,建筑工程,?? ? ?? ??,"??? ? ?? ??, ??",바닥 방수막
040207,결합 표준 벽돌,Material,General,pcs,139.35,139.35,139.35,139.35,1,KRW,35908.11,257.681,30,30,建筑工程,?? ??,"수도, 수도 시설",구덩이
800560,분무기,Equipment,General,machine-shift,17827.32,17827.32,17827.32,17827.32,1,KRW,1149.27,0.0645,30,30,建筑工程,"?? ?? ?? - ?12? ??, ??, ??",,분무 도장형 방청
280554,몰딩(복합재),Material,General,m,480.52,480.52,480.52,480.52,1,KRW,118.14,0.2459,30,30,建筑工程,?? ?? ?? - ?6? ???? ??,,
110281,페놀 수지,Material,General,kg,5141.57,5141.57,5141.57,5141.57,1,KRW,1326.53,0.258,30,30,建筑工程,"?? ?? ?? - ?12? ??, ??, ??",,페놀 수지 페인트
110002,알키드 신너,Material,General,kg,2811.05,2811.05,2811.05,2811.05,1,KRW,135.16,0.0481,30,30,建筑工程,"??, ?? ? ?? ??",??? ??,??? ??
060062,금속 마감 타일,Material,Steel & Metal,m2,19220.83,19220.83,19220.83,19220.83,1,KRW,19936.27,1.0372,30,30,建筑工程,"? ? ?? ??, ??? ? ???",?? ?? ???,?? ?? ??
080017,U자형 경량 강철 케일 CB38-L,Material,Steel & Metal,pcs,345.97,345.97,345.97,345.97,1,KRW,86.01,0.2486,30,30,建筑工程,?? ??,?? ?? ? ?? ??,?? ???
110590,수성 아크릴 페인트,Material,Paint & Coatings,kg,4204.56,4204.56,4204.56,4204.56,1,KRW,533.26,0.1268,30,30,建筑工程,"??, ?? ? ?? ??",?? ?? ??,"???, ???, ?? ?? ??"
400033,브러싱 석고 미장 모르타르 DP-G,Material,Concrete & Cement,m3,110519.77,110519.77,110519.77,110519.77,1,KRW,507.01,0.0046,30,30,建筑工程,"? ? ?? ??, ??? ? ???",기둥(보) 표면 미장,보 및 기둥 표면 일반 미장
400012,C20 석재 콘크리트,Material,Concrete & Cement,m3,93701.55,93701.55,93701.55,93701.55,1,KRW,1236.86,0.0132,30,30,建筑工程,?? ??,블록 조적,평탄층
110244,물유리,Material,Glass,kg,194.61,194.61,194.61,194.61,1,KRW,682.09,3.5049,30,30,建筑工程,?? ?? ? ?? ??,방청 마감층,블록 마감 방청 마감층
080032,U자형 경량 강철 케일 CB38-1,Material,Steel & Metal,pcs,225.84,225.84,225.84,225.84,1,KRW,319.89,1.4164,30,30,建筑工程,?? ??,?? ?? ? ?? ??,?? ???
110550,폴리 페인트 상도,Material,Paint & Coatings,kg,5766.25,5766.25,5766.25,5766.25,1,KRW,792.82,0.1375,29,29,建筑工程,"?? ?? ?? - ?12? ??, ??, ??",,폴리 페인트
090124,볼트 10×(20 35)로 아연 도금됨,Material,Fasteners,set,105.71,105.71,105.71,105.71,1,KRW,454.49,4.2992,29,29,建筑工程,?? ?? ?? - ?4? ???? ??,높이 설치,전기 제작 설치
090260,못,Material,Fasteners,kg,1681.82,1681.82,1681.82,1681.82,1,KRW,886.17,0.5269,29,29,建筑工程,???? ? ?????? ??,현장 타설 콘크리트 구조물,
110205,수성 프라이머(일반),Material,Paint & Coatings,kg,1609.74,1609.74,1609.74,1609.74,1,KRW,220.77,0.1371,29,29,建筑工程,"??, ?? ? ?? ??",?? ? ? ??,?? ??? ??
130100,EPS 보드,Material,Wood & Timber,m3,103311.96,103311.96,103311.96,103311.96,1,KRW,13843.8,0.134,29,29,建筑工程,?? ??,차단층,지붕 ()
110548,폴리 페인트 프라이머,Material,Paint & Coatings,kg,5021.44,5021.44,5021.44,5021.44,1,KRW,932.95,0.1858,29,29,建筑工程,"?? ?? ?? - ?12? ??, ??, ??",,폴리 페인트
090165,아연 도금 확장 볼트 12,Material,Fasteners,set,903.38,903.38,903.38,903.38,1,KRW,1782.08,1.9727,29,29,建筑工程,?? ?? ?? - ?7? ?? ? ??,열 추가,"강판 직사각형 설치 (1.2mm 내외, )"
800289,덤프트럭 15t,Equipment,Trucks,machine-shift,128034.75,128034.75,128034.75,128034.75,1,KRW,1198.6,0.0094,28,28,建筑工程,토공 및 암석 작업,운송,일반 토공 굴착
850005,지중 전기 GCT,Equipment,General,machine-shift,2522.73,2522.73,2522.73,2522.73,1,KRW,554.6,0.2198,28,28,建筑工程,?? ?? ?? - ?4? ???? ??,바닥,
800028,일반 400,Equipment,General,machine-shift,25203.31,25203.31,25203.31,25203.31,1,KRW,2379.55,0.0944,28,28,建筑工程,?? ?? ?? - ?7? ?? ? ??,제작 설치,방수 제작
830077,형강 거푸집,Material,Steel & Metal,m2-day,612.66,612.66,612.66,612.66,1,KRW,6245.12,10.1934,28,28,建筑工程,?? ? ?? ??,???? ???? ??? ? ???,열
800046,커터,Equipment,General,machine-shift,6126.64,6126.64,6126.64,6126.64,1,KRW,521.45,0.0851,28,28,建筑工程,?? ??,바닥 타일,?? ???
110103,아스팔트 페인트,Material,Paint & Coatings,kg,2738.97,2738.97,2738.97,2738.97,1,KRW,245.81,0.0897,28,28,建筑工程,?? ??,형태 제작 설치,
130095,EPS 보드,Material,Wood & Timber,m3,151364.03,151364.03,151364.03,151364.03,1,KRW,4431.47,0.0293,28,28,建筑工程,?? ? ?? ??,,천장
810177,폴리 시멘트 모르타르,Material,Concrete & Cement,m3,108117.17,108117.17,108117.17,108117.17,1,KRW,413.93,0.0038,28,28,建筑工程,"? ? ?? ??, ??? ? ???",기둥(보) 표면 미장,보 및 기둥 표면 일반 미장
150061,석탄,Material,General,t,182597.88,182597.88,182597.88,182597.88,1,KRW,1853.03,0.0101,27,27,建筑工程,"?? ?? ?? - ?12? ??, ??, ??",살포,분무석
150021,목재,Material,Wood & Timber,kg,43.25,43.25,43.25,43.25,1,KRW,40.05,0.9259,27,27,建筑工程,"?? ?? ?? - ?12? ??, ??, ??",살포,분무석
030003,목재 거푸집,Material,Wood & Timber,m3,402796.51,402796.51,402796.51,402796.51,1,KRW,5473.29,0.0136,27,27,建筑工程,???? ? ?????? ??,현장 타설 콘크리트 구조물,방수제
800008,화물 트럭 8t,Equipment,Trucks,machine-shift,57061.84,57061.84,57061.84,57061.84,1,KRW,11708.24,0.2052,27,27,建筑工程,?? ?? ?? - ?7? ?? ? ??,수 water,설치
100140,샌드블라스트 접착제 40,Material,Aggregates,m,14992.25,14992.25,14992.25,14992.25,1,KRW,750.69,0.0501,26,26,建筑工程,????? ??,금속 접합 구조 현장 및 기타 항목,분무석
090309,샌드블라스트,Material,Aggregates,pcs,13286.4,13286.4,13286.4,13286.4,1,KRW,272.74,0.0205,26,26,建筑工程,????? ??,금속 접합 구조 현장 및 기타 항목,분무석
150089,132 1,Material,General,상자,45120.9,45120.9,45120.9,45120.9,1,KRW,19188.26,0.4253,26,26,建筑工程,?? ?? ?? - ?5? ?? ??? ???,메쉬,설치
090054,확장 볼트 6,Material,Fasteners,set,172.99,172.99,172.99,172.99,1,KRW,566.38,3.2741,26,26,建筑工程,?? ? ?? ??,?? ?? ? ?? ??,지붕 배수
100288,접착제 슬래브 6,Material,General,kg,1081.17,1081.17,1081.17,1081.17,1,KRW,533.63,0.4936,26,26,建筑工程,?? ?? ?? - ?7? ?? ? ??,설치,설치
110599,접착제용 페인트 신너,Material,Paint & Coatings,kg,3844.17,3844.17,3844.17,3844.17,1,KRW,124.76,0.0325,26,26,建筑工程,"??, ?? ? ?? ??",?? ?? ??,"금속문, 창문 도장"
090130,볼트 12×(65 80)로 아연 도금됨,Material,Fasteners,set,225.84,225.84,225.84,225.84,1,KRW,1074.1,4.7559,25,25,建筑工程,?? ?? ?? - ?4? ???? ??,고전압 전기설비,
090300,용접 와이어,Material,Welding Consumables,kg,9129.89,9129.89,9129.89,9129.89,1,KRW,192.34,0.0211,25,25,建筑工程,?? ?? ??,"???, ??, ??? ??","?? ???, ??, ???"
091525,M12×(20 100) 볼트 포함,Material,Fasteners,set,360.39,360.39,360.39,360.39,1,KRW,3185.85,8.84,25,25,建筑工程,?? ?? ?? - ?6? ???? ??,,
080012,U자형 경량 강철 케일 CB50×20,Material,Steel & Metal,m,1057.15,1057.15,1057.15,1057.15,1,KRW,4755.91,4.4988,25,25,建筑工程,?? ??,?? ?? ? ?? ??,?? ???
840007,전기,Material,General,kWh,235.46,235.46,235.46,235.46,1,KRW,4053.16,17.2141,25,25,建筑工程,현장 수도 및 전력 요금,작업,수 water
060027,벽돌,Material,General,m2,10090.94,10090.94,10090.94,10090.94,1,KRW,9950.92,0.9861,25,25,建筑工程,?? ? ?? ??,방청 마감층,블록 마감 방청 마감층
090181,아연 도금 못 (2 5)×(4 50),Equipment,General,pcs,12.01,12.01,12.01,12.01,1,KRW,35.05,2.9176,25,25,建筑工程,?? ?? ?? - ?4? ???? ??,형태 제작 설치,전기
010029,보통 강판 2.6 3.2,Material,Steel & Metal,kg,1059.55,1059.55,1059.55,1059.55,1,KRW,9323.43,8.7994,25,25,建筑工程,?? ?? ?? - ?7? ?? ? ??,벽,
091531,2,Material,General,m,288.31,288.31,288.31,288.31,1,KRW,24.22,0.084,25,25,建筑工程,?? ?? ?? - ?6? ???? ??,,
060095,마감 석재 판 20mm,Material,General,m2,38441.66,38441.66,38441.66,38441.66,1,KRW,39600.03,1.0301,24,24,建筑工程,"? ? ?? ??, ??? ? ???",?? ?? ???,석재 판넬 벽면
100376,접착 개질 아스팔트 방수 코팅,Material,Waterproofing,kg,1801.95,1801.95,1801.95,1801.95,1,KRW,1666.84,0.925,24,24,建筑工程,?? ? ?? ??,?? ?? ? ?? ??,지붕 방수막
850117,높이 전기 3124,Equipment,General,machine-shift,13142.24,13142.24,13142.24,13142.24,1,KRW,13763.76,1.0473,24,24,建筑工程,?? ?? ?? - ?4? ???? ??,고전압 전기,고전압 전기
010361,용접 강관 (복합),Material,Steel & Metal,kg,1093.18,1093.18,1093.18,1093.18,1,KRW,197.67,0.1808,24,24,建筑工程,?? ? ?? ??,"수도, 수도 시설",구덩이
110188,ZL 폴리,Material,General,m3,124935.39,124935.39,124935.39,124935.39,1,KRW,2638.64,0.0211,24,24,建筑工程,?? ? ?? ??,,천장
130037,ZL 접착제,Material,General,kg,384.42,384.42,384.42,384.42,1,KRW,98.75,0.2569,24,24,建筑工程,?? ? ?? ??,,천장
091526,M10×(20 50) 볼트 포함,Material,Fasteners,set,216.23,216.23,216.23,216.23,1,KRW,1408.18,6.5123,24,24,建筑工程,?? ?? ?? - ?6? ???? ??,,
010393,스테인리스 강,Material,Steel & Metal,kg,6006.51,6006.51,6006.51,6006.51,1,KRW,4355.18,0.7251,24,24,建筑工程,"? ? ?? ??, ??? ? ???",칸막이,금속 칸막이
810132,석고 모르타르 솔질 1: 2,Material,Concrete & Cement,m3,194502.78,194502.78,194502.78,194502.78,1,KRW,606.49,0.0031,24,24,建筑工程,"? ? ?? ??, ??? ? ???",기둥(보) 표면 미장,보 및 기둥 표면 일반 미장
110003,알키드 방청 페인트,Material,Paint & Coatings,kg,3940.27,3940.27,3940.27,3940.27,1,KRW,756.51,0.192,24,24,建筑工程,?? ? ?? ??,?? ?? ? ?? ??,지붕 ()
850204,파셴,Equipment,General,machine-shift,1600.13,1600.13,1600.13,1600.13,1,KRW,5665.79,3.5408,24,24,建筑工程,?? ?? ?? - ?6? ???? ??,"??(030608007, 030608008)",(DCS)
850019,GX12M1,Equipment,General,machine-shift,1835.59,1835.59,1835.59,1835.59,1,KRW,1168.1,0.6364,23,23,建筑工程,?? ?? ?? - ?5? ?? ??? ???,설치,
080019,U자형 경량 강철 케일 CB60-L,Material,Steel & Metal,pcs,192.21,192.21,192.21,192.21,1,KRW,201.13,1.0464,23,23,建筑工程,?? ??,?? ?? ? ?? ??,?? ???
110215,접착 구조용 접착제,Material,General,kg,10499.38,10499.38,10499.38,10499.38,1,KRW,1786.26,0.1701,23,23,建筑工程,???? ? ?????? ??,철물,프로파일 및 기타 지붕 자재
080748,30×30 알루미늄 판,Material,General,pcs,120.13,120.13,120.13,120.13,1,KRW,961.72,8.0057,23,23,建筑工程,"? ? ?? ??, ??? ? ???",?? ?? ??,?? ???
800144,평판 진동기,Equipment,General,machine-shift,319.55,319.55,319.55,319.55,1,KRW,3.76,0.0118,23,23,建筑工程,?? ??,차단층,평탄층
850134,DM3-802H,Equipment,General,machine-shift,2270.46,2270.46,2270.46,2270.46,1,KRW,4169.28,1.8363,23,23,建筑工程,?? ?? ?? - ?4? ???? ??,고전압 전기,전기
110219,접착 구조용 실란트,Material,Rubber,kg,11532.5,11532.5,11532.5,11532.5,1,KRW,8358.03,0.7247,23,23,建筑工程,"? ? ?? ??, ??? ? ???",?? ?? ??,?? ???
090128,볼트 12×(20 35)로 아연 도금,Material,Fasteners,set,163.38,163.38,163.38,163.38,1,KRW,783.39,4.795,23,23,建筑工程,?? ?? ?? - ?7? ?? ? ??,설치,설치
110207,수성(층) 도장,Material,Water,kg,7688.33,7688.33,7688.33,7688.33,1,KRW,1933.96,0.2515,23,23,建筑工程,"??, ?? ? ?? ??",?? ? ? ??,?? ??? ??
080015,U자형 경량 강철 케일 CS60×27,Material,Steel & Metal,m,2835.07,2835.07,2835.07,2835.07,1,KRW,7811.94,2.7555,23,23,建筑工程,?? ??,?? ?? ? ?? ??,?? ???
110170,석탄,Material,General,kg,2027.8,2027.8,2027.8,2027.8,1,KRW,10644.57,5.2493,22,22,建筑工程,?? ?? ??,?? ?? ??,?? ???
090492,아연도금 16,Material,General,pcs,86.49,86.49,86.49,86.49,1,KRW,1219.09,14.0945,22,22,建筑工程,?? ?? ?? - ?4? ???? ??,전기 설치 유형,설치
110220,수성 퍼티 (),Material,Water,kg,341.17,341.17,341.17,341.17,1,KRW,465.04,1.3631,22,22,建筑工程,"??, ?? ? ?? ??",?? ?? ??,"목재 벽, 목재 벽 페인트"
080285,용골,Material,General,kg,6727.29,6727.29,6727.29,6727.29,1,KRW,78327.07,11.6432,22,22,建筑工程,"? ? ?? ??, ??? ? ???",??? ??,프레임 커튼월 포함
080279,알루미늄 프로필,Material,General,kg,6727.29,6727.29,6727.29,6727.29,1,KRW,14821.23,2.2032,22,22,建筑工程,"? ? ?? ??, ??? ? ???",??? ??,유리 커튼월
010152,I형강,Material,Steel & Metal,kg,1153.25,1153.25,1153.25,1153.25,1,KRW,34109.83,29.5771,22,22,建筑工程,?? ?? ? ?? ??,기초 굴착,()
080288,용골,Material,General,kg,6727.29,6727.29,6727.29,6727.29,1,KRW,48589.38,7.2227,22,22,建筑工程,"? ? ?? ??, ??? ? ???",??? ??,프레임 커튼월 포함
800596,16-300mm,Equipment,General,machine-shift,8574.89,8574.89,8574.89,8574.89,1,KRW,857.49,0.1,22,22,建筑工程,?? ?? ?? - ?5? ?? ??? ???,설치,설치
460104,A4,Material,General,포,7207.81,7207.81,7207.81,7207.81,1,KRW,610.04,0.0846,22,22,建筑工程,?? ?? ?? - ?5? ?? ??? ???,메쉬,설치
110022,페놀 수지 조제 도료,Material,Paint & Coatings,kg,3916.24,3916.24,3916.24,3916.24,1,KRW,557.89,0.1425,22,22,建筑工程,"?? ?? ?? - ?12? ??, ??, ??",직사각형 브러싱,수중 슬래브
010020,채널 강재 16 내측,Material,Steel & Metal,kg,898.57,898.57,898.57,898.57,1,KRW,9873.27,10.9877,21,21,建筑工程,???? ? ?????? ??,철근 공사,유리 칸막이
110023,페놀 바니시,Material,Paint & Coatings,kg,3051.31,3051.31,3051.31,3051.31,1,KRW,187.03,0.0613,21,21,建筑工程,"??, ?? ? ?? ??",?? ?? ??,목재 바닥판 페인트
850116,YDQ,Equipment,General,machine-shift,4613.0,4613.0,4613.0,4613.0,1,KRW,3322.02,0.7201,21,21,建筑工程,?? ?? ?? - ?4? ???? ??,전기,전기 단일
850203,2656,Equipment,General,machine-shift,21933.37,21933.37,21933.37,21933.37,1,KRW,35013.88,1.5964,21,21,建筑工程,?? ?? ?? - ?6? ???? ??,"??(030608007, 030608008)",(DCS)
850006,ND2,Equipment,General,machine-shift,1732.28,1732.28,1732.28,1732.28,1,KRW,1847.76,1.0667,21,21,建筑工程,?? ?? ?? - ?5? ?? ??? ???,설치,전기
030124,합판 9mm,Material,Wood & Timber,m2,6006.51,6006.51,6006.51,6006.51,1,KRW,13703.18,2.2814,21,21,建筑工程,"? ? ?? ??, ??? ? ???",??(?) ?? ??,??(?) ?? ??
850088,전기 ST9040,Equipment,General,machine-shift,16433.81,16433.81,16433.81,16433.81,1,KRW,44089.56,2.6829,21,21,建筑工程,?? ?? ?? - ?4? ???? ??,고전압 전기,고전압 전기
010028,일반 강판 2 2.5,Material,Steel & Metal,kg,1304.61,1304.61,1304.61,1304.61,1,KRW,6127.98,4.6972,21,21,建筑工程,?? ? ?? ??,설치,프로파일 및 기타 지붕 자재
850017,KSG-4110,Equipment,General,machine-shift,7157.36,7157.36,7157.36,7157.36,1,KRW,4399.67,0.6147,21,21,建筑工程,?? ?? ?? - ?11? ???? ? ??,몰딩,
850015,높이 XB30,Equipment,General,machine-shift,790.46,790.46,790.46,790.46,1,KRW,930.98,1.1778,21,21,建筑工程,?? ?? ?? - ?11? ???? ? ??,몰딩,
040095,석재,Material,General,m3,45649.47,45649.47,45649.47,45649.47,1,KRW,2131.83,0.0467,21,21,建筑工程,????? ??,금속 접합 구조 현장 및 기타 항목,분무석
090331,경첩,Material,General,pcs,1201.3,1201.3,1201.3,1201.3,1,KRW,2347.88,1.9544,21,21,建筑工程,? ? ?? ??,?? ?? ? ?? ??,지붕 ()
080056,키 TL23×23,Material,General,m,1917.28,1917.28,1917.28,1917.28,1,KRW,1354.88,0.7067,20,20,建筑工程,?? ??,?? ?? ? ?? ??,?? ???
110263,석재 코팅,Material,General,kg,2042.21,2042.21,2042.21,2042.21,1,KRW,8194.58,4.0126,20,20,建筑工程,"??, ?? ? ?? ??",??? ??,??? ??
110212,퍼티 (),Material,General,kg,720.78,720.78,720.78,720.78,1,KRW,242.08,0.3359,20,20,建筑工程,"??, ?? ? ?? ??",??? ??,퍼티 전체 얇은 마감
800486,공기 압축기 3m3/분,Equipment,Compressors,machine-shift,4540.92,4540.92,4540.92,4540.92,1,KRW,145.4,0.032,20,20,建筑工程,?? ? ?? ??,?? ?? ? ?? ??,지붕 코팅 방수
110614,수성 폴리우레탄 프라이머,Material,Paint & Coatings,kg,4324.69,4324.69,4324.69,4324.69,1,KRW,464.26,0.1074,20,20,建筑工程,"??, ?? ? ?? ??",?? ?? ??,"금속문, 창문 도장"
280121,10,Material,General,pcs,1162.86,1162.86,1162.86,1162.86,1,KRW,2272.08,1.9539,20,20,建筑工程,?? ?? ?? - ?4? ???? ??,설치,설치
110173,휘발유 60 70,Material,General,kg,1816.37,1816.37,1816.37,1816.37,1,KRW,903.64,0.4975,20,20,建筑工程,?? ?? ?? - ?4? ???? ??,설치,
800135,크롤러 크레인 15t,Equipment,Cranes,machine-shift,124238.64,124238.64,124238.64,124238.64,1,KRW,65887.89,0.5303,20,20,建筑工程,?? ?? ? ?? ??,기초 굴착,지반 벽
110028,프라이머,Material,Paint & Coatings,kg,4252.61,4252.61,4252.61,4252.61,1,KRW,820.95,0.193,20,20,建筑工程,?? ? ?? ??,??,방청 도장
110027,에나멜,Material,Paint & Coatings,kg,6006.51,6006.51,6006.51,6006.51,1,KRW,2052.61,0.3417,20,20,建筑工程,?? ? ?? ??,??,방청 도장
090354,알루미늄 합금 비딩,Material,General,m,1222.93,1222.93,1222.93,1222.93,1,KRW,3668.14,2.9995,20,20,建筑工程,?? ? ?? ??,"벽면 방수, 습기 방지",슬래브 지붕
280343,몰딩 1.0 2.5,Material,General,pcs,175.39,175.39,175.39,175.39,1,KRW,738.79,4.2122,20,20,建筑工程,?? ?? ?? - ?9? ??,"설치 (030904004, 030904005)",
080022,U자형 경량 강철 케일 CB50-3,Material,Steel & Metal,pcs,98.51,98.51,98.51,98.51,1,KRW,225.7,2.2913,19,19,建筑工程,?? ??,?? ?? ? ?? ??,?? ???
800806,1.5kW,Equipment,General,machine-shift,3269.94,3269.94,3269.94,3269.94,1,KRW,1978.32,0.605,19,19,建筑工程,?? ?? ?? - ?5? ?? ??? ???,,설치
010022,아연 도금 앵글 강재,Material,Steel & Metal,kg,1254.16,1254.16,1254.16,1254.16,1,KRW,46667.06,37.2098,19,19,建筑工程,???? ? ?????? ??,구조적,?? ???
800561,폴리우레탄 3-5kg/분,Equipment,General,machine-shift,12301.33,12301.33,12301.33,12301.33,1,KRW,75.81,0.0062,19,19,建筑工程,?? ? ?? ??,?? ?? ? ?? ??,지붕 방수막
110031,바니시,Material,Paint & Coatings,kg,4324.69,4324.69,4324.69,4324.69,1,KRW,733.9,0.1697,19,19,建筑工程,?? ? ?? ??,??,방청 도장
010058,아연 도금 강관 50,Material,Steel & Metal,m,5934.43,5934.43,5934.43,5934.43,1,KRW,4439.89,0.7482,19,19,建筑工程,?? ?? ?? - ?4? ???? ??,벽 및 브러싱 코팅,전기 제작 설치
090460,스테인리스 강 못 4,Material,Steel & Metal,pcs,31.23,31.23,31.23,31.23,1,KRW,161.66,5.1757,19,19,建筑工程,"? ? ?? ??, ??? ? ???",??(?) ?? ?? ? ?? ?? ??,석재 기둥 표면
090108,볼트 16×(65 80) 포함,Material,Fasteners,set,302.73,302.73,302.73,302.73,1,KRW,21268.72,70.2568,19,19,建筑工程,"?? ?? ?? - ?10? ??, ??, ??, ??",제작 설치,방수 제작
800075,토사 굴착 복합,Equipment,General,machine-shift,214336.28,214336.28,214336.28,214336.28,1,KRW,1368.18,0.0064,19,19,建筑工程,토공 및 암석 작업,운송,일반 토공 굴착
110206,층 코팅(분무 코팅형),Material,General,kg,6006.51,6006.51,6006.51,6006.51,1,KRW,10135.98,1.6875,19,19,建筑工程,"??, ?? ? ?? ??",?? ? ? ??,?? ??? ??
110208,수성 상도 (유형),Material,Water,kg,6727.29,6727.29,6727.29,6727.29,1,KRW,1574.19,0.234,19,19,建筑工程,"??, ?? ? ?? ??",?? ? ? ??,?? ??? ??
400059,조적 모르타르 DM7.5-MR,Material,Concrete & Cement,m3,143723.75,143723.75,143723.75,143723.75,1,KRW,20629.15,0.1435,19,19,建筑工程,?? ??,블록 조적,
110660,폴리우레탄,Material,General,m3,4324.69,4324.69,4324.69,4324.69,1,KRW,6934.15,1.6034,19,19,建筑工程,?? ? ?? ??,?? ?? ? ?? ??,지붕 방수막
080040,U자형 경량 강철 케일 CS60-1,Material,Steel & Metal,pcs,562.21,562.21,562.21,562.21,1,KRW,1406.47,2.5017,19,19,建筑工程,?? ??,?? ?? ? ?? ??,?? ???
850115,높이,Equipment,General,machine-shift,3027.28,3027.28,3027.28,3027.28,1,KRW,2250.23,0.7433,19,19,建筑工程,?? ?? ?? - ?4? ???? ??,전기,전기 단일
850261,7,Equipment,General,machine-shift,1131.63,1131.63,1131.63,1131.63,1,KRW,687.26,0.6073,19,19,建筑工程,?? ?? ?? - ?5? ?? ??? ???,,설치
090498,아연도금 16,Material,General,pcs,16.82,16.82,16.82,16.82,1,KRW,121.3,7.2126,19,19,建筑工程,?? ?? ?? - ?4? ???? ??,전기 설치 유형,설치
350301,몰딩 ZR-RVS-2×1.5,Material,General,m,876.95,876.95,876.95,876.95,1,KRW,263.13,0.3,19,19,建筑工程,?? ?? ?? - ?9? ??,"설치 (030904004, 030904005)",
110146,석고 접착제,Material,General,kg,247.47,247.47,247.47,247.47,1,KRW,116.74,0.4717,19,19,建筑工程,"? ? ?? ??, ??? ? ???",?? ?? ??,?? ???
090466,스테인리스 강판 4mm,Material,Steel & Metal,pcs,975.46,975.46,975.46,975.46,1,KRW,5062.41,5.1898,19,19,建筑工程,"? ? ?? ??, ??? ? ???",??(?) ?? ?? ? ?? ?? ??,석재 기둥 표면
110509,아크릴 폴리우레탄 금속 페인트 (이중),Material,Steel & Metal,kg,12013.02,12013.02,12013.02,12013.02,1,KRW,5311.86,0.4422,18,18,建筑工程,"??, ?? ? ?? ??",?? ?? ??,유리 벽 페인트
110609,아크릴 폴리우레탄 페인트,Material,Paint & Coatings,kg,4444.82,4444.82,4444.82,4444.82,1,KRW,1421.9,0.3199,18,18,建筑工程,"??, ?? ? ?? ??",?? ?? ??,유리 벽 페인트
110613,바니시,Material,Paint & Coatings,kg,6727.29,6727.29,6727.29,6727.29,1,KRW,1272.8,0.1892,18,18,建筑工程,"??, ?? ? ?? ??",?? ?? ??,유리 벽 페인트
080761,잠금형 알루미늄 합금 표면 슬래브(조인트 폭 200mm 이내),Material,General,m,18019.53,18019.53,18019.53,18019.53,1,KRW,18199.72,1.01,18,18,建筑工程,?? ? ?? ??,이동 조인트,벽면 이동 조인트
110771,아크릴 폴리우레탄 페인트 신너,Material,Paint & Coatings,kg,1998.97,1998.97,1998.97,1998.97,1,KRW,40.68,0.0204,18,18,建筑工程,"??, ?? ? ?? ??",?? ?? ??,유리 벽 페인트
800226,트럭 크레인 16t,Equipment,Cranes,machine-shift,177360.21,177360.21,177360.21,177360.21,1,KRW,84104.21,0.4742,18,18,建筑工程,???? ? ?????? ??,철근 공사,설치
050008,강화 유리 (곡면) 10mm,Material,Glass,m2,75682.02,75682.02,75682.02,75682.02,1,KRW,64329.71,0.85,18,18,建筑工程,?? ?? ??,"???, ??, ??? ??",틀
810006,1:3 시멘트 모르타르,Material,Concrete & Cement,m3,65329.2,65329.2,65329.2,65329.2,1,KRW,829.13,0.0127,18,18,建筑工程,"? ? ?? ??, ??? ? ???",기둥(보) 표면 미장,수직면 모르타르 평탄층
080760,잠금형 알루미늄 합금 표면 슬래브(조인트 폭 100mm 이내),Material,General,m,16337.71,16337.71,16337.71,16337.71,1,KRW,16501.08,1.01,18,18,建筑工程,?? ? ?? ??,이동 조인트,벽면 이동 조인트
130036,폴리 슬래브,Material,General,m3,141753.62,141753.62,141753.62,141753.62,1,KRW,7144.38,0.0504,18,18,建筑工程,???? ? ?????? ??,철근 공사,프로파일 및 기타 지붕 자재
800146,전기 샌더,Equipment,General,machine-shift,1720.26,1720.26,1720.26,1720.26,1,KRW,127.68,0.0742,18,18,建筑工程,?? ? ?? ??,"벽면 방수, 습기 방지",벽면 코팅 방수
100287,알루미늄 프로필 표면,Material,General,m2,24026.04,24026.04,24026.04,24026.04,1,KRW,28230.59,1.175,18,18,建筑工程,"? ? ?? ??, ??? ? ???",??? ??,유리 커튼월
390171,콘크리트 구덩이 없음 400mm,Material,Concrete & Cement,m,7207.81,7207.81,7207.81,7207.81,1,KRW,4470.6,0.6202,18,18,建筑工程,?? ? ?? ??,"수도, 수도 시설",구덩이
040209,석재,Material,General,kg,14.42,14.42,14.42,14.42,1,KRW,1593.73,110.556,18,18,建筑工程,?? ? ?? ??,"수도, 수도 시설",구덩이
080762,잠금형 알루미늄 합금 표면 슬래브(조인트 폭 200mm 이상),Material,General,m,20181.87,20181.87,20181.87,20181.87,1,KRW,20383.69,1.01,18,18,建筑工程,?? ? ?? ??,이동 조인트,벽면 이동 조인트
400055,조적 모르타르 DM7.5-HR,Material,Concrete & Cement,m3,158115.35,158115.35,158115.35,158115.35,1,KRW,27188.92,0.172,18,18,建筑工程,?? ??,,
080758,"벽, 바닥, 천장 알루미늄 합금 판재(조인트 폭 200mm 이내)",Material,General,m,31714.37,31714.37,31714.37,31714.37,1,KRW,32031.51,1.01,18,18,建筑工程,?? ? ?? ??,이동 조인트,벽면 이동 조인트
080759,"벽, 바닥, 천장 알루미늄 합금 판(조인트 폭 200mm 이상)",Material,General,m,34837.75,34837.75,34837.75,34837.75,1,KRW,35186.13,1.01,18,18,建筑工程,?? ? ?? ??,이동 조인트,벽면 이동 조인트
010389,단면 강판 0.6mm,Material,Steel & Metal,m2,10090.94,10090.94,10090.94,10090.94,1,KRW,14205.79,1.4078,18,18,建筑工程,????? ??,"강판 바닥 슬래브, 벽 슬래브",프로파일 및 기타 지붕 자재
080757,"벽, 바닥, 천장 알루미늄 합금 판재 (이음폭 100mm 이내)",Material,General,m,29311.77,29311.77,29311.77,29311.77,1,KRW,29604.88,1.01,18,18,建筑工程,?? ? ?? ??,이동 조인트,벽면 이동 조인트
400007,C20 레디믹스 콘크리트,Material,Concrete & Cement,m3,90097.64,90097.64,90097.64,90097.64,1,KRW,58625.78,0.6507,18,18,建筑工程,???? ? ?????? ??,현장 타설 콘크리트 구조물,
080282,커튼월,Material,General,set,52857.28,52857.28,52857.28,52857.28,1,KRW,18500.05,0.35,18,18,建筑工程,"? ? ?? ??, ??? ? ???",??? ??,유리 커튼월
090688,확장 볼트 M8×80,Material,Fasteners,set,403.64,403.64,403.64,403.64,1,KRW,14487.37,35.892,18,18,建筑工程,"? ? ?? ??, ??? ? ???",?? ?? ???,석재 판넬 벽면
110095,폴리,Material,General,kg,1561.69,1561.69,1561.69,1561.69,1,KRW,1649.36,1.0561,18,18,建筑工程,"? ? ?? ??, ??? ? ???",?? ?? ??,?? ???
010027,보통 강판 1.6 1.9,Material,Steel & Metal,kg,1304.61,1304.61,1304.61,1304.61,1,KRW,664.19,0.5091,18,18,建筑工程,"?? ?? ?? - ?10? ??, ??, ??, ??",,
110139,전기 복합,Material,General,kg,4805.21,4805.21,4805.21,4805.21,1,KRW,800.87,0.1667,18,18,建筑工程,?? ?? ?? - ?4? ???? ??,높이 설치,
850184,메쉬 메쉬,Equipment,General,machine-shift,97142.07,97142.07,97142.07,97142.07,1,KRW,108570.55,1.1176,18,18,建筑工程,?? ?? ?? - ?11? ???? ? ??,(메시) 단일 (DTU NTU),
020201,시멘트 42.5,Material,Concrete & Cement,kg,139.35,139.35,139.35,139.35,1,KRW,31736.54,227.7453,18,18,建筑工程,?? ?? ? ?? ??,기초 굴착,단면 강재 말뚝
040027,"쇄석, 잔석",Material,Aggregates,m3,22656.55,22656.55,22656.55,22656.55,1,KRW,10930.14,0.4824,17,17,建筑工程,?? ?? ? ?? ??,차단층,
850018,SD2460,Equipment,General,machine-shift,2923.97,2923.97,2923.97,2923.97,1,KRW,3918.12,1.34,17,17,建筑工程,?? ?? ?? - ?11? ???? ? ??,GSM,
800157,윈치(단일) 1t 내,Equipment,Hoists,machine-shift,25107.21,25107.21,25107.21,25107.21,1,KRW,2510.72,0.1,17,17,建筑工程,?? ?? ?? - ?11? ???? ? ??,,
090261,원형 못,Material,Fasteners,kg,1681.82,1681.82,1681.82,1681.82,1,KRW,114.66,0.0682,17,17,建筑工程,?? ?? ?? - ?4? ???? ??,벽 및 브러싱 코팅,
400008,C25 레디믹스 콘크리트,Material,Concrete & Cement,m3,93701.55,93701.55,93701.55,93701.55,1,KRW,87133.07,0.9299,17,17,建筑工程,?? ??,기초 말뚝,프로파일 및 기타 지붕 자재
110218,방습 프라이머,Material,Paint & Coatings,kg,4324.69,4324.69,4324.69,4324.69,1,KRW,965.85,0.2233,17,17,建筑工程,"??, ?? ? ?? ??",??? ??,퍼티 전체 얇은 마감
110334,아크릴 높이 코팅,Material,General,kg,4324.69,4324.69,4324.69,4324.69,1,KRW,3089.99,0.7145,17,17,建筑工程,"??, ?? ? ?? ??",?? ? ? ??,?? ??? ??
460103,A3,Material,General,포,15616.92,15616.92,15616.92,15616.92,1,KRW,4721.99,0.3024,17,17,建筑工程,?? ?? ?? - ?5? ?? ??? ???,,설치
110183,CY-401 접착제,Material,General,kg,2642.86,2642.86,2642.86,2642.86,1,KRW,990.77,0.3749,17,17,建筑工程,?? ?? ??,마감층,목재 바닥 슬래브
110213,퍼티,Material,General,kg,648.7,648.7,648.7,648.7,1,KRW,418.76,0.6455,17,17,建筑工程,"??, ?? ? ?? ??",??? ??,??? ??
110285,알키드 바니시,Material,Paint & Coatings,kg,4108.45,4108.45,4108.45,4108.45,1,KRW,597.49,0.1454,17,17,建筑工程,"??, ?? ? ?? ??",직사각형 브러싱,
030109,목재 스트립 30×25,Material,Wood & Timber,m,1081.17,1081.17,1081.17,1081.17,1,KRW,1796.01,1.6612,17,17,建筑工程,?? ? ?? ??,,
030110,목재 수분 차단재 30×20,Material,Wood & Timber,m,961.04,961.04,961.04,961.04,1,KRW,1573.71,1.6375,17,17,建筑工程,?? ? ?? ??,,
091060,아연도금 정사각형 강관 스트립 25×25×1.5,Material,Steel & Metal,m,2162.34,2162.34,2162.34,2162.34,1,KRW,4594.98,2.125,17,17,建筑工程,?? ? ?? ??,,
091061,아연도금 정사각형 강관 물받이 25×25×1.5,Material,Steel & Metal,m,2162.34,2162.34,2162.34,2162.34,1,KRW,2763.82,1.2782,17,17,建筑工程,?? ? ?? ??,,
010015,원형봉 10 이상,Material,General,kg,893.77,893.77,893.77,893.77,1,KRW,1407.41,1.5747,17,17,建筑工程,?? ?? ??,"???, ??, ??? ??","?? ???, ??, ???"
010060,아연 도금 강관 80,Material,Steel & Metal,m,10042.88,10042.88,10042.88,10042.88,1,KRW,19619.07,1.9535,17,17,建筑工程,?? ?? ?? - ?4? ???? ??,벽 및 브러싱 코팅,전기 제작 설치
090341,스테인리스 강판 1.2mm,Material,Steel & Metal,m2,76883.32,76883.32,76883.32,76883.32,1,KRW,148497.06,1.9315,17,17,建筑工程,"? ? ?? ??, ??? ? ???",??(?) ?? ??,??(?) ?? ??
010061,아연도금 강관 100,Material,Steel & Metal,m,13142.24,13142.24,13142.24,13142.24,1,KRW,12968.3,0.9868,17,17,建筑工程,?? ?? ?? - ?4? ???? ??,벽 및 브러싱 코팅,전기 제작 설치
810115,C25 콘크리트,Material,Concrete & Cement,m3,74250.07,74250.07,74250.07,74250.07,1,KRW,2571.52,0.0346,16,16,建筑工程,?? ? ?? ??,?? ?? ? ?? ??,프로파일 및 기타 지붕 자재
800051,커터 500,Equipment,General,machine-shift,2388.19,2388.19,2388.19,2388.19,1,KRW,193.03,0.0808,16,16,建筑工程,????? ??,"강판 바닥 슬래브, 벽 슬래브",슬래브 지붕
090585,18 아연도강선망,Material,Steel & Metal,m2,1862.02,1862.02,1862.02,1862.02,1,KRW,1936.5,1.04,16,16,建筑工程,????? ??,금속,보 및 기둥 표면 일반 미장
110453,폴리우레탄 방습 프라이머,Material,Paint & Coatings,kg,7207.81,7207.81,7207.81,7207.81,1,KRW,830.82,0.1153,16,16,建筑工程,?? ? ?? ??,,천장
800103,트럭 크레인 20t,Equipment,Cranes,machine-shift,238362.31,238362.31,238362.31,238362.31,1,KRW,190.69,0.0008,16,16,建筑工程,?? ? ?? ??,???? ???? ??? ? ???,벽
800113,8t,Equipment,General,machine-shift,55884.56,55884.56,55884.56,55884.56,1,KRW,129.93,0.0023,16,16,建筑工程,?? ? ?? ??,???? ???? ??? ? ???,벽
010066,용접 강관 20,Material,Steel & Metal,m,1597.73,1597.73,1597.73,1597.73,1,KRW,3337.34,2.0888,16,16,建筑工程,?? ??,기초 말뚝,?? ??
080179,전기 알루미늄 장식판,Material,General,m2,22824.74,22824.74,22824.74,22824.74,1,KRW,24993.09,1.095,16,16,建筑工程,"? ? ?? ??, ??? ? ???",?? ?? ??,?? ???
800128,샌드블라스트 3m3/분 5.5kW,Equipment,General,machine-shift,3147.41,3147.41,3147.41,3147.41,1,KRW,270.07,0.0858,16,16,建筑工程,????? ??,금속 접합 구조 현장 및 기타 항목,분무석
060004,세라믹 모자이크 (모자이크),Material,General,m2,5766.25,5766.25,5766.25,5766.25,1,KRW,6183.34,1.0723,16,16,建筑工程,?? ?? ??,바닥 타일,블록 마감 기둥 표면
060044,면 타일 0.015m2 내,Material,General,m2,7207.81,7207.81,7207.81,7207.81,1,KRW,7096.93,0.9846,16,16,建筑工程,?? ?? ??,장식용,?? ?? ??
010174,스테인리스 강,Material,Steel & Metal,m,16962.38,16962.38,16962.38,16962.38,1,KRW,9147.47,0.5393,16,16,建筑工程,?? ?? ??,계단 마감층,유리 칸막이
030063,목재 슬래브,Material,Wood & Timber,m2,6727.29,6727.29,6727.29,6727.29,1,KRW,43356.71,6.4449,16,16,建筑工程,? ? ?? ??,"문, 창문",벽
800249,철근 절곡기 40,Equipment,General,machine-shift,2400.2,2400.2,2400.2,2400.2,1,KRW,495.64,0.2065,16,16,建筑工程,???? ? ?????? ??,철근 공사,
400006,C15 레디믹스 콘크리트,Material,Concrete & Cement,m3,86493.73,86493.73,86493.73,86493.73,1,KRW,8892.64,0.1028,16,16,建筑工程,???? ? ?????? ??,현장 타설 콘크리트 블라인딩 층,기초 블라인딩 층
010133,아연도금,Material,General,m2,10859.77,10859.77,10859.77,10859.77,1,KRW,6838.4,0.6297,16,16,建筑工程,?? ? ?? ??,?? ?? ? ?? ??,지붕 배수
010055,아연 도금 강관 25,Material,Steel & Metal,m,3051.31,3051.31,3051.31,3051.31,1,KRW,2847.25,0.9331,16,16,建筑工程,?? ?? ?? - ?4? ???? ??,벽 및 브러싱 코팅,???? ??
050003,강화유리 12mm,Material,Glass,m2,50454.68,50454.68,50454.68,50454.68,1,KRW,40616.02,0.805,16,16,建筑工程,?? ?? ??,"???, ??, ??? ??","?? ???, ??, ???"
050045,접착 유리,Material,Glass,m2,33636.45,33636.45,33636.45,33636.45,1,KRW,27077.34,0.805,16,16,建筑工程,?? ?? ??,"???, ??, ??? ??","?? ???, ??, ???"
050046,접착 유리(곡면),Material,Glass,m2,52857.28,52857.28,52857.28,52857.28,1,KRW,42550.11,0.805,16,16,建筑工程,?? ?? ??,"???, ??, ??? ??","?? ???, ??, ???"
100029,석유역청,Material,Waterproofing,kg,1057.15,1057.15,1057.15,1057.15,1,KRW,6437.81,6.0898,16,16,建筑工程,?? ? ?? ??,?? ?? ? ?? ??,지붕(발코니) () 방수
110458,플루오르카본 금속 페인트 (이중),Material,Steel & Metal,kg,23065.0,23065.0,23065.0,23065.0,1,KRW,10255.85,0.4446,15,15,建筑工程,"??, ?? ? ?? ??",?? ?? ??,유리 벽 페인트
800036,500A,Equipment,General,machine-shift,9490.28,9490.28,9490.28,9490.28,1,KRW,14320.84,1.509,15,15,建筑工程,?? ? ?? ??,?? ?? ? ?? ??,지붕 방수막
110610,불소수지 페인트,Material,Paint & Coatings,kg,3964.3,3964.3,3964.3,3964.3,1,KRW,1299.4,0.3278,15,15,建筑工程,"??, ?? ? ?? ??",?? ?? ??,유리 벽 페인트
060002,바닥 벽돌 0.16m2 내,Material,General,m2,13118.22,13118.22,13118.22,13118.22,1,KRW,16581.43,1.264,15,15,建筑工程,?? ?? ??,바닥 타일,
110017,혼합 페인트,Material,Paint & Coatings,kg,4180.53,4180.53,4180.53,4180.53,1,KRW,100.16,0.024,15,15,建筑工程,"??, ?? ? ?? ??",?? ?? ??,목재 바닥판 페인트
100398,플루오르카본 금속 페인트 신너,Material,Steel & Metal,kg,5477.94,5477.94,5477.94,5477.94,1,KRW,272.66,0.0498,15,15,建筑工程,"??, ?? ? ?? ??",?? ?? ??,유리 벽 페인트
100397,플루오르카본 페인트 신너,Material,Paint & Coatings,kg,4444.82,4444.82,4444.82,4444.82,1,KRW,121.22,0.0273,15,15,建筑工程,"??, ?? ? ?? ??",?? ?? ??,유리 벽 페인트
030010,슬래브,Material,General,m2,4156.5,4156.5,4156.5,4156.5,1,KRW,4554.49,1.0958,15,15,建筑工程,"? ? ?? ??, ??? ? ???",?? ?? ??,?? ???
080184,종이 마감 석고보드 12mm,Material,Wood & Timber,m2,3027.28,3027.28,3027.28,3027.28,1,KRW,2825.32,0.9333,15,15,建筑工程,"? ? ?? ??, ??? ? ???",?? ?? ??,?? ???
800642,타워 크레인 250T M,Equipment,Cranes,machine-shift,269307.85,269307.85,269307.85,269307.85,1,KRW,3001.29,0.0111,15,15,建筑工程,?? ? ?? ??,?? ??,?? ??
800578,전기 공사,Equipment,General,machine-shift,66573.75,66573.75,66573.75,66573.75,1,KRW,133147.49,2.0,15,15,建筑工程,?? ?? ?? - ?11? ???? ? ??,전기 없음,
800123,공기 압축기 복합체,Equipment,Compressors,machine-shift,47018.95,47018.95,47018.95,47018.95,1,KRW,32270.68,0.6863,15,15,建筑工程,목조 구조 작업,구조용 목재,방청 도장
800641,타워 크레인 150T M,Equipment,Cranes,machine-shift,188652.44,188652.44,188652.44,188652.44,1,KRW,3358.01,0.0178,15,15,建筑工程,?? ? ?? ??,?? ??,?? ??
090111,볼트 20×(85 100) 포함,Material,Fasteners,set,612.66,612.66,612.66,612.66,1,KRW,100427.87,163.92,15,15,建筑工程,"?? ?? ?? - ?10? ??, ??, ??, ??",제작 설치,방수 제작
110216,유성 투명 페인트,Material,Paint & Coatings,kg,1681.82,1681.82,1681.82,1681.82,1,KRW,701.32,0.417,15,15,建筑工程,"??, ?? ? ?? ??",?? ? ? ??,?? ??? ??
310048,자가 접착 접착제 포함,Material,General,단위,857.73,857.73,857.73,857.73,1,KRW,117.79,0.1373,15,15,建筑工程,?? ?? ?? - ?4? ???? ??,전기 설비,전기 매입 설치
080734,장식용 알루미늄 판,Material,General,m2,100909.36,100909.36,100909.36,100909.36,1,KRW,105954.82,1.05,15,15,建筑工程,"? ? ?? ??, ??? ? ???",?? ?? ??,?? ???
810017,1: 1: 6 복합 모르타르,Material,Concrete & Cement,m3,53294.56,53294.56,53294.56,53294.56,1,KRW,176.54,0.0033,15,15,建筑工程,"? ? ?? ??, ??? ? ???",기둥(보) 표면 미장,보 및 기둥 표면 일반 미장
090430,스테인리스 강,Material,Steel & Metal,m,4853.26,4853.26,4853.26,4853.26,1,KRW,7471.96,1.5396,15,15,建筑工程,? ? ?? ??,??(?) ?? ??,??(?) ?? ??
090340,거울 마감 스테인리스 강판 0.8mm,Material,Steel & Metal,m2,67272.9,67272.9,67272.9,67272.9,1,KRW,91568.51,1.3611,15,15,建筑工程,? ? ?? ??,?? ?? ??,?? ???
010054,아연도강관 20,Material,Steel & Metal,m,2119.1,2119.1,2119.1,2119.1,1,KRW,1782.16,0.841,15,15,建筑工程,?? ?? ?? - ?4? ???? ??,,???? ??
150035,스트립,Material,General,m,444.48,444.48,444.48,444.48,1,KRW,1058.02,2.3803,15,15,建筑工程,?? ? ?? ??,?? ?? ? ?? ??,프로파일 및 기타 지붕 자재
800651,일반 전기 이중 (100 내),Equipment,General,machine-shift,67849.53,67849.53,67849.53,67849.53,1,KRW,789.88,0.0116,15,15,建筑工程,?? ? ?? ??,?? ??,?? ??
110344,폴리우레탄 상도,Material,General,kg,8409.11,8409.11,8409.11,8409.11,1,KRW,1873.55,0.2228,14,14,建筑工程,"??, ?? ? ?? ??",?? ?? ??,"금속문, 창문 도장"
850089,전기 JBC,Equipment,General,machine-shift,8697.43,8697.43,8697.43,8697.43,1,KRW,39741.02,4.5693,14,14,建筑工程,?? ?? ?? - ?4? ???? ??,고전압 전기,전기
110065,프라이머,Material,Paint & Coatings,kg,7616.25,7616.25,7616.25,7616.25,1,KRW,2573.8,0.3379,14,14,建筑工程,"?? ?? ?? - ?12? ??, ??, ??",직사각형 브러싱,수중 슬래브
110775,접착 프라이머,Material,Paint & Coatings,kg,8216.9,8216.9,8216.9,8216.9,1,KRW,2156.94,0.2625,14,14,建筑工程,"??, ?? ? ?? ??",?? ?? ??,"금속문, 창문 도장"
170653,물 1.5,Material,Water,m,1441.56,1441.56,1441.56,1441.56,1,KRW,1300.13,0.9019,14,14,建筑工程,?? ? ?? ??,"수도, 수도 시설",구덩이
380095,강관 구덩이 370mm5mm 두께,Material,Steel & Metal,m,76883.32,76883.32,76883.32,76883.32,1,KRW,611.77,0.008,14,14,建筑工程,?? ? ?? ??,"수도, 수도 시설",구덩이
810141,폴리 접착제,Material,General,m3,7409629.87,7409629.87,7409629.87,7409629.87,1,KRW,27839.04,0.0038,14,14,建筑工程,?? ? ?? ??,방청 마감층,방청 접착 마감층
810100,이중 A형 폴리 접착제,Material,General,m3,7337984.23,7337984.23,7337984.23,7337984.23,1,KRW,27569.86,0.0038,14,14,建筑工程,?? ? ?? ??,방청 마감층,방청 접착 마감층
110595,"두께 유형, 유리 코팅 페인트 신너",Material,Paint & Coatings,kg,6006.51,6006.51,6006.51,6006.51,1,KRW,86.64,0.0144,14,14,建筑工程,"??, ?? ? ?? ??",?? ?? ??,"금속문, 창문 도장"
110597,유형 코팅 페인트 신너,Material,Paint & Coatings,kg,6246.77,6246.77,6246.77,6246.77,1,KRW,72.15,0.0116,14,14,建筑工程,"??, ?? ? ?? ??",?? ?? ??,"금속문, 창문 도장"
110259,코팅 코팅,Material,General,kg,2402.6,2402.6,2402.6,2402.6,1,KRW,262.2,0.1091,14,14,建筑工程,"??, ?? ? ?? ??",?? ? ? ??,?? ??? ??
040058,일반 석재,Material,General,kg,14.42,14.42,14.42,14.42,1,KRW,120.75,8.3764,14,14,建筑工程,"? ? ?? ??, ??? ? ???",미장,장식용 벽 미장
110594,"두께형, 유리 코팅 페인트",Material,Paint & Coatings,kg,6727.29,6727.29,6727.29,6727.29,1,KRW,1623.46,0.2413,14,14,建筑工程,"??, ?? ? ?? ??",?? ?? ??,"금속문, 창문 도장"
110596,도장용 페인트,Material,Paint & Coatings,kg,6487.03,6487.03,6487.03,6487.03,1,KRW,917.1,0.1414,14,14,建筑工程,"??, ?? ? ?? ??",?? ?? ??,"금속문, 창문 도장"
110598,접착 코팅 페인트,Material,Paint & Coatings,kg,4324.69,4324.69,4324.69,4324.69,1,KRW,969.81,0.2242,14,14,建筑工程,"??, ?? ? ?? ??",?? ?? ??,"금속문, 창문 도장"
110502,접착 상도,Material,General,kg,7880.54,7880.54,7880.54,7880.54,1,KRW,2557.24,0.3245,14,14,建筑工程,"??, ?? ? ?? ??",?? ?? ??,"금속문, 창문 도장"
110470,아크릴 벽 페인트 유형 (단일) 프라이머,Material,Paint & Coatings,kg,7688.33,7688.33,7688.33,7688.33,1,KRW,1022.74,0.133,14,14,建筑工程,"??, ?? ? ?? ??",?? ?? ??,유리 벽 페인트
110469,아크릴 벽 페인트 유형 (단일),Material,Paint & Coatings,kg,7688.33,7688.33,7688.33,7688.33,1,KRW,2184.06,0.2841,14,14,建筑工程,"??, ?? ? ?? ??",?? ?? ??,유리 벽 페인트
080190,전기 알루미늄 25.4×2,Material,General,m,718.38,718.38,718.38,718.38,1,KRW,1478.53,2.0582,14,14,建筑工程,"? ? ?? ??, ??? ? ???",?? ?? ??,?? ???
130038,암면 슬래브,Material,Aggregates,m3,156169.24,156169.24,156169.24,156169.24,1,KRW,7652.29,0.049,14,14,建筑工程,?? ? ?? ??,?? ??,천장
090347,스테인리스 강 난간 75,Material,Steel & Metal,m,35918.93,35918.93,35918.93,35918.93,1,KRW,40588.39,1.13,14,14,建筑工程,?? ?? ??,"???, ??, ??? ??","?? ???, ??, ???"
091477,볼트 T18,Material,Fasteners,m,4805.21,4805.21,4805.21,4805.21,1,KRW,105.87,0.022,14,14,建筑工程,?? ? ?? ??,???? ???? ??? ? ???,열
800609,폴리 스프레이 기계,Equipment,General,machine-shift,9610.41,9610.41,9610.41,9610.41,1,KRW,6.54,0.0007,14,14,建筑工程,?? ? ?? ??,?? ?? ? ?? ??,지붕 코팅 방수
090068,아연 도금 너트 12,Material,Fasteners,pcs,84.09,84.09,84.09,84.09,1,KRW,34.18,0.4065,14,14,建筑工程,?? ?? ?? - ?7? ?? ? ??,,"강판 직사각형 설치 (1.2mm 내외, )"
060028,대리석,Material,General,m2,2162.34,2162.34,2162.34,2162.34,1,KRW,2275.06,1.0521,14,14,建筑工程,?? ?? ??,바닥 타일,파쇄석 벽면 (011204002)
110471,폴리우레탄 벽 페인트 (이중),Material,Paint & Coatings,kg,8649.37,8649.37,8649.37,8649.37,1,KRW,2567.78,0.2969,14,14,建筑工程,"??, ?? ? ?? ??",?? ?? ??,유리 벽 페인트
010576,단면 강기둥 (추가),Material,Steel & Metal,kg,1801.95,1801.95,1801.95,1801.95,1,KRW,395.18,0.2193,14,14,建筑工程,?? ? ?? ??,???? ???? ??? ? ???,열
090370,손잡이 75,Material,General,m,63500.82,63500.82,63500.82,63500.82,1,KRW,71755.92,1.13,14,14,建筑工程,?? ?? ??,"???, ??, ??? ??","?? ???, ??, ???"
010070,용접 강관 50,Material,Steel & Metal,m,4588.97,4588.97,4588.97,4588.97,1,KRW,4210.64,0.9176,14,14,建筑工程,?? ? ?? ??,?? ?? ? ?? ??,지붕 ()
100097,폴리,Material,General,m2,494.94,494.94,494.94,494.94,1,KRW,689.86,1.3938,14,14,建筑工程,?? ? ?? ??,?? ?? ? ?? ??,지붕 코팅 방수
100262,폴리 방수 코팅,Material,Waterproofing,kg,15616.92,15616.92,15616.92,15616.92,1,KRW,23480.83,1.5036,14,14,建筑工程,?? ? ?? ??,?? ?? ? ?? ??,지붕 코팅 방수
110472,폴리우레탄 벽 페인트(이중) 프라이머,Material,Paint & Coatings,kg,8000.67,8000.67,8000.67,8000.67,1,KRW,1068.09,0.1335,14,14,建筑工程,"??, ?? ? ?? ??",?? ?? ??,유리 벽 페인트
110261,도장 표면 도장,Material,General,kg,4324.69,4324.69,4324.69,4324.69,1,KRW,1566.98,0.3623,14,14,建筑工程,"??, ?? ? ?? ??",?? ? ? ??,?? ??? ??
110260,코팅 코팅,Material,General,kg,3363.65,3363.65,3363.65,3363.65,1,KRW,734.4,0.2183,14,14,建筑工程,"??, ?? ? ?? ??",?? ? ? ??,?? ??? ??
400032,석고 모르타르 DP-LR,Material,Concrete & Cement,m3,114363.94,114363.94,114363.94,114363.94,1,KRW,354.53,0.0031,14,14,建筑工程,"? ? ?? ??, ??? ? ???",기둥(보) 표면 미장,벽면 표면 메꿈
800208,18m3/min,Equipment,General,machine-shift,4685.08,4685.08,4685.08,4685.08,1,KRW,375.14,0.0801,14,14,建筑工程,"?? ?? ?? - ?12? ??, ??, ??",살포,분무석
091169,아연 도금 강선 8,Material,Steel & Metal,kg,1609.74,1609.74,1609.74,1609.74,1,KRW,3231.78,2.0076,13,13,建筑工程,?? ?? ?? - ?11? ???? ? ??,파일,수중 기둥
090920,콘크리트 못,Material,Concrete & Cement,pcs,1249.35,1249.35,1249.35,1249.35,1,KRW,5672.07,4.54,13,13,建筑工程,?? ? ?? ??,,
110770,일반 아크릴 페인트 신너,Material,Paint & Coatings,kg,1874.03,1874.03,1874.03,1874.03,1,KRW,39.35,0.021,13,13,建筑工程,"??, ?? ? ?? ??",?? ?? ??,유리 벽 페인트
110466,일반 아크릴 금속 페인트 (단일),Material,Steel & Metal,kg,8505.22,8505.22,8505.22,8505.22,1,KRW,3151.75,0.3706,13,13,建筑工程,"??, ?? ? ?? ??",?? ?? ??,유리 벽 페인트
110608,일반 아크릴 페인트,Material,Paint & Coatings,kg,3483.78,3483.78,3483.78,3483.78,1,KRW,1189.14,0.3413,13,13,建筑工程,"??, ?? ? ?? ??",?? ?? ??,유리 벽 페인트
110474,플루오르카본 페인트(이중) 프라이머,Material,Paint & Coatings,kg,7928.59,7928.59,7928.59,7928.59,1,KRW,1070.1,0.135,13,13,建筑工程,"??, ?? ? ?? ??",?? ?? ??,유리 벽 페인트
110473,플루오르카본 페인트(이중),Material,Paint & Coatings,kg,7207.81,7207.81,7207.81,7207.81,1,KRW,1446.37,0.2007,13,13,建筑工程,"??, ?? ? ?? ??",?? ?? ??,유리 벽 페인트
110229,접착제,Material,General,kg,3603.91,3603.91,3603.91,3603.91,1,KRW,232.81,0.0646,13,13,建筑工程,"??, ?? ? ?? ??",,
110480,프라이머 신너 없음,Equipment,General,kg,4300.66,4300.66,4300.66,4300.66,1,KRW,463.4,0.1078,13,13,建筑工程,"??, ?? ? ?? ??",?? ?? ??,"금속문, 창문 도장"
110492,프라이머 없음,Equipment,General,kg,7279.89,7279.89,7279.89,7279.89,1,KRW,1632.52,0.2242,13,13,建筑工程,"??, ?? ? ?? ??",?? ?? ??,"금속문, 창문 도장"
090467,스테인리스 강판 3mm,Material,Steel & Metal,pcs,1830.78,1830.78,1830.78,1830.78,1,KRW,15284.39,8.3485,13,13,建筑工程,"? ? ?? ??, ??? ? ???",?? ?? ??,?? ???
110320,석탄,Material,General,kg,245.07,245.07,245.07,245.07,1,KRW,81.07,0.3308,13,13,建筑工程,?? ? ?? ??,??,분리층
010065,용접 강관 15,Material,Steel & Metal,m,1225.33,1225.33,1225.33,1225.33,1,KRW,1163.12,0.9492,13,13,建筑工程,?? ?? ?? - ?4? ???? ??,?? ??,?? ??
110592,실링 페인트 신너,Material,Paint & Coatings,kg,3123.38,3123.38,3123.38,3123.38,1,KRW,158.88,0.0509,13,13,建筑工程,"??, ?? ? ?? ??",?? ?? ??,"금속문, 창문 도장"
800347,크롤러 크레인 40t,Equipment,Cranes,machine-shift,263926.02,263926.02,263926.02,263926.02,1,KRW,9844.44,0.0373,13,13,建筑工程,?? ? ?? ??,?? ??,?? ??
800117,개구리 래머,Equipment,General,machine-shift,2380.98,2380.98,2380.98,2380.98,1,KRW,50.8,0.0213,13,13,建筑工程,토공 및 암석 작업,백필,기초 되메우기
080025,U자형 경량 강철 케일 CB50-2,Material,Steel & Metal,pcs,151.36,151.36,151.36,151.36,1,KRW,513.24,3.3907,13,13,建筑工程,?? ??,?? ?? ? ?? ??,?? ???
100090,유리,Material,Glass,m2,672.73,672.73,672.73,672.73,1,KRW,1263.06,1.8775,13,13,建筑工程,?? ? ?? ??,"벽면 방수, 습기 방지",벽면 코팅 방수
120061,플라스틱 시트,Material,General,kg,3363.65,3363.65,3363.65,3363.65,1,KRW,7429.47,2.2088,13,13,建筑工程,"? ? ?? ??, ??? ? ???",??(?) ?? ??,??(?) ?? ??
090447,아연도 철사 18 22,Material,Steel & Metal,kg,1321.43,1321.43,1321.43,1321.43,1,KRW,5386.74,4.0764,13,13,建筑工程,???? ? ?????? ??,철근 공사,?? ???
010075,용접 강관 150,Material,Steel & Metal,m,17394.85,17394.85,17394.85,17394.85,1,KRW,11841.88,0.6808,13,13,建筑工程,?? ?? ? ?? ??,기초 굴착,단면 강재 말뚝
090034,8,Material,General,pcs,4.81,4.81,4.81,4.81,1,KRW,47.05,9.792,13,13,建筑工程,?? ?? ?? - ?6? ???? ??,및,
090036,12,Material,General,pcs,7.21,7.21,7.21,7.21,1,KRW,151.24,20.9829,13,13,建筑工程,?? ?? ?? - ?6? ???? ??,,
070001,목재 몰딩,Material,Wood & Timber,m,305.13,305.13,305.13,305.13,1,KRW,54.46,0.1784,13,13,建筑工程,?? ?? ??,마감층,목재 바닥 슬래브
800204,크레인 3t,Equipment,Cranes,machine-shift,56648.59,56648.59,56648.59,56648.59,1,KRW,74930.64,1.3227,13,13,建筑工程,?? ?? ?? - ?5? ?? ??? ???,설치,
850119,IGS 전기 높이 CTS-8,Equipment,General,machine-shift,1777.93,1777.93,1777.93,1777.93,1,KRW,1648.69,0.9273,13,13,建筑工程,?? ?? ?? - ?4? ???? ??,전기,"10kV, 단상"
010053,아연 도금 강관 15,Material,Steel & Metal,m,1628.97,1628.97,1628.97,1628.97,1,KRW,1916.54,1.1765,13,13,建筑工程,?? ?? ?? - ?4? ???? ??,,???? ??
110768,실란트 프라이머,Material,Paint & Coatings,kg,2085.46,2085.46,2085.46,2085.46,1,KRW,294.99,0.1415,12,12,建筑工程,"??, ?? ? ?? ??",?? ?? ??,유리 벽 페인트
091445,경첩,Material,General,pair,1681.82,1681.82,1681.82,1681.82,1,KRW,5926.28,3.5237,12,12,建筑工程,?? ?? ??,,
010140,아연 도금 원형봉 10 내경,Material,General,kg,1453.58,1453.58,1453.58,1453.58,1,KRW,1166.6,0.8026,12,12,建筑工程,?? ?? ?? - ?4? ???? ??,설치,지반 슬래브 제작 설치
091468,아연 도금 확장 볼트 6,Material,Fasteners,set,288.31,288.31,288.31,288.31,1,KRW,1176.31,4.08,12,12,建筑工程,?? ?? ?? - ?4? ???? ??,설치,
060079,특수형 마감 석재 슬래브 20mm 두께,Material,General,m2,84091.13,84091.13,84091.13,84091.13,1,KRW,86193.41,1.025,12,12,建筑工程,"? ? ?? ??, ??? ? ???",??(?) ?? ?? ? ?? ?? ??,석재 기둥 표면
060045,0.015m2 초과 면 타일,Material,General,m2,8409.11,8409.11,8409.11,8409.11,1,KRW,7967.63,0.9475,12,12,建筑工程,"? ? ?? ??, ??? ? ???",?? ?? ???,?? ?? ??
110605,수성 알키드 상도,Material,Water,kg,6727.29,6727.29,6727.29,6727.29,1,KRW,859.58,0.1278,12,12,建筑工程,"??, ?? ? ?? ??",?? ?? ??,"???, ???, ?? ?? ??"
060093,완성 제품 석재 판 5mm,Material,General,m2,86493.73,86493.73,86493.73,86493.73,1,KRW,86782.05,1.0033,12,12,建筑工程,? ? ?? ??,"문, 창문",
120026,20×40 포함,Material,General,단위,1290.2,1290.2,1290.2,1290.2,1,KRW,363.41,0.2817,12,12,建筑工程,?? ?? ?? - ?4? ???? ??,"전기, 설치",
830078,"형강 거푸집(형식, 높이, 볼트)",Material,Steel & Metal,m2-day,360.39,360.39,360.39,360.39,1,KRW,2036.81,5.6517,12,12,建筑工程,?? ? ?? ??,???? ???? ??? ? ???,벽
080736,장식용 스테인리스 강판,Material,Steel & Metal,m2,38441.66,38441.66,38441.66,38441.66,1,KRW,40363.74,1.05,12,12,建筑工程,"? ? ?? ??, ??? ? ???",?? ?? ??,?? ???
080735,장식용 알루미늄 판,Material,General,m2,108117.17,108117.17,108117.17,108117.17,1,KRW,113523.03,1.05,12,12,建筑工程,"? ? ?? ??, ??? ? ???",?? ?? ??,?? ???
090137,볼트 16×(150 250)로 아연 도금,Material,Fasteners,set,1258.96,1258.96,1258.96,1258.96,1,KRW,10273.15,8.16,12,12,建筑工程,?? ?? ?? - ?4? ???? ??,전기 설치 유형,
110137,도장,Material,General,kg,4324.69,4324.69,4324.69,4324.69,1,KRW,1992.78,0.4608,12,12,建筑工程,"??, ?? ? ?? ??",?? ? ? ??,금속 구조물 브러싱 코팅
800569,하수 펌프 150,Equipment,Pumps,machine-shift,6727.29,6727.29,6727.29,6727.29,1,KRW,326.12,0.0485,12,12,建筑工程,?? ?? ? ?? ??,"수도, 수도 시설",수 water
110104,석탄 역청 페인트,Material,Paint & Coatings,kg,3435.72,3435.72,3435.72,3435.72,1,KRW,1152.4,0.3354,12,12,建筑工程,"?? ?? ?? - ?12? ??, ??, ??",직사각형 브러싱,
110601,수성 플루오르카본 페인트,Material,Paint & Coatings,kg,7207.81,7207.81,7207.81,7207.81,1,KRW,2741.13,0.3803,12,12,建筑工程,"??, ?? ? ?? ??",?? ?? ??,"???, ???, ?? ?? ??"
100316,접착 방수막(자가접착식) 1.5mm 두께,Material,Waterproofing,m2,10811.72,10811.72,10811.72,10811.72,1,KRW,12229.4,1.1311,12,12,建筑工程,?? ? ?? ??,?? ?? ? ?? ??,지붕 방수막
110185,접착제,Material,General,kg,1578.51,1578.51,1578.51,1578.51,1,KRW,295.33,0.1871,12,12,建筑工程,?? ? ?? ??,?? ?? ? ?? ??,지붕 방수막
100375,접착 방수막 () 1.5mm 두께,Material,Waterproofing,m2,6006.51,6006.51,6006.51,6006.51,1,KRW,6757.99,1.1251,12,12,建筑工程,?? ? ?? ??,?? ?? ? ?? ??,지붕 방수막
130006,유리 울,Material,Glass,m3,50454.68,50454.68,50454.68,50454.68,1,KRW,1847.9,0.0366,12,12,建筑工程,?? ? ?? ??,?? ?? ??,?? ???
100264,접착 방수 코팅,Material,Waterproofing,kg,4204.56,4204.56,4204.56,4204.56,1,KRW,7826.5,1.8614,12,12,建筑工程,?? ? ?? ??,?? ?? ? ?? ??,지붕 코팅 방수
810168,모르타르 DM7.5-MR,Material,Concrete & Cement,m3,345974.94,345974.94,345974.94,345974.94,1,KRW,26901.47,0.0778,12,12,建筑工程,?? ??,블록 조적,
100266,폴리 시멘트(JS) 방수 코팅,Material,Concrete & Cement,kg,2955.2,2955.2,2955.2,2955.2,1,KRW,6396.78,2.1646,12,12,建筑工程,?? ? ?? ??,?? ?? ? ?? ??,지붕 코팅 방수
810176,건식 혼합 모르타르 유형,Material,Concrete & Cement,m3,180195.28,180195.28,180195.28,180195.28,1,KRW,2365.06,0.0131,12,12,建筑工程,?? ? ?? ??,,벽면 표면
810174,회합 모르타르,Material,Concrete & Cement,m3,216234.33,216234.33,216234.33,216234.33,1,KRW,6184.3,0.0286,12,12,建筑工程,?? ? ?? ??,,벽면 표면
100263,아크릴 방수 코팅,Material,Waterproofing,kg,3483.78,3483.78,3483.78,3483.78,1,KRW,8161.97,2.3428,12,12,建筑工程,?? ? ?? ??,?? ?? ? ?? ??,지붕 코팅 방수
150015,알루미늄,Material,General,pcs,93.7,93.7,93.7,93.7,1,KRW,93.7,1.0,12,12,建筑工程,?? ?? ?? - ?9? ??,메쉬 없음,
010067,용접 강관 25,Material,Steel & Metal,m,2323.32,2323.32,2323.32,2323.32,1,KRW,15695.07,6.7555,12,12,建筑工程,?? ??,기초 말뚝,?? ??
080764,"벽, 바닥 접착면 슬래브 (조인트 폭 200mm 이내)",Material,General,m,40844.26,40844.26,40844.26,40844.26,1,KRW,41252.71,1.01,12,12,建筑工程,?? ? ?? ??,이동 조인트,벽면 이동 조인트
400058,조적 모르타르 DM5.0,Material,Concrete & Cement,m3,140864.66,140864.66,140864.66,140864.66,1,KRW,46664.62,0.3313,12,12,建筑工程,?? ??,석조 벽돌공사,
040057,파쇄석,Material,General,kg,16.82,16.82,16.82,16.82,1,KRW,33952.94,2018.8182,12,12,建筑工程,?? ??,석조 벽돌공사,
010031,일반 강판 4.1 7,Material,Steel & Metal,kg,1078.77,1078.77,1078.77,1078.77,1,KRW,10311.77,9.5588,12,12,建筑工程,?? ?? ?? - ?7? ?? ? ??,브래킷 및 제작 설치,브래킷 제작 및 설치
090269,아연 도금 못,Material,Fasteners,kg,2474.68,2474.68,2474.68,2474.68,1,KRW,88.68,0.0358,12,12,建筑工程,?? ?? ?? - ?7? ?? ? ??,,
080765,"벽, 바닥 접착면 슬래브 (조인트 폭 200mm 이상)",Material,General,m,45649.47,45649.47,45649.47,45649.47,1,KRW,46105.97,1.01,12,12,建筑工程,?? ? ?? ??,이동 조인트,벽면 이동 조인트
120050,장식용 판 0.8mm,Material,General,m2,15016.27,15016.27,15016.27,15016.27,1,KRW,21506.64,1.4322,12,12,建筑工程,"? ? ?? ??, ??? ? ???",?? ?? ??,?? ???
800281,단일 토사 굴착 1.0m3,Equipment,General,machine-shift,219597.98,219597.98,219597.98,219597.98,1,KRW,834.47,0.0038,12,12,建筑工程,토공 및 암석 작업,"수도, 수도 시설",일반 토공 굴착
070002,알루미늄 합금 스트립,Material,General,m,1102.8,1102.8,1102.8,1102.8,1,KRW,335.47,0.3042,12,12,建筑工程,?? ?? ??,바닥 타일,바닥
040023,석재,Material,General,kg,55.26,55.26,55.26,55.26,1,KRW,13574.21,245.6431,12,12,建筑工程,토공 및 암석 작업,백필,지반 되메우기
110663,시멘트 접합 방수 코팅,Material,Concrete & Cement,kg,4324.69,4324.69,4324.69,4324.69,1,KRW,7313.05,1.691,12,12,建筑工程,?? ? ?? ??,"벽면 방수, 습기 방지",벽면 코팅 방수
030090,슬래브,Material,General,m2,2955.2,2955.2,2955.2,2955.2,1,KRW,3125.08,1.0575,12,12,建筑工程,?? ? ?? ??,?? ?? ? ?? ??,지붕 ()
400042,표면 모르타르 DBI,Material,Concrete & Cement,m3,939418.05,939418.05,939418.05,939418.05,1,KRW,2294.86,0.0024,12,12,建筑工程,?? ? ?? ??,방수 보호층,천장
030070,슬래브,Material,General,m2,15616.92,15616.92,15616.92,15616.92,1,KRW,29633.11,1.8975,12,12,建筑工程,"? ? ?? ??, ??? ? ???",?? ?? ??,?? ???
130101,수 water,Material,Water,kg,6006.51,6006.51,6006.51,6006.51,1,KRW,254.68,0.0424,12,12,建筑工程,?? ? ?? ??,,벽면 표면
080763,"벽, 바닥 접착면 슬래브 (이음폭 100mm 이내)",Material,General,m,38441.66,38441.66,38441.66,38441.66,1,KRW,38826.08,1.01,12,12,建筑工程,?? ? ?? ??,이동 조인트,벽면 이동 조인트
090067,아연 도금 너트 10,Material,Fasteners,pcs,33.64,33.64,33.64,33.64,1,KRW,99.96,2.9718,12,12,建筑工程,?? ?? ?? - ?7? ?? ? ??,설치,"강판 직사각형 설치 (1.2mm 내외, )"
080280,스트립,Material,General,m,1922.08,1922.08,1922.08,1922.08,1,KRW,720.78,0.375,12,12,建筑工程,"? ? ?? ??, ??? ? ???",??? ??,유리 커튼월
050032,강철 접착 유리,Material,Steel & Metal,m2,96104.15,96104.15,96104.15,96104.15,1,KRW,98620.33,1.0262,12,12,建筑工程,"? ? ?? ??, ??? ? ???",??? ??,유리 커튼월
080116,T형 경량 강철 주형 TB-1X,Material,Steel & Metal,pcs,91.3,91.3,91.3,91.3,1,KRW,179.28,1.9638,12,12,建筑工程,?? ??,?? ?? ? ?? ??,?? ???
150166,(),Material,General,pcs,1828.38,1828.38,1828.38,1828.38,1,KRW,1864.95,1.02,12,12,建筑工程,?? ?? ?? - ?5? ?? ??? ???,설치,전기
800154,AC 용접기 40kVA,Equipment,Welding Equip.,machine-shift,4156.5,4156.5,4156.5,4156.5,1,KRW,793.41,0.1909,12,12,建筑工程,???? ? ?????? ??,철근 공사,방수제
080730,산소,Material,Chemicals,m,917.79,917.79,917.79,917.79,1,KRW,312.05,0.34,12,12,建筑工程,?? ?? ?? - ?5? ?? ??? ???,,
100273,변형 아스팔트 폴리 방수막(자가접착) 3mm 두께,Material,Waterproofing,m2,8649.37,8649.37,8649.37,8649.37,1,KRW,10620.47,1.2279,12,12,建筑工程,?? ? ?? ??,?? ?? ? ?? ??,지붕 방수막
080188,슬래브,Material,General,m2,8216.9,8216.9,8216.9,8216.9,1,KRW,8594.88,1.046,12,12,建筑工程,"? ? ?? ??, ??? ? ???",?? ?? ??,?? ???
010056,아연도강관 32,Material,Steel & Metal,m,3940.27,3940.27,3940.27,3940.27,1,KRW,4043.7,1.0262,12,12,建筑工程,?? ?? ?? - ?4? ???? ??,,???? ??
130041,유리 울 슬래브,Material,Glass,m3,158571.85,158571.85,158571.85,158571.85,1,KRW,7643.16,0.0482,12,12,建筑工程,?? ? ?? ??,,천장
110600,수성 폴리우레탄 목공 상도,Material,Wood & Timber,kg,3916.24,3916.24,3916.24,3916.24,1,KRW,524.28,0.1339,12,12,建筑工程,"??, ?? ? ?? ??",?? ?? ??,"???, ???, ?? ?? ??"
090178,4,Material,General,set,36.04,36.04,36.04,36.04,1,KRW,74.24,2.06,11,11,建筑工程,"?? ?? ?? - ?10? ??, ??, ??, ??","수도, 수도",전기 및 수도 설치
800522,600T 파일,Equipment,General,machine-shift,734139.59,734139.59,734139.59,734139.59,1,KRW,15784.0,0.0215,11,11,建筑工程,?? ??,,
850107,전기 JH5132,Equipment,General,machine-shift,3123.38,3123.38,3123.38,3123.38,1,KRW,3123.38,1.0,11,11,建筑工程,?? ?? ?? - ?4? ???? ??,전기,전기
010073,용접 강관 100,Material,Steel & Metal,m,10379.25,10379.25,10379.25,10379.25,1,KRW,9699.88,0.9345,11,11,建筑工程,?? ?? ?? - ?4? ???? ??,?? ??,?? ??
090860,아연 도금 팽창 볼트 M12×110,Material,Fasteners,set,187.4,187.4,187.4,187.4,1,KRW,393.07,2.0975,11,11,建筑工程,?? ?? ?? - ?9? ??,메쉬 없음,
130020,폴리 슬래브 50,Material,General,m2,5285.73,5285.73,5285.73,5285.73,1,KRW,2854.29,0.54,11,11,建筑工程,?? ? ?? ??,이동 조인트,이음부 충전
090550,확장 볼트 (복합),Material,Fasteners,set,571.82,571.82,571.82,571.82,1,KRW,2686.54,4.6982,11,11,建筑工程,"? ? ?? ??, ??? ? ???",??(?) ?? ??,??(?) ?? ??
460101,"B0, A0",Material,General,단위,38441.66,38441.66,38441.66,38441.66,1,KRW,4286.25,0.1115,11,11,建筑工程,?? ?? ?? - ?5? ?? ??? ???,,설치
100115,양면 접착제 포함,Material,General,m,555.0,555.0,555.0,555.0,1,KRW,2718.03,4.8973,11,11,建筑工程,"? ? ?? ??, ??? ? ???",?? ?? ??,?? ???
090691,스테인리스 강판 0.8mm,Material,Steel & Metal,m2,76282.67,76282.67,76282.67,76282.67,1,KRW,73861.96,0.9683,11,11,建筑工程,?? ? ?? ??,?? ?? ? ?? ??,지붕 배수
800121,콘크리트 믹서 500L,Equipment,General,machine-shift,3892.22,3892.22,3892.22,3892.22,1,KRW,31.62,0.0081,11,11,建筑工程,???? ? ?????? ??,현장 타설 콘크리트 블라인딩 층,바닥 블라인딩 층
850078,몰딩,Equipment,General,machine-shift,85155.48,85155.48,85155.48,85155.48,1,KRW,23478.58,0.2757,11,11,建筑工程,?? ?? ?? - ?11? ???? ? ??,몰딩,
350049,이중 성형 0.5mm,Material,General,m,523.77,523.77,523.77,523.77,1,KRW,32066.36,61.2225,11,11,建筑工程,?? ?? ?? - ?11? ???? ? ??,몰딩,
060059,벽 슬래브,Material,General,m2,21623.43,21623.43,21623.43,21623.43,1,KRW,20715.25,0.958,11,11,建筑工程,"? ? ?? ??, ??? ? ???",?? ?? ???,?? ?? ??
030017,목재 바닥 슬래브,Material,Wood & Timber,m2,10787.69,10787.69,10787.69,10787.69,1,KRW,11327.08,1.05,11,11,建筑工程,?? ?? ??,바닥 타일,목재 바닥 슬래브
090275,철물,Material,Steel & Metal,kg,1033.12,1033.12,1033.12,1033.12,1,KRW,742.43,0.7186,11,11,建筑工程,목조 구조 작업,구조용 목재,
300109,바닥 몰딩 12×100,Material,General,pcs,934.61,934.61,934.61,934.61,1,KRW,1869.23,2.0,11,11,建筑工程,?? ?? ?? - ?11? ???? ? ??,,설치 지반 및 기타 항목
090184,시멘트 못,Material,Concrete & Cement,kg,2354.55,2354.55,2354.55,2354.55,1,KRW,124.79,0.053,11,11,建筑工程,?? ?? ??,마감층,바닥
800395,파워 버기 1t,Equipment,General,machine-shift,30296.83,30296.83,30296.83,30296.83,1,KRW,2094.81,0.0691,11,11,建筑工程,?? ?? ? ?? ??,기초 말뚝,
040072,석재,Material,General,kg,12.01,12.01,12.01,12.01,1,KRW,144.68,12.044,11,11,建筑工程,"? ? ?? ??, ??? ? ???",미장,장식용 벽 미장
090229,아연 도금 평강판,Material,Steel & Metal,kg,970.65,970.65,970.65,970.65,1,KRW,493.36,0.5083,11,11,建筑工程,?? ?? ?? - ?4? ???? ??,메쉬,
800001,트럭 크레인 5t,Equipment,Cranes,machine-shift,75369.68,75369.68,75369.68,75369.68,1,KRW,23981.26,0.3182,11,11,建筑工程,?? ?? ?? - ?4? ???? ??,설치,
010071,용접 강관 70,Material,Steel & Metal,m,6294.82,6294.82,6294.82,6294.82,1,KRW,6174.65,0.9809,11,11,建筑工程,?? ?? ?? - ?4? ???? ??,?? ??,?? ??
010074,용접 강관 125,Material,Steel & Metal,m,14487.7,14487.7,14487.7,14487.7,1,KRW,14244.04,0.9832,11,11,建筑工程,?? ?? ?? - ?4? ???? ??,?? ??,?? ??
850037,2Mb/s,Equipment,General,machine-shift,25263.38,25263.38,25263.38,25263.38,1,KRW,32842.39,1.3,11,11,建筑工程,?? ?? ?? - ?11? ???? ? ??,(),
110030,퍼티,Material,General,kg,2162.34,2162.34,2162.34,2162.34,1,KRW,1070.74,0.4952,11,11,建筑工程,"??, ?? ? ?? ??",?? ?? ??,"?? ??, ?? ??? ??"
850085,622Mb/s,Equipment,General,machine-shift,199122.99,199122.99,199122.99,199122.99,1,KRW,176366.08,0.8857,11,11,建筑工程,?? ?? ?? - ?11? ???? ? ??,(),
110021,페놀 방청 페인트,Material,Paint & Coatings,kg,2931.18,2931.18,2931.18,2931.18,1,KRW,559.21,0.1908,11,11,建筑工程,?? ?? ?? - ?6? ???? ??,직사각형 브러싱,
280397,지면 성형 슬래브,Material,General,set,3988.32,3988.32,3988.32,3988.32,1,KRW,4028.21,1.01,11,11,建筑工程,?? ?? ?? - ?11? ???? ? ??,,설치 지반 및 기타 항목
350224,몰딩 7×1.2,Material,General,kg,7568.2,7568.2,7568.2,7568.2,1,KRW,1513.64,0.2,11,11,建筑工程,?? ?? ?? - ?11? ???? ? ??,,설치 지반 및 기타 항목
090479,알루미늄,Material,General,m,699.16,699.16,699.16,699.16,1,KRW,5251.46,7.5111,11,11,建筑工程,"? ? ?? ??, ??? ? ???",칸막이,칸막이
040052,석재,Material,General,kg,14.42,14.42,14.42,14.42,1,KRW,32363.07,2245.0,11,11,建筑工程,토공 및 암석 작업,백필,기초 되메우기
110201,유화 페인트,Material,Paint & Coatings,kg,3844.17,3844.17,3844.17,3844.17,1,KRW,2883.12,0.75,11,11,建筑工程,"??, ?? ? ?? ??",?? ? ? ??,?? ??? ??
090305,장식용 못,Material,Fasteners,kg,3219.49,3219.49,3219.49,3219.49,1,KRW,168.49,0.0523,11,11,建筑工程,"? ? ?? ??, ??? ? ???",칸막이,칸막이
090123,볼트 8×(110 120)로 아연 도금됨,Material,Fasteners,set,168.18,168.18,168.18,168.18,1,KRW,908.8,5.4036,11,11,建筑工程,?? ?? ?? - ?5? ?? ??? ???,전기 설비,설치
091088,아연 도금 목재 못 4×50,Material,Wood & Timber,pcs,14.42,14.42,14.42,14.42,1,KRW,54.07,3.7511,11,11,建筑工程,?? ?? ?? - ?5? ?? ??? ???,설치,
110303,접착제,Material,General,kg,855.33,855.33,855.33,855.33,1,KRW,435.5,0.5092,11,11,建筑工程,???? ? ?????? ??,현장 타설 콘크리트 구조물,이음부 충전
810093,수성 실리콘 실란트,Material,Water,m3,700121.13,700121.13,700121.13,700121.13,1,KRW,5688.49,0.0081,11,11,建筑工程,?? ? ?? ??,방청 마감층,블록 마감 방청 마감층
090881,아연도금 볼트 M16×(70 75),Material,Fasteners,set,360.39,360.39,360.39,360.39,1,KRW,74.24,0.206,11,11,建筑工程,?? ?? ?? - ?9? ??,메쉬 없음,
010057,아연도강관 40,Material,Steel & Metal,m,4661.05,4661.05,4661.05,4661.05,1,KRW,4781.81,1.0259,11,11,建筑工程,?? ?? ?? - ?4? ???? ??,,???? ??
350037,몰딩 BV-1.0,Material,General,m,187.4,187.4,187.4,187.4,1,KRW,2428.06,12.9564,11,11,建筑工程,?? ?? ?? - ?9? ??,수 water,
100032,아스팔트 접착제,Material,Waterproofing,m3,507117.57,507117.57,507117.57,507117.57,1,KRW,3055.39,0.006,11,11,建筑工程,?? ? ?? ??,방청 마감층,블록 마감 방청 마감층
010059,아연도강관 70,Material,Steel & Metal,m,8000.67,8000.67,8000.67,8000.67,1,KRW,8811.65,1.1014,11,11,建筑工程,?? ?? ?? - ?4? ???? ??,,전기 제작 설치
040024,석탄,Material,General,kg,14.42,14.42,14.42,14.42,1,KRW,1115.57,77.386,11,11,建筑工程,?? ?? ? ?? ??,,
800392,전기 다짐기 20 62kg/m,Equipment,General,machine-shift,3243.52,3243.52,3243.52,3243.52,1,KRW,100.55,0.031,11,11,建筑工程,토공 및 암석 작업,백필,기초 되메우기
110153,접착제 325 200g,Material,General,병,6006.51,6006.51,6006.51,6006.51,1,KRW,1834.72,0.3055,11,11,建筑工程,?? ?? ?? - ?9? ??,메쉬 없음,
850126,높이,Equipment,General,machine-shift,3724.04,3724.04,3724.04,3724.04,1,KRW,13868.31,3.724,10,10,建筑工程,?? ?? ?? - ?4? ???? ??,전기,전기
810094,접착제,Material,General,m3,5159471.36,5159471.36,5159471.36,5159471.36,1,KRW,36245.29,0.007,10,10,建筑工程,?? ? ?? ??,방청 마감층,블록 마감 방청 마감층
080198,알루미늄 합금 스트립 슬래브,Material,General,m2,21623.43,21623.43,21623.43,21623.43,1,KRW,20757.41,0.96,10,10,建筑工程,"? ? ?? ??, ??? ? ???",?? ?? ??,?? ???
030013,목재 슬래브,Material,Wood & Timber,m2,3171.44,3171.44,3171.44,3171.44,1,KRW,3314.15,1.045,10,10,建筑工程,"? ? ?? ??, ??? ? ???",?? ?? ??,?? ???
100465,SBS 개질 아스팔트 방수 멤브레인 () 3mm,Material,Waterproofing,m2,6727.29,6727.29,6727.29,6727.29,1,KRW,8260.37,1.2279,10,10,建筑工程,?? ? ?? ??,?? ?? ? ?? ??,지붕 방수막
120049,PVC 장식판 1.25mm,Material,General,m2,5886.38,5886.38,5886.38,5886.38,1,KRW,6448.53,1.0955,10,10,建筑工程,"? ? ?? ??, ??? ? ???",?? ?? ??,?? ???
080026,U형 강재 CB50-2A,Material,Steel & Metal,pcs,81.69,81.69,81.69,81.69,1,KRW,279.84,3.4257,10,10,建筑工程,?? ??,천장 장식,및
810178,추가 모르타르,Material,Concrete & Cement,m3,108117.17,108117.17,108117.17,108117.17,1,KRW,414.45,0.0038,10,10,建筑工程,"? ? ?? ??, ??? ? ???",기둥(보) 표면 미장,보 및 기둥 표면 일반 미장
110293,도장,Material,General,kg,5333.78,5333.78,5333.78,5333.78,1,KRW,1158.19,0.2171,10,10,建筑工程,"??, ?? ? ?? ??",?? ? ? ??,?? ??? ??
850217,HD-260,Equipment,General,machine-shift,32086.77,32086.77,32086.77,32086.77,1,KRW,34725.02,1.0822,10,10,建筑工程,?? ?? ?? - ?6? ???? ??,,
850220,이중 성형 H6 0.1,Equipment,General,machine-shift,30049.36,30049.36,30049.36,30049.36,1,KRW,40366.31,1.3433,10,10,建筑工程,?? ?? ?? - ?6? ???? ??,메쉬 및,메쉬
010026,일반 강판 1 1.5,Material,Steel & Metal,kg,1379.09,1379.09,1379.09,1379.09,1,KRW,21489.74,15.5825,10,10,建筑工程,?? ?? ?? - ?6? ???? ??,제작 설치,
850212,전기 ZX-25a,Equipment,General,machine-shift,2239.23,2239.23,2239.23,2239.23,1,KRW,207.13,0.0925,10,10,建筑工程,?? ?? ?? - ?6? ???? ??,,
091067,메쉬,Material,General,m2,1922.08,1922.08,1922.08,1922.08,1,KRW,2018.19,1.05,10,10,建筑工程,"? ? ?? ??, ??? ? ???",,장식용 벽 미장
110607,유성 실란트 프라이머,Material,Paint & Coatings,kg,3724.04,3724.04,3724.04,3724.04,1,KRW,344.38,0.0925,10,10,建筑工程,"??, ?? ? ?? ??",?? ?? ??,유리 벽 페인트
090408,아연도금 50,Material,General,pcs,903.38,903.38,903.38,903.38,1,KRW,1621.38,1.7948,10,10,建筑工程,?? ?? ??,"???, ??, ??? ??","?? ???, ??, ???"
090462,아연도강선망,Material,Steel & Metal,m2,1862.02,1862.02,1862.02,1862.02,1,KRW,2019.36,1.0845,10,10,建筑工程,?? ? ?? ??,,벽면 표면
110012,바닥 슬래브 페인트,Material,Paint & Coatings,kg,3363.65,3363.65,3363.65,3363.65,1,KRW,583.34,0.1734,10,10,建筑工程,"??, ?? ? ?? ??",?? ?? ??,목재 바닥판 페인트
110130,페인트,Material,Paint & Coatings,kg,5285.73,5285.73,5285.73,5285.73,1,KRW,1631.18,0.3086,10,10,建筑工程,"??, ?? ? ?? ??",?? ?? ??,"?? ??, ?? ??? ??"
110013,수성 바닥 슬래브 바니시,Material,Paint & Coatings,kg,6006.51,6006.51,6006.51,6006.51,1,KRW,623.03,0.1037,10,10,建筑工程,"??, ?? ? ?? ??",?? ?? ??,목재 바닥판 페인트
110131,페인트,Material,Paint & Coatings,kg,3603.91,3603.91,3603.91,3603.91,1,KRW,124.7,0.0346,10,10,建筑工程,"??, ?? ? ?? ??",?? ?? ??,"?? ??, ?? ??? ??"
090345,스테인리스강 50,Material,Steel & Metal,pcs,5309.75,5309.75,5309.75,5309.75,1,KRW,7186.69,1.3535,10,10,建筑工程,?? ?? ??,"???, ??, ??? ??","?? ???, ??, ???"
050013,유리 8mm,Material,Glass,m2,10811.72,10811.72,10811.72,10811.72,1,KRW,13655.2,1.263,10,10,建筑工程,?? ?? ??,,틀
360045,몰딩 25 몰딩,Material,General,개,3555.85,3555.85,3555.85,3555.85,1,KRW,14365.65,4.04,10,10,建筑工程,?? ?? ?? - ?11? ???? ? ??,전기 몰딩,전기 몰딩
110772,아크릴 폴리우레탄 금속 페인트 신너,Material,Steel & Metal,kg,2450.66,2450.66,2450.66,2450.66,1,KRW,63.22,0.0258,10,10,建筑工程,"??, ?? ? ?? ??",?? ?? ??,유리 벽 페인트
280559,몰딩,Material,General,pcs,192.21,192.21,192.21,192.21,1,KRW,39210.49,204.0,10,10,建筑工程,?? ?? ?? - ?11? ???? ? ??,전기 몰딩,전기 몰딩
800068,C15,Equipment,General,machine-shift,843.31,843.31,843.31,843.31,1,KRW,126.5,0.15,10,10,建筑工程,?? ?? ?? - ?11? ???? ? ??,전기 몰딩,전기 몰딩
010173,강관,Material,Steel & Metal,m,7303.92,7303.92,7303.92,7303.92,1,KRW,1762.68,0.2413,10,10,建筑工程,?? ?? ??,계단 마감층,금속 벽 손잡이
090799,60%,Material,General,kg,19509.14,19509.14,19509.14,19509.14,1,KRW,7569.55,0.388,10,10,建筑工程,?? ?? ?? - ?11? ???? ? ??,(메시) 단일 (DTU NTU),
010141,아연 도금 원형봉 10 이상,Material,General,kg,1480.0,1480.0,1480.0,1480.0,1,KRW,3065.91,2.0716,10,10,建筑工程,?? ?? ?? - ?4? ???? ??,메쉬,수중 기둥
090335,목재,Material,Wood & Timber,pcs,720.78,720.78,720.78,720.78,1,KRW,2476.91,3.4364,10,10,建筑工程,?? ?? ??,,목재
100019,접착제 15,Material,General,m,1398.32,1398.32,1398.32,1398.32,1,KRW,915.62,0.6548,10,10,建筑工程,"?? ?? ?? - ?10? ??, ??, ??, ??",수도 설비,
800652,일반 전기 이중 (200 내),Equipment,General,machine-shift,95191.16,95191.16,95191.16,95191.16,1,KRW,788.72,0.0083,10,10,建筑工程,?? ? ?? ??,?? ??,?? ??
060026,슬래브 (슬래브),Material,General,m2,9610.41,9610.41,9610.41,9610.41,1,KRW,10018.86,1.0425,10,10,建筑工程,"? ? ?? ??, ??? ? ???",?? ?? ??,?? ???
090593,아연도금,Material,General,set,968.25,968.25,968.25,968.25,1,KRW,3342.4,3.452,10,10,建筑工程,?? ?? ?? - ?4? ???? ??,몰딩,설치
010068,용접 강관 32,Material,Steel & Metal,m,3003.25,3003.25,3003.25,3003.25,1,KRW,2859.1,0.952,10,10,建筑工程,?? ?? ?? - ?4? ???? ??,?? ??,?? ??
120169,폴리우레탄,Material,General,m3,168182.26,168182.26,168182.26,168182.26,1,KRW,26.91,0.0002,10,10,建筑工程,?? ? ?? ??,,바닥
800023,공기 압축기 1m3/분,Equipment,Compressors,machine-shift,4036.37,4036.37,4036.37,4036.37,1,KRW,2099.82,0.5202,10,10,建筑工程,토공 및 암석 작업,암석 작업,
110434,석재,Material,General,kg,1489.61,1489.61,1489.61,1489.61,1,KRW,3465.22,2.3262,10,10,建筑工程,"? ? ?? ??, ??? ? ???",미장,일반 석고 작업
800213,수중 펌프 100,Equipment,Pumps,machine-shift,3555.85,3555.85,3555.85,3555.85,1,KRW,729.8,0.2052,10,10,建筑工程,"?? ?? ?? - ?10? ??, ??, ??, ??",,
810142,접착제,Material,General,m3,3382049.15,3382049.15,3382049.15,3382049.15,1,KRW,23674.34,0.007,10,10,建筑工程,?? ? ?? ??,방청 마감층,블록 마감 방청 마감층
850098,전기 YY2814,Equipment,General,machine-shift,3868.19,3868.19,3868.19,3868.19,1,KRW,9863.89,2.55,10,10,建筑工程,?? ?? ?? - ?4? ???? ??,고전압 전기,전기
091469,스트립 2.5,Material,General,kg,52857.28,52857.28,52857.28,52857.28,1,KRW,27142.21,0.5135,10,10,建筑工程,"?? ?? ?? - ?10? ??, ??, ??, ??",설치,
800643,타워 크레인 300T M,Equipment,Cranes,machine-shift,313924.2,313924.2,313924.2,313924.2,1,KRW,2988.56,0.0095,10,10,建筑工程,?? ? ?? ??,?? ??,?? ??
350217,몰딩 BVR-16mm,Material,General,m,2859.1,2859.1,2859.1,2859.1,1,KRW,6092.74,2.131,10,10,建筑工程,?? ?? ?? - ?11? ???? ? ??,몰딩,성형틀 설치
180019,아연 도금 스플라이스 20,Material,General,pcs,937.02,937.02,937.02,937.02,1,KRW,1081.58,1.1543,10,10,建筑工程,?? ?? ?? - ?5? ?? ??? ???,수 water,물 ()
130876,아연도강판 메쉬,Material,Steel & Metal,m2,1681.82,1681.82,1681.82,1681.82,1,KRW,1597.73,0.95,10,10,建筑工程,?? ?? ?? - ?7? ?? ? ??,"금속 메쉬 제작, 설치 (030703007 030703010)",
050001,유리 5mm,Material,Glass,m2,4805.21,4805.21,4805.21,4805.21,1,KRW,10192.09,2.1211,10,10,建筑工程,"? ? ?? ??, ??? ? ???",칸막이,유리 칸막이
810025,1: 0.5: 3 복합 모르타르,Material,Concrete & Cement,m3,64502.7,64502.7,64502.7,64502.7,1,KRW,260.16,0.004,10,10,建筑工程,"? ? ?? ??, ??? ? ???",,
800040,슬래브 6.3×2000,Equipment,General,machine-shift,5550.01,5550.01,5550.01,5550.01,1,KRW,20.2,0.0036,10,10,建筑工程,?? ?? ?? - ?7? ?? ? ??,,
010072,용접 강관 80,Material,Steel & Metal,m,7928.59,7928.59,7928.59,7928.59,1,KRW,7479.31,0.9433,9,9,建筑工程,?? ?? ?? - ?4? ???? ??,?? ??,?? ??
090268,못 4,Material,Fasteners,set,19.22,19.22,19.22,19.22,1,KRW,42.17,2.194,9,9,建筑工程,????? ??,"강판 바닥 슬래브, 벽 슬래브",
090122,볼트 8×(85 100)로 아연 도금,Material,Fasteners,set,156.17,156.17,156.17,156.17,1,KRW,3556.49,22.7733,9,9,建筑工程,?? ?? ?? - ?4? ???? ??,설치,설치
100389,조인트 충전 스트립,Material,General,m,3603.91,3603.91,3603.91,3603.91,1,KRW,426.58,0.1184,9,9,建筑工程,"? ? ?? ??, ??? ? ???",?? ?? ??,?? ???
091463,스테인리스 강,Material,Steel & Metal,kg,5766.25,5766.25,5766.25,5766.25,1,KRW,1198.23,0.2078,9,9,建筑工程,"? ? ?? ??, ??? ? ???",?? ?? ??,?? ???
010069,용접 강관 40,Material,Steel & Metal,m,3603.91,3603.91,3603.91,3603.91,1,KRW,3399.68,0.9433,9,9,建筑工程,?? ?? ?? - ?4? ???? ??,?? ??,?? ??
150085,몰딩,Material,General,pcs,16337.71,16337.71,16337.71,16337.71,1,KRW,102.2,0.0063,9,9,建筑工程,????? ??,금속 접합 구조,
110559,PE 0.3mm 두께,Material,General,m2,912.99,912.99,912.99,912.99,1,KRW,604.86,0.6625,9,9,建筑工程,?? ? ?? ??,?? ?? ? ?? ??,프로파일 및 기타 지붕 자재
110197,도장,Material,General,kg,4805.21,4805.21,4805.21,4805.21,1,KRW,170.05,0.0354,9,9,建筑工程,?? ?? ?? - ?4? ???? ??,메쉬,제작
130887,두께),Material,General,m2,48052.07,48052.07,48052.07,48052.07,1,KRW,49813.98,1.0367,9,9,建筑工程,?? ? ?? ??,?? ?? ? ?? ??,프로파일 및 기타 지붕 자재
030016,슬래브 스트립 1000×30×8,Material,General,100 pcs,3820.14,3820.14,3820.14,3820.14,1,KRW,80.22,0.098,9,9,建筑工程,목조 구조 작업,지붕 목재 기판,천장 마감층
800640,타워 크레인 100T M,Equipment,Cranes,machine-shift,150691.31,150691.31,150691.31,150691.31,1,KRW,2920.39,0.0194,9,9,建筑工程,?? ? ?? ??,?? ??,?? ??
800172,크롤러 크레인 25t,Equipment,Cranes,machine-shift,147015.32,147015.32,147015.32,147015.32,1,KRW,6946.47,0.0472,9,9,建筑工程,?? ? ?? ??,?? ??,?? ??
110070,평탄 코팅층,Material,General,kg,6727.29,6727.29,6727.29,6727.29,1,KRW,8304.17,1.2344,9,9,建筑工程,?? ?? ??,장식용 계단,
060011,대리석 판 0.25m2 내,Material,General,m2,38441.66,38441.66,38441.66,38441.66,1,KRW,45755.19,1.1902,9,9,建筑工程,?? ?? ??,바닥 타일,석재 슬래브
110467,일반 아크릴 금속 페인트 (단일) 프라이머,Material,Steel & Metal,kg,6727.29,6727.29,6727.29,6727.29,1,KRW,112.35,0.0167,9,9,建筑工程,"??, ?? ? ?? ??",?? ?? ??,유리 벽 페인트
110514,접착제,Material,General,kg,3243.52,3243.52,3243.52,3243.52,1,KRW,949.89,0.2929,9,9,建筑工程,?? ?? ??,,벽
150322,살포,Material,General,pcs,2162.34,2162.34,2162.34,2162.34,1,KRW,61.72,0.0285,9,9,建筑工程,"??, ?? ? ?? ??",?? ? ? ??,금속 구조물 브러싱 코팅
090453,스테인리스강 기둥,Material,Steel & Metal,m,8841.58,8841.58,8841.58,8841.58,1,KRW,14533.35,1.6438,9,9,建筑工程,?? ?? ??,,틀
850074,PCM,Equipment,General,machine-shift,33968.01,33968.01,33968.01,33968.01,1,KRW,18925.03,0.5571,9,9,建筑工程,?? ?? ?? - ?11? ???? ? ??,(),
800391,105kW 불도저 사용,Equipment,Bulldozers,machine-shift,132575.67,132575.67,132575.67,132575.67,1,KRW,540.24,0.0041,9,9,建筑工程,토공 및 암석 작업,운송,(석재) 운송
120088,폴리,Material,General,m3,156169.24,156169.24,156169.24,156169.24,1,KRW,515.36,0.0033,9,9,建筑工程,"? ? ?? ??, ??? ? ???",?? ?? ??,?? ???
110110,폴리우레탄 퍼티,Material,General,kg,2787.02,2787.02,2787.02,2787.02,1,KRW,30.1,0.0108,9,9,建筑工程,?? ? ?? ??,??,방청 도장
060013,특수형 대리석 판,Material,General,m2,77147.61,77147.61,77147.61,77147.61,1,KRW,53290.99,0.6908,9,9,建筑工程,?? ?? ??,바닥 타일,벽
090534,아연 도금 확장 볼트 16,Material,Fasteners,set,1441.56,1441.56,1441.56,1441.56,1,KRW,7141.91,4.9543,9,9,建筑工程,?? ?? ?? - ?11? ???? ? ??,몰딩 프레임,성형틀 설치
800195,CTS-26,Equipment,General,machine-shift,18307.84,18307.84,18307.84,18307.84,1,KRW,1383.26,0.0756,9,9,建筑工程,????? ??,금속 접합 구조,
850090,전기 BT-203,Equipment,General,machine-shift,17539.01,17539.01,17539.01,17539.01,1,KRW,87772.99,5.0044,9,9,建筑工程,?? ?? ?? - ?4? ???? ??,전기,전기
090271,알루미늄 못,Material,Fasteners,pcs,60.07,60.07,60.07,60.07,1,KRW,232.45,3.87,9,9,建筑工程,?? ?? ?? - ?5? ?? ??? ???,,및
850045,DSP-100,Equipment,General,machine-shift,16626.02,16626.02,16626.02,16626.02,1,KRW,49878.05,3.0,9,9,建筑工程,?? ?? ?? - ?5? ?? ??? ???,설치,
850227,STIPA,Equipment,General,machine-shift,71957.98,71957.98,71957.98,71957.98,1,KRW,134921.22,1.875,9,9,建筑工程,?? ?? ?? - ?5? ?? ??? ???,,전기
040054,석재,Material,General,kg,12.01,12.01,12.01,12.01,1,KRW,11213.55,933.45,9,9,建筑工程,?? ??,차단층,프로파일 및 기타 지붕 자재
030034,목재 몰딩,Material,Wood & Timber,m,168.18,168.18,168.18,168.18,1,KRW,402.21,2.3915,9,9,建筑工程,"? ? ?? ??, ??? ? ???",??(?) ?? ??,??(?) ?? ??
150175,시멘트 접합 방수 코팅,Material,Concrete & Cement,kg,9610.41,9610.41,9610.41,9610.41,1,KRW,2801.44,0.2915,9,9,建筑工程,?? ? ?? ??,?? ?? ? ?? ??,지붕 방수
850099,전기 JD2505N,Equipment,General,machine-shift,10187.04,10187.04,10187.04,10187.04,1,KRW,12886.61,1.265,9,9,建筑工程,?? ?? ?? - ?4? ???? ??,전기,"10kV, 단상"
090900,드릴 비트,Material,General,pcs,1681.82,1681.82,1681.82,1681.82,1,KRW,70.13,0.0417,9,9,建筑工程,????? ??,"강판 바닥 슬래브, 벽 슬래브",
110444,폴리 시멘트 접착제,Material,Concrete & Cement,kg,1081.17,1081.17,1081.17,1081.17,1,KRW,2889.61,2.6727,9,9,建筑工程,?? ? ?? ??,?? ?? ? ?? ??,지붕 방수막
090234,아연 도금 철선 13 17,Material,Steel & Metal,kg,1573.71,1573.71,1573.71,1573.71,1,KRW,5.45,0.0035,9,9,建筑工程,?? ?? ?? - ?4? ???? ??,,() 강관
080205,슬래브,Material,General,m2,36039.06,36039.06,36039.06,36039.06,1,KRW,20708.04,0.5746,9,9,建筑工程,"? ? ?? ??, ??? ? ???",?? ?? ??,?? ???
400060,조적 모르타르 DM10-MR,Material,Concrete & Cement,m3,147039.35,147039.35,147039.35,147039.35,1,KRW,6175.65,0.042,9,9,建筑工程,?? ??,블록 조적,
850097,높이 AST300/3,Equipment,General,machine-shift,8409.11,8409.11,8409.11,8409.11,1,KRW,9829.32,1.1689,9,9,建筑工程,?? ?? ?? - ?4? ???? ??,몰딩,
080018,U자형 경량 강철 케일 CB50-L,Material,Steel & Metal,pcs,98.51,98.51,98.51,98.51,1,KRW,63.15,0.6411,9,9,建筑工程,?? ??,?? ?? ? ?? ??,?? ???
110004,알키드 무혼합 페인트,Material,Paint & Coatings,kg,3459.75,3459.75,3459.75,3459.75,1,KRW,193.75,0.056,9,9,建筑工程,"? ? ?? ??, ??? ? ???",칸막이,칸막이
090591,칸막이,Material,General,set,1441.56,1441.56,1441.56,1441.56,1,KRW,6474.67,4.4914,9,9,建筑工程,"? ? ?? ??, ??? ? ???",칸막이,칸막이
030002,목재,Material,Wood & Timber,m3,528572.82,528572.82,528572.82,528572.82,1,KRW,7734.78,0.0146,9,9,建筑工程,"? ? ?? ??, ??? ? ???",칸막이,유리 칸막이
810238,콘크리트 등 모르타르(복합),Material,Concrete & Cement,m3,115324.98,115324.98,115324.98,115324.98,1,KRW,3421.31,0.0297,9,9,建筑工程,???? ? ?????? ??,현장 타설 콘크리트 기둥,
800611,못,Equipment,General,machine-shift,2762.99,2762.99,2762.99,2762.99,1,KRW,1565.7,0.5667,9,9,建筑工程,"? ? ?? ??, ??? ? ???",??? ??,프레임 커튼월 포함
800612,접착제,Equipment,General,machine-shift,691.95,691.95,691.95,691.95,1,KRW,530.49,0.7667,9,9,建筑工程,"? ? ?? ??, ??? ? ???",??? ??,프레임 커튼월 포함
800101,트럭 크레인 복합기,Equipment,Cranes,machine-shift,143459.47,143459.47,143459.47,143459.47,1,KRW,765.13,0.0053,9,9,建筑工程,"? ? ?? ??, ??? ? ???",??? ??,프레임 커튼월 포함
080754,"지붕, 벽 알루미늄 합금 판재 (이음폭 100mm 이내)",Material,General,m,30032.55,30032.55,30032.55,30032.55,1,KRW,30332.87,1.01,9,9,建筑工程,?? ? ?? ??,이동 조인트,지붕 이음부
080755,"지붕, 벽 알루미늄 합금 판(조인트 폭 200mm 이내)",Material,General,m,32435.15,32435.15,32435.15,32435.15,1,KRW,32759.5,1.01,9,9,建筑工程,?? ? ?? ??,이동 조인트,지붕 이음부
080756,"지붕, 벽 알루미늄 합금 판(조인트 폭 200mm 이상)",Material,General,m,36039.06,36039.06,36039.06,36039.06,1,KRW,36399.45,1.01,9,9,建筑工程,?? ? ?? ??,이동 조인트,지붕 이음부
120051,칸막이 합판 표면,Material,Wood & Timber,m2,22824.74,22824.74,22824.74,22824.74,1,KRW,53470.75,2.3427,9,9,建筑工程,"? ? ?? ??, ??? ? ???",칸막이,칸막이
110005,알키드 조제 도료,Material,Paint & Coatings,kg,4180.53,4180.53,4180.53,4180.53,1,KRW,146.32,0.035,9,9,建筑工程,"? ? ?? ??, ??? ? ???",칸막이,칸막이
110143,인터페이스 에이전트,Material,General,kg,482.92,482.92,482.92,482.92,1,KRW,147.29,0.305,9,9,建筑工程,"? ? ?? ??, ??? ? ???",기둥(보) 표면 미장,보 및 기둥 표면 일반 미장
850216,QT-2A,Equipment,General,machine-shift,2465.07,2465.07,2465.07,2465.07,1,KRW,657.87,0.2669,9,9,建筑工程,?? ?? ?? - ?6? ???? ??,잠금,
110271,도장,Material,General,kg,1801.95,1801.95,1801.95,1801.95,1,KRW,763.58,0.4238,9,9,建筑工程,"??, ?? ? ?? ??",?? ? ? ??,?? ??? ??
110612,투명 상도,Material,General,kg,5285.73,5285.73,5285.73,5285.73,1,KRW,819.29,0.155,9,9,建筑工程,"??, ?? ? ?? ??",??? ??,??? ??
110037,유리창 마감,Material,General,kg,3243.52,3243.52,3243.52,3243.52,1,KRW,66.82,0.0206,9,9,建筑工程,?? ?? ??,마감층,
110272,유화 페인트,Material,Paint & Coatings,kg,1898.06,1898.06,1898.06,1898.06,1,KRW,470.0,0.2476,9,9,建筑工程,"??, ?? ? ?? ??",?? ? ? ??,천장 마감층 도장
110505,수성 플루오르카본 페인트,Material,Paint & Coatings,kg,12493.54,12493.54,12493.54,12493.54,1,KRW,7464.89,0.5975,8,8,建筑工程,"??, ?? ? ?? ??",?? ? ? ??,?? ??? ??
110611,대리석 페인트,Material,Paint & Coatings,kg,7135.73,7135.73,7135.73,7135.73,1,KRW,2574.21,0.3608,8,8,建筑工程,"??, ?? ? ?? ??",??? ??,??? ??
800401,지반 150형,Equipment,General,machine-shift,36159.19,36159.19,36159.19,36159.19,1,KRW,1530.74,0.0423,8,8,建筑工程,?? ?? ? ?? ??,기초 굴착,단면 강재 말뚝
100396,아크릴 폴리우레탄 금속 페인트 신너,Material,Steel & Metal,kg,3507.8,3507.8,3507.8,3507.8,1,KRW,67.36,0.0192,8,8,建筑工程,"??, ?? ? ?? ??",??? ??,??? ??
100052,폴리 PVC 방수막 두께 1.5mm,Material,Waterproofing,m2,12013.02,12013.02,12013.02,12013.02,1,KRW,12826.0,1.0677,8,8,建筑工程,?? ? ?? ??,"벽면 방수, 습기 방지",벽면 방수막
370021,칸막이문,Material,General,m2,21623.43,21623.43,21623.43,21623.43,1,KRW,25623.77,1.185,8,8,建筑工程,"? ? ?? ??, ??? ? ???",칸막이,칸막이
090489,알루미늄 합금 칸막이,Material,General,m2,43246.87,43246.87,43246.87,43246.87,1,KRW,175957.09,4.0687,8,8,建筑工程,"? ? ?? ??, ??? ? ???",칸막이,칸막이
080115,T형 경량 강철 켈 TB-1P,Material,Steel & Metal,pcs,91.3,91.3,91.3,91.3,1,KRW,179.28,1.9638,8,8,建筑工程,?? ??,?? ?? ? ?? ??,?? ???
080058,T형 페인트 케일 TB24×28,Material,Paint & Coatings,m,1222.93,1222.93,1222.93,1222.93,1,KRW,1914.79,1.5658,8,8,建筑工程,?? ??,?? ?? ? ?? ??,?? ???
170196,50,Material,General,m,2022.99,2022.99,2022.99,2022.99,1,KRW,1900.27,0.9393,8,8,建筑工程,?? ? ?? ??,?? ?? ? ?? ??,지붕 ()
850036,TEK1230C64,Equipment,General,machine-shift,34611.91,34611.91,34611.91,34611.91,1,KRW,54838.24,1.5844,8,8,建筑工程,?? ?? ?? - ?6? ???? ??,,
850219,HD-,Equipment,General,machine-shift,2657.28,2657.28,2657.28,2657.28,1,KRW,3487.68,1.3125,8,8,建筑工程,?? ?? ?? - ?6? ???? ??,,
080082,T형 페인트 케일 TB24×38,Material,Paint & Coatings,m,1225.33,1225.33,1225.33,1225.33,1,KRW,1908.71,1.5577,8,8,建筑工程,?? ??,?? ?? ? ?? ??,?? ???
080181,유리 장식 평면 판,Material,Glass,m2,26428.64,26428.64,26428.64,26428.64,1,KRW,27221.5,1.03,8,8,建筑工程,"? ? ?? ??, ??? ? ???",?? ?? ??,?? ???
080180,유리 장식 평면 판,Material,Glass,m2,38441.66,38441.66,38441.66,38441.66,1,KRW,39594.91,1.03,8,8,建筑工程,"? ? ?? ??, ??? ? ???",?? ?? ??,?? ???
090382,스테인리스 스틸 비딩 2mm,Material,Steel & Metal,m,408.44,408.44,408.44,408.44,1,KRW,693.97,1.6991,8,8,建筑工程,"? ? ?? ??, ??? ? ???",?? ?? ??,?? ???
080183,유리 장식 표면 판,Material,Glass,m2,76883.32,76883.32,76883.32,76883.32,1,KRW,79189.82,1.03,8,8,建筑工程,"? ? ?? ??, ??? ? ???",?? ?? ??,?? ???
080054,T자형 알루미늄 합금 주형 TB24×38,Material,General,m,1153.25,1153.25,1153.25,1153.25,1,KRW,1796.44,1.5577,8,8,建筑工程,?? ??,?? ?? ? ?? ??,?? ???
080055,T자형 알루미늄 합금 주형 TB24×28,Material,General,m,992.28,992.28,992.28,992.28,1,KRW,1553.66,1.5658,8,8,建筑工程,?? ??,?? ?? ? ?? ??,?? ???
080067,T자형 경량 강철 주형 TB23×32,Material,Steel & Metal,m,1287.8,1287.8,1287.8,1287.8,1,KRW,2401.51,1.8648,8,8,建筑工程,?? ??,?? ?? ? ?? ??,?? ???
800250,버트 용접기 75kVA,Equipment,Welding Equip.,machine-shift,5045.47,5045.47,5045.47,5045.47,1,KRW,1728.07,0.3425,8,8,建筑工程,???? ? ?????? ??,철근 공사,
050018,유리 10mm,Material,Glass,m2,68714.47,68714.47,68714.47,68714.47,1,KRW,84518.79,1.23,8,8,建筑工程,?? ??,?? ?? ? ?? ??,천장 마감층
080232,종이 마감 석고보드 9.5 두께,Material,Wood & Timber,m2,2762.99,2762.99,2762.99,2762.99,1,KRW,1931.33,0.699,8,8,建筑工程,?? ??,?? ?? ? ?? ??,천장 마감층
080068,T자형 경량 강철 주형 TB23×26,Material,Steel & Metal,m,1222.93,1222.93,1222.93,1222.93,1,KRW,1733.11,1.4172,8,8,建筑工程,?? ??,?? ?? ? ?? ??,?? ???
460098,및,Material,General,상자,2883.12,2883.12,2883.12,2883.12,1,KRW,15857.18,5.5,8,8,建筑工程,?? ?? ?? - ?5? ?? ??? ???,,설치 포함
110736,95%,Material,General,kg,1922.08,1922.08,1922.08,1922.08,1,KRW,3051.31,1.5875,8,8,建筑工程,?? ?? ?? - ?4? ???? ??,전기,
110793,폴리우레탄 슬래브,Material,General,m3,132143.2,132143.2,132143.2,132143.2,1,KRW,2969.92,0.0225,8,8,建筑工程,?? ? ?? ??,,천장
010037,아연도금 강판 1.0 1.5,Material,Steel & Metal,kg,1319.03,1319.03,1319.03,1319.03,1,KRW,15976.74,12.1125,8,8,建筑工程,?? ?? ?? - ?7? ?? ? ??,,
800618,페인트,Equipment,General,machine-shift,8361.06,8361.06,8361.06,8361.06,1,KRW,120.19,0.0144,8,8,建筑工程,"?? ?? ?? - ?12? ??, ??, ??",직사각형 브러싱,
030137,목재 바닥 슬래브,Material,Wood & Timber,m2,43246.87,43246.87,43246.87,43246.87,1,KRW,50314.64,1.1634,8,8,建筑工程,?? ?? ??,마감층,목재 바닥 슬래브
120003,바닥,Material,General,m2,9610.41,9610.41,9610.41,9610.41,1,KRW,14161.43,1.4736,8,8,建筑工程,?? ?? ??,계단 마감층,틀
120002,바닥 처리,Material,General,m,1052.34,1052.34,1052.34,1052.34,1,KRW,485.4,0.4613,8,8,建筑工程,?? ?? ??,마감층,바닥
850035,MG9001A,Equipment,General,machine-shift,10508.99,10508.99,10508.99,10508.99,1,KRW,32945.68,3.135,8,8,建筑工程,?? ?? ?? - ?11? ???? ? ??,,
850076,PCM,Equipment,General,machine-shift,175332.41,175332.41,175332.41,175332.41,1,KRW,133690.96,0.7625,8,8,建筑工程,?? ?? ?? - ?11? ???? ? ??,골조(포함 등),
010121,강선,Material,Steel & Metal,kg,1263.77,1263.77,1263.77,1263.77,1,KRW,410.73,0.325,8,8,建筑工程,?? ?? ?? - ?11? ???? ? ??,,전기 ()
090343,스테인리스강 20,Material,Steel & Metal,pcs,2186.37,2186.37,2186.37,2186.37,1,KRW,18561.07,8.4894,8,8,建筑工程,?? ?? ??,"???, ??, ??? ??","?? ???, ??, ???"
110503,접착제 상도 희석제,Material,General,kg,5045.47,5045.47,5045.47,5045.47,1,KRW,59.54,0.0118,8,8,建筑工程,"??, ?? ? ?? ??",,"금속문, 창문 도장"
070140,알루미늄 합금 스트립 폭 (30mm 내),Material,General,m,1441.56,1441.56,1441.56,1441.56,1,KRW,479.32,0.3325,8,8,建筑工程,?? ?? ??,장식 몰딩,금속 장식 몰딩
090352,스테인리스강 75,Material,Steel & Metal,pcs,4372.74,4372.74,4372.74,4372.74,1,KRW,3334.21,0.7625,8,8,建筑工程,?? ?? ??,"???, ??, ??? ??","?? ???, ??, ???"
850230,"1310/1550nm, 0 60dB",Equipment,General,machine-shift,23785.78,23785.78,23785.78,23785.78,1,KRW,5550.01,0.2333,8,8,建筑工程,?? ?? ?? - ?11? ???? ? ??,,
090437,문,Material,General,set,3603.91,3603.91,3603.91,3603.91,1,KRW,3176.24,0.8813,8,8,建筑工程,? ? ?? ??,하드웨어 설치,완성된 제품 칸막이
100394,석재 페인트,Material,Paint & Coatings,kg,7375.99,7375.99,7375.99,7375.99,1,KRW,1704.23,0.231,8,8,建筑工程,"??, ?? ? ?? ??",??? ??,??? ??
100399,층,Material,General,kg,4613.0,4613.0,4613.0,4613.0,1,KRW,10983.32,2.381,8,8,建筑工程,"??, ?? ? ?? ??",??? ??,??? ??
080182,유리 장식 평면 판,Material,Glass,m2,67272.9,67272.9,67272.9,67272.9,1,KRW,69291.09,1.03,8,8,建筑工程,"? ? ?? ??, ??? ? ???",?? ?? ??,?? ???
080192,거울 마감 유리 6mm,Material,Glass,m2,23545.52,23545.52,23545.52,23545.52,1,KRW,28207.53,1.198,8,8,建筑工程,"? ? ?? ??, ??? ? ???",?? ?? ??,?? ???
150088,건식 전기 1,Material,General,단위,480.52,480.52,480.52,480.52,1,KRW,200136.89,416.5,8,8,建筑工程,?? ?? ?? - ?9? ??,,
150145,알루미늄 플럭스,Material,General,kg,12565.62,12565.62,12565.62,12565.62,1,KRW,188.48,0.015,8,8,建筑工程,?? ? ?? ??,?? ?? ? ?? ??,지붕 방수막
100268,PSS 방수막 0.5mm 두께,Material,Waterproofing,m2,37240.36,37240.36,37240.36,37240.36,1,KRW,38357.57,1.03,8,8,建筑工程,?? ? ?? ??,?? ?? ? ?? ??,지붕 방수막
810172,석탄 접착제,Material,General,m3,3844165.95,3844165.95,3844165.95,3844165.95,1,KRW,26909.16,0.007,8,8,建筑工程,?? ? ?? ??,방청 마감층,블록 마감 방청 마감층
850003,전기 JH1741/05,Equipment,General,machine-shift,2116.69,2116.69,2116.69,2116.69,1,KRW,59796.6,28.25,8,8,建筑工程,?? ?? ?? - ?9? ??,,
010062,아연도강관 125,Material,Steel & Metal,m,18307.84,18307.84,18307.84,18307.84,1,KRW,20676.42,1.1294,8,8,建筑工程,?? ?? ?? - ?4? ???? ??,,전기 제작 설치
280260,아연도강관 접합 25,Material,Steel & Metal,pcs,389.22,389.22,389.22,389.22,1,KRW,64.15,0.1648,8,8,建筑工程,?? ?? ?? - ?4? ???? ??,,???? ??
280261,아연도강관 이음 32,Material,Steel & Metal,pcs,586.24,586.24,586.24,586.24,1,KRW,96.61,0.1648,8,8,建筑工程,?? ?? ?? - ?4? ???? ??,,???? ??
090928,강철 고정,Material,Steel & Metal,set,840.91,840.91,840.91,840.91,1,KRW,4288.65,5.1,8,8,建筑工程,?? ? ?? ??,?? ?? ? ?? ??,지붕 방수막
110335,석고,Material,General,kg,365.2,365.2,365.2,365.2,1,KRW,213.09,0.5835,8,8,建筑工程,"? ? ?? ??, ??? ? ???",?? ?? ??,?? ???
090924,아연도금 강판 U형 비딩 1.5mm,Material,Steel & Metal,m,1561.69,1561.69,1561.69,1561.69,1,KRW,84.33,0.054,8,8,建筑工程,?? ? ?? ??,?? ?? ? ?? ??,지붕 방수막
170630,15 25,Material,General,pcs,19.22,19.22,19.22,19.22,1,KRW,39.59,2.06,8,8,建筑工程,?? ?? ?? - ?4? ???? ??,형태 제작 설치,
090183,아연 도금 목재 못,Material,Wood & Timber,pcs,9.61,9.61,9.61,9.61,1,KRW,21.52,2.2391,8,8,建筑工程,?? ?? ?? - ?4? ???? ??,형태 제작 설치,PVC
090247,알루미늄 슬래브 메쉬,Material,General,m2,3603.91,3603.91,3603.91,3603.91,1,KRW,2865.1,0.795,8,8,建筑工程,"? ? ?? ??, ??? ? ???",?? ?? ??,?? ???
090355,알루미늄 합금 장식 슬래브,Material,General,m2,33636.45,33636.45,33636.45,33636.45,1,KRW,34167.91,1.0158,8,8,建筑工程,"? ? ?? ??, ??? ? ???",?? ?? ??,?? ???
110443,높이,Material,General,kg,1874.03,1874.03,1874.03,1874.03,1,KRW,20918.31,11.1622,8,8,建筑工程,?? ? ?? ??,,프로파일 및 기타 지붕 자재
280259,아연 도금 강관 이음 20,Material,Steel & Metal,pcs,278.7,278.7,278.7,278.7,1,KRW,45.94,0.1648,8,8,建筑工程,?? ?? ?? - ?4? ???? ??,,???? ??
280258,아연 도금 강관 접합 15,Material,Steel & Metal,pcs,141.75,141.75,141.75,141.75,1,KRW,23.35,0.1648,8,8,建筑工程,?? ?? ?? - ?4? ???? ??,,???? ??
090929,스트립,Material,General,kg,6006.51,6006.51,6006.51,6006.51,1,KRW,510.55,0.085,8,8,建筑工程,?? ? ?? ??,?? ?? ? ?? ??,지붕 방수막
850100,"전기, 전기 HJ-12E",Equipment,General,machine-shift,3051.31,3051.31,3051.31,3051.31,1,KRW,3051.31,1.0,8,8,建筑工程,?? ?? ?? - ?4? ???? ??,고전압 전기,전기
850001,TDJC-S-1,Equipment,General,machine-shift,4805.21,4805.21,4805.21,4805.21,1,KRW,14776.01,3.075,8,8,建筑工程,?? ?? ?? - ?9? ??,,
040032,DM1 벽돌 190×240×90,Material,General,pcs,211.43,211.43,211.43,211.43,1,KRW,28903.42,136.705,8,8,建筑工程,?? ??,,
040036,DMp 벽돌 190×90×40,Material,General,pcs,50.45,50.45,50.45,50.45,1,KRW,2274.5,45.08,8,8,建筑工程,?? ??,,
850004,전기 WYK-6005,Equipment,General,machine-shift,6559.11,6559.11,6559.11,6559.11,1,KRW,185294.81,28.25,8,8,建筑工程,?? ?? ?? - ?9? ??,,
090493,아연도금 20,Material,General,pcs,129.74,129.74,129.74,129.74,1,KRW,1058.68,8.16,8,8,建筑工程,?? ?? ?? - ?4? ???? ??,건식 설치,
800167,콘크리트 분사 5m3/h,Equipment,General,machine-shift,5790.27,5790.27,5790.27,5790.27,1,KRW,221.55,0.0383,8,8,建筑工程,?? ?? ? ?? ??,기초 굴착,"콘크리트 분사, 시멘트 모르타르"
090001,복합 25 내,Material,General,pcs,245.07,245.07,245.07,245.07,1,KRW,252.42,1.03,8,8,建筑工程,"?? ?? ?? - ?10? ??, ??, ??, ??",수도 설비,
110008,페인트,Material,Paint & Coatings,kg,3748.06,3748.06,3748.06,3748.06,1,KRW,186.87,0.0499,8,8,建筑工程,목조 구조 작업,구조용 목재,지상 석재
030087,목재,Material,Wood & Timber,m3,251792.87,251792.87,251792.87,251792.87,1,KRW,23920.32,0.095,8,8,建筑工程,?? ?? ?? - ?4? ???? ??,,
090142,볼트 20×(85 100)로 아연 도금,Material,Fasteners,set,857.73,857.73,857.73,857.73,1,KRW,3499.54,4.08,8,8,建筑工程,?? ?? ?? - ?4? ???? ??,건식 설치,
110478,금속 플루오르카본 페인트 상도,Material,Steel & Metal,kg,21623.43,21623.43,21623.43,21623.43,1,KRW,4108.45,0.19,8,8,建筑工程,"??, ?? ? ?? ??",,"금속문, 창문 도장"
060084,벽 두께형 마감 타일 (7 9mm) 단위 면적당 0.06m2 내,Material,General,m2,19220.83,19220.83,19220.83,19220.83,1,KRW,18951.74,0.986,8,8,建筑工程,"? ? ?? ??, ??? ? ???",?? ?? ???,?? ?? ??
060083,벽면용 타일 (5 6mm) 단위 면적 0.06m2 초과,Material,General,m2,19220.83,19220.83,19220.83,19220.83,1,KRW,19124.73,0.995,8,8,建筑工程,"? ? ?? ??, ??? ? ???",?? ?? ???,?? ?? ??
060082,벽면용 타일 (5 6mm) 단위 면적 0.06m2 당,Material,General,m2,19220.83,19220.83,19220.83,19220.83,1,KRW,18951.74,0.986,8,8,建筑工程,"? ? ?? ??, ??? ? ???",?? ?? ???,?? ?? ??
040206,벽돌석,Material,General,m2,21623.43,21623.43,21623.43,21623.43,1,KRW,20488.2,0.9475,8,8,建筑工程,"? ? ?? ??, ??? ? ???",?? ?? ???,?? ?? ??
360027,전기 HPYV-ZR10×2×0.5,Material,General,m,696.76,696.76,696.76,696.76,1,KRW,7106.9,10.2,8,8,建筑工程,?? ?? ?? - ?11? ???? ? ??,,
110479,금속 플루오르카본 페인트 상도 희석제,Material,Steel & Metal,kg,4853.26,4853.26,4853.26,4853.26,1,KRW,27.65,0.0057,8,8,建筑工程,"??, ?? ? ?? ??",,"금속문, 창문 도장"
090249,스트립,Material,General,m,1633.77,1633.77,1633.77,1633.77,1,KRW,3643.31,2.23,8,8,建筑工程,?? ?? ??,바닥 타일,
060085,벽 두께형 마감 타일 (7 9mm) 단위 면적 0.06m2 초과,Material,General,m2,19220.83,19220.83,19220.83,19220.83,1,KRW,19124.73,0.995,8,8,建筑工程,"? ? ?? ??, ??? ? ???",?? ?? ???,?? ?? ??
090177,목재 못,Material,Wood & Timber,pcs,7.21,7.21,7.21,7.21,1,KRW,54.38,7.545,8,8,建筑工程,?? ?? ?? - ?4? ???? ??,"설치 (030904004, 030904005)",
090570,아연 도금 5,Material,General,pcs,36.04,36.04,36.04,36.04,1,KRW,147.04,4.08,8,8,建筑工程,?? ?? ?? - ?4? ???? ??,,
060050,벽면 타일 0.06m2 초과,Material,General,m2,21623.43,21623.43,21623.43,21623.43,1,KRW,20731.47,0.9588,8,8,建筑工程,"? ? ?? ??, ??? ? ???",??(?) ?? ?? ? ?? ?? ??,블록 마감 기둥 표면
060086,완성품 유형 석재 슬래브 5mm,Material,General,m2,33636.45,33636.45,33636.45,33636.45,1,KRW,34477.36,1.025,8,8,建筑工程,"? ? ?? ??, ??? ? ???",??(?) ?? ?? ? ?? ?? ??,석재 기둥 표면
050024,유리 스트립,Material,Glass,m,48.05,48.05,48.05,48.05,1,KRW,107.16,2.23,8,8,建筑工程,?? ?? ??,바닥 타일,
110615,실란트 페인트,Material,Paint & Coatings,kg,8697.43,8697.43,8697.43,8697.43,1,KRW,1696.0,0.195,8,8,建筑工程,"??, ?? ? ?? ??",,"금속문, 창문 도장"
800016,잠수 펌프 100,Equipment,Pumps,machine-shift,3027.28,3027.28,3027.28,3027.28,1,KRW,2032.9,0.6715,8,8,建筑工程,?? ??,기초 말뚝,수 water
010146,강철,Material,Steel & Metal,pcs,1650.59,1650.59,1650.59,1650.59,1,KRW,111.62,0.0676,8,8,建筑工程,?? ?? ?? - ?4? ???? ??,,
220004,스플라이스 20,Material,General,pcs,1146.04,1146.04,1146.04,1146.04,1,KRW,1736.25,1.515,8,8,建筑工程,"?? ?? ?? - ?10? ??, ??, ??, ??",수도 설비,
090704,도장 강관,Material,Steel & Metal,m,2402.6,2402.6,2402.6,2402.6,1,KRW,16860.99,7.0178,8,8,建筑工程,?? ?? ??,"???, ??, ??? ??","?? ???, ??, ???"
090367,75,Material,General,pcs,9129.89,9129.89,9129.89,9129.89,1,KRW,6961.54,0.7625,8,8,建筑工程,?? ?? ??,"???, ??, ??? ??","?? ???, ??, ???"
090348,스테인리스 강 난간 20,Material,Steel & Metal,m,7183.79,7183.79,7183.79,7183.79,1,KRW,50414.36,7.0178,8,8,建筑工程,?? ?? ??,"???, ??, ??? ??","?? ???, ??, ???"
090366,50,Material,General,pcs,8865.61,8865.61,8865.61,8865.61,1,KRW,11480.52,1.295,8,8,建筑工程,?? ?? ??,"???, ??, ??? ??","?? ???, ??, ???"
090350,스테인리스 강 난간 50,Material,Steel & Metal,m,18980.57,18980.57,18980.57,18980.57,1,KRW,22642.87,1.193,8,8,建筑工程,?? ?? ??,"???, ??, ??? ??","?? ???, ??, ???"
090368,20,Material,General,pcs,3651.96,3651.96,3651.96,3651.96,1,KRW,31003.11,8.4894,8,8,建筑工程,?? ?? ??,"???, ??, ??? ??","?? ???, ??, ???"
090499,아연도금 20,Material,General,pcs,31.23,31.23,31.23,31.23,1,KRW,127.43,4.08,8,8,建筑工程,?? ?? ?? - ?4? ???? ??,건식 설치,
090372,난간 50,Material,General,m,44376.09,44376.09,44376.09,44376.09,1,KRW,52938.45,1.193,8,8,建筑工程,?? ?? ??,"???, ??, ??? ??","?? ???, ??, ???"
100395,일반 아크릴 금속 페인트 신너,Material,Steel & Metal,kg,4012.35,4012.35,4012.35,4012.35,1,KRW,84.66,0.0211,8,8,建筑工程,"??, ?? ? ?? ??",??? ??,??? ??
800164,콘크리트,Equipment,General,machine-shift,98987.27,98987.27,98987.27,98987.27,1,KRW,7740.8,0.0782,7,7,建筑工程,?? ?? ? ?? ??,,
090321,잠금,Material,General,pcs,16337.71,16337.71,16337.71,16337.71,1,KRW,16337.71,1.0,7,7,建筑工程,? ? ?? ??,하드웨어 설치,
170716,폴리,Material,General,kg,4492.87,4492.87,4492.87,4492.87,1,KRW,449.29,0.1,7,7,建筑工程,?? ?? ?? - ?11? ???? ? ??,,
120020,스트립,Material,General,m,100.91,100.91,100.91,100.91,1,KRW,626.59,6.2094,7,7,建筑工程,?? ?? ??,마감층,전기 접지 슬래브
050005,유리 벽돌 190×190×95,Material,Glass,pcs,3603.91,3603.91,3603.91,3603.91,1,KRW,96674.77,26.825,7,7,建筑工程,"? ? ?? ??, ??? ? ???",칸막이,유리 칸막이
400403,시멘트 석탄 파쇄석 혼합,Material,Concrete & Cement,m3,83562.56,83562.56,83562.56,83562.56,1,KRW,108142.48,1.2942,7,7,建筑工程,?? ?? ? ?? ??,,
080099,T자형 켈 3.5,Material,General,pcs,307.53,307.53,307.53,307.53,1,KRW,400.95,1.3038,7,7,建筑工程,?? ??,?? ?? ? ?? ??,?? ???
080014,U자형 경량 강철 케일 CS50×15,Material,Steel & Metal,m,1825.98,1825.98,1825.98,1825.98,1,KRW,9281.35,5.083,7,7,建筑工程,?? ??,?? ?? ? ?? ??,?? ???
850010,PAS5633,Equipment,General,machine-shift,1059.55,1059.55,1059.55,1059.55,1,KRW,11836.67,11.1714,7,7,建筑工程,?? ?? ?? - ?5? ?? ??? ???,,
850023,BX-14A,Equipment,General,machine-shift,5564.43,5564.43,5564.43,5564.43,1,KRW,1808.44,0.325,7,7,建筑工程,?? ?? ?? - ?6? ???? ??,,단일
800610,전기,Equipment,General,machine-shift,35510.48,35510.48,35510.48,35510.48,1,KRW,405.83,0.0114,7,7,建筑工程,"? ? ?? ??, ??? ? ???",??? ??,유리 커튼월
091019,접지 볼트 24×(150 300),Material,Fasteners,set,1874.03,1874.03,1874.03,1874.03,1,KRW,7646.05,4.08,7,7,建筑工程,?? ?? ?? - ?7? ?? ? ??,설치,혼합 () 설치
110308,접착제,Material,General,kg,12685.75,12685.75,12685.75,12685.75,1,KRW,3848.01,0.3033,7,7,建筑工程,?? ? ?? ??,?? ?? ? ?? ??,지붕 ()
100039,접착 테이프,Material,General,m,1681.82,1681.82,1681.82,1681.82,1,KRW,1445.75,0.8596,7,7,建筑工程,"? ? ?? ??, ??? ? ???",칸막이,유리 칸막이
110001,알키드 에나멜,Material,Paint & Coatings,kg,4564.95,4564.95,4564.95,4564.95,1,KRW,1445.39,0.3166,7,7,建筑工程,"??, ?? ? ?? ??",??? ??,??? ??
120047,장식용 슬래브,Material,General,m2,7496.12,7496.12,7496.12,7496.12,1,KRW,8325.69,1.1107,7,7,建筑工程,"? ? ?? ??, ??? ? ???",?? ?? ??,?? ???
850103,AI-6000D,Equipment,General,machine-shift,38729.97,38729.97,38729.97,38729.97,1,KRW,240706.78,6.215,7,7,建筑工程,?? ?? ?? - ?4? ???? ??,전기,
850122,전기 JINDAHLC5501,Equipment,General,machine-shift,8601.32,8601.32,8601.32,8601.32,1,KRW,10309.3,1.1986,7,7,建筑工程,?? ?? ?? - ?4? ???? ??,전기,"10kV, 단상"
080135,천장용 서스펜디드 켈 LB35-1P,Material,General,pcs,153.77,153.77,153.77,153.77,1,KRW,102.01,0.6634,7,7,建筑工程,?? ??,?? ?? ? ?? ??,매달린 천장
080251,스트립형,Material,General,m,4781.18,4781.18,4781.18,4781.18,1,KRW,46215.28,9.6661,7,7,建筑工程,?? ??,?? ?? ? ?? ??,매달린 천장
080134,서스펜디드 천장용 케일 LB25×40,Material,General,m,1189.29,1189.29,1189.29,1189.29,1,KRW,1033.14,0.8687,7,7,建筑工程,?? ??,?? ?? ? ?? ??,매달린 천장
850259,"10 s 1000s, 1 s",Equipment,General,machine-shift,1840.39,1840.39,1840.39,1840.39,1,KRW,5784.1,3.1429,7,7,建筑工程,?? ?? ?? - ?5? ?? ??? ???,,
300038,아연 도금 앵글 강재 버팀대 50×50×5×910,Material,Steel & Metal,pcs,4372.74,4372.74,4372.74,4372.74,1,KRW,8771.71,2.006,7,7,建筑工程,?? ?? ?? - ?4? ???? ??,,설치
280064,(강관) 70,Material,Steel & Metal,pcs,197.01,197.01,197.01,197.01,1,KRW,30.44,0.1545,7,7,建筑工程,?? ?? ?? - ?4? ???? ??,,?? ??
090538,볼트 및,Material,Fasteners,kg,1953.32,1953.32,1953.32,1953.32,1,KRW,4783.87,2.4491,7,7,建筑工程,"?? ?? ?? - ?10? ??, ??, ??, ??",,브래킷 설치
010407,못 19×100,Material,Fasteners,set,672.73,672.73,672.73,672.73,1,KRW,679.46,1.01,7,7,建筑工程,????? ??,강철 빔,
100272,폴리 방수막 0.7mm 두께,Material,Waterproofing,m2,3123.38,3123.38,3123.38,3123.38,1,KRW,3798.82,1.2162,7,7,建筑工程,?? ? ?? ??,?? ?? ? ?? ??,지붕 방수막
280264,아연 도금 강관 접합 70,Material,Steel & Metal,pcs,1251.76,1251.76,1251.76,1251.76,1,KRW,193.39,0.1545,7,7,建筑工程,?? ?? ?? - ?4? ???? ??,,???? ??
040046,KP1 천공 벽돌 180×115×90,Material,General,pcs,201.82,201.82,201.82,201.82,1,KRW,5557.51,27.5371,7,7,建筑工程,?? ??,,
040045,KP1 천공 벽돌 240×115×90,Material,General,pcs,189.81,189.81,189.81,189.81,1,KRW,50717.71,267.2086,7,7,建筑工程,?? ??,,
280265,아연 도금 강관 이음 80,Material,Steel & Metal,pcs,1729.87,1729.87,1729.87,1729.87,1,KRW,267.27,0.1545,7,7,建筑工程,?? ?? ?? - ?4? ???? ??,,???? ??
280266,아연 도금 강관 이음 100,Material,Steel & Metal,pcs,2738.97,2738.97,2738.97,2738.97,1,KRW,423.17,0.1545,7,7,建筑工程,?? ?? ?? - ?4? ???? ??,,???? ??
190010,100,Material,General,pcs,389173.75,389173.75,389173.75,389173.75,1,KRW,7783.48,0.02,7,7,建筑工程,?? ?? ?? - ?9? ??,,
850120,TSGC-30kVA,Equipment,General,machine-shift,3459.75,3459.75,3459.75,3459.75,1,KRW,4754.68,1.3743,7,7,建筑工程,?? ?? ?? - ?4? ???? ??,전기,
400064,SF 폴리 방수 모르타르,Material,Concrete & Cement,m3,156169.24,156169.24,156169.24,156169.24,1,KRW,7824.08,0.0501,7,7,建筑工程,?? ? ?? ??,?? ?? ? ?? ??,지붕 방수
020109,중공 블록,Material,General,m3,52857.28,52857.28,52857.28,52857.28,1,KRW,34319.48,0.6493,7,7,建筑工程,?? ??,블록 조적,
020097,중공 특수형 블록,Material,General,m3,57662.49,57662.49,57662.49,57662.49,1,KRW,8538.99,0.1481,7,7,建筑工程,?? ??,블록 조적,
250005,"(함께, 함께) 25MPa",Material,General,set,141321.15,141321.15,141321.15,141321.15,1,KRW,5652.85,0.04,7,7,建筑工程,?? ?? ?? - ?9? ??,,
800441,크롤러 크레인 50t,Equipment,Cranes,machine-shift,279663.07,279663.07,279663.07,279663.07,1,KRW,6823.78,0.0244,7,7,建筑工程,?? ? ?? ??,?? ??,?? ??
800065,전기,Equipment,General,machine-shift,20662.39,20662.39,20662.39,20662.39,1,KRW,4440.64,0.2149,7,7,建筑工程,"?? ?? ?? - ?10? ??, ??, ??, ??",,
090599,너트,Material,Fasteners,kg,2239.23,2239.23,2239.23,2239.23,1,KRW,2667.18,1.1911,7,7,建筑工程,"?? ?? ?? - ?10? ??, ??, ??, ??",,브래킷 설치
800523,800T 파일,Equipment,General,machine-shift,799610.54,799610.54,799610.54,799610.54,1,KRW,52038.65,0.0651,7,7,建筑工程,?? ??,,
010063,아연 도금 강관 150,Material,Steel & Metal,m,22632.53,22632.53,22632.53,22632.53,1,KRW,25930.41,1.1457,7,7,建筑工程,?? ?? ?? - ?4? ???? ??,,전기 제작 설치
090129,볼트 12×(40 60)로 아연 도금됨,Material,Fasteners,set,180.2,180.2,180.2,180.2,1,KRW,1376.69,7.64,7,7,建筑工程,?? ?? ?? - ?4? ???? ??,설치,
180018,아연 도금 스플라이스 15,Material,General,pcs,778.44,778.44,778.44,778.44,1,KRW,1347.82,1.7314,7,7,建筑工程,"?? ?? ?? - ?10? ??, ??, ??, ??",수 water,물 ()
810181,시멘트석 (석재),Material,Concrete & Cement,m3,76883.32,76883.32,76883.32,76883.32,1,KRW,822.65,0.0107,7,7,建筑工程,"? ? ?? ??, ??? ? ???",미장,장식용 벽 미장
030122,목재 판 둥근 25×5,Material,Wood & Timber,m,900.98,900.98,900.98,900.98,1,KRW,12012.33,13.3326,7,7,建筑工程,?? ?? ??,,벽
070061,거울 마감 스테인리스 강 몰딩 30mm 내,Material,Steel & Metal,m,4084.43,4084.43,4084.43,4084.43,1,KRW,6269.59,1.535,7,7,建筑工程,?? ?? ??,장식 몰딩,금속 장식 몰딩
060096,완성 제품 두께 석재판 100mm,Material,General,m2,52857.28,52857.28,52857.28,52857.28,1,KRW,53914.43,1.02,7,7,建筑工程,"? ? ?? ??, ??? ? ???",?? ?? ???,석재 판넬 벽면
110175,이음부 충전,Material,General,kg,768.83,768.83,768.83,768.83,1,KRW,36.41,0.0474,7,7,建筑工程,?? ?? ??,장식용 계단,평탄층
050021,플로트 유리 12mm,Material,Glass,m2,16097.44,16097.44,16097.44,16097.44,1,KRW,11026.75,0.685,7,7,建筑工程,? ? ?? ??,,벽
030029,목재,Material,Wood & Timber,m3,144156.22,144156.22,144156.22,144156.22,1,KRW,511.75,0.0036,7,7,建筑工程,?? ?? ? ?? ??,마감층,목재 바닥 슬래브
040001,벽돌,Material,General,pcs,139.35,139.35,139.35,139.35,1,KRW,15891.59,114.04,7,7,建筑工程,?? ?? ??,마감층,목재 바닥 슬래브
800282,불도저 75kW 사용,Equipment,Bulldozers,machine-shift,109943.15,109943.15,109943.15,109943.15,1,KRW,910.34,0.0083,7,7,建筑工程,토공 및 암석 작업,백필,지반 되메우기
110786,방청 페인트,Material,Paint & Coatings,kg,5381.83,5381.83,5381.83,5381.83,1,KRW,2633.51,0.4893,6,6,建筑工程,"?? ?? ?? - ?12? ??, ??, ??",,
110073,에나멜,Material,Paint & Coatings,kg,7135.73,7135.73,7135.73,7135.73,1,KRW,3315.74,0.4647,6,6,建筑工程,"?? ?? ?? - ?12? ??, ??, ??",,
110294,도장,Material,General,kg,1467.99,1467.99,1467.99,1467.99,1,KRW,143.14,0.0975,6,6,建筑工程,"?? ?? ?? - ?12? ??, ??, ??",,도장
030073,목재 몰딩(못),Material,Wood & Timber,m,259.48,259.48,259.48,259.48,1,KRW,582.54,2.245,6,6,建筑工程,?? ?? ??,마감층,바닥
130008,알칼리 저항 50mm 폭,Material,General,m,19.22,19.22,19.22,19.22,1,KRW,21.14,1.1,6,6,建筑工程,"??, ?? ? ?? ??",??? ??,??? ??
370240,맞대기 창문,Material,Glass,m,16818.23,16818.23,16818.23,16818.23,1,KRW,16818.23,1.0,6,6,建筑工程,? ? ?? ??,"창문, 창문",
090320,잠금,Material,General,pcs,5237.68,5237.68,5237.68,5237.68,1,KRW,5237.68,1.0,6,6,建筑工程,? ? ?? ??,하드웨어 설치,
090323,문 위치 지정,Material,General,pcs,5261.7,5261.7,5261.7,5261.7,1,KRW,5261.7,1.0,6,6,建筑工程,? ? ?? ??,하드웨어 설치,
090325,바닥,Material,General,pcs,19220.83,19220.83,19220.83,19220.83,1,KRW,19220.83,1.0,6,6,建筑工程,? ? ?? ??,하드웨어 설치,
090327,문,Material,General,pcs,3603.91,3603.91,3603.91,3603.91,1,KRW,3603.91,1.0,6,6,建筑工程,? ? ?? ??,하드웨어 설치,
090329,슬래브,Material,General,pcs,5766.25,5766.25,5766.25,5766.25,1,KRW,5766.25,1.0,6,6,建筑工程,? ? ?? ??,하드웨어 설치,
090443,반올림,Material,General,pcs,38441.66,38441.66,38441.66,38441.66,1,KRW,38441.66,1.0,6,6,建筑工程,? ? ?? ??,하드웨어 설치,
370190,문턱경첩,Material,General,pcs,19220.83,19220.83,19220.83,19220.83,1,KRW,19220.83,1.0,6,6,建筑工程,? ? ?? ??,하드웨어 설치,
370232,목재 슬래브,Material,Wood & Timber,m2,28831.24,28831.24,28831.24,28831.24,1,KRW,28831.24,1.0,6,6,建筑工程,? ? ?? ??,"문, 창문",
370233,스테인리스 강창문,Material,Steel & Metal,m2,198695.33,198695.33,198695.33,198695.33,1,KRW,198695.33,1.0,6,6,建筑工程,? ? ?? ??,"문, 창문",
370234,목재 슬래브,Material,Wood & Timber,m2,24026.04,24026.04,24026.04,24026.04,1,KRW,24026.04,1.0,6,6,建筑工程,? ? ?? ??,"문, 창문",
370235,스테인리스 강창문,Material,Steel & Metal,m2,198695.33,198695.33,198695.33,198695.33,1,KRW,198695.33,1.0,6,6,建筑工程,? ? ?? ??,창문 슬래브,
370236,목재 창문 판,Material,Wood & Timber,m2,28831.24,28831.24,28831.24,28831.24,1,KRW,28831.24,1.0,6,6,建筑工程,? ? ?? ??,창문 슬래브,
110777,석고 솔질,Material,General,kg,288.31,288.31,288.31,288.31,1,KRW,0.95,0.0033,6,6,建筑工程,"? ? ?? ??, ??? ? ???",기둥(보) 표면 미장,보 및 기둥 표면 일반 미장
810240,1: 1: 4 복합 모르타르,Material,Concrete & Cement,m3,69675.51,69675.51,69675.51,69675.51,1,KRW,229.93,0.0033,6,6,建筑工程,"? ? ?? ??, ??? ? ???",기둥(보) 표면 미장,보 및 기둥 표면 일반 미장
110619,코팅층,Material,General,kg,4805.21,4805.21,4805.21,4805.21,1,KRW,9898.73,2.06,6,6,建筑工程,?? ?? ??,,
180001,아연도금 15,Material,General,pcs,192.21,192.21,192.21,192.21,1,KRW,194.13,1.01,6,6,建筑工程,"?? ?? ?? - ?10? ??, ??, ??, ??",수 water,물 ()
390191,프리캐스트 콘크리트 물 250,Material,Concrete & Cement,pcs,10811.72,10811.72,10811.72,10811.72,1,KRW,6284.85,0.5813,6,6,建筑工程,?? ??,기초 말뚝,
010570,거푸집,Material,General,kg,1681.82,1681.82,1681.82,1681.82,1,KRW,5600.47,3.33,6,6,建筑工程,?? ??,기초 말뚝,
800013,전기 윈치 단일 1t,Equipment,Hoists,machine-shift,24770.84,24770.84,24770.84,24770.84,1,KRW,10605.65,0.4282,6,6,建筑工程,?? ??,기초 말뚝,
060003,바닥 벽돌 0.16m2 초과,Material,General,m2,18740.31,18740.31,18740.31,18740.31,1,KRW,19115.12,1.02,6,6,建筑工程,?? ?? ??,바닥 타일,
060039,5mm 석재 판재 유형,Material,General,m2,33636.45,33636.45,33636.45,33636.45,1,KRW,34309.18,1.02,6,6,建筑工程,"? ? ?? ??, ??? ? ???",?? ?? ???,석재 판넬 벽면
130042,포장됨,Material,General,m3,52857.28,52857.28,52857.28,52857.28,1,KRW,2695.72,0.051,6,6,建筑工程,?? ? ?? ??,,천장
130045,포장 유리,Material,Glass,m3,94182.07,94182.07,94182.07,94182.07,1,KRW,4803.29,0.051,6,6,建筑工程,?? ? ?? ??,,천장
100037,접착제 2,Material,General,m2,5333.78,5333.78,5333.78,5333.78,1,KRW,248.91,0.0467,6,6,建筑工程,?? ?? ?? - ?9? ??,전기 () 설치,
040033,DM2 벽돌 190×190×90,Material,General,pcs,192.21,192.21,192.21,192.21,1,KRW,36363.89,189.19,6,6,建筑工程,?? ??,,
040034,DM3 벽돌 190×140×90,Material,General,pcs,168.18,168.18,168.18,168.18,1,KRW,30363.63,180.54,6,6,建筑工程,?? ??,,
040035,DM4 벽돌 190×90×90,Material,General,pcs,129.74,129.74,129.74,129.74,1,KRW,30208.15,232.835,6,6,建筑工程,?? ??,,
800233,159,Equipment,General,machine-shift,3555.85,3555.85,3555.85,3555.85,1,KRW,124.45,0.035,6,6,建筑工程,"?? ?? ?? - ?10? ??, ??, ??, ??",,정방형 제작 설치
110475,석재,Material,General,kg,1922.08,1922.08,1922.08,1922.08,1,KRW,3195.46,1.6625,6,6,建筑工程,"? ? ?? ??, ??? ? ???",미장,일반 석고 작업
370237,목재 창문 판,Material,Wood & Timber,m2,24026.04,24026.04,24026.04,24026.04,1,KRW,24026.04,1.0,6,6,建筑工程,? ? ?? ??,창문 슬래브,
370186,창문 (),Material,Glass,m2,13214.32,13214.32,13214.32,13214.32,1,KRW,13214.32,1.0,6,6,建筑工程,? ? ?? ??,"창문, 창문",
370188,창문,Material,Glass,m,5285.73,5285.73,5285.73,5285.73,1,KRW,5285.73,1.0,6,6,建筑工程,? ? ?? ??,"창문, 창문",
370189,알루미늄 합금 창문,Material,Glass,m,16818.23,16818.23,16818.23,16818.23,1,KRW,16818.23,1.0,6,6,建筑工程,? ? ?? ??,"창문, 창문",
370238,목재 창문,Material,Wood & Timber,m,22824.74,22824.74,22824.74,22824.74,1,KRW,22824.74,1.0,6,6,建筑工程,? ? ?? ??,"창문, 창문",
370239,목재 창문,Material,Wood & Timber,m,20422.13,20422.13,20422.13,20422.13,1,KRW,20422.13,1.0,6,6,建筑工程,? ? ?? ??,"창문, 창문",
370197,전기 창문,Material,Glass,set,1922082.97,1922082.97,1922082.97,1922082.97,1,KRW,1922082.97,1.0,6,6,建筑工程,? ? ?? ??,하드웨어 설치,
110231,폴리우레탄,Material,General,pcs,3387.67,3387.67,3387.67,3387.67,1,KRW,1043.4,0.308,6,6,建筑工程,? ? ?? ??,,
370198,강철,Material,Steel & Metal,kg,1441.56,1441.56,1441.56,1441.56,1,KRW,2162.34,1.5,6,6,建筑工程,? ? ?? ??,,
370199,유리,Material,Glass,m2,108117.17,108117.17,108117.17,108117.17,1,KRW,108117.17,1.0,6,6,建筑工程,? ? ?? ??,,
110015,폴리 그라운드 슬래브 페인트,Material,Paint & Coatings,kg,5237.68,5237.68,5237.68,5237.68,1,KRW,269.74,0.0515,6,6,建筑工程,"??, ?? ? ?? ??",?? ?? ??,목재 바닥판 페인트
110791,아크릴 상도장,Material,General,kg,7207.81,7207.81,7207.81,7207.81,1,KRW,2126.3,0.295,6,6,建筑工程,"??, ?? ? ?? ??",?? ?? ??,"?? ??, ?? ??? ??"
080270,슬래브 50mm,Material,General,m2,31233.85,31233.85,31233.85,31233.85,1,KRW,32483.2,1.04,6,6,建筑工程,?? ? ?? ??,,천장
080271,슬래브 50mm,Material,General,m2,31233.85,31233.85,31233.85,31233.85,1,KRW,32483.2,1.04,6,6,建筑工程,?? ? ?? ??,,천장
800041,슬래브 2×1600,Equipment,General,machine-shift,2522.73,2522.73,2522.73,2522.73,1,KRW,25.23,0.01,6,6,建筑工程,?? ?? ?? - ?7? ?? ? ??,벽,
110126,높이 40L,Material,General,병,4588.97,4588.97,4588.97,4588.97,1,KRW,8986.74,1.9583,6,6,建筑工程,?? ?? ?? - ?9? ??,,
040038,90 두께 콘크리트형 중공 블록,Material,Concrete & Cement,m3,55259.89,55259.89,55259.89,55259.89,1,KRW,51391.69,0.93,6,6,建筑工程,?? ??,블록 조적,
040039,190 두께 콘크리트형 중공 블록,Material,Concrete & Cement,m3,56461.19,56461.19,56461.19,56461.19,1,KRW,52508.9,0.93,6,6,建筑工程,?? ??,블록 조적,
040040,190 두께 장식용 콘크리트 타입 중공 블록,Material,Concrete & Cement,m3,106026.9,106026.9,106026.9,106026.9,1,KRW,98605.02,0.93,6,6,建筑工程,?? ??,블록 조적,
040047,90 두께 장식용 콘크리트 중공 블록,Material,Concrete & Cement,m3,137813.35,137813.35,137813.35,137813.35,1,KRW,128166.41,0.93,6,6,建筑工程,?? ??,블록 조적,
020098,속이 빈 블록 미장,Material,General,m3,67272.9,67272.9,67272.9,67272.9,1,KRW,54425.12,0.809,6,6,建筑工程,?? ??,블록 조적,
020099,특수형 중공 블록 미장,Material,General,m3,69675.51,69675.51,69675.51,69675.51,1,KRW,13225.8,0.1898,6,6,建筑工程,?? ??,블록 조적,
020100,장식용 블록 미장,Material,General,m3,118928.88,118928.88,118928.88,118928.88,1,KRW,96213.47,0.809,6,6,建筑工程,?? ??,블록 조적,
020101,장식용 특수형 블록 미장,Material,General,m3,124935.39,124935.39,124935.39,124935.39,1,KRW,23737.72,0.19,6,6,建筑工程,?? ??,블록 조적,
050004,유리 장식 슬래브(벽돌) 바닥,Material,Glass,m2,120130.19,120130.19,120130.19,120130.19,1,KRW,121331.49,1.01,6,6,建筑工程,?? ?? ??,바닥 타일,
060038,타입 석재 판 8 12mm,Material,General,m2,36039.06,36039.06,36039.06,36039.06,1,KRW,36759.84,1.02,6,6,建筑工程,"? ? ?? ??, ??? ? ???",?? ?? ???,석재 판넬 벽면
080743,장식용 슬래브 마감 타일 슬래브,Material,General,m2,86493.73,86493.73,86493.73,86493.73,1,KRW,90818.42,1.05,6,6,建筑工程,"? ? ?? ??, ??? ? ???",?? ?? ??,?? ???
080740,장식용 플루오르카본 분무 코팅 알루미늄 판 표면,Material,General,m2,108117.17,108117.17,108117.17,108117.17,1,KRW,113523.03,1.05,6,6,建筑工程,"? ? ?? ??, ??? ? ???",?? ?? ??,?? ???
100362,접착제 슬래브 6,Material,General,kg,1537.67,1537.67,1537.67,1537.67,1,KRW,186.06,0.121,6,6,建筑工程,?? ?? ?? - ?7? ?? ? ??,설치,설치
040073,벽돌,Material,General,m3,7688.33,7688.33,7688.33,7688.33,1,KRW,176.83,0.023,6,6,建筑工程,???? ? ?????? ??,현장 타설 콘크리트 구조물,
400014,C30 석재 콘크리트,Material,Concrete & Cement,m3,104441.18,104441.18,104441.18,104441.18,1,KRW,10609.48,0.1016,6,6,建筑工程,???? ? ?????? ??,현장 타설 콘크리트 구조물,
130114,8501 실란트 스트립,Material,Rubber,m,264.29,264.29,264.29,264.29,1,KRW,326.28,1.2346,6,6,建筑工程,?? ?? ?? - ?7? ?? ? ??,,"강판 직사각형 설치 (1.2mm 내외, )"
040080,다듬은 석재 판 20 25,Material,General,m2,13574.71,13574.71,13574.71,13574.71,1,KRW,13981.95,1.03,6,6,建筑工程,?? ??,석조 벽돌공사,
090461,스테인리스 강 못 8,Material,Steel & Metal,pcs,45.65,45.65,45.65,45.65,1,KRW,406.46,8.904,6,6,建筑工程,"? ? ?? ??, ??? ? ???",??(?) ?? ?? ? ?? ?? ??,석재 기둥 표면
091464,스테인리스강 T형,Material,Steel & Metal,kg,5766.25,5766.25,5766.25,5766.25,1,KRW,615.84,0.1068,6,6,建筑工程,"? ? ?? ??, ??? ? ???",?? ?? ??,?? ???
080298,Z형 케일,Material,General,m,2138.32,2138.32,2138.32,2138.32,1,KRW,12654.56,5.918,6,6,建筑工程,?? ? ?? ??,,천장
090933,8 못,Material,Fasteners,set,240.26,240.26,240.26,240.26,1,KRW,931.25,3.876,6,6,建筑工程,?? ? ?? ??,,천장
080737,장식용 화강암 판재,Material,General,m2,108117.17,108117.17,108117.17,108117.17,1,KRW,113523.03,1.05,6,6,建筑工程,"? ? ?? ??, ??? ? ???",?? ?? ??,?? ???
080738,장식용 슬래브,Material,General,m2,86493.73,86493.73,86493.73,86493.73,1,KRW,90818.42,1.05,6,6,建筑工程,"? ? ?? ??, ??? ? ???",?? ?? ??,?? ???
080741,장식용 슬래브 코팅 표면 일반 슬래브,Material,General,m2,67272.9,67272.9,67272.9,67272.9,1,KRW,70636.55,1.05,6,6,建筑工程,"? ? ?? ??, ??? ? ???",?? ?? ??,?? ???
080742,장식용 슬래브 마감 타일 슬래브,Material,General,m2,76883.32,76883.32,76883.32,76883.32,1,KRW,80727.48,1.05,6,6,建筑工程,"? ? ?? ??, ??? ? ???",?? ?? ??,?? ???
110792,플루오르카본 페인트 상도,Material,Paint & Coatings,kg,21623.43,21623.43,21623.43,21623.43,1,KRW,7654.7,0.354,6,6,建筑工程,"??, ?? ? ?? ??",?? ?? ??,"?? ??, ?? ??? ??"
110790,플루오르카본 페인트 신너,Material,Paint & Coatings,kg,4853.26,4853.26,4853.26,4853.26,1,KRW,214.76,0.0442,6,6,建筑工程,"??, ?? ? ?? ??",?? ?? ??,"?? ??, ?? ??? ??"
070048,알루미늄 합금 장식 스트립,Material,General,m,961.04,961.04,961.04,961.04,1,KRW,3944.98,4.1049,6,6,建筑工程,"??, ?? ? ?? ??",,
050016,거울 5mm,Material,General,m2,12013.02,12013.02,12013.02,12013.02,1,KRW,16397.77,1.365,6,6,建筑工程,?? ?? ??,,틀
150066,스트립,Material,General,m,259.48,259.48,259.48,259.48,1,KRW,451.41,1.7397,6,6,建筑工程,? ? ?? ??,설치 및 시공,설치
040004,시멘트,Material,Concrete & Cement,m2,5838.33,5838.33,5838.33,5838.33,1,KRW,6013.48,1.03,6,6,建筑工程,?? ? ?? ??,,
040121,(기판),Material,General,m2,21623.43,21623.43,21623.43,21623.43,1,KRW,22272.14,1.03,6,6,建筑工程,?? ? ?? ??,,
090237,아연 도금 철망,Material,Steel & Metal,m2,2979.23,2979.23,2979.23,2979.23,1,KRW,3068.61,1.03,6,6,建筑工程,?? ? ?? ??,,
370086,문,Material,General,set,6727290.41,6727290.41,6727290.41,6727290.41,1,KRW,6727290.41,1.0,6,6,建筑工程,? ? ?? ??,하드웨어 설치,
370107,전등문,Material,General,set,480520.74,480520.74,480520.74,480520.74,1,KRW,480520.74,1.0,6,6,建筑工程,? ? ?? ??,하드웨어 설치,
370192,문 ground 잠금장치,Material,General,pcs,86493.73,86493.73,86493.73,86493.73,1,KRW,86493.73,1.0,6,6,建筑工程,? ? ?? ??,하드웨어 설치,
090436,문,Material,General,m,5525.99,5525.99,5525.99,5525.99,1,KRW,5857.55,1.06,6,6,建筑工程,? ? ?? ??,하드웨어 설치,
390164,????? ???? ???,Material,Concrete & Cement,m3,456494.71,456494.71,456494.71,456494.71,1,KRW,456494.71,1.0,6,6,建筑工程,???? ? ?????? ??,????? ???? ???,
390012,원형 슬래브,Material,General,m3,341409.99,341409.99,341409.99,341409.99,1,KRW,341409.99,1.0,6,6,建筑工程,???? ? ?????? ??,????? ???? ???,
390013,길이 원형 슬래브,Material,General,m3,424540.08,424540.08,424540.08,424540.08,1,KRW,424540.08,1.0,6,6,建筑工程,???? ? ?????? ??,????? ???? ???,
390014,길이 원형 슬래브,Material,General,m3,453131.06,453131.06,453131.06,453131.06,1,KRW,453131.06,1.0,6,6,建筑工程,???? ? ?????? ??,????? ???? ???,
390015,-형 슬래브,Material,General,m3,504546.78,504546.78,504546.78,504546.78,1,KRW,504546.78,1.0,6,6,建筑工程,???? ? ?????? ??,????? ???? ???,
390139,SP(D) 빈 슬래브,Material,General,m3,447364.81,447364.81,447364.81,447364.81,1,KRW,447364.81,1.0,6,6,建筑工程,???? ? ?????? ??,????? ???? ???,
390165,창문 슬래브,Material,Glass,m3,432468.67,432468.67,432468.67,432468.67,1,KRW,432468.67,1.0,6,6,建筑工程,???? ? ?????? ??,????? ???? ???,
850207,DP1-601,Equipment,General,machine-shift,16638.03,16638.03,16638.03,16638.03,1,KRW,6405.64,0.385,6,6,建筑工程,?? ?? ?? - ?6? ???? ??,,
370113,전등문,Material,General,set,985067.52,985067.52,985067.52,985067.52,1,KRW,985067.52,1.0,6,6,建筑工程,? ? ?? ??,하드웨어 설치,
370194,잠금,Material,General,set,22824.74,22824.74,22824.74,22824.74,1,KRW,22824.74,1.0,6,6,建筑工程,? ? ?? ??,하드웨어 설치,
370195,경첩,Material,General,set,12013.02,12013.02,12013.02,12013.02,1,KRW,12013.02,1.0,6,6,建筑工程,? ? ?? ??,하드웨어 설치,
040122,시멘트형 슬래브,Material,Concrete & Cement,m2,24026.04,24026.04,24026.04,24026.04,1,KRW,24746.82,1.03,6,6,建筑工程,?? ? ?? ??,,
040123,시멘트형 슬래브,Material,Concrete & Cement,pcs,21623.43,21623.43,21623.43,21623.43,1,KRW,6270.8,0.29,6,6,建筑工程,?? ? ?? ??,,
091063,홈통 스트립,Material,General,pcs,2450.66,2450.66,2450.66,2450.66,1,KRW,720.49,0.294,6,6,建筑工程,?? ? ?? ??,,
110437,-형,Material,General,m2,19220.83,19220.83,19220.83,19220.83,1,KRW,19797.45,1.03,6,6,建筑工程,?? ? ?? ??,,
110438,-형,Material,General,pcs,13214.32,13214.32,13214.32,13214.32,1,KRW,3832.15,0.29,6,6,建筑工程,?? ? ?? ??,,
110439,평판형,Material,General,m2,13214.32,13214.32,13214.32,13214.32,1,KRW,13610.75,1.03,6,6,建筑工程,?? ? ?? ??,,
110440,평판형,Material,General,pcs,9129.89,9129.89,9129.89,9129.89,1,KRW,2647.67,0.29,6,6,建筑工程,?? ? ?? ??,,
110441,T형 복합재,Material,General,m2,20422.13,20422.13,20422.13,20422.13,1,KRW,21034.8,1.03,6,6,建筑工程,?? ? ?? ??,,
110557,슬래브,Material,General,m,10811.72,10811.72,10811.72,10811.72,1,KRW,1559.05,0.1442,6,6,建筑工程,?? ? ?? ??,,
110448,폴리우레탄,Material,General,m2,1201.3,1201.3,1201.3,1201.3,1,KRW,1001.04,0.8333,6,6,建筑工程,?? ? ?? ??,,프로파일 및 기타 지붕 자재
080185,종이 마감 석고보드 스트립 50×12,Material,Wood & Timber,m,276.3,276.3,276.3,276.3,1,KRW,644.93,2.3342,6,6,建筑工程,"? ? ?? ??, ??? ? ???",?? ?? ??,?? ???
110145,KF80 퍼티,Material,General,kg,158.57,158.57,158.57,158.57,1,KRW,7.45,0.047,6,6,建筑工程,"? ? ?? ??, ??? ? ???",?? ?? ??,?? ???
800550,목재 두께 평면기 단면 폭 600mm,Equipment,General,machine-shift,2883.12,2883.12,2883.12,2883.12,1,KRW,57.57,0.02,6,6,建筑工程,"? ? ?? ??, ??? ? ???",?? ?? ??,?? ???
800022,공기 압축기 0.6m3/분,Equipment,Compressors,machine-shift,3675.98,3675.98,3675.98,3675.98,1,KRW,698.44,0.19,6,6,建筑工程,?? ?? ?? - ?6? ???? ??,,
850200,복합,Equipment,General,machine-shift,1429.55,1429.55,1429.55,1429.55,1,KRW,271.61,0.19,6,6,建筑工程,?? ?? ?? - ?6? ???? ??,,
850202,910B,Equipment,General,machine-shift,9254.83,9254.83,9254.83,9254.83,1,KRW,3516.84,0.38,6,6,建筑工程,?? ?? ?? - ?6? ???? ??,,
390016,평판,Material,General,m3,434871.27,434871.27,434871.27,434871.27,1,KRW,434871.27,1.0,6,6,建筑工程,???? ? ?????? ??,????? ???? ???,
390023,발코니 난간 슬래브,Material,General,m3,807611.21,807611.21,807611.21,807611.21,1,KRW,807611.21,1.0,6,6,建筑工程,???? ? ?????? ??,????? ???? ???,
390026,홈통,Material,General,m3,429993.99,429993.99,429993.99,429993.99,1,KRW,429993.99,1.0,6,6,建筑工程,???? ? ?????? ??,????? ???? ???,
390138,차양,Material,General,m3,406040.03,406040.03,406040.03,406040.03,1,KRW,406040.03,1.0,6,6,建筑工程,???? ? ?????? ??,????? ???? ???,
090154,볼트 14×150,Material,Fasteners,set,2376.18,2376.18,2376.18,2376.18,1,KRW,3588.02,1.51,6,6,建筑工程,???? ? ?????? ??,구조적,
850211,전기 전기 2553,Equipment,General,machine-shift,6304.43,6304.43,6304.43,6304.43,1,KRW,5726.63,0.9084,6,6,建筑工程,?? ?? ?? - ?6? ???? ??,,단일
130891,목재 장식판,Material,Wood & Timber,m2,96104.15,96104.15,96104.15,96104.15,1,KRW,102831.44,1.07,6,6,建筑工程,"? ? ?? ??, ??? ? ???",?? ?? ??,?? ???
130892,석고판,Material,General,m2,6847.42,6847.42,6847.42,6847.42,1,KRW,7189.79,1.05,6,6,建筑工程,"? ? ?? ??, ??? ? ???",?? ?? ??,?? ???
110788,폴리우레탄 목공 상도 희석제,Material,Wood & Timber,kg,3507.8,3507.8,3507.8,3507.8,1,KRW,17.02,0.0048,6,6,建筑工程,"??, ?? ? ?? ??","?? ??? ? ?? ??, ?? ? ? ?? ??","?? ??, ?, ?? ?? ?? ??"
110834,수성 아크릴 목재 프라이머,Material,Wood & Timber,kg,3964.3,3964.3,3964.3,3964.3,1,KRW,375.23,0.0946,6,6,建筑工程,"??, ?? ? ?? ??",?? ?? ??,"???, ???, ?? ?? ??"
070053,알루미늄 합금 몰딩 30mm 내부,Material,General,m,1602.54,1602.54,1602.54,1602.54,1,KRW,1650.61,1.03,6,6,建筑工程,?? ?? ??,장식 몰딩,금속 장식 몰딩
070054,알루미늄 합금 몰딩 30mm 이상,Material,General,m,2183.97,2183.97,2183.97,2183.97,1,KRW,2249.49,1.03,6,6,建筑工程,?? ?? ??,장식 몰딩,금속 장식 몰딩
070055,거울 마감 스테인리스 강 몰딩 30mm 내,Material,Steel & Metal,m,4084.43,4084.43,4084.43,4084.43,1,KRW,4206.96,1.03,6,6,建筑工程,?? ?? ??,장식 몰딩,금속 장식 몰딩
070056,거울 마감 스테인리스 강 몰딩 30mm 이상,Material,Steel & Metal,m,5814.3,5814.3,5814.3,5814.3,1,KRW,5988.73,1.03,6,6,建筑工程,?? ?? ??,장식 몰딩,금속 장식 몰딩
070057,거울 마감 몰딩 30mm 내,Material,General,m,3748.06,3748.06,3748.06,3748.06,1,KRW,3860.5,1.03,6,6,建筑工程,?? ?? ??,장식 몰딩,금속 장식 몰딩
070058,거울 마감 몰딩 30mm 이상,Material,General,m,4468.84,4468.84,4468.84,4468.84,1,KRW,4602.91,1.03,6,6,建筑工程,?? ?? ??,장식 몰딩,금속 장식 몰딩
070059,알루미늄 합금 몰딩 30mm 내부,Material,General,m,1746.69,1746.69,1746.69,1746.69,1,KRW,1799.09,1.03,6,6,建筑工程,?? ?? ??,장식 몰딩,금속 장식 몰딩
070060,알루미늄 합금 몰딩 30mm 이상,Material,General,m,2330.53,2330.53,2330.53,2330.53,1,KRW,2400.44,1.03,6,6,建筑工程,?? ?? ??,장식 몰딩,금속 장식 몰딩
070062,거울 마감 스테인리스 강 몰딩 30mm 이상,Material,Steel & Metal,m,5814.3,5814.3,5814.3,5814.3,1,KRW,5988.73,1.03,6,6,建筑工程,?? ?? ??,장식 몰딩,금속 장식 몰딩
070063,거울 마감 몰딩 30mm 내,Material,General,m,4613.0,4613.0,4613.0,4613.0,1,KRW,4751.39,1.03,6,6,建筑工程,?? ?? ??,장식 몰딩,금속 장식 몰딩
070064,거울 마감 몰딩 30mm 이상,Material,General,m,5910.41,5910.41,5910.41,5910.41,1,KRW,6087.72,1.03,6,6,建筑工程,?? ?? ??,장식 몰딩,금속 장식 몰딩
010387,브래킷 복합재,Material,General,pcs,1201.3,1201.3,1201.3,1201.3,1,KRW,4805.21,4.0,6,6,建筑工程,?? ? ?? ??,,프로파일 및 기타 지붕 자재
010408,0.8mm 강재,Material,Steel & Metal,m,2402.6,2402.6,2402.6,2402.6,1,KRW,317.78,0.1323,6,6,建筑工程,?? ? ?? ??,,프로파일 및 기타 지붕 자재
090053,확장 볼트 5,Material,Fasteners,set,158.57,158.57,158.57,158.57,1,KRW,646.97,4.08,6,6,建筑工程,?? ?? ?? - ?5? ?? ??? ???,설치,전기 창호 설치
010011,아연 도금 강재 몰딩,Material,Steel & Metal,kg,1612.15,1612.15,1612.15,1612.15,1,KRW,337083.84,209.09,6,6,建筑工程,?? ?? ?? - ?5? ?? ??? ???,,
010003,철근 포함,Material,Steel & Metal,kg,1042.73,1042.73,1042.73,1042.73,1,KRW,1068798.26,1025.0,6,6,建筑工程,???? ? ?????? ??,철근 공사,
080141,알루미늄 합금 케일 60×30,Material,General,m,1282.99,1282.99,1282.99,1282.99,1,KRW,4440.08,3.4607,6,6,建筑工程,"? ? ?? ??, ??? ? ???",??(?) ?? ??,??(?) ?? ??
070135,알루미늄 슬래브 스트립 50mm 내,Material,General,m,2246.43,2246.43,2246.43,2246.43,1,KRW,2313.83,1.03,6,6,建筑工程,?? ?? ??,장식 몰딩,알루미늄 장식 몰딩
070139,알루미늄 슬래브 스트립 50mm 이상,Material,General,m,3003.25,3003.25,3003.25,3003.25,1,KRW,3093.35,1.03,6,6,建筑工程,?? ?? ??,장식 몰딩,알루미늄 장식 몰딩
080295,알루미늄 평몰딩 50mm 내부용,Material,General,m,2246.43,2246.43,2246.43,2246.43,1,KRW,2313.83,1.03,6,6,建筑工程,?? ?? ??,장식 몰딩,알루미늄 장식 몰딩
070142,알루미늄 평면 몰딩 50mm 이상,Material,General,m,3123.38,3123.38,3123.38,3123.38,1,KRW,3217.09,1.03,6,6,建筑工程,?? ?? ??,장식 몰딩,알루미늄 장식 몰딩
130094,100mm 두께 암면 단열판,Material,Wood & Timber,m2,43246.87,43246.87,43246.87,43246.87,1,KRW,44544.27,1.03,6,6,建筑工程,?? ? ?? ??,,프로파일 및 기타 지붕 자재
800272,도어 크레인 10t,Equipment,Cranes,machine-shift,73856.04,73856.04,73856.04,73856.04,1,KRW,49.24,0.0007,6,6,建筑工程,?? ? ?? ??,,프로파일 및 기타 지붕 자재
800428,슬래브 20×4,Equipment,General,machine-shift,33684.5,33684.5,33684.5,33684.5,1,KRW,22.46,0.0007,6,6,建筑工程,?? ? ?? ??,,프로파일 및 기타 지붕 자재
800494,평판,Equipment,General,machine-shift,14463.67,14463.67,14463.67,14463.67,1,KRW,6.26,0.0004,6,6,建筑工程,?? ? ?? ??,,프로파일 및 기타 지붕 자재
800534,슬래브,Equipment,General,machine-shift,13214.32,13214.32,13214.32,13214.32,1,KRW,8.81,0.0007,6,6,建筑工程,?? ? ?? ??,,프로파일 및 기타 지붕 자재
380011,강재 평판,Material,Steel & Metal,t,1614910.09,1614910.09,1614910.09,1614910.09,1,KRW,1614910.09,1.0,6,6,建筑工程,????? ??,강재 구조물,
810075,C20 일반 콘크리트,Material,Concrete & Cement,m3,62972.24,62972.24,62972.24,62972.24,1,KRW,2770.78,0.044,6,6,建筑工程,?? ?? ?? - ?4? ???? ??,구덩이,현장 타설 콘크리트 피트
850111,LCR ZL6,Equipment,General,machine-shift,1431.95,1431.95,1431.95,1431.95,1,KRW,2976.07,2.0783,6,6,建筑工程,?? ?? ?? - ?4? ???? ??,전기,
850112,전기 JCD4060,Equipment,General,machine-shift,22512.4,22512.4,22512.4,22512.4,1,KRW,46788.26,2.0783,6,6,建筑工程,?? ?? ?? - ?4? ???? ??,전기,
850110,전기,Equipment,General,machine-shift,1929.29,1929.29,1929.29,1929.29,1,KRW,6421.32,3.3283,6,6,建筑工程,?? ?? ?? - ?4? ???? ??,전기,
100114,접착제,Material,General,m,1134.03,1134.03,1134.03,1134.03,1,KRW,24.19,0.0213,6,6,建筑工程,"? ? ?? ??, ??? ? ???",??(?) ?? ??,??(?) ?? ??
070143,내부 40mm 알루미늄 몰딩,Material,General,m,2450.66,2450.66,2450.66,2450.66,1,KRW,2524.18,1.03,6,6,建筑工程,?? ?? ??,장식 몰딩,알루미늄 장식 몰딩
070144,알루미늄 몰딩 40mm 이상,Material,General,m,2883.12,2883.12,2883.12,2883.12,1,KRW,2969.62,1.03,6,6,建筑工程,?? ?? ??,장식 몰딩,알루미늄 장식 몰딩
070034,PVC 표면 판 스트립 50mm 내 포함,Material,General,m,1729.87,1729.87,1729.87,1729.87,1,KRW,1781.77,1.03,6,6,建筑工程,?? ?? ??,장식 몰딩,장식 몰딩
070033,PVC 표면 판 스트립 50mm 이상,Material,General,m,3459.75,3459.75,3459.75,3459.75,1,KRW,3563.54,1.03,6,6,建筑工程,?? ?? ??,장식 몰딩,장식 몰딩
070035,PVC 표면 평면 몰딩 50mm 내,Material,General,m,1801.95,1801.95,1801.95,1801.95,1,KRW,1856.01,1.03,6,6,建筑工程,?? ?? ??,장식 몰딩,장식 몰딩
070036,PVC 표면 평면 몰딩 50mm 이상,Material,General,m,4613.0,4613.0,4613.0,4613.0,1,KRW,4751.39,1.03,6,6,建筑工程,?? ?? ??,장식 몰딩,장식 몰딩
070046,PVC 표면 몰딩 40mm 내,Material,General,m,2075.85,2075.85,2075.85,2075.85,1,KRW,2138.13,1.03,6,6,建筑工程,?? ?? ??,장식 몰딩,장식 몰딩
070047,PVC 표면 몰딩 40mm 이상,Material,General,m,5525.99,5525.99,5525.99,5525.99,1,KRW,5691.77,1.03,6,6,建筑工程,?? ?? ??,장식 몰딩,장식 몰딩
110429,방수공사,Material,Waterproofing,kg,3892.22,3892.22,3892.22,3892.22,1,KRW,2191.32,0.563,6,6,建筑工程,?? ? ?? ??,?? ?? ? ?? ??,지붕 방수
150176,강철,Material,Steel & Metal,kg,4564.95,4564.95,4564.95,4564.95,1,KRW,8216.9,1.8,6,6,建筑工程,?? ? ?? ??,?? ?? ? ?? ??,지붕 방수
380077,슬래브 단면 강판 바닥 슬래브 0.91mm,Material,Steel & Metal,m2,30032.55,30032.55,30032.55,30032.55,1,KRW,33536.34,1.1167,6,6,建筑工程,????? ??,"강판 바닥 슬래브, 벽 슬래브",
380078,슬래브 단면 강판 바닥 슬래브 0.91mm,Material,Steel & Metal,m2,20422.13,20422.13,20422.13,20422.13,1,KRW,22804.71,1.1167,6,6,建筑工程,????? ??,"강판 바닥 슬래브, 벽 슬래브",
380072,복합 벽 슬래브 (100mm 암면층),Material,Aggregates,m2,67272.9,67272.9,67272.9,67272.9,1,KRW,75121.41,1.1167,6,6,建筑工程,????? ??,"강판 바닥 슬래브, 벽 슬래브",
380088,못 복합 벽 슬래브 (100mm 유리솜 층),Material,Fasteners,m2,43246.87,43246.87,43246.87,43246.87,1,KRW,48292.33,1.1167,6,6,建筑工程,????? ??,"강판 바닥 슬래브, 벽 슬래브",
380007,강철 벽체 프레임,Material,Steel & Metal,t,1489614.31,1489614.31,1489614.31,1489614.31,1,KRW,1489614.31,1.0,6,6,建筑工程,????? ??,강재 구조물,
370228,스테인리스 강창문,Material,Steel & Metal,m2,192208.3,192208.3,192208.3,192208.3,1,KRW,192208.3,1.0,6,6,建筑工程,? ? ?? ??,금속 창문,
370068,슬래브 고정 창문,Material,Glass,m2,64870.3,64870.3,64870.3,64870.3,1,KRW,64870.3,1.0,6,6,建筑工程,? ? ?? ??,금속 창문,
370069,슬랩 창문,Material,Glass,m2,69675.51,69675.51,69675.51,69675.51,1,KRW,69675.51,1.0,6,6,建筑工程,? ? ?? ??,금속 창문,
370071,평판 창문,Material,Glass,m2,72078.11,72078.11,72078.11,72078.11,1,KRW,72078.11,1.0,6,6,建筑工程,? ? ?? ??,금속 창문,
370179,강철 () 창문,Material,Steel & Metal,m2,90097.64,90097.64,90097.64,90097.64,1,KRW,90097.64,1.0,6,6,建筑工程,? ? ?? ??,금속 창문,
370180,알루미늄 합금 () 창문,Material,Glass,m2,120130.19,120130.19,120130.19,120130.19,1,KRW,120130.19,1.0,6,6,建筑工程,? ? ?? ??,금속 창문,
370181,알루미늄 합금 () 창문,Material,Glass,m2,138149.71,138149.71,138149.71,138149.71,1,KRW,138149.71,1.0,6,6,建筑工程,? ? ?? ??,금속 창문,
370185,완성된 목재 문 창문,Material,Wood & Timber,m2,28831.24,28831.24,28831.24,28831.24,1,KRW,28831.24,1.0,6,6,建筑工程,? ? ?? ??,"문, 창문",
100054,SBS 개질 아스팔트 방수재,Material,Waterproofing,m2,6006.51,6006.51,6006.51,6006.51,1,KRW,1816.97,0.3025,6,6,建筑工程,?? ? ?? ??,?? ?? ? ?? ??,지붕 배수
160117,수량 100,Material,Water,pcs,11292.24,11292.24,11292.24,11292.24,1,KRW,11405.16,1.01,6,6,建筑工程,?? ? ?? ??,?? ?? ? ?? ??,지붕 배수
160118,수량 100,Material,Water,pcs,11292.24,11292.24,11292.24,11292.24,1,KRW,11405.16,1.01,6,6,建筑工程,?? ? ?? ??,?? ?? ? ?? ??,지붕 배수
160119,물 150,Material,Water,pcs,20181.87,20181.87,20181.87,20181.87,1,KRW,20383.69,1.01,6,6,建筑工程,?? ? ?? ??,?? ?? ? ?? ??,지붕 배수
160235,물 150,Material,Water,set,20037.72,20037.72,20037.72,20037.72,1,KRW,20238.09,1.01,6,6,建筑工程,?? ? ?? ??,?? ?? ? ?? ??,지붕 배수
170094,유리 강철 수도 110,Material,Steel & Metal,pcs,4877.29,4877.29,4877.29,4877.29,1,KRW,4926.06,1.01,6,6,建筑工程,?? ? ?? ??,?? ?? ? ?? ??,지붕 배수
170095,유리강수 160,Material,Steel & Metal,pcs,9298.08,9298.08,9298.08,9298.08,1,KRW,9391.06,1.01,6,6,建筑工程,?? ? ?? ??,?? ?? ? ?? ??,지붕 배수
370116,목재 창문,Material,Wood & Timber,m2,120130.19,120130.19,120130.19,120130.19,1,KRW,120130.19,1.0,6,6,建筑工程,? ? ?? ??,목재 창문,
370164,목재 창문,Material,Wood & Timber,m2,228247.35,228247.35,228247.35,228247.35,1,KRW,228247.35,1.0,6,6,建筑工程,? ? ?? ??,목재 창문,
370166,목재 창문,Material,Wood & Timber,m2,108117.17,108117.17,108117.17,108117.17,1,KRW,108117.17,1.0,6,6,建筑工程,? ? ?? ??,목재 창문,
370167,창문,Material,Glass,m2,216234.33,216234.33,216234.33,216234.33,1,KRW,216234.33,1.0,6,6,建筑工程,? ? ?? ??,목재 창문,
370229,장식용 목재 창문,Material,Wood & Timber,m2,120130.19,120130.19,120130.19,120130.19,1,KRW,120130.19,1.0,6,6,建筑工程,? ? ?? ??,목재 창문,
370041,알루미늄 합금 고정 창문,Material,Glass,m2,67272.9,67272.9,67272.9,67272.9,1,KRW,67272.9,1.0,6,6,建筑工程,? ? ?? ??,금속 창문,
370043,알루미늄 합금 이중 평창 창문,Material,Glass,m2,108117.17,108117.17,108117.17,108117.17,1,KRW,108117.17,1.0,6,6,建筑工程,? ? ?? ??,금속 창문,
090133,볼트 16×(35 60)로 아연 도금,Material,Fasteners,set,422.86,422.86,422.86,422.86,1,KRW,1143.13,2.7033,6,6,建筑工程,?? ?? ?? - ?4? ???? ??,,설치
080278,유리,Material,Glass,m2,62467.7,62467.7,62467.7,62467.7,1,KRW,65591.08,1.05,6,6,建筑工程,"? ? ?? ??, ??? ? ???",??? ??,유리 커튼월
050030,유리,Material,Glass,m2,62467.7,62467.7,62467.7,62467.7,1,KRW,65591.08,1.05,6,6,建筑工程,"? ? ?? ??, ??? ? ???",??? ??,유리 커튼월
050031,유리,Material,Glass,m2,62467.7,62467.7,62467.7,62467.7,1,KRW,65591.08,1.05,6,6,建筑工程,"? ? ?? ??, ??? ? ???",??? ??,유리 커튼월
010400,아연 도금 채널 강재,Material,Steel & Metal,kg,1321.43,1321.43,1321.43,1321.43,1,KRW,18720.29,14.1667,6,6,建筑工程,"? ? ?? ??, ??? ? ???",??? ??,유리 커튼월
380079,강철 창틀,Material,Steel & Metal,t,1537666.38,1537666.38,1537666.38,1537666.38,1,KRW,1537666.38,1.0,6,6,建筑工程,????? ??,강재 구조물,
380080,강철 프레임,Material,Steel & Metal,t,1537666.38,1537666.38,1537666.38,1537666.38,1,KRW,1537666.38,1.0,6,6,建筑工程,????? ??,강재 구조물,
380081,강판,Material,Steel & Metal,t,1537666.38,1537666.38,1537666.38,1537666.38,1,KRW,1537666.38,1.0,6,6,建筑工程,????? ??,강재 구조물,
380082,강철 강철,Material,Steel & Metal,t,1621757.51,1621757.51,1621757.51,1621757.51,1,KRW,1621757.51,1.0,6,6,建筑工程,????? ??,강재 구조물,
030237,곡선 목재 계단,Material,Wood & Timber,m2,206623.92,206623.92,206623.92,206623.92,1,KRW,206623.92,1.0,6,6,建筑工程,목조 구조 작업,구조용 목재,
030238,목재 계단,Material,Wood & Timber,m2,257078.6,257078.6,257078.6,257078.6,1,KRW,257078.6,1.0,6,6,建筑工程,목조 구조 작업,구조용 목재,
030239,직선 강철 목재 계단,Material,Steel & Metal,m2,84091.13,84091.13,84091.13,84091.13,1,KRW,84091.13,1.0,6,6,建筑工程,목조 구조 작업,구조용 목재,
030240,곡선 강재 목재 계단,Material,Steel & Metal,m2,115324.98,115324.98,115324.98,115324.98,1,KRW,115324.98,1.0,6,6,建筑工程,목조 구조 작업,구조용 목재,
030241,강철 목재 계단,Material,Steel & Metal,m2,146558.83,146558.83,146558.83,146558.83,1,KRW,146558.83,1.0,6,6,建筑工程,목조 구조 작업,구조용 목재,
300028,아연도금 앵글 강재 63×63×6×1800,Material,Steel & Metal,pcs,13887.05,13887.05,13887.05,13887.05,1,KRW,18571.61,1.3373,6,6,建筑工程,?? ?? ?? - ?4? ???? ??,,설치
370045,알루미늄 합금 이중창,Material,Glass,m2,91298.94,91298.94,91298.94,91298.94,1,KRW,91298.94,1.0,6,6,建筑工程,? ? ?? ??,금속 창문,
370054,강철 고정 창문,Material,Steel & Metal,m2,59824.83,59824.83,59824.83,59824.83,1,KRW,59824.83,1.0,6,6,建筑工程,? ? ?? ??,금속 창문,
370056,강철 이중창,Material,Steel & Metal,m2,79285.92,79285.92,79285.92,79285.92,1,KRW,79285.92,1.0,6,6,建筑工程,? ? ?? ??,금속 창문,
370058,강철 이중 평창 창문,Material,Steel & Metal,m2,88896.34,88896.34,88896.34,88896.34,1,KRW,88896.34,1.0,6,6,建筑工程,? ? ?? ??,금속 창문,
370046,알루미늄 합금 창문,Material,Glass,m2,91298.94,91298.94,91298.94,91298.94,1,KRW,91298.94,1.0,6,6,建筑工程,? ? ?? ??,금속 창문,
090093,볼트 6×(30 50) 포함,Material,Fasteners,set,33.64,33.64,33.64,33.64,1,KRW,69.96,2.08,6,6,建筑工程,?? ??,?? ?? ? ?? ??,?? ???
080119,H형 케일 HB22×0.5,Material,General,m,490.13,490.13,490.13,490.13,1,KRW,822.58,1.6783,6,6,建筑工程,?? ??,?? ?? ? ?? ??,천장 마감층
080212,두께 13 슬래브,Material,General,m2,9610.41,9610.41,9610.41,9610.41,1,KRW,10283.14,1.07,6,6,建筑工程,?? ??,?? ?? ? ?? ??,천장 마감층
080213,두께 15 슬래브,Material,General,m2,13214.32,13214.32,13214.32,13214.32,1,KRW,14139.32,1.07,6,6,建筑工程,?? ??,?? ?? ? ?? ??,천장 마감층
370168,알루미늄 합금 평창문,Material,Glass,m2,156169.24,156169.24,156169.24,156169.24,1,KRW,156169.24,1.0,6,6,建筑工程,? ? ?? ??,금속 창문,
370169,알루미늄 합금 창문,Material,Glass,m2,144156.22,144156.22,144156.22,144156.22,1,KRW,144156.22,1.0,6,6,建筑工程,? ? ?? ??,금속 창문,
370170,알루미늄 합금 고정 창문,Material,Glass,m2,132143.2,132143.2,132143.2,132143.2,1,KRW,132143.2,1.0,6,6,建筑工程,? ? ?? ??,금속 창문,
370178,스테인리스 강창문,Material,Steel & Metal,m2,50454.68,50454.68,50454.68,50454.68,1,KRW,50454.68,1.0,6,6,建筑工程,? ? ?? ??,금속 창문,
090396,스테인리스 스틸 손잡이 (곡선형) 75,Material,Steel & Metal,m,43246.87,43246.87,43246.87,43246.87,1,KRW,52328.71,1.21,6,6,建筑工程,?? ?? ??,"???, ??, ??? ??","?? ???, ??, ???"
090397,손잡이(곡선형) 75,Material,General,m,75682.02,75682.02,75682.02,75682.02,1,KRW,91575.24,1.21,6,6,建筑工程,?? ?? ??,"???, ??, ??? ??","?? ???, ??, ???"
091447,스테인리스 강 난간 75(형),Material,Steel & Metal,m,69194.99,69194.99,69194.99,69194.99,1,KRW,72654.74,1.05,6,6,建筑工程,?? ?? ??,"???, ??, ??? ??","?? ???, ??, ???"
090501,아연 도금 못 M4,Equipment,General,set,36.04,36.04,36.04,36.04,1,KRW,86.49,2.4,6,6,建筑工程,?? ?? ?? - ?4? ???? ??,형태 제작 설치,
030056,슬래브,Material,General,m2,3651.96,3651.96,3651.96,3651.96,1,KRW,1100.46,0.3013,6,6,建筑工程,?? ?? ?? - ?4? ???? ??,,
030139,원형 목재 프레임,Material,Wood & Timber,m3,473312.93,473312.93,473312.93,473312.93,1,KRW,473312.93,1.0,6,6,建筑工程,목조 구조 작업,,
030140,정방형 목재 프레임,Material,Wood & Timber,m3,706365.49,706365.49,706365.49,706365.49,1,KRW,706365.49,1.0,6,6,建筑工程,목조 구조 작업,,
030141,원형 목재 강철 프레임,Material,Steel & Metal,m3,742404.55,742404.55,742404.55,742404.55,1,KRW,742404.55,1.0,6,6,建筑工程,목조 구조 작업,,
030142,정방형 목재 강철 프레임,Material,Steel & Metal,m3,951431.07,951431.07,951431.07,951431.07,1,KRW,951431.07,1.0,6,6,建筑工程,목조 구조 작업,,
030059,원형 목재,Material,Wood & Timber,m3,307533.28,307533.28,307533.28,307533.28,1,KRW,357251.16,1.1617,6,6,建筑工程,목조 구조 작업,구조용 목재,
030236,직선 목재 계단,Material,Wood & Timber,m2,148961.43,148961.43,148961.43,148961.43,1,KRW,148961.43,1.0,6,6,建筑工程,목조 구조 작업,구조용 목재,
091471,시멘트 못 (포함),Material,Concrete & Cement,set,192.21,192.21,192.21,192.21,1,KRW,807.27,4.2,6,6,建筑工程,?? ? ?? ??,"벽면 방수, 습기 방지",벽면 방수막
090131,볼트 12×(110 120)로 아연 도금,Material,Fasteners,set,415.65,415.65,415.65,415.65,1,KRW,2406.62,5.79,6,6,建筑工程,?? ?? ?? - ?4? ???? ??,고전압 전기설비,
370014,목재 표면 장식용 문,Material,Wood & Timber,m2,132143.2,132143.2,132143.2,132143.2,1,KRW,132143.2,1.0,6,6,建筑工程,? ? ?? ??,,
370128,목재 판문 (평판),Material,Wood & Timber,m2,156169.24,156169.24,156169.24,156169.24,1,KRW,156169.24,1.0,6,6,建筑工程,? ? ?? ??,,
370134,평판 장식문,Material,General,m2,96104.15,96104.15,96104.15,96104.15,1,KRW,96104.15,1.0,6,6,建筑工程,? ? ?? ??,,
888802,??,Equipment,General,kg,2157.54,2157.54,2157.54,2157.54,1,KRW,61380.81,28.4495,6,6,建筑工程,목조 구조 작업,구조용 목재,
370002,합판 목재 문,Material,Wood & Timber,m2,47571.55,47571.55,47571.55,47571.55,1,KRW,47571.55,1.0,6,6,建筑工程,? ? ?? ??,,
370003,판재 목재 문,Material,Wood & Timber,m2,205807.03,205807.03,205807.03,205807.03,1,KRW,205807.03,1.0,6,6,建筑工程,? ? ?? ??,,
370012,목재 장식용 문,Material,Wood & Timber,m2,264286.41,264286.41,264286.41,264286.41,1,KRW,264286.41,1.0,6,6,建筑工程,? ? ?? ??,,
090698,손잡이 (-형) 75,Material,General,m,93701.55,93701.55,93701.55,93701.55,1,KRW,98386.62,1.05,6,6,建筑工程,?? ?? ??,"???, ??, ??? ??","?? ???, ??, ???"
090595,50 강관 난간,Material,Steel & Metal,m,4228.58,4228.58,4228.58,4228.58,1,KRW,4778.3,1.13,6,6,建筑工程,?? ?? ??,"???, ??, ??? ??",금속 벽 손잡이
090405,스테인리스강 75,Material,Steel & Metal,pcs,6006.51,6006.51,6006.51,6006.51,1,KRW,7168.77,1.1935,6,6,建筑工程,?? ?? ??,"???, ??, ??? ??",금속 벽 손잡이
090406,75,Material,General,pcs,7207.81,7207.81,7207.81,7207.81,1,KRW,8602.52,1.1935,6,6,建筑工程,?? ?? ??,"???, ??, ??? ??",금속 벽 손잡이
050040,3mm 유리 포함,Equipment,General,m2,12013.02,12013.02,12013.02,12013.02,1,KRW,12733.8,1.06,6,6,建筑工程,?? ?? ??,,마감층
130010,알칼리 저항 200mm 폭,Material,General,m,43.25,43.25,43.25,43.25,1,KRW,72.08,1.6667,6,6,建筑工程,?? ??,,
370091,문,Material,General,m2,124935.39,124935.39,124935.39,124935.39,1,KRW,124935.39,1.0,6,6,建筑工程,? ? ?? ??,"문, 문",
370093,전기문,Material,General,m2,86493.73,86493.73,86493.73,86493.73,1,KRW,86493.73,1.0,6,6,建筑工程,? ? ?? ??,"문, 문",
370096,문,Material,General,m2,139351.02,139351.02,139351.02,139351.02,1,KRW,139351.02,1.0,6,6,建筑工程,? ? ?? ??,"문, 문",
370097,도어 결속,Material,General,m2,163377.05,163377.05,163377.05,163377.05,1,KRW,163377.05,1.0,6,6,建筑工程,? ? ?? ??,"문, 문",
370117,문,Material,General,m2,115324.98,115324.98,115324.98,115324.98,1,KRW,115324.98,1.0,6,6,建筑工程,? ? ?? ??,"문, 문",
090135,볼트 16×(85 100)로 아연 도금됨,Material,Fasteners,set,735.2,735.2,735.2,735.2,1,KRW,9748.71,13.26,6,6,建筑工程,?? ?? ?? - ?4? ???? ??,설치 및 시공,설치
030138,TK 슬래브,Material,General,m2,12013.02,12013.02,12013.02,12013.02,1,KRW,13214.32,1.1,6,6,建筑工程,"? ? ?? ??, ??? ? ???",칸막이,칸막이
080275,장식용 슬래브,Material,General,m2,6727.29,6727.29,6727.29,6727.29,1,KRW,7063.65,1.05,6,6,建筑工程,"? ? ?? ??, ??? ? ???",칸막이,칸막이
080276,슬래브,Material,General,m2,67272.9,67272.9,67272.9,67272.9,1,KRW,70636.55,1.05,6,6,建筑工程,"? ? ?? ??, ??? ? ???",칸막이,칸막이
050041,거울 마감 유리 6mm,Material,Glass,m2,13694.84,13694.84,13694.84,13694.84,1,KRW,16570.76,1.21,6,6,建筑工程,?? ?? ??,,마감층
010406,금속 슬래브,Material,Steel & Metal,m2,21623.43,21623.43,21623.43,21623.43,1,KRW,22920.84,1.06,6,6,建筑工程,?? ?? ??,,마감층
050042,유리 강철,Material,Steel & Metal,m2,28831.24,28831.24,28831.24,28831.24,1,KRW,30272.81,1.05,6,6,建筑工程,?? ?? ??,,마감층
090203,접지용 강철 못,Material,Steel & Metal,100 pcs,1681.82,1681.82,1681.82,1681.82,1,KRW,351.33,0.2089,6,6,建筑工程,?? ?? ??,,마감층
370159,문,Material,General,m,165779.66,165779.66,165779.66,165779.66,1,KRW,165779.66,1.0,6,6,建筑工程,? ? ?? ??,"문, 문",
370095,틀장 문,Material,General,m2,600650.93,600650.93,600650.93,600650.93,1,KRW,600650.93,1.0,6,6,建筑工程,? ? ?? ??,"문, 문",
370098,콘크리트 문,Material,Concrete & Cement,m2,295520.26,295520.26,295520.26,295520.26,1,KRW,295520.26,1.0,6,6,建筑工程,? ? ?? ??,"문, 문",
370099,콘크리트 문,Material,Concrete & Cement,m2,336364.52,336364.52,336364.52,336364.52,1,KRW,336364.52,1.0,6,6,建筑工程,? ? ?? ??,"문, 문",
370100,콘크리트 슬래브 도어,Material,Concrete & Cement,m2,600650.93,600650.93,600650.93,600650.93,1,KRW,600650.93,1.0,6,6,建筑工程,? ? ?? ??,"문, 문",
370101,콘크리트 창문 슬래브,Material,Concrete & Cement,m2,146558.83,146558.83,146558.83,146558.83,1,KRW,146558.83,1.0,6,6,建筑工程,? ? ?? ??,"문, 문",
370110,강철문,Material,Steel & Metal,m2,672729.04,672729.04,672729.04,672729.04,1,KRW,672729.04,1.0,6,6,建筑工程,? ? ?? ??,"문, 문",
370030,목재 창문 고정,Material,Wood & Timber,m2,52857.28,52857.28,52857.28,52857.28,1,KRW,52857.28,1.0,6,6,建筑工程,? ? ?? ??,목재 창문,
370088,강철문,Material,Steel & Metal,m2,84091.13,84091.13,84091.13,84091.13,1,KRW,84091.13,1.0,6,6,建筑工程,? ? ?? ??,"문, 문",
370102,강철 난간 문,Material,Steel & Metal,m2,84091.13,84091.13,84091.13,84091.13,1,KRW,84091.13,1.0,6,6,建筑工程,? ? ?? ??,"문, 문",
370156,벽 강철 와이어 도어,Material,Steel & Metal,m2,213831.73,213831.73,213831.73,213831.73,1,KRW,213831.73,1.0,6,6,建筑工程,? ? ?? ??,"문, 문",
370157,강철문 (평판),Material,Steel & Metal,m2,206623.92,206623.92,206623.92,206623.92,1,KRW,206623.92,1.0,6,6,建筑工程,? ? ?? ??,"문, 문",
370230,강철문,Material,Steel & Metal,m2,156169.24,156169.24,156169.24,156169.24,1,KRW,156169.24,1.0,6,6,建筑工程,? ? ?? ??,"문, 문",
370231,강철문,Material,Steel & Metal,m2,204221.32,204221.32,204221.32,204221.32,1,KRW,204221.32,1.0,6,6,建筑工程,? ? ?? ??,"문, 문",
100271,방수공사,Material,Waterproofing,kg,1681.82,1681.82,1681.82,1681.82,1,KRW,7400.02,4.4,6,6,建筑工程,?? ? ?? ??,"벽면 방수, 습기 방지",벽면 방수막
150177,방수 4kg/m2,Material,Waterproofing,m2,7688.33,7688.33,7688.33,7688.33,1,KRW,8457.17,1.1,6,6,建筑工程,?? ? ?? ??,"벽면 방수, 습기 방지",벽면 방수막
100261,방수 코팅,Material,Waterproofing,kg,6727.29,6727.29,6727.29,6727.29,1,KRW,11076.15,1.6464,6,6,建筑工程,?? ? ?? ??,"벽면 방수, 습기 방지",벽면 코팅 방수
100265,SBS 아스팔트 방수 코팅,Material,Waterproofing,kg,2066.24,2066.24,2066.24,2066.24,1,KRW,4557.81,2.2058,6,6,建筑工程,?? ? ?? ??,"벽면 방수, 습기 방지",벽면 코팅 방수
800079,도로 롤러 복합기,Equipment,General,machine-shift,82625.54,82625.54,82625.54,82625.54,1,KRW,713.33,0.0086,6,6,建筑工程,토공 및 암석 작업,백필,지반 되메우기
800139,머드 펌프 100,Equipment,Pumps,machine-shift,7592.23,7592.23,7592.23,7592.23,1,KRW,400.11,0.0527,6,6,建筑工程,토공 및 암석 작업,운송,슬러리 운송
800366,크롤러 크레인 60t,Equipment,Cranes,machine-shift,284059.84,284059.84,284059.84,284059.84,1,KRW,10034.41,0.0353,6,6,建筑工程,?? ?? ? ?? ??,철근 공사,
110026,페놀 수지 페인트,Material,Paint & Coatings,kg,3748.06,3748.06,3748.06,3748.06,1,KRW,430.4,0.1148,6,6,建筑工程,"?? ?? ?? - ?12? ??, ??, ??",직사각형 브러싱,
110749,W61-25 페인트 포함,Equipment,General,kg,12613.67,12613.67,12613.67,12613.67,1,KRW,2833.66,0.2246,6,6,建筑工程,"?? ?? ?? - ?12? ??, ??, ??",직사각형 브러싱,
110739,페인트 신너 X13 포함,Equipment,General,kg,3003.25,3003.25,3003.25,3003.25,1,KRW,105.21,0.035,6,6,建筑工程,"?? ?? ?? - ?12? ??, ??, ??",직사각형 브러싱,
370191,유리문,Material,Glass,pcs,31233.85,31233.85,31233.85,31233.85,1,KRW,31233.85,1.0,6,6,建筑工程,? ? ?? ??,하드웨어 설치,
090326,문,Material,General,pcs,31906.58,31906.58,31906.58,31906.58,1,KRW,31906.58,1.0,6,6,建筑工程,? ? ?? ??,하드웨어 설치,
370084,평평한 문,Material,General,set,2162343.35,2162343.35,2162343.35,2162343.35,1,KRW,2162343.35,1.0,6,6,建筑工程,? ? ?? ??,하드웨어 설치,
110370,시멘트 퍼티,Material,Concrete & Cement,kg,840.91,840.91,840.91,840.91,1,KRW,1387.5,1.65,6,6,建筑工程,"??, ?? ? ?? ??",??? ??,퍼티 전체 얇은 마감
810124,폴리() 모르타르 1: 2.5: 5,Material,Concrete & Cement,m3,74961.24,74961.24,74961.24,74961.24,1,KRW,44.98,0.0006,6,6,建筑工程,"??, ?? ? ?? ??",??? ??,퍼티 전체 얇은 마감
110333,아크릴 프라이머,Material,Paint & Coatings,kg,1321.43,1321.43,1321.43,1321.43,1,KRW,149.32,0.113,6,6,建筑工程,"??, ?? ? ?? ??",?? ? ? ??,?? ??? ??
110504,유화 페인트,Material,Paint & Coatings,kg,8000.67,8000.67,8000.67,8000.67,1,KRW,2545.41,0.3182,6,6,建筑工程,"??, ?? ? ?? ??",?? ? ? ??,?? ??? ??
110485,수성 금속 페인트,Material,Steel & Metal,kg,8409.11,8409.11,8409.11,8409.11,1,KRW,7109.91,0.8455,6,6,建筑工程,"??, ?? ? ?? ??",?? ? ? ??,?? ??? ??
110755,표면 퍼티,Material,General,kg,949.03,949.03,949.03,949.03,1,KRW,621.15,0.6545,6,6,建筑工程,"??, ?? ? ?? ??",??? ??,??? ??
850233,길이 길이 1270 1650nm,Equipment,General,machine-shift,79285.92,79285.92,79285.92,79285.92,1,KRW,60785.87,0.7667,6,6,建筑工程,?? ?? ?? - ?11? ???? ? ??,몰딩,
800501,디젤 전기,Equipment,General,machine-shift,57773.01,57773.01,57773.01,57773.01,1,KRW,57773.01,1.0,6,6,建筑工程,?? ?? ?? - ?11? ???? ? ??,,
850086,2.5Gb/s,Equipment,General,machine-shift,398109.03,398109.03,398109.03,398109.03,1,KRW,199054.52,0.5,6,6,建筑工程,?? ?? ?? - ?11? ???? ? ??,,
010007,강철 거푸집,Material,Steel & Metal,kg,1612.15,1612.15,1612.15,1612.15,1,KRW,10322.57,6.403,6,6,建筑工程,?? ?? ? ?? ??,기초 굴착,()
100118,높이 접착제,Material,General,m,7568.2,7568.2,7568.2,7568.2,1,KRW,2588.32,0.342,6,6,建筑工程,?? ?? ? ?? ??,기초 굴착,()
091518,-형,Material,General,pcs,5285.73,5285.73,5285.73,5285.73,1,KRW,789.16,0.1493,6,6,建筑工程,?? ?? ? ?? ??,기초 굴착,지반 벽
150142,슬러리,Material,General,m3,12085.1,12085.1,12085.1,12085.1,1,KRW,30212.74,2.5,5,5,建筑工程,?? ?? ? ?? ??,기초 굴착,지반 벽
091519,프리캐스트 콘크리트 급수 300,Material,Concrete & Cement,pcs,13454.58,13454.58,13454.58,13454.58,1,KRW,448.04,0.0333,5,5,建筑工程,?? ?? ? ?? ??,기초 굴착,지반 벽
850033,A005810,Equipment,General,machine-shift,23319.67,23319.67,23319.67,23319.67,1,KRW,19433.06,0.8333,5,5,建筑工程,?? ?? ?? - ?11? ???? ? ??,,
800399,지반 벽 콘크리트 타설 및 진동틀,Equipment,General,machine-shift,19172.78,19172.78,19172.78,19172.78,1,KRW,479.32,0.025,5,5,建筑工程,?? ?? ? ?? ??,기초 굴착,지반 벽
800386,머드 펌프 50,Equipment,Pumps,machine-shift,1379.09,1379.09,1379.09,1379.09,1,KRW,127.09,0.0922,5,5,建筑工程,?? ?? ? ?? ??,기초 굴착,지반 벽
800364,잠금,Equipment,General,machine-shift,56413.14,56413.14,56413.14,56413.14,1,KRW,60249.23,1.068,5,5,建筑工程,?? ?? ? ?? ??,기초 굴착,지반 벽
800155,콘크리트 바이브레이터,Equipment,General,machine-shift,266.69,266.69,266.69,266.69,1,KRW,3.2,0.012,5,5,建筑工程,?? ?? ? ?? ??,기초 굴착,지반 벽
090834,M12×(30 35) 볼트,Material,Fasteners,set,283.51,283.51,283.51,283.51,1,KRW,2290.74,8.08,5,5,建筑工程,?? ?? ?? - ?11? ???? ? ??,,
850235,메쉬 FWKE,Equipment,General,machine-shift,39642.96,39642.96,39642.96,39642.96,1,KRW,51535.85,1.3,5,5,建筑工程,?? ?? ?? - ?11? ???? ? ??,메쉬,
850232,MFC+ 몰딩,Equipment,General,machine-shift,141152.97,141152.97,141152.97,141152.97,1,KRW,84691.78,0.6,5,5,建筑工程,?? ?? ?? - ?11? ???? ? ??,,
060065,바닥 타일 (h 120mm),Material,General,m,3627.93,3627.93,3627.93,3627.93,1,KRW,4008.86,1.105,5,5,建筑工程,?? ?? ??,걸레받이,
370106,스테인리스강 문,Material,Steel & Metal,m2,93701.55,93701.55,93701.55,93701.55,1,KRW,93701.55,1.0,5,5,建筑工程,? ? ?? ??,금속 () 문,
370105,슬랩 도어,Material,General,m2,84091.13,84091.13,84091.13,84091.13,1,KRW,84091.13,1.0,5,5,建筑工程,? ? ?? ??,금속 () 문,
370104,알루미늄 합금 도어,Material,General,m2,88896.34,88896.34,88896.34,88896.34,1,KRW,88896.34,1.0,5,5,建筑工程,? ? ?? ??,금속 () 문,
370103,아연도강판 문,Material,Steel & Metal,m2,48052.07,48052.07,48052.07,48052.07,1,KRW,48052.07,1.0,5,5,建筑工程,? ? ?? ??,금속 () 문,
370162,스테인리스강 전기문 (포함),Material,Steel & Metal,m,288312.45,288312.45,288312.45,288312.45,1,KRW,288312.45,1.0,5,5,建筑工程,? ? ?? ??,문,
230033,no,Material,General,pcs,19220.83,19220.83,19220.83,19220.83,1,KRW,19220.83,1.0,5,5,建筑工程,?? ? ?? ??,?? ?? ? ?? ??,지붕 ()
370161,스테인리스강 전기문 (개),Material,Steel & Metal,m,276299.43,276299.43,276299.43,276299.43,1,KRW,276299.43,1.0,5,5,建筑工程,? ? ?? ??,문,
370160,스테인리스 강 전기 출입문,Material,Steel & Metal,m2,360390.56,360390.56,360390.56,360390.56,1,KRW,360390.56,1.0,5,5,建筑工程,? ? ?? ??,문,
370083,문 지름 3m,Material,General,unit,16337705.29,16337705.29,16337705.29,16337705.29,1,KRW,16337705.29,1.0,5,5,建筑工程,? ? ?? ??,문,
370080,전기문,Material,General,m2,156169.24,156169.24,156169.24,156169.24,1,KRW,156169.24,1.0,5,5,建筑工程,? ? ?? ??,문,
040043,유리 강철,Material,Steel & Metal,m2,3940.27,3940.27,3940.27,3940.27,1,KRW,4058.48,1.03,5,5,建筑工程,?? ? ?? ??,?? ?? ? ?? ??,지붕 홈통
370039,알루미늄 합금 도어,Material,General,m2,127338.0,127338.0,127338.0,127338.0,1,KRW,127338.0,1.0,5,5,建筑工程,? ? ?? ??,금속문,
370037,알루미늄 합금 도어,Material,General,m2,76883.32,76883.32,76883.32,76883.32,1,KRW,76883.32,1.0,5,5,建筑工程,? ? ?? ??,금속문,
370036,알루미늄 합금 도어,Material,General,m2,81688.53,81688.53,81688.53,81688.53,1,KRW,81688.53,1.0,5,5,建筑工程,? ? ?? ??,금속문,
370034,알루미늄 합금 평문,Material,General,m2,115324.98,115324.98,115324.98,115324.98,1,KRW,115324.98,1.0,5,5,建筑工程,? ? ?? ??,금속문,
370033,알루미늄 합금 평문,Material,General,m2,117727.58,117727.58,117727.58,117727.58,1,KRW,117727.58,1.0,5,5,建筑工程,? ? ?? ??,금속문,
080105,T자형 경량 강철 켈 CB33-2,Material,Steel & Metal,pcs,136.95,136.95,136.95,136.95,1,KRW,268.95,1.9638,5,5,建筑工程,?? ??,?? ?? ? ?? ??,?? ???
080098,클립 CL15×35,Material,General,m,884.16,884.16,884.16,884.16,1,KRW,626.53,0.7086,5,5,建筑工程,?? ??,?? ?? ? ?? ??,?? ???
080071,T자형 경량 강철 케일 KB33×30,Material,Steel & Metal,m,1388.7,1388.7,1388.7,1388.7,1,KRW,2559.11,1.8428,5,5,建筑工程,?? ??,?? ?? ? ?? ??,?? ???
080016,U자형 경량 강철 케일 CB30-L,Material,Steel & Metal,pcs,98.51,98.51,98.51,98.51,1,KRW,36.23,0.3678,5,5,建筑工程,?? ??,?? ?? ? ?? ??,?? ???
080010,U자형 경량 강철 케일 CB30×12,Material,Steel & Metal,m,1023.51,1023.51,1023.51,1023.51,1,KRW,1244.6,1.216,5,5,建筑工程,?? ??,?? ?? ? ?? ??,?? ???
030047,목재,Material,Wood & Timber,pcs,7400.02,7400.02,7400.02,7400.02,1,KRW,5377.35,0.7267,5,5,建筑工程,?? ?? ??,"???, ??, ??? ??","목재 난간, 난간, 난간판"
030095,목재,Material,Wood & Timber,pcs,2546.76,2546.76,2546.76,2546.76,1,KRW,1935.54,0.76,5,5,建筑工程,?? ?? ??,"???, ??, ??? ??","목재 난간, 난간, 난간판"
030046,목재 손잡이 (-형) 150×60,Material,Wood & Timber,m,50214.42,50214.42,50214.42,50214.42,1,KRW,57746.58,1.15,5,5,建筑工程,?? ?? ??,"???, ??, ??? ??","목재 난간, 난간, 난간판"
030045,목재 난간 (곡선형) 150×60,Material,Wood & Timber,m,36976.07,36976.07,36976.07,36976.07,1,KRW,42522.48,1.15,5,5,建筑工程,?? ?? ??,"???, ??, ??? ??","목재 난간, 난간, 난간판"
030044,목재 손잡이(직선형) 150×60,Material,Wood & Timber,m,26452.67,26452.67,26452.67,26452.67,1,KRW,29097.93,1.1,5,5,建筑工程,?? ?? ??,"???, ??, ??? ??","목재 난간, 난간, 난간판"
030094,목재 난간,Material,Wood & Timber,m,6943.52,6943.52,6943.52,6943.52,1,KRW,7985.05,1.15,5,5,建筑工程,?? ?? ??,"???, ??, ??? ??","목재 난간, 난간, 난간판"
370140,문(목재 평판 포함),Material,Wood & Timber,m2,115324.98,115324.98,115324.98,115324.98,1,KRW,115324.98,1.0,5,5,建筑工程,? ? ?? ??,,
370138,문(목재 평판 포함),Material,Wood & Timber,m2,144156.22,144156.22,144156.22,144156.22,1,KRW,144156.22,1.0,5,5,建筑工程,? ? ?? ??,,
370020,바닥문,Material,General,m2,49733.9,49733.9,49733.9,49733.9,1,KRW,49733.9,1.0,5,5,建筑工程,? ? ?? ??,,
370016,슬랩 도어,Material,General,m2,84091.13,84091.13,84091.13,84091.13,1,KRW,84091.13,1.0,5,5,建筑工程,? ? ?? ??,,
370004,목재 문,Material,Wood & Timber,m2,66071.6,66071.6,66071.6,66071.6,1,KRW,66071.6,1.0,5,5,建筑工程,? ? ?? ??,,
090310,금속 브래킷,Material,Steel & Metal,kg,639.09,639.09,639.09,639.09,1,KRW,1264.75,1.979,5,5,建筑工程,?? ? ?? ??,?? ?? ? ?? ??,지붕 홈통
090046,볼트,Material,Fasteners,pcs,36.04,36.04,36.04,36.04,1,KRW,60.69,1.684,5,5,建筑工程,?? ? ?? ??,?? ?? ? ?? ??,지붕 홈통
130155,석재,Material,General,kg,1167.67,1167.67,1167.67,1167.67,1,KRW,324.04,0.2775,5,5,建筑工程,????? ??,금속 접합 구조 현장 및 기타 항목,
150108,철사 브러시,Material,Electrical,단위,1547.28,1547.28,1547.28,1547.28,1,KRW,48.35,0.0312,5,5,建筑工程,????? ??,금속 접합 구조 현장 및 기타 항목,
280181,금속 30,Material,Steel & Metal,m,10859.77,10859.77,10859.77,10859.77,1,KRW,10060.49,0.9264,5,5,建筑工程,?? ?? ?? - ?4? ???? ??,,
280039,금속 20,Material,Steel & Metal,pcs,100.91,100.91,100.91,100.91,1,KRW,226.28,2.2424,5,5,建筑工程,?? ?? ?? - ?4? ???? ??,몰딩,전기 추가 몰딩
280078,금속 20,Material,Steel & Metal,m,1220.52,1220.52,1220.52,1220.52,1,KRW,1332.57,1.0918,5,5,建筑工程,?? ?? ?? - ?4? ???? ??,몰딩,전기 추가 몰딩
080272,슬래브 칸막이,Material,General,m2,108117.17,108117.17,108117.17,108117.17,1,KRW,206179.44,1.907,5,5,建筑工程,"? ? ?? ??, ??? ? ???",칸막이,칸막이
030114,슬래브 칸막이,Material,General,m2,52857.28,52857.28,52857.28,52857.28,1,KRW,100798.84,1.907,5,5,建筑工程,"? ? ?? ??, ??? ? ???",칸막이,칸막이
090204,전기 알루미늄,Material,General,m,1470.39,1470.39,1470.39,1470.39,1,KRW,10548.16,7.1737,5,5,建筑工程,"? ? ?? ??, ??? ? ???",칸막이,칸막이
100275,높이 폴리 접착 방수막 1.2mm 두께,Material,Waterproofing,m2,12974.06,12974.06,12974.06,12974.06,1,KRW,16051.51,1.2372,5,5,建筑工程,?? ? ?? ??,"??? ? ?? ??, ??",바닥 방수막
090166,접지 볼트 (16 22)×(150 300),Material,Fasteners,set,1309.42,1309.42,1309.42,1309.42,1,KRW,11240.05,8.584,5,5,建筑工程,?? ?? ?? - ?4? ???? ??,,설치
060078,결합 표준 벽돌 240×115×53,Material,General,pcs,120.13,120.13,120.13,120.13,1,KRW,17686.05,147.224,5,5,建筑工程,?? ?? ?? - ?4? ???? ??,"전기 배관, 슬래브(벽돌) 및 슬래브",
380094,형강 강철 벽체 프레임,Material,Steel & Metal,t,1381497.14,1381497.14,1381497.14,1381497.14,1,KRW,1381497.14,1.0,5,5,建筑工程,????? ??,강재 구조물,
380093,형강 벽체 프레임,Material,Steel & Metal,t,1537666.38,1537666.38,1537666.38,1537666.38,1,KRW,1537666.38,1.0,5,5,建筑工程,????? ??,강재 구조물,
380092,강재 구조물,Material,Steel & Metal,t,1633770.53,1633770.53,1633770.53,1633770.53,1,KRW,1633770.53,1.0,5,5,建筑工程,????? ??,강재 구조물,
380090,슬래브,Material,General,t,1081171.67,1081171.67,1081171.67,1081171.67,1,KRW,1081171.67,1.0,5,5,建筑工程,????? ??,강재 구조물,
390115,강재 빔 매입 부재,Material,Steel & Metal,t,1501627.32,1501627.32,1501627.32,1501627.32,1,KRW,1501627.32,1.0,5,5,建筑工程,????? ??,강재 구조물,
270041,몰딩 220V1000W,Material,General,pcs,91298.94,91298.94,91298.94,91298.94,1,KRW,33123.26,0.3628,5,5,建筑工程,?? ?? ?? - ?4? ???? ??,전기 건조,
800032,AC 용접기 21kVA,Equipment,Welding Equip.,machine-shift,2690.92,2690.92,2690.92,2690.92,1,KRW,5633.88,2.0937,5,5,建筑工程,"? ? ?? ??, ??? ? ???",칸막이,유리 칸막이
380036,강철,Material,Steel & Metal,t,1621757.51,1621757.51,1621757.51,1621757.51,1,KRW,1621757.51,1.0,5,5,建筑工程,????? ??,강재 구조물,
380035,단면 강재 난간,Material,Steel & Metal,t,1513640.34,1513640.34,1513640.34,1513640.34,1,KRW,1513640.34,1.0,5,5,建筑工程,????? ??,강재 구조물,
090083,아연 도금 잠금 너트 20,Material,Fasteners,pcs,117.73,117.73,117.73,117.73,1,KRW,75.65,0.6426,5,5,建筑工程,?? ?? ?? - ?4? ???? ??,,???? ??
090082,아연 도금 잠금 너트 15,Material,Fasteners,pcs,96.1,96.1,96.1,96.1,1,KRW,23.76,0.2472,5,5,建筑工程,?? ?? ?? - ?4? ???? ??,,???? ??
090695,아연 도금 이중 볼트 16×(275 300),Material,Fasteners,set,706.37,706.37,706.37,706.37,1,KRW,2616.38,3.704,5,5,建筑工程,?? ?? ?? - ?4? ???? ??,수도 설비,설치
300175,아연 도금 앵글 강재 63×63×6×1880,Material,Steel & Metal,pcs,13454.58,13454.58,13454.58,13454.58,1,KRW,21591.91,1.6048,5,5,建筑工程,?? ?? ?? - ?4? ???? ??,,설치
300004,아연도금 M형 65×6×280,Material,General,pcs,1672.21,1672.21,1672.21,1672.21,1,KRW,2686.91,1.6068,5,5,建筑工程,?? ?? ?? - ?4? ???? ??,,설치
170233,수 water,Material,Water,set,156169.24,156169.24,156169.24,156169.24,1,KRW,156169.24,1.0,5,5,建筑工程,?? ? ?? ??,?? ?? ? ?? ??,지붕 배수
170091,수 water,Material,Water,pcs,13382.5,13382.5,13382.5,13382.5,1,KRW,13516.33,1.01,5,5,建筑工程,?? ? ?? ??,?? ?? ? ?? ??,지붕 배수
160120,수 water,Material,Water,set,14151.34,14151.34,14151.34,14151.34,1,KRW,14292.85,1.01,5,5,建筑工程,?? ? ?? ??,?? ?? ? ?? ??,지붕 배수
170194,배수관 150,Material,Pipes & Fittings,m,9033.79,9033.79,9033.79,9033.79,1,KRW,9521.61,1.054,5,5,建筑工程,?? ? ?? ??,?? ?? ? ?? ??,지붕 배수
170193,TY PVC,Material,General,set,408.44,408.44,408.44,408.44,1,KRW,138.87,0.34,5,5,建筑工程,?? ? ?? ??,?? ?? ? ?? ??,지붕 배수
070100,거울 몰딩,Material,General,m,240.26,240.26,240.26,240.26,1,KRW,247.47,1.03,5,5,建筑工程,?? ?? ??,장식 몰딩,장식 몰딩
070075,몰딩 30mm 이상,Material,General,m,600.65,600.65,600.65,600.65,1,KRW,618.67,1.03,5,5,建筑工程,?? ?? ??,장식 몰딩,장식 몰딩
070074,내부 30mm 몰딩,Material,General,m,432.47,432.47,432.47,432.47,1,KRW,445.44,1.03,5,5,建筑工程,?? ?? ??,장식 몰딩,장식 몰딩
070073,몰딩 30mm 이상,Material,General,m,1153.25,1153.25,1153.25,1153.25,1,KRW,1187.85,1.03,5,5,建筑工程,?? ?? ??,장식 몰딩,장식 몰딩
070072,내부 30mm 몰딩,Material,General,m,360.39,360.39,360.39,360.39,1,KRW,371.2,1.03,5,5,建筑工程,?? ?? ??,장식 몰딩,장식 몰딩
280244,용접 강관 이음 32,Material,Steel & Metal,pcs,511.75,511.75,511.75,511.75,1,KRW,84.33,0.1648,5,5,建筑工程,?? ?? ?? - ?4? ???? ??,,?? ??
280243,용접 강관 이음 25,Material,Steel & Metal,pcs,343.57,343.57,343.57,343.57,1,KRW,56.63,0.1648,5,5,建筑工程,?? ?? ?? - ?4? ???? ??,,?? ??
280242,용접 강관 이음 20,Material,Steel & Metal,pcs,245.07,245.07,245.07,245.07,1,KRW,40.39,0.1648,5,5,建筑工程,?? ?? ?? - ?4? ???? ??,,?? ??
280241,용접 강관 이음 15,Material,Steel & Metal,pcs,120.13,120.13,120.13,120.13,1,KRW,19.8,0.1648,5,5,建筑工程,?? ?? ?? - ?4? ???? ??,,?? ??
390114,강기둥 매입부,Material,Steel & Metal,t,1537666.38,1537666.38,1537666.38,1537666.38,1,KRW,1537666.38,1.0,5,5,建筑工程,????? ??,강재 구조물,
380038,강철,Material,Steel & Metal,t,1621757.51,1621757.51,1621757.51,1621757.51,1,KRW,1621757.51,1.0,5,5,建筑工程,????? ??,강재 구조물,
380037,강철 브래킷,Material,Steel & Metal,t,1537666.38,1537666.38,1537666.38,1537666.38,1,KRW,1537666.38,1.0,5,5,建筑工程,????? ??,강재 구조물,
010386,강재 구조물,Material,Steel & Metal,t,1657796.57,1657796.57,1657796.57,1657796.57,1,KRW,1657796.57,1.0,5,5,建筑工程,????? ??,강재 구조물,
390113,강철 판 홈통,Material,Steel & Metal,t,1537666.38,1537666.38,1537666.38,1537666.38,1,KRW,1537666.38,1.0,5,5,建筑工程,????? ??,강재 구조물,
390112,강철 난간,Material,Steel & Metal,t,1621757.51,1621757.51,1621757.51,1621757.51,1,KRW,1621757.51,1.0,5,5,建筑工程,????? ??,강재 구조물,
390111,강관 강 난간,Material,Steel & Metal,t,1621757.51,1621757.51,1621757.51,1621757.51,1,KRW,1621757.51,1.0,5,5,建筑工程,????? ??,강재 구조물,
170102,유리강 110,Material,Steel & Metal,pcs,3483.78,3483.78,3483.78,3483.78,1,KRW,351.86,0.101,5,5,建筑工程,?? ? ?? ??,?? ?? ? ?? ??,지붕 배수
170101,유리강 160,Material,Steel & Metal,pcs,3483.78,3483.78,3483.78,3483.78,1,KRW,386.7,0.111,5,5,建筑工程,?? ? ?? ??,?? ?? ? ?? ??,지붕 배수
170100,유리강 110,Material,Steel & Metal,pcs,2787.02,2787.02,2787.02,2787.02,1,KRW,309.36,0.111,5,5,建筑工程,?? ? ?? ??,?? ?? ? ?? ??,지붕 배수
170093,유리강수 160,Material,Steel & Metal,m,4637.03,4637.03,4637.03,4637.03,1,KRW,4919.88,1.061,5,5,建筑工程,?? ? ?? ??,?? ?? ? ?? ??,지붕 배수
170092,유리 강철 수도 110,Material,Steel & Metal,m,3940.27,3940.27,3940.27,3940.27,1,KRW,4153.04,1.054,5,5,建筑工程,?? ? ?? ??,?? ?? ? ?? ??,지붕 배수
170089,배수관 100,Material,Pipes & Fittings,m,8072.75,8072.75,8072.75,8072.75,1,KRW,8452.17,1.047,5,5,建筑工程,?? ? ?? ??,?? ?? ? ?? ??,지붕 배수
800477,전기,Equipment,General,machine-shift,19533.17,19533.17,19533.17,19533.17,1,KRW,415.07,0.0212,5,5,建筑工程,"? ? ?? ??, ??? ? ???",??(?) ?? ??,??(?) ?? ??
130017,폴리 슬래브 25,Material,General,m2,2642.86,2642.86,2642.86,2642.86,1,KRW,132.14,0.05,5,5,建筑工程,?? ? ?? ??,이동 조인트,이음부 충전
110204,폴리 접착제,Material,General,kg,631.88,631.88,631.88,631.88,1,KRW,526.36,0.833,5,5,建筑工程,?? ? ?? ??,이동 조인트,이음부 충전
100259,폴리우레탄,Material,General,kg,6006.51,6006.51,6006.51,6006.51,1,KRW,11136.07,1.854,5,5,建筑工程,?? ? ?? ??,이동 조인트,이음부 충전
800152,콘크리트 믹서 400L,Equipment,General,machine-shift,9442.23,9442.23,9442.23,9442.23,1,KRW,227.87,0.0241,5,5,建筑工程,???? ? ?????? ??,현장 콘크리트 추가,
850130,전기 RC2000SL11,Equipment,General,machine-shift,9081.84,9081.84,9081.84,9081.84,1,KRW,14167.67,1.56,5,5,建筑工程,?? ?? ?? - ?4? ???? ??,전기,"10kV, 단상"
150197,석재,Material,General,pcs,720.78,720.78,720.78,720.78,1,KRW,37.05,0.0514,5,5,建筑工程,?? ?? ?? - ?4? ???? ??,,
280118,T1-T4,Material,General,pcs,624.68,624.68,624.68,624.68,1,KRW,637.17,1.02,5,5,建筑工程,?? ?? ?? - ?4? ???? ??,형태 제작 설치,
280072,몰딩 86H,Material,General,pcs,624.68,624.68,624.68,624.68,1,KRW,637.17,1.02,5,5,建筑工程,?? ?? ?? - ?4? ???? ??,형태 제작 설치,
090088,아연 도금 잠금 너트 70,Material,Fasteners,pcs,343.57,343.57,343.57,343.57,1,KRW,49.54,0.1442,5,5,建筑工程,?? ?? ?? - ?4? ???? ??,,???? ??
100393,PVC 폴리막 1.5 두께 (유리섬유 타입),Material,Waterproofing,m2,16818.23,16818.23,16818.23,16818.23,1,KRW,18584.14,1.105,5,5,建筑工程,?? ? ?? ??,?? ?? ? ?? ??,지붕 방수막
100255,PVC 폴리막 1.5 두께,Material,Waterproofing,m2,12013.02,12013.02,12013.02,12013.02,1,KRW,12938.02,1.077,5,5,建筑工程,?? ? ?? ??,?? ?? ? ?? ??,지붕 방수막
100254,폴리 변성 비투멘 폴리(자가접착) 3mm 두께,Material,Waterproofing,m2,12974.06,12974.06,12974.06,12974.06,1,KRW,16107.3,1.2415,5,5,建筑工程,?? ? ?? ??,?? ?? ? ?? ??,지붕 방수막
170192,PVC 50,Material,General,m,2022.99,2022.99,2022.99,2022.99,1,KRW,2118.06,1.047,5,5,建筑工程,?? ? ?? ??,?? ?? ? ?? ??,지붕 배수
170103,유리강 160,Material,Steel & Metal,pcs,4180.53,4180.53,4180.53,4180.53,1,KRW,422.23,0.101,5,5,建筑工程,?? ? ?? ??,?? ?? ? ?? ??,지붕 배수
070032,석고 700mm 이상,Material,General,pcs,17298.75,17298.75,17298.75,17298.75,1,KRW,17817.71,1.03,5,5,建筑工程,?? ?? ??,장식 몰딩,석고 장식 몰딩
070031,석고 700mm 내장,Material,General,pcs,12109.12,12109.12,12109.12,12109.12,1,KRW,12472.4,1.03,5,5,建筑工程,?? ?? ??,장식 몰딩,석고 장식 몰딩
800015,전기 윈치 단일 8t,Equipment,Hoists,machine-shift,30657.22,30657.22,30657.22,30657.22,1,KRW,3678.87,0.12,5,5,建筑工程,???? ? ?????? ??,철근 공사,
100258,폴리,Material,General,kg,6727.29,6727.29,6727.29,6727.29,1,KRW,16629.86,2.472,5,5,建筑工程,?? ? ?? ??,이동 조인트,이음부 충전
090383,스테인리스 스틸 비딩 1.3mm,Material,Steel & Metal,m,360.39,360.39,360.39,360.39,1,KRW,241.37,0.6697,5,5,建筑工程,"? ? ?? ??, ??? ? ???",?? ?? ??,?? ???
050006,유리 20mm,Material,Glass,m2,68714.47,68714.47,68714.47,68714.47,1,KRW,70775.9,1.03,5,5,建筑工程,"? ? ?? ??, ??? ? ???",?? ?? ??,?? ???
180658,강철 50,Material,Steel & Metal,pcs,1155.65,1155.65,1155.65,1155.65,1,KRW,1178.77,1.02,5,5,建筑工程,?? ?? ?? - ?5? ?? ??? ???,,
800259,높이,Equipment,General,machine-shift,2198.38,2198.38,2198.38,2198.38,1,KRW,11057.86,5.03,5,5,建筑工程,???? ? ?????? ??,철근 공사,
800061,200t,Equipment,General,machine-shift,2227.21,2227.21,2227.21,2227.21,1,KRW,11202.88,5.03,5,5,建筑工程,???? ? ?????? ??,철근 공사,
010574,접착제 없는 강철 몰딩,Material,Steel & Metal,kg,1657.8,1657.8,1657.8,1657.8,1,KRW,1699241.48,1025.0,5,5,建筑工程,???? ? ?????? ??,철근 공사,
010573,접착제 없는 강선,Material,Steel & Metal,kg,1669.81,1669.81,1669.81,1669.81,1,KRW,1711554.82,1025.0,5,5,建筑工程,???? ? ?????? ??,철근 공사,
010572,강철 거푸집,Material,Steel & Metal,kg,1628.97,1628.97,1628.97,1628.97,1,KRW,1669689.45,1025.0,5,5,建筑工程,???? ? ?????? ??,철근 공사,
010571,강선,Material,Steel & Metal,kg,1628.97,1628.97,1628.97,1628.97,1,KRW,1669689.45,1025.0,5,5,建筑工程,???? ? ?????? ??,철근 공사,
800183,철근 곧게 펴는 기계,Equipment,General,machine-shift,7207.81,7207.81,7207.81,7207.81,1,KRW,2436.24,0.338,5,5,建筑工程,???? ? ?????? ??,철근 공사,
070030,석고 600mm 이상,Material,General,pcs,17298.75,17298.75,17298.75,17298.75,1,KRW,17817.71,1.03,5,5,建筑工程,?? ?? ??,장식 몰딩,석고 장식 몰딩
070029,석고 600mm 내장,Material,General,pcs,10379.25,10379.25,10379.25,10379.25,1,KRW,10690.63,1.03,5,5,建筑工程,?? ?? ??,장식 몰딩,석고 장식 몰딩
070028,석고,Material,General,pcs,1657.8,1657.8,1657.8,1657.8,1,KRW,1707.53,1.03,5,5,建筑工程,?? ?? ??,장식 몰딩,석고 장식 몰딩
120153,U자형 스트립,Material,General,m,240.26,240.26,240.26,240.26,1,KRW,504.55,2.1,5,5,建筑工程,?? ? ?? ??,,프로파일 및 기타 지붕 자재
100253,변형 아스팔트 금속(자가접착) 4mm 두께,Material,Steel & Metal,m2,25227.34,25227.34,25227.34,25227.34,1,KRW,32114.4,1.273,5,5,建筑工程,?? ? ?? ??,?? ?? ? ?? ??,지붕 방수막
070052,거울 마감 장식 스트립 30mm 이상,Material,General,m,4372.74,4372.74,4372.74,4372.74,1,KRW,4503.92,1.03,5,5,建筑工程,?? ?? ??,장식 몰딩,금속 장식 몰딩
070051,거울 마감 장식 스트립 30mm 내부용,Material,General,m,3051.31,3051.31,3051.31,3051.31,1,KRW,3142.85,1.03,5,5,建筑工程,?? ?? ??,장식 몰딩,금속 장식 몰딩
070050,거울 마감 스테인리스 장식 스트립 30mm 이상,Material,Steel & Metal,m,4252.61,4252.61,4252.61,4252.61,1,KRW,4380.19,1.03,5,5,建筑工程,?? ?? ??,장식 몰딩,금속 장식 몰딩
070049,거울 마감 스테인리스 장식 스트립 30mm 내,Material,Steel & Metal,m,2522.73,2522.73,2522.73,2522.73,1,KRW,2598.42,1.03,5,5,建筑工程,?? ?? ??,장식 몰딩,금속 장식 몰딩
030108,목재 슬래브,Material,Wood & Timber,m2,72078.11,72078.11,72078.11,72078.11,1,KRW,75682.02,1.05,5,5,建筑工程,?? ? ?? ??,,프로파일 및 기타 지붕 자재
010245,강선 와이어 메시,Material,Steel & Metal,m2,2402.6,2402.6,2402.6,2402.6,1,KRW,2426.63,1.01,5,5,建筑工程,?? ? ?? ??,,프로파일 및 기타 지붕 자재
020005,시멘트 벽돌,Material,Concrete & Cement,m2,10211.07,10211.07,10211.07,10211.07,1,KRW,10415.29,1.02,5,5,建筑工程,?? ? ?? ??,,프로파일 및 기타 지붕 자재
090877,못 3×15,Material,Fasteners,set,360.39,360.39,360.39,360.39,1,KRW,1693.84,4.7,5,5,建筑工程,?? ? ?? ??,,
090239,두께 2mm 강판 스트립,Material,Steel & Metal,m,2085.46,2085.46,2085.46,2085.46,1,KRW,5113.56,2.452,5,5,建筑工程,?? ? ?? ??,,
040129,슬래브 유형,Material,General,pcs,20422.13,20422.13,20422.13,20422.13,1,KRW,2736.57,0.134,5,5,建筑工程,?? ? ?? ??,,
040128,슬래브 유형,Material,General,m2,20422.13,20422.13,20422.13,20422.13,1,KRW,21034.8,1.03,5,5,建筑工程,?? ? ?? ??,,
040127,석재 금속,Material,Steel & Metal,pcs,7207.81,7207.81,7207.81,7207.81,1,KRW,2090.27,0.29,5,5,建筑工程,?? ? ?? ??,,
100123,석재,Material,General,kg,744.81,744.81,744.81,744.81,1,KRW,272.6,0.366,5,5,建筑工程,?? ? ?? ??,방청 마감층,블록 마감 방청 마감층
810110,석재 콘크리트,Material,Concrete & Cement,m3,191295.31,191295.31,191295.31,191295.31,1,KRW,6284.05,0.0329,5,5,建筑工程,?? ? ?? ??,방청 마감층,방청 콘크리트 마감층
810099,콘크리트,Material,Concrete & Cement,m3,73202.53,73202.53,73202.53,73202.53,1,KRW,2419.35,0.033,5,5,建筑工程,?? ? ?? ??,방청 마감층,방청 콘크리트 마감층
810098,알칼리 저항 콘크리트,Material,Concrete & Cement,m3,105714.56,105714.56,105714.56,105714.56,1,KRW,6406.3,0.0606,5,5,建筑工程,?? ? ?? ??,방청 마감층,방청 콘크리트 마감층
100439,석재 접착 슬래브 0.8 6,Material,General,kg,3892.22,3892.22,3892.22,3892.22,1,KRW,973.05,0.25,5,5,建筑工程,?? ?? ?? - ?6? ???? ??,,
090161,확장 볼트 12,Material,Fasteners,set,646.3,646.3,646.3,646.3,1,KRW,3707.18,5.736,5,5,建筑工程,?? ?? ?? - ?5? ?? ??? ???,설치,단일 설치
800003,트럭 크레인 10t,Equipment,Cranes,machine-shift,138870.49,138870.49,138870.49,138870.49,1,KRW,208305.74,1.5,5,5,建筑工程,?? ?? ?? - ?5? ?? ??? ???,설치,
800418,전기,Equipment,General,machine-shift,38926.99,38926.99,38926.99,38926.99,1,KRW,7785.4,0.2,5,5,建筑工程,?? ?? ?? - ?5? ?? ??? ???,설치,
390135,바닥 슬래브 유형,Material,General,m3,456494.71,456494.71,456494.71,456494.71,1,KRW,456494.71,1.0,5,5,建筑工程,???? ? ?????? ??,????? ???? ???,
390130,단일 슬래브,Material,General,m3,333961.92,333961.92,333961.92,333961.92,1,KRW,333961.92,1.0,5,5,建筑工程,???? ? ?????? ??,????? ???? ???,
390129,이중 T형 슬래브,Material,General,m3,333961.92,333961.92,333961.92,333961.92,1,KRW,333961.92,1.0,5,5,建筑工程,???? ? ?????? ??,????? ???? ???,
390128,F-형 슬래브,Material,General,m3,333961.92,333961.92,333961.92,333961.92,1,KRW,333961.92,1.0,5,5,建筑工程,???? ? ?????? ??,????? ???? ???,
390144,창문 프레임,Material,Glass,m3,961041.49,961041.49,961041.49,961041.49,1,KRW,961041.49,1.0,5,5,建筑工程,???? ? ?????? ??,프리캐스트 콘크리트 프레임,
390143,문틀 프레임,Material,General,m3,961041.49,961041.49,961041.49,961041.49,1,KRW,961041.49,1.0,5,5,建筑工程,???? ? ?????? ??,프리캐스트 콘크리트 프레임,
850224,1070,Equipment,General,machine-shift,7159.76,7159.76,7159.76,7159.76,1,KRW,7117.87,0.9942,5,5,建筑工程,?? ?? ?? - ?6? ???? ??,,
080191,목재 장식판,Material,Wood & Timber,m2,19220.83,19220.83,19220.83,19220.83,1,KRW,20787.33,1.0815,5,5,建筑工程,"? ? ?? ??, ??? ? ???",?? ?? ??,?? ???
130050,석재,Material,General,kg,362.79,362.79,362.79,362.79,1,KRW,1575.42,4.3425,5,5,建筑工程,?? ? ?? ??,방청 마감층,블록 마감 방청 마감층
120021,수중 슬래브,Material,Water,m2,15016.27,15016.27,15016.27,15016.27,1,KRW,15767.09,1.05,5,5,建筑工程,?? ? ?? ??,방청 마감층,블록 마감 방청 마감층
040126,석재 금속,Material,Steel & Metal,m2,33155.93,33155.93,33155.93,33155.93,1,KRW,34150.61,1.03,5,5,建筑工程,?? ? ?? ??,,
040022,유리 강철,Material,Steel & Metal,m2,14535.75,14535.75,14535.75,14535.75,1,KRW,14681.11,1.01,5,5,建筑工程,?? ? ?? ??,,
040014,시멘트,Material,Concrete & Cement,pcs,720.78,720.78,720.78,720.78,1,KRW,209.03,0.29,5,5,建筑工程,?? ? ?? ??,,
390008,T형 보,Material,General,m3,478406.45,478406.45,478406.45,478406.45,1,KRW,478406.45,1.0,5,5,建筑工程,???? ? ?????? ??,프리캐스트 콘크리트 보,
390127,슬래브와 함께,Material,General,m3,333961.92,333961.92,333961.92,333961.92,1,KRW,333961.92,1.0,5,5,建筑工程,???? ? ?????? ??,????? ???? ???,
080753,아연도금 강관 골조 50×50×1.5,Material,Steel & Metal,m,4805.21,4805.21,4805.21,4805.21,1,KRW,28880.26,6.0102,5,5,建筑工程,"? ? ?? ??, ??? ? ???",?? ?? ??,?? ???
080140,알루미늄 합금 케일 25×50×3,Material,General,m,1025.91,1025.91,1025.91,1025.91,1,KRW,4264.72,4.157,5,5,建筑工程,"? ? ?? ??, ??? ? ???",?? ?? ??,?? ???
080139,알루미늄 합금 케일 40×40×3,Material,General,m,1282.99,1282.99,1282.99,1282.99,1,KRW,7215.79,5.6242,5,5,建筑工程,"? ? ?? ??, ??? ? ???",?? ?? ??,?? ???
080009,앵글 스틸 케일 30×30×3,Material,Steel & Metal,kg,1105.2,1105.2,1105.2,1105.2,1,KRW,13515.9,12.2294,5,5,建筑工程,"? ? ?? ??, ??? ? ???",?? ?? ??,?? ???
080002,경량 강철 케일 25×25,Material,Steel & Metal,m,1090.78,1090.78,1090.78,1090.78,1,KRW,4856.17,4.452,5,5,建筑工程,"? ? ?? ??, ??? ? ???",?? ?? ??,?? ???
080001,경량 강철 케일 50×20,Material,Steel & Metal,m,1359.87,1359.87,1359.87,1359.87,1,KRW,8047.33,5.9177,5,5,建筑工程,"? ? ?? ??, ??? ? ???",?? ?? ??,?? ???
370243,유리,Material,Glass,m2,1201.3,1201.3,1201.3,1201.3,1,KRW,1321.43,1.1,5,5,建筑工程,? ? ?? ??,,
040010,유리 강철,Material,Steel & Metal,pcs,6414.95,6414.95,6414.95,6414.95,1,KRW,940.43,0.1466,5,5,建筑工程,?? ? ?? ??,,
040009,장식용,Material,General,m2,11580.55,11580.55,11580.55,11580.55,1,KRW,11927.97,1.03,5,5,建筑工程,?? ? ?? ??,,
110286,유화 페인트,Material,Paint & Coatings,kg,7255.86,7255.86,7255.86,7255.86,1,KRW,1868.38,0.2575,5,5,建筑工程,"??, ?? ? ?? ??",?? ? ? ??,천장 마감층 도장
010019,평철 60 이상,Material,Steel & Metal,kg,920.2,920.2,920.2,920.2,1,KRW,8921.5,9.6952,5,5,建筑工程,?? ?? ?? - ?7? ?? ? ??,설치 및 시공,설치
390142,틀,Material,General,m3,961041.49,961041.49,961041.49,961041.49,1,KRW,961041.49,1.0,5,5,建筑工程,???? ? ?????? ??,프리캐스트 콘크리트 프레임,
390141,틀,Material,General,m3,961041.49,961041.49,961041.49,961041.49,1,KRW,961041.49,1.0,5,5,建筑工程,???? ? ?????? ??,프리캐스트 콘크리트 프레임,
390140,형태 몰딩 - 프레임,Material,General,m3,1081171.67,1081171.67,1081171.67,1081171.67,1,KRW,1081171.67,1.0,5,5,建筑工程,???? ? ?????? ??,프리캐스트 콘크리트 프레임,
010252,강선,Material,Steel & Metal,kg,2474.68,2474.68,2474.68,2474.68,1,KRW,371.2,0.15,5,5,建筑工程,???? ? ?????? ??,프리캐스트 콘크리트 프레임,
810203,모르타르 1: 0.3: 1.5,Material,Concrete & Cement,m3,139351.02,139351.02,139351.02,139351.02,1,KRW,83.61,0.0006,5,5,建筑工程,???? ? ?????? ??,프리캐스트 콘크리트 보,
390136,특수형 빔,Material,General,m3,504546.78,504546.78,504546.78,504546.78,1,KRW,504546.78,1.0,5,5,建筑工程,???? ? ?????? ??,프리캐스트 콘크리트 보,
390132,직사각형 빔,Material,General,m3,456494.71,456494.71,456494.71,456494.71,1,KRW,456494.71,1.0,5,5,建筑工程,???? ? ?????? ??,프리캐스트 콘크리트 보,
390124,보,Material,General,m3,588637.91,588637.91,588637.91,588637.91,1,KRW,588637.91,1.0,5,5,建筑工程,???? ? ?????? ??,프리캐스트 콘크리트 보,
390123,특수형 빔 구조,Material,General,m3,432468.67,432468.67,432468.67,432468.67,1,KRW,432468.67,1.0,5,5,建筑工程,???? ? ?????? ??,프리캐스트 콘크리트 보,
110111,폴리우레탄 코팅층,Material,General,kg,2474.68,2474.68,2474.68,2474.68,1,KRW,875.54,0.3538,5,5,建筑工程,?? ? ?? ??,??,방청 도장
100142,수성 접착성 아스팔트,Material,Waterproofing,kg,1489.61,1489.61,1489.61,1489.61,1,KRW,1340.65,0.9,5,5,建筑工程,?? ? ?? ??,??,분리층
060047,GRC 석재 0.2m2 내,Material,General,m2,9610.41,9610.41,9610.41,9610.41,1,KRW,9874.7,1.0275,5,5,建筑工程,"? ? ?? ??, ??? ? ???",??(?) ?? ?? ? ?? ?? ??,블록 마감 기둥 표면
400063,C30 콘크리트,Material,Concrete & Cement,m3,115324.98,115324.98,115324.98,115324.98,1,KRW,114056.4,0.989,5,5,建筑工程,???? ? ?????? ??,현장 타설 콘크리트 기둥,
180861,알루미늄 합금,Material,General,m,4805.21,4805.21,4805.21,4805.21,1,KRW,384.42,0.08,5,5,建筑工程,?? ?? ?? - ?7? ?? ? ??,,
230008,64가 함유된 알루미늄 접착제,Material,General,m,816.89,816.89,816.89,816.89,1,KRW,588.16,0.72,5,5,建筑工程,?? ?? ?? - ?7? ?? ? ??,,
110752,접착수,Material,Water,kg,720.78,720.78,720.78,720.78,1,KRW,292.64,0.406,5,5,建筑工程,?? ?? ?? - ?7? ?? ? ??,,
060012,대리석 판 0.25m2 초과,Material,General,m2,48052.07,48052.07,48052.07,48052.07,1,KRW,49013.12,1.02,5,5,建筑工程,?? ?? ??,바닥 타일,
090619,볼트 8×(65 80)로 아연 도금됨,Material,Fasteners,set,115.32,115.32,115.32,115.32,1,KRW,926.47,8.0336,5,5,建筑工程,?? ?? ?? - ?7? ?? ? ??,,아연도금 강판 설치 (1.0mm 내외)
110494,폴리우레탄 프라이머,Material,Paint & Coatings,kg,6006.51,6006.51,6006.51,6006.51,1,KRW,1171.27,0.195,5,5,建筑工程,"??, ?? ? ?? ??",?? ?? ??,"?? ??, ?? ??? ??"
110789,실란트 프라이머,Material,Paint & Coatings,kg,6727.29,6727.29,6727.29,6727.29,1,KRW,2018.19,0.3,5,5,建筑工程,"??, ?? ? ?? ??",?? ?? ??,"?? ??, ?? ??? ??"
110033,페인트,Material,Paint & Coatings,kg,10811.72,10811.72,10811.72,10811.72,1,KRW,213.35,0.0197,5,5,建筑工程,"??, ?? ? ?? ??",?? ?? ??,목재 바닥판 페인트
110006,마감 코트 바니시 포함,Material,Paint & Coatings,kg,4540.92,4540.92,4540.92,4540.92,1,KRW,200.03,0.0441,5,5,建筑工程,"??, ?? ? ?? ??",?? ?? ??,목재 바닥판 페인트
810182,시멘트석(세척석 마감),Material,Concrete & Cement,m3,69675.51,69675.51,69675.51,69675.51,1,KRW,926.68,0.0133,5,5,建筑工程,"? ? ?? ??, ??? ? ???",,장식용 벽 미장
180656,강철 32,Material,Steel & Metal,pcs,466.11,466.11,466.11,466.11,1,KRW,470.77,1.01,5,5,建筑工程,"?? ?? ?? - ?10? ??, ??, ??, ??",설치,
180027,아연도금 32,Material,General,pcs,634.29,634.29,634.29,634.29,1,KRW,1274.92,2.01,5,5,建筑工程,"?? ?? ?? - ?10? ??, ??, ??, ??",설치,
180021,아연 도금 스플라이스 32,Material,General,pcs,1777.93,1777.93,1777.93,1777.93,1,KRW,3591.41,2.02,5,5,建筑工程,"?? ?? ?? - ?10? ??, ??, ??, ??",설치,
180010,아연도금 32,Material,General,pcs,624.68,624.68,624.68,624.68,1,KRW,630.92,1.01,5,5,建筑工程,"?? ?? ?? - ?10? ??, ??, ??, ??",설치,
180031,아연도금 15,Material,General,pcs,312.34,312.34,312.34,312.34,1,KRW,378.55,1.212,5,5,建筑工程,"?? ?? ?? - ?10? ??, ??, ??, ??",수도 설비,
180252,20,Material,General,pcs,209.03,209.03,209.03,209.03,1,KRW,369.98,1.77,5,5,建筑工程,?? ??,기초 말뚝,
110301,방수 프라이머,Material,Paint & Coatings,kg,2883.12,2883.12,2883.12,2883.12,1,KRW,556.44,0.193,5,5,建筑工程,"? ? ?? ??, ??? ? ???",,
060015,대리석 몰딩 (높이 150mm),Material,Wood & Timber,m,9898.73,9898.73,9898.73,9898.73,1,KRW,10938.09,1.105,5,5,建筑工程,?? ?? ??,걸레받이,
850231,"V5 ISDN, 7",Equipment,General,machine-shift,114092.44,114092.44,114092.44,114092.44,1,KRW,121698.61,1.0667,5,5,建筑工程,?? ?? ?? - ?11? ???? ? ??,,
350150,RV-105 폴리 전기 성형 0.5,Material,General,m,206.62,206.62,206.62,206.62,1,KRW,989.04,4.7867,5,5,建筑工程,?? ?? ?? - ?11? ???? ? ??,몰딩,
180129,평면 (1.0MPa) 200,Material,General,pcs,19461.09,19461.09,19461.09,19461.09,1,KRW,23353.31,1.2,5,5,建筑工程,"?? ?? ?? - ?10? ??, ??, ??, ??",,설치
180128,평탄 (1.0MPa) 150,Material,General,pcs,12685.75,12685.75,12685.75,12685.75,1,KRW,15222.9,1.2,5,5,建筑工程,"?? ?? ?? - ?10? ??, ??, ??, ??",,설치
180126,평탄 (1.0MPa) 100,Material,General,pcs,8048.72,8048.72,8048.72,8048.72,1,KRW,9658.47,1.2,5,5,建筑工程,"?? ?? ?? - ?10? ??, ??, ??, ??",,설치
180125,평탄 (1.0MPa) 80,Material,General,pcs,6511.06,6511.06,6511.06,6511.06,1,KRW,7813.27,1.2,5,5,建筑工程,"?? ?? ?? - ?10? ??, ??, ??, ??",,설치
110302,도장,Material,General,kg,1801.95,1801.95,1801.95,1801.95,1,KRW,2784.02,1.545,5,5,建筑工程,"??, ?? ? ?? ??",?? ? ? ??,천장 마감층 도장
110776,방습 밀봉 프라이머,Material,Paint & Coatings,kg,4564.95,4564.95,4564.95,4564.95,1,KRW,1141.24,0.25,5,5,建筑工程,"??, ?? ? ?? ??",??? ??,??? ??
110767,코팅 H87,Material,General,kg,6246.77,6246.77,6246.77,6246.77,1,KRW,1369.29,0.2192,5,5,建筑工程,"?? ?? ?? - ?12? ??, ??, ??",,
830048,잠금,Material,General,kg,1225.33,1225.33,1225.33,1225.33,1,KRW,95421.18,77.874,5,5,建筑工程,?? ?? ? ?? ??,기초 굴착,지반 벽
010689,Pb2ϕ5 13,Material,General,kg,6895.47,6895.47,6895.47,6895.47,1,KRW,165491.34,24.0,5,5,建筑工程,?? ?? ?? - ?11? ???? ? ??,,
460057,석재,Material,General,kg,1136.43,1136.43,1136.43,1136.43,1,KRW,1136.43,1.0,5,5,建筑工程,?? ?? ?? - ?11? ???? ? ??,,
040225,석재,Material,General,kg,31.23,31.23,31.23,31.23,1,KRW,9557.56,306.0,5,5,建筑工程,토공 및 암석 작업,백필,기초 되메우기
800531,전기,Equipment,General,machine-shift,53145.59,53145.59,53145.59,53145.59,1,KRW,217.89,0.0041,5,5,建筑工程,토공 및 암석 작업,,
800292,도로 롤러 (복합),Equipment,General,machine-shift,112970.43,112970.43,112970.43,112970.43,1,KRW,45.19,0.0004,5,5,建筑工程,토공 및 암석 작업,,
800626,30kW,Equipment,General,machine-shift,3675.98,3675.98,3675.98,3675.98,1,KRW,182.88,0.0498,4,4,建筑工程,"?? ?? ?? - ?12? ??, ??, ??",살포,분무석
110100,아스팔트 프라이머,Material,Paint & Coatings,kg,7255.86,7255.86,7255.86,7255.86,1,KRW,972.29,0.134,4,4,建筑工程,"?? ?? ?? - ?12? ??, ??, ??",직사각형 브러싱,
390086,콘크리트 프리캐스트 말뚝,Material,Concrete & Cement,pcs,14415.62,14415.62,14415.62,14415.62,1,KRW,9149.11,0.6347,4,4,建筑工程,?? ?? ? ?? ??,,
830049,파일,Material,General,kg,949.03,949.03,949.03,949.03,1,KRW,5131.08,5.4067,4,4,建筑工程,?? ?? ? ?? ??,,
800257,파일 40t,Equipment,General,machine-shift,166644.59,166644.59,166644.59,166644.59,1,KRW,17953.18,0.1077,4,4,建筑工程,?? ?? ? ?? ??,,
010043,아연도강판 0.5,Material,Steel & Metal,m2,5814.3,5814.3,5814.3,5814.3,1,KRW,7645.81,1.315,4,4,建筑工程,"?? ?? ?? - ?12? ??, ??, ??",제작 설치,
800042,1.5,Equipment,General,machine-shift,3531.83,3531.83,3531.83,3531.83,1,KRW,30.9,0.0088,4,4,建筑工程,"?? ?? ?? - ?12? ??, ??, ??",제작 설치,
810119,1: 2.5 테라조 석재,Material,General,m3,267950.38,267950.38,267950.38,267950.38,1,KRW,4260.42,0.0159,4,4,建筑工程,?? ?? ??,,
110464,복합 코팅 없는 유형,Equipment,General,kg,8553.27,8553.27,8553.27,8553.27,1,KRW,3879.77,0.4536,4,4,建筑工程,"??, ?? ? ?? ??",?? ? ? ??,?? ??? ??
090253,스트립 4×6mm,Material,General,m,2594.81,2594.81,2594.81,2594.81,1,KRW,2750.5,1.06,4,4,建筑工程,?? ?? ??,계단 마감층,
090187,볼트 YG1-M10,Material,Fasteners,pcs,432.47,432.47,432.47,432.47,1,KRW,518.96,1.2,4,4,建筑工程,?? ?? ??,계단 마감층,
090337,스테인리스 강,Material,Steel & Metal,m,3748.06,3748.06,3748.06,3748.06,1,KRW,3935.46,1.05,4,4,建筑工程,?? ?? ??,계단 마감층,
090339,스테인리스 강판,Material,Steel & Metal,m,3123.38,3123.38,3123.38,3123.38,1,KRW,3279.55,1.05,4,4,建筑工程,?? ?? ??,계단 마감층,
800145,평탄면 연마면,Equipment,General,machine-shift,1597.73,1597.73,1597.73,1597.73,1,KRW,172.55,0.108,4,4,建筑工程,?? ?? ??,,
060087,완성품 특수형 석재판 5mm,Material,General,m2,67272.9,67272.9,67272.9,67272.9,1,KRW,72385.64,1.076,4,4,建筑工程,"? ? ?? ??, ??? ? ???",??(?) ?? ?? ? ?? ?? ??,석재 기둥 표면
060088,완성 제품형 석재 슬래브 8 12mm,Material,General,m2,38441.66,38441.66,38441.66,38441.66,1,KRW,39402.7,1.025,4,4,建筑工程,"? ? ?? ??, ??? ? ???",??(?) ?? ?? ? ?? ?? ??,석재 기둥 표면
060100,완성품 특수형 석재 슬래브 8 12mm,Material,General,m2,76883.32,76883.32,76883.32,76883.32,1,KRW,82726.45,1.076,4,4,建筑工程,"? ? ?? ??, ??? ? ???",??(?) ?? ?? ? ?? ?? ??,석재 기둥 표면
110083,폴리,Material,General,kg,10619.51,10619.51,10619.51,10619.51,1,KRW,3870.81,0.3645,4,4,建筑工程,?? ? ?? ??,??,분리층
110794,코팅층,Material,General,kg,7688.33,7688.33,7688.33,7688.33,1,KRW,3380.94,0.4398,4,4,建筑工程,?? ? ?? ??,??,방청 도장
090092,볼트 6×(16 25) 포함,Material,Fasteners,set,21.62,21.62,21.62,21.62,1,KRW,171.49,7.9303,4,4,建筑工程,?? ?? ?? - ?7? ?? ? ??,,"강판 설치 (3mm 이내, 용접)"
090618,아연 도금 -형 너트 8,Material,Fasteners,pcs,187.4,187.4,187.4,187.4,1,KRW,198.65,1.06,4,4,建筑工程,?? ?? ?? - ?7? ?? ? ??,,
090468,아연 도금 못,Material,Fasteners,pcs,48.05,48.05,48.05,48.05,1,KRW,419.98,8.74,4,4,建筑工程,"??, ?? ? ?? ??",몰딩,
110463,두께 유형 없음 벽 코팅,Equipment,General,kg,9226.0,9226.0,9226.0,9226.0,1,KRW,5812.38,0.63,4,4,建筑工程,"??, ?? ? ?? ??",?? ? ? ??,?? ??? ??
090311,창문 단일,Material,Glass,m,1504.03,1504.03,1504.03,1504.03,1,KRW,1579.23,1.05,4,4,建筑工程,? ? ?? ??,"창문, 창문",
090312,이중창,Material,Glass,m,3003.25,3003.25,3003.25,3003.25,1,KRW,3153.42,1.05,4,4,建筑工程,? ? ?? ??,"창문, 창문",
090315,창문 단일,Material,Glass,m,5598.07,5598.07,5598.07,5598.07,1,KRW,5598.07,1.0,4,4,建筑工程,? ? ?? ??,"창문, 창문",
090316,이중창,Material,Glass,m,10691.59,10691.59,10691.59,10691.59,1,KRW,10691.59,1.0,4,4,建筑工程,? ? ?? ??,"창문, 창문",
110753,코팅 없음 유형,Equipment,General,kg,3603.91,3603.91,3603.91,3603.91,1,KRW,1816.37,0.504,4,4,建筑工程,"??, ?? ? ?? ??",?? ? ? ??,?? ??? ??
110754,복합 코팅 없는 두께 유형,Equipment,General,kg,7448.07,7448.07,7448.07,7448.07,1,KRW,4129.21,0.5544,4,4,建筑工程,"??, ?? ? ?? ??",?? ? ? ??,?? ??? ??
020103,SN 블록 미장,Material,General,m3,115324.98,115324.98,115324.98,115324.98,1,KRW,91337.38,0.792,4,4,建筑工程,?? ??,블록 조적,
020104,특수형 블록 미장,Material,General,m3,116526.28,116526.28,116526.28,116526.28,1,KRW,21673.89,0.186,4,4,建筑工程,?? ??,블록 조적,
400010,C35 레디믹스 콘크리트,Material,Concrete & Cement,m3,102110.66,102110.66,102110.66,102110.66,1,KRW,103642.32,1.015,4,4,建筑工程,???? ? ?????? ??,현장 타설 콘크리트 with,
400066,메쉬,Material,General,m2,1201.3,1201.3,1201.3,1201.3,1,KRW,4414.78,3.675,4,4,建筑工程,???? ? ?????? ??,현장 타설 콘크리트 with,
800222,로더 5t,Equipment,General,machine-shift,71165.12,71165.12,71165.12,71165.12,1,KRW,14233.02,0.2,4,4,建筑工程,?? ?? ?? - ?7? ?? ? ??,,수도 설비
110603,복합 코팅 없음,Equipment,General,kg,8553.27,8553.27,8553.27,8553.27,1,KRW,2694.28,0.315,4,4,建筑工程,"??, ?? ? ?? ??",?? ? ? ??,천장 마감층 도장
110602,코팅 없음,Equipment,General,kg,3964.3,3964.3,3964.3,3964.3,1,KRW,1219.02,0.3075,4,4,建筑工程,"??, ?? ? ?? ??",?? ? ? ??,천장 마감층 도장
091058,볼트 8×75로 도금된,Material,Fasteners,set,307.53,307.53,307.53,307.53,1,KRW,11354.13,36.92,4,4,建筑工程,?? ?? ?? - ?7? ?? ? ??,,설치
810096,폴리 모르타르,Material,Concrete & Cement,m3,3950368.24,3950368.24,3950368.24,3950368.24,1,KRW,12443.66,0.0032,4,4,建筑工程,?? ? ?? ??,방청 마감층,방청 모르타르 마감층
810169,폴리 아크릴 시멘트 모르타르,Material,Concrete & Cement,m3,384416.59,384416.59,384416.59,384416.59,1,KRW,5189.62,0.0135,4,4,建筑工程,?? ? ?? ??,방청 마감층,방청 모르타르 마감층
810170,접착 시멘트 모르타르,Material,Concrete & Cement,m3,386819.2,386819.2,386819.2,386819.2,1,KRW,5222.06,0.0135,4,4,建筑工程,?? ? ?? ??,방청 마감층,방청 모르타르 마감층
810145,접착제,Material,General,m3,6416441.54,6416441.54,6416441.54,6416441.54,1,KRW,8501.78,0.0013,4,4,建筑工程,?? ? ?? ??,방청 마감층,방청 접착 마감층
350267,접착 몰딩,Material,General,m,365.2,365.2,365.2,365.2,1,KRW,226.79,0.621,4,4,建筑工程,?? ?? ?? - ?6? ???? ??,잠금,
390006,단일 지붕 보,Material,General,m3,578787.24,578787.24,578787.24,578787.24,1,KRW,578787.24,1.0,4,4,建筑工程,???? ? ?????? ??,프리캐스트 콘크리트 보,
390007,이중 지붕 보,Material,General,m3,539144.27,539144.27,539144.27,539144.27,1,KRW,539144.27,1.0,4,4,建筑工程,???? ? ?????? ??,프리캐스트 콘크리트 보,
390009,lintel,Material,General,m3,302271.57,302271.57,302271.57,302271.57,1,KRW,302271.57,1.0,4,4,建筑工程,???? ? ?????? ??,프리캐스트 콘크리트 보,
390133,-형 강재,Material,General,m3,840911.3,840911.3,840911.3,840911.3,1,KRW,840911.3,1.0,4,4,建筑工程,???? ? ?????? ??,프리캐스트 콘크리트 보,
091522,원형 아연 도금 볼트 M(2 5)×(10 50),Material,Fasteners,pcs,360.39,360.39,360.39,360.39,1,KRW,735.2,2.04,4,4,建筑工程,?? ?? ?? - ?6? ???? ??,,
090576,아연 도금 5,Material,General,pcs,0.0,0.0,0.0,0.0,0,KRW,0.0,2.04,4,4,建筑工程,?? ?? ?? - ?6? ???? ??,,
030115,목재 스트립 슬래브,Material,Wood & Timber,m2,19220.83,19220.83,19220.83,19220.83,1,KRW,21142.91,1.1,4,4,建筑工程,"? ? ?? ??, ??? ? ???",?? ?? ??,?? ???
130098,암면 복합판,Material,Aggregates,m3,209026.52,209026.52,209026.52,209026.52,1,KRW,6897.88,0.033,4,4,建筑工程,?? ? ?? ??,,벽면 표면
400065,시멘트 슬래브,Material,Concrete & Cement,m3,108117.17,108117.17,108117.17,108117.17,1,KRW,3567.87,0.033,4,4,建筑工程,?? ? ?? ??,,벽면 표면
130099,유리 섬유 복합 슬래브,Material,Glass,m3,129740.6,129740.6,129740.6,129740.6,1,KRW,4281.44,0.033,4,4,建筑工程,?? ? ?? ??,,벽면 표면
090248,메쉬,Material,General,m2,1489.61,1489.61,1489.61,1489.61,1,KRW,1558.14,1.046,4,4,建筑工程,???? ? ?????? ??,구조적,
090163,확장 볼트 16,Material,Fasteners,set,1117.21,1117.21,1117.21,1117.21,1,KRW,3530.39,3.16,4,4,建筑工程,?? ?? ?? - ?5? ?? ??? ???,설치,단일 설치
810097,더블 A 폴리 모르타르,Material,Concrete & Cement,m3,4178630.01,4178630.01,4178630.01,4178630.01,1,KRW,13162.69,0.0032,4,4,建筑工程,?? ? ?? ??,방청 마감층,방청 모르타르 마감층
810171,회합 모르타르,Material,Concrete & Cement,m3,408442.63,408442.63,408442.63,408442.63,1,KRW,1286.59,0.0032,4,4,建筑工程,?? ? ?? ??,방청 마감층,방청 모르타르 마감층
400404,SF 수성 모르타르,Material,Concrete & Cement,m3,180195.28,180195.28,180195.28,180195.28,1,KRW,2756.99,0.0153,4,4,建筑工程,?? ? ?? ??,,
080006,경량 강철 케일 75×50,Material,Steel & Metal,kg,2450.66,2450.66,2450.66,2450.66,1,KRW,5836.24,2.3815,4,4,建筑工程,"? ? ?? ??, ??? ? ???",??(?) ?? ??,??(?) ?? ??
850252,HP8563E,Equipment,General,machine-shift,44909.47,44909.47,44909.47,44909.47,1,KRW,22454.73,0.5,4,4,建筑工程,?? ?? ?? - ?5? ?? ??? ???,설치,전기
091227,4×40,Material,General,pcs,12.01,12.01,12.01,12.01,1,KRW,24.99,2.08,4,4,建筑工程,?? ?? ?? - ?5? ?? ??? ???,메쉬,
090207,아연 도금 전선 2×35,Material,General,pcs,271.49,271.49,271.49,271.49,1,KRW,6787.36,25.0,4,4,建筑工程,?? ?? ?? - ?5? ?? ??? ???,설치,
330027,RJ45 몰딩,Material,General,pcs,360.39,360.39,360.39,360.39,1,KRW,36039.06,100.0,4,4,建筑工程,?? ?? ?? - ?5? ?? ??? ???,설치,
130102,프레임 슬래브,Material,General,m3,324351.5,324351.5,324351.5,324351.5,1,KRW,324351.5,1.0,4,4,建筑工程,???? ? ?????? ??,구조적,
390022,발코니,Material,General,m3,457936.27,457936.27,457936.27,457936.27,1,KRW,457936.27,1.0,4,4,建筑工程,???? ? ?????? ??,구조적,
390028,구조적 유형,Material,General,m3,484557.12,484557.12,484557.12,484557.12,1,KRW,484557.12,1.0,4,4,建筑工程,???? ? ?????? ??,구조적,
390166,구조적,Material,General,m3,293598.17,293598.17,293598.17,293598.17,1,KRW,293598.17,1.0,4,4,建筑工程,???? ? ?????? ??,구조적,
390151,형 벽 슬래브,Material,General,m3,598248.33,598248.33,598248.33,598248.33,1,KRW,598248.33,1.0,4,4,建筑工程,???? ? ?????? ??,구조적,
800414,HYB-5,Equipment,General,machine-shift,15304.59,15304.59,15304.59,15304.59,1,KRW,918.28,0.06,4,4,建筑工程,?? ?? ? ?? ??,,
800416,분무 말뚝 D1200,Equipment,General,machine-shift,61290.42,61290.42,61290.42,61290.42,1,KRW,4290.33,0.07,4,4,建筑工程,?? ?? ? ?? ??,,
800423,전기 급수 펌프 H 12,Equipment,Pumps,machine-shift,5958.46,5958.46,5958.46,5958.46,1,KRW,431.0,0.0723,4,4,建筑工程,?? ?? ? ?? ??,,
040003,세람사이트,Material,General,m3,40363.74,40363.74,40363.74,40363.74,1,KRW,58204.52,1.442,4,4,建筑工程,?? ? ?? ??,,
810089,1: 1.5: 4 세람사이트 콘크리트,Material,Concrete & Cement,m3,91310.95,91310.95,91310.95,91310.95,1,KRW,92680.61,1.015,4,4,建筑工程,?? ? ?? ??,,
810166,1: 1.5: 4 추가 콘크리트 콘크리트,Material,Concrete & Cement,m3,72078.11,72078.11,72078.11,72078.11,1,KRW,73159.28,1.015,4,4,建筑工程,?? ? ?? ??,,
130885,EPS 보드,Material,Wood & Timber,m3,154967.94,154967.94,154967.94,154967.94,1,KRW,5113.94,0.033,4,4,建筑工程,?? ? ?? ??,,벽면 표면
130886,EPS 보드,Material,Wood & Timber,m3,158571.85,158571.85,158571.85,158571.85,1,KRW,5232.87,0.033,4,4,建筑工程,?? ? ?? ??,,벽면 표면
060032,장식용 석고보드 6mm 두께,Material,Wood & Timber,m2,7760.41,7760.41,7760.41,7760.41,1,KRW,8148.43,1.05,4,4,建筑工程,"? ? ?? ??, ??? ? ???",?? ?? ??,?? ???
080004,경량 강철 케일 75×40,Material,Steel & Metal,kg,1994.16,1994.16,1994.16,1994.16,1,KRW,2747.95,1.378,4,4,建筑工程,"? ? ?? ??, ??? ? ???",??(?) ?? ??,??(?) ?? ??
350225,이중 성형 8,Material,General,m,509.35,509.35,509.35,509.35,1,KRW,3117.23,6.12,4,4,建筑工程,?? ?? ?? - ?5? ?? ??? ???,,
390018,창문 슬래브,Material,Glass,m3,423771.24,423771.24,423771.24,423771.24,1,KRW,423771.24,1.0,4,4,建筑工程,???? ? ?????? ??,구조적,
390019,"창틀, 슬래브",Material,Glass,m3,648703.0,648703.0,648703.0,648703.0,1,KRW,648703.0,1.0,4,4,建筑工程,???? ? ?????? ??,구조적,
390149,벽 슬래브,Material,General,m3,347897.02,347897.02,347897.02,347897.02,1,KRW,347897.02,1.0,4,4,建筑工程,???? ? ?????? ??,구조적,
800158,(철근),Equipment,General,machine-shift,10811.72,10811.72,10811.72,10811.72,1,KRW,194.61,0.018,4,4,建筑工程,???? ? ?????? ??,철물,
040130,아스팔트,Material,Waterproofing,m2,9610.41,9610.41,9610.41,9610.41,1,KRW,22843.96,2.377,4,4,建筑工程,?? ? ?? ??,,
040131,아스팔트,Material,Waterproofing,pcs,12493.54,12493.54,12493.54,12493.54,1,KRW,3623.13,0.29,4,4,建筑工程,?? ? ?? ??,,
040066,195×310,Material,General,m,7448.07,7448.07,7448.07,7448.07,1,KRW,383.58,0.0515,4,4,建筑工程,?? ? ?? ??,,
380039,볼트 강망 프레임,Material,Steel & Metal,t,1681822.6,1681822.6,1681822.6,1681822.6,1,KRW,1681822.6,1.0,4,4,建筑工程,????? ??,,
120058,몰딩,Material,General,m,2003.77,2003.77,2003.77,2003.77,1,KRW,4027.58,2.01,4,4,建筑工程,"? ? ?? ??, ??? ? ???",??(?) ?? ??,??(?) ?? ??
080245,목재 슬래브,Material,Wood & Timber,m2,7207.81,7207.81,7207.81,7207.81,1,KRW,37302.95,5.1754,4,4,建筑工程,"? ? ?? ??, ??? ? ???",??(?) ?? ??,??(?) ?? ??
070101,완성된 대리석 기둥 높이 350mm 이내,Material,General,pcs,46850.77,46850.77,46850.77,46850.77,1,KRW,46850.77,1.0,4,4,建筑工程,"? ? ?? ??, ??? ? ???",??(?) ?? ??,완성된 제품 장식 기둥
060067,석조 벽면,Material,General,m2,28831.24,28831.24,28831.24,28831.24,1,KRW,27822.15,0.965,4,4,建筑工程,"? ? ?? ??, ??? ? ???",?? ?? ???,?? ?? ??
110518,금속,Material,Steel & Metal,kg,1441.56,1441.56,1441.56,1441.56,1,KRW,7207.81,5.0,4,4,建筑工程,?? ?? ??,,
800519,반올림,Equipment,General,machine-shift,1239.74,1239.74,1239.74,1239.74,1,KRW,143.56,0.1158,4,4,建筑工程,?? ?? ??,,
150052,석재,Material,General,pcs,2883.12,2883.12,2883.12,2883.12,1,KRW,951.43,0.33,4,4,建筑工程,?? ?? ??,,
810042,1: 2.5 테라조 시멘트석,Material,Concrete & Cement,m3,150354.94,150354.94,150354.94,150354.94,1,KRW,2390.64,0.0159,4,4,建筑工程,?? ?? ??,,
020096,블록,Material,General,m3,96104.15,96104.15,96104.15,96104.15,1,KRW,67513.16,0.7025,4,4,建筑工程,?? ??,블록 조적,
020102,특수형 블록,Material,General,m3,105714.56,105714.56,105714.56,105714.56,1,KRW,17442.9,0.165,4,4,建筑工程,?? ??,블록 조적,
010390,25 내,Material,General,pcs,1561.69,1561.69,1561.69,1561.69,1,KRW,1577.31,1.01,4,4,建筑工程,???? ? ?????? ??,철물,
010409,25 이상,Material,General,pcs,2859.1,2859.1,2859.1,2859.1,1,KRW,2887.69,1.01,4,4,建筑工程,???? ? ?????? ??,철물,
090199,25 내,Material,General,pcs,2042.21,2042.21,2042.21,2042.21,1,KRW,2062.64,1.01,4,4,建筑工程,???? ? ?????? ??,철물,
090200,25 이상,Material,General,pcs,2282.47,2282.47,2282.47,2282.47,1,KRW,2305.3,1.01,4,4,建筑工程,???? ? ?????? ??,철물,
130043,폴리우레탄,Material,General,m3,360390.56,360390.56,360390.56,360390.56,1,KRW,14730.96,0.0409,4,4,建筑工程,"?? ?? ?? - ?10? ??, ??, ??, ??",,
110296,폴리우레탄 접착제,Material,General,kg,903.38,903.38,903.38,903.38,1,KRW,880.23,0.9744,4,4,建筑工程,"?? ?? ?? - ?10? ??, ??, ??, ??",,
040068,310×310,Material,General,m2,14920.17,14920.17,14920.17,14920.17,1,KRW,15666.18,1.05,4,4,建筑工程,?? ? ?? ??,,
040132,-형 아스팔트,Material,Waterproofing,m2,12493.54,12493.54,12493.54,12493.54,1,KRW,12868.35,1.03,4,4,建筑工程,?? ? ?? ??,,
040133,-형 아스팔트,Material,Waterproofing,pcs,12493.54,12493.54,12493.54,12493.54,1,KRW,3623.13,0.29,4,4,建筑工程,?? ? ?? ??,,
040134,목재 스트립 30×50,Material,Wood & Timber,m,2162.34,2162.34,2162.34,2162.34,1,KRW,3675.98,1.7,4,4,建筑工程,?? ? ?? ??,,
070099,금속 거울 몰딩,Material,Steel & Metal,m,2402.6,2402.6,2402.6,2402.6,1,KRW,2474.68,1.03,4,4,建筑工程,?? ?? ??,장식 몰딩,금속 장식 몰딩
070065,알루미늄 합금 몰딩 60mm 이상,Material,General,m,2306.5,2306.5,2306.5,2306.5,1,KRW,2375.69,1.03,4,4,建筑工程,?? ?? ??,장식 몰딩,금속 장식 몰딩
070066,스테인리스 강 몰딩 60mm 이상,Material,Steel & Metal,m,4252.61,4252.61,4252.61,4252.61,1,KRW,4380.19,1.03,4,4,建筑工程,?? ?? ??,장식 몰딩,금속 장식 몰딩
070067,거울 마감 몰딩 60mm 이상,Material,General,m,4372.74,4372.74,4372.74,4372.74,1,KRW,4503.92,1.03,4,4,建筑工程,?? ?? ??,장식 몰딩,금속 장식 몰딩
090714,워터 드릴 비트,Material,Water,pcs,36039.06,36039.06,36039.06,36039.06,1,KRW,2012.78,0.0558,4,4,建筑工程,?? ?? ?? - ?4? ???? ??,(),콘크리트 접착 구조용 수분
180033,아연도금 25,Material,General,pcs,768.83,768.83,768.83,768.83,1,KRW,592.0,0.77,4,4,建筑工程,?? ??,기초 말뚝,
010105,강관 없음 325×8,Material,Steel & Metal,m,69411.22,69411.22,69411.22,69411.22,1,KRW,31061.52,0.4475,4,4,建筑工程,"?? ?? ?? - ?10? ??, ??, ??, ??",제작 설치,방수 제작
380040,용접 강철 메쉬 프레임,Material,Steel & Metal,t,1765913.73,1765913.73,1765913.73,1765913.73,1,KRW,1765913.73,1.0,4,4,建筑工程,????? ??,,
380041,볼트 강망,Material,Steel & Metal,t,1705848.64,1705848.64,1705848.64,1705848.64,1,KRW,1705848.64,1.0,4,4,建筑工程,????? ??,,
380042,용접 강철 망,Material,Steel & Metal,t,1801952.79,1801952.79,1801952.79,1801952.79,1,KRW,1801952.79,1.0,4,4,建筑工程,????? ??,,
380017,강재 프레임 단일 1t,Material,Steel & Metal,t,1645783.55,1645783.55,1645783.55,1645783.55,1,KRW,1645783.55,1.0,4,4,建筑工程,????? ??,강철 골조,
380043,문 steel 프레임,Material,Steel & Metal,t,1686147.29,1686147.29,1686147.29,1686147.29,1,KRW,1686147.29,1.0,4,4,建筑工程,????? ??,강철 골조,
070005,내부 25mm 목재 평몰딩,Material,Wood & Timber,m,968.25,968.25,968.25,968.25,1,KRW,1045.71,1.08,4,4,建筑工程,?? ?? ??,장식 몰딩,목재 장식 몰딩
070006,목재 평면 몰딩 25mm 이상,Material,Wood & Timber,m,1801.95,1801.95,1801.95,1801.95,1,KRW,1946.11,1.08,4,4,建筑工程,?? ?? ??,장식 몰딩,목재 장식 몰딩
070007,목재 평면 몰딩 60mm 내,Material,Wood & Timber,m,1614.55,1614.55,1614.55,1614.55,1,KRW,1743.71,1.08,4,4,建筑工程,?? ?? ??,장식 몰딩,목재 장식 몰딩
070008,목재 평면 몰딩 60mm 이상,Material,Wood & Timber,m,2883.12,2883.12,2883.12,2883.12,1,KRW,3113.77,1.08,4,4,建筑工程,?? ?? ??,장식 몰딩,목재 장식 몰딩
070009,내부용 목재 몰딩 60mm,Material,Wood & Timber,m,1936.5,1936.5,1936.5,1936.5,1,KRW,2091.42,1.08,4,4,建筑工程,?? ?? ??,장식 몰딩,목재 장식 몰딩
070010,목재 몰딩 60mm 이상,Material,Wood & Timber,m,3603.91,3603.91,3603.91,3603.91,1,KRW,3892.22,1.08,4,4,建筑工程,?? ?? ??,장식 몰딩,목재 장식 몰딩
070011,내부용 20mm 목재 몰딩,Material,Wood & Timber,m,860.13,860.13,860.13,860.13,1,KRW,928.94,1.08,4,4,建筑工程,?? ?? ??,장식 몰딩,목재 장식 몰딩
070012,20mm 이상 목재 몰딩,Material,Wood & Timber,m,1741.89,1741.89,1741.89,1741.89,1,KRW,1881.24,1.08,4,4,建筑工程,?? ?? ??,장식 몰딩,목재 장식 몰딩
070089,내부용 15mm 목재 거울 몰딩,Material,Wood & Timber,m,432.47,432.47,432.47,432.47,1,KRW,467.07,1.08,4,4,建筑工程,?? ?? ??,장식 몰딩,목재 장식 몰딩
070087,목재 거울 몰딩 40mm 내부용,Material,Wood & Timber,m,1441.56,1441.56,1441.56,1441.56,1,KRW,1556.89,1.08,4,4,建筑工程,?? ?? ??,장식 몰딩,목재 장식 몰딩
070088,목재 거울 몰딩 40mm 이상,Material,Wood & Timber,m,2402.6,2402.6,2402.6,2402.6,1,KRW,2594.81,1.08,4,4,建筑工程,?? ?? ??,장식 몰딩,목재 장식 몰딩
070098,목재 거울 몰딩,Material,Wood & Timber,m,1352.67,1352.67,1352.67,1352.67,1,KRW,1460.88,1.08,4,4,建筑工程,?? ?? ??,장식 몰딩,목재 장식 몰딩
110446,아스팔트 방수 코팅,Material,Waterproofing,kg,3123.38,3123.38,3123.38,3123.38,1,KRW,3767.9,1.2063,4,4,建筑工程,?? ? ?? ??,?? ?? ? ?? ??,지붕 코팅 방수
100081,수성 접착 방수 코팅,Material,Waterproofing,kg,3123.38,3123.38,3123.38,3123.38,1,KRW,7104.14,2.2745,4,4,建筑工程,?? ? ?? ??,?? ?? ? ?? ??,지붕 코팅 방수
070018,목재 원형 몰딩,Material,Wood & Timber,pcs,538.18,538.18,538.18,538.18,1,KRW,581.24,1.08,4,4,建筑工程,?? ?? ??,장식 몰딩,목재 장식 몰딩
070019,목재 무늬 인레이 몰딩 250mm 내,Material,Wood & Timber,pcs,2883.12,2883.12,2883.12,2883.12,1,KRW,3113.77,1.08,4,4,建筑工程,?? ?? ??,장식 몰딩,목재 장식 몰딩
070020,목재 무늬 인레이 몰딩 250mm 이상,Material,Wood & Timber,pcs,7688.33,7688.33,7688.33,7688.33,1,KRW,8303.4,1.08,4,4,建筑工程,?? ?? ??,장식 몰딩,목재 장식 몰딩
070076,150mm 화강암 장식 몰딩 내부,Material,General,m,8889.63,8889.63,8889.63,8889.63,1,KRW,9600.8,1.08,4,4,建筑工程,?? ?? ??,장식 몰딩,석재 장식 몰딩
070077,화강암 장식 몰딩 150mm 이상,Material,General,m,10691.59,10691.59,10691.59,10691.59,1,KRW,11546.91,1.08,4,4,建筑工程,?? ?? ??,장식 몰딩,석재 장식 몰딩
380045,강철 프레임,Material,Steel & Metal,t,1537666.38,1537666.38,1537666.38,1537666.38,1,KRW,1537666.38,1.0,4,4,建筑工程,????? ??,강철 골조,
380046,평면 강관 프레임,Material,Steel & Metal,t,1922082.97,1922082.97,1922082.97,1922082.97,1,KRW,1922082.97,1.0,4,4,建筑工程,????? ??,강철 골조,
380047,수직면 강관 프레임,Material,Steel & Metal,t,1982148.07,1982148.07,1982148.07,1982148.07,1,KRW,1982148.07,1.0,4,4,建筑工程,????? ??,강철 골조,
380048,틀,Material,General,t,1645783.55,1645783.55,1645783.55,1645783.55,1,KRW,1645783.55,1.0,4,4,建筑工程,????? ??,강철 골조,
380049,강철 프레임,Material,Steel & Metal,t,1645783.55,1645783.55,1645783.55,1645783.55,1,KRW,1645783.55,1.0,4,4,建筑工程,????? ??,강철 골조,
380075,강판 바닥 슬래브 6mm,Material,Steel & Metal,m2,71357.33,71357.33,71357.33,71357.33,1,KRW,79682.35,1.1167,4,4,建筑工程,????? ??,"강판 바닥 슬래브, 벽 슬래브",
070111,완성품 GRC 장식 기둥 400,Material,General,pcs,65398.87,65398.87,65398.87,65398.87,1,KRW,65398.87,1.0,4,4,建筑工程,"? ? ?? ??, ??? ? ???",??(?) ?? ??,완성된 제품 장식 기둥
070112,완성품 GRC 장식 기둥 600,Material,General,pcs,71933.96,71933.96,71933.96,71933.96,1,KRW,71933.96,1.0,4,4,建筑工程,"? ? ?? ??, ??? ? ???",??(?) ?? ??,완성된 제품 장식 기둥
030027,목재 키,Material,Wood & Timber,m3,432468.67,432468.67,432468.67,432468.67,1,KRW,1902.86,0.0044,4,4,建筑工程,?? ??,천장 장식,
100256,높이 폴리 0.8mm 두께,Material,General,m2,6487.03,6487.03,6487.03,6487.03,1,KRW,7168.17,1.105,4,4,建筑工程,?? ? ?? ??,?? ?? ? ?? ??,지붕 방수
010132,아연도금,Material,General,m2,5045.47,5045.47,5045.47,5045.47,1,KRW,6362.33,1.261,4,4,建筑工程,?? ? ?? ??,,프로파일 및 기타 지붕 자재
120118,슬래브,Material,General,m2,48052.07,48052.07,48052.07,48052.07,1,KRW,48772.86,1.015,4,4,建筑工程,?? ? ?? ??,,프로파일 및 기타 지붕 자재
090485,스테인리스 강,Material,Steel & Metal,pcs,153.77,153.77,153.77,153.77,1,KRW,492.05,3.2,4,4,建筑工程,?? ?? ??,장식 몰딩,석재 장식 몰딩
090279,임팩트 드릴,Material,General,pcs,2215.2,2215.2,2215.2,2215.2,1,KRW,177.22,0.08,4,4,建筑工程,?? ?? ??,장식 몰딩,석재 장식 몰딩
070023,석고 몰딩 (몰딩) 100mm 내,Material,General,m,888.96,888.96,888.96,888.96,1,KRW,915.63,1.03,4,4,建筑工程,?? ?? ??,장식 몰딩,석고 장식 몰딩
070024,석고 몰딩 (몰딩) 100mm 이상,Material,General,m,1465.59,1465.59,1465.59,1465.59,1,KRW,1509.56,1.03,4,4,建筑工程,?? ?? ??,장식 몰딩,석고 장식 몰딩
070025,석고 몰딩 100mm 내부용,Material,General,m,1105.2,1105.2,1105.2,1105.2,1,KRW,1138.35,1.03,4,4,建筑工程,?? ?? ??,장식 몰딩,석고 장식 몰딩
070026,석고 몰딩 100mm 이상,Material,General,m,1729.87,1729.87,1729.87,1729.87,1,KRW,1781.77,1.03,4,4,建筑工程,?? ?? ??,장식 몰딩,석고 장식 몰딩
130055,복합 폴리 5,Material,General,m2,3219.49,3219.49,3219.49,3219.49,1,KRW,3380.46,1.05,4,4,建筑工程,?? ? ?? ??,방수 보호층,
070102,완성된 대리석 기둥 높이 500mm 내,Material,General,pcs,60906.0,60906.0,60906.0,60906.0,1,KRW,60906.0,1.0,4,4,建筑工程,"? ? ?? ??, ??? ? ???",??(?) ?? ??,완성된 제품 장식 기둥
070107,완성된 목재 기둥 높이 250mm 내,Material,Wood & Timber,pcs,134617.89,134617.89,134617.89,134617.89,1,KRW,134617.89,1.0,4,4,建筑工程,"? ? ?? ??, ??? ? ???",??(?) ?? ??,완성된 제품 장식 기둥
070108,완성된 목재 기둥 높이 250mm 초과,Material,Wood & Timber,pcs,236848.67,236848.67,236848.67,236848.67,1,KRW,236848.67,1.0,4,4,建筑工程,"? ? ?? ??, ??? ? ???",??(?) ?? ??,완성된 제품 장식 기둥
090003,단일 수직 25 내,Material,General,pcs,201.82,201.82,201.82,201.82,1,KRW,166.5,0.825,4,4,建筑工程,"?? ?? ?? - ?10? ??, ??, ??, ??",,
100034,접착제 슬래브 1 3,Material,General,kg,2186.37,2186.37,2186.37,2186.37,1,KRW,71.06,0.0325,4,4,建筑工程,"?? ?? ?? - ?10? ??, ??, ??, ??",,
300035,아연 도금 앵글 강재,Material,Steel & Metal,pair,2714.94,2714.94,2714.94,2714.94,1,KRW,46615.56,17.17,4,4,建筑工程,?? ?? ?? - ?11? ???? ? ??,,
300110,몰딩 3×65×57/2.5×65×49,Material,General,pcs,706.37,706.37,706.37,706.37,1,KRW,4637.29,6.565,4,4,建筑工程,?? ?? ?? - ?11? ???? ? ??,,
800404,슬러리 믹서 0.6m3,Equipment,General,machine-shift,15160.43,15160.43,15160.43,15160.43,1,KRW,257.73,0.017,4,4,建筑工程,?? ?? ? ?? ??,,
070147,내부 20mm 알루미늄 몰딩,Material,General,m,744.81,744.81,744.81,744.81,1,KRW,767.15,1.03,4,4,建筑工程,?? ?? ??,장식 몰딩,알루미늄 장식 몰딩
070136,알루미늄 몰딩 20mm 이상,Material,General,m,961.04,961.04,961.04,961.04,1,KRW,989.87,1.03,4,4,建筑工程,?? ?? ??,장식 몰딩,알루미늄 장식 몰딩
070145,내부 60mm 알루미늄 몰딩,Material,General,m,1994.16,1994.16,1994.16,1994.16,1,KRW,2053.99,1.03,4,4,建筑工程,?? ?? ??,장식 몰딩,알루미늄 장식 몰딩
070146,알루미늄 몰딩 60mm 이상,Material,General,m,2402.6,2402.6,2402.6,2402.6,1,KRW,2474.68,1.03,4,4,建筑工程,?? ?? ??,장식 몰딩,알루미늄 장식 몰딩
070037,내부 60mm PVC 표면 몰딩,Material,General,m,2883.12,2883.12,2883.12,2883.12,1,KRW,2969.62,1.03,4,4,建筑工程,?? ?? ??,장식 몰딩,장식 몰딩
070038,PVC 표면 몰딩 60mm 이상,Material,General,m,4324.69,4324.69,4324.69,4324.69,1,KRW,4454.43,1.03,4,4,建筑工程,?? ?? ??,장식 몰딩,장식 몰딩
280267,아연 도금 강관 접합 125,Material,Steel & Metal,pcs,3748.06,3748.06,3748.06,3748.06,1,KRW,308.83,0.0824,4,4,建筑工程,?? ?? ?? - ?4? ???? ??,,???? ??
280268,아연도강관 이음 150,Material,Steel & Metal,pcs,4468.84,4468.84,4468.84,4468.84,1,KRW,368.22,0.0824,4,4,建筑工程,?? ?? ?? - ?4? ???? ??,,???? ??
280404,JDG(KBG) 스플라이스 15,Material,General,pcs,336.36,336.36,336.36,336.36,1,KRW,55.43,0.1648,4,4,建筑工程,?? ?? ?? - ?4? ???? ??,,() 강관
280405,JDG(KBG) 스플라이스 20,Material,General,pcs,408.44,408.44,408.44,408.44,1,KRW,67.32,0.1648,4,4,建筑工程,?? ?? ?? - ?4? ???? ??,,() 강관
280406,JDG(KBG) 스플라이스 25,Material,General,pcs,528.57,528.57,528.57,528.57,1,KRW,87.12,0.1648,4,4,建筑工程,?? ?? ?? - ?4? ???? ??,,() 강관
280407,JDG(KBG) 스플라이스 32,Material,General,pcs,768.83,768.83,768.83,768.83,1,KRW,126.71,0.1648,4,4,建筑工程,?? ?? ?? - ?4? ???? ??,,() 강관
090101,볼트 12×(20 35) 포함,Material,Fasteners,set,115.32,115.32,115.32,115.32,1,KRW,475.14,4.12,4,4,建筑工程,"?? ?? ?? - ?10? ??, ??, ??, ??",설치,
100318,접착 바닥막,Material,Waterproofing,m2,57662.49,57662.49,57662.49,57662.49,1,KRW,58815.74,1.02,4,4,建筑工程,?? ?? ??,마감층,
120008,폴리 그라운드 슬래브,Material,General,m2,4060.4,4060.4,4060.4,4060.4,1,KRW,4141.61,1.02,4,4,建筑工程,?? ?? ??,마감층,
070090,GRC 처마 몰딩 슬래브 550×550 내장,Material,General,m,46562.46,46562.46,46562.46,46562.46,1,KRW,47493.71,1.02,4,4,建筑工程,?? ?? ??,장식 몰딩,GRC 장식 몰딩
070091,GRC 처마 몰딩 슬래브 550×550 이상,Material,General,m,64101.47,64101.47,64101.47,64101.47,1,KRW,65383.5,1.02,4,4,建筑工程,?? ?? ??,장식 몰딩,GRC 장식 몰딩
070092,GRC 몰딩 슬래브 400×400 내장,Material,General,m,32290.99,32290.99,32290.99,32290.99,1,KRW,32936.81,1.02,4,4,建筑工程,?? ?? ??,장식 몰딩,GRC 장식 몰딩
070093,GRC 몰딩 슬래브 400×400 이상,Material,General,m,49998.18,49998.18,49998.18,49998.18,1,KRW,50998.15,1.02,4,4,建筑工程,?? ?? ??,장식 몰딩,GRC 장식 몰딩
110226,접착제,Material,General,kg,360.39,360.39,360.39,360.39,1,KRW,99.11,0.275,4,4,建筑工程,?? ?? ??,장식 몰딩,GRC 장식 몰딩
070094,GRC 1200×400 내,Material,General,pcs,11532.5,11532.5,11532.5,11532.5,1,KRW,11763.15,1.02,4,4,建筑工程,?? ?? ??,장식 몰딩,GRC 장식 몰딩
370171,강철 평창문,Material,Steel & Metal,m2,21623.43,21623.43,21623.43,21623.43,1,KRW,21623.43,1.0,4,4,建筑工程,? ? ?? ??,금속 창문,
370172,강철 창문,Material,Steel & Metal,m2,19220.83,19220.83,19220.83,19220.83,1,KRW,19220.83,1.0,4,4,建筑工程,? ? ?? ??,금속 창문,
850068,10Gb/s,Equipment,General,machine-shift,489842.85,489842.85,489842.85,489842.85,1,KRW,244921.42,0.5,4,4,建筑工程,?? ?? ?? - ?11? ???? ? ??,,
850084,155Mb/s,Equipment,General,machine-shift,134452.11,134452.11,134452.11,134452.11,1,KRW,67226.05,0.5,4,4,建筑工程,?? ?? ?? - ?11? ???? ? ??,"망 종류, 망",
850237,"10Hz 12.4GHz, 20dB",Equipment,General,machine-shift,39642.96,39642.96,39642.96,39642.96,1,KRW,20317.02,0.5125,4,4,建筑工程,?? ?? ?? - ?11? ???? ? ??,,
090890,M8×50 아연 도금 못,Material,Fasteners,set,153.77,153.77,153.77,153.77,1,KRW,2717.83,17.675,4,4,建筑工程,?? ?? ?? - ?11? ???? ? ??,,
090235,아연 도금 강선 12,Material,Steel & Metal,kg,1328.64,1328.64,1328.64,1328.64,1,KRW,1.32,0.001,4,4,建筑工程,?? ?? ??,,
810103,강 모르타르,Material,Concrete & Cement,m3,450562.68,450562.68,450562.68,450562.68,1,KRW,14327.9,0.0318,4,4,建筑工程,?? ?? ??,,
810104,1: 2.5 시멘트 모르타르,Material,Concrete & Cement,m3,142777.13,142777.13,142777.13,142777.13,1,KRW,1806.13,0.0126,4,4,建筑工程,?? ?? ??,,
110456,폴리우레탄 평면 없음,Material,General,kg,9610.41,9610.41,9610.41,9610.41,1,KRW,3474.16,0.3615,4,4,建筑工程,?? ?? ??,,
110457,평탄하지 않음,Material,General,kg,7928.59,7928.59,7928.59,7928.59,1,KRW,2866.19,0.3615,4,4,建筑工程,?? ?? ??,,
380076,강판 바닥 슬래브 1mm,Material,Steel & Metal,m2,11892.89,11892.89,11892.89,11892.89,1,KRW,11892.89,1.0,4,4,建筑工程,????? ??,"강판 바닥 슬래브, 벽 슬래브",
800035,DC 용접기 복합기,Equipment,Welding Equip.,machine-shift,4588.97,4588.97,4588.97,4588.97,1,KRW,284.51,0.062,4,4,建筑工程,????? ??,"강판 바닥 슬래브, 벽 슬래브",
800053,커터 100,Equipment,General,machine-shift,2811.05,2811.05,2811.05,2811.05,1,KRW,39.35,0.014,4,4,建筑工程,????? ??,"강판 바닥 슬래브, 벽 슬래브",
280250,용접 강관 이음 125,Material,Steel & Metal,pcs,3267.54,3267.54,3267.54,3267.54,1,KRW,328.14,0.1004,4,4,建筑工程,?? ?? ?? - ?4? ???? ??,,?? ??
280251,용접 강관 접합 150,Material,Steel & Metal,pcs,3916.24,3916.24,3916.24,3916.24,1,KRW,393.28,0.1004,4,4,建筑工程,?? ?? ?? - ?4? ???? ??,,?? ??
070039,PVC 표면 몰딩 20mm 내,Material,General,m,840.91,840.91,840.91,840.91,1,KRW,866.14,1.03,4,4,建筑工程,?? ?? ??,장식 몰딩,장식 몰딩
070040,PVC 표면 몰딩 20mm 이상,Material,General,m,1441.56,1441.56,1441.56,1441.56,1,KRW,1484.81,1.03,4,4,建筑工程,?? ?? ??,장식 몰딩,장식 몰딩
070068,장식용 스트립 30mm 내부,Material,General,m,288.31,288.31,288.31,288.31,1,KRW,296.96,1.03,4,4,建筑工程,?? ?? ??,장식 몰딩,장식 몰딩
070069,장식용 스트립 30mm 이상,Material,General,m,840.91,840.91,840.91,840.91,1,KRW,866.14,1.03,4,4,建筑工程,?? ?? ??,장식 몰딩,장식 몰딩
070070,내부 30mm 몰딩,Material,General,m,480.52,480.52,480.52,480.52,1,KRW,494.94,1.03,4,4,建筑工程,?? ?? ??,장식 몰딩,장식 몰딩
070071,세라믹 타일 몰딩 30mm 내장,Material,General,m,192.21,192.21,192.21,192.21,1,KRW,197.97,1.03,4,4,建筑工程,?? ?? ??,장식 몰딩,장식 몰딩
080284,표면 커튼월 케일 및,Material,General,m2,360390.56,360390.56,360390.56,360390.56,1,KRW,540585.84,1.5,4,4,建筑工程,"? ? ?? ??, ??? ? ???",??? ??,유리 커튼월
280247,용접 강관 이음 70,Material,Steel & Metal,pcs,1095.59,1095.59,1095.59,1095.59,1,KRW,169.26,0.1545,4,4,建筑工程,?? ?? ?? - ?4? ???? ??,,?? ??
110140,401 접착제,Material,General,kg,2522.73,2522.73,2522.73,2522.73,1,KRW,821.16,0.3255,4,4,建筑工程,?? ??,?? ?? ? ?? ??,천장 마감층
070095,GRC 1200×400 이상,Material,General,pcs,17298.75,17298.75,17298.75,17298.75,1,KRW,17644.72,1.02,4,4,建筑工程,?? ?? ??,장식 몰딩,GRC 장식 몰딩
070096,GRC 형 문 창 장식 1500×540 내,Material,Glass,pcs,56893.66,56893.66,56893.66,56893.66,1,KRW,58031.53,1.02,4,4,建筑工程,?? ?? ??,장식 몰딩,GRC 장식 몰딩
070097,GRC 형 도어 창문 장식 1500×540 초과,Material,Glass,pcs,68282.0,68282.0,68282.0,68282.0,1,KRW,69647.64,1.02,4,4,建筑工程,?? ?? ??,장식 몰딩,GRC 장식 몰딩
090395,난간 (포함),Material,General,m2,62467.7,62467.7,62467.7,62467.7,1,KRW,58604.07,0.9382,4,4,建筑工程,?? ?? ??,"???, ??, ??? ??","?? ???, ??, ???"
080234,장식용 석고보드 600×600×12,Material,Wood & Timber,m2,6847.42,6847.42,6847.42,6847.42,1,KRW,6984.37,1.02,4,4,建筑工程,?? ??,?? ?? ? ?? ??,천장 마감층
370173,강철 고정 창문,Material,Steel & Metal,m2,19220.83,19220.83,19220.83,19220.83,1,KRW,19220.83,1.0,4,4,建筑工程,? ? ?? ??,금속 창문,
370177,알루미늄 합금 - 형상 창문,Material,Glass,m2,21623.43,21623.43,21623.43,21623.43,1,KRW,21623.43,1.0,4,4,建筑工程,? ? ?? ??,금속 창문,
150056,양면 접착제,Material,General,m2,300.33,300.33,300.33,300.33,1,KRW,66.79,0.2224,4,4,建筑工程,?? ??,?? ?? ? ?? ??,천장 마감층
090079,록 너트 70,Material,Fasteners,pcs,245.07,245.07,245.07,245.07,1,KRW,34.71,0.1416,4,4,建筑工程,?? ?? ?? - ?4? ???? ??,,?? ??
280248,용접 강관 이음 80,Material,Steel & Metal,pcs,1513.64,1513.64,1513.64,1513.64,1,KRW,233.85,0.1545,4,4,建筑工程,?? ?? ?? - ?4? ???? ??,,?? ??
280249,용접 강관 이음 100,Material,Steel & Metal,pcs,2402.6,2402.6,2402.6,2402.6,1,KRW,371.2,0.1545,4,4,建筑工程,?? ?? ?? - ?4? ???? ??,,?? ??
010116,아연 도금 전기 몰딩 20,Material,General,m,1614.55,1614.55,1614.55,1614.55,1,KRW,1662.99,1.03,4,4,建筑工程,?? ?? ?? - ?4? ???? ??,,
280253,아연도금 전기 몰딩 접속 20,Material,General,pcs,165.78,165.78,165.78,165.78,1,KRW,27.32,0.1648,4,4,建筑工程,?? ?? ?? - ?4? ???? ??,,
010117,아연 도금 전기 몰딩 25,Material,General,m,2186.37,2186.37,2186.37,2186.37,1,KRW,2251.96,1.03,4,4,建筑工程,?? ?? ?? - ?4? ???? ??,,
280254,아연도금 전기 몰딩 접합 25,Material,General,pcs,362.79,362.79,362.79,362.79,1,KRW,59.78,0.1648,4,4,建筑工程,?? ?? ?? - ?4? ???? ??,,
010118,아연도금 전기 몰딩 32,Material,General,m,2787.02,2787.02,2787.02,2787.02,1,KRW,2870.63,1.03,4,4,建筑工程,?? ?? ?? - ?4? ???? ??,,
080238,길이 알루미늄 합금 스트립 슬래브,Material,General,m2,12998.09,12998.09,12998.09,12998.09,1,KRW,12623.74,0.9712,4,4,建筑工程,?? ??,?? ?? ? ?? ??,천장 마감층
091446,스트립,Material,General,kg,2883.12,2883.12,2883.12,2883.12,1,KRW,368.03,0.1276,4,4,建筑工程,?? ?? ??,"???, ??, ??? ??","?? ???, ??, ???"
120064,손잡이대,Material,General,m,3772.09,3772.09,3772.09,3772.09,1,KRW,4205.88,1.115,4,4,建筑工程,?? ?? ??,"???, ??, ??? ??",손잡이대
080242,알루미늄 합금 스트립 슬래브,Material,General,m,1441.56,1441.56,1441.56,1441.56,1,KRW,12368.6,8.58,4,4,建筑工程,?? ??,?? ?? ? ?? ??,천장 마감층
080243,알루미늄 합금 스트립 슬래브 길이,Material,General,pcs,240.26,240.26,240.26,240.26,1,KRW,814.48,3.39,4,4,建筑工程,?? ??,?? ?? ? ?? ??,천장 마감층
090304,스테인리스 강 못,Material,Steel & Metal,kg,3171.44,3171.44,3171.44,3171.44,1,KRW,21.58,0.0068,4,4,建筑工程,?? ??,?? ?? ? ?? ??,천장 마감층
180142,평탄 (1.6MPa) 50,Material,General,pcs,5237.68,5237.68,5237.68,5237.68,1,KRW,7856.51,1.5,4,4,建筑工程,"?? ?? ?? - ?10? ??, ??, ??, ??",수 water,물 ()
180143,평탄 (1.6MPa) 70,Material,General,pcs,6919.5,6919.5,6919.5,6919.5,1,KRW,12109.12,1.75,4,4,建筑工程,"?? ?? ?? - ?10? ??, ??, ??, ??",수 water,물 ()
180144,평탄 (1.6MPa) 80,Material,General,pcs,7424.05,7424.05,7424.05,7424.05,1,KRW,11136.07,1.5,4,4,建筑工程,"?? ?? ?? - ?10? ??, ??, ??, ??",수 water,물 ()
180145,평탄 (1.6MPa) 100,Material,General,pcs,9634.44,9634.44,9634.44,9634.44,1,KRW,14451.66,1.5,4,4,建筑工程,"?? ?? ?? - ?10? ??, ??, ??, ??",수 water,물 ()
180147,평면 (1.6MPa) 150,Material,General,pcs,16529.91,16529.91,16529.91,16529.91,1,KRW,24794.87,1.5,4,4,建筑工程,"?? ?? ?? - ?10? ??, ??, ??, ??",수 water,물 ()
800291,로더 (복합),Equipment,General,machine-shift,130173.07,130173.07,130173.07,130173.07,1,KRW,9242.29,0.071,4,4,建筑工程,?? ??,기초 말뚝,
010115,아연 도금 전기 몰딩 15,Material,General,m,1220.52,1220.52,1220.52,1220.52,1,KRW,1257.14,1.03,4,4,建筑工程,?? ?? ?? - ?4? ???? ??,,
280252,아연도금 전기 몰딩 접합 15,Material,General,pcs,158.57,158.57,158.57,158.57,1,KRW,26.14,0.1648,4,4,建筑工程,?? ?? ?? - ?4? ???? ??,,
220003,스플라이스 15,Material,General,pcs,1018.7,1018.7,1018.7,1018.7,1,KRW,1028.89,1.01,4,4,建筑工程,"?? ?? ?? - ?10? ??, ??, ??, ??",,
100291,금속 석재 80,Material,Steel & Metal,pcs,12445.49,12445.49,12445.49,12445.49,1,KRW,25637.7,2.06,4,4,建筑工程,"?? ?? ?? - ?10? ??, ??, ??, ??",,설치
080214,알루미늄 합금 스트립 슬래브 천장 벽 슬래브 MK1,Material,General,m,1225.33,1225.33,1225.33,1225.33,1,KRW,680.8,0.5556,4,4,建筑工程,?? ??,?? ?? ? ?? ??,천장 마감층
080215,길이 스트립 슬래브 천장 벽 슬래브 KB1,Material,General,m,1025.91,1025.91,1025.91,1025.91,1,KRW,523.22,0.51,4,4,建筑工程,?? ??,?? ?? ? ?? ??,천장 마감층
300029,아연도금 앵글 강재 63×63×6×2100,Material,Steel & Metal,pcs,16722.12,16722.12,16722.12,16722.12,1,KRW,33544.58,2.006,4,4,建筑工程,?? ?? ?? - ?4? ???? ??,,설치
300036,아연도금 각형강 수직 63×63×6×650,Material,Steel & Metal,pcs,4348.71,4348.71,4348.71,4348.71,1,KRW,7633.08,1.7552,4,4,建筑工程,?? ?? ?? - ?4? ???? ??,,설치
080286,표면 커튼월 케일 및,Material,General,m2,600650.93,600650.93,600650.93,600650.93,1,KRW,1261366.95,2.1,4,4,建筑工程,"? ? ?? ??, ??? ? ???",??? ??,유리 커튼월
080287,평면 커튼월 케일 및,Material,General,m2,240260.37,240260.37,240260.37,240260.37,1,KRW,378410.09,1.575,4,4,建筑工程,"? ? ?? ??, ??? ? ???",??? ??,유리 커튼월
800030,수직 25,Equipment,General,machine-shift,23281.23,23281.23,23281.23,23281.23,1,KRW,552.93,0.0238,4,4,建筑工程,"? ? ?? ??, ??? ? ???",??? ??,유리 커튼월
800568,이중 커터,Equipment,General,machine-shift,3700.01,3700.01,3700.01,3700.01,1,KRW,212.75,0.0575,4,4,建筑工程,"? ? ?? ??, ??? ? ???",??? ??,유리 커튼월
800613,알루미늄 프로필 추가,Equipment,General,machine-shift,432468.67,432468.67,432468.67,432468.67,1,KRW,71357.33,0.165,4,4,建筑工程,"? ? ?? ??, ??? ? ???",??? ??,유리 커튼월
090912,확장 볼트 M12,Material,Fasteners,set,571.82,571.82,571.82,571.82,1,KRW,1307.58,2.2867,4,4,建筑工程,"? ? ?? ??, ??? ? ???",칸막이,금속 칸막이
100092,SBS 아스팔트 방수 코팅,Material,Waterproofing,kg,1561.69,1561.69,1561.69,1561.69,1,KRW,3514.9,2.2507,4,4,建筑工程,?? ? ?? ??,"??? ? ?? ??, ??",바닥 코팅 방수
100278,방수 코팅,Material,Waterproofing,kg,6727.29,6727.29,6727.29,6727.29,1,KRW,10807.06,1.6064,4,4,建筑工程,?? ? ?? ??,"??? ? ?? ??, ??",바닥 코팅 방수
110177,기판 준비,Material,General,kg,997.08,997.08,997.08,997.08,1,KRW,181.28,0.1818,4,4,建筑工程,?? ? ?? ??,"??? ? ?? ??, ??",바닥 코팅 방수
100119,높이 접착수,Material,Water,m,3219.49,3219.49,3219.49,3219.49,1,KRW,88.21,0.0274,4,4,建筑工程,?? ?? ? ?? ??,기초 굴착,"콘크리트 분사, 시멘트 모르타르"
810084,C20 석재 콘크리트,Material,Concrete & Cement,m3,63174.06,63174.06,63174.06,63174.06,1,KRW,4343.21,0.0687,4,4,建筑工程,?? ?? ? ?? ??,기초 굴착,"콘크리트 분사, 시멘트 모르타르"
090242,강선 와이어 메시,Material,Steel & Metal,m2,4324.69,4324.69,4324.69,4324.69,1,KRW,4540.92,1.05,4,4,建筑工程,?? ?? ? ?? ??,기초 굴착,"콘크리트 분사, 시멘트 모르타르"
390116,말뚝 300,Material,General,m,20422.13,20422.13,20422.13,20422.13,1,KRW,20830.57,1.02,4,4,建筑工程,?? ??,,
390117,말뚝 400,Material,General,m,30032.55,30032.55,30032.55,30032.55,1,KRW,30633.2,1.02,4,4,建筑工程,?? ??,,
390118,말뚝 500,Material,General,m,45649.47,45649.47,45649.47,45649.47,1,KRW,46562.46,1.02,4,4,建筑工程,?? ??,,
090379,스테인리스강 프레임,Material,Steel & Metal,set,33948.79,33948.79,33948.79,33948.79,1,KRW,33948.79,1.0,4,4,建筑工程,?? ?? ??,,(프레임)
080249,T자형 페인트용 케일 TBA24×28,Material,Paint & Coatings,m,850.52,850.52,850.52,850.52,1,KRW,2759.94,3.245,4,4,建筑工程,?? ??,?? ?? ? ?? ??,?? ???
080059,T자형 경량 강철 주형 TB24×32,Material,Steel & Metal,m,1314.22,1314.22,1314.22,1314.22,1,KRW,968.71,0.7371,4,4,建筑工程,?? ??,?? ?? ? ?? ??,?? ???
080060,T자형 경량 강철 주형 TB24×26,Material,Steel & Metal,m,1201.3,1201.3,1201.3,1201.3,1,KRW,3320.52,2.7641,4,4,建筑工程,?? ??,?? ?? ? ?? ??,?? ???
080075,키 TL22×22,Material,General,m,1057.15,1057.15,1057.15,1057.15,1,KRW,763.15,0.7219,4,4,建筑工程,?? ??,?? ?? ? ?? ??,?? ???
080100,T자형 경량 강철 켈 TB38-2,Material,Steel & Metal,pcs,136.95,136.95,136.95,136.95,1,KRW,499.49,3.6473,4,4,建筑工程,?? ??,?? ?? ? ?? ??,?? ???
080104,T자형 경량 강철 케일 TB14-2,Material,Steel & Metal,pcs,62.47,62.47,62.47,62.47,1,KRW,217.91,3.4884,4,4,建筑工程,?? ??,?? ?? ? ?? ??,?? ???
390119,말뚝 550,Material,General,m,50454.68,50454.68,50454.68,50454.68,1,KRW,51463.77,1.02,4,4,建筑工程,?? ??,,
800520,300T 말뚝,Equipment,General,machine-shift,515983.17,515983.17,515983.17,515983.17,1,KRW,2889.52,0.0056,4,4,建筑工程,?? ??,,
800521,500T 말뚝,Equipment,General,machine-shift,646949.1,646949.1,646949.1,646949.1,1,KRW,4075.78,0.0063,4,4,建筑工程,?? ??,,
090800,55%,Material,General,kg,21623.43,21623.43,21623.43,21623.43,1,KRW,6649.21,0.3075,4,4,建筑工程,?? ?? ?? - ?11? ???? ? ??,몰딩,
020021,전기 파일,Material,General,pcs,5261.7,5261.7,5261.7,5261.7,1,KRW,1894.57,0.3601,4,4,建筑工程,?? ?? ?? - ?4? ???? ??,"전기 배관, 슬래브(벽돌) 및 슬래브",지상 석재
110102,아스팔트 바니시,Material,Paint & Coatings,kg,2738.97,2738.97,2738.97,2738.97,1,KRW,41.08,0.015,4,4,建筑工程,?? ?? ?? - ?4? ???? ??,,
090971,스테인리스강 133,Material,Steel & Metal,m,32435.15,32435.15,32435.15,32435.15,1,KRW,162175.75,5.0,4,4,建筑工程,?? ?? ??,,금속
090972,스테인리스강 108,Material,Steel & Metal,m,22824.74,22824.74,22824.74,22824.74,1,KRW,102711.31,4.5,4,4,建筑工程,?? ?? ??,,금속
090970,스테인리스강 76,Material,Steel & Metal,m,15616.92,15616.92,15616.92,15616.92,1,KRW,62467.7,4.0,4,4,建筑工程,?? ?? ??,,금속
090617,높이 볼트,Material,Fasteners,pcs,4300.66,4300.66,4300.66,4300.66,1,KRW,17202.64,4.0,4,4,建筑工程,?? ?? ??,,금속
120130,0.2m2 내,Material,General,pcs,6727.29,6727.29,6727.29,6727.29,1,KRW,6794.56,1.01,4,4,建筑工程,?? ?? ??,,
120133,0.5m2 내,Material,General,pcs,20181.87,20181.87,20181.87,20181.87,1,KRW,20383.69,1.01,4,4,建筑工程,?? ?? ??,,
120135,1.0m2 내,Material,General,pcs,44928.69,44928.69,44928.69,44928.69,1,KRW,45377.98,1.01,4,4,建筑工程,?? ?? ??,,
120171,1.0m2 초과,Material,General,pcs,52617.02,52617.02,52617.02,52617.02,1,KRW,53143.19,1.01,4,4,建筑工程,?? ?? ??,,
100285,202 접착제 FSC-2,Material,General,kg,9610.41,9610.41,9610.41,9610.41,1,KRW,913.71,0.0951,4,4,建筑工程,?? ?? ??,,
090387,틀,Material,General,set,9850.68,9850.68,9850.68,9850.68,1,KRW,9850.68,1.0,4,4,建筑工程,?? ?? ??,,(프레임)
090384,스테인리스강 프레임,Material,Steel & Metal,set,15136.4,15136.4,15136.4,15136.4,1,KRW,15136.4,1.0,4,4,建筑工程,?? ?? ??,,(프레임)
090389,틀,Material,General,set,34357.23,34357.23,34357.23,34357.23,1,KRW,34357.23,1.0,4,4,建筑工程,?? ?? ??,,(프레임)
090444,아연 도금 고정,Material,General,pcs,240.26,240.26,240.26,240.26,1,KRW,1950.91,8.12,4,4,建筑工程,????? ??,금속,
090844,용접봉,Material,Welding Consumables,kg,1869.23,1869.23,1869.23,1869.23,1,KRW,363.93,0.1947,4,4,建筑工程,????? ??,금속,
090930,난간,Material,General,m2,40604.0,40604.0,40604.0,40604.0,1,KRW,40604.0,1.0,4,4,建筑工程,????? ??,금속,
090931,완성품 난간,Material,General,m2,44688.43,44688.43,44688.43,44688.43,1,KRW,44688.43,1.0,4,4,建筑工程,????? ??,금속,
090932,금속 메시 난간,Material,Steel & Metal,m2,22824.74,22824.74,22824.74,22824.74,1,KRW,22824.74,1.0,4,4,建筑工程,????? ??,금속,
020002,시멘트 52.5,Material,Concrete & Cement,kg,110.52,110.52,110.52,110.52,1,KRW,4193.5,37.9435,4,4,建筑工程,?? ?? ?? - ?4? ???? ??,"성형 및 제작, 설치",수중 기둥
150063,유리 1m2 초과 포함,Equipment,General,pcs,113066.53,113066.53,113066.53,113066.53,1,KRW,114197.2,1.01,4,4,建筑工程,?? ?? ??,,유리 포함
030134,내부 목재 0.2m2,Material,Wood & Timber,pcs,5766.25,5766.25,5766.25,5766.25,1,KRW,5823.91,1.01,4,4,建筑工程,?? ?? ??,,목재
150076,내부 목재 0.5m2,Material,Wood & Timber,pcs,7183.79,7183.79,7183.79,7183.79,1,KRW,7255.62,1.01,4,4,建筑工程,?? ?? ??,,목재
150075,목재 1m2 내,Material,Wood & Timber,pcs,28735.14,28735.14,28735.14,28735.14,1,KRW,29022.49,1.01,4,4,建筑工程,?? ?? ??,,목재
150074,목재 1m2 초과,Material,Wood & Timber,pcs,64966.4,64966.4,64966.4,64966.4,1,KRW,65616.07,1.01,4,4,建筑工程,?? ?? ??,,목재
150186,금속 0.2m2 내,Material,Steel & Metal,pcs,5525.99,5525.99,5525.99,5525.99,1,KRW,5581.25,1.01,4,4,建筑工程,?? ?? ??,,금속
150070,금속 0.5m2 내,Material,Steel & Metal,pcs,11988.99,11988.99,11988.99,11988.99,1,KRW,12108.88,1.01,4,4,建筑工程,?? ?? ??,,금속
150069,금속 1m2 내,Material,Steel & Metal,pcs,74024.22,74024.22,74024.22,74024.22,1,KRW,74764.46,1.01,4,4,建筑工程,?? ?? ??,,금속
150068,금속 1m2 초과,Material,Steel & Metal,pcs,110880.16,110880.16,110880.16,110880.16,1,KRW,111988.96,1.01,4,4,建筑工程,?? ?? ??,,금속
120137,0.2m2 내,Material,General,pcs,57662.49,57662.49,57662.49,57662.49,1,KRW,58239.11,1.01,4,4,建筑工程,?? ?? ??,,
120131,0.5m2 내,Material,General,pcs,91298.94,91298.94,91298.94,91298.94,1,KRW,92211.93,1.01,4,4,建筑工程,?? ?? ??,,
120132,1.0m2 내,Material,General,pcs,148961.43,148961.43,148961.43,148961.43,1,KRW,150451.04,1.01,4,4,建筑工程,?? ?? ??,,
120134,1.0m2 초과,Material,General,pcs,204221.32,204221.32,204221.32,204221.32,1,KRW,206263.53,1.01,4,4,建筑工程,?? ?? ??,,
120136,내부에 유리 0.2m2 포함,Equipment,General,pcs,7688.33,7688.33,7688.33,7688.33,1,KRW,7765.22,1.01,4,4,建筑工程,?? ?? ??,,유리 포함
150065,내부에 유리 0.5m2 포함,Equipment,General,pcs,12589.64,12589.64,12589.64,12589.64,1,KRW,12715.54,1.01,4,4,建筑工程,?? ?? ??,,유리 포함
150064,유리 1m2 포함,Equipment,General,pcs,50286.5,50286.5,50286.5,50286.5,1,KRW,50789.36,1.01,4,4,建筑工程,?? ?? ??,,유리 포함
150184,접착 테이프,Material,General,m,240.26,240.26,240.26,240.26,1,KRW,1506.05,6.2684,4,4,建筑工程,"? ? ?? ??, ??? ? ???",칸막이,금속 칸막이
050026,유리 19mm,Material,Glass,m2,204221.32,204221.32,204221.32,204221.32,1,KRW,198911.56,0.974,4,4,建筑工程,"? ? ?? ??, ??? ? ???",칸막이,유리 칸막이
080253,스테인리스 스틸 칸막이,Material,Steel & Metal,m2,100909.36,100909.36,100909.36,100909.36,1,KRW,100909.36,1.0,4,4,建筑工程,"? ? ?? ??, ??? ? ???",칸막이,유리 칸막이
080254,알루미늄 합금 유리 칸막이,Material,Glass,m2,57662.49,57662.49,57662.49,57662.49,1,KRW,57662.49,1.0,4,4,建筑工程,"? ? ?? ??, ??? ? ???",칸막이,유리 칸막이
080255,알루미늄 합금 유리 칸막이,Material,Glass,m2,52857.28,52857.28,52857.28,52857.28,1,KRW,52857.28,1.0,4,4,建筑工程,"? ? ?? ??, ??? ? ???",칸막이,유리 칸막이
090934,M4×12 볼트가 있는 스테인리스강,Material,Steel & Metal,set,288.31,288.31,288.31,288.31,1,KRW,2241.49,7.7745,4,4,建筑工程,"? ? ?? ??, ??? ? ???",칸막이,유리 칸막이
050047,유리 벽돌 145×145×80,Material,Glass,pcs,2642.86,2642.86,2642.86,2642.86,1,KRW,126328.9,47.8,4,4,建筑工程,"? ? ?? ??, ??? ? ???",칸막이,유리 칸막이
850095,TSB형,Equipment,General,machine-shift,7520.15,7520.15,7520.15,7520.15,1,KRW,12220.24,1.625,4,4,建筑工程,?? ?? ?? - ?4? ???? ??,고전압 전기,고전압 전기
850092,높이 GYB-,Equipment,General,machine-shift,2325.72,2325.72,2325.72,2325.72,1,KRW,3779.3,1.625,4,4,建筑工程,?? ?? ?? - ?4? ???? ??,고전압 전기,고전압 전기
280183,금속 50,Material,Steel & Metal,m,14703.93,14703.93,14703.93,14703.93,1,KRW,13998.15,0.952,4,4,建筑工程,?? ?? ?? - ?4? ???? ??,,
280185,금속 76,Material,Steel & Metal,m,23473.44,23473.44,23473.44,23473.44,1,KRW,22346.71,0.952,4,4,建筑工程,?? ?? ?? - ?4? ???? ??,,
280187,금속 101,Material,Steel & Metal,m,42910.5,42910.5,42910.5,42910.5,1,KRW,40850.8,0.952,4,4,建筑工程,?? ?? ?? - ?4? ???? ??,,
060017,화강암 판 0.25m2 초과,Material,General,m2,59968.99,59968.99,59968.99,59968.99,1,KRW,61168.37,1.02,4,4,建筑工程,?? ?? ??,장식용 계단,
060034,표면 화강암,Material,General,m2,38441.66,38441.66,38441.66,38441.66,1,KRW,39210.49,1.02,4,4,建筑工程,?? ?? ??,장식용 계단,
110186,석재 슬래브 양생,Material,General,kg,2342.54,2342.54,2342.54,2342.54,1,KRW,214.34,0.0915,4,4,建筑工程,?? ?? ??,바닥 타일,
110521,표면,Material,General,kg,24026.04,24026.04,24026.04,24026.04,1,KRW,9610.41,0.4,4,4,建筑工程,?? ?? ??,바닥 타일,
100020,접착식 바닥 타일,Material,General,m2,5477.94,5477.94,5477.94,5477.94,1,KRW,5587.5,1.02,4,4,建筑工程,?? ?? ??,마감층,
100026,접착제 기초판,Material,General,m2,5550.01,5550.01,5550.01,5550.01,1,KRW,5661.01,1.02,4,4,建筑工程,?? ?? ??,마감층,
080175,석고 중공 스트립 슬래브,Material,General,m2,12493.54,12493.54,12493.54,12493.54,1,KRW,13118.22,1.05,4,4,建筑工程,"? ? ?? ??, ??? ? ???",칸막이,칸막이
080161,석고 원형 스트립 슬래브,Material,General,m2,15857.18,15857.18,15857.18,15857.18,1,KRW,16650.04,1.05,4,4,建筑工程,"? ? ?? ??, ??? ? ???",칸막이,칸막이
080177,시멘트 스트립 슬래브,Material,Concrete & Cement,m2,10811.72,10811.72,10811.72,10811.72,1,KRW,11352.3,1.05,4,4,建筑工程,"? ? ?? ??, ??? ? ???",칸막이,칸막이
040203,석고 중공 블록 660×500×100,Material,General,m2,12013.02,12013.02,12013.02,12013.02,1,KRW,12613.67,1.05,4,4,建筑工程,"? ? ?? ??, ??? ? ???",칸막이,칸막이
080162,추가 콘크리트 스트립 슬래브,Material,Concrete & Cement,m2,16577.97,16577.97,16577.97,16577.97,1,KRW,17406.86,1.05,4,4,建筑工程,"? ? ?? ??, ??? ? ???",칸막이,칸막이
110779,높이 석고 접착제,Material,General,m3,300325.46,300325.46,300325.46,300325.46,1,KRW,2012.18,0.0067,4,4,建筑工程,"? ? ?? ??, ??? ? ???",칸막이,칸막이
390154,GRC 시멘트 벽판,Material,Concrete & Cement,m2,10811.72,10811.72,10811.72,10811.72,1,KRW,11352.3,1.05,4,4,建筑工程,"? ? ?? ??, ??? ? ???",칸막이,칸막이
390155,GRC 시멘트 벽판,Material,Concrete & Cement,m2,11532.5,11532.5,11532.5,11532.5,1,KRW,12109.12,1.05,4,4,建筑工程,"? ? ?? ??, ??? ? ???",칸막이,칸막이
800644,타워 크레인 450T M,Equipment,Cranes,machine-shift,506540.94,506540.94,506540.94,506540.94,1,KRW,2634.01,0.0052,4,4,建筑工程,?? ? ?? ??,?? ??,?? ??
370201,알루미늄 합금 도어,Material,General,m2,68474.21,68474.21,68474.21,68474.21,1,KRW,73952.14,1.08,4,4,建筑工程,"? ? ?? ??, ??? ? ???",칸막이,칸막이
080142,경량 강철 켈 LLQ-U7575×40,Material,Steel & Metal,m,2306.5,2306.5,2306.5,2306.5,1,KRW,1633.0,0.708,4,4,建筑工程,"? ? ?? ??, ??? ? ???",칸막이,칸막이
080143,경량 강철 케일 LLQ-C7575×50,Material,Steel & Metal,m,2811.05,2811.05,2811.05,2811.05,1,KRW,5175.14,1.841,4,4,建筑工程,"? ? ?? ??, ??? ? ???",칸막이,칸막이
080144,경량 강철 케일 QU-7577×40,Material,Steel & Metal,m,2618.84,2618.84,2618.84,2618.84,1,KRW,780.41,0.298,4,4,建筑工程,"? ? ?? ??, ??? ? ???",칸막이,칸막이
080145,경량 강철 케일 QC-7575×45/43,Material,Steel & Metal,m,3219.49,3219.49,3219.49,3219.49,1,KRW,5772.54,1.793,4,4,建筑工程,"? ? ?? ??, ??? ? ???",칸막이,칸막이
080146,용골 Q-130×12,Material,General,m,1155.65,1155.65,1155.65,1155.65,1,KRW,247.89,0.2145,4,4,建筑工程,"? ? ?? ??, ??? ? ???",칸막이,칸막이
080147,경량 강철 켈 쉐어링,Material,Steel & Metal,pcs,129.74,129.74,129.74,129.74,1,KRW,34.5,0.2659,4,4,建筑工程,"? ? ?? ??, ??? ? ???",칸막이,칸막이
800650,전기 높이 이중 (300 내),Equipment,General,machine-shift,139086.73,139086.73,139086.73,139086.73,1,KRW,987.51,0.0071,4,4,建筑工程,?? ? ?? ??,?? ??,?? ??
800647,타워 크레인 800T M,Equipment,Cranes,machine-shift,685847.26,685847.26,685847.26,685847.26,1,KRW,4869.51,0.0071,4,4,建筑工程,?? ? ?? ??,?? ??,?? ??
800648,타워 크레인 900T M,Equipment,Cranes,machine-shift,969258.39,969258.39,969258.39,969258.39,1,KRW,6978.66,0.0072,4,4,建筑工程,?? ? ?? ??,?? ??,?? ??
800704,전기 높이 이중 (400 내),Equipment,General,machine-shift,166404.33,166404.33,166404.33,166404.33,1,KRW,1189.79,0.0072,4,4,建筑工程,?? ? ?? ??,?? ??,?? ??
370050,강철 단일 평문 도어,Material,Steel & Metal,m2,91298.94,91298.94,91298.94,91298.94,1,KRW,91298.94,1.0,4,4,建筑工程,? ? ?? ??,금속문,
370051,강철 이중 평문 도어,Material,Steel & Metal,m2,108117.17,108117.17,108117.17,108117.17,1,KRW,108117.17,1.0,4,4,建筑工程,? ? ?? ??,금속문,
090616,일반 드릴 비트 4 6,Material,General,pcs,480.52,480.52,480.52,480.52,1,KRW,57.66,0.12,4,4,建筑工程,?? ?? ?? - ?4? ???? ??,고전압 전기설비,
090439,경첩,Material,General,pcs,1825.98,1825.98,1825.98,1825.98,1,KRW,2792.83,1.5295,4,4,建筑工程,? ? ?? ??,,
370007,목재 문,Material,Wood & Timber,m2,42045.57,42045.57,42045.57,42045.57,1,KRW,42045.57,1.0,4,4,建筑工程,? ? ?? ??,,
370008,목재 문 포함,Material,Wood & Timber,m2,48052.07,48052.07,48052.07,48052.07,1,KRW,48052.07,1.0,4,4,建筑工程,? ? ?? ??,,
370009,목재 문,Material,Wood & Timber,m2,182597.88,182597.88,182597.88,182597.88,1,KRW,182597.88,1.0,4,4,建筑工程,? ? ?? ??,,
370010,목재 문 포함,Material,Wood & Timber,m2,192208.3,192208.3,192208.3,192208.3,1,KRW,192208.3,1.0,4,4,建筑工程,? ? ?? ??,,
090502,아연 도금 못 M5,Equipment,General,set,40.84,40.84,40.84,40.84,1,KRW,166.64,4.08,4,4,建筑工程,?? ?? ?? - ?4? ???? ??,,
370052,강철 단일문,Material,Steel & Metal,m2,84091.13,84091.13,84091.13,84091.13,1,KRW,84091.13,1.0,4,4,建筑工程,? ? ?? ??,금속문,
370053,강철 이중문,Material,Steel & Metal,m2,100909.36,100909.36,100909.36,100909.36,1,KRW,100909.36,1.0,4,4,建筑工程,? ? ?? ??,금속문,
110040,석고 퍼티,Material,General,kg,583.83,583.83,583.83,583.83,1,KRW,386.49,0.662,4,4,建筑工程,"? ? ?? ??, ??? ? ???",칸막이,칸막이
080174,세람사이트 콘크리트 스트립 슬래브,Material,Concrete & Cement,m2,13214.32,13214.32,13214.32,13214.32,1,KRW,13875.04,1.05,4,4,建筑工程,"? ? ?? ??, ??? ? ???",칸막이,칸막이
800645,타워 크레인 500T M,Equipment,Cranes,machine-shift,549211.18,549211.18,549211.18,549211.18,1,KRW,2938.28,0.0054,4,4,建筑工程,?? ? ?? ??,?? ??,?? ??
800646,타워 크레인 600T M,Equipment,Cranes,machine-shift,627079.57,627079.57,627079.57,627079.57,1,KRW,4452.26,0.0071,4,4,建筑工程,?? ? ?? ??,?? ??,?? ??
800649,전기 높이 이중 (200 이내),Equipment,General,machine-shift,111745.1,111745.1,111745.1,111745.1,1,KRW,597.84,0.0054,4,4,建筑工程,?? ? ?? ??,?? ??,?? ??
110346,석탄 역청 페인트 L01-17,Material,Paint & Coatings,kg,1958.12,1958.12,1958.12,1958.12,1,KRW,1133.27,0.5788,4,4,建筑工程,"?? ?? ?? - ?12? ??, ??, ??",금속 접합 구조 브러싱,
110835,도장,Material,General,kg,4084.43,4084.43,4084.43,4084.43,1,KRW,1837.99,0.45,4,4,建筑工程,"??, ?? ? ?? ??",?? ? ? ??,?? ??? ??
110200,유화 페인트,Material,Paint & Coatings,kg,1705.85,1705.85,1705.85,1705.85,1,KRW,281.47,0.165,4,4,建筑工程,"??, ?? ? ?? ??",?? ? ? ??,?? ??? ??
100038,바닥 접착제,Material,General,m2,4012.35,4012.35,4012.35,4012.35,1,KRW,4413.58,1.1,4,4,建筑工程,?? ?? ??,마감층,바닥
150189,지반 (),Material,General,m2,16818.23,16818.23,16818.23,16818.23,1,KRW,17659.14,1.05,4,4,建筑工程,?? ?? ??,마감층,바닥
150327,지반 (),Material,General,m2,12013.02,12013.02,12013.02,12013.02,1,KRW,12613.67,1.05,4,4,建筑工程,?? ?? ??,마감층,바닥
100369,NSJ 방청 코팅,Material,General,kg,6150.67,6150.67,6150.67,6150.67,1,KRW,1365.45,0.222,4,4,建筑工程,"?? ?? ?? - ?12? ??, ??, ??",,
110487,수성 시멘트 페인트,Material,Concrete & Cement,kg,4757.16,4757.16,4757.16,4757.16,1,KRW,1873.36,0.3938,3,3,建筑工程,"??, ?? ? ?? ??",?? ? ? ??,천장 마감층 도장
120004,폴리우레탄,Material,General,m3,172987.47,172987.47,172987.47,172987.47,1,KRW,7265.47,0.042,3,3,建筑工程,"??, ?? ? ?? ??",,
150041,및,Material,General,m2,14583.8,14583.8,14583.8,14583.8,1,KRW,17500.57,1.2,3,3,建筑工程,"??, ?? ? ?? ??",,
110489,접착제,Material,General,kg,5285.73,5285.73,5285.73,5285.73,1,KRW,951.43,0.18,3,3,建筑工程,"??, ?? ? ?? ??",,
800206,슬래브 20×2500,Equipment,General,machine-shift,23497.46,23497.46,23497.46,23497.46,1,KRW,23.5,0.001,3,3,建筑工程,?? ?? ?? - ?7? ?? ? ??,,
110109,접착제,Material,General,kg,8841.58,8841.58,8841.58,8841.58,1,KRW,1768.32,0.2,3,3,建筑工程,?? ?? ?? - ?7? ?? ? ??,,
120044,페놀 수지,Material,General,pcs,96.1,96.1,96.1,96.1,1,KRW,305.61,3.18,3,3,建筑工程,?? ?? ?? - ?7? ?? ? ??,,
180640,폴리,Material,General,kg,4324.69,4324.69,4324.69,4324.69,1,KRW,2139.28,0.4947,3,3,建筑工程,?? ? ?? ??,??,방청 도장
090330,금속 몰딩,Material,Steel & Metal,m,7688.33,7688.33,7688.33,7688.33,1,KRW,7918.98,1.03,3,3,建筑工程,?? ?? ??,걸레받이,
060201,기판 슬래브,Material,General,m,1201.3,1201.3,1201.3,1201.3,1,KRW,1237.34,1.03,3,3,建筑工程,?? ?? ??,걸레받이,
110507,높이 코팅,Material,General,kg,6246.77,6246.77,6246.77,6246.77,1,KRW,7589.83,1.215,3,3,建筑工程,"??, ?? ? ?? ??",?? ? ? ??,?? ??? ??
110506,도장,Material,General,kg,3651.96,3651.96,3651.96,3651.96,1,KRW,15203.1,4.163,3,3,建筑工程,"??, ?? ? ?? ??",?? ? ? ??,?? ??? ??
800539,디젤 말뚝 박기 기계,Equipment,General,machine-shift,70708.63,70708.63,70708.63,70708.63,1,KRW,4030.4,0.057,3,3,建筑工程,?? ?? ? ?? ??,,
840010,금속,Material,Steel & Metal,kg,999.48,999.48,999.48,999.48,1,KRW,781.59,0.782,3,3,建筑工程,?? ?? ? ?? ??,,
370066,슬랩 도어,Material,General,m2,165779.66,165779.66,165779.66,165779.66,1,KRW,165779.66,1.0,3,3,建筑工程,? ? ?? ??,금속문,
100210,PE 슬래브 (5mm 두께),Material,General,m2,2373.77,2373.77,2373.77,2373.77,1,KRW,2623.02,1.105,3,3,建筑工程,?? ? ?? ??,"벽면 방수, 습기 방지",벽면 방수막
090724,못,Material,Fasteners,pcs,45.65,45.65,45.65,45.65,1,KRW,273.9,6.0,3,3,建筑工程,?? ? ?? ??,"벽면 방수, 습기 방지",벽면 방수막
090281,원형 3×18,Material,General,pcs,230.65,230.65,230.65,230.65,1,KRW,325.99,1.4133,3,3,建筑工程,?? ?? ?? - ?7? ?? ? ??,,
120001,라텍스 20,Material,General,m2,1520.85,1520.85,1520.85,1520.85,1,KRW,268.68,0.1767,3,3,建筑工程,?? ?? ?? - ?7? ?? ? ??,,
091023,볼트 16×(85 100)로 아연 도금됨,Material,Fasteners,set,466.11,466.11,466.11,466.11,1,KRW,950.85,2.04,3,3,建筑工程,?? ?? ?? - ?7? ?? ? ??,브래킷 및 제작 설치,브래킷 제작 및 설치
390147,중공 바닥 슬래브 설치 (300 내 포함),Material,General,m,76883.32,76883.32,76883.32,76883.32,1,KRW,80727.48,1.05,3,3,建筑工程,???? ? ?????? ??,현장 타설 콘크리트 슬래브,
390146,중공 바닥 슬래브 설치 (200 내 포함),Material,General,m,63428.74,63428.74,63428.74,63428.74,1,KRW,66600.18,1.05,3,3,建筑工程,???? ? ?????? ??,현장 타설 콘크리트 슬래브,
390145,중공 바닥판 설치 (100 내 포함),Material,General,m,55259.89,55259.89,55259.89,55259.89,1,KRW,58022.88,1.05,3,3,建筑工程,???? ? ?????? ??,현장 타설 콘크리트 슬래브,
020110,콘크리트,Material,Concrete & Cement,pcs,480.52,480.52,480.52,480.52,1,KRW,1281.39,2.6667,3,3,建筑工程,???? ? ?????? ??,현장 타설 콘크리트 슬래브,
800039,원형 40×4,Equipment,General,machine-shift,4276.63,4276.63,4276.63,4276.63,1,KRW,305.07,0.0713,3,3,建筑工程,?? ?? ?? - ?7? ?? ? ??,"금속 메쉬 제작, 설치 (030703007 030703010)",
110114,실란트 페인트,Material,Paint & Coatings,kg,3123.38,3123.38,3123.38,3123.38,1,KRW,79.02,0.0253,3,3,建筑工程,"??, ?? ? ?? ??",??? ??,석고 몰딩 페인트
090455,스테인리스 스틸 몰딩,Material,Steel & Metal,m,13070.16,13070.16,13070.16,13070.16,1,KRW,8168.85,0.625,3,3,建筑工程,?? ?? ??,,틀
090950,알루미늄 합금 TS-S,Material,General,m,7207.81,7207.81,7207.81,7207.81,1,KRW,9768.99,1.3553,3,3,建筑工程,?? ?? ??,,벽
030119,합판 12mm,Material,Wood & Timber,m2,6246.77,6246.77,6246.77,6246.77,1,KRW,8778.79,1.4053,3,3,建筑工程,?? ?? ??,,벽
090454,스테인리스 강,Material,Steel & Metal,m,3483.78,3483.78,3483.78,3483.78,1,KRW,5887.58,1.69,3,3,建筑工程,?? ?? ??,,틀
170062,32,Material,General,m,1369.48,1369.48,1369.48,1369.48,1,KRW,479.32,0.35,3,3,建筑工程,?? ? ?? ??,?? ?? ? ?? ??,지붕(발코니) () 방수
370065,슬랩 도어,Material,General,m2,110519.77,110519.77,110519.77,110519.77,1,KRW,110519.77,1.0,3,3,建筑工程,? ? ?? ??,금속문,
370064,평판문,Material,General,m2,120130.19,120130.19,120130.19,120130.19,1,KRW,120130.19,1.0,3,3,建筑工程,? ? ?? ??,금속문,
030231,목재,Material,Wood & Timber,m3,444481.69,444481.69,444481.69,444481.69,1,KRW,5378.23,0.0121,3,3,建筑工程,목조 구조 작업,지붕 목재 기판,
030143,지붕 목재 판,Material,Wood & Timber,m2,12733.8,12733.8,12733.8,12733.8,1,KRW,10687.48,0.8393,3,3,建筑工程,목조 구조 작업,지붕 목재 기판,
350009,몰딩 BV-2.5,Material,General,m,413.25,413.25,413.25,413.25,1,KRW,1935.27,4.6831,3,3,建筑工程,?? ?? ?? - ?4? ???? ??,몰딩,
091475,워터 스톱 볼트 M14,Material,Fasteners,m,2883.12,2883.12,2883.12,2883.12,1,KRW,3673.39,1.2741,3,3,建筑工程,?? ? ?? ??,???? ???? ??? ? ???,벽
370145,목재 문,Material,Wood & Timber,m2,96104.15,96104.15,96104.15,96104.15,1,KRW,96104.15,1.0,3,3,建筑工程,? ? ?? ??,,
370144,목재문 없음,Material,Wood & Timber,m2,139351.02,139351.02,139351.02,139351.02,1,KRW,139351.02,1.0,3,3,建筑工程,? ? ?? ??,,
370089,목재 문,Material,Wood & Timber,m2,213831.73,213831.73,213831.73,213831.73,1,KRW,213831.73,1.0,3,3,建筑工程,? ? ?? ??,,
310031,20×20 접착제,Material,General,단위,720.78,720.78,720.78,720.78,1,KRW,269.09,0.3733,3,3,建筑工程,?? ?? ?? - ?4? ???? ??,전기 건조,
080248,칸막이,Material,General,m2,72078.11,72078.11,72078.11,72078.11,1,KRW,72078.11,1.0,3,3,建筑工程,"? ? ?? ??, ??? ? ???",칸막이,완성된 제품 칸막이
080247,칸막이 벽,Material,General,m2,52857.28,52857.28,52857.28,52857.28,1,KRW,52857.28,1.0,3,3,建筑工程,"? ? ?? ??, ??? ? ???",칸막이,완성된 제품 칸막이
850129,전기 몰딩,Equipment,General,machine-shift,19052.65,19052.65,19052.65,19052.65,1,KRW,85736.91,4.5,3,3,建筑工程,?? ?? ?? - ?4? ???? ??,,전기
080031,U자형 강재 CS60-2A,Material,Steel & Metal,pcs,98.51,98.51,98.51,98.51,1,KRW,133.01,1.3502,3,3,建筑工程,?? ??,?? ?? ? ?? ??,?? ???
080024,U자형 경량 강철 케일 CB38-2,Material,Steel & Metal,pcs,165.78,165.78,165.78,165.78,1,KRW,140.65,0.8484,3,3,建筑工程,?? ??,?? ?? ? ?? ??,?? ???
090193,못 AM8,Material,Fasteners,pcs,76.88,76.88,76.88,76.88,1,KRW,79.96,1.04,3,3,建筑工程,?? ?? ?? - ?7? ?? ? ??,,
110278,강철 접합 구조 두께 유형 코팅,Material,Steel & Metal,kg,600.65,600.65,600.65,600.65,1,KRW,8531.65,14.204,3,3,建筑工程,"??, ?? ? ?? ??",?? ? ? ??,금속 구조물 브러싱 코팅
110279,강철 접합 구조형 코팅,Material,Steel & Metal,kg,1513.64,1513.64,1513.64,1513.64,1,KRW,10255.92,6.7757,3,3,建筑工程,"??, ?? ? ?? ??",?? ? ? ??,금속 구조물 브러싱 코팅
110280,강철 접합 구조형 코팅,Material,Steel & Metal,kg,3724.04,3724.04,3724.04,3724.04,1,KRW,8429.73,2.2636,3,3,建筑工程,"??, ?? ? ?? ??",?? ? ? ??,금속 구조물 브러싱 코팅
110222,폴리우레탄 에나멜 신너,Material,Paint & Coatings,kg,3507.8,3507.8,3507.8,3507.8,1,KRW,144.52,0.0412,3,3,建筑工程,"??, ?? ? ?? ??",?? ? ? ??,천장 마감층 도장
030132,스테인리스강 표면 폭 600mm,Material,Steel & Metal,m,216234.33,216234.33,216234.33,216234.33,1,KRW,216234.33,1.0,3,3,建筑工程,?? ?? ??,,
030131,석재 표면 폭 600mm,Material,General,m,264286.41,264286.41,264286.41,264286.41,1,KRW,264286.41,1.0,3,3,建筑工程,?? ?? ??,,
030130,대리석 표면 폭 600mm,Material,General,m,228247.35,228247.35,228247.35,228247.35,1,KRW,228247.35,1.0,3,3,建筑工程,?? ?? ??,,
060098,석재 표면,Material,General,m2,96104.15,96104.15,96104.15,96104.15,1,KRW,84043.08,0.8745,3,3,建筑工程,?? ?? ??,,
030160,1050×3600×450,Material,General,pcs,1561692.42,1561692.42,1561692.42,1561692.42,1,KRW,1561692.42,1.0,3,3,建筑工程,?? ?? ??,,
080020,U자형 경량 강철 켈 CS50-L,Material,Steel & Metal,pcs,379.61,379.61,379.61,379.61,1,KRW,74.53,0.1963,3,3,建筑工程,?? ??,?? ?? ? ?? ??,?? ???
080023,U자형 경량 강철 케일 CB60-3,Material,Steel & Metal,pcs,124.94,124.94,124.94,124.94,1,KRW,848.24,6.7894,3,3,建筑工程,?? ??,?? ?? ? ?? ??,?? ???
080013,U자형 경량 강철 케일 CB60×27,Material,Steel & Metal,m,1513.64,1513.64,1513.64,1513.64,1,KRW,6503.34,4.2965,3,3,建筑工程,?? ??,?? ?? ? ?? ??,?? ???
850128,전기,Equipment,General,machine-shift,5117.55,5117.55,5117.55,5117.55,1,KRW,17911.41,3.5,3,3,建筑工程,?? ?? ?? - ?4? ???? ??,,전기
280231,스플라이스 20,Material,General,pcs,93.7,93.7,93.7,93.7,1,KRW,174.66,1.864,3,3,建筑工程,?? ?? ?? - ?4? ???? ??,몰딩,전기 추가 몰딩
090510,아연 도금 잠금 너트 (금속) 20,Material,Steel & Metal,pcs,91.3,91.3,91.3,91.3,1,KRW,214.62,2.3507,3,3,建筑工程,?? ?? ?? - ?4? ???? ??,몰딩,전기 추가 몰딩
280352,금속 접합 20,Material,Steel & Metal,pcs,297.92,297.92,297.92,297.92,1,KRW,453.04,1.5207,3,3,建筑工程,?? ?? ?? - ?4? ???? ??,몰딩,전기 추가 몰딩
100201,변형된 아스팔트,Material,Waterproofing,t,165371.21,165371.21,165371.21,165371.21,1,KRW,1819.08,0.011,3,3,建筑工程,?? ?? ??,장식용 계단,
810143,1: 1: 2.5 석재 일반 석재,Material,General,m3,91178.81,91178.81,91178.81,91178.81,1,KRW,1486.2,0.0163,3,3,建筑工程,?? ?? ??,장식용 계단,
350007,몰딩 BVR-6,Material,General,m,997.08,997.08,997.08,997.08,1,KRW,1017.02,1.02,3,3,建筑工程,?? ?? ?? - ?11? ???? ? ??,몰딩 (SLC),
350072,이중 몰딩 RVS2×1.0mm,Material,General,m,595.85,595.85,595.85,595.85,1,KRW,2431.05,4.08,3,3,建筑工程,?? ?? ?? - ?11? ???? ? ??,,
350070,이중 몰딩 RVS2×0.5mm,Material,General,m,302.73,302.73,302.73,302.73,1,KRW,1235.13,4.08,3,3,建筑工程,?? ?? ?? - ?11? ???? ? ??,,
120071,방수제,Material,Water,m,7784.44,7784.44,7784.44,7784.44,1,KRW,8173.66,1.05,3,3,建筑工程,?? ? ?? ??,"??? ? ?? ??, ??",방수제
280164,금속 접지 30,Material,Steel & Metal,pcs,468.51,468.51,468.51,468.51,1,KRW,482.56,1.03,3,3,建筑工程,?? ?? ?? - ?4? ???? ??,,
280193,금속 BP-30,Material,Steel & Metal,pcs,271.49,271.49,271.49,271.49,1,KRW,559.28,2.06,3,3,建筑工程,?? ?? ?? - ?4? ???? ??,,
280428,몰딩 30,Material,General,pcs,2498.71,2498.71,2498.71,2498.71,1,KRW,5147.34,2.06,3,3,建筑工程,?? ?? ?? - ?4? ???? ??,,
080246,칸막이,Material,General,m2,96104.15,96104.15,96104.15,96104.15,1,KRW,96104.15,1.0,3,3,建筑工程,"? ? ?? ??, ??? ? ???",칸막이,완성된 제품 칸막이
060043,곡면 슬래브,Material,General,m2,36039.06,36039.06,36039.06,36039.06,1,KRW,36399.45,1.01,3,3,建筑工程,"? ? ?? ??, ??? ? ???",?? ?? ??,?? ???
080739,장식용 알루미늄 판 폴리우레탄 복합 장식용 판,Material,General,m2,91298.94,91298.94,91298.94,91298.94,1,KRW,95863.89,1.05,3,3,建筑工程,"? ? ?? ??, ??? ? ???",?? ?? ??,?? ???
800034,직류 용접기 20kW,Equipment,Welding Equip.,machine-shift,5862.35,5862.35,5862.35,5862.35,1,KRW,500.25,0.0853,3,3,建筑工程,?? ?? ?? - ?6? ???? ??,,
110738,아세틸렌 가스,Material,Chemicals,kg,2119.1,2119.1,2119.1,2119.1,1,KRW,13.25,0.0062,3,3,建筑工程,?? ?? ?? - ?6? ???? ??,,
190001,15,Material,General,pcs,6078.59,6078.59,6078.59,6078.59,1,KRW,6179.9,1.0167,3,3,建筑工程,?? ?? ?? - ?9? ??,,
100031,아스팔트,Material,Waterproofing,kg,723.18,723.18,723.18,723.18,1,KRW,3163.92,4.375,3,3,建筑工程,?? ?? ?? - ?7? ?? ? ??,벽,
030146,1100×6950×1200,Material,General,pcs,4685077.25,4685077.25,4685077.25,4685077.25,1,KRW,4685077.25,1.0,3,3,建筑工程,?? ?? ??,,
030162,1100×3600×950,Material,General,pcs,2421824.55,2421824.55,2421824.55,2421824.55,1,KRW,2421824.55,1.0,3,3,建筑工程,?? ?? ??,,
030161,1100×3260×800,Material,General,pcs,1874030.9,1874030.9,1874030.9,1874030.9,1,KRW,1874030.9,1.0,3,3,建筑工程,?? ?? ??,,
050028,세라믹 타일 표면 슬래브 1000×800,Material,General,m2,21623.43,21623.43,21623.43,21623.43,1,KRW,22488.37,1.04,3,3,建筑工程,"? ? ?? ??, ??? ? ???",?? ?? ??,?? ???
110455,물유리 접착제,Material,Glass,m3,600650.93,600650.93,600650.93,600650.93,1,KRW,1261.37,0.0021,3,3,建筑工程,?? ? ?? ??,방청 마감층,방청 콘크리트 마감층
040051,자갈 (0.5 3.2),Material,Aggregates,kg,14.42,14.42,14.42,14.42,1,KRW,770.32,53.436,3,3,建筑工程,?? ? ?? ??,방청 마감층,방청 콘크리트 마감층
050029,세라믹 타일 표면 판 1200×1000,Material,General,m2,26428.64,26428.64,26428.64,26428.64,1,KRW,27485.79,1.04,3,3,建筑工程,"? ? ?? ??, ??? ? ???",?? ?? ??,?? ???
110527,페놀 수지 조제 도료,Material,Paint & Coatings,kg,9129.89,9129.89,9129.89,9129.89,1,KRW,1095.59,0.12,3,3,建筑工程,?? ?? ?? - ?6? ???? ??,,
050073,유리 12mm,Material,Glass,m2,51896.24,51896.24,51896.24,51896.24,1,KRW,55030.77,1.0604,3,3,建筑工程,"? ? ?? ??, ??? ? ???",칸막이,유리 칸막이
091521,6×120 볼트,Material,Fasteners,pcs,360.39,360.39,360.39,360.39,1,KRW,2969.62,8.24,3,3,建筑工程,?? ? ?? ??,?? ?? ? ?? ??,지붕 ()
091520,900 길이 스트립,Material,General,pcs,7207.81,7207.81,7207.81,7207.81,1,KRW,7424.05,1.03,3,3,建筑工程,?? ? ?? ??,?? ?? ? ?? ??,지붕 ()
010688,0.7 두께 26 아연도금 강판,Material,Steel & Metal,m2,3603.91,3603.91,3603.91,3603.91,1,KRW,1391.11,0.386,3,3,建筑工程,?? ? ?? ??,?? ?? ? ?? ??,지붕 ()
010687,1.2 두께 알루미늄 판,Material,General,m2,15768.29,15768.29,15768.29,15768.29,1,KRW,14806.43,0.939,3,3,建筑工程,?? ? ?? ??,?? ?? ? ?? ??,지붕 ()
010127,알루미늄 판 0.8,Material,General,m2,9153.92,9153.92,9153.92,9153.92,1,KRW,13126.72,1.434,3,3,建筑工程,?? ? ?? ??,?? ?? ? ?? ??,지붕 ()
080206,슬래브 현수 천장 주형 38×15,Material,General,m,1023.51,1023.51,1023.51,1023.51,1,KRW,1265.76,1.2367,3,3,建筑工程,?? ??,?? ?? ? ?? ??,?? ???
080035,U형 경량 강철 케일 CB50-1P,Material,Steel & Metal,pcs,204.22,204.22,204.22,204.22,1,KRW,481.27,2.3566,3,3,建筑工程,?? ??,?? ?? ? ?? ??,?? ???
090682,M16×60 볼트 포함,Material,Fasteners,set,687.14,687.14,687.14,687.14,1,KRW,11214.2,16.32,3,3,建筑工程,?? ?? ?? - ?6? ???? ??,,
850170,BM-2061000M,Equipment,General,machine-shift,5612.48,5612.48,5612.48,5612.48,1,KRW,1403.12,0.25,3,3,建筑工程,?? ?? ?? - ?5? ?? ??? ???,,단일 설치
110283,퍼티,Material,General,kg,2268.06,2268.06,2268.06,2268.06,1,KRW,6804.17,3.0,3,3,建筑工程,?? ?? ?? - ?5? ?? ??? ???,,단일 설치
030159,1050×4450×450,Material,General,pcs,1946109.01,1946109.01,1946109.01,1946109.01,1,KRW,1946109.01,1.0,3,3,建筑工程,?? ?? ??,,
030158,1150×4300×700,Material,General,pcs,2282473.53,2282473.53,2282473.53,2282473.53,1,KRW,2282473.53,1.0,3,3,建筑工程,?? ?? ??,,
030157,1150×4400×600,Material,General,pcs,1910069.96,1910069.96,1910069.96,1910069.96,1,KRW,1910069.96,1.0,3,3,建筑工程,?? ?? ??,,
030156,1150×4860×550,Material,General,pcs,2114291.27,2114291.27,2114291.27,2114291.27,1,KRW,2114291.27,1.0,3,3,建筑工程,?? ?? ??,,
030155,1150×13400×500,Material,General,pcs,5814301.0,5814301.0,5814301.0,5814301.0,1,KRW,5814301.0,1.0,3,3,建筑工程,?? ?? ??,,
030154,1600×4500×620,Material,General,pcs,2378577.68,2378577.68,2378577.68,2378577.68,1,KRW,2378577.68,1.0,3,3,建筑工程,?? ?? ??,,
030153,1100×6400×500,Material,General,pcs,2762994.28,2762994.28,2762994.28,2762994.28,1,KRW,2762994.28,1.0,3,3,建筑工程,?? ?? ??,,
030152,1150×5540×600,Material,General,pcs,2397798.51,2397798.51,2397798.51,2397798.51,1,KRW,2397798.51,1.0,3,3,建筑工程,?? ?? ??,,
030151,1150×7000×500,Material,General,pcs,3027280.69,3027280.69,3027280.69,3027280.69,1,KRW,3027280.69,1.0,3,3,建筑工程,?? ?? ??,,
030150,1150×5035×500,Material,General,pcs,2186369.38,2186369.38,2186369.38,2186369.38,1,KRW,2186369.38,1.0,3,3,建筑工程,?? ?? ??,,
030149,1100×5320×550,Material,General,pcs,2306499.57,2306499.57,2306499.57,2306499.57,1,KRW,2306499.57,1.0,3,3,建筑工程,?? ?? ??,,
030148,1100×5950×550,Material,General,pcs,2570785.98,2570785.98,2570785.98,2570785.98,1,KRW,2570785.98,1.0,3,3,建筑工程,?? ?? ??,,
030147,1100×5960×1200,Material,General,pcs,4012348.21,4012348.21,4012348.21,4012348.21,1,KRW,4012348.21,1.0,3,3,建筑工程,?? ?? ??,,
080128,알루미늄 합금 스트립 슬래브 서스펜디드 천장 케일 LB50×26,Material,General,m,1225.33,1225.33,1225.33,1225.33,1,KRW,1407.11,1.1484,3,3,建筑工程,?? ??,?? ?? ? ?? ??,?? ???
800153,슬래브 20×2500,Equipment,General,machine-shift,24434.48,24434.48,24434.48,24434.48,1,KRW,26.89,0.0011,3,3,建筑工程,?? ? ?? ??,"??? ? ?? ??, ??",방수제
850094,비다르,Equipment,General,machine-shift,63813.15,63813.15,63813.15,63813.15,1,KRW,42542.1,0.6667,3,3,建筑工程,?? ?? ?? - ?4? ???? ??,고전압 전기,전기 단일
210088,스테인리스 강,Material,Steel & Metal,pcs,28831.24,28831.24,28831.24,28831.24,1,KRW,28831.24,1.0,3,3,建筑工程,?? ?? ??,,
090450,스테인리스 강,Material,Steel & Metal,set,9610.41,9610.41,9610.41,9610.41,1,KRW,9610.41,1.0,3,3,建筑工程,?? ?? ??,,
280075,몰딩 700,Material,General,pcs,6246.77,6246.77,6246.77,6246.77,1,KRW,6246.77,1.0,3,3,建筑工程,?? ?? ?? - ?4? ???? ??,형태 제작 설치,
120031,5,Material,General,m,28.83,28.83,28.83,28.83,1,KRW,58.24,2.02,3,3,建筑工程,?? ?? ?? - ?11? ???? ? ??,,
330020,10m 단일,Material,General,pcs,38153.35,38153.35,38153.35,38153.35,1,KRW,38916.41,1.02,3,3,建筑工程,?? ?? ?? - ?11? ???? ? ??,,
060037,대리석,Material,General,pcs,50454.68,50454.68,50454.68,50454.68,1,KRW,36663.73,0.7267,3,3,建筑工程,?? ?? ??,"???, ??, ??? ??",석재 난간 및 난간대
060041,대리석 난간(곡선),Material,General,m,34405.29,34405.29,34405.29,34405.29,1,KRW,43006.61,1.25,3,3,建筑工程,?? ?? ??,"???, ??, ??? ??",석재 난간 및 난간대
060040,대리석 난간 (직선),Material,General,m,25227.34,25227.34,25227.34,25227.34,1,KRW,29515.99,1.17,3,3,建筑工程,?? ?? ??,"???, ??, ??? ??",석재 난간 및 난간대
390137,-형 지붕 슬래브,Material,General,m3,598248.33,598248.33,598248.33,598248.33,1,KRW,598248.33,1.0,3,3,建筑工程,???? ? ?????? ??,????? ???? ???,
390029,슬래브,Material,General,m3,324351.5,324351.5,324351.5,324351.5,1,KRW,324351.5,1.0,3,3,建筑工程,???? ? ?????? ??,????? ???? ???,
390017,지붕 슬래브 유형,Material,General,m3,432468.67,432468.67,432468.67,432468.67,1,KRW,432468.67,1.0,3,3,建筑工程,???? ? ?????? ??,????? ???? ???,
850113,YS44F,Equipment,General,machine-shift,5857.55,5857.55,5857.55,5857.55,1,KRW,23430.19,4.0,3,3,建筑工程,?? ?? ?? - ?5? ?? ??? ???,,
090298,스트립,Material,General,kg,7063.65,7063.65,7063.65,7063.65,1,KRW,1978.52,0.2801,3,3,建筑工程,"? ? ?? ??, ??? ? ???",?? ?? ??,?? ???
080204,알루미늄 슬래브,Material,General,m2,33636.45,33636.45,33636.45,33636.45,1,KRW,35318.27,1.05,3,3,建筑工程,"? ? ?? ??, ??? ? ???",?? ?? ??,?? ???
080193,알루미늄 슬래브,Material,General,m2,26428.64,26428.64,26428.64,26428.64,1,KRW,27750.07,1.05,3,3,建筑工程,"? ? ?? ??, ??? ? ???",?? ?? ??,?? ???
010392,알루미늄 슬래브,Material,General,m2,96104.15,96104.15,96104.15,96104.15,1,KRW,100909.36,1.05,3,3,建筑工程,"? ? ?? ??, ??? ? ???",?? ?? ??,?? ???
810108,회합 모르타르,Material,Concrete & Cement,m3,355498.86,355498.86,355498.86,355498.86,1,KRW,10771.62,0.0303,3,3,建筑工程,?? ? ?? ??,방청 마감층,방청 모르타르 마감층
110274,석재,Material,General,kg,504.55,504.55,504.55,504.55,1,KRW,16810.18,33.3174,3,3,建筑工程,?? ? ?? ??,방청 마감층,방청 모르타르 마감층
810111,물유리 콘크리트,Material,Concrete & Cement,m3,306166.19,306166.19,306166.19,306166.19,1,KRW,10149.41,0.0332,3,3,建筑工程,?? ? ?? ??,방청 마감층,방청 콘크리트 마감층
460105,강판 0.5,Material,Steel & Metal,kg,8649.37,8649.37,8649.37,8649.37,1,KRW,1297.41,0.15,3,3,建筑工程,?? ?? ?? - ?6? ???? ??,,
100461,2 두께 접착제,Material,General,m2,7207.81,7207.81,7207.81,7207.81,1,KRW,958.64,0.133,3,3,建筑工程,?? ? ?? ??,?? ?? ? ?? ??,지붕 ()
100101,E44,Material,General,kg,6607.16,6607.16,6607.16,6607.16,1,KRW,200.86,0.0304,3,3,建筑工程,?? ? ?? ??,"??? ? ?? ??, ??",방수제
010041,보통 강판 3,Material,Steel & Metal,m2,32002.68,32002.68,32002.68,32002.68,1,KRW,16513.38,0.516,3,3,建筑工程,?? ? ?? ??,"??? ? ?? ??, ??",방수제
010017,각형강 63 이상,Material,Steel & Metal,kg,900.98,900.98,900.98,900.98,1,KRW,16037.38,17.8,3,3,建筑工程,?? ?? ?? - ?4? ???? ??,브래킷 및 제작 설치,설치
300037,아연도금 앵글 강재 버팀대 50×50×5×770,Material,Steel & Metal,pcs,3507.8,3507.8,3507.8,3507.8,1,KRW,4691.1,1.3373,3,3,建筑工程,?? ?? ?? - ?4? ???? ??,,설치
090139,볼트 16×(275 300)로 아연 도금,Material,Fasteners,set,1258.96,1258.96,1258.96,1258.96,1,KRW,3424.38,2.72,3,3,建筑工程,?? ?? ?? - ?4? ???? ??,,설치
300017,아연 도금 이중 65×6×830,Material,General,pair,5862.35,5862.35,5862.35,5862.35,1,KRW,11783.33,2.01,3,3,建筑工程,?? ?? ?? - ?4? ???? ??,,설치
390167,프리캐스트 콘크리트 390×390,Material,Concrete & Cement,m2,72078.11,72078.11,72078.11,72078.11,1,KRW,73519.67,1.02,3,3,建筑工程,???? ? ?????? ??,구조적,
390150,경량골재 콘크리트 벽 슬래브,Material,Concrete & Cement,m3,319546.29,319546.29,319546.29,319546.29,1,KRW,319546.29,1.0,3,3,建筑工程,???? ? ?????? ??,구조적,
390020,콘크리트 벽 슬래브,Material,Concrete & Cement,m3,293117.65,293117.65,293117.65,293117.65,1,KRW,293117.65,1.0,3,3,建筑工程,???? ? ?????? ??,구조적,
050014,3mm 유리 포함,Equipment,General,m2,22488.37,22488.37,22488.37,22488.37,1,KRW,73536.97,3.27,3,3,建筑工程,?? ?? ??,,틀
030123,목재 마감 패널,Material,Wood & Timber,m2,5766.25,5766.25,5766.25,5766.25,1,KRW,27739.5,4.8107,3,3,建筑工程,?? ?? ??,,
280136,몰딩 20A,Material,General,pcs,45.65,45.65,45.65,45.65,1,KRW,92.67,2.03,3,3,建筑工程,?? ?? ?? - ?11? ???? ? ??,,
850079,전기,Equipment,General,machine-shift,5713.39,5713.39,5713.39,5713.39,1,KRW,19996.87,3.5,3,3,建筑工程,?? ?? ?? - ?11? ???? ? ??,,
090893,전기 65,Material,General,pcs,295.52,295.52,295.52,295.52,1,KRW,2068.64,7.0,3,3,建筑工程,?? ?? ?? - ?11? ???? ? ??,,전기 ()
090871,전기 55,Material,General,pcs,247.47,247.47,247.47,247.47,1,KRW,1732.28,7.0,3,3,建筑工程,?? ?? ?? - ?11? ???? ? ??,,전기 ()
290065,(문 포함),Material,General,pcs,357.99,357.99,357.99,357.99,1,KRW,361.57,1.01,3,3,建筑工程,?? ?? ?? - ?11? ???? ? ??,,전기 ()
290086,(문 포함),Material,General,pcs,740.0,740.0,740.0,740.0,1,KRW,747.4,1.01,3,3,建筑工程,?? ?? ?? - ?11? ???? ? ??,,전기 ()
800114,드릴링 300 400,Equipment,General,machine-shift,88367.76,88367.76,88367.76,88367.76,1,KRW,6244.66,0.0707,3,3,建筑工程,?? ?? ? ?? ??,"수도, 수도 시설",
100111,접착 방수제,Material,Water,m,14896.14,14896.14,14896.14,14896.14,1,KRW,15640.95,1.05,3,3,建筑工程,?? ? ?? ??,"??? ? ?? ??, ??",방수제
080241,알루미늄 합금 벽판 FK1-B,Material,General,m2,29119.56,29119.56,29119.56,29119.56,1,KRW,1455.98,0.05,3,3,建筑工程,?? ??,?? ?? ? ?? ??,천장 마감층
080240,알루미늄 합금 슬래브,Material,General,m2,25635.78,25635.78,25635.78,25635.78,1,KRW,26148.5,1.02,3,3,建筑工程,?? ??,?? ?? ? ?? ??,천장 마감층
080239,알루미늄 합금 슬래브 매립,Material,General,m2,24026.04,24026.04,24026.04,24026.04,1,KRW,24506.56,1.02,3,3,建筑工程,?? ??,?? ?? ? ?? ??,천장 마감층
080223,몰딩,Material,General,m,288.31,288.31,288.31,288.31,1,KRW,520.0,1.8036,3,3,建筑工程,?? ??,?? ?? ? ?? ??,천장 마감층
090482,스테인리스강 프레임,Material,Steel & Metal,set,5501.96,5501.96,5501.96,5501.96,1,KRW,5501.96,1.0,3,3,建筑工程,?? ?? ??,,
090481,틀,Material,General,set,3411.7,3411.7,3411.7,3411.7,1,KRW,3411.7,1.0,3,3,建筑工程,?? ?? ??,,
090377,스테인리스 강 (),Material,Steel & Metal,set,34813.73,34813.73,34813.73,34813.73,1,KRW,34813.73,1.0,3,3,建筑工程,?? ?? ??,,
400017,C10 석재 콘크리트,Material,Concrete & Cement,m3,87695.04,87695.04,87695.04,87695.04,1,KRW,88571.99,1.01,3,3,建筑工程,???? ? ?????? ??,현장 타설 콘크리트 블라인딩 층,바닥 블라인딩 층
400005,C10 레디믹스 콘크리트,Material,Concrete & Cement,m3,84091.13,84091.13,84091.13,84091.13,1,KRW,84932.04,1.01,3,3,建筑工程,???? ? ?????? ??,현장 타설 콘크리트 블라인딩 층,바닥 블라인딩 층
091398,강선 12,Material,Steel & Metal,pcs,2859.1,2859.1,2859.1,2859.1,1,KRW,51978.41,18.18,3,3,建筑工程,?? ?? ?? - ?5? ?? ??? ???,,
120065,폴리 위드,Material,General,단위,1619.35,1619.35,1619.35,1619.35,1,KRW,458.82,0.2833,3,3,建筑工程,?? ?? ?? - ?5? ?? ??? ???,,
090633,3,Material,General,set,28278.65,28278.65,28278.65,28278.65,1,KRW,56557.29,2.0,3,3,建筑工程,???? ? ?????? ??,철근 공사,
090280,단일,Material,General,set,6703.26,6703.26,6703.26,6703.26,1,KRW,13406.53,2.0,3,3,建筑工程,???? ? ?????? ??,철근 공사,
010139,슬래브,Material,General,set,2787.02,2787.02,2787.02,2787.02,1,KRW,5574.04,2.0,3,3,建筑工程,???? ? ?????? ??,철근 공사,
800365,크롤러 크레인 40t,Equipment,Cranes,machine-shift,254772.1,254772.1,254772.1,254772.1,1,KRW,12738.6,0.05,3,3,建筑工程,???? ? ?????? ??,철근 공사,
090136,볼트 16×(110 150)로 아연 도금,Material,Fasteners,set,1069.16,1069.16,1069.16,1069.16,1,KRW,1090.54,1.02,3,3,建筑工程,?? ?? ?? - ?4? ???? ??,,설치
100290,금속석 50,Material,Steel & Metal,pcs,8745.48,8745.48,8745.48,8745.48,1,KRW,18015.68,2.06,3,3,建筑工程,"?? ?? ?? - ?10? ??, ??, ??, ??",,설치
180123,평탄 (1.0MPa) 50,Material,General,pcs,4204.56,4204.56,4204.56,4204.56,1,KRW,5606.08,1.3333,3,3,建筑工程,"?? ?? ?? - ?10? ??, ??, ??, ??",,설치
180139,평탄 (1.6MPa) 25,Material,General,pcs,2191.17,2191.17,2191.17,2191.17,1,KRW,5112.74,2.3333,3,3,建筑工程,"?? ?? ?? - ?10? ??, ??, ??, ??","수도, 수도",수도 설비
390122,말뚝 1000,Material,General,m,192208.3,192208.3,192208.3,192208.3,1,KRW,196052.46,1.02,3,3,建筑工程,?? ??,,
390121,말뚝 800,Material,General,m,120130.19,120130.19,120130.19,120130.19,1,KRW,122532.79,1.02,3,3,建筑工程,?? ??,,
390120,말뚝 600,Material,General,m,66071.6,66071.6,66071.6,66071.6,1,KRW,67393.03,1.02,3,3,建筑工程,?? ??,,
180148,평탄 (1.6MPa) 200,Material,General,pcs,21959.8,21959.8,21959.8,21959.8,1,KRW,29279.73,1.3333,3,3,建筑工程,"?? ?? ?? - ?10? ??, ??, ??, ??",수 water,물 ()
810087,CL10 경량골재 콘크리트,Material,Concrete & Cement,m3,83826.84,83826.84,83826.84,83826.84,1,KRW,84665.11,1.01,3,3,建筑工程,???? ? ?????? ??,현장 타설 콘크리트 블라인딩 층,바닥 블라인딩 층
110606,도장,Material,General,kg,1393.51,1393.51,1393.51,1393.51,1,KRW,1741.89,1.25,3,3,建筑工程,"??, ?? ? ?? ??",?? ?? ??,"???, ???, ?? ?? ??"
110604,() 상도,Material,General,kg,7207.81,7207.81,7207.81,7207.81,1,KRW,5550.01,0.77,3,3,建筑工程,"??, ?? ? ?? ??",?? ?? ??,"???, ???, ?? ?? ??"
030173,1100×5840×1080,Material,General,pcs,3964296.14,3964296.14,3964296.14,3964296.14,1,KRW,3964296.14,1.0,3,3,建筑工程,?? ?? ??,,
030172,1300×7200×950,Material,General,pcs,4156504.43,4156504.43,4156504.43,4156504.43,1,KRW,4156504.43,1.0,3,3,建筑工程,?? ?? ??,,
030171,1100×4000×450,Material,General,pcs,1729874.68,1729874.68,1729874.68,1729874.68,1,KRW,1729874.68,1.0,3,3,建筑工程,?? ?? ??,,
030170,1100×12200×550,Material,General,pcs,5285728.18,5285728.18,5285728.18,5285728.18,1,KRW,5285728.18,1.0,3,3,建筑工程,?? ?? ??,,
030169,1150×11500×500,Material,General,pcs,5045467.81,5045467.81,5045467.81,5045467.81,1,KRW,5045467.81,1.0,3,3,建筑工程,?? ?? ??,,
030168,1150×3700×650 원형,Material,General,pcs,2883124.46,2883124.46,2883124.46,2883124.46,1,KRW,2883124.46,1.0,3,3,建筑工程,?? ?? ??,,
030167,1100×6700×550,Material,General,pcs,2907150.5,2907150.5,2907150.5,2907150.5,1,KRW,2907150.5,1.0,3,3,建筑工程,?? ?? ??,,
030166,1150×3900×700,Material,General,pcs,1874030.9,1874030.9,1874030.9,1874030.9,1,KRW,1874030.9,1.0,3,3,建筑工程,?? ?? ??,,
030165,1150×5400×1250,Material,General,pcs,3892218.02,3892218.02,3892218.02,3892218.02,1,KRW,3892218.02,1.0,3,3,建筑工程,?? ?? ??,,
030164,1150×4050×850,Material,General,pcs,2354551.64,2354551.64,2354551.64,2354551.64,1,KRW,2354551.64,1.0,3,3,建筑工程,?? ?? ??,,
030163,1150×4200×800,Material,General,pcs,2835072.39,2835072.39,2835072.39,2835072.39,1,KRW,2835072.39,1.0,3,3,建筑工程,?? ?? ??,,
090943,24 스테인리스강 (),Material,Steel & Metal,m,43246.87,43246.87,43246.87,43246.87,1,KRW,33732.56,0.78,3,3,建筑工程,"? ? ?? ??, ??? ? ???",??? ??,유리 커튼월
090942,250 (단일),Material,General,set,14415.62,14415.62,14415.62,14415.62,1,KRW,1441.56,0.1,3,3,建筑工程,"? ? ?? ??, ??? ? ???",??? ??,유리 커튼월
090711,아연도강,Material,Steel & Metal,pcs,1922.08,1922.08,1922.08,1922.08,1,KRW,12395.51,6.449,3,3,建筑工程,?? ??,?? ??,
080323,스테인리스 강,Material,Steel & Metal,set,36039.06,36039.06,36039.06,36039.06,1,KRW,42165.7,1.17,3,3,建筑工程,?? ??,?? ??,
080202,알루미늄 합금,Material,General,m,905.78,905.78,905.78,905.78,1,KRW,1675.7,1.85,3,3,建筑工程,?? ??,?? ??,
060036,대리석 난간판 (곡선),Material,General,m2,87142.44,87142.44,87142.44,87142.44,1,KRW,80171.04,0.92,3,3,建筑工程,?? ?? ??,"???, ??, ??? ??",석재 난간 및 난간대
060035,대리석 난간판(직선),Material,General,m2,46850.77,46850.77,46850.77,46850.77,1,KRW,40291.66,0.86,3,3,建筑工程,?? ?? ??,"???, ??, ??? ??",석재 난간 및 난간대
090371,난간 20,Material,General,m,17394.85,17394.85,17394.85,17394.85,1,KRW,113553.59,6.528,3,3,建筑工程,?? ?? ??,"???, ??, ??? ??","?? ???, ??, ???"
090941,250 (),Material,General,set,19220.83,19220.83,19220.83,19220.83,1,KRW,4613.0,0.24,3,3,建筑工程,"? ? ?? ??, ??? ? ???",??? ??,유리 커튼월
090940,250 (),Material,General,set,28831.24,28831.24,28831.24,28831.24,1,KRW,9322.1,0.3233,3,3,建筑工程,"? ? ?? ??, ??? ? ???",??? ??,유리 커튼월
080283,강철 켈 본딩 구조,Material,Steel & Metal,kg,1633.77,1633.77,1633.77,1633.77,1,KRW,52008.36,31.8333,3,3,建筑工程,"? ? ?? ??, ??? ? ???",??? ??,유리 커튼월
280255,아연도금 전기 몰딩 접속 32,Material,General,pcs,406.04,406.04,406.04,406.04,1,KRW,66.91,0.1648,3,3,建筑工程,?? ?? ?? - ?4? ???? ??,,
010120,아연도금 전기 몰딩 50,Material,General,m,5021.44,5021.44,5021.44,5021.44,1,KRW,5172.09,1.03,3,3,建筑工程,?? ?? ?? - ?4? ???? ??,,
010119,아연 도금 전기 몰딩 40,Material,General,m,3363.65,3363.65,3363.65,3363.65,1,KRW,3464.55,1.03,3,3,建筑工程,?? ?? ?? - ?4? ???? ??,,
080137,서스펜디드 천장 케일 LB10×8,Material,General,m,1189.29,1189.29,1189.29,1189.29,1,KRW,16533.13,13.9017,3,3,建筑工程,?? ??,?? ?? ? ?? ??,매달린 천장
080136,서스펜디드 천장용 켈 LB13×22,Material,General,m,1487.21,1487.21,1487.21,1487.21,1,KRW,2890.09,1.9433,3,3,建筑工程,?? ??,?? ?? ? ?? ??,매달린 천장
080078,T자형 강철 켈 CL15×35,Material,Steel & Metal,m,1057.15,1057.15,1057.15,1057.15,1,KRW,759.56,0.7185,3,3,建筑工程,?? ??,?? ?? ? ?? ??,매달린 천장
080211,알루미늄 합금 스트립 슬래브 키 LB50-2,Material,General,pcs,141.75,141.75,141.75,141.75,1,KRW,168.69,1.19,3,3,建筑工程,?? ??,?? ?? ? ?? ??,?? ???
080210,알루미늄 합금 스트립 슬래브 키 LB50-1P,Material,General,pcs,141.75,141.75,141.75,141.75,1,KRW,168.69,1.19,3,3,建筑工程,?? ??,?? ?? ? ?? ??,?? ???
080133,길이 스트립 슬래브 천장용 케일 100×36,Material,General,set,345.97,345.97,345.97,345.97,1,KRW,147.04,0.425,3,3,建筑工程,?? ??,?? ?? ? ?? ??,?? ???
080132,길이 스트립 슬래브 천장용 케일 100×36,Material,General,m,1419.94,1419.94,1419.94,1419.94,1,KRW,777.7,0.5477,3,3,建筑工程,?? ??,?? ?? ? ?? ??,?? ???
380034,강철,Material,Steel & Metal,t,1513640.34,1513640.34,1513640.34,1513640.34,1,KRW,1513640.34,1.0,3,3,建筑工程,????? ??,강재 구조물,
380033,발판 강재,Material,Steel & Metal,t,1717861.66,1717861.66,1717861.66,1717861.66,1,KRW,1717861.66,1.0,3,3,建筑工程,????? ??,강재 구조물,
380032,발판 강재,Material,Steel & Metal,t,1597731.47,1597731.47,1597731.47,1597731.47,1,KRW,1597731.47,1.0,3,3,建筑工程,????? ??,강재 구조물,
050033,19mm 강화유리,Material,Glass,m2,96104.15,96104.15,96104.15,96104.15,1,KRW,23065.0,0.24,3,3,建筑工程,"? ? ?? ??, ??? ? ???",??? ??,유리 커튼월
090947,18 (),Material,General,set,38441.66,38441.66,38441.66,38441.66,1,KRW,4228.58,0.11,3,3,建筑工程,"? ? ?? ??, ??? ? ???",??? ??,유리 커튼월
090946,24 (),Material,General,set,52857.28,52857.28,52857.28,52857.28,1,KRW,4757.16,0.09,3,3,建筑工程,"? ? ?? ??, ??? ? ???",??? ??,유리 커튼월
090945,16 스테인리스강 (),Material,Steel & Metal,m,14415.62,14415.62,14415.62,14415.62,1,KRW,11436.39,0.7933,3,3,建筑工程,"? ? ?? ??, ??? ? ???",??? ??,유리 커튼월
090944,18 스테인리스강 (),Material,Steel & Metal,m,28831.24,28831.24,28831.24,28831.24,1,KRW,25803.96,0.895,3,3,建筑工程,"? ? ?? ??, ??? ? ???",??? ??,유리 커튼월
090090,아연 도금 잠금 너트 100,Material,Fasteners,pcs,492.53,492.53,492.53,492.53,1,KRW,76.09,0.1545,3,3,建筑工程,?? ?? ?? - ?4? ???? ??,,???? ??
090089,아연 도금 잠금 너트 80,Material,Fasteners,pcs,410.85,410.85,410.85,410.85,1,KRW,63.48,0.1545,3,3,建筑工程,?? ?? ?? - ?4? ???? ??,,???? ??
050074,접착 유리 포함,Material,Glass,m2,132143.2,132143.2,132143.2,132143.2,1,KRW,133464.64,1.01,3,3,建筑工程,?? ??,?? ??,
080264,스트립 타입,Material,General,m2,62467.7,62467.7,62467.7,62467.7,1,KRW,70707.19,1.1319,3,3,建筑工程,?? ??,?? ?? ? ?? ??,매달린 천장
130097,슬래브 50mm,Material,General,m2,35558.54,35558.54,35558.54,35558.54,1,KRW,36980.88,1.04,3,3,建筑工程,?? ? ?? ??,,바닥면
030113,전기 폴리 슬래브 5mm,Material,General,m2,7928.59,7928.59,7928.59,7928.59,1,KRW,8087.16,1.02,3,3,建筑工程,?? ? ?? ??,,바닥면
030112,단면 접착 슬래브 5mm,Material,General,m2,8649.37,8649.37,8649.37,8649.37,1,KRW,8822.36,1.02,3,3,建筑工程,?? ? ?? ??,,바닥면
010170,0.5,Material,General,kg,12013.02,12013.02,12013.02,12013.02,1,KRW,59178.53,4.9262,3,3,建筑工程,"? ? ?? ??, ??? ? ???",??(?) ?? ??,??(?) ?? ??
090059,너트 8,Material,Fasteners,pcs,14.42,14.42,14.42,14.42,1,KRW,10.49,0.727,3,3,建筑工程,?? ??,?? ?? ? ?? ??,매달린 천장
080235,브라켓,Material,General,set,2402.6,2402.6,2402.6,2402.6,1,KRW,6108.5,2.5424,3,3,建筑工程,?? ??,?? ?? ? ?? ??,매달린 천장
080226,슬래브 600×250,Material,General,pcs,4805.21,4805.21,4805.21,4805.21,1,KRW,24262.21,5.0492,3,3,建筑工程,?? ??,?? ?? ? ?? ??,매달린 천장
010048,아연도강관 20,Material,Steel & Metal,kg,1225.33,1225.33,1225.33,1225.33,1,KRW,100.06,0.0816,3,3,建筑工程,?? ??,?? ?? ? ?? ??,매달린 천장
080222,3 강선,Material,Steel & Metal,pcs,91.3,91.3,91.3,91.3,1,KRW,183.32,2.008,3,3,建筑工程,?? ??,?? ?? ? ?? ??,매달린 천장
090073,록 너트 15,Material,Fasteners,pcs,69.68,69.68,69.68,69.68,1,KRW,15.55,0.2232,3,3,建筑工程,?? ?? ?? - ?4? ???? ??,,?? ??
810004,1: 2 시멘트 모르타르,Material,Concrete & Cement,m3,76532.54,76532.54,76532.54,76532.54,1,KRW,187.5,0.0024,3,3,建筑工程,"? ? ?? ??, ??? ? ???",,벽면 표면 메꿈
850014,SR43,Equipment,General,machine-shift,4937.35,4937.35,4937.35,4937.35,1,KRW,2797.83,0.5667,3,3,建筑工程,?? ?? ?? - ?11? ???? ? ??,전기 (),
800586,YJ-340,Equipment,General,machine-shift,13238.35,13238.35,13238.35,13238.35,1,KRW,882.99,0.0667,3,3,建筑工程,?? ?? ? ?? ??,기초 굴착,단면 강재 말뚝
030175,1100×4380×550,Material,General,pcs,1898056.94,1898056.94,1898056.94,1898056.94,1,KRW,1898056.94,1.0,3,3,建筑工程,?? ?? ??,,
030174,1100×3600×600,Material,General,pcs,1561692.42,1561692.42,1561692.42,1561692.42,1,KRW,1561692.42,1.0,3,3,建筑工程,?? ?? ??,,
170015,PVC-U 수도관 100,Material,Water,m,6198.72,6198.72,6198.72,6198.72,1,KRW,4896.99,0.79,3,3,建筑工程,"?? ?? ?? - ?10? ??, ??, ??, ??",,
800332,90t,Equipment,General,machine-shift,6799.37,6799.37,6799.37,6799.37,1,KRW,482.76,0.071,3,3,建筑工程,???? ? ?????? ??,철근 공사,
800131,65t 내,Equipment,General,machine-shift,5093.52,5093.52,5093.52,5093.52,1,KRW,295.42,0.058,3,3,建筑工程,???? ? ?????? ??,철근 공사,
850109,단상 전기,Equipment,General,machine-shift,7207.81,7207.81,7207.81,7207.81,1,KRW,30753.33,4.2667,3,3,建筑工程,?? ?? ?? - ?4? ???? ??,,
280409,JDG(KBG) 스플라이스 50,Material,General,pcs,1273.38,1273.38,1273.38,1273.38,1,KRW,209.84,0.1648,3,3,建筑工程,?? ?? ?? - ?4? ???? ??,,() 강관
280408,JDG(KBG) 스플라이스 40,Material,General,pcs,937.02,937.02,937.02,937.02,1,KRW,154.42,0.1648,3,3,建筑工程,?? ?? ?? - ?4? ???? ??,,() 강관
280410,JDG(KBG) 스플라이스 15,Material,General,pcs,576.62,576.62,576.62,576.62,1,KRW,237.57,0.412,3,3,建筑工程,?? ?? ?? - ?4? ???? ??,,() 강관
280263,아연도강관 이음 50,Material,Steel & Metal,pcs,1001.89,1001.89,1001.89,1001.89,1,KRW,165.11,0.1648,3,3,建筑工程,?? ?? ?? - ?4? ???? ??,,???? ??
280262,아연도강관 접합 40,Material,Steel & Metal,pcs,699.16,699.16,699.16,699.16,1,KRW,115.23,0.1648,3,3,建筑工程,?? ?? ?? - ?4? ???? ??,,???? ??
070086,알루미늄 슬래브 40mm 폭,Material,General,m,1922.08,1922.08,1922.08,1922.08,1,KRW,1979.75,1.03,3,3,建筑工程,?? ?? ??,장식 몰딩,금속 장식 몰딩
070085,장식 몰딩 판 30mm 돌출,Material,General,m,4685.08,4685.08,4685.08,4685.08,1,KRW,4825.63,1.03,3,3,建筑工程,?? ?? ??,장식 몰딩,금속 장식 몰딩
010107,강관 없음 426×8,Material,Steel & Metal,m,91515.18,91515.18,91515.18,91515.18,1,KRW,41486.88,0.4533,3,3,建筑工程,"?? ?? ?? - ?10? ??, ??, ??, ??",제작 설치,방수 제작
010106,강관 없음 377×8,Material,Steel & Metal,m,80799.56,80799.56,80799.56,80799.56,1,KRW,36629.14,0.4533,3,3,建筑工程,"?? ?? ?? - ?10? ??, ??, ??, ??",제작 설치,방수 제작
010103,강관 273×6 없음,Material,Steel & Metal,m,43294.92,43294.92,43294.92,43294.92,1,KRW,19627.03,0.4533,3,3,建筑工程,"?? ?? ?? - ?10? ??, ??, ??, ??",제작 설치,방수 제작
010076,용접 강관 200,Material,Steel & Metal,m,21671.49,21671.49,21671.49,21671.49,1,KRW,9824.41,0.4533,3,3,建筑工程,"?? ?? ?? - ?10? ??, ??, ??, ??",제작 설치,방수 제작
800232,전기 이중 빔 크레인 5t,Equipment,Cranes,machine-shift,57638.46,57638.46,57638.46,57638.46,1,KRW,2090.36,0.0363,3,3,建筑工程,"?? ?? ?? - ?10? ??, ??, ??, ??",,
800049,108,Equipment,General,machine-shift,10211.07,10211.07,10211.07,10211.07,1,KRW,56.51,0.0055,3,3,建筑工程,"?? ?? ?? - ?10? ??, ??, ??, ??",강복합재,
070084,장식 몰딩 판 30mm 내,Material,General,m,2811.05,2811.05,2811.05,2811.05,1,KRW,2895.38,1.03,3,3,建筑工程,?? ?? ??,장식 몰딩,금속 장식 몰딩
030145,750×4400×700 몰딩형,Material,General,pcs,3171436.91,3171436.91,3171436.91,3171436.91,1,KRW,3171436.91,1.0,3,3,建筑工程,?? ?? ??,,
030144,1100×6100×800,Material,General,pcs,4396764.81,4396764.81,4396764.81,4396764.81,1,KRW,4396764.81,1.0,3,3,建筑工程,?? ?? ??,,
030176,1100×4200×600,Material,General,pcs,2018187.12,2018187.12,2018187.12,2018187.12,1,KRW,2018187.12,1.0,3,3,建筑工程,?? ?? ??,,
100282,접착 테이프,Material,General,kg,7688.33,7688.33,7688.33,7688.33,1,KRW,19455.32,2.5305,3,3,建筑工程,?? ??,?? ??,
090208,아연도금 전선 3×35,Material,General,pcs,326.75,326.75,326.75,326.75,1,KRW,653.51,2.0,3,3,建筑工程,?? ?? ?? - ?11? ???? ? ??,,전기 ()
300111,몰딩,Material,General,pair,3507.8,3507.8,3507.8,3507.8,1,KRW,14171.52,4.04,3,3,建筑工程,?? ?? ?? - ?11? ???? ? ??,,
280560,이중 슬래브,Material,General,pair,1093.18,1093.18,1093.18,1093.18,1,KRW,6624.7,6.06,3,3,建筑工程,?? ?? ?? - ?11? ???? ? ??,,
280398,단일 슬래브,Material,General,set,2498.71,2498.71,2498.71,2498.71,1,KRW,55521.29,22.22,3,3,建筑工程,?? ?? ?? - ?11? ???? ? ??,,
010109,강관 478×9 없음,Material,Steel & Metal,m,116045.76,116045.76,116045.76,116045.76,1,KRW,52607.41,0.4533,3,3,建筑工程,"?? ?? ?? - ?10? ??, ??, ??, ??",제작 설치,방수 제작
020095,시멘트 프레임 슬래브,Material,Concrete & Cement,pcs,19220.83,19220.83,19220.83,19220.83,1,KRW,76306.69,3.97,3,3,建筑工程,?? ? ?? ??,,프로파일 및 기타 지붕 자재
100257,변형 아스팔트 복합재 () 4mm 두께,Material,Waterproofing,m2,20422.13,20422.13,20422.13,20422.13,1,KRW,25997.37,1.273,3,3,建筑工程,?? ? ?? ??,?? ?? ? ?? ??,지붕 방수막
110311,접착제,Material,General,kg,7976.64,7976.64,7976.64,7976.64,1,KRW,7856.99,0.985,3,3,建筑工程,?? ? ?? ??,"??? ? ?? ??, ??",방수제
100198,접착제 2mm,Material,General,m2,7736.38,7736.38,7736.38,7736.38,1,KRW,2475.64,0.32,3,3,建筑工程,?? ? ?? ??,"??? ? ?? ??, ??",방수제
090301,스트립,Material,General,kg,12013.02,12013.02,12013.02,12013.02,1,KRW,1717.86,0.143,3,3,建筑工程,?? ? ?? ??,"??? ? ?? ??, ??",방수제
110445,폴리 방수막 1.5mm,Material,Waterproofing,m2,13214.32,13214.32,13214.32,13214.32,1,KRW,14355.16,1.0863,3,3,建筑工程,?? ? ?? ??,?? ?? ? ?? ??,지붕 방수막
110184,CY-409 접착제,Material,General,kg,2883.12,2883.12,2883.12,2883.12,1,KRW,1582.84,0.549,3,3,建筑工程,?? ? ?? ??,?? ?? ? ?? ??,지붕 방수막
100108,접착성 아스팔트 접착제,Material,Waterproofing,kg,1525.65,1525.65,1525.65,1525.65,1,KRW,83.23,0.0546,3,3,建筑工程,?? ? ?? ??,?? ?? ? ?? ??,지붕 방수막
160255,강철 492×192,Material,Steel & Metal,pcs,28831.24,28831.24,28831.24,28831.24,1,KRW,57662.49,2.0,3,3,建筑工程,?? ? ?? ??,,프로파일 및 기타 지붕 자재
080021,U형 경량 강철 케일 CS60-L,Material,Steel & Metal,pcs,370.0,370.0,370.0,370.0,1,KRW,78.93,0.2133,3,3,建筑工程,?? ??,천장 장식,및
010130,슬래브,Material,General,kg,14776.01,14776.01,14776.01,14776.01,1,KRW,119833.46,8.11,3,3,建筑工程,?? ? ?? ??,"??? ? ?? ??, ??",방수제
210066,수도 50,Material,Water,pcs,4348.71,4348.71,4348.71,4348.71,1,KRW,4370.46,1.005,3,3,建筑工程,"?? ?? ?? - ?10? ??, ??, ??, ??",,
060200,전기,Material,General,m,6006.51,6006.51,6006.51,6006.51,1,KRW,6186.7,1.03,3,3,建筑工程,?? ?? ??,걸레받이,
110221,폴리우레탄 에나멜,Material,Paint & Coatings,kg,5598.07,5598.07,5598.07,5598.07,1,KRW,1441.51,0.2575,3,3,建筑工程,"??, ?? ? ?? ??",?? ? ? ??,천장 마감층 도장
110164,접착제,Material,General,kg,1922.08,1922.08,1922.08,1922.08,1,KRW,7.11,0.0037,3,3,建筑工程,"??, ?? ? ?? ??",?? ?? ??,목재 지반 슬래브 표면
810237,시멘트 석탄 강철 2500kg/m3,Material,Concrete & Cement,m3,43246.87,43246.87,43246.87,43246.87,1,KRW,43895.57,1.015,3,3,建筑工程,토공 및 암석 작업,백필,기초 되메우기
800405,고소 분무,Equipment,General,machine-shift,58959.9,58959.9,58959.9,58959.9,1,KRW,4304.07,0.073,3,3,建筑工程,?? ?? ? ?? ??,,
150172,목재,Material,Wood & Timber,kg,600.65,600.65,600.65,600.65,1,KRW,284.11,0.473,3,3,建筑工程,?? ?? ? ?? ??,,
800095,복합 시추 (500 내),Equipment,General,machine-shift,109318.47,109318.47,109318.47,109318.47,1,KRW,8548.7,0.0782,3,3,建筑工程,?? ?? ? ?? ??,,
040026,자갈 (복합),Material,Aggregates,kg,16.82,16.82,16.82,16.82,1,KRW,23738.93,1411.5,3,3,建筑工程,?? ?? ? ?? ??,벽 및 브러싱 코팅,
110765,H8701 코팅,Material,General,kg,5766.25,5766.25,5766.25,5766.25,1,KRW,1695.28,0.294,3,3,建筑工程,"?? ?? ?? - ?12? ??, ??, ??",,H8701 방청 도장
110766,NSJ-II 방청 코팅,Material,General,kg,8409.11,8409.11,8409.11,8409.11,1,KRW,1737.88,0.2067,3,3,建筑工程,"?? ?? ?? - ?12? ??, ??, ??",,
120025,플라스틱 시트,Material,General,m2,1614.55,1614.55,1614.55,1614.55,1,KRW,2260.37,1.4,3,3,建筑工程,"?? ?? ?? - ?12? ??, ??, ??",,
030021,목재 무늬 박판 바닥판,Material,Wood & Timber,m2,48052.07,48052.07,48052.07,48052.07,1,KRW,50454.68,1.05,3,3,建筑工程,?? ?? ??,마감층,목재 바닥 슬래브
060023,석재 계단,Material,General,m2,75682.02,75682.02,75682.02,75682.02,1,KRW,118745.08,1.569,3,3,建筑工程,?? ?? ??,장식용 계단,
120248,석재,Material,General,pcs,67272.9,67272.9,67272.9,67272.9,1,KRW,67945.63,1.01,3,3,建筑工程,?? ?? ?? - ?11? ???? ? ??,지면 및 (031103032),
350061,몰딩 RV500V16mm,Material,General,m,3123.38,3123.38,3123.38,3123.38,1,KRW,15929.26,5.1,3,3,建筑工程,?? ?? ?? - ?11? ???? ? ??,지면 및 (031103032),
100366,메쉬 천,Material,General,m,36.04,36.04,36.04,36.04,1,KRW,68.47,1.9,2,2,建筑工程,?? ?? ?? - ?7? ?? ? ??,,
110756,불소수지 페인트,Material,Paint & Coatings,kg,18740.31,18740.31,18740.31,18740.31,1,KRW,3748.06,0.2,2,2,建筑工程,"??, ?? ? ?? ??",?? ? ? ??,?? ??? ??
110461,투명 콘크리트,Material,Concrete & Cement,kg,6318.85,6318.85,6318.85,6318.85,1,KRW,947.83,0.15,2,2,建筑工程,"??, ?? ? ?? ??",?? ? ? ??,?? ??? ??
110462,투명 콘크리트,Material,Concrete & Cement,kg,9994.83,9994.83,9994.83,9994.83,1,KRW,1499.22,0.15,2,2,建筑工程,"??, ?? ? ?? ??",?? ? ? ??,?? ??? ??
040087,시멘트 파쇄석,Material,Concrete & Cement,t,34765.68,34765.68,34765.68,34765.68,1,KRW,17083.85,0.4914,2,2,建筑工程,?? ?? ?? - ?11? ???? ? ??,파일,수중 기둥
390104,전기 말뚝 120×120×1200,Material,General,pcs,9177.95,9177.95,9177.95,9177.95,1,KRW,9361.51,1.02,2,2,建筑工程,?? ?? ?? - ?11? ???? ? ??,파일,수중 기둥
030042,목재 걸레받이,Material,Wood & Timber,m,4613.0,4613.0,4613.0,4613.0,1,KRW,4751.39,1.03,2,2,建筑工程,?? ?? ??,걸레받이,
100206,석유역청 유리,Material,Waterproofing,m2,4805.21,4805.21,4805.21,4805.21,1,KRW,6727.29,1.4,2,2,建筑工程,"?? ?? ?? - ?12? ??, ??, ??",,
150124,자루,Material,General,m2,1508.84,1508.84,1508.84,1508.84,1,KRW,2112.37,1.4,2,2,建筑工程,"?? ?? ?? - ?12? ??, ??, ??",,
800169,슬러리 운반 4000L,Equipment,General,machine-shift,221255.78,221255.78,221255.78,221255.78,1,KRW,1227.97,0.0056,2,2,建筑工程,토공 및 암석 작업,운송,슬러리 운송
800207,슬래브 20×2500,Equipment,General,machine-shift,18524.07,18524.07,18524.07,18524.07,1,KRW,129.67,0.007,2,2,建筑工程,"?? ?? ?? - ?12? ??, ??, ??",제작 설치,
110325,38%,Material,General,kg,81.69,81.69,81.69,81.69,1,KRW,6.37,0.078,2,2,建筑工程,"?? ?? ?? - ?12? ??, ??, ??",,
390001,직사각형 기둥,Material,General,m3,510673.42,510673.42,510673.42,510673.42,1,KRW,510673.42,1.0,2,2,建筑工程,???? ? ?????? ??,프리캐스트 콘크리트 기둥,
090170,접지 볼트 20×200,Material,Fasteners,set,1158.05,1158.05,1158.05,1158.05,1,KRW,4724.86,4.08,2,2,建筑工程,?? ?? ?? - ?7? ?? ? ??,설치,혼합 () 설치
020105,블록,Material,General,m3,91298.94,91298.94,91298.94,91298.94,1,KRW,65096.15,0.713,2,2,建筑工程,?? ??,블록 조적,
030117,목재 스트립 슬래브 100×15,Material,Wood & Timber,m2,19220.83,19220.83,19220.83,19220.83,1,KRW,21142.91,1.1,2,2,建筑工程,"? ? ?? ??, ??? ? ???",칸막이,칸막이
090409,창문,Material,Glass,m2,720.78,720.78,720.78,720.78,1,KRW,10.09,0.014,2,2,建筑工程,목조 구조 작업,구조용 목재,
030232,"목재 슬래브, 슬래브",Material,Wood & Timber,m3,456494.71,456494.71,456494.71,456494.71,1,KRW,8992.95,0.0197,2,2,建筑工程,목조 구조 작업,구조용 목재,
350032,몰딩 35mm2,Material,General,m,3796.11,3796.11,3796.11,3796.11,1,KRW,5694.17,1.5,2,2,建筑工程,?? ?? ?? - ?4? ???? ??,설치,
370079,유리문 포함,Material,Glass,m2,264286.41,264286.41,264286.41,264286.41,1,KRW,264286.41,1.0,2,2,建筑工程,? ? ?? ??,문,
370077,유리 없는 문,Material,Glass,m2,240260.37,240260.37,240260.37,240260.37,1,KRW,240260.37,1.0,2,2,建筑工程,? ? ?? ??,문,
020203,시멘트 P.O32.5,Material,Concrete & Cement,kg,124.94,124.94,124.94,124.94,1,KRW,122703.92,982.139,2,2,建筑工程,?? ? ?? ??,"수도, 수도 시설",
800628,잠수 펌프 6 10t/h-20m,Equipment,Pumps,machine-shift,1609.74,1609.74,1609.74,1609.74,1,KRW,3873.44,2.4062,2,2,建筑工程,?? ? ?? ??,"수도, 수도 시설",수 water
170654,직경 48mm,Material,General,pcs,3603.91,3603.91,3603.91,3603.91,1,KRW,470.85,0.1306,2,2,建筑工程,?? ? ?? ??,"수도, 수도 시설",구덩이
180883,및 볼트 100mm,Material,Fasteners,set,12013.02,12013.02,12013.02,12013.02,1,KRW,714.17,0.0594,2,2,建筑工程,?? ? ?? ??,"수도, 수도 시설",구덩이
010410,강관 40×20×2,Material,Steel & Metal,kg,5285.73,5285.73,5285.73,5285.73,1,KRW,34513.69,6.5296,2,2,建筑工程,"? ? ?? ??, ??? ? ???",칸막이,칸막이
090196,경첩,Material,General,pair,1201.3,1201.3,1201.3,1201.3,1,KRW,3603.91,3.0,2,2,建筑工程,"? ? ?? ??, ??? ? ???",칸막이,완성된 제품 칸막이
030118,목재,Material,Wood & Timber,m2,7207.81,7207.81,7207.81,7207.81,1,KRW,1441.56,0.2,2,2,建筑工程,"? ? ?? ??, ??? ? ???",칸막이,완성된 제품 칸막이
210035,50 포함 수도,Material,Water,set,2340.14,2340.14,2340.14,2340.14,1,KRW,2340.14,1.0,2,2,建筑工程,"?? ?? ?? - ?10? ??, ??, ??, ??",,
800048,절단 159,Equipment,General,machine-shift,3243.52,3243.52,3243.52,3243.52,1,KRW,186.5,0.0575,2,2,建筑工程,"?? ?? ?? - ?10? ??, ??, ??, ??",,
180043,아연도금 15,Material,General,pcs,240.26,240.26,240.26,240.26,1,KRW,727.99,3.03,2,2,建筑工程,"?? ?? ?? - ?10? ??, ??, ??, ??",,
210030,분무 15,Material,General,pcs,6943.52,6943.52,6943.52,6943.52,1,KRW,7012.96,1.01,2,2,建筑工程,"?? ?? ?? - ?10? ??, ??, ??, ??",,
280182,금속 38,Material,Steel & Metal,m,12589.64,12589.64,12589.64,12589.64,1,KRW,13596.81,1.08,2,2,建筑工程,?? ?? ?? - ?4? ???? ??,,
280217,금속 SP-30,Material,Steel & Metal,pcs,144.16,144.16,144.16,144.16,1,KRW,298.98,2.074,2,2,建筑工程,?? ?? ?? - ?4? ???? ??,,
280216,금속 SP-24,Material,Steel & Metal,pcs,103.31,103.31,103.31,103.31,1,KRW,214.28,2.074,2,2,建筑工程,?? ?? ?? - ?4? ???? ??,,
280180,금속 24,Material,Steel & Metal,m,9442.23,9442.23,9442.23,9442.23,1,KRW,10197.61,1.08,2,2,建筑工程,?? ?? ?? - ?4? ???? ??,,
280215,금속 SP-17,Material,Steel & Metal,pcs,93.7,93.7,93.7,93.7,1,KRW,194.33,2.074,2,2,建筑工程,?? ?? ?? - ?4? ???? ??,,
280179,금속 17,Material,Steel & Metal,m,7400.02,7400.02,7400.02,7400.02,1,KRW,7992.02,1.08,2,2,建筑工程,?? ?? ?? - ?4? ???? ??,,
280214,금속 SP-15,Material,Steel & Metal,pcs,91.3,91.3,91.3,91.3,1,KRW,189.36,2.074,2,2,建筑工程,?? ?? ?? - ?4? ???? ??,,
280178,금속 15,Material,Steel & Metal,m,5646.12,5646.12,5646.12,5646.12,1,KRW,6097.81,1.08,2,2,建筑工程,?? ?? ?? - ?4? ???? ??,,
280213,금속 SP-12,Material,Steel & Metal,pcs,86.49,86.49,86.49,86.49,1,KRW,179.39,2.074,2,2,建筑工程,?? ?? ?? - ?4? ???? ??,,
280177,금속 12,Material,Steel & Metal,m,4588.97,4588.97,4588.97,4588.97,1,KRW,4956.09,1.08,2,2,建筑工程,?? ?? ?? - ?4? ???? ??,,
280212,금속 SP-10,Material,Steel & Metal,pcs,84.09,84.09,84.09,84.09,1,KRW,174.41,2.074,2,2,建筑工程,?? ?? ?? - ?4? ???? ??,,
280176,금속 10,Material,Steel & Metal,m,3531.83,3531.83,3531.83,3531.83,1,KRW,3814.37,1.08,2,2,建筑工程,?? ?? ?? - ?4? ???? ??,,
150173,고정,Material,General,m,480.52,480.52,480.52,480.52,1,KRW,1907.19,3.969,2,2,建筑工程,?? ? ?? ??,,구조적 지붕 결속
120119,PCF C,Material,General,m2,38441.66,38441.66,38441.66,38441.66,1,KRW,53626.11,1.395,2,2,建筑工程,?? ? ?? ??,,구조적 지붕 결속
080269,알루미늄 합금 슬래브,Material,General,m,16818.23,16818.23,16818.23,16818.23,1,KRW,16818.23,1.0,2,2,建筑工程,?? ? ?? ??,,구조적 지붕 결속
070015,목재 100mm 이상,Material,Wood & Timber,pcs,6006.51,6006.51,6006.51,6006.51,1,KRW,6487.03,1.08,2,2,建筑工程,?? ?? ??,장식 몰딩,목재 장식 몰딩
070016,내부 100mm 목재,Material,Wood & Timber,pcs,2690.92,2690.92,2690.92,2690.92,1,KRW,2906.19,1.08,2,2,建筑工程,?? ?? ??,장식 몰딩,목재 장식 몰딩
280184,금속 63,Material,Steel & Metal,m,17514.98,17514.98,17514.98,17514.98,1,KRW,18916.18,1.08,2,2,建筑工程,?? ?? ?? - ?4? ???? ??,,
280418,금속 SP-50,Material,Steel & Metal,pcs,379.61,379.61,379.61,379.61,1,KRW,787.32,2.074,2,2,建筑工程,?? ?? ?? - ?4? ???? ??,,
280429,몰딩 38,Material,General,pcs,4108.45,4108.45,4108.45,4108.45,1,KRW,8520.93,2.074,2,2,建筑工程,?? ?? ?? - ?4? ???? ??,,
280417,금속 SP-38,Material,Steel & Metal,pcs,264.29,264.29,264.29,264.29,1,KRW,548.13,2.074,2,2,建筑工程,?? ?? ?? - ?4? ???? ??,,
280098,S1-S4,Material,General,pcs,389.22,389.22,389.22,389.22,1,KRW,397.01,1.02,2,2,建筑工程,?? ?? ?? - ?4? ???? ??,형태 제작 설치,
280073,몰딩 86HS,Material,General,pcs,389.22,389.22,389.22,389.22,1,KRW,397.01,1.02,2,2,建筑工程,?? ?? ?? - ?4? ???? ??,형태 제작 설치,
010233,앵글 강재,Material,Steel & Metal,kg,1054.74,1054.74,1054.74,1054.74,1,KRW,13350.3,12.6574,2,2,建筑工程,?? ??,천장 장식,캐노피 마감재
110056,접착제,Material,General,kg,1970.14,1970.14,1970.14,1970.14,1,KRW,18.52,0.0094,2,2,建筑工程,?? ?? ?? - ?4? ???? ??,,PVC
280277,PVC 접합 및 잠금 70,Material,General,set,2150.33,2150.33,2150.33,2150.33,1,KRW,332.23,0.1545,2,2,建筑工程,?? ?? ?? - ?4? ???? ??,,PVC
280229,PVC 접속 70,Material,General,pcs,1049.94,1049.94,1049.94,1049.94,1,KRW,162.22,0.1545,2,2,建筑工程,?? ?? ?? - ?4? ???? ??,,PVC
210037,100과 함께하는 물,Material,Water,set,7832.49,7832.49,7832.49,7832.49,1,KRW,7832.49,1.0,2,2,建筑工程,"?? ?? ?? - ?10? ??, ??, ??, ??",,
280081,금속 40,Material,Steel & Metal,m,2304.1,2304.1,2304.1,2304.1,1,KRW,2373.22,1.03,2,2,建筑工程,?? ?? ?? - ?4? ???? ??,,
280080,금속 32,Material,Steel & Metal,m,1912.47,1912.47,1912.47,1912.47,1,KRW,1969.85,1.03,2,2,建筑工程,?? ?? ?? - ?4? ???? ??,,
280040,금속 25,Material,Steel & Metal,pcs,110.52,110.52,110.52,110.52,1,KRW,229.22,2.074,2,2,建筑工程,?? ?? ?? - ?4? ???? ??,,
280079,금속 25,Material,Steel & Metal,m,1321.43,1321.43,1321.43,1321.43,1,KRW,1361.08,1.03,2,2,建筑工程,?? ?? ?? - ?4? ???? ??,,
280038,금속 15,Material,Steel & Metal,pcs,93.7,93.7,93.7,93.7,1,KRW,194.33,2.074,2,2,建筑工程,?? ?? ?? - ?4? ???? ??,,
070138,알루미늄 길이 100mm 초과,Material,General,pcs,2642.86,2642.86,2642.86,2642.86,1,KRW,2722.15,1.03,2,2,建筑工程,?? ?? ??,장식 몰딩,알루미늄 장식 몰딩
070137,내부 길이 100mm 알루미늄,Material,General,pcs,1729.87,1729.87,1729.87,1729.87,1,KRW,1781.77,1.03,2,2,建筑工程,?? ?? ??,장식 몰딩,알루미늄 장식 몰딩
280077,금속 15,Material,Steel & Metal,m,708.77,708.77,708.77,708.77,1,KRW,730.03,1.03,2,2,建筑工程,?? ?? ?? - ?4? ???? ??,,
080277,슬래브,Material,General,m2,43246.87,43246.87,43246.87,43246.87,1,KRW,43246.87,1.0,2,2,建筑工程,"? ? ?? ??, ??? ? ???",??? ??,프레임 커튼월 포함
080256,알루미늄 단판,Material,General,m2,84091.13,84091.13,84091.13,84091.13,1,KRW,84091.13,1.0,2,2,建筑工程,"? ? ?? ??, ??? ? ???",??? ??,프레임 커튼월 포함
070110,완성된 목재 장식 기둥 350,Material,Wood & Timber,pcs,436024.52,436024.52,436024.52,436024.52,1,KRW,436024.52,1.0,2,2,建筑工程,"? ? ?? ??, ??? ? ???",??(?) ?? ??,완성된 제품 장식 기둥
070109,완성된 석고 장식 기둥 350,Material,General,pcs,43607.26,43607.26,43607.26,43607.26,1,KRW,43607.26,1.0,2,2,建筑工程,"? ? ?? ??, ??? ? ???",??(?) ?? ??,완성된 제품 장식 기둥
190005,20,Material,General,pcs,8553.27,8553.27,8553.27,8553.27,1,KRW,8638.8,1.01,2,2,建筑工程,"?? ?? ?? - ?10? ??, ??, ??, ??","수도, 수도",수도 설비
010087,강관 530×10,Material,Steel & Metal,m,188652.44,188652.44,188652.44,188652.44,1,KRW,99985.8,0.53,2,2,建筑工程,"?? ?? ?? - ?10? ??, ??, ??, ??",제작 설치,방수 제작
800605,전기,Equipment,General,machine-shift,2762.99,2762.99,2762.99,2762.99,1,KRW,1013.2,0.3667,2,2,建筑工程,?? ? ?? ??,,구조적 지붕 결속
800584,40 (),Equipment,General,machine-shift,956.24,956.24,956.24,956.24,1,KRW,31.83,0.0333,2,2,建筑工程,?? ? ?? ??,,구조적 지붕 결속
120028,기초 슬래브,Material,General,m2,4228.58,4228.58,4228.58,4228.58,1,KRW,4440.01,1.05,2,2,建筑工程,?? ?? ??,마감층,
800199,전기 윈치 (단일) 3t,Equipment,Hoists,machine-shift,25587.73,25587.73,25587.73,25587.73,1,KRW,7164.56,0.28,2,2,建筑工程,"?? ?? ?? - ?10? ??, ??, ??, ??",설치,
170074,PVC 70,Material,General,m,3123.38,3123.38,3123.38,3123.38,1,KRW,3279.55,1.05,2,2,建筑工程,?? ?? ?? - ?4? ???? ??,,PVC
170073,PVC 50,Material,General,m,2114.29,2114.29,2114.29,2114.29,1,KRW,2220.01,1.05,2,2,建筑工程,?? ?? ?? - ?4? ???? ??,,PVC
170072,PVC 40,Material,General,m,1489.61,1489.61,1489.61,1489.61,1,KRW,1564.1,1.05,2,2,建筑工程,?? ?? ?? - ?4? ???? ??,,PVC
170071,PVC 32,Material,General,m,1153.25,1153.25,1153.25,1153.25,1,KRW,1210.91,1.05,2,2,建筑工程,?? ?? ?? - ?4? ???? ??,,PVC
170070,PVC 25,Material,General,m,648.7,648.7,648.7,648.7,1,KRW,681.14,1.05,2,2,建筑工程,?? ?? ?? - ?4? ???? ??,,PVC
280224,PVC 접속 20,Material,General,pcs,144.16,144.16,144.16,144.16,1,KRW,25.25,0.1751,2,2,建筑工程,?? ?? ?? - ?4? ???? ??,,PVC
170069,PVC 20,Material,General,m,552.6,552.6,552.6,552.6,1,KRW,580.23,1.05,2,2,建筑工程,?? ?? ?? - ?4? ???? ??,,PVC
070004,목재 판 스트립 50mm 이상,Material,Wood & Timber,m,2883.12,2883.12,2883.12,2883.12,1,KRW,3113.77,1.08,2,2,建筑工程,?? ?? ??,장식 몰딩,목재 장식 몰딩
070003,내부 50mm 목재 판 스트립,Material,Wood & Timber,m,1297.41,1297.41,1297.41,1297.41,1,KRW,1401.2,1.08,2,2,建筑工程,?? ?? ??,장식 몰딩,목재 장식 몰딩
280025,몰딩,Material,General,pcs,6487.03,6487.03,6487.03,6487.03,1,KRW,6616.77,1.02,2,2,建筑工程,?? ?? ?? - ?4? ???? ??,형태 제작 설치,
800203,전기 100 초과,Equipment,General,machine-shift,20181.87,20181.87,20181.87,20181.87,1,KRW,1533.82,0.076,2,2,建筑工程,"?? ?? ?? - ?10? ??, ??, ??, ??",,
280223,PVC 접속 15,Material,General,pcs,127.34,127.34,127.34,127.34,1,KRW,22.3,0.1751,2,2,建筑工程,?? ?? ?? - ?4? ???? ??,,PVC
170068,PVC 15,Material,General,m,432.47,432.47,432.47,432.47,1,KRW,454.09,1.05,2,2,建筑工程,?? ?? ?? - ?4? ???? ??,,PVC
280065,(강관) 80,Material,Steel & Metal,pcs,197.01,197.01,197.01,197.01,1,KRW,30.44,0.1545,2,2,建筑工程,?? ?? ?? - ?4? ???? ??,,???? ??
280245,용접 강관 이음 40,Material,Steel & Metal,pcs,612.66,612.66,612.66,612.66,1,KRW,100.96,0.1648,2,2,建筑工程,?? ?? ?? - ?4? ???? ??,,?? ??
090081,록 너트 100,Material,Fasteners,pcs,350.78,350.78,350.78,350.78,1,KRW,54.2,0.1545,2,2,建筑工程,?? ?? ?? - ?4? ???? ??,,?? ??
090115,볼트 27×(120 140) 포함,Material,Fasteners,set,2010.98,2010.98,2010.98,2010.98,1,KRW,37283.56,18.54,2,2,建筑工程,"?? ?? ?? - ?10? ??, ??, ??, ??",설치,물 ()
100216,접착제 슬래브 182×148×14,Material,General,pcs,2931.18,2931.18,2931.18,2931.18,1,KRW,25120.18,8.57,2,2,建筑工程,?? ?? ?? - ?11? ???? ? ??,,
110442,도장(성형 및 연마),Material,General,kg,13935.1,13935.1,13935.1,13935.1,1,KRW,2814.89,0.202,2,2,建筑工程,?? ? ?? ??,,프로파일 및 기타 지붕 자재
060007,석재 바닥 타일,Material,General,m2,14055.23,14055.23,14055.23,14055.23,1,KRW,14336.34,1.02,2,2,建筑工程,?? ? ?? ??,,프로파일 및 기타 지붕 자재
310007,몰딩 J-2,Material,General,pcs,4228.58,4228.58,4228.58,4228.58,1,KRW,8541.74,2.02,2,2,建筑工程,?? ?? ?? - ?4? ???? ??,,몰딩 및 강철 제작 설치
170013,PVC-U 수도관 50,Material,Water,m,2186.37,2186.37,2186.37,2186.37,1,KRW,1598.24,0.731,2,2,建筑工程,"?? ?? ?? - ?10? ??, ??, ??, ??",,
170230,복합 100,Material,General,m,49733.9,49733.9,49733.9,49733.9,1,KRW,50604.24,1.0175,2,2,建筑工程,"?? ?? ?? - ?10? ??, ??, ??, ??",강복합재,
170229,복합 80,Material,General,m,40363.74,40363.74,40363.74,40363.74,1,KRW,41070.11,1.0175,2,2,建筑工程,"?? ?? ?? - ?10? ??, ??, ??, ??",강복합재,
170228,복합 70,Material,General,m,30032.55,30032.55,30032.55,30032.55,1,KRW,30558.12,1.0175,2,2,建筑工程,"?? ?? ?? - ?10? ??, ??, ??, ??",강복합재,
170227,복합 50,Material,General,m,23689.67,23689.67,23689.67,23689.67,1,KRW,24104.24,1.0175,2,2,建筑工程,"?? ?? ?? - ?10? ??, ??, ??, ??",강복합재,
170226,복합 40,Material,General,m,17082.51,17082.51,17082.51,17082.51,1,KRW,17381.46,1.0175,2,2,建筑工程,"?? ?? ?? - ?10? ??, ??, ??, ??",강복합재,
170016,PVC-U 수도관 125,Material,Water,m,7592.23,7592.23,7592.23,7592.23,1,KRW,7227.8,0.952,2,2,建筑工程,"?? ?? ?? - ?10? ??, ??, ??, ??",,
070044,PVC 표면 100mm 이상,Material,General,pcs,5189.62,5189.62,5189.62,5189.62,1,KRW,5345.31,1.03,2,2,建筑工程,?? ?? ??,장식 몰딩,장식 몰딩
120140,기초 슬래브 0.20m2 초과,Material,General,m2,19220.83,19220.83,19220.83,19220.83,1,KRW,19605.25,1.02,2,2,建筑工程,?? ?? ??,마감층,
070043,PVC 표면 100mm 내,Material,General,pcs,2402.6,2402.6,2402.6,2402.6,1,KRW,2474.68,1.03,2,2,建筑工程,?? ?? ??,장식 몰딩,장식 몰딩
850132,AD2291Z,Equipment,General,machine-shift,6414.95,6414.95,6414.95,6414.95,1,KRW,1732.04,0.27,2,2,建筑工程,?? ?? ?? - ?4? ???? ??,전기,"10kV, 단상"
170014,PVC-U 수도관 75,Material,Water,m,3796.11,3796.11,3796.11,3796.11,1,KRW,3676.54,0.9685,2,2,建筑工程,"?? ?? ?? - ?10? ??, ??, ??, ??",,
150123,전기 24AH,Material,General,pcs,175390.07,175390.07,175390.07,175390.07,1,KRW,7015.6,0.04,2,2,建筑工程,?? ?? ?? - ?9? ??,,
010196,강판 2.5,Material,Steel & Metal,m2,50166.37,50166.37,50166.37,50166.37,1,KRW,782.59,0.0156,2,2,建筑工程,?? ?? ?? - ?9? ??,,
010197,강관 10,Material,Steel & Metal,m,6126.64,6126.64,6126.64,6126.64,1,KRW,3786.26,0.618,2,2,建筑工程,?? ?? ?? - ?9? ??,,
130064,유리 울 슬래브,Material,Glass,m3,100909.36,100909.36,100909.36,100909.36,1,KRW,5772.02,0.0572,2,2,建筑工程,?? ? ?? ??,,천장
020006,추가 콘크리트,Material,Concrete & Cement,m3,84091.13,84091.13,84091.13,84091.13,1,KRW,85772.95,1.02,2,2,建筑工程,?? ??,블록 조적,
090098,볼트 10×(40 60) 포함,Material,Fasteners,set,110.52,110.52,110.52,110.52,1,KRW,276.3,2.5,2,2,建筑工程,?? ?? ?? - ?9? ??,,
070106,완성된 목재 기둥 높이 500mm 내,Material,Wood & Timber,pcs,332256.07,332256.07,332256.07,332256.07,1,KRW,332256.07,1.0,2,2,建筑工程,"? ? ?? ??, ??? ? ???",??(?) ?? ??,완성된 제품 장식 기둥
070105,완성된 목재 기둥 높이 350mm 이내,Material,Wood & Timber,pcs,163713.42,163713.42,163713.42,163713.42,1,KRW,163713.42,1.0,2,2,建筑工程,"? ? ?? ??, ??? ? ???",??(?) ?? ??,완성된 제품 장식 기둥
091068,강판,Material,Steel & Metal,m2,43246.87,43246.87,43246.87,43246.87,1,KRW,43246.87,1.0,2,2,建筑工程,"? ? ?? ??, ??? ? ???",??(?) ?? ??,??(?) ?? ??
010391,강판,Material,Steel & Metal,m2,156169.24,156169.24,156169.24,156169.24,1,KRW,181546.74,1.1625,2,2,建筑工程,"? ? ?? ??, ??? ? ???",??(?) ?? ??,??(?) ?? ??
080233,금속 원형 200,Material,Steel & Metal,pcs,1455.98,1455.98,1455.98,1455.98,1,KRW,37127.44,25.5,2,2,建筑工程,?? ??,?? ?? ? ?? ??,매달린 천장
080231,금속 원형 150,Material,Steel & Metal,pcs,1220.52,1220.52,1220.52,1220.52,1,KRW,55326.29,45.33,2,2,建筑工程,?? ??,?? ?? ? ?? ??,매달린 천장
280246,용접 강관 이음 50,Material,Steel & Metal,pcs,876.95,876.95,876.95,876.95,1,KRW,144.52,0.1648,2,2,建筑工程,?? ?? ?? - ?4? ???? ??,,?? ??
050009,유리 마감 제품,Material,Glass,m2,84091.13,84091.13,84091.13,84091.13,1,KRW,86613.86,1.03,2,2,建筑工程,"? ? ?? ??, ??? ? ???",??(?) ?? ??,??(?) ?? ??
030057,표면 슬래브,Material,General,m2,6246.77,6246.77,6246.77,6246.77,1,KRW,7130.69,1.1415,2,2,建筑工程,"? ? ?? ??, ??? ? ???",??(?) ?? ??,??(?) ?? ??
180146,평탄 (1.6MPa) 125,Material,General,pcs,12974.06,12974.06,12974.06,12974.06,1,KRW,25948.12,2.0,2,2,建筑工程,"?? ?? ?? - ?10? ??, ??, ??, ??",수 water,물 ()
180637,아연 도금 스플라이스(복합),Material,General,pcs,2762.99,2762.99,2762.99,2762.99,1,KRW,610.48,0.221,2,2,建筑工程,"?? ?? ?? - ?10? ??, ??, ??, ??",,설치
090103,볼트 12×(65 80) 포함,Material,Fasteners,set,160.97,160.97,160.97,160.97,1,KRW,386.82,2.403,2,2,建筑工程,"?? ?? ?? - ?10? ??, ??, ??, ??",,설치
020015,프리캐스트 콘크리트,Material,Concrete & Cement,m3,103311.96,103311.96,103311.96,103311.96,1,KRW,1745.97,0.0169,2,2,建筑工程,"?? ?? ?? - ?10? ??, ??, ??, ??",,설치
010049,아연 도금 강관 25,Material,Steel & Metal,kg,1184.48,1184.48,1184.48,1184.48,1,KRW,784.13,0.662,2,2,建筑工程,?? ?? ??,"???, ??, ??? ??",목재 벽 손잡이
090410,아연도금 80,Material,General,pcs,1037.92,1037.92,1037.92,1037.92,1,KRW,1238.76,1.1935,2,2,建筑工程,?? ?? ??,"???, ??, ??? ??",목재 벽 손잡이
030062,목재 손잡이 (직선) 105×65,Material,Wood & Timber,m,23809.8,23809.8,23809.8,23809.8,1,KRW,26905.08,1.13,2,2,建筑工程,?? ?? ??,"???, ??, ??? ??",목재 벽 손잡이
030051,목재 난간 40,Material,Wood & Timber,m,3916.24,3916.24,3916.24,3916.24,1,KRW,16533.79,4.2218,2,2,建筑工程,?? ?? ??,"???, ??, ??? ??","목재 난간, 난간, 난간판"
100281,실란트,Material,Rubber,pcs,6727.29,6727.29,6727.29,6727.29,1,KRW,538.18,0.08,2,2,建筑工程,"? ? ?? ??, ??? ? ???",??? ??,유리 커튼월
090080,록 너트 80,Material,Fasteners,pcs,293.12,293.12,293.12,293.12,1,KRW,45.29,0.1545,2,2,建筑工程,?? ?? ?? - ?4? ???? ??,,?? ??
090085,아연 도금 잠금 너트 32,Material,Fasteners,pcs,182.6,182.6,182.6,182.6,1,KRW,28.21,0.1545,2,2,建筑工程,?? ?? ?? - ?4? ???? ??,,???? ??
090084,아연 도금 잠금 너트 25,Material,Fasteners,pcs,148.96,148.96,148.96,148.96,1,KRW,23.02,0.1545,2,2,建筑工程,?? ?? ?? - ?4? ???? ??,,???? ??
090074,락 너트 20,Material,Fasteners,pcs,84.09,84.09,84.09,84.09,1,KRW,100.04,1.1898,2,2,建筑工程,?? ?? ?? - ?4? ???? ??,형태 제작 설치,?? ??
280058,(강관) 15,Material,Steel & Metal,pcs,33.64,33.64,33.64,33.64,1,KRW,5.19,0.1545,2,2,建筑工程,?? ?? ?? - ?4? ???? ??,,?? ??
850046,FLUK2000,Equipment,General,machine-shift,33107.88,33107.88,33107.88,33107.88,1,KRW,1034.62,0.0312,2,2,建筑工程,?? ?? ?? - ?5? ?? ??? ???,,
850026,메쉬 FWKE,Equipment,General,machine-shift,22457.14,22457.14,22457.14,22457.14,1,KRW,336857.05,15.0,2,2,建筑工程,?? ?? ?? - ?5? ?? ??? ???,메쉬,
090292,50g/,Material,General,kg,8649.37,8649.37,8649.37,8649.37,1,KRW,172.99,0.02,2,2,建筑工程,?? ?? ?? - ?5? ?? ??? ???,,설치
010535,200mm×0.2mm 포함,Material,General,m,4805.21,4805.21,4805.21,4805.21,1,KRW,72078.11,15.0,2,2,建筑工程,?? ?? ?? - ?4? ???? ??,전기,
800071,숏크리트 기계,Equipment,General,machine-shift,4661.05,4661.05,4661.05,4661.05,1,KRW,41.95,0.009,2,2,建筑工程,?? ? ?? ??,,천장
150182,마감 코팅 없음,Equipment,General,kg,480.52,480.52,480.52,480.52,1,KRW,239.3,0.498,2,2,建筑工程,?? ? ?? ??,,천장
150181,no,Equipment,General,kg,624.68,624.68,624.68,624.68,1,KRW,4685.08,7.5,2,2,建筑工程,?? ? ?? ??,,천장
110454,수성 접착제,Material,Water,kg,127.34,127.34,127.34,127.34,1,KRW,95.5,0.75,2,2,建筑工程,?? ? ?? ??,,천장
800274,크레인 6t,Equipment,Cranes,machine-shift,85652.82,85652.82,85652.82,85652.82,1,KRW,17130.56,0.2,2,2,建筑工程,"?? ?? ?? - ?10? ??, ??, ??, ??",수도 설비,
170556,PVC-U 워터 스톱 50,Material,Water,pcs,454.09,454.09,454.09,454.09,1,KRW,458.63,1.01,2,2,建筑工程,"?? ?? ?? - ?10? ??, ??, ??, ??",,
100292,금속 석재 100,Material,Steel & Metal,pcs,19076.67,19076.67,19076.67,19076.67,1,KRW,39297.95,2.06,2,2,建筑工程,"?? ?? ?? - ?10? ??, ??, ??, ??",,설치
180131,평탄 (1.0MPa) 300,Material,General,pcs,43967.65,43967.65,43967.65,43967.65,1,KRW,43967.65,1.0,2,2,建筑工程,"?? ?? ?? - ?10? ??, ??, ??, ??",,설치
800198,전기 윈치 (단일) 1t,Equipment,Hoists,machine-shift,24506.56,24506.56,24506.56,24506.56,1,KRW,82587.1,3.37,2,2,建筑工程,"?? ?? ?? - ?10? ??, ??, ??, ??",수 water,수도 설비
180141,평탄 (1.6MPa) 40,Material,General,pcs,3940.27,3940.27,3940.27,3940.27,1,KRW,5910.41,1.5,2,2,建筑工程,"?? ?? ?? - ?10? ??, ??, ??, ??","수도, 수도",수도 설비
180152,평탄 (1.6MPa) 400,Material,General,pcs,87935.3,87935.3,87935.3,87935.3,1,KRW,131902.94,1.5,2,2,建筑工程,"?? ?? ?? - ?10? ??, ??, ??, ??",수 water,물 ()
180150,평탄 (1.6MPa) 300,Material,General,pcs,44400.12,44400.12,44400.12,44400.12,1,KRW,66600.18,1.5,2,2,建筑工程,"?? ?? ?? - ?10? ??, ??, ??, ??",수 water,물 ()
010148,강판 300×300×6,Material,Steel & Metal,kg,1309.42,1309.42,1309.42,1309.42,1,KRW,5892.39,4.5,2,2,建筑工程,?? ?? ?? - ?4? ???? ??,,설치
300025,아연도금 앵글 강재 63×63×6×1400,Material,Steel & Metal,pcs,10187.04,10187.04,10187.04,10187.04,1,KRW,10217.6,1.003,2,2,建筑工程,?? ?? ?? - ?4? ???? ??,,설치
300011,아연도금 평강판 65×8×480,Material,Steel & Metal,pcs,557.4,557.4,557.4,557.4,1,KRW,1680.57,3.015,2,2,建筑工程,?? ?? ?? - ?4? ???? ??,,설치
300005,아연 도금 원형봉 16×670,Material,General,pair,1616.95,1616.95,1616.95,1616.95,1,KRW,1625.03,1.005,2,2,建筑工程,?? ?? ?? - ?4? ???? ??,,설치
010004,철근망 포함,Material,Steel & Metal,kg,1218.12,1218.12,1218.12,1218.12,1,KRW,1218120.09,1000.0,2,2,建筑工程,???? ? ?????? ??,철근 공사,
090962,잠금,Material,General,단위,6006.51,6006.51,6006.51,6006.51,1,KRW,9069.83,1.51,2,2,建筑工程,?? ?? ??,,
100027,접착제,Material,General,m,5550.01,5550.01,5550.01,5550.01,1,KRW,5716.52,1.03,2,2,建筑工程,?? ?? ??,걸레받이,
120101,산소 접착제 직경 8 두께 1.5,Material,Chemicals,m,1525.65,1525.65,1525.65,1525.65,1,KRW,4576.96,3.0,2,2,建筑工程,?? ?? ?? - ?11? ???? ? ??,,
300033,아연도금 앵글 강재 75×75×6×2100,Material,Steel & Metal,pcs,20181.87,20181.87,20181.87,20181.87,1,KRW,40484.83,2.006,2,2,建筑工程,?? ?? ?? - ?4? ???? ??,,설치
090967,스테인리스 스틸 난간,Material,Steel & Metal,pcs,108117.17,108117.17,108117.17,108117.17,1,KRW,108117.17,1.0,2,2,建筑工程,?? ?? ??,,손잡이대
090488,스테인리스 강,Material,Steel & Metal,set,21623.43,21623.43,21623.43,21623.43,1,KRW,21623.43,1.0,2,2,建筑工程,?? ?? ??,,
090975,틀,Material,General,set,96104.15,96104.15,96104.15,96104.15,1,KRW,96104.15,1.0,2,2,建筑工程,?? ?? ??,,틀
090976,스테인리스강 프레임,Material,Steel & Metal,set,36039.06,36039.06,36039.06,36039.06,1,KRW,36039.06,1.0,2,2,建筑工程,?? ?? ??,,틀
090689,알루미늄 합금 메쉬 슬래브,Material,General,m2,19797.45,19797.45,19797.45,19797.45,1,KRW,11878.47,0.6,2,2,建筑工程,?? ?? ??,,금속
090401,알루미늄 합금 프로필,Material,General,m,5862.35,5862.35,5862.35,5862.35,1,KRW,26773.37,4.567,2,2,建筑工程,?? ?? ??,,금속
030075,목재 표면,Material,Wood & Timber,m,16674.07,16674.07,16674.07,16674.07,1,KRW,16840.81,1.01,2,2,建筑工程,?? ?? ??,,마감판
010159,강철 168×7,Material,Steel & Metal,m,53169.62,53169.62,53169.62,53169.62,1,KRW,1648.26,0.031,2,2,建筑工程,?? ?? ?? - ?4? ???? ??,,???? ??
010158,강철 143×4.5,Material,Steel & Metal,m,29071.5,29071.5,29071.5,29071.5,1,KRW,901.22,0.031,2,2,建筑工程,?? ?? ?? - ?4? ???? ??,,???? ??
010157,강철 121×4,Material,Steel & Metal,m,26404.61,26404.61,26404.61,26404.61,1,KRW,818.54,0.031,2,2,建筑工程,?? ?? ?? - ?4? ???? ??,,???? ??
090172,접지 볼트 25×250,Material,Fasteners,set,1799.55,1799.55,1799.55,1799.55,1,KRW,18535.37,10.3,2,2,建筑工程,"?? ?? ?? - ?10? ??, ??, ??, ??",설치,
030074,목재 슬래브,Material,Wood & Timber,m2,19893.56,19893.56,19893.56,19893.56,1,KRW,9151.04,0.46,2,2,建筑工程,?? ?? ??,,마감판
080216,주형 길이,Material,General,pcs,285.91,285.91,285.91,285.91,1,KRW,56.12,0.1963,2,2,建筑工程,?? ??,?? ?? ? ?? ??,?? ???
080053,V자형 경량 강철 케일 VB20-1,Material,Steel & Metal,pcs,98.51,98.51,98.51,98.51,1,KRW,135.41,1.3747,2,2,建筑工程,?? ??,?? ?? ? ?? ??,?? ???
840008,파일,Material,General,kg,999.48,999.48,999.48,999.48,1,KRW,412.79,0.413,2,2,建筑工程,?? ?? ? ?? ??,,
390169,슬래브,Material,General,m3,456494.71,456494.71,456494.71,456494.71,1,KRW,456494.71,1.0,2,2,建筑工程,???? ? ?????? ??,프리캐스트 콘크리트 계단,
390168,계단 디딤판,Material,General,m3,512547.45,512547.45,512547.45,512547.45,1,KRW,512547.45,1.0,2,2,建筑工程,???? ? ?????? ??,프리캐스트 콘크리트 계단,
010480,복합 철근,Material,Steel & Metal,kg,840.91,840.91,840.91,840.91,1,KRW,849320.41,1010.0,2,2,建筑工程,???? ? ?????? ??,철근 공사,
080049,V자형 경량 강철 케일 VB49-3,Material,Steel & Metal,pcs,141.75,141.75,141.75,141.75,1,KRW,680.06,4.7975,2,2,建筑工程,?? ??,?? ?? ? ?? ??,?? ???
090483,스테인리스 강,Material,Steel & Metal,set,7207.81,7207.81,7207.81,7207.81,1,KRW,7207.81,1.0,2,2,建筑工程,?? ?? ??,,
100279,수밀 접착 테이프 20×30,Material,Water,m,4805.21,4805.21,4805.21,4805.21,1,KRW,13985.56,2.9105,2,2,建筑工程,?? ? ?? ??,"??? ? ?? ??, ??",바닥 모르타르 방수
100277,수밀 접착 스트립 10×10,Material,Water,m,1922.08,1922.08,1922.08,1922.08,1,KRW,2613.07,1.3595,2,2,建筑工程,?? ? ?? ??,"??? ? ?? ??, ??",바닥 모르타르 방수
080164,알루미늄 합금 스트립 슬래브 100mm 폭,Material,General,m2,11532.5,11532.5,11532.5,11532.5,1,KRW,22437.63,1.9456,2,2,建筑工程,"? ? ?? ??, ??? ? ???",칸막이,금속 칸막이
080041,V형 경량 강철 주형 VB49×19,Material,Steel & Metal,m,992.28,992.28,992.28,992.28,1,KRW,3617.34,3.6455,2,2,建筑工程,?? ??,?? ?? ? ?? ??,?? ???
090380,스테인리스강 프레임,Material,Steel & Metal,set,11051.98,11051.98,11051.98,11051.98,1,KRW,11051.98,1.0,2,2,建筑工程,?? ?? ??,,
090448,틀,Material,General,set,14415.62,14415.62,14415.62,14415.62,1,KRW,14415.62,1.0,2,2,建筑工程,?? ?? ??,,
310036,및 볼트 WX-01,Material,Fasteners,set,2025.39,2025.39,2025.39,2025.39,1,KRW,2086.16,1.03,2,2,建筑工程,?? ?? ?? - ?4? ???? ??,"성형 및 제작, 설치",
090156,볼트 16×250,Material,Fasteners,set,2883.12,2883.12,2883.12,2883.12,1,KRW,2940.79,1.02,2,2,建筑工程,?? ?? ?? - ?4? ???? ??,"성형 및 제작, 설치",몰딩 및 강철 제작 설치
090155,볼트 14×270,Material,Fasteners,set,2376.18,2376.18,2376.18,2376.18,1,KRW,2423.7,1.02,2,2,建筑工程,?? ?? ?? - ?4? ???? ??,"성형 및 제작, 설치",
150196,석재 2.5,Material,General,m2,6246.77,6246.77,6246.77,6246.77,1,KRW,3435.72,0.55,2,2,建筑工程,?? ?? ?? - ?4? ???? ??,전기 건조,
350067,몰딩 BX-16,Material,General,m,2618.84,2618.84,2618.84,2618.84,1,KRW,60233.28,23.0,2,2,建筑工程,?? ?? ?? - ?4? ???? ??,전기 건조,
850139,복합 높이 CZS,Equipment,General,machine-shift,18788.36,18788.36,18788.36,18788.36,1,KRW,42273.81,2.25,2,2,建筑工程,?? ?? ?? - ?4? ???? ??,전기,고전압 전기
850008,HP-54512B,Equipment,General,machine-shift,51223.51,51223.51,51223.51,51223.51,1,KRW,589070.38,11.5,2,2,建筑工程,?? ?? ?? - ?4? ???? ??,전기,고전압 전기
010147,강판 6,Material,Steel & Metal,kg,1789.94,1789.94,1789.94,1789.94,1,KRW,7446.15,4.16,2,2,建筑工程,?? ?? ?? - ?4? ???? ??,,설치
090974,스테인리스 스틸 난간,Material,Steel & Metal,pcs,50454.68,50454.68,50454.68,50454.68,1,KRW,50454.68,1.0,2,2,建筑工程,?? ?? ??,,손잡이대
150187,전기,Material,General,set,19220829.75,19220829.75,19220829.75,19220829.75,1,KRW,19220829.75,1.0,2,2,建筑工程,?? ?? ??,,금속
300072,강관,Material,Steel & Metal,pcs,26020.2,26020.2,26020.2,26020.2,1,KRW,26020.2,1.0,2,2,建筑工程,?? ?? ?? - ?4? ???? ??,,제작
390170,콘크리트 슬래브 550×250×30,Material,Concrete & Cement,pcs,1170.07,1170.07,1170.07,1170.07,1,KRW,2527.35,2.16,2,2,建筑工程,?? ?? ?? - ?4? ???? ??,"전기 배관, 슬래브(벽돌) 및 슬래브",
280542,전기 포함,Material,General,m,1922.08,1922.08,1922.08,1922.08,1,KRW,2018.19,1.05,2,2,建筑工程,?? ?? ?? - ?4? ???? ??,"전기 배관, 슬래브(벽돌) 및 슬래브",
180215,아연 도금 강관 이음 () 100,Material,Steel & Metal,pcs,6438.98,6438.98,6438.98,6438.98,1,KRW,2813.83,0.437,2,2,建筑工程,?? ?? ?? - ?9? ??,,
180009,아연도금 25,Material,General,pcs,398.83,398.83,398.83,398.83,1,KRW,321.06,0.805,2,2,建筑工程,?? ?? ?? - ?7? ?? ? ??,,
080752,복합 켈,Material,General,m3,552598.86,552598.86,552598.86,552598.86,1,KRW,1823.58,0.0033,2,2,建筑工程,"? ? ?? ??, ??? ? ???",?? ?? ??,?? ???
080751,앵글 강재 75×50×5,Material,Steel & Metal,kg,1105.2,1105.2,1105.2,1105.2,1,KRW,1183.55,1.0709,2,2,建筑工程,"? ? ?? ??, ??? ? ???",?? ?? ??,?? ???
080750,각형 강철 케일 50×50×4,Material,Steel & Metal,kg,1105.2,1105.2,1105.2,1105.2,1,KRW,4969.74,4.4967,2,2,建筑工程,"? ? ?? ??, ??? ? ???",?? ?? ??,?? ???
080749,알루미늄 합금 수평 U형 60×30,Material,General,m,1282.99,1282.99,1282.99,1282.99,1,KRW,4082.86,3.1823,2,2,建筑工程,"? ? ?? ??, ??? ? ???",?? ?? ??,?? ???
080224,목재 장식판,Material,Wood & Timber,m2,48052.07,48052.07,48052.07,48052.07,1,KRW,51415.72,1.07,2,2,建筑工程,"? ? ?? ??, ??? ? ???",?? ?? ??,?? ???
810175,폴리 시멘트 펄라이트 모르타르,Material,Concrete & Cement,m3,156169.24,156169.24,156169.24,156169.24,1,KRW,5559.63,0.0356,2,2,建筑工程,?? ? ?? ??,,
390131,특수형 기둥,Material,General,m3,648703.0,648703.0,648703.0,648703.0,1,KRW,648703.0,1.0,2,2,建筑工程,???? ? ?????? ??,프리캐스트 콘크리트 기둥,
850221,몰딩 XJ-02,Equipment,General,machine-shift,12986.07,12986.07,12986.07,12986.07,1,KRW,16557.23,1.275,2,2,建筑工程,?? ?? ?? - ?6? ???? ??,메쉬 및,메쉬
120155,강판,Material,Steel & Metal,m2,96104.15,96104.15,96104.15,96104.15,1,KRW,201818.71,2.1,2,2,建筑工程,"? ? ?? ??, ??? ? ???",칸막이,금속 칸막이
170099,유리강 50,Material,Steel & Metal,pcs,1393.51,1393.51,1393.51,1393.51,1,KRW,1407.45,1.01,2,2,建筑工程,?? ? ?? ??,?? ?? ? ?? ??,지붕 배수
170098,유리강 90° 50,Material,Steel & Metal,pcs,1162.86,1162.86,1162.86,1162.86,1,KRW,1174.49,1.01,2,2,建筑工程,?? ? ?? ??,?? ?? ? ?? ??,지붕 배수
080046,V자형 경량 강철 케일 VB49-L,Material,Steel & Metal,pcs,165.78,165.78,165.78,165.78,1,KRW,55.81,0.3367,2,2,建筑工程,?? ??,?? ?? ? ?? ??,?? ???
080045,V자형 경량 강철 케일 VL25×20,Material,Steel & Metal,m,860.13,860.13,860.13,860.13,1,KRW,607.86,0.7067,2,2,建筑工程,?? ??,?? ?? ? ?? ??,?? ???
080044,V자형 경량 강철 주형 VB20×37,Material,Steel & Metal,m,660.72,660.72,660.72,660.72,1,KRW,817.1,1.2367,2,2,建筑工程,?? ??,?? ?? ? ?? ??,?? ???
280199,금속 BP-101,Material,Steel & Metal,pcs,1278.19,1278.19,1278.19,1278.19,1,KRW,2633.06,2.06,2,2,建筑工程,?? ?? ?? - ?4? ???? ??,,
280434,몰딩 101,Material,General,pcs,19917.58,19917.58,19917.58,19917.58,1,KRW,41030.22,2.06,2,2,建筑工程,?? ?? ?? - ?4? ???? ??,,
280197,금속 BP-76,Material,Steel & Metal,pcs,891.37,891.37,891.37,891.37,1,KRW,1836.21,2.06,2,2,建筑工程,?? ?? ?? - ?4? ???? ??,,
280432,몰딩 76,Material,General,pcs,10451.33,10451.33,10451.33,10451.33,1,KRW,21529.73,2.06,2,2,建筑工程,?? ?? ?? - ?4? ???? ??,,
280195,금속 BP-50,Material,Steel & Metal,pcs,497.34,497.34,497.34,497.34,1,KRW,1024.52,2.06,2,2,建筑工程,?? ?? ?? - ?4? ???? ??,,
280430,몰딩 50,Material,General,pcs,4685.08,4685.08,4685.08,4685.08,1,KRW,9651.26,2.06,2,2,建筑工程,?? ?? ?? - ?4? ???? ??,,
370203,강철 칸막이,Material,Steel & Metal,m2,72078.11,72078.11,72078.11,72078.11,1,KRW,73519.67,1.02,2,2,建筑工程,"? ? ?? ??, ??? ? ???",칸막이,칸막이
370202,강철 칸막이,Material,Steel & Metal,m2,108117.17,108117.17,108117.17,108117.17,1,KRW,110279.51,1.02,2,2,建筑工程,"? ? ?? ??, ??? ? ???",칸막이,칸막이
390126,형틀 슬래브,Material,General,m3,344052.85,344052.85,344052.85,344052.85,1,KRW,344052.85,1.0,2,2,建筑工程,???? ? ?????? ??,????? ???? ???,
390125,메쉬 프레임 슬래브,Material,General,m3,365195.77,365195.77,365195.77,365195.77,1,KRW,365195.77,1.0,2,2,建筑工程,???? ? ?????? ??,????? ???? ???,
010577,용융 아연 도금 단면 강재,Material,Steel & Metal,kg,1357.47,1357.47,1357.47,1357.47,1,KRW,1438919.37,1060.0,2,2,建筑工程,"? ? ?? ??, ??? ? ???",?? ?? ??,?? ???
010394,스테인리스 강 프로필,Material,Steel & Metal,kg,6006.51,6006.51,6006.51,6006.51,1,KRW,6366899.85,1060.0,2,2,建筑工程,"? ? ?? ??, ??? ? ???",?? ?? ??,?? ???
010532,보통 강판 0 3 8 20,Material,Steel & Metal,kg,1230.13,1230.13,1230.13,1230.13,1,KRW,246.03,0.2,2,2,建筑工程,?? ?? ?? - ?9? ??,,
091441,강용접봉,Material,Steel & Metal,kg,4805.21,4805.21,4805.21,4805.21,1,KRW,792.86,0.165,2,2,建筑工程,?? ?? ?? - ?9? ??,,
010168,강관 22×2.5 없음,Material,Steel & Metal,m,2056.63,2056.63,2056.63,2056.63,1,KRW,20.57,0.01,2,2,建筑工程,?? ?? ?? - ?9? ??,,
090102,볼트 12×(40 60) 포함,Material,Fasteners,set,129.74,129.74,129.74,129.74,1,KRW,534.53,4.12,2,2,建筑工程,?? ?? ?? - ?9? ??,제작 설치,방수 제작
030055,목재 표면 판,Material,Wood & Timber,m2,10811.72,10811.72,10811.72,10811.72,1,KRW,25948.12,2.4,2,2,建筑工程,"? ? ?? ??, ??? ? ???",칸막이,완성된 제품 칸막이
800181,전기 윈치 (단일) 3t,Equipment,Hoists,machine-shift,25731.89,25731.89,25731.89,25731.89,1,KRW,2573.19,0.1,2,2,建筑工程,?? ?? ?? - ?4? ???? ??,전기 설비,
150058,유리 포함,Equipment,General,pcs,2037.41,2037.41,2037.41,2037.41,1,KRW,2037.41,1.0,2,2,建筑工程,?? ?? ??,,
010362,아연도강관(복합),Material,Steel & Metal,kg,1153.25,1153.25,1153.25,1153.25,1,KRW,599.69,0.52,2,2,建筑工程,?? ?? ?? - ?7? ?? ? ??,,
050017,유리 거울 (5mm),Material,Glass,m2,18019.53,18019.53,18019.53,18019.53,1,KRW,26975.23,1.497,2,2,建筑工程,?? ?? ??,,거울 마감 유리
030128,합판 18mm,Material,Wood & Timber,m2,9129.89,9129.89,9129.89,9129.89,1,KRW,42330.75,4.6365,2,2,建筑工程,?? ?? ??,,
030133,높이 500mm,Material,General,m,132143.2,132143.2,132143.2,132143.2,1,KRW,132143.2,1.0,2,2,建筑工程,?? ?? ??,,
070126,원형 몰딩,Material,General,m,480.52,480.52,480.52,480.52,1,KRW,1449.97,3.0175,2,2,建筑工程,?? ?? ??,,
070125,목재 몰딩,Material,Wood & Timber,m,840.91,840.91,840.91,840.91,1,KRW,2572.77,3.0595,2,2,建筑工程,?? ?? ??,,
370148,문,Material,General,m2,187403.09,187403.09,187403.09,187403.09,1,KRW,187403.09,1.0,2,2,建筑工程,? ? ?? ??,금속문,
060052,화강암 연마,Material,General,m2,52857.28,52857.28,52857.28,52857.28,1,KRW,59834.44,1.132,2,2,建筑工程,?? ?? ??,장식용,
060018,특수형 화강암 판,Material,General,m2,85748.93,85748.93,85748.93,85748.93,1,KRW,101921.16,1.1886,2,2,建筑工程,?? ?? ??,장식용,
120018,3 5 두께,Material,General,m2,1009.09,1009.09,1009.09,1009.09,1,KRW,1019.18,1.01,2,2,建筑工程,?? ?? ??,마감층,목재 바닥 슬래브
030023,복합 목재 바닥판,Material,Wood & Timber,m2,21743.56,21743.56,21743.56,21743.56,1,KRW,22830.74,1.05,2,2,建筑工程,?? ?? ??,마감층,목재 바닥 슬래브
800159,벤치 그라인더,Equipment,General,machine-shift,271.49,271.49,271.49,271.49,1,KRW,79.0,0.291,2,2,建筑工程,????? ??,금속 접합 구조 현장 및 기타 항목,
280364,금속 접지 101,Material,Steel & Metal,pcs,2083.06,2083.06,2083.06,2083.06,1,KRW,2145.55,1.03,2,2,建筑工程,?? ?? ?? - ?4? ???? ??,,
020106,특수형 블록,Material,General,m3,100909.36,100909.36,100909.36,100909.36,1,KRW,16851.86,0.167,2,2,建筑工程,?? ??,블록 조적,
110168,실란트 KS형,Material,Rubber,kg,3700.01,3700.01,3700.01,3700.01,1,KRW,277.5,0.075,2,2,建筑工程,?? ?? ?? - ?7? ?? ? ??,,제작 설치
090094,볼트 8×(16 25) 포함,Material,Fasteners,set,43.25,43.25,43.25,43.25,1,KRW,239.37,5.535,2,2,建筑工程,?? ?? ?? - ?7? ?? ? ??,,"강판 설치 (3mm 이내, 용접)"
110076,더블 A 폴리,Material,General,kg,10114.96,10114.96,10114.96,10114.96,1,KRW,3686.9,0.3645,2,2,建筑工程,?? ? ?? ??,??,분리층
030020,목재 걸레받이,Material,Wood & Timber,m,5934.43,5934.43,5934.43,5934.43,1,KRW,7002.63,1.18,2,2,建筑工程,?? ?? ??,계단 마감층,
060014,대리석 계단판,Material,General,m2,79670.34,79670.34,79670.34,79670.34,1,KRW,115282.98,1.447,2,2,建筑工程,?? ?? ??,계단 마감층,
800530,단일 굴착기 0.3m3 사용,Equipment,Excavators,machine-shift,91947.64,91947.64,91947.64,91947.64,1,KRW,1581.49,0.0172,2,2,建筑工程,토공 및 암석 작업,,일반 토공 굴착
100197,아스팔트,Material,Waterproofing,kg,1580.91,1580.91,1580.91,1580.91,1,KRW,289.3,0.183,2,2,建筑工程,"?? ?? ?? - ?12? ??, ??, ??",,
110025,페놀 수지 페인트,Material,Paint & Coatings,kg,5525.99,5525.99,5525.99,5525.99,1,KRW,375.77,0.068,2,2,建筑工程,"?? ?? ?? - ?12? ??, ??, ??",직사각형 브러싱,
110092,희석제,Material,General,kg,6895.47,6895.47,6895.47,6895.47,1,KRW,241.34,0.035,2,2,建筑工程,"?? ?? ?? - ?12? ??, ??, ??",직사각형 브러싱,
110319,프라이머,Material,Paint & Coatings,kg,6943.52,6943.52,6943.52,6943.52,1,KRW,715.18,0.103,2,2,建筑工程,"?? ?? ?? - ?12? ??, ??, ??",직사각형 브러싱,
090167,접지 볼트 12×150,Material,Fasteners,set,242.66,242.66,242.66,242.66,1,KRW,1247.29,5.14,2,2,建筑工程,?? ?? ?? - ?4? ???? ??,설치,혼합 () 설치
370147,강철문,Material,Steel & Metal,m2,180195.28,180195.28,180195.28,180195.28,1,KRW,180195.28,1.0,2,2,建筑工程,? ? ?? ??,금속문,
091473,확장 볼트,Material,Fasteners,set,48.05,48.05,48.05,48.05,1,KRW,161.45,3.36,2,2,建筑工程,?? ? ?? ??,"벽면 방수, 습기 방지",벽면 방수막
120123,높이 폴리 방수막(자가접착) 1.2mm 두께,Material,Waterproofing,m2,12974.06,12974.06,12974.06,12974.06,1,KRW,15452.11,1.191,2,2,建筑工程,?? ? ?? ??,"벽면 방수, 습기 방지",벽면 방수막
100392,폴리 방수막 0.6mm 두께,Material,Waterproofing,m2,2883.12,2883.12,2883.12,2883.12,1,KRW,3433.8,1.191,2,2,建筑工程,?? ? ?? ??,"벽면 방수, 습기 방지",벽면 방수막
280043,금속 50,Material,Steel & Metal,pcs,172.99,172.99,172.99,172.99,1,KRW,358.77,2.074,2,2,建筑工程,?? ?? ?? - ?4? ???? ??,,
280082,금속 50,Material,Steel & Metal,m,3099.36,3099.36,3099.36,3099.36,1,KRW,3192.34,1.03,2,2,建筑工程,?? ?? ?? - ?4? ???? ??,,
280042,금속 40,Material,Steel & Metal,pcs,148.96,148.96,148.96,148.96,1,KRW,308.94,2.074,2,2,建筑工程,?? ?? ?? - ?4? ???? ??,,
290228,몰딩 고정용 아연도금 판,Material,General,pcs,720.78,720.78,720.78,720.78,1,KRW,742.4,1.03,2,2,建筑工程,?? ?? ?? - ?4? ???? ??,형태 제작 설치,
280076,몰딩 1500,Material,General,pcs,11532.5,11532.5,11532.5,11532.5,1,KRW,11532.5,1.0,2,2,建筑工程,?? ?? ?? - ?4? ???? ??,형태 제작 설치,
280074,몰딩 300,Material,General,pcs,5285.73,5285.73,5285.73,5285.73,1,KRW,5285.73,1.0,2,2,建筑工程,?? ?? ?? - ?4? ???? ??,형태 제작 설치,
280422,금속 SP-101,Material,Steel & Metal,pcs,1129.22,1129.22,1129.22,1129.22,1,KRW,2342.01,2.074,2,2,建筑工程,?? ?? ?? - ?4? ???? ??,,
280421,금속 SP-83,Material,Steel & Metal,pcs,869.74,869.74,869.74,869.74,1,KRW,1803.84,2.074,2,2,建筑工程,?? ?? ?? - ?4? ???? ??,,
280186,금속 83,Material,Steel & Metal,m,29744.23,29744.23,29744.23,29744.23,1,KRW,32123.77,1.08,2,2,建筑工程,?? ?? ?? - ?4? ???? ??,,
280420,금속 SP-76,Material,Steel & Metal,pcs,703.96,703.96,703.96,703.96,1,KRW,1460.03,2.074,2,2,建筑工程,?? ?? ?? - ?4? ???? ??,,
280419,금속 SP-63,Material,Steel & Metal,pcs,511.75,511.75,511.75,511.75,1,KRW,1061.39,2.074,2,2,建筑工程,?? ?? ?? - ?4? ???? ??,,
110484,페인트,Material,Paint & Coatings,kg,6727.29,6727.29,6727.29,6727.29,1,KRW,1498.84,0.2228,2,2,建筑工程,"??, ?? ? ?? ??",?? ?? ??,?? ?? ??
370242,강철문 전기,Material,Steel & Metal,set,2162343.35,2162343.35,2162343.35,2162343.35,1,KRW,2162343.35,1.0,2,2,建筑工程,? ? ?? ??,하드웨어 설치,
370241,강철문 전기,Material,Steel & Metal,set,2883124.46,2883124.46,2883124.46,2883124.46,1,KRW,2883124.46,1.0,2,2,建筑工程,? ? ?? ??,하드웨어 설치,
020108,특수형 몰탈 블록,Material,General,m3,120130.19,120130.19,120130.19,120130.19,1,KRW,22824.74,0.19,2,2,建筑工程,?? ??,블록 조적,
020107,미장 블록,Material,General,m3,117727.58,117727.58,117727.58,117727.58,1,KRW,95241.61,0.809,2,2,建筑工程,?? ??,블록 조적,
310095,575×150,Material,General,pcs,7688.33,7688.33,7688.33,7688.33,1,KRW,15376.66,2.0,1,1,建筑工程,"?? ?? ?? - ?12? ??, ??, ??",,전기 제작 설치
120076,망 60,Material,General,m2,547.79,547.79,547.79,547.79,1,KRW,9.32,0.017,1,1,建筑工程,"?? ?? ?? - ?12? ??, ??, ??",,
010126,알루미늄 슬래브 0.5,Material,General,m2,5814.3,5814.3,5814.3,5814.3,1,KRW,6977.16,1.2,1,1,建筑工程,"?? ?? ?? - ?12? ??, ??, ??",,
020084,시멘트 모르타르 슬래브,Material,Concrete & Cement,m,14199.39,14199.39,14199.39,14199.39,1,KRW,14767.36,1.04,1,1,建筑工程,?? ??,블록 조적,
150260,200×200,Material,General,pcs,28831.24,28831.24,28831.24,28831.24,1,KRW,10667.56,0.37,1,1,建筑工程,?? ??,블록 조적,
180012,아연도금 50,Material,General,pcs,1201.3,1201.3,1201.3,1201.3,1,KRW,1201.3,1.0,1,1,建筑工程,?? ?? ?? - ?7? ?? ? ??,,제작 설치
180006,아연도금 50,Material,General,pcs,961.04,961.04,961.04,961.04,1,KRW,970.65,1.01,1,1,建筑工程,?? ?? ?? - ?7? ?? ? ??,,제작 설치
800029,일반 630,Equipment,General,machine-shift,28062.41,28062.41,28062.41,28062.41,1,KRW,1403.12,0.05,1,1,建筑工程,?? ?? ?? - ?7? ?? ? ??,,제작 설치
800438,30kW,Equipment,General,machine-shift,3892.22,3892.22,3892.22,3892.22,1,KRW,3.89,0.001,1,1,建筑工程,?? ?? ?? - ?7? ?? ? ??,,
090507,접지 볼트 10×100,Material,Fasteners,set,141.75,141.75,141.75,141.75,1,KRW,589.7,4.16,1,1,建筑工程,?? ?? ?? - ?7? ?? ? ??,,브래킷 제작 및 설치
090190,8,Material,General,pcs,235.46,235.46,235.46,235.46,1,KRW,941.82,4.0,1,1,建筑工程,?? ?? ?? - ?7? ?? ? ??,,브래킷 제작 및 설치
030227,도장 표면 판,Material,Paint & Coatings,m2,22824.74,22824.74,22824.74,22824.74,1,KRW,147493.44,6.462,1,1,建筑工程,?? ?? ??,,틀
070132,목재 몰딩 10×30,Material,Wood & Timber,m,1201.3,1201.3,1201.3,1201.3,1,KRW,5477.94,4.56,1,1,建筑工程,?? ?? ??,,
070131,목재 몰딩 10×20,Material,Wood & Timber,m,480.52,480.52,480.52,480.52,1,KRW,11409.48,23.744,1,1,建筑工程,?? ?? ??,,
070123,목재 몰딩 10×20,Material,Wood & Timber,m,1081.17,1081.17,1081.17,1081.17,1,KRW,14109.72,13.0504,1,1,建筑工程,?? ?? ??,,
050035,유리,Material,Glass,m2,48052.07,48052.07,48052.07,48052.07,1,KRW,33670.09,0.7007,1,1,建筑工程,?? ?? ??,,
090964,스테인리스강 직경 100,Material,Steel & Metal,pcs,8409.11,8409.11,8409.11,8409.11,1,KRW,28305.07,3.366,1,1,建筑工程,?? ?? ??,,
090963,스테인리스강 직경 50,Material,Steel & Metal,pcs,2402.6,2402.6,2402.6,2402.6,1,KRW,8087.16,3.366,1,1,建筑工程,?? ?? ??,,
090957,스테인리스강 60,Material,Steel & Metal,m,12013.02,12013.02,12013.02,12013.02,1,KRW,23957.56,1.9943,1,1,建筑工程,?? ?? ??,,
030129,각재 25×35,Material,Wood & Timber,m,864.94,864.94,864.94,864.94,1,KRW,28171.87,32.571,1,1,建筑工程,?? ?? ??,,
080163,알루미늄 슬래브,Material,General,m2,18740.31,18740.31,18740.31,18740.31,1,KRW,48275.04,2.576,1,1,建筑工程,?? ?? ??,,
290084,전기 프레임 못 M16,Material,Fasteners,set,2037.41,2037.41,2037.41,2037.41,1,KRW,2078.16,1.02,1,1,建筑工程,?? ?? ?? - ?11? ???? ? ??,몰딩 프레임,
850041,AV33119,Equipment,General,machine-shift,42720.7,42720.7,42720.7,42720.7,1,KRW,1281.62,0.03,1,1,建筑工程,?? ?? ?? - ?11? ???? ? ??,,
330033,추가,Material,General,pcs,360.39,360.39,360.39,360.39,1,KRW,540.59,1.5,1,1,建筑工程,?? ?? ?? - ?11? ???? ? ??,,
120053,슬래브,Material,General,m2,19220.83,19220.83,19220.83,19220.83,1,KRW,21142.91,1.1,1,1,建筑工程,?? ? ?? ??,,슬래브 지붕
100162,P형 접착 스트립,Material,General,m,934.61,934.61,934.61,934.61,1,KRW,2815.8,3.0128,1,1,建筑工程,?? ? ?? ??,,슬래브 지붕
090413,스테인리스강 50×50,Material,Steel & Metal,m,723.18,723.18,723.18,723.18,1,KRW,1068.65,1.4777,1,1,建筑工程,?? ? ?? ??,,슬래브 지붕
180246,용접 강관 이음 () 70,Material,Steel & Metal,pcs,1722.67,1722.67,1722.67,1722.67,1,KRW,435.83,0.253,1,1,建筑工程,"?? ?? ?? - ?10? ??, ??, ??, ??",?? ??,용접 강관 ()
180237,아연 도금 강관 이음 () 100,Material,Steel & Metal,pcs,5237.68,5237.68,5237.68,5237.68,1,KRW,1230.85,0.235,1,1,建筑工程,"?? ?? ?? - ?10? ??, ??, ??, ??",,
180236,아연 도금 강관 이음 () 80,Material,Steel & Metal,pcs,3363.65,3363.65,3363.65,3363.65,1,KRW,837.55,0.249,1,1,建筑工程,"?? ?? ?? - ?10? ??, ??, ??, ??",,
180235,아연 도금 강관 이음 () 70,Material,Steel & Metal,pcs,2152.73,2152.73,2152.73,2152.73,1,KRW,544.65,0.253,1,1,建筑工程,"?? ?? ?? - ?10? ??, ??, ??, ??",,
350298,몰딩 ZR-BV1.5,Material,General,m,276.3,276.3,276.3,276.3,1,KRW,126.55,0.458,1,1,建筑工程,?? ?? ?? - ?9? ??,() 설치,
091232,아연 도금 목재 못,Material,Wood & Timber,pcs,120.13,120.13,120.13,120.13,1,KRW,245.07,2.04,1,1,建筑工程,?? ?? ?? - ?9? ??,,
850151,추가,Equipment,General,machine-shift,1381.5,1381.5,1381.5,1381.5,1,KRW,41.44,0.03,1,1,建筑工程,?? ?? ?? - ?9? ??,,
400035,평탄 모르타르 DSLF,Material,Concrete & Cement,m3,1345530.16,1345530.16,1345530.16,1345530.16,1,KRW,27179.72,0.0202,1,1,建筑工程,?? ?? ??,,평탄층
800220,60MPa,Equipment,General,machine-shift,3748.06,3748.06,3748.06,3748.06,1,KRW,134.93,0.036,1,1,建筑工程,?? ?? ?? - ?9? ??,,
030009,슬래브,Material,General,m2,8409.11,8409.11,8409.11,8409.11,1,KRW,7408.43,0.881,1,1,建筑工程,"? ? ?? ??, ??? ? ???",??(?) ?? ??,??(?) ?? ??
850043,FTA410,Equipment,General,machine-shift,33107.88,33107.88,33107.88,33107.88,1,KRW,2648.63,0.08,1,1,建筑工程,?? ?? ?? - ?5? ?? ??? ???,,
850105,전기,Equipment,General,machine-shift,7400.02,7400.02,7400.02,7400.02,1,KRW,3700.01,0.5,1,1,建筑工程,?? ?? ?? - ?4? ???? ??,몰딩,
080747,알루미늄 합금 수평 케일 40×40×4,Material,General,kg,6727.29,6727.29,6727.29,6727.29,1,KRW,30171.9,4.485,1,1,建筑工程,"? ? ?? ??, ??? ? ???",?? ?? ??,?? ???
060080,도장 마감 패널,Material,Paint & Coatings,m2,26428.64,26428.64,26428.64,26428.64,1,KRW,26957.21,1.02,1,1,建筑工程,"? ? ?? ??, ??? ? ???",?? ?? ??,?? ???
120029,밀봉,Material,Rubber,pcs,7.21,7.21,7.21,7.21,1,KRW,29.98,4.16,1,1,建筑工程,?? ?? ?? - ?7? ?? ? ??,설치,
091459,목재 50×50×50,Material,Wood & Timber,pcs,288.31,288.31,288.31,288.31,1,KRW,1153.25,4.0,1,1,建筑工程,?? ?? ?? - ?7? ?? ? ??,설치 및 시공,설치
160111,100,Material,General,pcs,6246.77,6246.77,6246.77,6246.77,1,KRW,137.43,0.022,1,1,建筑工程,"?? ?? ?? - ?10? ??, ??, ??, ??",,
160110,75,Material,General,pcs,5285.73,5285.73,5285.73,5285.73,1,KRW,116.29,0.022,1,1,建筑工程,"?? ?? ?? - ?10? ??, ??, ??, ??",,
850104,전기,Equipment,General,machine-shift,1878.84,1878.84,1878.84,1878.84,1,KRW,2818.25,1.5,1,1,建筑工程,?? ?? ?? - ?4? ???? ??,,
850106,전기 전기 (),Equipment,General,machine-shift,6751.32,6751.32,6751.32,6751.32,1,KRW,13502.63,2.0,1,1,建筑工程,?? ?? ?? - ?4? ???? ??,,
850131,복합 HDBS-50,Equipment,General,machine-shift,7496.12,7496.12,7496.12,7496.12,1,KRW,2998.45,0.4,1,1,建筑工程,?? ?? ?? - ?4? ???? ??,전기,"10kV, 단상"
140012,철근 콘크리트 800,Material,Concrete & Cement,m,40099.46,40099.46,40099.46,40099.46,1,KRW,40099.46,1.0,1,1,建筑工程,?? ?? ?? - ?4? ???? ??,구덩이,구덩이
810001,M10 시멘트 모르타르,Material,Concrete & Cement,m3,59512.49,59512.49,59512.49,59512.49,1,KRW,13092.75,0.22,1,1,建筑工程,?? ?? ?? - ?4? ???? ??,구덩이,구덩이
160125,트레드 (),Material,General,pcs,14487.7,14487.7,14487.7,14487.7,1,KRW,43463.1,3.0,1,1,建筑工程,?? ?? ?? - ?4? ???? ??,구덩이,구덩이
280551,CPVC 160,Material,General,m,10090.94,10090.94,10090.94,10090.94,1,KRW,10595.48,1.05,1,1,建筑工程,?? ?? ?? - ?4? ???? ??,,CPVC
280550,CPVC 140,Material,General,m,7688.33,7688.33,7688.33,7688.33,1,KRW,8072.75,1.05,1,1,建筑工程,?? ?? ?? - ?4? ???? ??,,CPVC
160218,접착제 100,Material,General,pcs,2179.16,2179.16,2179.16,2179.16,1,KRW,370.46,0.17,1,1,建筑工程,"?? ?? ?? - ?10? ??, ??, ??, ??",,
160231,100,Material,General,m,30849.43,30849.43,30849.43,30849.43,1,KRW,30849.43,1.0,1,1,建筑工程,"?? ?? ?? - ?10? ??, ??, ??, ??",,
160217,접착제 75,Material,General,pcs,2018.19,2018.19,2018.19,2018.19,1,KRW,343.09,0.17,1,1,建筑工程,"?? ?? ?? - ?10? ??, ??, ??, ??",,
160230,75,Material,General,m,26668.9,26668.9,26668.9,26668.9,1,KRW,26668.9,1.0,1,1,建筑工程,"?? ?? ?? - ?10? ??, ??, ??, ??",,
180248,용접 강관 이음 () 100,Material,Steel & Metal,pcs,4276.63,4276.63,4276.63,4276.63,1,KRW,1005.01,0.235,1,1,建筑工程,"?? ?? ?? - ?10? ??, ??, ??, ??",?? ??,용접 강관 ()
180247,용접 강관 이음 () 80,Material,Steel & Metal,pcs,2618.84,2618.84,2618.84,2618.84,1,KRW,652.09,0.249,1,1,建筑工程,"?? ?? ?? - ?10? ??, ??, ??, ??",?? ??,용접 강관 ()
160077,수도 연결부 () 200,Material,Water,pcs,16049.39,16049.39,16049.39,16049.39,1,KRW,7816.05,0.487,1,1,建筑工程,"?? ?? ?? - ?10? ??, ??, ??, ??",,
160051,수도 200,Material,Water,m,21311.09,21311.09,21311.09,21311.09,1,KRW,20884.87,0.98,1,1,建筑工程,"?? ?? ?? - ?10? ??, ??, ??, ??",,
160113,150,Material,General,pcs,7928.59,7928.59,7928.59,7928.59,1,KRW,444.0,0.056,1,1,建筑工程,"?? ?? ?? - ?10? ??, ??, ??, ??",,
160076,수도 연결부 () 150,Material,Water,pcs,10331.2,10331.2,10331.2,10331.2,1,KRW,7366.14,0.713,1,1,建筑工程,"?? ?? ?? - ?10? ??, ??, ??, ??",,
160050,물 150,Material,Water,m,13310.42,13310.42,13310.42,13310.42,1,KRW,12778.01,0.96,1,1,建筑工程,"?? ?? ?? - ?10? ??, ??, ??, ??",,
160049,수 125,Material,Water,m,10307.17,10307.17,10307.17,10307.17,1,KRW,9894.88,0.96,1,1,建筑工程,"?? ?? ?? - ?10? ??, ??, ??, ??",,
160048,수량 100,Material,Water,m,7832.49,7832.49,7832.49,7832.49,1,KRW,6892.59,0.88,1,1,建筑工程,"?? ?? ?? - ?10? ??, ??, ??, ??",,
160047,수도 75,Material,Water,m,6006.51,6006.51,6006.51,6006.51,1,KRW,5525.99,0.92,1,1,建筑工程,"?? ?? ?? - ?10? ??, ??, ??, ??",,
160046,수도 50,Material,Water,m,5141.57,5141.57,5141.57,5141.57,1,KRW,4833.08,0.94,1,1,建筑工程,"?? ?? ?? - ?10? ??, ??, ??, ??",,
180226,용접 강관 이음 () 100,Material,Steel & Metal,pcs,5045.47,5045.47,5045.47,5045.47,1,KRW,2129.19,0.422,1,1,建筑工程,"?? ?? ?? - ?10? ??, ??, ??, ??",?? ??,용접 강관 ()
180225,용접 강관 이음 () 80,Material,Steel & Metal,pcs,2931.18,2931.18,2931.18,2931.18,1,KRW,1225.23,0.418,1,1,建筑工程,"?? ?? ?? - ?10? ??, ??, ??, ??",?? ??,용접 강관 ()
180224,용접 강관 이음 () 70,Material,Steel & Metal,pcs,2006.17,2006.17,2006.17,2006.17,1,KRW,1131.48,0.564,1,1,建筑工程,"?? ?? ?? - ?10? ??, ??, ??, ??",?? ??,용접 강관 ()
180214,아연 도금 강관 이음 () 80,Material,Steel & Metal,pcs,3651.96,3651.96,3651.96,3651.96,1,KRW,1475.39,0.404,1,1,建筑工程,"?? ?? ?? - ?10? ??, ??, ??, ??",,
180213,아연 도금 강관 이음 () 70,Material,Steel & Metal,pcs,2738.97,2738.97,2738.97,2738.97,1,KRW,1459.87,0.533,1,1,建筑工程,"?? ?? ?? - ?10? ??, ??, ??, ??",,
170231,복합 125,Material,General,m,67993.69,67993.69,67993.69,67993.69,1,KRW,69013.59,1.015,1,1,建筑工程,"?? ?? ?? - ?10? ??, ??, ??, ??",강복합재,
160112,125,Material,General,pcs,6967.55,6967.55,6967.55,6967.55,1,KRW,153.29,0.022,1,1,建筑工程,"?? ?? ?? - ?10? ??, ??, ??, ??",,
160101,물 150,Material,Water,m,28038.39,28038.39,28038.39,28038.39,1,KRW,26916.85,0.96,1,1,建筑工程,"?? ?? ?? - ?10? ??, ??, ??, ??",,A형 수도 ()
160082,수도 연결부 () 125,Material,Water,pcs,14079.26,14079.26,14079.26,14079.26,1,KRW,11728.02,0.833,1,1,建筑工程,"?? ?? ?? - ?10? ??, ??, ??, ??",,A형 수도 ()
160100,수 125,Material,Water,m,24218.25,24218.25,24218.25,24218.25,1,KRW,23249.52,0.96,1,1,建筑工程,"?? ?? ?? - ?10? ??, ??, ??, ??",,A형 수도 ()
160105,수량 100,Material,Water,pcs,1429.55,1429.55,1429.55,1429.55,1,KRW,4165.71,2.914,1,1,建筑工程,"?? ?? ?? - ?10? ??, ??, ??, ??",,A형 수도 ()
160081,수도 연결부 () 100,Material,Water,pcs,8481.19,8481.19,8481.19,8481.19,1,KRW,11305.43,1.333,1,1,建筑工程,"?? ?? ?? - ?10? ??, ??, ??, ??",,A형 수도 ()
160099,수량 100,Material,Water,m,18163.68,18163.68,18163.68,18163.68,1,KRW,15984.04,0.88,1,1,建筑工程,"?? ?? ?? - ?10? ??, ??, ??, ??",,A형 수도 ()
160104,수도 75,Material,Water,pcs,1225.33,1225.33,1225.33,1225.33,1,KRW,3296.13,2.69,1,1,建筑工程,"?? ?? ?? - ?10? ??, ??, ??, ??",,A형 수도 ()
160080,수도 연결부 () 75,Material,Water,pcs,5501.96,5501.96,5501.96,5501.96,1,KRW,6882.96,1.251,1,1,建筑工程,"?? ?? ?? - ?10? ??, ??, ??, ??",,A형 수도 ()
160098,수도 75,Material,Water,m,13622.76,13622.76,13622.76,13622.76,1,KRW,12532.94,0.92,1,1,建筑工程,"?? ?? ?? - ?10? ??, ??, ??, ??",,A형 수도 ()
160103,수도 50,Material,Water,pcs,1021.11,1021.11,1021.11,1021.11,1,KRW,2581.36,2.528,1,1,建筑工程,"?? ?? ?? - ?10? ??, ??, ??, ??",,A형 수도 ()
160079,수도 연결부 () 50,Material,Water,pcs,3411.7,3411.7,3411.7,3411.7,1,KRW,3926.86,1.151,1,1,建筑工程,"?? ?? ?? - ?10? ??, ??, ??, ??",,A형 수도 ()
160097,수도 50,Material,Water,m,8865.61,8865.61,8865.61,8865.61,1,KRW,8333.67,0.94,1,1,建筑工程,"?? ?? ?? - ?10? ??, ??, ??, ??",,A형 수도 ()
160115,250,Material,General,pcs,10955.87,10955.87,10955.87,10955.87,1,KRW,306.76,0.028,1,1,建筑工程,"?? ?? ?? - ?10? ??, ??, ??, ??",,
160078,수도 연결부 () 250,Material,Water,pcs,22512.4,22512.4,22512.4,22512.4,1,KRW,9455.21,0.42,1,1,建筑工程,"?? ?? ?? - ?10? ??, ??, ??, ??",,
160052,수도 250,Material,Water,m,30465.02,30465.02,30465.02,30465.02,1,KRW,29855.71,0.98,1,1,建筑工程,"?? ?? ?? - ?10? ??, ??, ??, ??",,
160114,200,Material,General,pcs,9129.89,9129.89,9129.89,9129.89,1,KRW,511.27,0.056,1,1,建筑工程,"?? ?? ?? - ?10? ??, ??, ??, ??",,
170570,PVC-U 수도관 () 15,Material,Water,pcs,213.83,213.83,213.83,213.83,1,KRW,331.44,1.55,1,1,建筑工程,"?? ?? ?? - ?10? ??, ??, ??, ??",수 water,물 ()
170558,PVC-U 수도관 15,Material,Water,m,1177.28,1177.28,1177.28,1177.28,1,KRW,1200.82,1.02,1,1,建筑工程,"?? ?? ?? - ?10? ??, ??, ??, ??",수 water,물 ()
160241,W형 무수 250,Material,Water,m,53698.19,53698.19,53698.19,53698.19,1,KRW,50691.09,0.944,1,1,建筑工程,"?? ?? ?? - ?10? ??, ??, ??, ??",,W형 무수 ()
160246,W형 무수 () 200,Material,Water,pcs,20998.76,20998.76,20998.76,20998.76,1,KRW,7076.58,0.337,1,1,建筑工程,"?? ?? ?? - ?10? ??, ??, ??, ??",,W형 무수 ()
160240,W형 무수 200,Material,Water,m,37841.01,37841.01,37841.01,37841.01,1,KRW,37008.51,0.978,1,1,建筑工程,"?? ?? ?? - ?10? ??, ??, ??, ??",,W형 무수 ()
160245,W형 무수 () 150,Material,Water,pcs,13887.05,13887.05,13887.05,13887.05,1,KRW,7124.06,0.513,1,1,建筑工程,"?? ?? ?? - ?10? ??, ??, ??, ??",,W형 무수 ()
160239,W형 무수 150,Material,Water,m,23425.39,23425.39,23425.39,23425.39,1,KRW,22746.05,0.971,1,1,建筑工程,"?? ?? ?? - ?10? ??, ??, ??, ??",,W형 무수 ()
160244,W형 무수 () 100,Material,Water,pcs,8264.96,8264.96,8264.96,8264.96,1,KRW,7876.5,0.953,1,1,建筑工程,"?? ?? ?? - ?10? ??, ??, ??, ??",,W형 무수 ()
160238,W형 무수 100,Material,Water,m,16577.97,16577.97,16577.97,16577.97,1,KRW,15235.15,0.919,1,1,建筑工程,"?? ?? ?? - ?10? ??, ??, ??, ??",,W형 무수 ()
160243,W형 무수 () 75,Material,Water,pcs,4997.42,4997.42,4997.42,4997.42,1,KRW,4252.8,0.851,1,1,建筑工程,"?? ?? ?? - ?10? ??, ??, ??, ??",,W형 무수 ()
160237,W형 무수 75,Material,Water,m,12109.12,12109.12,12109.12,12109.12,1,KRW,11418.9,0.943,1,1,建筑工程,"?? ?? ?? - ?10? ??, ??, ??, ??",,W형 무수 ()
160242,W형 무수 () 50,Material,Water,pcs,2883.12,2883.12,2883.12,2883.12,1,KRW,1992.24,0.691,1,1,建筑工程,"?? ?? ?? - ?10? ??, ??, ??, ??",,W형 무수 ()
160236,W형 무수 50,Material,Water,m,8288.98,8288.98,8288.98,8288.98,1,KRW,7783.35,0.939,1,1,建筑工程,"?? ?? ?? - ?10? ??, ??, ??, ??",,W형 무수 ()
160084,수도 연결부 () 200,Material,Water,pcs,22920.84,22920.84,22920.84,22920.84,1,KRW,11162.45,0.487,1,1,建筑工程,"?? ?? ?? - ?10? ??, ??, ??, ??",,A형 수도 ()
160102,수도 200,Material,Water,m,46129.99,46129.99,46129.99,46129.99,1,KRW,45207.39,0.98,1,1,建筑工程,"?? ?? ?? - ?10? ??, ??, ??, ??",,A형 수도 ()
160083,수도 연결부 () 150,Material,Water,pcs,16626.02,16626.02,16626.02,16626.02,1,KRW,11854.35,0.713,1,1,建筑工程,"?? ?? ?? - ?10? ??, ??, ??, ??",,A형 수도 ()
170055,PVC-U 수도관 () 75,Material,Water,pcs,2246.43,2246.43,2246.43,2246.43,1,KRW,2601.37,1.158,1,1,建筑工程,"?? ?? ?? - ?10? ??, ??, ??, ??",,
170054,PVC-U 수도관 () 50,Material,Water,pcs,929.81,929.81,929.81,929.81,1,KRW,875.87,0.942,1,1,建筑工程,"?? ?? ?? - ?10? ??, ??, ??, ??",,
170569,PVC-U 수도관 200,Material,Water,m,34116.97,34116.97,34116.97,34116.97,1,KRW,34799.31,1.02,1,1,建筑工程,"?? ?? ?? - ?10? ??, ??, ??, ??",수 water,물 ()
170568,PVC-U 수도 150,Material,Water,m,32603.33,32603.33,32603.33,32603.33,1,KRW,33255.4,1.02,1,1,建筑工程,"?? ?? ?? - ?10? ??, ??, ??, ??",수 water,물 ()
170567,PVC-U 수도관 125,Material,Water,m,20013.69,20013.69,20013.69,20013.69,1,KRW,20413.96,1.02,1,1,建筑工程,"?? ?? ?? - ?10? ??, ??, ??, ??",수 water,물 ()
170578,PVC-U 수도관 () 100,Material,Water,pcs,9033.79,9033.79,9033.79,9033.79,1,KRW,3089.56,0.342,1,1,建筑工程,"?? ?? ?? - ?10? ??, ??, ??, ??",수 water,물 ()
170566,PVC-U 수도관 100,Material,Water,m,14199.39,14199.39,14199.39,14199.39,1,KRW,14483.38,1.02,1,1,建筑工程,"?? ?? ?? - ?10? ??, ??, ??, ??",수 water,물 ()
170577,PVC-U 수도관 () 80,Material,Water,pcs,5093.52,5093.52,5093.52,5093.52,1,KRW,1843.85,0.362,1,1,建筑工程,"?? ?? ?? - ?10? ??, ??, ??, ??",수 water,물 ()
170565,PVC-U 수도관 80,Material,Water,m,11772.76,11772.76,11772.76,11772.76,1,KRW,12008.21,1.02,1,1,建筑工程,"?? ?? ?? - ?10? ??, ??, ??, ??",수 water,물 ()
170576,PVC-U 수도관 () 70,Material,Water,pcs,3195.46,3195.46,3195.46,3195.46,1,KRW,1568.97,0.491,1,1,建筑工程,"?? ?? ?? - ?10? ??, ??, ??, ??",수 water,물 ()
170564,PVC-U 수도관 70,Material,Water,m,8264.96,8264.96,8264.96,8264.96,1,KRW,8430.26,1.02,1,1,建筑工程,"?? ?? ?? - ?10? ??, ??, ??, ??",수 water,물 ()
170563,PVC-U 수도관 50,Material,Water,m,6054.56,6054.56,6054.56,6054.56,1,KRW,6175.65,1.02,1,1,建筑工程,"?? ?? ?? - ?10? ??, ??, ??, ??",수 water,물 ()
170562,PVC-U 수도관 40,Material,Water,m,3700.01,3700.01,3700.01,3700.01,1,KRW,3774.01,1.02,1,1,建筑工程,"?? ?? ?? - ?10? ??, ??, ??, ??",수 water,물 ()
170561,PVC-U 수도관 32,Material,Water,m,2618.84,2618.84,2618.84,2618.84,1,KRW,2671.21,1.02,1,1,建筑工程,"?? ?? ?? - ?10? ??, ??, ??, ??",수 water,물 ()
170560,PVC-U 수도관 25,Material,Water,m,2378.58,2378.58,2378.58,2378.58,1,KRW,2426.15,1.02,1,1,建筑工程,"?? ?? ?? - ?10? ??, ??, ??, ??",수 water,물 ()
170559,PVC-U 수도 20,Material,Water,m,1537.67,1537.67,1537.67,1537.67,1,KRW,1568.42,1.02,1,1,建筑工程,"?? ?? ?? - ?10? ??, ??, ??, ??",수 water,물 ()
280547,강관 150,Material,Steel & Metal,m,30272.81,30272.81,30272.81,30272.81,1,KRW,31180.99,1.03,1,1,建筑工程,?? ?? ?? - ?4? ???? ??,,강관
280546,강관 125,Material,Steel & Metal,m,25948.12,25948.12,25948.12,25948.12,1,KRW,26726.56,1.03,1,1,建筑工程,?? ?? ?? - ?4? ???? ??,,강관
280545,강관 100,Material,Steel & Metal,m,20902.65,20902.65,20902.65,20902.65,1,KRW,21529.73,1.03,1,1,建筑工程,?? ?? ?? - ?4? ???? ??,,강관
290047,높이 시멘트 전기 200,Material,Concrete & Cement,m,12325.36,12325.36,12325.36,12325.36,1,KRW,12695.12,1.03,1,1,建筑工程,?? ?? ?? - ?4? ???? ??,,시멘트
290044,높이 시멘트 전기 150,Material,Concrete & Cement,m,7496.12,7496.12,7496.12,7496.12,1,KRW,7721.01,1.03,1,1,建筑工程,?? ?? ?? - ?4? ???? ??,,시멘트
290043,높이 시멘트 전기 125,Material,Concrete & Cement,m,6463.0,6463.0,6463.0,6463.0,1,KRW,6656.89,1.03,1,1,建筑工程,?? ?? ?? - ?4? ???? ??,,시멘트
290042,높이 시멘트 전기 100,Material,Concrete & Cement,m,5862.35,5862.35,5862.35,5862.35,1,KRW,6038.22,1.03,1,1,建筑工程,?? ?? ?? - ?4? ???? ??,,시멘트
090157,볼트 20×300,Material,Fasteners,set,4564.95,4564.95,4564.95,4564.95,1,KRW,4656.25,1.02,1,1,建筑工程,?? ?? ?? - ?4? ???? ??,,몰딩 및 강철 제작 설치
090153,볼트 12×200,Material,Fasteners,set,1201.3,1201.3,1201.3,1201.3,1,KRW,1225.33,1.02,1,1,建筑工程,?? ?? ?? - ?4? ???? ??,,몰딩 및 강철 제작 설치
280360,방수 100,Material,Waterproofing,pcs,14944.2,14944.2,14944.2,14944.2,1,KRW,15392.52,1.03,1,1,建筑工程,?? ?? ?? - ?4? ???? ??,방수 설치,
280345,방수 80,Material,Waterproofing,pcs,12445.49,12445.49,12445.49,12445.49,1,KRW,12818.85,1.03,1,1,建筑工程,?? ?? ?? - ?4? ???? ??,방수 설치,
280403,방수 50,Material,Waterproofing,pcs,3123.38,3123.38,3123.38,3123.38,1,KRW,3217.09,1.03,1,1,建筑工程,?? ?? ?? - ?4? ???? ??,방수 설치,
170105,PVC-U 수도관 () 150,Material,Water,pcs,11556.52,11556.52,11556.52,11556.52,1,KRW,9695.92,0.839,1,1,建筑工程,"?? ?? ?? - ?10? ??, ??, ??, ??",,
170104,PVC-U 수도 150,Material,Water,m,14151.34,14151.34,14151.34,14151.34,1,KRW,13217.35,0.934,1,1,建筑工程,"?? ?? ?? - ?10? ??, ??, ??, ??",,
170057,PVC-U 수도관 () 125,Material,Water,pcs,7952.62,7952.62,7952.62,7952.62,1,KRW,7642.47,0.961,1,1,建筑工程,"?? ?? ?? - ?10? ??, ??, ??, ??",,
170056,PVC-U 수도관 () 100,Material,Water,pcs,4685.08,4685.08,4685.08,4685.08,1,KRW,6203.04,1.324,1,1,建筑工程,"?? ?? ?? - ?10? ??, ??, ??, ??",,
170007,PVC-U 수도관 75,Material,Water,m,7496.12,7496.12,7496.12,7496.12,1,KRW,2248.84,0.3,1,1,建筑工程,"?? ?? ?? - ?10? ??, ??, ??, ??",,제작 설치
170005,PVC-U 수도관 50,Material,Water,m,2979.23,2979.23,2979.23,2979.23,1,KRW,893.77,0.3,1,1,建筑工程,"?? ?? ?? - ?10? ??, ??, ??, ??",,제작 설치
170003,PVC-U 수도관 32,Material,Water,m,1898.06,1898.06,1898.06,1898.06,1,KRW,569.42,0.3,1,1,建筑工程,"?? ?? ?? - ?10? ??, ??, ??, ??",,제작 설치
280402,방수 32,Material,Waterproofing,pcs,1489.61,1489.61,1489.61,1489.61,1,KRW,1534.3,1.03,1,1,建筑工程,?? ?? ?? - ?4? ???? ??,방수 설치,
280401,방수 20,Material,Waterproofing,pcs,1153.25,1153.25,1153.25,1153.25,1,KRW,1187.85,1.03,1,1,建筑工程,?? ?? ?? - ?4? ???? ??,방수 설치,
280108,몰딩,Material,General,pcs,252.27,252.27,252.27,252.27,1,KRW,257.32,1.02,1,1,建筑工程,?? ?? ?? - ?4? ???? ??,형태 제작 설치,
280051,15 25,Material,General,pcs,33.64,33.64,33.64,33.64,1,KRW,74.84,2.225,1,1,建筑工程,?? ?? ?? - ?4? ???? ??,형태 제작 설치,
800209,수직 50,Equipment,General,machine-shift,25731.89,25731.89,25731.89,25731.89,1,KRW,2465.12,0.0958,1,1,建筑工程,"?? ?? ?? - ?10? ??, ??, ??, ??",,
180885,아연도강관 이음 () 15,Material,Steel & Metal,pcs,209.03,209.03,209.03,209.03,1,KRW,273.82,1.31,1,1,建筑工程,"?? ?? ?? - ?10? ??, ??, ??, ??",,
170225,복합 32,Material,General,m,12181.2,12181.2,12181.2,12181.2,1,KRW,12424.82,1.02,1,1,建筑工程,"?? ?? ?? - ?10? ??, ??, ??, ??",강복합재,
170224,복합 25,Material,General,m,8505.22,8505.22,8505.22,8505.22,1,KRW,8675.32,1.02,1,1,建筑工程,"?? ?? ?? - ?10? ??, ??, ??, ??",강복합재,
170223,복합 20,Material,General,m,6102.61,6102.61,6102.61,6102.61,1,KRW,6224.67,1.02,1,1,建筑工程,"?? ?? ?? - ?10? ??, ??, ??, ??",강복합재,
170222,복합 15,Material,General,m,3603.91,3603.91,3603.91,3603.91,1,KRW,3675.98,1.02,1,1,建筑工程,"?? ?? ?? - ?10? ??, ??, ??, ??",강복합재,
170017,PVC-U 수도관 200,Material,Water,m,15136.4,15136.4,15136.4,15136.4,1,KRW,14394.72,0.951,1,1,建筑工程,"?? ?? ?? - ?10? ??, ??, ??, ??",,
280549,CPVC 110,Material,General,m,5285.73,5285.73,5285.73,5285.73,1,KRW,5550.01,1.05,1,1,建筑工程,?? ?? ?? - ?4? ???? ??,,CPVC
280548,CPVC 90,Material,General,m,3603.91,3603.91,3603.91,3603.91,1,KRW,3784.1,1.05,1,1,建筑工程,?? ?? ?? - ?4? ???? ??,,CPVC
190224,20,Material,General,pcs,9226.0,9226.0,9226.0,9226.0,1,KRW,9318.26,1.01,1,1,建筑工程,"?? ?? ?? - ?10? ??, ??, ??, ??",,
190004,15,Material,General,pcs,7351.97,7351.97,7351.97,7351.97,1,KRW,7425.49,1.01,1,1,建筑工程,"?? ?? ?? - ?10? ??, ??, ??, ??",,
190223,15,Material,General,pcs,7496.12,7496.12,7496.12,7496.12,1,KRW,7571.08,1.01,1,1,建筑工程,"?? ?? ?? - ?10? ??, ??, ??, ??",,
170110,250,Material,General,pcs,3075.33,3075.33,3075.33,3075.33,1,KRW,6150.67,2.0,1,1,建筑工程,"?? ?? ?? - ?10? ??, ??, ??, ??",,
170109,200,Material,General,pcs,2570.79,2570.79,2570.79,2570.79,1,KRW,5141.57,2.0,1,1,建筑工程,"?? ?? ?? - ?10? ??, ??, ??, ??",,
170108,150,Material,General,pcs,2133.51,2133.51,2133.51,2133.51,1,KRW,4267.02,2.0,1,1,建筑工程,"?? ?? ?? - ?10? ??, ??, ??, ??",,
170107,100,Material,General,pcs,1640.98,1640.98,1640.98,1640.98,1,KRW,3281.96,2.0,1,1,建筑工程,"?? ?? ?? - ?10? ??, ??, ??, ??",,
170106,75,Material,General,pcs,1314.22,1314.22,1314.22,1314.22,1,KRW,2628.45,2.0,1,1,建筑工程,"?? ?? ?? - ?10? ??, ??, ??, ??",,
170181,200,Material,General,pcs,25972.15,25972.15,25972.15,25972.15,1,KRW,25972.15,1.0,1,1,建筑工程,"?? ?? ?? - ?10? ??, ??, ??, ??",설치,
170180,160,Material,General,pcs,19605.25,19605.25,19605.25,19605.25,1,KRW,19605.25,1.0,1,1,建筑工程,"?? ?? ?? - ?10? ??, ??, ??, ??",설치,
170178,110,Material,General,pcs,11027.95,11027.95,11027.95,11027.95,1,KRW,11027.95,1.0,1,1,建筑工程,"?? ?? ?? - ?10? ??, ??, ??, ??",설치,
170177,75,Material,General,pcs,8577.3,8577.3,8577.3,8577.3,1,KRW,8577.3,1.0,1,1,建筑工程,"?? ?? ?? - ?10? ??, ??, ??, ??",설치,
170176,50,Material,General,pcs,6126.64,6126.64,6126.64,6126.64,1,KRW,6126.64,1.0,1,1,建筑工程,"?? ?? ?? - ?10? ??, ??, ??, ??",설치,
170012,PVC-U 수도 225,Material,Water,m,46370.25,46370.25,46370.25,46370.25,1,KRW,13911.08,0.3,1,1,建筑工程,"?? ?? ?? - ?10? ??, ??, ??, ??",,제작 설치
170011,PVC-U 수도관 160,Material,Water,m,19461.09,19461.09,19461.09,19461.09,1,KRW,5838.33,0.3,1,1,建筑工程,"?? ?? ?? - ?10? ??, ??, ??, ??",,제작 설치
170010,PVC-U 수도관 140,Material,Water,m,14679.91,14679.91,14679.91,14679.91,1,KRW,4403.97,0.3,1,1,建筑工程,"?? ?? ?? - ?10? ??, ??, ??, ??",,제작 설치
180194,300,Material,General,pcs,45409.21,45409.21,45409.21,45409.21,1,KRW,181636.84,4.0,1,1,建筑工程,"?? ?? ?? - ?10? ??, ??, ??, ??",,정방형 제작 설치
280425,몰딩 15,Material,General,pcs,1597.73,1597.73,1597.73,1597.73,1,KRW,1974.8,1.236,1,1,建筑工程,?? ?? ?? - ?4? ???? ??,,
280431,몰딩 63,Material,General,pcs,9226.0,9226.0,9226.0,9226.0,1,KRW,11403.33,1.236,1,1,建筑工程,?? ?? ?? - ?4? ???? ??,,
280026,바닥 몰딩,Material,General,pcs,11676.65,11676.65,11676.65,11676.65,1,KRW,11910.19,1.02,1,1,建筑工程,?? ?? ?? - ?4? ???? ??,형태 제작 설치,
110447,10mm×30mm 방수 접착 스트립,Material,Water,m,5285.73,5285.73,5285.73,5285.73,1,KRW,5550.01,1.05,1,1,建筑工程,?? ? ?? ??,"??? ? ?? ??, ??",방수제
091220,강철 못,Material,Steel & Metal,pcs,144.16,144.16,144.16,144.16,1,KRW,331.56,2.3,1,1,建筑工程,?? ? ?? ??,"??? ? ?? ??, ??",방수제
180193,250,Material,General,pcs,28711.11,28711.11,28711.11,28711.11,1,KRW,114844.46,4.0,1,1,建筑工程,"?? ?? ?? - ?10? ??, ??, ??, ??",,정방형 제작 설치
180191,200,Material,General,pcs,14535.75,14535.75,14535.75,14535.75,1,KRW,58143.01,4.0,1,1,建筑工程,"?? ?? ?? - ?10? ??, ??, ??, ??",,정방형 제작 설치
180190,150,Material,General,pcs,9418.21,9418.21,9418.21,9418.21,1,KRW,37672.83,4.0,1,1,建筑工程,"?? ?? ?? - ?10? ??, ??, ??, ??",,정방형 제작 설치
180189,125,Material,General,pcs,5670.14,5670.14,5670.14,5670.14,1,KRW,22680.58,4.0,1,1,建筑工程,"?? ?? ?? - ?10? ??, ??, ??, ??",,정방형 제작 설치
180188,100,Material,General,pcs,3123.38,3123.38,3123.38,3123.38,1,KRW,12493.54,4.0,1,1,建筑工程,"?? ?? ?? - ?10? ??, ??, ??, ??",,정방형 제작 설치
180187,80,Material,General,pcs,1758.71,1758.71,1758.71,1758.71,1,KRW,7034.82,4.0,1,1,建筑工程,"?? ?? ?? - ?10? ??, ??, ??, ??",,정방형 제작 설치
180186,70,Material,General,pcs,1263.77,1263.77,1263.77,1263.77,1,KRW,5055.08,4.0,1,1,建筑工程,"?? ?? ?? - ?10? ??, ??, ??, ??",,정방형 제작 설치
180185,50,Material,General,pcs,867.34,867.34,867.34,867.34,1,KRW,3469.36,4.0,1,1,建筑工程,"?? ?? ?? - ?10? ??, ??, ??, ??",,정방형 제작 설치
200011,문 10,Material,General,pcs,812.08,812.08,812.08,812.08,1,KRW,820.2,1.01,1,1,建筑工程,"?? ?? ?? - ?10? ??, ??, ??, ??",,
190207,25,Material,General,pcs,12013.02,12013.02,12013.02,12013.02,1,KRW,12133.15,1.01,1,1,建筑工程,"?? ?? ?? - ?10? ??, ??, ??, ??",,
280059,(강관) 20,Material,Steel & Metal,pcs,33.64,33.64,33.64,33.64,1,KRW,5.19,0.1545,1,1,建筑工程,?? ?? ?? - ?4? ???? ??,,???? ??
280066,(강관) 100,Material,Steel & Metal,pcs,261.88,261.88,261.88,261.88,1,KRW,40.46,0.1545,1,1,建筑工程,?? ?? ?? - ?4? ???? ??,,???? ??
280041,금속 32,Material,Steel & Metal,pcs,134.55,134.55,134.55,134.55,1,KRW,166.31,1.236,1,1,建筑工程,?? ?? ?? - ?4? ???? ??,,
090569,PVC,Material,General,pcs,6559.11,6559.11,6559.11,6559.11,1,KRW,66.91,0.0102,1,1,建筑工程,?? ?? ?? - ?4? ???? ??,,PVC
280305,PVC 70,Material,General,pcs,252.27,252.27,252.27,252.27,1,KRW,38.97,0.1545,1,1,建筑工程,?? ?? ?? - ?4? ???? ??,,PVC
280105,(전기) 70,Material,General,pcs,122.53,122.53,122.53,122.53,1,KRW,83.18,0.6789,1,1,建筑工程,?? ?? ?? - ?4? ???? ??,,PVC
280298,PVCT형 스플라이스 70,Material,General,pcs,360.39,360.39,360.39,360.39,1,KRW,7.35,0.0204,1,1,建筑工程,?? ?? ?? - ?4? ???? ??,,PVC
280291,PVC 70,Material,General,pcs,768.83,768.83,768.83,768.83,1,KRW,156.84,0.204,1,1,建筑工程,?? ?? ?? - ?4? ???? ??,,PVC
280284,PVC 70,Material,General,pcs,240.26,240.26,240.26,240.26,1,KRW,9.8,0.0408,1,1,建筑工程,?? ?? ?? - ?4? ???? ??,,PVC
180003,아연도금 25,Material,General,pcs,288.31,288.31,288.31,288.31,1,KRW,172.99,0.6,1,1,建筑工程,"?? ?? ?? - ?10? ??, ??, ??, ??",,
180002,아연도금 20,Material,General,pcs,187.4,187.4,187.4,187.4,1,KRW,112.44,0.6,1,1,建筑工程,"?? ?? ?? - ?10? ??, ??, ??, ??",,
180008,아연도금 20,Material,General,pcs,259.48,259.48,259.48,259.48,1,KRW,155.69,0.6,1,1,建筑工程,"?? ?? ?? - ?10? ??, ??, ??, ??",,
180032,아연도금 20,Material,General,pcs,528.57,528.57,528.57,528.57,1,KRW,158.57,0.3,1,1,建筑工程,"?? ?? ?? - ?10? ??, ??, ??, ??",,
210068,수량 100,Material,Water,pcs,5501.96,5501.96,5501.96,5501.96,1,KRW,5529.47,1.005,1,1,建筑工程,"?? ?? ?? - ?10? ??, ??, ??, ??",,
180196,426,Material,General,pcs,104753.52,104753.52,104753.52,104753.52,1,KRW,419014.09,4.0,1,1,建筑工程,"?? ?? ?? - ?10? ??, ??, ??, ??",,정방형 제작 설치
180195,377,Material,General,pcs,75922.28,75922.28,75922.28,75922.28,1,KRW,303689.11,4.0,1,1,建筑工程,"?? ?? ?? - ?10? ??, ??, ??, ??",,정방형 제작 설치
280256,아연 도금 전기 몰딩 스플라이스 40,Material,General,pcs,689.55,689.55,689.55,689.55,1,KRW,113.64,0.1648,1,1,建筑工程,?? ?? ?? - ?4? ???? ??,,
090076,락 너트 32,Material,Fasteners,pcs,129.74,129.74,129.74,129.74,1,KRW,20.04,0.1545,1,1,建筑工程,?? ?? ?? - ?4? ???? ??,,?? ??
090075,락 너트 25,Material,Fasteners,pcs,105.71,105.71,105.71,105.71,1,KRW,16.34,0.1545,1,1,建筑工程,?? ?? ?? - ?4? ???? ??,,?? ??
800533,못,Equipment,General,machine-shift,18379.92,18379.92,18379.92,18379.92,1,KRW,18.38,0.001,1,1,建筑工程,????? ??,"강판 바닥 슬래브, 벽 슬래브",
010098,강관 없음 159×4.5,Material,Steel & Metal,m,19292.91,19292.91,19292.91,19292.91,1,KRW,5787.87,0.3,1,1,建筑工程,"?? ?? ?? - ?10? ??, ??, ??, ??",,
010095,강관 없음 108×3,Material,Steel & Metal,m,8769.5,8769.5,8769.5,8769.5,1,KRW,2630.85,0.3,1,1,建筑工程,"?? ?? ?? - ?10? ??, ??, ??, ??",,
110516,폴리( PVC) 코팅 없음,Material,General,m2,7688.33,7688.33,7688.33,7688.33,1,KRW,8072.75,1.05,1,1,建筑工程,?? ?? ??,마감층,
280415,JDG(KBG) 스플라이스 50,Material,General,pcs,1489.61,1489.61,1489.61,1489.61,1,KRW,260.83,0.1751,1,1,建筑工程,?? ?? ?? - ?4? ???? ??,,() 강관
280414,JDG(KBG) 스플라이스 40,Material,General,pcs,1105.2,1105.2,1105.2,1105.2,1,KRW,193.53,0.1751,1,1,建筑工程,?? ?? ?? - ?4? ???? ??,,() 강관
280413,JDG(KBG) 스플라이스 32,Material,General,pcs,912.99,912.99,912.99,912.99,1,KRW,235.09,0.2575,1,1,建筑工程,?? ?? ?? - ?4? ???? ??,,() 강관
280412,JDG(KBG) 스플라이스 25,Material,General,pcs,696.76,696.76,696.76,696.76,1,KRW,179.43,0.2575,1,1,建筑工程,?? ?? ?? - ?4? ???? ??,,() 강관
280411,JDG(KBG) 스플라이스 20,Material,General,pcs,624.68,624.68,624.68,624.68,1,KRW,257.37,0.412,1,1,建筑工程,?? ?? ?? - ?4? ???? ??,,() 강관
280228,PVC 접속 50,Material,General,pcs,807.27,807.27,807.27,807.27,1,KRW,124.72,0.1545,1,1,建筑工程,?? ?? ?? - ?4? ???? ??,,PVC
280227,PVC 접속 40,Material,General,pcs,576.62,576.62,576.62,576.62,1,KRW,89.09,0.1545,1,1,建筑工程,?? ?? ?? - ?4? ???? ??,,PVC
280226,PVC 접속 32,Material,General,pcs,324.35,324.35,324.35,324.35,1,KRW,50.12,0.1545,1,1,建筑工程,?? ?? ?? - ?4? ???? ??,,PVC
280225,PVC 접속 25,Material,General,pcs,199.42,199.42,199.42,199.42,1,KRW,30.8,0.1545,1,1,建筑工程,?? ?? ?? - ?4? ???? ??,,PVC
320006,접착제 (10kV)10,Material,General,pair,6174.69,6174.69,6174.69,6174.69,1,KRW,24698.77,4.0,1,1,建筑工程,?? ?? ?? - ?4? ???? ??,,10kV
180178,(1.6MPa) 40,Material,General,pcs,3772.09,3772.09,3772.09,3772.09,1,KRW,7544.18,2.0,1,1,建筑工程,"?? ?? ?? - ?10? ??, ??, ??, ??",형태 제작 설치,
180020,아연 도금 스플라이스 25,Material,General,pcs,1230.13,1230.13,1230.13,1230.13,1,KRW,3727.3,3.03,1,1,建筑工程,"?? ?? ?? - ?10? ??, ??, ??, ??",형태 제작 설치,
180176,(1.6MPa) 25,Material,General,pcs,2191.17,2191.17,2191.17,2191.17,1,KRW,2213.09,1.01,1,1,建筑工程,"?? ?? ?? - ?10? ??, ??, ??, ??","수도, 수도",수도 설비
190006,25,Material,General,pcs,11772.76,11772.76,11772.76,11772.76,1,KRW,11890.49,1.01,1,1,建筑工程,"?? ?? ?? - ?10? ??, ??, ??, ??","수도, 수도",수도 설비
180175,(1.6MPa) 20,Material,General,pcs,2075.85,2075.85,2075.85,2075.85,1,KRW,2096.61,1.01,1,1,建筑工程,"?? ?? ?? - ?10? ??, ??, ??, ??","수도, 수도",수도 설비
180155,평탄 (1.6MPa) 600,Material,General,pcs,253354.56,253354.56,253354.56,253354.56,1,KRW,506709.12,2.0,1,1,建筑工程,"?? ?? ?? - ?10? ??, ??, ??, ??",수 water,물 ()
180154,평탄 (1.6MPa) 500,Material,General,pcs,175870.59,175870.59,175870.59,175870.59,1,KRW,351741.18,2.0,1,1,建筑工程,"?? ?? ?? - ?10? ??, ??, ??, ??",수 water,물 ()
090112,볼트 22×(85 100) 포함,Material,Fasteners,set,672.73,672.73,672.73,672.73,1,KRW,16629.86,24.72,1,1,建筑工程,"?? ?? ?? - ?10? ??, ??, ??, ??",수 water,물 ()
090110,볼트 20×(65 80) 포함,Material,Fasteners,set,473.31,473.31,473.31,473.31,1,KRW,11700.3,24.72,1,1,建筑工程,"?? ?? ?? - ?10? ??, ??, ??, ??",수 water,물 ()
800180,전기 윈치 (단일) 1t,Equipment,Hoists,machine-shift,24506.56,24506.56,24506.56,24506.56,1,KRW,2034.04,0.083,1,1,建筑工程,"?? ?? ?? - ?10? ??, ??, ??, ??",,설치
800176,트럭 크레인 12t,Equipment,Cranes,machine-shift,162944.58,162944.58,162944.58,162944.58,1,KRW,203680.73,1.25,1,1,建筑工程,"?? ?? ?? - ?10? ??, ??, ??, ??",,설치
030005,목재 250×200×2500,Material,Wood & Timber,pcs,31474.11,31474.11,31474.11,31474.11,1,KRW,1510.76,0.048,1,1,建筑工程,"?? ?? ?? - ?10? ??, ??, ??, ??",,설치
010104,273×7 강관 아님,Material,Steel & Metal,m,50310.52,50310.52,50310.52,50310.52,1,KRW,21633.52,0.43,1,1,建筑工程,"?? ?? ?? - ?10? ??, ??, ??, ??",,
010100,무강관 219×6,Material,Steel & Metal,m,33804.63,33804.63,33804.63,33804.63,1,KRW,10817.48,0.32,1,1,建筑工程,"?? ?? ?? - ?10? ??, ??, ??, ??",,
280257,아연 도금 전기 몰딩 스플라이스 50,Material,General,pcs,771.24,771.24,771.24,771.24,1,KRW,127.1,0.1648,1,1,建筑工程,?? ?? ?? - ?4? ???? ??,,
100289,금속 석재 25,Material,Steel & Metal,pcs,3507.8,3507.8,3507.8,3507.8,1,KRW,7226.07,2.06,1,1,建筑工程,"?? ?? ?? - ?10? ??, ??, ??, ??",,설치
600139,평탄 (1.6MPa) 25,Material,General,pcs,1489.61,1489.61,1489.61,1489.61,1,KRW,1489.61,1.0,1,1,建筑工程,"?? ?? ?? - ?10? ??, ??, ??, ??",,설치
180179,(1.6MPa) 50,Material,General,pcs,4925.34,4925.34,4925.34,4925.34,1,KRW,9850.68,2.0,1,1,建筑工程,"?? ?? ?? - ?10? ??, ??, ??, ??",형태 제작 설치,
320016,YS241-01-05(900×1000),Material,General,pcs,6150.67,6150.67,6150.67,6150.67,1,KRW,92259.98,15.0,1,1,建筑工程,?? ?? ?? - ?4? ???? ??,,10kV
320015,145(368×117×105),Material,General,pcs,2594.81,2594.81,2594.81,2594.81,1,KRW,5189.62,2.0,1,1,建筑工程,?? ?? ?? - ?4? ???? ??,,10kV
320014,LRG(P-20 수직),Material,General,pcs,4348.71,4348.71,4348.71,4348.71,1,KRW,13046.14,3.0,1,1,建筑工程,?? ?? ?? - ?4? ???? ??,,10kV
320013,전기,Material,General,상단,1304.61,1304.61,1304.61,1304.61,1,KRW,5218.46,4.0,1,1,建筑工程,?? ?? ?? - ?4? ???? ??,,10kV
150226,V82040 포함,Material,General,pair,326.75,326.75,326.75,326.75,1,KRW,1307.02,4.0,1,1,建筑工程,?? ?? ?? - ?4? ???? ??,,10kV
150235,전기 포함,Material,General,pair,302.73,302.73,302.73,302.73,1,KRW,605.46,2.0,1,1,建筑工程,?? ?? ?? - ?4? ???? ??,,10kV
150225,거울 V82040,Material,General,pair,153.77,153.77,153.77,153.77,1,KRW,615.07,4.0,1,1,建筑工程,?? ?? ?? - ?4? ???? ??,,10kV
150224,51581,Material,General,개,2498.71,2498.71,2498.71,2498.71,1,KRW,9994.83,4.0,1,1,建筑工程,?? ?? ?? - ?4? ???? ??,,10kV
320012,D3LYB,Material,General,pair,13478.61,13478.61,13478.61,13478.61,1,KRW,53914.43,4.0,1,1,建筑工程,?? ?? ?? - ?4? ???? ??,,10kV
320011,T32,Material,General,pcs,430.07,430.07,430.07,430.07,1,KRW,2150.33,5.0,1,1,建筑工程,?? ?? ?? - ?4? ???? ??,,10kV
320010,GB116-GC,Material,General,pcs,312.34,312.34,312.34,312.34,1,KRW,1561.69,5.0,1,1,建筑工程,?? ?? ?? - ?4? ???? ??,,10kV
320008,() YS103-12-02,Material,General,pair,5093.52,5093.52,5093.52,5093.52,1,KRW,5093.52,1.0,1,1,建筑工程,?? ?? ?? - ?4? ???? ??,,10kV
320007,접착제 (8kV)10,Material,General,pair,2306.5,2306.5,2306.5,2306.5,1,KRW,2306.5,1.0,1,1,建筑工程,?? ?? ?? - ?4? ???? ??,,10kV
300091,아연 도금 앵글 강재 16×550,Material,Steel & Metal,pair,1357.47,1357.47,1357.47,1357.47,1,KRW,2728.52,2.01,1,1,建筑工程,?? ?? ?? - ?4? ???? ??,,
090140,볼트 16×(400 450)로 아연 도금,Material,Fasteners,set,1511.24,1511.24,1511.24,1511.24,1,KRW,6165.85,4.08,1,1,建筑工程,?? ?? ?? - ?4? ???? ??,,
300089,아연도금 앵글 강재 63×6×2700,Material,Steel & Metal,pcs,20758.5,20758.5,20758.5,20758.5,1,KRW,41641.54,2.006,1,1,建筑工程,?? ?? ?? - ?4? ???? ??,,
300090,아연도금 앵글 강재 63×63×6×570,Material,Steel & Metal,pcs,5405.86,5405.86,5405.86,5405.86,1,KRW,5422.08,1.003,1,1,建筑工程,?? ?? ?? - ?4? ???? ??,,전기 설비
300067,아연도금 각형 강재 버팀대 50×50×5×1760,Material,Steel & Metal,pcs,8192.88,8192.88,8192.88,8192.88,1,KRW,16434.91,2.006,1,1,建筑工程,?? ?? ?? - ?4? ???? ??,,전기 설비
300087,아연도금 앵글 강재 50×5×1100,Material,Steel & Metal,pcs,7616.25,7616.25,7616.25,7616.25,1,KRW,7639.1,1.003,1,1,建筑工程,?? ?? ?? - ?4? ???? ??,,전기 설비
300026,아연도금 앵글 강재 63×63×6×1500,Material,Steel & Metal,pcs,10931.85,10931.85,10931.85,10931.85,1,KRW,10964.64,1.003,1,1,建筑工程,?? ?? ?? - ?4? ???? ??,,전기 설비
300088,아연도금 앵글 강재 50×5×1760,Material,Steel & Metal,pcs,12181.2,12181.2,12181.2,12181.2,1,KRW,24435.49,2.006,1,1,建筑工程,?? ?? ?? - ?4? ???? ??,,전기 설비
090532,몰딩 40×5×60,Material,General,pcs,172.99,172.99,172.99,172.99,1,KRW,705.79,4.08,1,1,建筑工程,?? ?? ?? - ?4? ???? ??,,
300009,슬래브 40×4×230,Material,General,pcs,490.13,490.13,490.13,490.13,1,KRW,985.16,2.01,1,1,建筑工程,?? ?? ?? - ?4? ???? ??,,설치
310009,ED-1,Material,General,pcs,370.0,370.0,370.0,370.0,1,KRW,371.85,1.005,1,1,建筑工程,?? ?? ?? - ?4? ???? ??,,설치
320024,P 10,Material,General,set,3123.38,3123.38,3123.38,3123.38,1,KRW,3139.0,1.005,1,1,建筑工程,?? ?? ?? - ?4? ???? ??,,설치
110737,폴리,Material,General,g,33.64,33.64,33.64,33.64,1,KRW,672.73,20.0,1,1,建筑工程,"?? ?? ?? - ?10? ??, ??, ??, ??",설치,
390037,시멘트 슬래브 900×700×80,Material,Concrete & Cement,pcs,11292.24,11292.24,11292.24,11292.24,1,KRW,11292.24,1.0,1,1,建筑工程,"?? ?? ?? - ?10? ??, ??, ??, ??",조적,
390035,시멘트 슬래브 600×600×60,Material,Concrete & Cement,pcs,4853.26,4853.26,4853.26,4853.26,1,KRW,4853.26,1.0,1,1,建筑工程,"?? ?? ?? - ?10? ??, ??, ??, ??",조적,
390032,시멘트 슬래브 500×500×60,Material,Concrete & Cement,pcs,3363.65,3363.65,3363.65,3363.65,1,KRW,3363.65,1.0,1,1,建筑工程,"?? ?? ?? - ?10? ??, ??, ??, ??",조적,
300074,아연 도금 접지 25,Material,General,pcs,14295.49,14295.49,14295.49,14295.49,1,KRW,14867.31,1.04,1,1,建筑工程,?? ?? ?? - ?4? ???? ??,,
300073,아연 도금 접지 19,Material,General,pcs,9514.31,9514.31,9514.31,9514.31,1,KRW,9894.88,1.04,1,1,建筑工程,?? ?? ?? - ?4? ???? ??,,
010052,아연 도금 강관 50,Material,Steel & Metal,kg,1143.64,1143.64,1143.64,1143.64,1,KRW,15221.84,13.31,1,1,建筑工程,?? ?? ?? - ?4? ???? ??,,
090180,못 (6 12)×(12 80),Equipment,General,pcs,14.42,14.42,14.42,14.42,1,KRW,58.82,4.08,1,1,建筑工程,?? ?? ?? - ?4? ???? ??,전기 설비,
090857,M16×60 아연 도금 못,Material,Fasteners,set,331.56,331.56,331.56,331.56,1,KRW,669.75,2.02,1,1,建筑工程,?? ?? ?? - ?11? ???? ? ??,열 추가,
800120,드릴링 DHR80A,Equipment,General,machine-shift,436505.04,436505.04,436505.04,436505.04,1,KRW,5238.06,0.012,1,1,建筑工程,?? ?? ? ?? ??,기초 굴착,못
120036,10,Material,General,m,62.47,62.47,62.47,62.47,1,KRW,45.91,0.735,1,1,建筑工程,?? ?? ? ?? ??,기초 굴착,못
310013,P-6,Material,General,pcs,1381.5,1381.5,1381.5,1381.5,1,KRW,1388.39,1.005,1,1,建筑工程,?? ?? ?? - ?4? ???? ??,,설치
310027,전기,Material,General,pcs,38441.66,38441.66,38441.66,38441.66,1,KRW,38633.87,1.005,1,1,建筑工程,?? ?? ?? - ?4? ???? ??,,설치
310026,높이 P-20,Material,General,pcs,13214.32,13214.32,13214.32,13214.32,1,KRW,13280.39,1.005,1,1,建筑工程,?? ?? ?? - ?4? ???? ??,,설치
310025,높이 P-15,Material,General,pcs,6967.55,6967.55,6967.55,6967.55,1,KRW,7002.39,1.005,1,1,建筑工程,?? ?? ?? - ?4? ???? ??,,설치
300032,아연도금 앵글 강재 75×75×6×850,Material,Steel & Metal,pcs,8553.27,8553.27,8553.27,8553.27,1,KRW,17157.86,2.006,1,1,建筑工程,?? ?? ?? - ?4? ???? ??,,설치
010367,아연도금 강판,Material,Steel & Metal,kg,2325.72,2325.72,2325.72,2325.72,1,KRW,1139.15,0.4898,1,1,建筑工程,?? ?? ?? - ?4? ???? ??,,지반 슬래브 제작 설치
280359,알루미늄 몰딩 DTL/JY-2,Material,General,pcs,15640.95,15640.95,15640.95,15640.95,1,KRW,63502.26,4.06,1,1,建筑工程,?? ?? ?? - ?4? ???? ??,,
350023,몰딩 BX-16,Material,General,m,3291.57,3291.57,3291.57,3291.57,1,KRW,6681.88,2.03,1,1,建筑工程,?? ?? ?? - ?4? ???? ??,,
300008,아연도금 평강판 65×6×800,Material,Steel & Metal,pair,3603.91,3603.91,3603.91,3603.91,1,KRW,7243.85,2.01,1,1,建筑工程,?? ?? ?? - ?4? ???? ??,,
280175,및,Material,General,단위,1268.57,1268.57,1268.57,1268.57,1,KRW,279.09,0.22,1,1,建筑工程,?? ?? ?? - ?4? ???? ??,,
091420,아연 도금 확장 볼트 14,Material,Fasteners,set,989.87,989.87,989.87,989.87,1,KRW,1415.52,1.43,1,1,建筑工程,?? ?? ?? - ?4? ???? ??,,
310045,25×10 접착제,Material,General,단위,345.97,345.97,345.97,345.97,1,KRW,115.2,0.333,1,1,建筑工程,?? ?? ?? - ?4? ???? ??,몰딩,
280119,4,Material,General,pcs,699.16,699.16,699.16,699.16,1,KRW,1419.29,2.03,1,1,建筑工程,?? ?? ?? - ?4? ???? ??,몰딩,
350027,몰딩 BVR-4,Material,General,m,691.95,691.95,691.95,691.95,1,KRW,1267.93,1.8324,1,1,建筑工程,?? ?? ?? - ?4? ???? ??,몰딩,
280126,70,Material,General,pcs,5117.55,5117.55,5117.55,5117.55,1,KRW,2597.14,0.5075,1,1,建筑工程,?? ?? ?? - ?4? ???? ??,몰딩,
280125,50,Material,General,pcs,3964.3,3964.3,3964.3,3964.3,1,KRW,2011.87,0.5075,1,1,建筑工程,?? ?? ?? - ?4? ???? ??,몰딩,
280124,35,Material,General,pcs,2498.71,2498.71,2498.71,2498.71,1,KRW,1268.09,0.5075,1,1,建筑工程,?? ?? ?? - ?4? ???? ??,몰딩,
280123,25,Material,General,pcs,1862.02,1862.02,1862.02,1862.02,1,KRW,944.97,0.5075,1,1,建筑工程,?? ?? ?? - ?4? ???? ??,몰딩,
090353,알루미늄 합금 바닥판,Material,General,m2,116502.25,116502.25,116502.25,116502.25,1,KRW,118832.3,1.02,1,1,建筑工程,?? ?? ??,마감층,전기 접지 슬래브
280168,금속 접지 76,Material,Steel & Metal,pcs,2738.97,2738.97,2738.97,2738.97,1,KRW,2821.14,1.03,1,1,建筑工程,?? ?? ?? - ?4? ???? ??,,
080304,칸막이,Material,General,m2,48052.07,48052.07,48052.07,48052.07,1,KRW,50454.68,1.05,1,1,建筑工程,"? ? ?? ??, ??? ? ???",칸막이,칸막이
310037,몰딩 J2,Material,General,pcs,2618.84,2618.84,2618.84,2618.84,1,KRW,2671.21,1.02,1,1,建筑工程,?? ?? ?? - ?4? ???? ??,"성형 및 제작, 설치",
310038,몰딩 J4.5,Material,General,pcs,3748.06,3748.06,3748.06,3748.06,1,KRW,3823.02,1.02,1,1,建筑工程,?? ?? ?? - ?4? ???? ??,"성형 및 제작, 설치",
300071,원형봉,Material,General,pcs,12085.1,12085.1,12085.1,12085.1,1,KRW,12085.1,1.0,1,1,建筑工程,?? ?? ?? - ?4? ???? ??,,제작
170065,65,Material,General,m,2690.92,2690.92,2690.92,2690.92,1,KRW,3767.28,1.4,1,1,建筑工程,?? ?? ?? - ?4? ???? ??,,
050023,거울 마감 유리 스트립,Material,Glass,m,1852.41,1852.41,1852.41,1852.41,1,KRW,1907.98,1.03,1,1,建筑工程,?? ?? ??,장식 몰딩,거울 마감 유리 몰딩
090583,못,Material,Fasteners,pcs,38.44,38.44,38.44,38.44,1,KRW,500.89,13.03,1,1,建筑工程,?? ??,천장 장식,캐노피 마감재
080290,알루미늄 합금,Material,General,m2,14415.62,14415.62,14415.62,14415.62,1,KRW,15136.4,1.05,1,1,建筑工程,?? ??,천장 장식,캐노피 마감재
080289,알루미늄 합금 케일 60×30×1.5,Material,General,m,5285.73,5285.73,5285.73,5285.73,1,KRW,7535.86,1.4257,1,1,建筑工程,?? ??,천장 장식,캐노피 마감재
300046,몰딩 2000,Material,General,pcs,2263.25,2263.25,2263.25,2263.25,1,KRW,2263.25,1.0,1,1,建筑工程,?? ?? ?? - ?11? ???? ? ??,,
010034,보통 강판 31,Material,Steel & Metal,kg,1045.13,1045.13,1045.13,1045.13,1,KRW,32320.71,30.925,1,1,建筑工程,?? ?? ? ?? ??,기초 굴착,()
370218,창문 고정,Material,Glass,m2,144156.22,144156.22,144156.22,144156.22,1,KRW,144156.22,1.0,1,1,建筑工程,? ? ?? ??,금속 창문,
060099,대리석 표면,Material,General,m2,120130.19,120130.19,120130.19,120130.19,1,KRW,126136.7,1.05,1,1,建筑工程,?? ?? ??,,
120138,슬래브,Material,General,m2,28831.24,28831.24,28831.24,28831.24,1,KRW,17298.75,0.6,1,1,建筑工程,?? ?? ??,,슬래브
110515,살포,Material,General,m2,10811.72,10811.72,10811.72,10811.72,1,KRW,11352.3,1.05,1,1,建筑工程,?? ?? ??,,마감층
350307,접착 몰딩 2×16/0.15,Material,General,m,1081.17,1081.17,1081.17,1081.17,1,KRW,10811.72,10.0,1,1,建筑工程,?? ?? ?? - ?4? ???? ??,전기 설비,
120079,0.5 1.0,Material,General,kg,13911.08,13911.08,13911.08,13911.08,1,KRW,139.11,0.01,1,1,建筑工程,?? ?? ?? - ?4? ???? ??,전기 () 설치,
090126,볼트 10×(65 80)로 아연 도금됨,Material,Fasteners,set,187.4,187.4,187.4,187.4,1,KRW,764.6,4.08,1,1,建筑工程,?? ?? ?? - ?4? ???? ??,() 설치,설치
100367,접착제 3mm,Material,General,kg,1970.14,1970.14,1970.14,1970.14,1,KRW,2301.12,1.168,1,1,建筑工程,?? ?? ?? - ?4? ???? ??,,
120032,6,Material,General,m,33.64,33.64,33.64,33.64,1,KRW,16.82,0.5,1,1,建筑工程,?? ?? ?? - ?4? ???? ??,,
800019,평면 16m,Equipment,General,machine-shift,129308.13,129308.13,129308.13,129308.13,1,KRW,21555.66,0.1667,1,1,建筑工程,?? ?? ?? - ?4? ???? ??,전기 설비,
010036,아연도강판 0.7 0.9,Material,Steel & Metal,kg,1311.82,1311.82,1311.82,1311.82,1,KRW,21566.35,16.44,1,1,建筑工程,?? ?? ?? - ?7? ?? ? ??,,
310094,몰딩 기둥 16,Material,General,pcs,2162.34,2162.34,2162.34,2162.34,1,KRW,3243.52,1.5,1,1,建筑工程,"?? ?? ?? - ?12? ??, ??, ??",,전기 제작 설치
310093,몰딩 기둥 8,Material,General,pcs,1081.17,1081.17,1081.17,1081.17,1,KRW,378.41,0.35,1,1,建筑工程,"?? ?? ?? - ?12? ??, ??, ??",,전기 제작 설치
010163,강관 없음 89×4,Material,Steel & Metal,m,12037.04,12037.04,12037.04,12037.04,1,KRW,1203.7,0.1,1,1,建筑工程,"?? ?? ?? - ?12? ??, ??, ??",,전기 제작 설치
100368,HOREQ-D8 스트립,Material,General,m,24026.04,24026.04,24026.04,24026.04,1,KRW,24746.82,1.03,1,1,建筑工程,? ? ?? ??,"문, 창문",
050036,유리 연마,Material,Glass,m2,12013.02,12013.02,12013.02,12013.02,1,KRW,3868.19,0.322,1,1,建筑工程,?? ?? ??,,
090433,문,Material,General,m,5766.25,5766.25,5766.25,5766.25,1,KRW,5766.25,1.0,1,1,建筑工程,?? ?? ??,,벽
100284,이중 표면 실리콘 실란트 포함,Material,Rubber,m,72.08,72.08,72.08,72.08,1,KRW,619.58,8.596,1,1,建筑工程,?? ?? ??,,
090951,스테인리스 강,Material,Steel & Metal,pcs,432.47,432.47,432.47,432.47,1,KRW,9566.21,22.12,1,1,建筑工程,?? ?? ??,,
070129,평면 몰딩 20×5,Material,General,m,720.78,720.78,720.78,720.78,1,KRW,11634.85,16.142,1,1,建筑工程,?? ?? ??,,
070128,장식 몰딩 50mm,Material,General,m,600.65,600.65,600.65,600.65,1,KRW,919.0,1.53,1,1,建筑工程,?? ?? ??,,
050037,거울 마감 유리 (완제품) 5mm,Material,Glass,m2,12253.28,12253.28,12253.28,12253.28,1,KRW,37078.42,3.026,1,1,建筑工程,?? ?? ??,,
070127,목재 몰딩 10×10,Material,Wood & Timber,m,720.78,720.78,720.78,720.78,1,KRW,3544.08,4.917,1,1,建筑工程,?? ?? ??,,
070124,목재,Material,Wood & Timber,m2,4805.21,4805.21,4805.21,4805.21,1,KRW,1652.99,0.344,1,1,建筑工程,?? ?? ??,,
030125,합판 15mm,Material,Wood & Timber,m2,8409.11,8409.11,8409.11,8409.11,1,KRW,28254.62,3.36,1,1,建筑工程,?? ?? ??,,
050010,유리 3mm,Material,Glass,m2,3603.91,3603.91,3603.91,3603.91,1,KRW,4995.01,1.386,1,1,建筑工程,?? ?? ??,,틀
080746,앵글 강재 50×80×5,Material,Steel & Metal,kg,1105.2,1105.2,1105.2,1105.2,1,KRW,3414.51,3.0895,1,1,建筑工程,"? ? ?? ??, ??? ? ???",?? ?? ??,?? ???
080745,앵글 강재 50×50×4,Material,Steel & Metal,kg,1105.2,1105.2,1105.2,1105.2,1,KRW,1214.4,1.0988,1,1,建筑工程,"? ? ?? ??, ??? ? ???",?? ?? ??,?? ???
080744,용골 60×80×4,Material,General,kg,1105.2,1105.2,1105.2,1105.2,1,KRW,12959.55,11.726,1,1,建筑工程,"? ? ?? ??, ??? ? ???",?? ?? ??,?? ???
060091,화강암 알루미늄 복합판,Material,General,m2,91298.94,91298.94,91298.94,91298.94,1,KRW,97689.87,1.07,1,1,建筑工程,"? ? ?? ??, ??? ? ???",?? ?? ??,?? ???
091021,볼트 14×(65 80)로 아연 도금,Material,Fasteners,set,401.23,401.23,401.23,401.23,1,KRW,1637.04,4.08,1,1,建筑工程,?? ?? ?? - ?7? ?? ? ??,설치 및 시공,설치
091020,볼트 12×(85 100)로 아연 도금됨,Material,Fasteners,set,333.96,333.96,333.96,333.96,1,KRW,1389.28,4.16,1,1,建筑工程,?? ?? ?? - ?7? ?? ? ??,설치 및 시공,설치
091479,볼트 10×(110 120)로 아연 도금,Material,Fasteners,set,261.88,261.88,261.88,261.88,1,KRW,5447.18,20.8,1,1,建筑工程,?? ?? ?? - ?7? ?? ? ??,설치 및 시공,설치
090097,아연 도금 볼트 10×30,Material,Fasteners,pcs,50.45,50.45,50.45,50.45,1,KRW,207.87,4.12,1,1,建筑工程,?? ?? ?? - ?9? ??,,
180034,아연도금 32,Material,General,pcs,1249.35,1249.35,1249.35,1249.35,1,KRW,1261.85,1.01,1,1,建筑工程,?? ?? ?? - ?9? ??,,
190209,(1.6MPa)DN32,Material,General,pcs,18932.52,18932.52,18932.52,18932.52,1,KRW,38243.68,2.02,1,1,建筑工程,?? ?? ?? - ?9? ??,,
240006,물 스플라이스 DN32,Material,Water,pcs,1081.17,1081.17,1081.17,1081.17,1,KRW,1091.98,1.01,1,1,建筑工程,?? ?? ?? - ?9? ??,,
190208,(1.6MPa)DN25,Material,General,pcs,10931.85,10931.85,10931.85,10931.85,1,KRW,22082.33,2.02,1,1,建筑工程,?? ?? ?? - ?9? ??,,
240005,물 스플라이스 DN25,Material,Water,pcs,768.83,768.83,768.83,768.83,1,KRW,776.52,1.01,1,1,建筑工程,?? ?? ?? - ?9? ??,,
010284,채널 강재 6.3,Material,Steel & Metal,kg,994.68,994.68,994.68,994.68,1,KRW,686.33,0.69,1,1,建筑工程,?? ?? ?? - ?7? ?? ? ??,,설치
090169,접지 볼트 16×180,Material,Fasteners,set,576.62,576.62,576.62,576.62,1,KRW,2352.63,4.08,1,1,建筑工程,?? ?? ?? - ?7? ?? ? ??,설치,혼합 () 설치
091018,접지 볼트 14×(150 300),Material,Fasteners,set,840.91,840.91,840.91,840.91,1,KRW,3430.92,4.08,1,1,建筑工程,?? ?? ?? - ?7? ?? ? ??,설치,혼합 () 설치
