resource_code,name,type,category,unit,price_avg,price_min,price_max,price_median,price_variants,currency,avg_cost_per_use,avg_qty_per_use,usage_count,used_in_work_items,parent_category,parent_collection,parent_department,parent_section
870005,kompozitní pracovní den,Labor,Labor,work-day,300.97,300.97,300.97,300.97,1,CZK,1717.52,5.7067,7704,7704,建筑工程,Obecné instalační práce - Sv.4 Instalace elektrického zařízení,suchá instalace,instalace
840023,náklady na ostatní nástroje,Equipment,General,CNY,0.0,0.0,0.0,0.0,0,CZK,45.63,13.1468,5840,5840,建筑工程,zemní práce a práce se skalou,skalní práce,výkopové práce obecné zemní
840004,náklady na ostatní materiály,Material,General,CNY,0.0,0.0,0.0,0.0,0,CZK,26.69,6.9714,5546,5546,建筑工程,zemní práce a práce se skalou,záplava,zásyp základů
870003,kompozitní pracovní den,Labor,Labor,work-day,336.15,336.15,336.15,336.15,1,CZK,86.18,0.2564,1585,1585,建筑工程,práce na dveřích a oknech,kovové dveře,strop
870002,kompozitní pracovní den,Labor,Labor,work-day,318.18,318.18,318.18,318.18,1,CZK,483.11,1.5184,814,814,建筑工程,úprava půdy a podpora svahů,výkop pro základy,()
100321,nafta,Material,General,kg,34.34,34.34,34.34,34.34,1,CZK,206.24,6.0055,718,718,建筑工程,zemní práce a práce se skalou,skalní práce,výkopové práce obecné zemní
090290,svařovací tyč (kompozitní),Material,Welding Consumables,kg,29.75,29.75,29.75,29.75,1,CZK,52.88,1.7775,690,690,建筑工程,úprava půdy a podpora svahů,výkop pro základy,sekční ocelová pilotáž
870004,kompozitní pracovní den,Labor,Labor,work-day,397.72,397.72,397.72,397.72,1,CZK,345.15,0.8678,589,589,建筑工程,podlahové dokončovací práce,dlažba,základ
110057,sušička,Material,General,kg,72.66,72.66,72.66,72.66,1,CZK,0.19,0.0026,542,542,建筑工程,"malířské, nátěrové a tapetářské práce","dřevěné zábradlí a další položky, desky, lišty a nátěry","kovové dveře, barva na okna"
800138,míchací zařízení na maltu 200L,Equipment,General,machine-shift,42.07,42.07,42.07,42.07,1,CZK,0.36,0.0086,530,530,建筑工程,úprava půdy a podpora svahů,výkop pro základy,hřebík
870006,kompozitní pracovní den,Labor,Labor,work-day,369.42,369.42,369.42,369.42,1,CZK,10498.56,28.4191,414,414,建筑工程,Obecné instalační práce - Sv.4 Instalace elektrického zařízení,výška elektřiny,elektřina
850108,elektřina,Equipment,General,machine-shift,69.49,69.49,69.49,69.49,1,CZK,447.96,6.4467,399,399,建筑工程,Obecné instalační práce - Sv.5 Systémy inteligence budov,montáž,montáž
030001,řezivo,Material,Wood & Timber,m3,7266.02,7266.02,7266.02,7266.02,1,CZK,99.01,0.0136,392,392,建筑工程,úprava půdy a podpora svahů,předpjatý betonový sloup,profil a další položky střechy
800011,svářečka (kompozitní),Equipment,Welding Equip.,machine-shift,71.13,71.13,71.13,71.13,1,CZK,12.61,0.1773,389,389,建筑工程,práce na pilotách,vrtaná pilotáž,profil a další položky střechy
110120,acetylénový plyn,Material,Chemicals,m3,107.08,107.08,107.08,107.08,1,CZK,45.88,0.4285,324,324,建筑工程,úprava půdy a podpora svahů,výkop pro základy,()
110499,ředidlo na akrylové barvy,Material,Paint & Coatings,kg,55.83,55.83,55.83,55.83,1,CZK,2.09,0.0374,321,321,建筑工程,"malířské, nátěrové a tapetářské práce","dřevěné zábradlí a další položky, desky, lišty a nátěry","kovové dveře, barva na okna"
110121,kyslík,Material,Chemicals,m3,13.77,13.77,13.77,13.77,1,CZK,10.99,0.7981,315,315,建筑工程,úprava půdy a podpora svahů,výkop pro základy,()
840021,náklady na materiály,Material,General,CNY,0.0,0.0,0.0,0.0,0,CZK,102.05,26.686,269,269,建筑工程,Obecné instalační práce - Sv.6 Automatizace a kontrola instrumentace,a s,jednotka
800045,rotační kladivo 520W,Equipment,General,machine-shift,15.14,15.14,15.14,15.14,1,CZK,1.61,0.1064,222,222,建筑工程,práce na dveřích a oknech,kovové dveře,dekorativní omítky na stěny
850002,34401,Equipment,General,machine-shift,66.92,66.92,66.92,66.92,1,CZK,135.35,2.0225,219,219,建筑工程,Obecné instalační práce - Sv.4 Instalace elektrického zařízení,výška elektřiny,výška elektřiny
870001,kompozitní pracovní den,Labor,Labor,work-day,284.14,284.14,284.14,284.14,1,CZK,264.23,0.9299,206,206,建筑工程,zemní práce a práce se skalou,skalní práce,výkopové práce obecné zemní
800102,autožebřík 16t,Equipment,Cranes,machine-shift,3499.93,3499.93,3499.93,3499.93,1,CZK,168.02,0.048,198,198,建筑工程,úprava půdy a podpora svahů,výkop pro základy,sekční ocelová pilotáž
850125,F-87,Equipment,General,machine-shift,26.0,26.0,26.0,26.0,1,CZK,219.41,8.4372,185,185,建筑工程,Obecné instalační práce - Sv.4 Instalace elektrického zařízení,elektřina,elektřina
800073,kámen řezník,Equipment,General,machine-shift,88.72,88.72,88.72,88.72,1,CZK,1.19,0.0135,179,179,建筑工程,práce na střeše a hydroizolaci,nátěrová vrstva proti korozi,profil a další položky střechy
280120,6,Material,General,pcs,12.96,12.96,12.96,12.96,1,CZK,26.32,2.03,173,173,建筑工程,Obecné instalační práce - Sv.4 Instalace elektrického zařízení,elektrické instalace,montáž sítě
010023,pozinkovaná plochá ocel,Material,Steel & Metal,kg,19.96,19.96,19.96,19.96,1,CZK,52.49,2.6293,165,165,建筑工程,Obecné instalační práce - Sv.4 Instalace elektrického zařízení,suchá instalace,instalace
800186,ruční vrtačka 0.5kW,Equipment,General,machine-shift,4.4,4.4,4.4,4.4,1,CZK,0.29,0.0667,158,158,建筑工程,práce na dveřích a oknech,kovové dveře,povrch kamenné desky nosníku
100040,bílý lihový lak,Material,Paint & Coatings,kg,68.84,68.84,68.84,68.84,1,CZK,1.94,0.0282,158,158,建筑工程,podlahové dokončovací práce,"dřevěné zábradlí a další položky, desky, lišty a nátěry","kovové dveře, barva na okna"
800033,AC svářečka 32kVA,Equipment,Welding Equip.,machine-shift,57.36,57.36,57.36,57.36,1,CZK,32.96,0.5747,157,157,建筑工程,úprava půdy a podpora svahů,výkop pro základy,sekční ocelová pilotáž
800148,elektrická vrtačka 1kW,Equipment,General,machine-shift,17.59,17.59,17.59,17.59,1,CZK,3.81,0.2165,152,152,建筑工程,práce na dveřích a oknech,"dveře, dveře",dekorativní povrch sloupu (nosníku)
110060,silikonové těsnění (těsnicí hmota),Material,Rubber,pcs,26.0,26.0,26.0,26.0,1,CZK,16.08,0.6182,149,149,建筑工程,práce na dveřích a oknech,lišta,povrch kamenného sloupu
800278,nákladní auto 15t,Equipment,Trucks,machine-shift,1502.54,1502.54,1502.54,1502.54,1,CZK,60.11,0.04,145,145,建筑工程,přípravné práce a měření na místě,bednění a konzoly pro betonování na místě,lešení
150007,elektřina,Material,General,kWh,4.86,4.86,4.86,4.86,1,CZK,39.66,8.1654,143,143,建筑工程,úprava půdy a podpora svahů,výkop pro základy,základová stěna
840027,amortizované náklady na materiál,Material,General,CNY,0.0,0.0,0.0,0.0,0,CZK,263.66,68.9437,142,142,建筑工程,přípravné práce a měření na místě,bednění a konzoly pro betonování na místě,lešení
840028,náklady na pronájem materiálů,Material,General,CNY,0.0,0.0,0.0,0.0,0,CZK,73.59,19.2429,142,142,建筑工程,přípravné práce a měření na místě,bednění a konzoly pro betonování na místě,lešení
350011,lišta BV-6,Material,General,m,15.11,15.11,15.11,15.11,1,CZK,31.12,2.0601,140,140,建筑工程,Obecné instalační práce - Sv.5 Systémy inteligence budov,montáž,montáž sítě
800007,nákladní auto 5t,Equipment,Trucks,machine-shift,739.99,739.99,739.99,739.99,1,CZK,58.47,0.079,140,140,建筑工程,Obecné instalační práce - Sv.4 Instalace elektrického zařízení,výška elektroinstalace,montáž
090263,železné příslušenství,Material,Steel & Metal,kg,17.21,17.21,17.21,17.21,1,CZK,428.13,24.8784,137,137,建筑工程,práce na pilotách,zděná konstrukce,střešní voda
280122,16,Material,General,pcs,25.93,25.93,25.93,25.93,1,CZK,66.83,2.5775,135,135,建筑工程,Obecné instalační práce - Sv.4 Instalace elektrického zařízení,elektrické instalace,elektrické vestavné instalace
090045,pozinkovaný 8,Material,General,pcs,0.04,0.04,0.04,0.04,1,CZK,0.19,4.8598,130,130,建筑工程,Obecné instalační práce - Sv.4 Instalace elektrického zařízení,elektrické instalace,montáž
800014,elektrický naviják jednokloubý 5t,Equipment,Hoists,machine-shift,431.37,431.37,431.37,431.37,1,CZK,172.84,0.4007,129,129,建筑工程,Obecné instalační práce - Sv.7 Větrání a klimatizace,a instalace,montáž
850009,elektřina 3141,Equipment,General,machine-shift,23.98,23.98,23.98,23.98,1,CZK,11.25,0.4694,128,128,建筑工程,Obecné instalační práce - Sv.4 Instalace elektrického zařízení,elektřina,elektřina
090029,pozinkovaný 8,Material,General,pcs,0.42,0.42,0.42,0.42,1,CZK,4.01,9.541,127,127,建筑工程,práce na stropě,suspendovaný strop,stropní nosník
090030,pozinkovaný 10,Material,General,pcs,0.42,0.42,0.42,0.42,1,CZK,4.42,10.4954,121,121,建筑工程,Obecné instalační práce - Sv.4 Instalace elektrického zařízení,výška instalace,instalace
110152,kontaktní lepidlo,Material,General,kg,51.63,51.63,51.63,51.63,1,CZK,14.94,0.2894,120,120,建筑工程,práce na dveřích a oknech,okno deska,střecha ()
110321,voda,Material,Water,kg,24.59,24.59,24.59,24.59,1,CZK,1.34,0.0545,117,117,建筑工程,Obecné instalační práce - Sv.5 Systémy inteligence budov,montáž,montáž
010138,shim deska,Material,General,kg,17.51,17.51,17.51,17.51,1,CZK,38.01,2.1702,116,116,建筑工程,práce na pilotách,předpjatý betonový sloup,profil a další položky střechy
020003,bílý cement,Material,Concrete & Cement,kg,3.63,3.63,3.63,3.63,1,CZK,2.19,0.6026,116,116,建筑工程,"povrchové úpravy stěn a sloupů, příčky a závěsné stěny",vrstva obkladu stěn,kamenná deska na stěnu
010016,úhelník 63 uvnitř,Material,Steel & Metal,kg,14.03,14.03,14.03,14.03,1,CZK,80.14,5.71,115,115,建筑工程,práce na střeše a hydroizolaci,sloupec (nosník) čelní,profil a další položky střechy
150122,kotouč na kámen,Equipment,General,pcs,30.59,30.59,30.59,30.59,1,CZK,1.04,0.0338,113,113,建筑工程,"povrchové úpravy stěn a sloupů, příčky a závěsné stěny",vrstva obkladu stěn,kamenná deska na stěnu
090174,shim deska,Material,General,kg,14.53,14.53,14.53,14.53,1,CZK,51.94,3.5739,113,113,建筑工程,Obecné instalační práce - Sv.4 Instalace elektrického zařízení,suchá instalace,instalace
110570,akrylátový základní nátěr na dřevo na bázi oleje,Material,Wood & Timber,kg,61.19,61.19,61.19,61.19,1,CZK,6.69,0.1094,112,112,建筑工程,"malířské, nátěrové a tapetářské práce","dřevěné zábradlí a další položky, desky, lišty a nátěry",barva na dřevěné zábradlí
110769,ředidlo pro nitrocelulózový základní nátěr na dřevo,Material,Wood & Timber,kg,133.85,133.85,133.85,133.85,1,CZK,2.46,0.0184,112,112,建筑工程,"malířské, nátěrové a tapetářské práce","dřevěné zábradlí a další položky, desky, lišty a nátěry",barva na dřevěné zábradlí
350237,základová forma,Material,General,m,57.36,57.36,57.36,57.36,1,CZK,37.8,0.659,111,111,建筑工程,Obecné instalační práce - Sv.4 Instalace elektrického zařízení,elektrické instalace,elektrické vestavné instalace
110172,benzín,Material,General,kg,36.1,36.1,36.1,36.1,1,CZK,609.3,16.8779,109,109,建筑工程,úprava půdy a podpora svahů,vodotěsné střešní krytiny a drobnosti,vodotěsná membrána střechy
400034,DS malta,Material,Concrete & Cement,m3,1755.32,1755.32,1755.32,1755.32,1,CZK,47.11,0.0268,107,107,建筑工程,zděné práce,vrstva zábradlí,profil a další položky střechy
110593,ředidlo polyuretanového primeru,Material,Paint & Coatings,kg,55.83,55.83,55.83,55.83,1,CZK,1.26,0.0225,106,106,建筑工程,"malířské, nátěrové a tapetářské práce","dřevěné zábradlí a další položky, desky, lišty a nátěry","kovové dveře, barva na okna"
110132,latex,Material,General,kg,24.86,24.86,24.86,24.86,1,CZK,23.1,0.9292,106,106,建筑工程,práce se dřevěnými konstrukcemi,konstrukční dřevo,dekorativní deska na stěnu
020001,cement (kompozitní),Material,Concrete & Cement,kg,1.53,1.53,1.53,1.53,1,CZK,48.91,31.9707,101,101,建筑工程,práce na pilotách,vrtaná pilotáž,protikorozní maltová vrstva
090503,pozinkovaný hřebík M6,Equipment,General,set,1.72,1.72,1.72,1.72,1,CZK,6.83,3.9667,100,100,建筑工程,Obecné instalační práce - Sv.5 Systémy inteligence budov,montáž,elektrické instalace
830075,kompozitní překližková bednění,Material,Wood & Timber,m2,114.73,114.73,114.73,114.73,1,CZK,10.58,0.0922,99,99,建筑工程,přípravné práce a měření na místě,bednění a konzoly pro betonování na místě,základ
110360,uhlíkový bitumenový základní nátěr,Material,Paint & Coatings,kg,61.57,61.57,61.57,61.57,1,CZK,7.67,0.1245,99,99,建筑工程,"Obecné instalační práce - Sv.12 Malování, protikorozní, tepelná izolace",antikorozní,nátěr štětcem běžný protikorozní
040025,písek,Material,Aggregates,kg,0.27,0.27,0.27,0.27,1,CZK,20.29,75.7993,99,99,建筑工程,úprava půdy a podpora svahů,kamenné zdivo,profil a další položky střechy
110361,uhlíkový bitumenový vrchní nátěr,Material,Waterproofing,kg,61.57,61.57,61.57,61.57,1,CZK,62.3,1.0119,99,99,建筑工程,"Obecné instalační práce - Sv.12 Malování, protikorozní, tepelná izolace",antikorozní,nátěr štětcem běžný protikorozní
090278,vrták z legované oceli,Material,Steel & Metal,pcs,114.73,114.73,114.73,114.73,1,CZK,21.92,0.1911,98,98,建筑工程,"povrchové úpravy stěn a sloupů, příčky a závěsné stěny",vrstva obkladu stěn,kamenná deska na stěnu
850194,kompozit 2422,Equipment,General,machine-shift,116.64,116.64,116.64,116.64,1,CZK,536.92,4.6033,98,98,建筑工程,Obecné instalační práce - Sv.6 Automatizace a kontrola instrumentace,a,(DCS)
090495,pozinkovaný 10,Material,General,pcs,0.11,0.11,0.11,0.11,1,CZK,0.59,5.1336,97,97,建筑工程,Obecné instalační práce - Sv.4 Instalace elektrického zařízení,výška instalace,instalace
840006,voda,Material,Water,t,23.75,23.75,23.75,23.75,1,CZK,13.13,0.553,96,96,建筑工程,úprava půdy a podpora svahů,výkop pro základy,sekční ocelová pilotáž
850201,elektřina SB861,Equipment,General,machine-shift,168.57,168.57,168.57,168.57,1,CZK,95.14,0.5644,96,96,建筑工程,Obecné instalační práce - Sv.6 Automatizace a kontrola instrumentace,a,jednotka
400043,lepidlo DTA malta,Material,Concrete & Cement,m3,8413.29,8413.29,8413.29,8413.29,1,CZK,55.91,0.0066,96,96,建筑工程,práce na dveřích a oknech,dveře a okno,profil a další položky střechy
800185,elektrická řezačka,Equipment,General,machine-shift,106.32,106.31,106.5,106.31,2,CZK,5.02,0.0472,95,95,建筑工程,"povrchové úpravy stěn a sloupů, příčky a závěsné stěny",čelní stěna,dekorativní deska na stěnu
090233,pozinkovaný železný drát 8 12,Material,Steel & Metal,kg,23.9,23.9,23.9,23.9,1,CZK,39.47,1.6515,95,95,建筑工程,betonové a železobetonové práce,betonová deska ve spalině,dřevěná podlaha
110546,ředidlo,Material,General,kg,130.02,130.02,130.02,130.02,1,CZK,13.4,0.1031,93,93,建筑工程,"Obecné instalační práce - Sv.12 Malování, protikorozní, tepelná izolace",antikorozní,nátěr
850180,DF-1,Equipment,General,machine-shift,48.3,48.3,48.3,48.3,1,CZK,257.1,5.3229,93,93,建筑工程,Obecné instalační práce - Sv.6 Automatizace a kontrola instrumentace,síť a,sítka
110586,ředidlo alkydové emailové barvy,Material,Paint & Coatings,kg,40.92,40.92,40.92,40.92,1,CZK,0.65,0.016,90,90,建筑工程,"malířské, nátěrové a tapetářské práce","dřevěné zábradlí a další položky, desky, lišty a nátěry",barva na dřevěné zábradlí
110585,alkydová emailová barva,Material,Paint & Coatings,kg,61.95,61.95,61.95,61.95,1,CZK,9.55,0.1542,90,90,建筑工程,"malířské, nátěrové a tapetářské práce","dřevěné zábradlí a další položky, desky, lišty a nátěry",barva na dřevěné zábradlí
110174,200 benzín,Material,General,kg,23.94,23.94,23.94,23.94,1,CZK,1.29,0.0541,90,90,建筑工程,Obecné instalační práce - Sv.4 Instalace elektrického zařízení,obdélníkové štětce,vodní deska
110547,ředidlo na polyuretanové barvy,Material,Paint & Coatings,kg,51.63,51.63,51.63,51.63,1,CZK,2.41,0.0467,90,90,建筑工程,"Obecné instalační práce - Sv.12 Malování, protikorozní, tepelná izolace",,polyuretanová barva
110589,ředidlo na polyuretanový vrchní nátěr,Material,General,kg,55.83,55.83,55.83,55.83,1,CZK,1.3,0.0234,88,88,建筑工程,"malířské, nátěrové a tapetářské práce","dřevěné zábradlí a další položky, desky, lišty a nátěry","kovové dveře, barva na okna"
110583,alkydová emailová barva,Material,Paint & Coatings,kg,66.92,66.92,66.92,66.92,1,CZK,8.47,0.1266,86,86,建筑工程,"malířské, nátěrové a tapetářské práce","dřevěné zábradlí a další položky, desky, lišty a nátěry",barva na dřevěné zábradlí
110568,alkydový základní nátěr,Material,Paint & Coatings,kg,49.71,49.71,49.71,49.71,1,CZK,4.54,0.0912,86,86,建筑工程,"malířské, nátěrové a tapetářské práce","dřevěné zábradlí a další položky, desky, lišty a nátěry",barva na dřevěné zábradlí
850205,elektřina PZ38,Equipment,General,machine-shift,18.09,18.09,18.09,18.09,1,CZK,101.67,5.6206,86,86,建筑工程,Obecné instalační práce - Sv.6 Automatizace a kontrola instrumentace,síť a,sítka
110584,ředidlo alkydové emailové barvy,Material,Paint & Coatings,kg,40.92,40.92,40.92,40.92,1,CZK,0.59,0.0145,86,86,建筑工程,"malířské, nátěrové a tapetářské práce","dřevěné zábradlí a další položky, desky, lišty a nátěry",barva na dřevěné zábradlí
110564,základní nátěrový primer na bázi oleje,Material,Paint & Coatings,kg,77.63,77.63,77.63,77.63,1,CZK,4.72,0.0608,86,86,建筑工程,"malířské, nátěrové a tapetářské práce","dřevěné zábradlí a další položky, desky, lišty a nátěry",barva na dřevěné zábradlí
010001,výztužná ocel 10 uvnitř,Material,Steel & Metal,kg,14.42,14.42,14.42,14.42,1,CZK,897.87,62.2772,85,85,建筑工程,úprava půdy a podpora svahů,výkop pro základy,hřebík
850258,kompozit D-063,Equipment,General,machine-shift,41.91,41.91,41.91,41.91,1,CZK,38.22,0.9118,85,85,建筑工程,Obecné instalační práce - Sv.6 Automatizace a kontrola instrumentace,zámek,jednotka
010014,kulatý prut 10 uvnitř,Material,General,kg,13.88,13.88,13.88,13.88,1,CZK,14.77,1.0639,84,84,建筑工程,jiné dekorativní práce,montáž formování,(podklad)
110581,fenolová hotová barva,Material,Paint & Coatings,kg,66.92,66.92,66.92,66.92,1,CZK,9.23,0.1379,84,84,建筑工程,"malířské, nátěrové a tapetářské práce","dřevěné zábradlí a další položky, desky, lišty a nátěry",barva na dřevěné zábradlí
110579,fenolický smalt,Material,Paint & Coatings,kg,55.45,55.45,55.45,55.45,1,CZK,7.49,0.1351,84,84,建筑工程,"malířské, nátěrové a tapetářské práce","dřevěné zábradlí a další položky, desky, lišty a nátěry",barva na dřevěné zábradlí
110572,nitrocelulózový základní nátěr na dřevo,Material,Wood & Timber,kg,70.75,70.75,70.75,70.75,1,CZK,4.71,0.0666,84,84,建筑工程,"malířské, nátěrové a tapetářské práce","dřevěné zábradlí a další položky, desky, lišty a nátěry",barva na dřevěné zábradlí
110580,ředidlo na fenolický smalt,Material,Paint & Coatings,kg,59.28,59.28,59.28,59.28,1,CZK,1.21,0.0204,84,84,建筑工程,"malířské, nátěrové a tapetářské práce","dřevěné zábradlí a další položky, desky, lišty a nátěry",barva na dřevěné zábradlí
110573,polyuretanový základní nátěr na dřevo,Material,Wood & Timber,kg,86.04,86.04,86.04,86.04,1,CZK,6.78,0.0788,84,84,建筑工程,"malířské, nátěrové a tapetářské práce","dřevěné zábradlí a další položky, desky, lišty a nátěry",barva na dřevěné zábradlí
030007,překližka 5mm,Material,Wood & Timber,m2,58.13,58.13,58.13,58.13,1,CZK,60.76,1.0453,84,84,建筑工程,"povrchové úpravy stěn a sloupů, příčky a závěsné stěny",čelní stěna,dekorativní deska na stěnu
110582,ředidlo na fenolické hotové barvy,Material,Paint & Coatings,kg,55.45,55.45,55.45,55.45,1,CZK,1.61,0.029,84,84,建筑工程,"malířské, nátěrové a tapetářské práce","dřevěné zábradlí a další položky, desky, lišty a nátěry",barva na dřevěné zábradlí
090176,shim deska,Material,General,kg,14.53,14.53,14.53,14.53,1,CZK,281.65,19.381,82,82,建筑工程,Obecné instalační práce - Sv.7 Větrání a klimatizace,montáž,vodoinstalace
110569,ředidlo alkydového základního nátěru,Material,Paint & Coatings,kg,55.45,55.45,55.45,55.45,1,CZK,0.48,0.0087,82,82,建筑工程,"malířské, nátěrové a tapetářské práce","dřevěné zábradlí a další položky, desky, lišty a nátěry",barva na dřevěné zábradlí
090160,rozpěrný šroub 10,Material,Fasteners,set,9.45,9.45,9.45,9.45,1,CZK,53.6,5.6749,82,82,建筑工程,práce na stropě,suspendovaný strop,stropní nosník
090175,rovná podložka,Material,General,kg,14.53,14.53,14.53,14.53,1,CZK,218.83,15.0586,82,82,建筑工程,Obecné instalační práce - Sv.7 Větrání a klimatizace,montáž,vodoinstalace
800024,vzduchový kompresor 6m3/min,Equipment,Compressors,machine-shift,124.29,124.29,124.29,124.29,1,CZK,6.5,0.0523,81,81,建筑工程,pracovní konstrukce z kovu,ocelová konstrukce,vodotěsná membrána střechy
330026,modelování,Material,General,kontejner,573.63,573.63,573.63,573.63,1,CZK,12.71,0.0222,81,81,建筑工程,Obecné instalační práce - Sv.5 Systémy inteligence budov,montáž,() lištování
110565,vodou ředitelný transparentní základní nátěr,Material,Paint & Coatings,kg,70.75,70.75,70.75,70.75,1,CZK,2.3,0.0325,78,78,建筑工程,"malířské, nátěrové a tapetářské práce","dřevěné zábradlí a další položky, desky, lišty a nátěry",barva na dřevěné zábradlí
090273,železné příslušenství,Material,Steel & Metal,kg,15.68,15.68,15.68,15.68,1,CZK,330.2,21.0596,77,77,建筑工程,betonové a železobetonové práce,železobetonové práce,Dekorativní lišta GRC
110561,dřevěná tmel,Material,Wood & Timber,kg,22.95,22.95,22.95,22.95,1,CZK,6.41,0.2795,76,76,建筑工程,"malířské, nátěrové a tapetářské práce","dřevěné zábradlí a další položky, desky, lišty a nátěry",barva na dřevěné zábradlí
110576,akrylátový vrchní nátěr na bázi oleje,Material,General,kg,107.08,107.08,107.08,107.08,1,CZK,14.33,0.1338,76,76,建筑工程,"malířské, nátěrové a tapetářské práce","dřevěné zábradlí a další položky, desky, lišty a nátěry","kovové dveře, barva na okna"
110500,polyuretanový vrchní nátěr na dřevo,Material,Wood & Timber,kg,141.5,141.5,141.5,141.5,1,CZK,15.29,0.108,76,76,建筑工程,"malířské, nátěrové a tapetářské práce","dřevěné zábradlí a další položky, desky, lišty a nátěry",barva na dřevěné zábradlí
110567,ředidlo pro fenolický základní nátěr,Material,Paint & Coatings,kg,51.63,51.63,51.63,51.63,1,CZK,0.68,0.0133,76,76,建筑工程,"malířské, nátěrové a tapetářské práce","dřevěné zábradlí a další položky, desky, lišty a nátěry",barva na dřevěné zábradlí
110248,ředidlo,Material,General,kg,50.1,50.1,50.1,50.1,1,CZK,2.9,0.0579,75,75,建筑工程,"Obecné instalační práce - Sv.12 Malování, protikorozní, tepelná izolace",,H8701 protikorozní nátěr
110020,antikorozní nátěr,Material,Paint & Coatings,kg,62.33,62.33,62.33,62.33,1,CZK,2.63,0.0421,74,74,建筑工程,"malířské, nátěrové a tapetářské práce",barva na kovové povrchy,"kovové dveře, barva na okna"
400031,omítková malta DP-MR,Material,Concrete & Cement,m3,1690.31,1690.31,1690.31,1690.31,1,CZK,11.12,0.0066,73,73,建筑工程,práce na střeše a hydroizolaci,"vodotěsné povrchové úpravy stěn, vlhkostní ochrana",vodotěsná omítka stěn (vlhkostní ochrana)
800010,kompozit,Equipment,General,machine-shift,1595.85,1595.85,1595.85,1595.85,1,CZK,250.22,0.1568,73,73,建筑工程,Obecné instalační práce - Sv.7 Větrání a klimatizace,a instalace,montáž
110566,fenolový základní nátěr,Material,Paint & Coatings,kg,43.21,43.21,43.21,43.21,1,CZK,2.92,0.0676,72,72,建筑工程,"malířské, nátěrové a tapetářské práce","dřevěné zábradlí a další položky, desky, lišty a nátěry",barva na dřevěné zábradlí
830076,ocelové bednění,Material,Steel & Metal,m2-day,1.34,1.34,1.34,1.34,1,CZK,15.91,11.8833,71,71,建筑工程,přípravné práce a měření na místě,bednění a konzoly pro betonování na místě,základ
090188,hřebík,Material,Fasteners,pcs,0.15,0.15,0.15,0.15,1,CZK,1.05,6.8854,70,70,建筑工程,pracovní konstrukce z kovu,"ocelová deska podlahy, stěnová deska",a
110587,nitrocelulózový vrchní nátěr na dřevo,Material,Wood & Timber,kg,78.4,78.4,78.4,78.4,1,CZK,9.21,0.1175,70,70,建筑工程,"malířské, nátěrové a tapetářské práce","dřevěné zábradlí a další položky, desky, lišty a nátěry",barva na dřevěné zábradlí
090121,pozinkováno s šroubem 8×(30 60),Material,Fasteners,set,1.57,1.57,1.57,1.57,1,CZK,13.37,8.5273,70,70,建筑工程,práce na střeše a hydroizolaci,montáž,kotvení konstrukční střechy
110588,ředidlo na nitrocelulózní vrchní nátěr dřeva,Material,Wood & Timber,kg,63.1,63.1,63.1,63.1,1,CZK,0.93,0.0147,70,70,建筑工程,"malířské, nátěrové a tapetářské práce","dřevěné zábradlí a další položky, desky, lišty a nátěry",barva na dřevěné zábradlí
090159,rozpěrný šroub 8,Material,Fasteners,set,4.36,4.36,4.36,4.36,1,CZK,20.27,4.6487,69,69,建筑工程,práce na střeše a hydroizolaci,vodotěsné střešní krytiny a drobnosti,střecha ()
030011,deska,Material,General,m2,133.85,133.85,133.85,133.85,1,CZK,393.27,2.9382,68,68,建筑工程,práce na dveřích a oknech,dveře a okno,dekorativní deska na stěnu
090125,pozinkováno s šroubem 10×(40 60),Material,Fasteners,set,2.45,2.45,2.45,2.45,1,CZK,11.02,4.5012,67,67,建筑工程,Obecné instalační práce - Sv.4 Instalace elektrického zařízení,montáž,instalace
030053,hraněné dřevo,Material,Wood & Timber,m3,7266.02,7266.02,7266.02,7266.02,1,CZK,558.64,0.0769,67,67,建筑工程,betonové a železobetonové práce,předpjatý betonový nosník,dekorativní deska na stěnu
130001,sklo,Material,Glass,m2,10.71,10.71,10.71,10.71,1,CZK,25.34,2.3665,65,65,建筑工程,práce na střeše a hydroizolaci,čelní stěna,profil a další položky střechy
010018,plochá ocel 60 uvnitř,Material,Steel & Metal,kg,14.03,14.03,14.03,14.03,1,CZK,26.76,1.9068,65,65,建筑工程,práce na střeše a hydroizolaci,sloupec (nosník) čelní,profil a další položky střechy
110199,typ lepidla,Material,General,kg,7.65,7.65,7.65,7.65,1,CZK,33.28,4.3518,64,64,建筑工程,"povrchové úpravy stěn a sloupů, příčky a závěsné stěny",vrstva obkladu stěn,dekorativní omítky na stěny
350029,lišta BV-16,Material,General,m,33.84,33.84,33.84,33.84,1,CZK,46.2,1.3652,64,64,建筑工程,Obecné instalační práce - Sv.5 Systémy inteligence budov,montáž,"rám, montáž"
400045,povrchová malta DB,Material,Concrete & Cement,m3,1755.32,1755.32,1755.32,1755.32,1,CZK,2.22,0.0013,64,64,建筑工程,práce na tepelně izolačních a protikorozních systémech,dekorativní,strop
010030,běžná ocelová deska 3.5 4.0,Material,Steel & Metal,kg,16.86,16.86,16.86,16.86,1,CZK,14.25,0.845,63,63,建筑工程,Obecné instalační práce - Sv.4 Instalace elektrického zařízení,montáž,montáž lišt a ocelových konstrukcí
120010,poly s d 20,Material,General,m,1.3,1.3,1.3,1.3,1,CZK,2.45,1.8839,62,62,建筑工程,Obecné instalační práce - Sv.9 Ochrana proti požáru,svařovací ocelová trubka,sváření ocelových trubek
850196,NF-1513A,Equipment,General,machine-shift,33.88,33.88,33.88,33.88,1,CZK,32.15,0.949,62,62,建筑工程,Obecné instalační práce - Sv.6 Automatizace a kontrola instrumentace,a,(DCS)
850256,elektrická energie složená,Equipment,General,machine-shift,45.24,45.24,45.24,45.24,1,CZK,37.88,0.8372,62,62,建筑工程,Obecné instalační práce - Sv.6 Automatizace a kontrola instrumentace,a,jednotka
800238,7.5kW,Equipment,General,machine-shift,19.62,19.62,19.62,19.62,1,CZK,1.28,0.0652,61,61,建筑工程,práce na tepelně izolačních a protikorozních systémech,nátěrová vrstva proti korozi,skleněná ocel protikorozní vrstva
800002,autojeřáb 8t,Equipment,Cranes,machine-shift,1876.16,1876.16,1876.16,1876.16,1,CZK,368.22,0.1963,61,61,建筑工程,Obecné instalační práce - Sv.4 Instalace elektrického zařízení,výška elektroinstalace,vrt
400054,malta zdicí DM5.0-HR,Material,Concrete & Cement,m3,1755.32,1755.32,1755.32,1755.32,1,CZK,139.12,0.0793,59,59,建筑工程,zděné práce,zděná konstrukce,
130040,alkaluvzdorná vrstva sklolaminátové sítě,Material,Glass,m2,7.65,7.65,7.65,7.65,1,CZK,8.01,1.0472,59,59,建筑工程,práce na střeše a hydroizolaci,omítání povrchu sloupu (trámu),strop
110498,akrylový vrchní nátěr na dřevo,Material,Wood & Timber,kg,114.73,114.73,114.73,114.73,1,CZK,14.57,0.127,58,58,建筑工程,"malířské, nátěrové a tapetářské práce","dřevěné zábradlí a další položky, desky, lišty a nátěry",barva na dřevěné zábradlí
110398,smalt,Material,Paint & Coatings,kg,130.79,130.79,130.79,130.79,1,CZK,39.05,0.2986,58,58,建筑工程,"Obecné instalační práce - Sv.12 Malování, protikorozní, tepelná izolace",,nátěr
850197,PM6665/036,Equipment,General,machine-shift,160.08,160.08,160.08,160.08,1,CZK,108.87,0.6801,58,58,建筑工程,Obecné instalační práce - Sv.6 Automatizace a kontrola instrumentace,a,jednotka
110166,lepivý,Material,General,kg,8.8,8.8,8.8,8.8,1,CZK,1.34,0.1525,57,57,建筑工程,práce na dveřích a oknech,dveře a okno,protikorozní maltová vrstva
100080,polyuretanový hydroizolační nátěr,Material,Waterproofing,kg,61.19,61.19,61.19,61.19,1,CZK,29.08,0.4753,57,57,建筑工程,práce na střeše a hydroizolaci,vodotěsné střešní krytiny a drobnosti,vodotěsná membrána střechy
030093,dřevo,Material,Wood & Timber,m3,7266.02,7266.02,7266.02,7266.02,1,CZK,40.67,0.0056,57,57,建筑工程,pracovní konstrukce z kovu,ocelová konstrukce,profil a další položky střechy
110142,lepivý,Material,General,kg,48.57,48.57,48.57,48.57,1,CZK,13.1,0.2696,56,56,建筑工程,práce na střeše a hydroizolaci,vodotěsné střešní krytiny a drobnosti,profil a další položky střechy
800147,dřevoobráběcí pila (kompozitní),Equipment,General,machine-shift,34.84,34.84,34.84,34.84,1,CZK,0.41,0.0119,54,54,建筑工程,podlahové dokončovací práce,vrstva dokončení,dřevěná podlaha
090707,s šroubem M8×14,Material,Fasteners,set,4.21,4.21,4.21,4.21,1,CZK,16.76,3.985,54,54,建筑工程,Obecné instalační práce - Sv.6 Automatizace a kontrola instrumentace,a s,jednotka
830079,formy dekorativního betonu pro vodu,Material,Concrete & Cement,m2,229.45,229.45,229.45,229.45,1,CZK,60.24,0.2625,54,54,建筑工程,přípravné práce a měření na místě,bednění a konzoly pro betonování na místě,sloupec
110578,akrylátový polyuretanový základní nátěr,Material,Paint & Coatings,kg,81.84,81.84,81.84,81.84,1,CZK,4.74,0.0579,54,54,建筑工程,"malířské, nátěrové a tapetářské práce","dřevěné zábradlí a další položky, desky, lišty a nátěry",barva na dřevěné zábradlí
350028,formování BV-1.5,Material,General,m,4.24,4.24,4.24,4.24,1,CZK,15.23,3.5872,54,54,建筑工程,Obecné instalační práce - Sv.5 Systémy inteligence budov,,"instalace, jednotlivá"
150300,typ,Material,General,pcs,1.91,1.91,1.91,1.91,1,CZK,11.55,6.0418,53,53,建筑工程,Obecné instalační práce - Sv.4 Instalace elektrického zařízení,montáž formování,PVC
800018,(kompozitní),Equipment,General,machine-shift,32.35,32.35,32.35,32.35,1,CZK,0.27,0.0083,53,53,建筑工程,Obecné instalační práce - Sv.7 Větrání a klimatizace,montáž,pozinkovaná ocelová trubka (svařování)
400009,C30 čerstvý beton,Material,Concrete & Cement,m3,1567.93,1567.93,1567.93,1567.93,1,CZK,1491.65,0.9513,52,52,建筑工程,úprava půdy a podpora svahů,výkop pro základy,základová stěna
110234,ředidlo na bázi oleje,Material,General,kg,42.45,42.45,42.45,42.45,1,CZK,1.0,0.0236,52,52,建筑工程,"malířské, nátěrové a tapetářské práce",nátěr na dřevěné povrchy,dřevěný zavěšený strop barva na strop
110108,kámen,Material,General,kg,5.35,5.35,5.35,5.35,1,CZK,1.45,0.2716,52,52,建筑工程,práce na tepelně izolačních a protikorozních systémech,nátěrová vrstva proti korozi,skleněná ocel protikorozní vrstva
110016,předem namíchaná barva,Material,Paint & Coatings,kg,47.42,47.42,47.42,47.42,1,CZK,1.18,0.0249,51,51,建筑工程,Obecné instalační práce - Sv.4 Instalace elektrického zařízení,"elektřina, instalace",elektrické vestavné instalace
010033,běžná ocelová deska 16 20,Material,Steel & Metal,kg,17.17,17.17,17.17,17.17,1,CZK,127.36,7.4172,51,51,建筑工程,úprava půdy a podpora svahů,výkop pro základy,()
090496,pozinkovaný 12,Material,General,pcs,0.11,0.11,0.11,0.11,1,CZK,0.75,6.5484,51,51,建筑工程,Obecné instalační práce - Sv.4 Instalace elektrického zařízení,výška elektroinstalace,
110097,typ lepidla,Material,General,kg,5.2,5.2,5.2,5.2,1,CZK,1.55,0.2982,51,51,建筑工程,"povrchové úpravy stěn a sloupů, příčky a závěsné stěny",čelní stěna,dekorativní deska na stěnu
120030,speciální tvar 5,Material,General,m,0.99,0.99,0.99,0.99,1,CZK,2.61,2.6272,50,50,建筑工程,Obecné instalační práce - Sv.4 Instalace elektrického zařízení,"elektřina, instalace",
090120,pozinkováno s šroubem 8×(16 25),Material,Fasteners,set,0.96,0.96,0.96,0.96,1,CZK,5.28,5.5211,50,50,建筑工程,Obecné instalační práce - Sv.5 Systémy inteligence budov,sítka,montáž
100098,sklo,Material,Glass,m2,11.47,11.47,11.47,11.47,1,CZK,16.67,1.4528,50,50,建筑工程,práce na střeše a hydroizolaci,"vodotěsnost suterénu a podlahy, ochrana proti vlhkosti",vodotěsná membrána na podlahu
800050,suchá svařovací elektroda 600×500×750,Equipment,Welding Equip.,machine-shift,86.04,86.04,86.04,86.04,1,CZK,29.97,0.3483,50,50,建筑工程,pracovní konstrukce z kovu,ocelová konstrukce,
091056,pozinkovaný rozpínací šroub 8,Material,Fasteners,set,10.78,10.78,10.78,10.78,1,CZK,27.2,2.5218,50,50,建筑工程,Obecné instalační práce - Sv.4 Instalace elektrického zařízení,montáž,montáž
010154,ocelové dráty,Material,Steel & Metal,kg,29.56,29.56,29.56,29.56,1,CZK,11.79,0.3987,49,49,建筑工程,betonové a železobetonové práce,předpjatý betonový sloup,
090338,nerezová ocel,Material,Steel & Metal,pcs,9.94,9.94,9.94,9.94,1,CZK,104.09,10.4682,49,49,建筑工程,"povrchové úpravy stěn a sloupů, příčky a závěsné stěny",čelní stěna,dekorativní deska na stěnu
110575,fluorokarbonový vrchní nátěr na bázi oleje,Material,General,kg,109.37,109.37,109.37,109.37,1,CZK,24.4,0.223,48,48,建筑工程,"malířské, nátěrové a tapetářské práce","dřevěné zábradlí a další položky, desky, lišty a nátěry",barva na dřevěné zábradlí
800231,svářecí drát,Equipment,Welding Equip.,machine-shift,58.13,58.13,58.13,58.13,1,CZK,20.14,0.3464,48,48,建筑工程,pracovní konstrukce z kovu,ocelová konstrukce,
110059,(protikorozní),Material,General,kg,5.35,5.35,5.35,5.35,1,CZK,1.31,0.2438,47,47,建筑工程,podlahové dokončovací práce,dlažba,dřevěná podlaha
800006,nákladní auto 4t,Equipment,Trucks,machine-shift,687.21,687.21,687.21,687.21,1,CZK,364.73,0.5307,47,47,建筑工程,Obecné instalační práce - Sv.4 Instalace elektrického zařízení,"elektřina, instalace","instalace, jednotlivá"
800184,stroj na řezání prutů,Equipment,General,machine-shift,54.69,54.69,54.69,54.69,1,CZK,10.83,0.1981,47,47,建筑工程,betonové a železobetonové práce,železobetonové práce,profil a další položky střechy
250051,"(s, s) 0 1.6MPa",Material,General,set,585.49,585.49,585.49,585.49,1,CZK,26.35,0.045,47,47,建筑工程,Obecné instalační práce - Sv.9 Ochrana proti požáru,svařovací ocelová trubka,pozinkovaná ocelová trubka (svařování)
100035,lepicí deska 3 5,Material,General,kg,32.66,32.66,32.66,32.66,1,CZK,15.34,0.4698,46,46,建筑工程,Obecné instalační práce - Sv.7 Větrání a klimatizace,a instalace,montáž
110024,fenolický smalt,Material,Paint & Coatings,kg,66.16,66.16,66.16,66.16,1,CZK,3.81,0.0576,45,45,建筑工程,Obecné instalační práce - Sv.4 Instalace elektrického zařízení,výška elektroinstalace,elektrické vestavné instalace
810233,1: 1 cementová malta,Material,Concrete & Cement,m3,1820.33,1820.33,1820.33,1820.33,1,CZK,7.39,0.0041,44,44,建筑工程,"povrchové úpravy stěn a sloupů, příčky a závěsné stěny",omítání povrchu sloupu (trámu),omítání stěn
110577,s akrylátovým vrchním nátěrem,Equipment,General,kg,78.01,78.01,78.01,78.01,1,CZK,11.56,0.1482,44,44,建筑工程,"malířské, nátěrové a tapetářské práce","dřevěné zábradlí a další položky, desky, lišty a nátěry",barva na dřevěné zábradlí
010002,výztužní ocel 10 nad,Material,Steel & Metal,kg,14.84,14.84,14.84,14.84,1,CZK,12613.09,850.0543,43,43,建筑工程,úprava půdy a podpora svahů,výkop pro základy,()
110039,sádra,Material,General,kg,2.29,2.29,2.29,2.29,1,CZK,1.09,0.4737,43,43,建筑工程,"povrchové úpravy stěn a sloupů, příčky a závěsné stěny",sloupec (nosník) čelní,dekorativní sloup hotového výrobku
110064,kámen,Material,General,kg,3.14,3.14,3.14,3.14,1,CZK,6.47,2.0635,43,43,建筑工程,práce na tepelně izolačních a protikorozních systémech,nátěrová vrstva proti korozi,protikorozní betonová vrstva
090820,rozpěrný šroub M8×100,Material,Fasteners,pcs,8.34,8.34,8.34,8.34,1,CZK,58.92,7.0675,43,43,建筑工程,práce na dveřích a oknech,kovové dveře,
110563,nitrocelulózový transparentní základní nátěr,Material,Paint & Coatings,kg,73.81,73.81,73.81,73.81,1,CZK,2.05,0.0278,42,42,建筑工程,"malířské, nátěrové a tapetářské práce","dřevěné zábradlí a další položky, desky, lišty a nátěry",barva na dřevěné zábradlí
110574,akrylový polyuretanový vrchní nátěr,Material,General,kg,89.87,89.87,89.87,89.87,1,CZK,12.35,0.1374,42,42,建筑工程,"malířské, nátěrové a tapetářské práce","dřevěné zábradlí a další položky, desky, lišty a nátěry",barva na dřevěné zábradlí
850020,ML9001A,Equipment,General,machine-shift,239.74,239.74,239.74,239.74,1,CZK,132.4,0.5523,42,42,建筑工程,Obecné instalační práce - Sv.5 Systémy inteligence budov,montáž,"suchá formovací instalace, jednotlivá"
090118,pozinkováno s šroubem 6×(16 25),Material,Fasteners,set,0.38,0.38,0.38,0.38,1,CZK,2.68,6.9991,42,42,建筑工程,Obecné instalační práce - Sv.5 Systémy inteligence budov,a instalace,montáž
030004,dřevo,Material,Wood & Timber,m3,4008.55,4008.55,4008.55,4008.55,1,CZK,311.78,0.0778,41,41,建筑工程,Obecné instalační práce - Sv.7 Větrání a klimatizace,montáž,vodoinstalace
090490,pozinkovaný 6,Material,General,pcs,0.57,0.57,0.57,0.57,1,CZK,3.36,5.8516,41,41,建筑工程,Obecné instalační práce - Sv.4 Instalace elektrického zařízení,elektrické instalace,montáž
090533,pozinkovaný rozpínací šroub 10,Material,Fasteners,set,12.16,12.16,12.16,12.16,1,CZK,37.35,3.0711,40,40,建筑工程,Obecné instalační práce - Sv.4 Instalace elektrického zařízení,elektrické instalace,elektrická stěna (sloup)
090445,nerezový svařovací drát,Material,Steel & Metal,kg,311.29,311.29,311.29,311.29,1,CZK,688.83,2.2128,40,40,建筑工程,práce na střeše a hydroizolaci,vodotěsné střešní krytiny a drobnosti,střešní voda
090031,pozinkovaný 12,Material,General,pcs,0.84,0.84,0.84,0.84,1,CZK,9.63,11.45,40,40,建筑工程,Obecné instalační práce - Sv.4 Instalace elektrického zařízení,výška elektroinstalace,
810140,železobetonový základ,Material,Concrete & Cement,m3,8680.98,8680.98,8680.98,8680.98,1,CZK,38.57,0.0044,39,39,建筑工程,přípravné práce a měření na místě,vertikální doprava,vertikální doprava
110069,tmel,Material,General,kg,33.88,33.88,33.88,33.88,1,CZK,8.59,0.2536,39,39,建筑工程,práce na střeše a hydroizolaci,vodotěsné střešní krytiny a drobnosti,nátěr střechy vodotěsný
010013,ocelová konstrukce,Material,Steel & Metal,kg,14.03,14.03,14.03,14.03,1,CZK,435.08,30.9998,38,38,建筑工程,Obecné instalační práce - Sv.4 Instalace elektrického zařízení,montáž,instalace čtvercové výroby ()
400041,lepicí maltu DEA,Material,Concrete & Cement,m3,20133.0,20133.0,20133.0,20133.0,1,CZK,44.58,0.0022,37,37,建筑工程,práce na tepelně izolačních a protikorozních systémech,,strop
400044,výplň spár DTG malta,Material,Concrete & Cement,m3,19503.53,19503.53,19503.53,19503.53,1,CZK,62.6,0.0032,37,37,建筑工程,"povrchové úpravy stěn a sloupů, příčky a závěsné stěny",vrstva obkladu stěn,drcená kamenná stěnová plocha (011204002)
030006,překližka 3mm,Material,Wood & Timber,m2,47.04,47.04,47.04,47.04,1,CZK,77.7,1.6518,37,37,建筑工程,"povrchové úpravy stěn a sloupů, příčky a závěsné stěny",čelní stěna,dekorativní deska na stěnu
100025,lepidlo na kamenné desky,Material,General,kg,32.62,32.62,32.62,32.62,1,CZK,53.54,1.6414,37,37,建筑工程,Obecné instalační práce - Sv.6 Automatizace a kontrola instrumentace,montáž,montáž
400030,omítková malta DP-HR,Material,Concrete & Cement,m3,1885.34,1885.34,1885.34,1885.34,1,CZK,58.45,0.031,36,36,建筑工程,úprava půdy a podpora svahů,výkop pro základy,"stříkaný beton, cementová malta"
090241,ocelová síť z plechu,Material,Steel & Metal,m2,31.47,31.47,31.47,31.47,1,CZK,32.37,1.0285,36,36,建筑工程,úprava půdy a podpora svahů,výkop pro základy,"stříkaný beton, cementová malta"
110787,ředidlo na bázi olejového fluorokarbonu,Material,Paint & Coatings,kg,53.54,53.54,53.54,53.54,1,CZK,1.34,0.025,36,36,建筑工程,"malířské, nátěrové a tapetářské práce","dřevěné zábradlí a další položky, desky, lišty a nátěry",barva na dřevěné zábradlí
110591,ředidlo na vodou ředitelnou akrylátovou barvu,Material,Paint & Coatings,kg,51.63,51.63,51.63,51.63,1,CZK,0.64,0.0124,36,36,建筑工程,"malířské, nátěrové a tapetářské práce",nátěr na dřevěné povrchy,"dřevěná deska, vláknitá deska, nátěr na strop z překližky"
090066,pozinkovaná matice 8,Material,Fasteners,pcs,0.27,0.27,0.27,0.27,1,CZK,1.11,4.1302,36,36,建筑工程,Obecné instalační práce - Sv.7 Větrání a klimatizace,a instalace,montáž
850210,elektřina ZX-54,Equipment,General,machine-shift,24.13,24.13,24.13,24.13,1,CZK,10.61,0.4396,36,36,建筑工程,Obecné instalační práce - Sv.6 Automatizace a kontrola instrumentace,,jednotka
800064,150,Equipment,General,machine-shift,55.07,55.07,55.07,55.07,1,CZK,1.25,0.0227,36,36,建筑工程,betonové a železobetonové práce,železné příslušenství,sváření ocelových trubek
800025,vzduchový kompresor 10m3/min,Equipment,Compressors,machine-shift,258.9,258.9,258.9,258.9,1,CZK,18.02,0.0696,36,36,建筑工程,úprava půdy a podpora svahů,výkop pro základy,základová stěna
810005,1: 2.5 cementová malta,Material,Concrete & Cement,m3,1103.18,1089.14,1106.69,1106.69,2,CZK,50.69,0.0459,35,35,建筑工程,"povrchové úpravy stěn a sloupů, příčky a závěsné stěny",omítání povrchu sloupu (trámu),dekorativní omítky na stěny
010032,běžná ocelová deska 8 15,Material,Steel & Metal,kg,17.36,17.36,17.36,17.36,1,CZK,172.27,9.9222,35,35,建筑工程,Obecné instalační práce - Sv.4 Instalace elektrického zařízení,montáž,elektrické montážní práce
400018,C15 kamenný beton,Material,Concrete & Cement,m3,1434.08,1434.08,1434.08,1434.08,1,CZK,123.94,0.0864,35,35,建筑工程,práce na střeše a hydroizolaci,vodotěsné střešní krytiny a drobnosti,střešní voda
850257,modelování,Equipment,General,machine-shift,147.65,147.65,147.65,147.65,1,CZK,18.94,0.1283,34,34,建筑工程,Obecné instalační práce - Sv.6 Automatizace a kontrola instrumentace,zámek,
090127,pozinkováno s šroubem 10×(85 100),Material,Fasteners,set,3.48,3.48,3.48,3.48,1,CZK,22.18,6.3729,34,34,建筑工程,Obecné instalační práce - Sv.4 Instalace elektrického zařízení,montáž,"rám, montáž"
110159,antikorozní,Material,General,kg,6.81,6.81,6.81,6.81,1,CZK,1.69,0.249,34,34,建筑工程,práce se dřevěnými konstrukcemi,konstrukční dřevo,střecha ()
090429,rozpěrný šroub M8×110,Material,Fasteners,pcs,4.32,4.32,4.32,4.32,1,CZK,23.9,5.5306,34,34,建筑工程,práce na dveřích a oknech,dřevěné okno,
090494,pozinkovaný 6,Material,General,pcs,0.08,0.08,0.08,0.08,1,CZK,0.26,3.42,34,34,建筑工程,Obecné instalační práce - Sv.4 Instalace elektrického zařízení,elektrické instalace,montáž
090119,pozinkováno s šroubem 6×(30 50),Material,Fasteners,set,0.8,0.8,0.8,0.8,1,CZK,8.29,10.3269,33,33,建筑工程,Obecné instalační práce - Sv.4 Instalace elektrického zařízení,elektrické instalace,montáž
850195,PJN5210S,Equipment,General,machine-shift,207.2,207.2,207.2,207.2,1,CZK,412.68,1.9917,33,33,建筑工程,Obecné instalační práce - Sv.6 Automatizace a kontrola instrumentace,"základ (030608007, 030608008)",jednotka
810047,cement,Material,Concrete & Cement,m3,2262.41,2262.41,2262.41,2262.41,1,CZK,3.8,0.0017,32,32,建筑工程,betonové a železobetonové práce,železobetonové práce,protikorozní maltová vrstva
080230,hliníková deska 5mm,Material,General,m2,229.45,229.45,229.45,229.45,1,CZK,241.78,1.0537,32,32,建筑工程,práce na dveřích a oknech,okno deska,dekorativní deska na stěnu
091474,šroub M14,Material,Fasteners,m,38.24,38.24,38.24,38.24,1,CZK,1.19,0.031,32,32,建筑工程,přípravné práce a měření na místě,bednění a konzoly pro betonování na místě,nosník
110228,těsnicí hmota,Material,Rubber,kg,49.33,49.33,49.33,49.33,1,CZK,4.89,0.0992,32,32,建筑工程,pracovní konstrukce z kovu,"ocelová deska podlahy, stěnová deska",profil a další položky střechy
110549,polyuretanová barva,Material,Paint & Coatings,kg,87.19,87.19,87.19,87.19,1,CZK,15.12,0.1734,32,32,建筑工程,"Obecné instalační práce - Sv.12 Malování, protikorozní, tepelná izolace",,polyuretanová barva
800396,vzduchový kompresor 3m3/min,Equipment,Compressors,machine-shift,72.28,72.28,72.28,72.28,1,CZK,2.25,0.0312,32,32,建筑工程,práce na pilotách,vrtaná pilotáž,H8701 protikorozní nátěr
090297,strip,Material,General,kg,22.95,22.95,22.95,22.95,1,CZK,5.99,0.261,31,31,建筑工程,Obecné instalační práce - Sv.6 Automatizace a kontrola instrumentace,zemní (vodní) instalace,vodoinstalace
800072,elektřina,Equipment,General,machine-shift,499.83,499.83,499.83,499.83,1,CZK,13.72,0.0274,31,31,建筑工程,"povrchové úpravy stěn a sloupů, příčky a závěsné stěny",práce na zasklených stěnách,s rámem z fasádních stěn
110136,nátěr,Material,Paint & Coatings,kg,68.84,68.84,68.84,68.84,1,CZK,28.02,0.4071,31,31,建筑工程,"malířské, nátěrové a tapetářské práce",nátěr na dřevěné povrchy,"kovové dveře, barva na okna"
150163,sítka,Material,General,m2,45.13,45.13,45.13,45.13,1,CZK,682.98,15.135,31,31,建筑工程,přípravné práce a měření na místě,,lešení
800074,buldozer kompozitní,Equipment,Bulldozers,machine-shift,1731.23,1731.23,1731.23,1731.23,1,CZK,3.5,0.002,31,31,建筑工程,zemní práce a práce se skalou,doprava,výkopové práce obecné zemní
080011,U-profil z lehké oceli CB38×12,Material,Steel & Metal,m,19.12,19.12,19.12,19.12,1,CZK,27.26,1.4254,30,30,建筑工程,práce na stropě,suspendovaný strop,stropní nosník
120170,poly 50,Material,General,m,3.48,3.48,3.48,3.48,1,CZK,0.28,0.08,30,30,建筑工程,práce na střeše a hydroizolaci,"vodotěsnost suterénu a podlahy, ochrana proti vlhkosti",vodotěsná membrána na podlahu
040207,standardní cihla pro zdění,Material,General,pcs,2.22,2.22,2.22,2.22,1,CZK,571.55,257.681,30,30,建筑工程,zděné práce,"voda, vodovody",vrt
800560,stříkací stroj,Equipment,General,machine-shift,283.76,283.76,283.76,283.76,1,CZK,18.29,0.0645,30,30,建筑工程,"Obecné instalační práce - Sv.12 Malování, protikorozní, tepelná izolace",,stříkaný protikorozní nátěr
280554,formování (kompozitní),Material,General,m,7.65,7.65,7.65,7.65,1,CZK,1.88,0.2459,30,30,建筑工程,Obecné instalační práce - Sv.6 Automatizace a kontrola instrumentace,,
110281,fenolický,Material,General,kg,81.84,81.84,81.84,81.84,1,CZK,21.11,0.258,30,30,建筑工程,"Obecné instalační práce - Sv.12 Malování, protikorozní, tepelná izolace",,fenolová barva
110002,alkydový ředidlo,Material,General,kg,44.74,44.74,44.74,44.74,1,CZK,2.15,0.0481,30,30,建筑工程,"malířské, nátěrové a tapetářské práce",malba na omítce,malba na omítce
060062,kovové obklady dlaždic,Material,Steel & Metal,m2,305.94,305.94,305.94,305.94,1,CZK,317.33,1.0372,30,30,建筑工程,"povrchové úpravy stěn a sloupů, příčky a závěsné stěny",vrstva obkladu stěn,povrch stěny z bloků
080017,U-profil z lehkého ocelového plechu CB38-L,Material,Steel & Metal,pcs,5.51,5.51,5.51,5.51,1,CZK,1.37,0.2486,30,30,建筑工程,práce na stropě,suspendovaný strop,stropní nosník
110590,vodou ředitelná akrylátová barva,Material,Paint & Coatings,kg,66.92,66.92,66.92,66.92,1,CZK,8.49,0.1268,30,30,建筑工程,"malířské, nátěrové a tapetářské práce",nátěr na dřevěné povrchy,"dřevěná deska, vláknitá deska, nátěr na strop z překližky"
400033,kartáčování sádrové omítky DP-G,Material,Concrete & Cement,m3,1759.14,1759.14,1759.14,1759.14,1,CZK,8.07,0.0046,30,30,建筑工程,"povrchové úpravy stěn a sloupů, příčky a závěsné stěny",omítání povrchu sloupu (trámu),obecné omítání povrchu nosníků a sloupů
400012,beton C20,Material,Concrete & Cement,m3,1491.45,1491.45,1491.45,1491.45,1,CZK,19.69,0.0132,30,30,建筑工程,zděné práce,zděná konstrukce,vyrovnávací vrstva
110244,vodní sklo,Material,Glass,kg,3.1,3.1,3.1,3.1,1,CZK,10.86,3.5049,30,30,建筑工程,úprava půdy a podpora svahů,nátěrová vrstva proti korozi,vrstva proti korozi na čelní straně bloku
080032,U-profil z lehké oceli CB38-1,Material,Steel & Metal,pcs,3.59,3.59,3.59,3.59,1,CZK,5.09,1.4164,30,30,建筑工程,práce na stropě,suspendovaný strop,stropní nosník
110550,polyuretanový nátěr,Material,Paint & Coatings,kg,91.78,91.78,91.78,91.78,1,CZK,12.62,0.1375,29,29,建筑工程,"Obecné instalační práce - Sv.12 Malování, protikorozní, tepelná izolace",,polyuretanová barva
090124,pozinkováno s šroubem 10×(20 35),Material,Fasteners,set,1.68,1.68,1.68,1.68,1,CZK,7.23,4.2992,29,29,建筑工程,Obecné instalační práce - Sv.4 Instalace elektrického zařízení,výška instalace,elektrické montážní práce
090260,hřebík,Material,Fasteners,kg,26.77,26.77,26.77,26.77,1,CZK,14.11,0.5269,29,29,建筑工程,betonové a železobetonové práce,betonové konstrukce na místě,
110205,vodou ředitelný základní nátěr (běžný),Material,Paint & Coatings,kg,25.62,25.62,25.62,25.62,1,CZK,3.51,0.1371,29,29,建筑工程,"malířské, nátěrové a tapetářské práce",nátěr a stříkání,vrstva nátěru na povrchu stěny
130100,EPS deska,Material,Wood & Timber,m3,1644.42,1644.42,1644.42,1644.42,1,CZK,220.35,0.134,29,29,建筑工程,zděné práce,vrstva zábradlí,střecha ()
110548,polyuretanový základní nátěr,Material,Paint & Coatings,kg,79.93,79.93,79.93,79.93,1,CZK,14.85,0.1858,29,29,建筑工程,"Obecné instalační práce - Sv.12 Malování, protikorozní, tepelná izolace",,polyuretanová barva
090165,pozinkovaný rozpínací šroub 12,Material,Fasteners,set,14.38,14.38,14.38,14.38,1,CZK,28.37,1.9727,29,29,建筑工程,Obecné instalační práce - Sv.7 Větrání a klimatizace,sloupec přídavný,"montáž ocelového obdélníkového plechu (1.2mm uvnitř, )"
800289,sypač 15t,Equipment,Trucks,machine-shift,2037.93,2037.93,2037.93,2037.93,1,CZK,19.08,0.0094,28,28,建筑工程,zemní práce a práce se skalou,doprava,výkopové práce obecné zemní
850005,zemní elektřina GCT,Equipment,General,machine-shift,40.15,40.15,40.15,40.15,1,CZK,8.83,0.2198,28,28,建筑工程,Obecné instalační práce - Sv.4 Instalace elektrického zařízení,základ,
800028,běžný 400,Equipment,General,machine-shift,401.16,401.16,401.16,401.16,1,CZK,37.88,0.0944,28,28,建筑工程,Obecné instalační práce - Sv.7 Větrání a klimatizace,výroba a instalace,výroba vodotěsných materiálů
830077,tvarovaný ocelový bednicí systém,Material,Steel & Metal,m2-day,9.75,9.75,9.75,9.75,1,CZK,99.4,10.1934,28,28,建筑工程,přípravné práce a měření na místě,bednění a konzoly pro betonování na místě,sloupec
800046,řezák,Equipment,General,machine-shift,97.52,97.52,97.52,97.52,1,CZK,8.3,0.0851,28,28,建筑工程,práce na pilotách,dlažba,dekorativní deska na stěnu
110103,bitumenový nátěr,Material,Paint & Coatings,kg,43.6,43.6,43.6,43.6,1,CZK,3.91,0.0897,28,28,建筑工程,práce na pilotách,montáž formování,
130095,EPS deska,Material,Wood & Timber,m3,2409.26,2409.26,2409.26,2409.26,1,CZK,70.54,0.0293,28,28,建筑工程,práce na tepelně izolačních a protikorozních systémech,,strop
810177,poly cementová malta,Material,Concrete & Cement,m3,1720.9,1720.9,1720.9,1720.9,1,CZK,6.59,0.0038,28,28,建筑工程,"povrchové úpravy stěn a sloupů, příčky a závěsné stěny",omítání povrchu sloupu (trámu),obecné omítání povrchu nosníků a sloupů
150061,uhlí,Material,General,t,2906.41,2906.41,2906.41,2906.41,1,CZK,29.49,0.0101,27,27,建筑工程,"Obecné instalační práce - Sv.12 Malování, protikorozní, tepelná izolace",postřikování,stříkání kamene
150021,dřevo,Material,Wood & Timber,kg,0.69,0.69,0.69,0.69,1,CZK,0.64,0.9259,27,27,建筑工程,"Obecné instalační práce - Sv.12 Malování, protikorozní, tepelná izolace",postřikování,stříkání kamene
030003,dřevěný bednění,Material,Wood & Timber,m3,6411.31,6411.31,6411.31,6411.31,1,CZK,87.12,0.0136,27,27,建筑工程,betonové a železobetonové práce,betonové konstrukce na místě,hydroizolační páska
800008,nákladní auto 8t,Equipment,Trucks,machine-shift,908.25,908.25,908.25,908.25,1,CZK,186.36,0.2052,27,27,建筑工程,Obecné instalační práce - Sv.7 Větrání a klimatizace,voda,montáž
100140,pískování lepidlo 40,Material,Aggregates,m,238.63,238.63,238.63,238.63,1,CZK,11.95,0.0501,26,26,建筑工程,pracovní konstrukce z kovu,kovové spojování konstrukcí na místě a další položky,stříkání kamene
090309,pískování,Material,Aggregates,pcs,211.48,211.48,211.48,211.48,1,CZK,4.34,0.0205,26,26,建筑工程,pracovní konstrukce z kovu,kovové spojování konstrukcí na místě a další položky,stříkání kamene
150089,132 1,Material,General,sklad,718.19,718.19,718.19,718.19,1,CZK,305.42,0.4253,26,26,建筑工程,Obecné instalační práce - Sv.5 Systémy inteligence budov,sítka,montáž
090054,rozpěrný šroub 6,Material,Fasteners,set,2.75,2.75,2.75,2.75,1,CZK,9.01,3.2741,26,26,建筑工程,práce na střeše a hydroizolaci,vodotěsné střešní krytiny a drobnosti,střešní voda
100288,lepicí deska 6,Material,General,kg,17.21,17.21,17.21,17.21,1,CZK,8.49,0.4936,26,26,建筑工程,Obecné instalační práce - Sv.7 Větrání a klimatizace,montáž,montáž
110599,ředidlo na lepidlové barvy,Material,Paint & Coatings,kg,61.19,61.19,61.19,61.19,1,CZK,1.99,0.0325,26,26,建筑工程,"malířské, nátěrové a tapetářské práce",barva na kovové povrchy,"kovové dveře, barva na okna"
090130,pozinkováno s šroubem 12×(65 80),Material,Fasteners,set,3.59,3.59,3.59,3.59,1,CZK,17.1,4.7559,25,25,建筑工程,Obecné instalační práce - Sv.4 Instalace elektrického zařízení,výška elektroinstalace,
090300,svářecí drát,Material,Welding Consumables,kg,145.32,145.32,145.32,145.32,1,CZK,3.06,0.0211,25,25,建筑工程,jiné dekorativní práce,"zábradlí, zábradlí, dekorativní deska zábradlí","kovový zábradlí, zábradlí, deska zábradlí"
091525,s šroubem M12×(20 100),Material,Fasteners,set,5.74,5.74,5.74,5.74,1,CZK,50.71,8.84,25,25,建筑工程,Obecné instalační práce - Sv.6 Automatizace a kontrola instrumentace,,
080012,U -profil z lehké oceli CB50×20,Material,Steel & Metal,m,16.83,16.83,16.83,16.83,1,CZK,75.7,4.4988,25,25,建筑工程,práce na stropě,suspendovaný strop,stropní nosník
840007,elektřina,Material,General,kWh,3.75,3.75,3.75,3.75,1,CZK,64.51,17.2141,25,25,建筑工程,poplatky za vodu a elektřinu na staveništi,práce,voda
060027,cihla,Material,General,m2,160.62,160.62,160.62,160.62,1,CZK,158.39,0.9861,25,25,建筑工程,práce na tepelně izolačních a protikorozních systémech,nátěrová vrstva proti korozi,vrstva proti korozi na čelní straně bloku
090181,pozinkovaný hřebík (2 5)×(4 50),Equipment,General,pcs,0.19,0.19,0.19,0.19,1,CZK,0.56,2.9176,25,25,建筑工程,Obecné instalační práce - Sv.4 Instalace elektrického zařízení,montáž formování,elektřina
010029,běžná ocelová deska 2.6 3.2,Material,Steel & Metal,kg,16.86,16.86,16.86,16.86,1,CZK,148.4,8.7994,25,25,建筑工程,Obecné instalační práce - Sv.7 Větrání a klimatizace,zdiv,
091531,2,Material,General,m,4.59,4.59,4.59,4.59,1,CZK,0.39,0.084,25,25,建筑工程,Obecné instalační práce - Sv.6 Automatizace a kontrola instrumentace,,
060095,hotový výrobek kamenná deska 20mm,Material,General,m2,611.88,611.88,611.88,611.88,1,CZK,630.31,1.0301,24,24,建筑工程,"povrchové úpravy stěn a sloupů, příčky a závěsné stěny",vrstva obkladu stěn,kamenná deska na stěnu
100376,modifikovaný bitumenový lepicí hydroizolační nátěr,Material,Waterproofing,kg,28.68,28.68,28.68,28.68,1,CZK,26.53,0.925,24,24,建筑工程,práce na střeše a hydroizolaci,vodotěsné střešní krytiny a drobnosti,vodotěsná membrána střechy
850117,výška elektřiny 3124,Equipment,General,machine-shift,209.18,209.18,209.18,209.18,1,CZK,219.08,1.0473,24,24,建筑工程,Obecné instalační práce - Sv.4 Instalace elektrického zařízení,výška elektřiny,výška elektřiny
010361,svařování ocelových trubek (kompozitní),Material,Steel & Metal,kg,17.4,17.4,17.4,17.4,1,CZK,3.15,0.1808,24,24,建筑工程,přípravné práce a měření na místě,"voda, vodovody",vrt
110188,ZL poly,Material,General,m3,1988.6,1988.6,1988.6,1988.6,1,CZK,42.0,0.0211,24,24,建筑工程,práce na tepelně izolačních a protikorozních systémech,,strop
130037,Lepidlo ZL,Material,General,kg,6.12,6.12,6.12,6.12,1,CZK,1.57,0.2569,24,24,建筑工程,práce na tepelně izolačních a protikorozních systémech,,strop
091526,s šroubem M10×(20 50),Material,Fasteners,set,3.44,3.44,3.44,3.44,1,CZK,22.41,6.5123,24,24,建筑工程,Obecné instalační práce - Sv.6 Automatizace a kontrola instrumentace,,
010393,nerezová ocel,Material,Steel & Metal,kg,95.61,95.61,95.61,95.61,1,CZK,69.32,0.7251,24,24,建筑工程,"povrchové úpravy stěn a sloupů, příčky a závěsné stěny",příčka,kovová příčka
810132,štěrkování sádrové malty 1: 2,Material,Concrete & Cement,m3,3095.9,3095.9,3095.9,3095.9,1,CZK,9.65,0.0031,24,24,建筑工程,"povrchové úpravy stěn a sloupů, příčky a závěsné stěny",omítání povrchu sloupu (trámu),obecné omítání povrchu nosníků a sloupů
110003,alkydová antikorozní barva,Material,Paint & Coatings,kg,62.72,62.72,62.72,62.72,1,CZK,12.04,0.192,24,24,建筑工程,práce na střeše a hydroizolaci,vodotěsné střešní krytiny a drobnosti,střecha ()
850204,PASHEN,Equipment,General,machine-shift,25.47,25.47,25.47,25.47,1,CZK,90.18,3.5408,24,24,建筑工程,Obecné instalační práce - Sv.6 Automatizace a kontrola instrumentace,"základ (030608007, 030608008)",(DCS)
850019,GX12M1,Equipment,General,machine-shift,29.22,29.22,29.22,29.22,1,CZK,18.59,0.6364,23,23,建筑工程,Obecné instalační práce - Sv.5 Systémy inteligence budov,montáž,
080019,U-profil z lehkého ocelového plechu CB60-L,Material,Steel & Metal,pcs,3.06,3.06,3.06,3.06,1,CZK,3.2,1.0464,23,23,建筑工程,práce na stropě,suspendovaný strop,stropní nosník
110215,strukturní lepidlo pro spojování,Material,General,kg,167.12,167.12,167.12,167.12,1,CZK,28.43,0.1701,23,23,建筑工程,betonové a železobetonové práce,železné příslušenství,profil a další položky střechy
080748,30×30 hliníková deska,Material,General,pcs,1.91,1.91,1.91,1.91,1,CZK,15.31,8.0057,23,23,建筑工程,"povrchové úpravy stěn a sloupů, příčky a závěsné stěny",čelní stěna,dekorativní deska na stěnu
800144,vibrační deska,Equipment,General,machine-shift,5.09,5.09,5.09,5.09,1,CZK,0.06,0.0118,23,23,建筑工程,zděné práce,vrstva zábradlí,vyrovnávací vrstva
850134,DM3-802H,Equipment,General,machine-shift,36.14,36.14,36.14,36.14,1,CZK,66.36,1.8363,23,23,建筑工程,Obecné instalační práce - Sv.4 Instalace elektrického zařízení,výška elektřiny,elektřina
110219,lepidlo na konstrukční těsnění,Material,Rubber,kg,183.56,183.56,183.56,183.56,1,CZK,133.03,0.7247,23,23,建筑工程,"povrchové úpravy stěn a sloupů, příčky a závěsné stěny",čelní stěna,dekorativní deska na stěnu
090128,pozinkováno s šroubem 12×(20 35),Material,Fasteners,set,2.6,2.6,2.6,2.6,1,CZK,12.47,4.795,23,23,建筑工程,Obecné instalační práce - Sv.7 Větrání a klimatizace,montáž,montáž
110207,vodou ředitelný (vrstva) nátěr,Material,Water,kg,122.38,122.38,122.38,122.38,1,CZK,30.78,0.2515,23,23,建筑工程,"malířské, nátěrové a tapetářské práce",nátěr a stříkání,vrstva nátěru na povrchu stěny
080015,U-profil z lehkého ocelového plechu CS60×27,Material,Steel & Metal,m,45.13,45.13,45.13,45.13,1,CZK,124.34,2.7555,23,23,建筑工程,práce na stropě,suspendovaný strop,stropní nosník
110170,uhlí,Material,General,kg,32.28,32.28,32.28,32.28,1,CZK,169.43,5.2493,22,22,建筑工程,podlahové dokončovací práce,čelní stěna,dekorativní deska na stěnu
090492,pozinkovaný 16,Material,General,pcs,1.38,1.38,1.38,1.38,1,CZK,19.4,14.0945,22,22,建筑工程,Obecné instalační práce - Sv.4 Instalace elektrického zařízení,typ elektrické instalace,montáž
110220,vodní tmel,Material,Water,kg,5.43,5.43,5.43,5.43,1,CZK,7.4,1.3631,22,22,建筑工程,"malířské, nátěrové a tapetářské práce",nátěr na dřevěné povrchy,"dřevěná stěna, barva na dřevěné stěny"
080285,kýl,Material,General,kg,107.08,107.08,107.08,107.08,1,CZK,1246.73,11.6432,22,22,建筑工程,"povrchové úpravy stěn a sloupů, příčky a závěsné stěny",práce na zasklených stěnách,s rámem z fasádních stěn
080279,hliníkový profil,Material,General,kg,107.08,107.08,107.08,107.08,1,CZK,235.91,2.2032,22,22,建筑工程,"povrchové úpravy stěn a sloupů, příčky a závěsné stěny",práce na zasklených stěnách,skleněná záclonová stěna
010152,I-nosník ocelový,Material,Steel & Metal,kg,18.36,18.36,18.36,18.36,1,CZK,542.93,29.5771,22,22,建筑工程,úprava půdy a podpora svahů,výkop pro základy,()
080288,kýl,Material,General,kg,107.08,107.08,107.08,107.08,1,CZK,773.4,7.2227,22,22,建筑工程,"povrchové úpravy stěn a sloupů, příčky a závěsné stěny",práce na zasklených stěnách,s rámem z fasádních stěn
800596,16-300mm,Equipment,General,machine-shift,136.49,136.49,136.49,136.49,1,CZK,13.65,0.1,22,22,建筑工程,Obecné instalační práce - Sv.5 Systémy inteligence budov,montáž,montáž
460104,A4,Material,General,kontejner,114.73,114.73,114.73,114.73,1,CZK,9.71,0.0846,22,22,建筑工程,Obecné instalační práce - Sv.5 Systémy inteligence budov,sítka,montáž
110022,fenolová hotová barva,Material,Paint & Coatings,kg,62.33,62.33,62.33,62.33,1,CZK,8.88,0.1425,22,22,建筑工程,"Obecné instalační práce - Sv.12 Malování, protikorozní, tepelná izolace",obdélníkové štětce,vodní deska
010020,kanálová ocel 16 uvnitř,Material,Steel & Metal,kg,14.3,14.3,14.3,14.3,1,CZK,157.15,10.9877,21,21,建筑工程,betonové a železobetonové práce,železobetonové práce,skleněná příčka
110023,fenolový lak,Material,Paint & Coatings,kg,48.57,48.57,48.57,48.57,1,CZK,2.98,0.0613,21,21,建筑工程,"malířské, nátěrové a tapetářské práce",nátěr na dřevěné povrchy,nátěr dřevěné základní desky
850116,YDQ,Equipment,General,machine-shift,73.43,73.43,73.43,73.43,1,CZK,52.88,0.7201,21,21,建筑工程,Obecné instalační práce - Sv.4 Instalace elektrického zařízení,elektřina,elektrická energie jednotka
850203,2656,Equipment,General,machine-shift,349.11,349.11,349.11,349.11,1,CZK,557.32,1.5964,21,21,建筑工程,Obecné instalační práce - Sv.6 Automatizace a kontrola instrumentace,"základ (030608007, 030608008)",(DCS)
850006,ND2,Equipment,General,machine-shift,27.57,27.57,27.57,27.57,1,CZK,29.41,1.0667,21,21,建筑工程,Obecné instalační práce - Sv.5 Systémy inteligence budov,montáž,elektřina
030124,překližka 9mm,Material,Wood & Timber,m2,95.61,95.61,95.61,95.61,1,CZK,218.11,2.2814,21,21,建筑工程,"povrchové úpravy stěn a sloupů, příčky a závěsné stěny",sloupec (nosník) čelní,dekorativní povrch sloupu (nosníku)
850088,elektřina ST9040,Equipment,General,machine-shift,261.58,261.58,261.58,261.58,1,CZK,701.77,2.6829,21,21,建筑工程,Obecné instalační práce - Sv.4 Instalace elektrického zařízení,výška elektřiny,výška elektřiny
010028,běžná ocelová deska 2 2.5,Material,Steel & Metal,kg,20.77,20.77,20.77,20.77,1,CZK,97.54,4.6972,21,21,建筑工程,práce na střeše a hydroizolaci,montáž,profil a další položky střechy
850017,KSG-4110,Equipment,General,machine-shift,113.92,113.92,113.92,113.92,1,CZK,70.03,0.6147,21,21,建筑工程,Obecné instalační práce - Sv.11 Komunikační zařízení a vedení,modelování,
850015,výška XB30,Equipment,General,machine-shift,12.58,12.58,12.58,12.58,1,CZK,14.82,1.1778,21,21,建筑工程,Obecné instalační práce - Sv.11 Komunikační zařízení a vedení,modelování,
040095,kámen,Material,General,m3,726.6,726.6,726.6,726.6,1,CZK,33.93,0.0467,21,21,建筑工程,pracovní konstrukce z kovu,kovové spojování konstrukcí na místě a další položky,stříkání kamene
090331,pant,Material,General,pcs,19.12,19.12,19.12,19.12,1,CZK,37.37,1.9544,21,21,建筑工程,práce na dveřích a oknech,vodotěsné střešní krytiny a drobnosti,střecha ()
080056,nosník TL23×23,Material,General,m,30.52,30.52,30.52,30.52,1,CZK,21.57,0.7067,20,20,建筑工程,práce na stropě,suspendovaný strop,stropní nosník
110263,nátěr na kameni,Material,General,kg,32.51,32.51,32.51,32.51,1,CZK,130.43,4.0126,20,20,建筑工程,"malířské, nátěrové a tapetářské práce",malba na omítce,malba na omítce
110212,stěrka (),Material,General,kg,11.47,11.47,11.47,11.47,1,CZK,3.85,0.3359,20,20,建筑工程,"malířské, nátěrové a tapetářské práce",malba na omítce,úplná stěrka tmelem
800486,vzduchový kompresor 3m3/min,Equipment,Compressors,machine-shift,72.28,72.28,72.28,72.28,1,CZK,2.31,0.032,20,20,建筑工程,práce na střeše a hydroizolaci,vodotěsné střešní krytiny a drobnosti,nátěr střechy vodotěsný
110614,vodou ředitelný polyuretanový základní nátěr,Material,Paint & Coatings,kg,68.84,68.84,68.84,68.84,1,CZK,7.39,0.1074,20,20,建筑工程,"malířské, nátěrové a tapetářské práce",nátěr na dřevěné povrchy,"kovové dveře, barva na okna"
280121,10,Material,General,pcs,18.51,18.51,18.51,18.51,1,CZK,36.16,1.9539,20,20,建筑工程,Obecné instalační práce - Sv.4 Instalace elektrického zařízení,montáž,montáž
110173,benzín 60 70,Material,General,kg,28.91,28.91,28.91,28.91,1,CZK,14.38,0.4975,20,20,建筑工程,Obecné instalační práce - Sv.4 Instalace elektrického zařízení,montáž,
800135,pásový jeřáb 15t,Equipment,Cranes,machine-shift,1977.5,1977.5,1977.5,1977.5,1,CZK,1048.74,0.5303,20,20,建筑工程,úprava půdy a podpora svahů,výkop pro základy,základová stěna
110028,primer,Material,Paint & Coatings,kg,67.69,67.69,67.69,67.69,1,CZK,13.07,0.193,20,20,建筑工程,práce na tepelně izolačních a protikorozních systémech,antikorozní,protikorozní nátěr
110027,smalt,Material,Paint & Coatings,kg,95.61,95.61,95.61,95.61,1,CZK,32.67,0.3417,20,20,建筑工程,práce na tepelně izolačních a protikorozních systémech,antikorozní,protikorozní nátěr
090354,hliníkový slitinový lištový profil,Material,General,m,19.47,19.47,19.47,19.47,1,CZK,58.39,2.9995,20,20,建筑工程,práce na střeše a hydroizolaci,"vodotěsné povrchové úpravy stěn, vlhkostní ochrana",střecha z desek
280343,lišta 1.0 2.5,Material,General,pcs,2.79,2.79,2.79,2.79,1,CZK,11.76,4.2122,20,20,建筑工程,Obecné instalační práce - Sv.9 Ochrana proti požáru,"montáž (030904004, 030904005)",
080022,U-profil z lehké oceli CB50-3,Material,Steel & Metal,pcs,1.57,1.57,1.57,1.57,1,CZK,3.59,2.2913,19,19,建筑工程,práce na stropě,suspendovaný strop,stropní nosník
800806,1.5kW,Equipment,General,machine-shift,52.05,52.05,52.05,52.05,1,CZK,31.49,0.605,19,19,建筑工程,Obecné instalační práce - Sv.5 Systémy inteligence budov,,montáž
010022,pozinkovaný úhelník,Material,Steel & Metal,kg,19.96,19.96,19.96,19.96,1,CZK,742.8,37.2098,19,19,建筑工程,betonové a železobetonové práce,stavební konstrukce,stropní nosník
800561,polyuretan 3-5kg/min,Equipment,General,machine-shift,195.8,195.8,195.8,195.8,1,CZK,1.21,0.0062,19,19,建筑工程,práce na střeše a hydroizolaci,vodotěsné střešní krytiny a drobnosti,vodotěsná membrána střechy
110031,lak,Material,Paint & Coatings,kg,68.84,68.84,68.84,68.84,1,CZK,11.68,0.1697,19,19,建筑工程,práce na tepelně izolačních a protikorozních systémech,antikorozní,protikorozní nátěr
010058,pozinkovaná ocelová trubka 50,Material,Steel & Metal,m,94.46,94.46,94.46,94.46,1,CZK,70.67,0.7482,19,19,建筑工程,Obecné instalační práce - Sv.4 Instalace elektrického zařízení,stěna a nátěr štětcem,elektrické montážní práce
090460,nerezový hřebík 4,Material,Steel & Metal,pcs,0.5,0.5,0.5,0.5,1,CZK,2.57,5.1757,19,19,建筑工程,"povrchové úpravy stěn a sloupů, příčky a závěsné stěny",obklad povrchu sloupu (nosníku),povrch kamenného sloupu
090108,s šroubem 16×(65 80),Material,Fasteners,set,4.82,4.82,4.82,4.82,1,CZK,338.53,70.2568,19,19,建筑工程,"Obecné instalační práce - Sv.10 Vodovod, odpad, topení, plyn",výroba a instalace,výroba vodotěsných materiálů
800075,zemní výkop kompozitní,Equipment,General,machine-shift,3411.59,3411.59,3411.59,3411.59,1,CZK,21.78,0.0064,19,19,建筑工程,zemní práce a práce se skalou,doprava,výkopové práce obecné zemní
110206,vrstva nátěru (typ stříkaného nátěru),Material,General,kg,95.61,95.61,95.61,95.61,1,CZK,161.33,1.6875,19,19,建筑工程,"malířské, nátěrové a tapetářské práce",nátěr a stříkání,vrstva nátěru na povrchu stěny
110208,vodou ředitelný vrchní nátěr (typ),Material,Water,kg,107.08,107.08,107.08,107.08,1,CZK,25.06,0.234,19,19,建筑工程,"malířské, nátěrové a tapetářské práce",nátěr a stříkání,vrstva nátěru na povrchu stěny
400059,malta zdící DM7.5-MR,Material,Concrete & Cement,m3,2287.65,2287.65,2287.65,2287.65,1,CZK,328.35,0.1435,19,19,建筑工程,zděné práce,zděná konstrukce,
110660,polyuretan,Material,General,m3,68.84,68.84,68.84,68.84,1,CZK,110.37,1.6034,19,19,建筑工程,práce na střeše a hydroizolaci,vodotěsné střešní krytiny a drobnosti,vodotěsná membrána střechy
080040,U-profil z lehké oceli CS60-1,Material,Steel & Metal,pcs,8.95,8.95,8.95,8.95,1,CZK,22.39,2.5017,19,19,建筑工程,práce na stropě,suspendovaný strop,stropní nosník
850115,výška,Equipment,General,machine-shift,48.19,48.19,48.19,48.19,1,CZK,35.82,0.7433,19,19,建筑工程,Obecné instalační práce - Sv.4 Instalace elektrického zařízení,elektřina,elektrická energie jednotka
850261,7,Equipment,General,machine-shift,18.01,18.01,18.01,18.01,1,CZK,10.94,0.6073,19,19,建筑工程,Obecné instalační práce - Sv.5 Systémy inteligence budov,,montáž
090498,pozinkovaný 16,Material,General,pcs,0.27,0.27,0.27,0.27,1,CZK,1.93,7.2126,19,19,建筑工程,Obecné instalační práce - Sv.4 Instalace elektrického zařízení,typ elektrické instalace,montáž
350301,lišta ZR-RVS-2×1.5,Material,General,m,13.96,13.96,13.96,13.96,1,CZK,4.19,0.3,19,19,建筑工程,Obecné instalační práce - Sv.9 Ochrana proti požáru,"montáž (030904004, 030904005)",
110146,sádrové lepidlo,Material,General,kg,3.94,3.94,3.94,3.94,1,CZK,1.86,0.4717,19,19,建筑工程,"povrchové úpravy stěn a sloupů, příčky a závěsné stěny",čelní stěna,dekorativní deska na stěnu
090466,nerezová ocelová deska 4mm,Material,Steel & Metal,pcs,15.53,15.53,15.53,15.53,1,CZK,80.58,5.1898,19,19,建筑工程,"povrchové úpravy stěn a sloupů, příčky a závěsné stěny",obklad povrchu sloupu (nosníku),povrch kamenného sloupu
110509,akrylátový polyuretanový kovový lak (dvojitý),Material,Steel & Metal,kg,191.21,191.21,191.21,191.21,1,CZK,84.55,0.4422,18,18,建筑工程,"malířské, nátěrové a tapetářské práce",nátěr na dřevěné povrchy,skleněná nástěnná barva
110609,akrylátová polyuretanová barva,Material,Paint & Coatings,kg,70.75,70.75,70.75,70.75,1,CZK,22.63,0.3199,18,18,建筑工程,"malířské, nátěrové a tapetářské práce",nátěr na dřevěné povrchy,skleněná nástěnná barva
110613,lak,Material,Paint & Coatings,kg,107.08,107.08,107.08,107.08,1,CZK,20.26,0.1892,18,18,建筑工程,"malířské, nátěrové a tapetářské práce",nátěr na dřevěné povrchy,skleněná nástěnná barva
080761,hliníková slitina povrch desky s typem zámku (šířka spáry 200mm uvnitř),Material,General,m,286.82,286.82,286.82,286.82,1,CZK,289.68,1.01,18,18,建筑工程,práce na střeše a hydroizolaci,spojovací dil pohybu,dilatace povrchu stěny
110771,ředidlo akrylátového polyuretanového laku,Material,Paint & Coatings,kg,31.82,31.82,31.82,31.82,1,CZK,0.65,0.0204,18,18,建筑工程,"malířské, nátěrové a tapetářské práce",nátěr na dřevěné povrchy,skleněná nástěnná barva
800226,autožebřík 16t,Equipment,Cranes,machine-shift,2823.04,2823.04,2823.04,2823.04,1,CZK,1338.69,0.4742,18,18,建筑工程,betonové a železobetonové práce,železobetonové práce,montáž
050008,kalené sklo (zakřivené) 10mm,Material,Glass,m2,1204.63,1204.63,1204.63,1204.63,1,CZK,1023.94,0.85,18,18,建筑工程,jiné dekorativní práce,"zábradlí, zábradlí, dekorativní deska zábradlí",rám
810006,1: 3 cementová malta,Material,Concrete & Cement,m3,1039.84,1039.84,1039.84,1039.84,1,CZK,13.2,0.0127,18,18,建筑工程,"povrchové úpravy stěn a sloupů, příčky a závěsné stěny",omítání povrchu sloupu (trámu),vertikální vrstva vyrovnávací malty
080760,hliníková slitina povrch desky s uzamykacím typem (šířka spáry 100mm uvnitř),Material,General,m,260.05,260.05,260.05,260.05,1,CZK,262.65,1.01,18,18,建筑工程,práce na střeše a hydroizolaci,spojovací dil pohybu,dilatace povrchu stěny
130036,poly deska,Material,General,m3,2256.29,2256.29,2256.29,2256.29,1,CZK,113.72,0.0504,18,18,建筑工程,betonové a železobetonové práce,železobetonové práce,profil a další položky střechy
800146,elektrická bruska,Equipment,General,machine-shift,27.38,27.38,27.38,27.38,1,CZK,2.03,0.0742,18,18,建筑工程,práce na střeše a hydroizolaci,"vodotěsné povrchové úpravy stěn, vlhkostní ochrana",vodotěsná povrchová úprava stěn
100287,povrch z hliníkového profilu,Material,General,m2,382.42,382.42,382.42,382.42,1,CZK,449.35,1.175,18,18,建筑工程,"povrchové úpravy stěn a sloupů, příčky a závěsné stěny",práce na zasklených stěnách,skleněná záclonová stěna
390171,žádná betonová jáma 400mm,Material,Concrete & Cement,m,114.73,114.73,114.73,114.73,1,CZK,71.16,0.6202,18,18,建筑工程,přípravné práce a měření na místě,"voda, vodovody",vrt
040209,kámen,Material,General,kg,0.23,0.23,0.23,0.23,1,CZK,25.37,110.556,18,18,建筑工程,přípravné práce a měření na místě,"voda, vodovody",vrt
080762,zámkový typ hliníkové slitiny povrchová deska (spára šířky 200mm přesahující),Material,General,m,321.23,321.23,321.23,321.23,1,CZK,324.45,1.01,18,18,建筑工程,práce na střeše a hydroizolaci,spojovací dil pohybu,dilatace povrchu stěny
400055,malta zdicí DM7.5-HR,Material,Concrete & Cement,m3,2516.72,2516.72,2516.72,2516.72,1,CZK,432.77,0.172,18,18,建筑工程,zděné práce,,
080758,"hliníková slitina deska na stěnu, podlahu, strop (spára 200mm uvnitř)",Material,General,m,504.8,504.8,504.8,504.8,1,CZK,509.85,1.01,18,18,建筑工程,práce na střeše a hydroizolaci,spojovací dil pohybu,dilatace povrchu stěny
080759,"hliníková slitina deska na stěnu, podlahu, strop (spára 200mm a více)",Material,General,m,554.51,554.51,554.51,554.51,1,CZK,560.06,1.01,18,18,建筑工程,práce na střeše a hydroizolaci,spojovací dil pohybu,dilatace povrchu stěny
010389,ocelová deska 0.6mm,Material,Steel & Metal,m2,160.62,160.62,160.62,160.62,1,CZK,226.11,1.4078,18,18,建筑工程,pracovní konstrukce z kovu,"ocelová deska podlahy, stěnová deska",profil a další položky střechy
080757,"stěnová, podlahová, stropní deska z hliníkové slitiny (spára 100mm uvnitř)",Material,General,m,466.56,466.56,466.56,466.56,1,CZK,471.22,1.01,18,18,建筑工程,práce na střeše a hydroizolaci,spojovací dil pohybu,dilatace povrchu stěny
400007,C20 beton připravený k použití,Material,Concrete & Cement,m3,1434.08,1434.08,1434.08,1434.08,1,CZK,933.15,0.6507,18,18,建筑工程,betonové a železobetonové práce,betonové konstrukce na místě,
080282,fasádní systém,Material,General,set,841.33,841.33,841.33,841.33,1,CZK,294.47,0.35,18,18,建筑工程,"povrchové úpravy stěn a sloupů, příčky a závěsné stěny",práce na zasklených stěnách,skleněná záclonová stěna
090688,rozpěrný šroub M8×80,Material,Fasteners,set,6.42,6.42,6.42,6.42,1,CZK,230.6,35.892,18,18,建筑工程,"povrchové úpravy stěn a sloupů, příčky a závěsné stěny",vrstva obkladu stěn,kamenná deska na stěnu
110095,poly,Material,General,kg,24.86,24.86,24.86,24.86,1,CZK,26.25,1.0561,18,18,建筑工程,"povrchové úpravy stěn a sloupů, příčky a závěsné stěny",čelní stěna,dekorativní deska na stěnu
010027,běžná ocelová deska 1.6 1.9,Material,Steel & Metal,kg,20.77,20.77,20.77,20.77,1,CZK,10.57,0.5091,18,18,建筑工程,"Obecné instalační práce - Sv.10 Vodovod, odpad, topení, plyn",,
110139,elektrická energie složená,Material,General,kg,76.48,76.48,76.48,76.48,1,CZK,12.75,0.1667,18,18,建筑工程,Obecné instalační práce - Sv.4 Instalace elektrického zařízení,výška instalace,
850184,síťová síť,Equipment,General,machine-shift,1546.21,1546.21,1546.21,1546.21,1,CZK,1728.12,1.1176,18,18,建筑工程,Obecné instalační práce - Sv.11 Komunikační zařízení a vedení,(síť) samostatný (DTU NTU),
020201,cement 42.5,Material,Concrete & Cement,kg,2.22,2.22,2.22,2.22,1,CZK,505.15,227.7453,18,18,建筑工程,úprava půdy a podpora svahů,výkop pro základy,sekční ocelová pilotáž
040027,"drť, štěrk",Material,Aggregates,m3,360.62,360.62,360.62,360.62,1,CZK,173.97,0.4824,17,17,建筑工程,úprava půdy a podpora svahů,vrstva zábradlí,
850018,SD2460,Equipment,General,machine-shift,46.54,46.54,46.54,46.54,1,CZK,62.36,1.34,17,17,建筑工程,Obecné instalační práce - Sv.11 Komunikační zařízení a vedení,GSM,
800157,naviják (jednoduchý) 1t uvnitř,Equipment,Hoists,machine-shift,399.63,399.63,399.63,399.63,1,CZK,39.96,0.1,17,17,建筑工程,Obecné instalační práce - Sv.11 Komunikační zařízení a vedení,,
090261,kulatý hřebík,Material,Fasteners,kg,26.77,26.77,26.77,26.77,1,CZK,1.83,0.0682,17,17,建筑工程,Obecné instalační práce - Sv.4 Instalace elektrického zařízení,stěna a nátěr štětcem,
400008,C25 čerstvý beton,Material,Concrete & Cement,m3,1491.45,1491.45,1491.45,1491.45,1,CZK,1386.9,0.9299,17,17,建筑工程,práce na pilotách,vrtaná pilotáž,profil a další položky střechy
110218,základní nátěr proti vlhkosti,Material,Paint & Coatings,kg,68.84,68.84,68.84,68.84,1,CZK,15.37,0.2233,17,17,建筑工程,"malířské, nátěrové a tapetářské práce",malba na omítce,úplná stěrka tmelem
110334,akrylátová vrchní vrstva,Material,General,kg,68.84,68.84,68.84,68.84,1,CZK,49.18,0.7145,17,17,建筑工程,"malířské, nátěrové a tapetářské práce",nátěr a stříkání,vrstva nátěru na povrchu stěny
460103,A3,Material,General,kontejner,248.57,248.57,248.57,248.57,1,CZK,75.16,0.3024,17,17,建筑工程,Obecné instalační práce - Sv.5 Systémy inteligence budov,,montáž
110183,Lepidlo CY-401,Material,General,kg,42.07,42.07,42.07,42.07,1,CZK,15.77,0.3749,17,17,建筑工程,podlahové dokončovací práce,vrstva dokončení,dřevěná podlaha
110213,tmel,Material,General,kg,10.33,10.33,10.33,10.33,1,CZK,6.67,0.6455,17,17,建筑工程,"malířské, nátěrové a tapetářské práce",malba na omítce,malba na omítce
110285,alkydový lak,Material,Paint & Coatings,kg,65.39,65.39,65.39,65.39,1,CZK,9.51,0.1454,17,17,建筑工程,"malířské, nátěrové a tapetářské práce",obdélníkové štětce,
030109,dřevěný pruh 30×25,Material,Wood & Timber,m,17.21,17.21,17.21,17.21,1,CZK,28.59,1.6612,17,17,建筑工程,práce na střeše a hydroizolaci,,
030110,dřevěný vodní pás 30×20,Material,Wood & Timber,m,15.3,15.3,15.3,15.3,1,CZK,25.05,1.6375,17,17,建筑工程,práce na střeše a hydroizolaci,,
091060,pozinkovaný čtvercový ocelový trubkový pás 25×25×1.5,Material,Steel & Metal,m,34.42,34.42,34.42,34.42,1,CZK,73.14,2.125,17,17,建筑工程,práce na střeše a hydroizolaci,,
091061,pozinkovaná čtvercová ocelová trubka vodní lišta 25×25×1.5,Material,Steel & Metal,m,34.42,34.42,34.42,34.42,1,CZK,43.99,1.2782,17,17,建筑工程,práce na střeše a hydroizolaci,,
010015,kulatý prut 10 přesah,Material,General,kg,14.23,14.23,14.23,14.23,1,CZK,22.4,1.5747,17,17,建筑工程,jiné dekorativní práce,"zábradlí, zábradlí, dekorativní deska zábradlí","kovový zábradlí, zábradlí, deska zábradlí"
010060,pozinkovaná ocelová trubka 80,Material,Steel & Metal,m,159.85,159.85,159.85,159.85,1,CZK,312.28,1.9535,17,17,建筑工程,Obecné instalační práce - Sv.4 Instalace elektrického zařízení,stěna a nátěr štětcem,elektrické montážní práce
090341,nerezová ocelová deska 1.2mm,Material,Steel & Metal,m2,1223.75,1223.75,1223.75,1223.75,1,CZK,2363.63,1.9315,17,17,建筑工程,"povrchové úpravy stěn a sloupů, příčky a závěsné stěny",sloupec (nosník) čelní,dekorativní povrch sloupu (nosníku)
010061,pozinkovaná ocelová trubka 100,Material,Steel & Metal,m,209.18,209.18,209.18,209.18,1,CZK,206.42,0.9868,17,17,建筑工程,Obecné instalační práce - Sv.4 Instalace elektrického zařízení,stěna a nátěr štětcem,elektrické montážní práce
810115,beton C25,Material,Concrete & Cement,m3,1181.84,1181.84,1181.84,1181.84,1,CZK,40.93,0.0346,16,16,建筑工程,práce na střeše a hydroizolaci,vodotěsné střešní krytiny a drobnosti,profil a další položky střechy
800051,řezačka 500,Equipment,General,machine-shift,38.01,38.01,38.01,38.01,1,CZK,3.07,0.0808,16,16,建筑工程,pracovní konstrukce z kovu,"ocelová deska podlahy, stěnová deska",střecha z desek
090585,18 pozinkovaná ocelová drátěná síť,Material,Steel & Metal,m2,29.64,29.64,29.64,29.64,1,CZK,30.82,1.04,16,16,建筑工程,pracovní konstrukce z kovu,kov,obecné omítání povrchu nosníků a sloupů
110453,polyuretanový základní nátěr proti vlhkosti,Material,Paint & Coatings,kg,114.73,114.73,114.73,114.73,1,CZK,13.22,0.1153,16,16,建筑工程,práce na tepelně izolačních a protikorozních systémech,,strop
800103,autojeřáb 20t,Equipment,Cranes,machine-shift,3794.01,3794.01,3794.01,3794.01,1,CZK,3.04,0.0008,16,16,建筑工程,přípravné práce a měření na místě,bednění a konzoly pro betonování na místě,zdiv
800113,8t,Equipment,General,machine-shift,889.51,889.51,889.51,889.51,1,CZK,2.07,0.0023,16,16,建筑工程,přípravné práce a měření na místě,bednění a konzoly pro betonování na místě,zdiv
010066,svářování ocelové trubky 20,Material,Steel & Metal,m,25.43,25.43,25.43,25.43,1,CZK,53.12,2.0888,16,16,建筑工程,práce na pilotách,vrtaná pilotáž,svařovací ocelová trubka
080179,elektrická hliníková dekorativní deska,Material,General,m2,363.3,363.3,363.3,363.3,1,CZK,397.81,1.095,16,16,建筑工程,"povrchové úpravy stěn a sloupů, příčky a závěsné stěny",čelní stěna,dekorativní deska na stěnu
800128,pískování 3m3/min 5.5 kW,Equipment,General,machine-shift,50.1,50.1,50.1,50.1,1,CZK,4.3,0.0858,16,16,建筑工程,pracovní konstrukce z kovu,kovové spojování konstrukcí na místě a další položky,stříkání kamene
060004,keramická mozaika (mozaika),Material,General,m2,91.78,91.78,91.78,91.78,1,CZK,98.42,1.0723,16,16,建筑工程,podlahové dokončovací práce,dlažba,povrch sloupu s blokovým obkladem
060044,obkladová dlaždice 0.015m2 uvnitř,Material,General,m2,114.73,114.73,114.73,114.73,1,CZK,112.96,0.9846,16,16,建筑工程,podlahové dokončovací práce,dekorativní,povrch stěny z bloků
010174,nerezová ocel,Material,Steel & Metal,m,269.99,269.99,269.99,269.99,1,CZK,145.6,0.5393,16,16,建筑工程,podlahové dokončovací práce,vrstva dokončení schodiště,skleněná příčka
030063,dřevěná deska,Material,Wood & Timber,m2,107.08,107.08,107.08,107.08,1,CZK,690.11,6.4449,16,16,建筑工程,práce na dveřích a oknech,dveře a okno,zdiv
800249,ohýbač prutů 40,Equipment,General,machine-shift,38.2,38.2,38.2,38.2,1,CZK,7.89,0.2065,16,16,建筑工程,betonové a železobetonové práce,železobetonové práce,
400006,C15 beton připravený k použití,Material,Concrete & Cement,m3,1376.72,1376.72,1376.72,1376.72,1,CZK,141.54,0.1028,16,16,建筑工程,betonové a železobetonové práce,betonová vrstva pro vyrovnání podkladního betonu,výrovná vrstva základů
010133,zinkovaná,Material,General,m2,172.85,172.85,172.85,172.85,1,CZK,108.85,0.6297,16,16,建筑工程,práce na střeše a hydroizolaci,vodotěsné střešní krytiny a drobnosti,střešní voda
010055,pozinkovaná ocelová trubka 25,Material,Steel & Metal,m,48.57,48.57,48.57,48.57,1,CZK,45.32,0.9331,16,16,建筑工程,Obecné instalační práce - Sv.4 Instalace elektrického zařízení,stěna a nátěr štětcem,pozinkovaná ocelová trubka
050003,kalené sklo 12mm,Material,Glass,m2,803.09,803.09,803.09,803.09,1,CZK,646.48,0.805,16,16,建筑工程,jiné dekorativní práce,"zábradlí, zábradlí, dekorativní deska zábradlí","kovový zábradlí, zábradlí, deska zábradlí"
050045,lepené sklo,Material,Glass,m2,535.39,535.39,535.39,535.39,1,CZK,430.99,0.805,16,16,建筑工程,jiné dekorativní práce,"zábradlí, zábradlí, dekorativní deska zábradlí","kovový zábradlí, zábradlí, deska zábradlí"
050046,lepidlo na sklo (zakřivené),Material,Glass,m2,841.33,841.33,841.33,841.33,1,CZK,677.27,0.805,16,16,建筑工程,jiné dekorativní práce,"zábradlí, zábradlí, dekorativní deska zábradlí","kovový zábradlí, zábradlí, deska zábradlí"
100029,kamenný bitumen,Material,Waterproofing,kg,16.83,16.83,16.83,16.83,1,CZK,102.47,6.0898,16,16,建筑工程,práce na střeše a hydroizolaci,vodotěsné střešní krytiny a drobnosti,střecha (balkon) () voda
110458,fluorokarbonový kovový lak (dvojitý),Material,Steel & Metal,kg,367.13,367.13,367.13,367.13,1,CZK,163.24,0.4446,15,15,建筑工程,"malířské, nátěrové a tapetářské práce",nátěr na dřevěné povrchy,skleněná nástěnná barva
800036,500A,Equipment,General,machine-shift,151.06,151.06,151.06,151.06,1,CZK,227.94,1.509,15,15,建筑工程,práce na střeše a hydroizolaci,vodotěsné střešní krytiny a drobnosti,vodotěsná membrána střechy
110610,fluorokarbonová barva,Material,Paint & Coatings,kg,63.1,63.1,63.1,63.1,1,CZK,20.68,0.3278,15,15,建筑工程,"malířské, nátěrové a tapetářské práce",nátěr na dřevěné povrchy,skleněná nástěnná barva
060002,podlahová dlažba 0.16m2 uvnitř,Material,General,m2,208.8,208.8,208.8,208.8,1,CZK,263.93,1.264,15,15,建筑工程,podlahové dokončovací práce,dlažba,
110017,předem namíchaná barva,Material,Paint & Coatings,kg,66.54,66.54,66.54,66.54,1,CZK,1.59,0.024,15,15,建筑工程,"malířské, nátěrové a tapetářské práce",nátěr na dřevěné povrchy,nátěr dřevěné základní desky
100398,ředidlo na fluorokarbonové kovové barvy,Material,Steel & Metal,kg,87.19,87.19,87.19,87.19,1,CZK,4.34,0.0498,15,15,建筑工程,"malířské, nátěrové a tapetářské práce",nátěr na dřevěné povrchy,skleněná nástěnná barva
100397,ředidlo na fluorokarbonové barvy,Material,Paint & Coatings,kg,70.75,70.75,70.75,70.75,1,CZK,1.93,0.0273,15,15,建筑工程,"malířské, nátěrové a tapetářské práce",nátěr na dřevěné povrchy,skleněná nástěnná barva
030010,deska,Material,General,m2,66.16,66.16,66.16,66.16,1,CZK,72.49,1.0958,15,15,建筑工程,"povrchové úpravy stěn a sloupů, příčky a závěsné stěny",čelní stěna,dekorativní deska na stěnu
080184,sádrokartonová deska s papírovým povrchem 12mm,Material,Wood & Timber,m2,48.19,48.19,48.19,48.19,1,CZK,44.97,0.9333,15,15,建筑工程,"povrchové úpravy stěn a sloupů, příčky a závěsné stěny",čelní stěna,dekorativní deska na stěnu
800642,věžový jeřáb 250T M,Equipment,Cranes,machine-shift,4286.57,4286.57,4286.57,4286.57,1,CZK,47.77,0.0111,15,15,建筑工程,přípravné práce a měření na místě,vertikální doprava,vertikální doprava
800578,elektrické práce,Equipment,General,machine-shift,1059.65,1059.65,1059.65,1059.65,1,CZK,2119.31,2.0,15,15,建筑工程,Obecné instalační práce - Sv.11 Komunikační zařízení a vedení,bez elektřiny,
800123,vzduchový kompresor kompozitní,Equipment,Compressors,machine-shift,748.4,748.4,748.4,748.4,1,CZK,513.65,0.6863,15,15,建筑工程,práce se dřevěnými konstrukcemi,konstrukční dřevo,protikorozní nátěr
800641,věžový jeřáb 150T M,Equipment,Cranes,machine-shift,3002.78,3002.78,3002.78,3002.78,1,CZK,53.45,0.0178,15,15,建筑工程,přípravné práce a měření na místě,vertikální doprava,vertikální doprava
090111,s šroubem 20×(85 100),Material,Fasteners,set,9.75,9.75,9.75,9.75,1,CZK,1598.51,163.92,15,15,建筑工程,"Obecné instalační práce - Sv.10 Vodovod, odpad, topení, plyn",výroba a instalace,výroba vodotěsných materiálů
110216,olejová čirá barva,Material,Paint & Coatings,kg,26.77,26.77,26.77,26.77,1,CZK,11.16,0.417,15,15,建筑工程,"malířské, nátěrové a tapetářské práce",nátěr a stříkání,vrstva nátěru na povrchu stěny
310048,samonosná lepící hmota s,Material,General,kusek,13.65,13.65,13.65,13.65,1,CZK,1.87,0.1373,15,15,建筑工程,Obecné instalační práce - Sv.4 Instalace elektrického zařízení,elektrické instalace,elektrické vestavné instalace
080734,dekorativní hliníková deska,Material,General,m2,1606.17,1606.17,1606.17,1606.17,1,CZK,1686.48,1.05,15,15,建筑工程,"povrchové úpravy stěn a sloupů, příčky a závěsné stěny",čelní stěna,dekorativní deska na stěnu
810017,1: 1: 6 kompozitní maltová směs,Material,Concrete & Cement,m3,848.29,848.29,848.29,848.29,1,CZK,2.81,0.0033,15,15,建筑工程,"povrchové úpravy stěn a sloupů, příčky a závěsné stěny",omítání povrchu sloupu (trámu),obecné omítání povrchu nosníků a sloupů
090430,nerezová ocel,Material,Steel & Metal,m,77.25,77.25,77.25,77.25,1,CZK,118.93,1.5396,15,15,建筑工程,práce na dveřích a oknech,sloupec (nosník) čelní,dekorativní povrch sloupu (nosníku)
090340,nerezová deska s povrchem zrcadlový lesk 0.8mm,Material,Steel & Metal,m2,1070.78,1070.78,1070.78,1070.78,1,CZK,1457.49,1.3611,15,15,建筑工程,práce na dveřích a oknech,čelní stěna,dekorativní deska na stěnu
010054,pozinkovaná ocelová trubka 20,Material,Steel & Metal,m,33.73,33.73,33.73,33.73,1,CZK,28.37,0.841,15,15,建筑工程,Obecné instalační práce - Sv.4 Instalace elektrického zařízení,,pozinkovaná ocelová trubka
150035,strip,Material,General,m,7.07,7.07,7.07,7.07,1,CZK,16.84,2.3803,15,15,建筑工程,práce na střeše a hydroizolaci,vodotěsné střešní krytiny a drobnosti,profil a další položky střechy
800651,elektřina obyčejná dvojitá (100 uvnitř),Equipment,General,machine-shift,1079.96,1079.96,1079.96,1079.96,1,CZK,12.57,0.0116,15,15,建筑工程,přípravné práce a měření na místě,vertikální doprava,vertikální doprava
110344,polyuretanový vrchní nátěr,Material,General,kg,133.85,133.85,133.85,133.85,1,CZK,29.82,0.2228,14,14,建筑工程,"malířské, nátěrové a tapetářské práce",barva na kovové povrchy,"kovové dveře, barva na okna"
850089,elektřina JBC,Equipment,General,machine-shift,138.44,138.44,138.44,138.44,1,CZK,632.56,4.5693,14,14,建筑工程,Obecné instalační práce - Sv.4 Instalace elektrického zařízení,výška elektřiny,elektřina
110065,primer,Material,Paint & Coatings,kg,121.23,121.23,121.23,121.23,1,CZK,40.97,0.3379,14,14,建筑工程,"Obecné instalační práce - Sv.12 Malování, protikorozní, tepelná izolace",obdélníkové štětce,vodní deska
110775,adhezní základní nátěr,Material,Paint & Coatings,kg,130.79,130.79,130.79,130.79,1,CZK,34.33,0.2625,14,14,建筑工程,"malířské, nátěrové a tapetářské práce",barva na kovové povrchy,"kovové dveře, barva na okna"
170653,voda 1.5,Material,Water,m,22.95,22.95,22.95,22.95,1,CZK,20.69,0.9019,14,14,建筑工程,přípravné práce a měření na místě,"voda, vodovody",vrt
380095,ocelová trubka 370mm5mm tloušťka,Material,Steel & Metal,m,1223.75,1223.75,1223.75,1223.75,1,CZK,9.74,0.008,14,14,建筑工程,přípravné práce a měření na místě,"voda, vodovody",vrt
810141,polyadhezivní hmota,Material,General,m3,117938.99,117938.99,117938.99,117938.99,1,CZK,443.11,0.0038,14,14,建筑工程,práce na tepelně izolačních a protikorozních systémech,nátěrová vrstva proti korozi,protikorozní lepicí vrstva
810100,polyakrylátové lepidlo typu double A,Material,General,m3,116798.6,116798.6,116798.6,116798.6,1,CZK,438.83,0.0038,14,14,建筑工程,práce na tepelně izolačních a protikorozních systémech,nátěrová vrstva proti korozi,protikorozní lepicí vrstva
110595,"typ tloušťky, ředidlo na skleněný nátěr",Material,Paint & Coatings,kg,95.61,95.61,95.61,95.61,1,CZK,1.38,0.0144,14,14,建筑工程,"malířské, nátěrové a tapetářské práce",barva na kovové povrchy,"kovové dveře, barva na okna"
110597,ředidlo pro nátěrové hmoty,Material,Paint & Coatings,kg,99.43,99.43,99.43,99.43,1,CZK,1.15,0.0116,14,14,建筑工程,"malířské, nátěrové a tapetářské práce",barva na kovové povrchy,"kovové dveře, barva na okna"
110259,nátěr nátěr,Material,General,kg,38.24,38.24,38.24,38.24,1,CZK,4.17,0.1091,14,14,建筑工程,"malířské, nátěrové a tapetářské práce",nátěr a stříkání,vrstva nátěru na povrchu stěny
040058,obyčejný kámen,Material,General,kg,0.23,0.23,0.23,0.23,1,CZK,1.92,8.3764,14,14,建筑工程,"povrchové úpravy stěn a sloupů, příčky a závěsné stěny",omítání,dekorativní omítky na stěny
110594,"tloušťka typ, skleněný nátěr barvy",Material,Paint & Coatings,kg,107.08,107.08,107.08,107.08,1,CZK,25.84,0.2413,14,14,建筑工程,"malířské, nátěrové a tapetářské práce",barva na kovové povrchy,"kovové dveře, barva na okna"
110596,nátěrová barva typu,Material,Paint & Coatings,kg,103.25,103.25,103.25,103.25,1,CZK,14.6,0.1414,14,14,建筑工程,"malířské, nátěrové a tapetářské práce",barva na kovové povrchy,"kovové dveře, barva na okna"
110598,lepicí nátěr,Material,Paint & Coatings,kg,68.84,68.84,68.84,68.84,1,CZK,15.44,0.2242,14,14,建筑工程,"malířské, nátěrové a tapetářské práce",barva na kovové povrchy,"kovové dveře, barva na okna"
110502,lepící vrchní nátěr,Material,General,kg,125.43,125.43,125.43,125.43,1,CZK,40.7,0.3245,14,14,建筑工程,"malířské, nátěrové a tapetářské práce",barva na kovové povrchy,"kovové dveře, barva na okna"
110470,typ akrylátová nátěrová barva na stěny (jednovrstvá) základní nátěr,Material,Paint & Coatings,kg,122.38,122.38,122.38,122.38,1,CZK,16.28,0.133,14,14,建筑工程,"malířské, nátěrové a tapetářské práce",nátěr na dřevěné povrchy,skleněná nástěnná barva
110469,typ akrylátová nátěrová barva na stěny (jednovrstvá),Material,Paint & Coatings,kg,122.38,122.38,122.38,122.38,1,CZK,34.76,0.2841,14,14,建筑工程,"malířské, nátěrové a tapetářské práce",nátěr na dřevěné povrchy,skleněná nástěnná barva
080190,elektrický hliník 25.4×2,Material,General,m,11.43,11.43,11.43,11.43,1,CZK,23.53,2.0582,14,14,建筑工程,"povrchové úpravy stěn a sloupů, příčky a závěsné stěny",čelní stěna,dekorativní deska na stěnu
130038,deska z kamenné vlny,Material,Aggregates,m3,2485.74,2485.74,2485.74,2485.74,1,CZK,121.8,0.049,14,14,建筑工程,práce na tepelně izolačních a protikorozních systémech,práce na stropě,strop
090347,nerezové ocelové madlo 75,Material,Steel & Metal,m,571.72,571.72,571.72,571.72,1,CZK,646.04,1.13,14,14,建筑工程,jiné dekorativní práce,"zábradlí, zábradlí, dekorativní deska zábradlí","kovový zábradlí, zábradlí, deska zábradlí"
091477,šroub T18,Material,Fasteners,m,76.48,76.48,76.48,76.48,1,CZK,1.69,0.022,14,14,建筑工程,přípravné práce a měření na místě,bednění a konzoly pro betonování na místě,sloupec
800609,poly sprejovací stroj,Equipment,General,machine-shift,152.97,152.97,152.97,152.97,1,CZK,0.1,0.0007,14,14,建筑工程,práce na střeše a hydroizolaci,vodotěsné střešní krytiny a drobnosti,nátěr střechy vodotěsný
090068,pozinkovaná matice 12,Material,Fasteners,pcs,1.34,1.34,1.34,1.34,1,CZK,0.54,0.4065,14,14,建筑工程,Obecné instalační práce - Sv.7 Větrání a klimatizace,,"montáž ocelového obdélníkového plechu (1.2mm uvnitř, )"
060028,mramorový kámen,Material,General,m2,34.42,34.42,34.42,34.42,1,CZK,36.21,1.0521,14,14,建筑工程,podlahové dokončovací práce,dlažba,drcená kamenná stěnová plocha (011204002)
110471,polyuretanová nátěrová hmota na stěny (dvojitá),Material,Paint & Coatings,kg,137.67,137.67,137.67,137.67,1,CZK,40.87,0.2969,14,14,建筑工程,"malířské, nátěrové a tapetářské práce",nátěr na dřevěné povrchy,skleněná nástěnná barva
010576,ocelový sloup (dodatečný),Material,Steel & Metal,kg,28.68,28.68,28.68,28.68,1,CZK,6.29,0.2193,14,14,建筑工程,přípravné práce a měření na místě,bednění a konzoly pro betonování na místě,sloupec
090370,madlo 75,Material,General,m,1010.74,1010.74,1010.74,1010.74,1,CZK,1142.14,1.13,14,14,建筑工程,jiné dekorativní práce,"zábradlí, zábradlí, dekorativní deska zábradlí","kovový zábradlí, zábradlí, deska zábradlí"
010070,svářování ocelové trubky 50,Material,Steel & Metal,m,73.04,73.04,73.04,73.04,1,CZK,67.02,0.9176,14,14,建筑工程,práce na střeše a hydroizolaci,vodotěsné střešní krytiny a drobnosti,střecha ()
100097,poly,Material,General,m2,7.88,7.88,7.88,7.88,1,CZK,10.98,1.3938,14,14,建筑工程,práce na střeše a hydroizolaci,vodotěsné střešní krytiny a drobnosti,nátěr střechy vodotěsný
100262,polyuretanový vodotěsný nátěr,Material,Waterproofing,kg,248.57,248.57,248.57,248.57,1,CZK,373.74,1.5036,14,14,建筑工程,práce na střeše a hydroizolaci,vodotěsné střešní krytiny a drobnosti,nátěr střechy vodotěsný
110472,polyuretanová nátěrová hmota na stěny (dvojitá) základní nátěr,Material,Paint & Coatings,kg,127.35,127.35,127.35,127.35,1,CZK,17.0,0.1335,14,14,建筑工程,"malířské, nátěrové a tapetářské práce",nátěr na dřevěné povrchy,skleněná nástěnná barva
110261,povrchová úprava nátěrem,Material,General,kg,68.84,68.84,68.84,68.84,1,CZK,24.94,0.3623,14,14,建筑工程,"malířské, nátěrové a tapetářské práce",nátěr a stříkání,vrstva nátěru na povrchu stěny
110260,nátěr nátěr,Material,General,kg,53.54,53.54,53.54,53.54,1,CZK,11.69,0.2183,14,14,建筑工程,"malířské, nátěrové a tapetářské práce",nátěr a stříkání,vrstva nátěru na povrchu stěny
400032,omítková malta DP-LR,Material,Concrete & Cement,m3,1820.33,1820.33,1820.33,1820.33,1,CZK,5.64,0.0031,14,14,建筑工程,"povrchové úpravy stěn a sloupů, příčky a závěsné stěny",omítání povrchu sloupu (trámu),omítání stěn
800208,18m3/min,Equipment,General,machine-shift,74.57,74.57,74.57,74.57,1,CZK,5.97,0.0801,14,14,建筑工程,"Obecné instalační práce - Sv.12 Malování, protikorozní, tepelná izolace",postřikování,stříkání kamene
091169,pozinkovaný ocelový drát 8,Material,Steel & Metal,kg,25.62,25.62,25.62,25.62,1,CZK,51.44,2.0076,13,13,建筑工程,Obecné instalační práce - Sv.11 Komunikační zařízení a vedení,vrtání,závlahová kůl
090920,betonový hřebík,Material,Concrete & Cement,pcs,19.89,19.89,19.89,19.89,1,CZK,90.28,4.54,13,13,建筑工程,práce na střeše a hydroizolaci,,
110770,běžný ředidlo akrylové barvy,Material,Paint & Coatings,kg,29.83,29.83,29.83,29.83,1,CZK,0.63,0.021,13,13,建筑工程,"malířské, nátěrové a tapetářské práce",nátěr na dřevěné povrchy,skleněná nástěnná barva
110466,běžná akrylátová kovová barva (jednovrstvá),Material,Steel & Metal,kg,135.38,135.38,135.38,135.38,1,CZK,50.17,0.3706,13,13,建筑工程,"malířské, nátěrové a tapetářské práce",nátěr na dřevěné povrchy,skleněná nástěnná barva
110608,běžná akrylová barva,Material,Paint & Coatings,kg,55.45,55.45,55.45,55.45,1,CZK,18.93,0.3413,13,13,建筑工程,"malířské, nátěrové a tapetářské práce",nátěr na dřevěné povrchy,skleněná nástěnná barva
110474,fluorokarbonový nátěr (dvojitý) základní,Material,Paint & Coatings,kg,126.2,126.2,126.2,126.2,1,CZK,17.03,0.135,13,13,建筑工程,"malířské, nátěrové a tapetářské práce",nátěr na dřevěné povrchy,skleněná nástěnná barva
110473,fluorokarbonová barva (dvojitá),Material,Paint & Coatings,kg,114.73,114.73,114.73,114.73,1,CZK,23.02,0.2007,13,13,建筑工程,"malířské, nátěrové a tapetářské práce",nátěr na dřevěné povrchy,skleněná nástěnná barva
110229,lepivý,Material,General,kg,57.36,57.36,57.36,57.36,1,CZK,3.71,0.0646,13,13,建筑工程,"malířské, nátěrové a tapetářské práce",,
110480,bez ředidla na základní nátěr,Equipment,General,kg,68.45,68.45,68.45,68.45,1,CZK,7.38,0.1078,13,13,建筑工程,"malířské, nátěrové a tapetářské práce",barva na kovové povrchy,"kovové dveře, barva na okna"
110492,žádný primer,Equipment,General,kg,115.87,115.87,115.87,115.87,1,CZK,25.98,0.2242,13,13,建筑工程,"malířské, nátěrové a tapetářské práce",barva na kovové povrchy,"kovové dveře, barva na okna"
090467,nerezová ocelová deska 3mm,Material,Steel & Metal,pcs,29.14,29.14,29.14,29.14,1,CZK,243.28,8.3485,13,13,建筑工程,"povrchové úpravy stěn a sloupů, příčky a závěsné stěny",čelní stěna,dekorativní deska na stěnu
110320,uhlí,Material,General,kg,3.9,3.9,3.9,3.9,1,CZK,1.29,0.3308,13,13,建筑工程,práce na tepelně izolačních a protikorozních systémech,antikorozní,izolační vrstva
010065,svářování ocelových trubek 15,Material,Steel & Metal,m,19.5,19.5,19.5,19.5,1,CZK,18.51,0.9492,13,13,建筑工程,Obecné instalační práce - Sv.4 Instalace elektrického zařízení,svařovací ocelová trubka,svařovací ocelová trubka
110592,ředidlo pro těsnicí barvy,Material,Paint & Coatings,kg,49.71,49.71,49.71,49.71,1,CZK,2.53,0.0509,13,13,建筑工程,"malířské, nátěrové a tapetářské práce",barva na kovové povrchy,"kovové dveře, barva na okna"
800347,pásový jeřáb 40t,Equipment,Cranes,machine-shift,4200.91,4200.91,4200.91,4200.91,1,CZK,156.69,0.0373,13,13,建筑工程,přípravné práce a měření na místě,vertikální doprava,vertikální doprava
800117,přítlačný pěch,Equipment,General,machine-shift,37.9,37.9,37.9,37.9,1,CZK,0.81,0.0213,13,13,建筑工程,zemní práce a práce se skalou,záplava,zásyp základů
080025,U-profil z lehké oceli CB50-2,Material,Steel & Metal,pcs,2.41,2.41,2.41,2.41,1,CZK,8.17,3.3907,13,13,建筑工程,práce na stropě,suspendovaný strop,stropní nosník
100090,sklo,Material,Glass,m2,10.71,10.71,10.71,10.71,1,CZK,20.1,1.8775,13,13,建筑工程,práce na střeše a hydroizolaci,"vodotěsné povrchové úpravy stěn, vlhkostní ochrana",vodotěsná povrchová úprava stěn
120061,plastová deska,Material,General,kg,53.54,53.54,53.54,53.54,1,CZK,118.25,2.2088,13,13,建筑工程,"povrchové úpravy stěn a sloupů, příčky a závěsné stěny",sloupec (nosník) čelní,dekorativní povrch sloupu (nosníku)
090447,pozinkovaný železný drát 18 22,Material,Steel & Metal,kg,21.03,21.03,21.03,21.03,1,CZK,85.74,4.0764,13,13,建筑工程,betonové a železobetonové práce,železobetonové práce,dekorativní deska na stěnu
010075,svářená ocelová trubka 150,Material,Steel & Metal,m,276.87,276.87,276.87,276.87,1,CZK,188.49,0.6808,13,13,建筑工程,úprava půdy a podpora svahů,výkop pro základy,sekční ocelová pilotáž
090034,8,Material,General,pcs,0.08,0.08,0.08,0.08,1,CZK,0.75,9.792,13,13,建筑工程,Obecné instalační práce - Sv.6 Automatizace a kontrola instrumentace,a s,
090036,12,Material,General,pcs,0.11,0.11,0.11,0.11,1,CZK,2.41,20.9829,13,13,建筑工程,Obecné instalační práce - Sv.6 Automatizace a kontrola instrumentace,,
070001,dřevěná lišta,Material,Wood & Timber,m,4.86,4.86,4.86,4.86,1,CZK,0.87,0.1784,13,13,建筑工程,podlahové dokončovací práce,vrstva dokončení,dřevěná podlaha
800204,jeřáb 3t,Equipment,Cranes,machine-shift,901.67,901.67,901.67,901.67,1,CZK,1192.67,1.3227,13,13,建筑工程,Obecné instalační práce - Sv.5 Systémy inteligence budov,montáž,
850119,Výška elektřiny IGS CTS-8,Equipment,General,machine-shift,28.3,28.3,28.3,28.3,1,CZK,26.24,0.9273,13,13,建筑工程,Obecné instalační práce - Sv.4 Instalace elektrického zařízení,elektřina,"10kV, jednofázový"
010053,pozinkovaná ocelová trubka 15,Material,Steel & Metal,m,25.93,25.93,25.93,25.93,1,CZK,30.51,1.1765,13,13,建筑工程,Obecné instalační práce - Sv.4 Instalace elektrického zařízení,,pozinkovaná ocelová trubka
110768,tmelící základní nátěr,Material,Paint & Coatings,kg,33.19,33.19,33.19,33.19,1,CZK,4.7,0.1415,12,12,建筑工程,"malířské, nátěrové a tapetářské práce",nátěr na dřevěné povrchy,skleněná nástěnná barva
091445,pant,Material,General,pair,26.77,26.77,26.77,26.77,1,CZK,94.33,3.5237,12,12,建筑工程,jiné dekorativní práce,,
010140,pozinkovaný kulatý prut 10 uvnitř,Material,General,kg,23.14,23.14,23.14,23.14,1,CZK,18.57,0.8026,12,12,建筑工程,Obecné instalační práce - Sv.4 Instalace elektrického zařízení,montáž,výroba a instalace základové desky
091468,pozinkovaný rozpínací šroub 6,Material,Fasteners,set,4.59,4.59,4.59,4.59,1,CZK,18.72,4.08,12,12,建筑工程,Obecné instalační práce - Sv.4 Instalace elektrického zařízení,montáž,
060079,speciálně tvarovaný hotový kámen tloušťky 20mm,Material,General,m2,1338.48,1338.48,1338.48,1338.48,1,CZK,1371.94,1.025,12,12,建筑工程,"povrchové úpravy stěn a sloupů, příčky a závěsné stěny",obklad povrchu sloupu (nosníku),povrch kamenného sloupu
060045,obkladová dlaždice 0.015m2 navíc,Material,General,m2,133.85,133.85,133.85,133.85,1,CZK,126.82,0.9475,12,12,建筑工程,"povrchové úpravy stěn a sloupů, příčky a závěsné stěny",vrstva obkladu stěn,povrch stěny z bloků
110605,alkydový vrchní nátěr na vodní bázi,Material,Water,kg,107.08,107.08,107.08,107.08,1,CZK,13.68,0.1278,12,12,建筑工程,"malířské, nátěrové a tapetářské práce",nátěr na dřevěné povrchy,"dřevěná deska, vláknitá deska, nátěr na strop z překližky"
060093,hotová kamenná deska 5mm,Material,General,m2,1376.72,1376.72,1376.72,1376.72,1,CZK,1381.31,1.0033,12,12,建筑工程,práce na dveřích a oknech,dveře a okno,
120026,s 20×40,Material,General,kusek,20.54,20.54,20.54,20.54,1,CZK,5.78,0.2817,12,12,建筑工程,Obecné instalační práce - Sv.4 Instalace elektrického zařízení,"elektřina, instalace",
830078,"tvarované ocelové bednění (a typ, výška, šroub)",Material,Steel & Metal,m2-day,5.74,5.74,5.74,5.74,1,CZK,32.42,5.6517,12,12,建筑工程,přípravné práce a měření na místě,bednění a konzoly pro betonování na místě,zdiv
080736,dekorativní deska z nerezové oceli,Material,Steel & Metal,m2,611.88,611.88,611.88,611.88,1,CZK,642.47,1.05,12,12,建筑工程,"povrchové úpravy stěn a sloupů, příčky a závěsné stěny",čelní stěna,dekorativní deska na stěnu
080735,dekorativní hliníková deska,Material,General,m2,1720.9,1720.9,1720.9,1720.9,1,CZK,1806.94,1.05,12,12,建筑工程,"povrchové úpravy stěn a sloupů, příčky a závěsné stěny",čelní stěna,dekorativní deska na stěnu
090137,pozinkováno s šroubem 16×(150 250),Material,Fasteners,set,20.04,20.04,20.04,20.04,1,CZK,163.52,8.16,12,12,建筑工程,Obecné instalační práce - Sv.4 Instalace elektrického zařízení,typ elektrické instalace,
110137,nátěr,Material,General,kg,68.84,68.84,68.84,68.84,1,CZK,31.72,0.4608,12,12,建筑工程,"malířské, nátěrové a tapetářské práce",nátěr a stříkání,kovové konstrukční kartáčování a nátěr
800569,kalové čerpadlo 150,Equipment,Pumps,machine-shift,107.08,107.08,107.08,107.08,1,CZK,5.19,0.0485,12,12,建筑工程,úprava půdy a podpora svahů,"voda, vodovody",voda
110104,uhlíkový bitumenový nátěr,Material,Paint & Coatings,kg,54.69,54.69,54.69,54.69,1,CZK,18.34,0.3354,12,12,建筑工程,"Obecné instalační práce - Sv.12 Malování, protikorozní, tepelná izolace",obdélníkové štětce,
110601,vodou ředitelná fluorokarbonová barva,Material,Paint & Coatings,kg,114.73,114.73,114.73,114.73,1,CZK,43.63,0.3803,12,12,建筑工程,"malířské, nátěrové a tapetářské práce",nátěr na dřevěné povrchy,"dřevěná deska, vláknitá deska, nátěr na strop z překližky"
100316,samořezná hydroizolační fólie 1.5mm tloušťka,Material,Waterproofing,m2,172.09,172.09,172.09,172.09,1,CZK,194.66,1.1311,12,12,建筑工程,práce na střeše a hydroizolaci,vodotěsné střešní krytiny a drobnosti,vodotěsná membrána střechy
110185,lepivý,Material,General,kg,25.13,25.13,25.13,25.13,1,CZK,4.7,0.1871,12,12,建筑工程,práce na střeše a hydroizolaci,vodotěsné střešní krytiny a drobnosti,vodotěsná membrána střechy
100375,lepicí hydroizolační membrána () 1.5mm tloušťka,Material,Waterproofing,m2,95.61,95.61,95.61,95.61,1,CZK,107.57,1.1251,12,12,建筑工程,práce na střeše a hydroizolaci,vodotěsné střešní krytiny a drobnosti,vodotěsná membrána střechy
130006,skelná vlna,Material,Glass,m3,803.09,803.09,803.09,803.09,1,CZK,29.41,0.0366,12,12,建筑工程,práce na tepelně izolačních a protikorozních systémech,čelní stěna,dekorativní deska na stěnu
100264,lepidlo vodotěsná vrstva,Material,Waterproofing,kg,66.92,66.92,66.92,66.92,1,CZK,124.57,1.8614,12,12,建筑工程,práce na střeše a hydroizolaci,vodotěsné střešní krytiny a drobnosti,nátěr střechy vodotěsný
810168,malta DM7.5-MR,Material,Concrete & Cement,m3,5506.88,5506.88,5506.88,5506.88,1,CZK,428.19,0.0778,12,12,建筑工程,zděné práce,zděná konstrukce,
100266,poly cement (JS) vodotěsný nátěr,Material,Concrete & Cement,kg,47.04,47.04,47.04,47.04,1,CZK,101.82,2.1646,12,12,建筑工程,práce na střeše a hydroizolaci,vodotěsné střešní krytiny a drobnosti,nátěr střechy vodotěsný
810176,suchý směsný maltový typ,Material,Concrete & Cement,m3,2868.17,2868.17,2868.17,2868.17,1,CZK,37.64,0.0131,12,12,建筑工程,práce na tepelně izolačních a protikorozních systémech,,stěnový povrch
810174,malt,Material,Concrete & Cement,m3,3441.8,3441.8,3441.8,3441.8,1,CZK,98.44,0.0286,12,12,建筑工程,práce na tepelně izolačních a protikorozních systémech,,stěnový povrch
100263,akrylový vodotěsný nátěr,Material,Waterproofing,kg,55.45,55.45,55.45,55.45,1,CZK,129.91,2.3428,12,12,建筑工程,práce na střeše a hydroizolaci,vodotěsné střešní krytiny a drobnosti,nátěr střechy vodotěsný
150015,hliník,Material,General,pcs,1.49,1.49,1.49,1.49,1,CZK,1.49,1.0,12,12,建筑工程,Obecné instalační práce - Sv.9 Ochrana proti požáru,bez sítě,
010067,svářování ocelové trubky 25,Material,Steel & Metal,m,36.98,36.98,36.98,36.98,1,CZK,249.82,6.7555,12,12,建筑工程,práce na pilotách,vrtaná pilotáž,svařovací ocelová trubka
080764,"stěnová, podlahová lepící plocha desky (spára šířky 200mm uvnitř)",Material,General,m,650.12,650.12,650.12,650.12,1,CZK,656.62,1.01,12,12,建筑工程,práce na střeše a hydroizolaci,spojovací dil pohybu,dilatace povrchu stěny
400058,zdicí malta DM5.0,Material,Concrete & Cement,m3,2242.14,2242.14,2242.14,2242.14,1,CZK,742.76,0.3313,12,12,建筑工程,zděné práce,kamenné zdivo,
040057,kámen lomový,Material,General,kg,0.27,0.27,0.27,0.27,1,CZK,540.43,2018.8182,12,12,建筑工程,zděné práce,kamenné zdivo,
010031,běžná ocelová deska 4.1 7,Material,Steel & Metal,kg,17.17,17.17,17.17,17.17,1,CZK,164.13,9.5588,12,12,建筑工程,Obecné instalační práce - Sv.7 Větrání a klimatizace,montáž držáků a výroba,montáž výroby držáků
090269,pozinkovaný hřebík,Material,Fasteners,kg,39.39,39.39,39.39,39.39,1,CZK,1.41,0.0358,12,12,建筑工程,Obecné instalační práce - Sv.7 Větrání a klimatizace,,
080765,"stěnová, podlahová lepící plocha desky (spára 200mm přesah)",Material,General,m,726.6,726.6,726.6,726.6,1,CZK,733.87,1.01,12,12,建筑工程,práce na střeše a hydroizolaci,spojovací dil pohybu,dilatace povrchu stěny
120050,dekorativní deska 0.8mm,Material,General,m2,239.01,239.01,239.01,239.01,1,CZK,342.32,1.4322,12,12,建筑工程,"povrchové úpravy stěn a sloupů, příčky a závěsné stěny",čelní stěna,dekorativní deska na stěnu
800281,s jednorázovým výkopem zeminy 1.0m3,Equipment,General,machine-shift,3495.34,3495.34,3495.34,3495.34,1,CZK,13.28,0.0038,12,12,建筑工程,zemní práce a práce se skalou,"voda, vodovody",výkopové práce obecné zemní
070002,pás z hliníkové slitiny,Material,General,m,17.55,17.55,17.55,17.55,1,CZK,5.34,0.3042,12,12,建筑工程,podlahové dokončovací práce,dlažba,základ
040023,kámen,Material,General,kg,0.88,0.88,0.88,0.88,1,CZK,216.06,245.6431,12,12,建筑工程,zemní práce a práce se skalou,záplava,zpětné zásypy
110663,cement bonding waterproof coating,Material,Concrete & Cement,kg,68.84,68.84,68.84,68.84,1,CZK,116.4,1.691,12,12,建筑工程,práce na střeše a hydroizolaci,"vodotěsné povrchové úpravy stěn, vlhkostní ochrana",vodotěsná povrchová úprava stěn
030090,deska,Material,General,m2,47.04,47.04,47.04,47.04,1,CZK,49.74,1.0575,12,12,建筑工程,práce na střeše a hydroizolaci,vodotěsné střešní krytiny a drobnosti,střecha ()
400042,povrchová malta DBI,Material,Concrete & Cement,m3,14952.71,14952.71,14952.71,14952.71,1,CZK,36.53,0.0024,12,12,建筑工程,práce na střeše a hydroizolaci,vodotěsná ochranná vrstva,strop
030070,deska,Material,General,m2,248.57,248.57,248.57,248.57,1,CZK,471.67,1.8975,12,12,建筑工程,"povrchové úpravy stěn a sloupů, příčky a závěsné stěny",čelní stěna,dekorativní deska na stěnu
130101,voda,Material,Water,kg,95.61,95.61,95.61,95.61,1,CZK,4.05,0.0424,12,12,建筑工程,práce na tepelně izolačních a protikorozních systémech,,stěnový povrch
080763,"stěnová, podlahová lepící plocha desky (spára šířky 100mm uvnitř)",Material,General,m,611.88,611.88,611.88,611.88,1,CZK,617.99,1.01,12,12,建筑工程,práce na střeše a hydroizolaci,spojovací dil pohybu,dilatace povrchu stěny
090067,pozinkovaná matice 10,Material,Fasteners,pcs,0.54,0.54,0.54,0.54,1,CZK,1.59,2.9718,12,12,建筑工程,Obecné instalační práce - Sv.7 Větrání a klimatizace,montáž,"montáž ocelového obdélníkového plechu (1.2mm uvnitř, )"
080280,strip,Material,General,m,30.59,30.59,30.59,30.59,1,CZK,11.47,0.375,12,12,建筑工程,"povrchové úpravy stěn a sloupů, příčky a závěsné stěny",práce na zasklených stěnách,skleněná záclonová stěna
050032,ocelové lepidlo na sklo,Material,Steel & Metal,m2,1529.69,1529.69,1529.69,1529.69,1,CZK,1569.74,1.0262,12,12,建筑工程,"povrchové úpravy stěn a sloupů, příčky a závěsné stěny",práce na zasklených stěnách,skleněná záclonová stěna
080116,T typ lehký ocelový nosník TB-1X,Material,Steel & Metal,pcs,1.45,1.45,1.45,1.45,1,CZK,2.85,1.9638,12,12,建筑工程,práce na stropě,suspendovaný strop,stropní nosník
150166,(),Material,General,pcs,29.1,29.1,29.1,29.1,1,CZK,29.68,1.02,12,12,建筑工程,Obecné instalační práce - Sv.5 Systémy inteligence budov,montáž,elektřina
800154,AC svářečka 40kVA,Equipment,Welding Equip.,machine-shift,66.16,66.16,66.16,66.16,1,CZK,12.63,0.1909,12,12,建筑工程,betonové a železobetonové práce,železobetonové práce,hydroizolační páska
080730,kyslík,Material,Chemicals,m,14.61,14.61,14.61,14.61,1,CZK,4.97,0.34,12,12,建筑工程,Obecné instalační práce - Sv.5 Systémy inteligence budov,,
100273,modifikovaná bitumenová polyizolační membrána (samoopalovací) tloušťka 3mm,Material,Waterproofing,m2,137.67,137.67,137.67,137.67,1,CZK,169.05,1.2279,12,12,建筑工程,práce na střeše a hydroizolaci,vodotěsné střešní krytiny a drobnosti,vodotěsná membrána střechy
080188,deska,Material,General,m2,130.79,130.79,130.79,130.79,1,CZK,136.8,1.046,12,12,建筑工程,"povrchové úpravy stěn a sloupů, příčky a závěsné stěny",čelní stěna,dekorativní deska na stěnu
010056,pozinkovaná ocelová trubka 32,Material,Steel & Metal,m,62.72,62.72,62.72,62.72,1,CZK,64.36,1.0262,12,12,建筑工程,Obecné instalační práce - Sv.4 Instalace elektrického zařízení,,pozinkovaná ocelová trubka
130041,skelná vlákna deska,Material,Glass,m3,2523.99,2523.99,2523.99,2523.99,1,CZK,121.66,0.0482,12,12,建筑工程,práce na tepelně izolačních a protikorozních systémech,,strop
110600,vodou ředitelný polyuretanový vrchní nátěr na dřevo,Material,Wood & Timber,kg,62.33,62.33,62.33,62.33,1,CZK,8.35,0.1339,12,12,建筑工程,"malířské, nátěrové a tapetářské práce",nátěr na dřevěné povrchy,"dřevěná deska, vláknitá deska, nátěr na strop z překližky"
090178,4,Material,General,set,0.57,0.57,0.57,0.57,1,CZK,1.18,2.06,11,11,建筑工程,"Obecné instalační práce - Sv.10 Vodovod, odpad, topení, plyn","voda, voda",elektroinstalace a vodoinstalace
800522,600T piloty,Equipment,General,machine-shift,11685.29,11685.29,11685.29,11685.29,1,CZK,251.23,0.0215,11,11,建筑工程,práce na pilotách,,
850107,elektřina JH5132,Equipment,General,machine-shift,49.71,49.71,49.71,49.71,1,CZK,49.71,1.0,11,11,建筑工程,Obecné instalační práce - Sv.4 Instalace elektrického zařízení,elektřina,elektřina
010073,svářování ocelové trubky 100,Material,Steel & Metal,m,165.21,165.21,165.21,165.21,1,CZK,154.39,0.9345,11,11,建筑工程,Obecné instalační práce - Sv.4 Instalace elektrického zařízení,svařovací ocelová trubka,svařovací ocelová trubka
090860,pozinkovaný rozpínací šroub M12×110,Material,Fasteners,set,2.98,2.98,2.98,2.98,1,CZK,6.26,2.0975,11,11,建筑工程,Obecné instalační práce - Sv.9 Ochrana proti požáru,bez sítě,
130020,poly deska 50,Material,General,m2,84.13,84.13,84.13,84.13,1,CZK,45.43,0.54,11,11,建筑工程,práce na střeše a hydroizolaci,spojovací dil pohybu,vyplňování spár
090550,rozpěrný šroub (kompozitní),Material,Fasteners,set,9.1,9.1,9.1,9.1,1,CZK,42.76,4.6982,11,11,建筑工程,"povrchové úpravy stěn a sloupů, příčky a závěsné stěny",sloupec (nosník) čelní,dekorativní povrch sloupu (nosníku)
460101,"B0, A0",Material,General,kusek,611.88,611.88,611.88,611.88,1,CZK,68.22,0.1115,11,11,建筑工程,Obecné instalační práce - Sv.5 Systémy inteligence budov,,montáž
100115,oboustranné lepidlo s,Material,General,m,8.83,8.83,8.83,8.83,1,CZK,43.26,4.8973,11,11,建筑工程,"povrchové úpravy stěn a sloupů, příčky a závěsné stěny",čelní stěna,dekorativní deska na stěnu
090691,nerezová ocel 0.8mm,Material,Steel & Metal,m2,1214.19,1214.19,1214.19,1214.19,1,CZK,1175.66,0.9683,11,11,建筑工程,práce na střeše a hydroizolaci,vodotěsné střešní krytiny a drobnosti,střešní voda
800121,betonový míchač 500L,Equipment,General,machine-shift,61.95,61.95,61.95,61.95,1,CZK,0.5,0.0081,11,11,建筑工程,betonové a železobetonové práce,betonová vrstva pro vyrovnání podkladního betonu,vrstva podkladního betonu
850078,modelování,Equipment,General,machine-shift,1355.42,1355.42,1355.42,1355.42,1,CZK,373.71,0.2757,11,11,建筑工程,Obecné instalační práce - Sv.11 Komunikační zařízení a vedení,modelování,
350049,dvojité tvarování 0.5mm,Material,General,m,8.34,8.34,8.34,8.34,1,CZK,510.4,61.2225,11,11,建筑工程,Obecné instalační práce - Sv.11 Komunikační zařízení a vedení,modelování,
060059,stěnová deska,Material,General,m2,344.18,344.18,344.18,344.18,1,CZK,329.72,0.958,11,11,建筑工程,"povrchové úpravy stěn a sloupů, příčky a závěsné stěny",vrstva obkladu stěn,povrch stěny z bloků
030017,dřevěná podlaha,Material,Wood & Timber,m2,171.71,171.71,171.71,171.71,1,CZK,180.29,1.05,11,11,建筑工程,podlahové dokončovací práce,dlažba,dřevěná podlaha
090275,železné příslušenství,Material,Steel & Metal,kg,16.44,16.44,16.44,16.44,1,CZK,11.82,0.7186,11,11,建筑工程,práce se dřevěnými konstrukcemi,konstrukční dřevo,
300109,podlahové lišty 12×100,Material,General,pcs,14.88,14.88,14.88,14.88,1,CZK,29.75,2.0,11,11,建筑工程,Obecné instalační práce - Sv.11 Komunikační zařízení a vedení,,instalace zemních a dalších položek
090184,cementový hřebík,Material,Concrete & Cement,kg,37.48,37.48,37.48,37.48,1,CZK,1.99,0.053,11,11,建筑工程,podlahové dokončovací práce,vrstva dokončení,základ
800395,power buggy 1t,Equipment,General,machine-shift,482.23,482.23,482.23,482.23,1,CZK,33.34,0.0691,11,11,建筑工程,úprava půdy a podpora svahů,vrtaná pilotáž,
040072,kámen,Material,General,kg,0.19,0.19,0.19,0.19,1,CZK,2.3,12.044,11,11,建筑工程,"povrchové úpravy stěn a sloupů, příčky a závěsné stěny",omítání,dekorativní omítky na stěny
090229,pozinkovaná plochá ocel,Material,Steel & Metal,kg,15.45,15.45,15.45,15.45,1,CZK,7.85,0.5083,11,11,建筑工程,Obecné instalační práce - Sv.4 Instalace elektrického zařízení,sítka,
800001,autojeřáb 5t,Equipment,Cranes,machine-shift,1199.66,1199.66,1199.66,1199.66,1,CZK,381.71,0.3182,11,11,建筑工程,Obecné instalační práce - Sv.4 Instalace elektrického zařízení,montáž,
010071,svářování ocelové trubky 70,Material,Steel & Metal,m,100.19,100.19,100.19,100.19,1,CZK,98.28,0.9809,11,11,建筑工程,Obecné instalační práce - Sv.4 Instalace elektrického zařízení,svařovací ocelová trubka,svařovací ocelová trubka
010074,svářování ocelové trubky 125,Material,Steel & Metal,m,230.6,230.6,230.6,230.6,1,CZK,226.72,0.9832,11,11,建筑工程,Obecné instalační práce - Sv.4 Instalace elektrického zařízení,svařovací ocelová trubka,svařovací ocelová trubka
850037,2Mb/s,Equipment,General,machine-shift,402.12,402.12,402.12,402.12,1,CZK,522.75,1.3,11,11,建筑工程,Obecné instalační práce - Sv.11 Komunikační zařízení a vedení,(),
110030,tmel,Material,General,kg,34.42,34.42,34.42,34.42,1,CZK,17.04,0.4952,11,11,建筑工程,"malířské, nátěrové a tapetářské práce",barva na kovové povrchy,"kovový povrch, ocelová konstrukční barva"
850085,622Mb/s,Equipment,General,machine-shift,3169.44,3169.44,3169.44,3169.44,1,CZK,2807.22,0.8857,11,11,建筑工程,Obecné instalační práce - Sv.11 Komunikační zařízení a vedení,(),
110021,fenolický antikorozní nátěr,Material,Paint & Coatings,kg,46.66,46.66,46.66,46.66,1,CZK,8.9,0.1908,11,11,建筑工程,Obecné instalační práce - Sv.6 Automatizace a kontrola instrumentace,obdélníkové štětce,
280397,zemní formovací deska,Material,General,set,63.48,63.48,63.48,63.48,1,CZK,64.12,1.01,11,11,建筑工程,Obecné instalační práce - Sv.11 Komunikační zařízení a vedení,,instalace zemních a dalších položek
350224,lišta 7×1.2,Material,General,kg,120.46,120.46,120.46,120.46,1,CZK,24.09,0.2,11,11,建筑工程,Obecné instalační práce - Sv.11 Komunikační zařízení a vedení,,instalace zemních a dalších položek
090479,hliník,Material,General,m,11.13,11.13,11.13,11.13,1,CZK,83.59,7.5111,11,11,建筑工程,"povrchové úpravy stěn a sloupů, příčky a závěsné stěny",příčka,příčka
040052,kámen,Material,General,kg,0.23,0.23,0.23,0.23,1,CZK,515.12,2245.0,11,11,建筑工程,zemní práce a práce se skalou,záplava,zásyp základů
110201,emulzní barva,Material,Paint & Coatings,kg,61.19,61.19,61.19,61.19,1,CZK,45.89,0.75,11,11,建筑工程,"malířské, nátěrové a tapetářské práce",nátěr a stříkání,vrstva nátěru na povrchu stěny
090305,dekorativní hřebík,Material,Fasteners,kg,51.24,51.24,51.24,51.24,1,CZK,2.68,0.0523,11,11,建筑工程,"povrchové úpravy stěn a sloupů, příčky a závěsné stěny",příčka,příčka
090123,pozinkováno s šroubem 8×(110 120),Material,Fasteners,set,2.68,2.68,2.68,2.68,1,CZK,14.47,5.4036,11,11,建筑工程,Obecné instalační práce - Sv.5 Systémy inteligence budov,elektrické instalace,montáž
091088,pozinkovaný dřevěný hřebík 4×50,Material,Wood & Timber,pcs,0.23,0.23,0.23,0.23,1,CZK,0.86,3.7511,11,11,建筑工程,Obecné instalační práce - Sv.5 Systémy inteligence budov,montáž,
110303,lepivý,Material,General,kg,13.61,13.61,13.61,13.61,1,CZK,6.93,0.5092,11,11,建筑工程,betonové a železobetonové práce,betonové konstrukce na místě,vyplňování spár
810093,vodní silikonové těsnění,Material,Water,m3,11143.82,11143.82,11143.82,11143.82,1,CZK,90.54,0.0081,11,11,建筑工程,práce na tepelně izolačních a protikorozních systémech,nátěrová vrstva proti korozi,vrstva proti korozi na čelní straně bloku
090881,pozinkováno s šroubem M16×(70 75),Material,Fasteners,set,5.74,5.74,5.74,5.74,1,CZK,1.18,0.206,11,11,建筑工程,Obecné instalační práce - Sv.9 Ochrana proti požáru,bez sítě,
010057,pozinkovaná ocelová trubka 40,Material,Steel & Metal,m,74.19,74.19,74.19,74.19,1,CZK,76.11,1.0259,11,11,建筑工程,Obecné instalační práce - Sv.4 Instalace elektrického zařízení,,pozinkovaná ocelová trubka
350037,lišta BV-1.0,Material,General,m,2.98,2.98,2.98,2.98,1,CZK,38.65,12.9564,11,11,建筑工程,Obecné instalační práce - Sv.9 Ochrana proti požáru,voda,
100032,bitumenová lepidla,Material,Waterproofing,m3,8071.78,8071.78,8071.78,8071.78,1,CZK,48.63,0.006,11,11,建筑工程,práce na tepelně izolačních a protikorozních systémech,nátěrová vrstva proti korozi,vrstva proti korozi na čelní straně bloku
010059,pozinkovaná ocelová trubka 70,Material,Steel & Metal,m,127.35,127.35,127.35,127.35,1,CZK,140.25,1.1014,11,11,建筑工程,Obecné instalační práce - Sv.4 Instalace elektrického zařízení,,elektrické montážní práce
040024,uhlí,Material,General,kg,0.23,0.23,0.23,0.23,1,CZK,17.76,77.386,11,11,建筑工程,úprava půdy a podpora svahů,,
800392,elektrický zhutňovač 20 62kg/m,Equipment,General,machine-shift,51.63,51.63,51.63,51.63,1,CZK,1.6,0.031,11,11,建筑工程,zemní práce a práce se skalou,záplava,zásyp základů
110153,lepidlo 325 200g,Material,General,láhev,95.61,95.61,95.61,95.61,1,CZK,29.2,0.3055,11,11,建筑工程,Obecné instalační práce - Sv.9 Ochrana proti požáru,bez sítě,
850126,výška,Equipment,General,machine-shift,59.28,59.28,59.28,59.28,1,CZK,220.74,3.724,10,10,建筑工程,Obecné instalační práce - Sv.4 Instalace elektrického zařízení,elektřina,elektřina
810094,lepivý,Material,General,m3,82123.24,82123.24,82123.24,82123.24,1,CZK,576.92,0.007,10,10,建筑工程,práce na tepelně izolačních a protikorozních systémech,nátěrová vrstva proti korozi,vrstva proti korozi na čelní straně bloku
080198,hliníková slitina pásková deska,Material,General,m2,344.18,344.18,344.18,344.18,1,CZK,330.4,0.96,10,10,建筑工程,"povrchové úpravy stěn a sloupů, příčky a závěsné stěny",čelní stěna,dekorativní deska na stěnu
030013,dřevěná deska,Material,Wood & Timber,m2,50.48,50.48,50.48,50.48,1,CZK,52.75,1.045,10,10,建筑工程,"povrchové úpravy stěn a sloupů, příčky a závěsné stěny",čelní stěna,dekorativní deska na stěnu
100465,SBS modifikovaná asfaltová hydroizolační membrána () 3mm,Material,Waterproofing,m2,107.08,107.08,107.08,107.08,1,CZK,131.48,1.2279,10,10,建筑工程,práce na střeše a hydroizolaci,vodotěsné střešní krytiny a drobnosti,vodotěsná membrána střechy
120049,PVC dekorativní deska 1.25mm,Material,General,m2,93.69,93.69,93.69,93.69,1,CZK,102.64,1.0955,10,10,建筑工程,"povrchové úpravy stěn a sloupů, příčky a závěsné stěny",čelní stěna,dekorativní deska na stěnu
080026,Ocel U profil CB50-2A,Material,Steel & Metal,pcs,1.3,1.3,1.3,1.3,1,CZK,4.45,3.4257,10,10,建筑工程,práce na stropě,stropní dekorace,s
810178,dodatečná malta,Material,Concrete & Cement,m3,1720.9,1720.9,1720.9,1720.9,1,CZK,6.6,0.0038,10,10,建筑工程,"povrchové úpravy stěn a sloupů, příčky a závěsné stěny",omítání povrchu sloupu (trámu),obecné omítání povrchu nosníků a sloupů
110293,nátěr,Material,General,kg,84.9,84.9,84.9,84.9,1,CZK,18.43,0.2171,10,10,建筑工程,"malířské, nátěrové a tapetářské práce",nátěr a stříkání,vrstva nátěru na povrchu stěny
850217,HD-260,Equipment,General,machine-shift,510.72,510.72,510.72,510.72,1,CZK,552.72,1.0822,10,10,建筑工程,Obecné instalační práce - Sv.6 Automatizace a kontrola instrumentace,,
850220,dvojité tvarování H6 0.1,Equipment,General,machine-shift,478.3,478.3,478.3,478.3,1,CZK,642.51,1.3433,10,10,建筑工程,Obecné instalační práce - Sv.6 Automatizace a kontrola instrumentace,síť a,sítka
010026,běžná ocelová deska 1 1.5,Material,Steel & Metal,kg,21.95,21.95,21.95,21.95,1,CZK,342.05,15.5825,10,10,建筑工程,Obecné instalační práce - Sv.6 Automatizace a kontrola instrumentace,výroba a instalace,
850212,elektřina ZX-25a,Equipment,General,machine-shift,35.64,35.64,35.64,35.64,1,CZK,3.3,0.0925,10,10,建筑工程,Obecné instalační práce - Sv.6 Automatizace a kontrola instrumentace,,
091067,sítka,Material,General,m2,30.59,30.59,30.59,30.59,1,CZK,32.12,1.05,10,10,建筑工程,"povrchové úpravy stěn a sloupů, příčky a závěsné stěny",,dekorativní omítky na stěny
110607,olejový penetrační základ,Material,Paint & Coatings,kg,59.28,59.28,59.28,59.28,1,CZK,5.48,0.0925,10,10,建筑工程,"malířské, nátěrové a tapetářské práce",nátěr na dřevěné povrchy,skleněná nástěnná barva
090408,pozinkovaný 50,Material,General,pcs,14.38,14.38,14.38,14.38,1,CZK,25.81,1.7948,10,10,建筑工程,jiné dekorativní práce,"zábradlí, zábradlí, dekorativní deska zábradlí","kovový zábradlí, zábradlí, deska zábradlí"
090462,pozinkovaná ocelová drátěná síť,Material,Steel & Metal,m2,29.64,29.64,29.64,29.64,1,CZK,32.14,1.0845,10,10,建筑工程,práce na střeše a hydroizolaci,,stěnový povrch
110012,nát na základovou desku,Material,Paint & Coatings,kg,53.54,53.54,53.54,53.54,1,CZK,9.29,0.1734,10,10,建筑工程,"malířské, nátěrové a tapetářské práce",nátěr na dřevěné povrchy,nátěr dřevěné základní desky
110130,nátěr,Material,Paint & Coatings,kg,84.13,84.13,84.13,84.13,1,CZK,25.96,0.3086,10,10,建筑工程,"malířské, nátěrové a tapetářské práce",barva na kovové povrchy,"kovový povrch, ocelová konstrukční barva"
110013,lak na vodní bázi pro podlahu,Material,Paint & Coatings,kg,95.61,95.61,95.61,95.61,1,CZK,9.92,0.1037,10,10,建筑工程,"malířské, nátěrové a tapetářské práce",nátěr na dřevěné povrchy,nátěr dřevěné základní desky
110131,nátěr,Material,Paint & Coatings,kg,57.36,57.36,57.36,57.36,1,CZK,1.98,0.0346,10,10,建筑工程,"malířské, nátěrové a tapetářské práce",barva na kovové povrchy,"kovový povrch, ocelová konstrukční barva"
090345,nerezová ocel 50,Material,Steel & Metal,pcs,84.52,84.52,84.52,84.52,1,CZK,114.39,1.3535,10,10,建筑工程,jiné dekorativní práce,"zábradlí, zábradlí, dekorativní deska zábradlí","kovový zábradlí, zábradlí, deska zábradlí"
050013,sklo 8mm,Material,Glass,m2,172.09,172.09,172.09,172.09,1,CZK,217.35,1.263,10,10,建筑工程,jiné dekorativní práce,,rám
360045,lišta 25 lišta,Material,General,kus,56.6,56.6,56.6,56.6,1,CZK,228.66,4.04,10,10,建筑工程,Obecné instalační práce - Sv.11 Komunikační zařízení a vedení,elektrické vedení,elektrické vedení
110772,ředidlo akrylové polyuretanové kovové barvy,Material,Steel & Metal,kg,39.01,39.01,39.01,39.01,1,CZK,1.01,0.0258,10,10,建筑工程,"malířské, nátěrové a tapetářské práce",nátěr na dřevěné povrchy,skleněná nástěnná barva
280559,modelování,Material,General,pcs,3.06,3.06,3.06,3.06,1,CZK,624.11,204.0,10,10,建筑工程,Obecné instalační práce - Sv.11 Komunikační zařízení a vedení,elektrické vedení,elektrické vedení
800068,C15,Equipment,General,machine-shift,13.42,13.42,13.42,13.42,1,CZK,2.01,0.15,10,10,建筑工程,Obecné instalační práce - Sv.11 Komunikační zařízení a vedení,elektrické vedení,elektrické vedení
010173,ocelová trubka,Material,Steel & Metal,m,116.26,116.26,116.26,116.26,1,CZK,28.06,0.2413,10,10,建筑工程,podlahové dokončovací práce,vrstva dokončení schodiště,kovové nástěnné madlo
090799,60%,Material,General,kg,310.53,310.53,310.53,310.53,1,CZK,120.48,0.388,10,10,建筑工程,Obecné instalační práce - Sv.11 Komunikační zařízení a vedení,(síť) samostatný (DTU NTU),
010141,pozinkovaný kulatý prut 10 nad,Material,General,kg,23.56,23.56,23.56,23.56,1,CZK,48.8,2.0716,10,10,建筑工程,Obecné instalační práce - Sv.4 Instalace elektrického zařízení,sítka,závlahová kůl
090335,dřevo,Material,Wood & Timber,pcs,11.47,11.47,11.47,11.47,1,CZK,39.42,3.4364,10,10,建筑工程,jiné dekorativní práce,,dřevo
100019,lepidlo 15,Material,General,m,22.26,22.26,22.26,22.26,1,CZK,14.57,0.6548,10,10,建筑工程,"Obecné instalační práce - Sv.10 Vodovod, odpad, topení, plyn",vodoinstalace,
800652,elektřina obyčejná dvojitá (200 uvnitř),Equipment,General,machine-shift,1515.16,1515.16,1515.16,1515.16,1,CZK,12.55,0.0083,10,10,建筑工程,přípravné práce a měření na místě,vertikální doprava,vertikální doprava
060026,deska (deska),Material,General,m2,152.97,152.97,152.97,152.97,1,CZK,159.47,1.0425,10,10,建筑工程,"povrchové úpravy stěn a sloupů, příčky a závěsné stěny",čelní stěna,dekorativní deska na stěnu
090593,zinkovaná,Material,General,set,15.41,15.41,15.41,15.41,1,CZK,53.2,3.452,10,10,建筑工程,Obecné instalační práce - Sv.4 Instalace elektrického zařízení,modelování,montáž
010068,svářování ocelové trubky 32,Material,Steel & Metal,m,47.8,47.8,47.8,47.8,1,CZK,45.51,0.952,10,10,建筑工程,Obecné instalační práce - Sv.4 Instalace elektrického zařízení,svařovací ocelová trubka,svařovací ocelová trubka
120169,polyuretan,Material,General,m3,2676.95,2676.95,2676.95,2676.95,1,CZK,0.43,0.0002,10,10,建筑工程,práce na tepelně izolačních a protikorozních systémech,,podlaha
800023,vzduchový kompresor 1m3/min,Equipment,Compressors,machine-shift,64.25,64.25,64.25,64.25,1,CZK,33.42,0.5202,10,10,建筑工程,zemní práce a práce se skalou,skalní práce,
110434,kámen,Material,General,kg,23.71,23.71,23.71,23.71,1,CZK,55.16,2.3262,10,10,建筑工程,"povrchové úpravy stěn a sloupů, příčky a závěsné stěny",omítání,obecné omítky
800213,vodní čerpadlo 100,Equipment,Pumps,machine-shift,56.6,56.6,56.6,56.6,1,CZK,11.62,0.2052,10,10,建筑工程,"Obecné instalační práce - Sv.10 Vodovod, odpad, topení, plyn",,
810142,lepivý,Material,General,m3,53832.03,53832.03,53832.03,53832.03,1,CZK,376.82,0.007,10,10,建筑工程,práce na tepelně izolačních a protikorozních systémech,nátěrová vrstva proti korozi,vrstva proti korozi na čelní straně bloku
850098,elektřina YY2814,Equipment,General,machine-shift,61.57,61.57,61.57,61.57,1,CZK,157.0,2.55,10,10,建筑工程,Obecné instalační práce - Sv.4 Instalace elektrického zařízení,výška elektřiny,elektřina
091469,páska 2.5,Material,General,kg,841.33,841.33,841.33,841.33,1,CZK,432.02,0.5135,10,10,建筑工程,"Obecné instalační práce - Sv.10 Vodovod, odpad, topení, plyn",montáž,
800643,věžový jeřáb 300T M,Equipment,Cranes,machine-shift,4996.73,4996.73,4996.73,4996.73,1,CZK,47.57,0.0095,10,10,建筑工程,přípravné práce a měření na místě,vertikální doprava,vertikální doprava
350217,lišta BVR-16mm,Material,General,m,45.51,45.51,45.51,45.51,1,CZK,96.98,2.131,10,10,建筑工程,Obecné instalační práce - Sv.11 Komunikační zařízení a vedení,modelování,montáž rámu formy
180019,pozinkovaný spoj 20,Material,General,pcs,14.91,14.91,14.91,14.91,1,CZK,17.22,1.1543,10,10,建筑工程,Obecné instalační práce - Sv.5 Systémy inteligence budov,voda,voda ()
130876,pozinkovaná ocelová síťová deska,Material,Steel & Metal,m2,26.77,26.77,26.77,26.77,1,CZK,25.43,0.95,10,10,建筑工程,Obecné instalační práce - Sv.7 Větrání a klimatizace,výroba a montáž kovové sítě (030703007 030703010),
050001,sklo 5mm,Material,Glass,m2,76.48,76.48,76.48,76.48,1,CZK,162.23,2.1211,10,10,建筑工程,"povrchové úpravy stěn a sloupů, příčky a závěsné stěny",příčka,skleněná příčka
810025,1: 0.5: 3 kompozitní malta,Material,Concrete & Cement,m3,1026.69,1026.69,1026.69,1026.69,1,CZK,4.14,0.004,10,10,建筑工程,"povrchové úpravy stěn a sloupů, příčky a závěsné stěny",,
800040,deska 6.3×2000,Equipment,General,machine-shift,88.34,88.34,88.34,88.34,1,CZK,0.32,0.0036,10,10,建筑工程,Obecné instalační práce - Sv.7 Větrání a klimatizace,,
010072,svařování ocelových trubek 80,Material,Steel & Metal,m,126.2,126.2,126.2,126.2,1,CZK,119.05,0.9433,9,9,建筑工程,Obecné instalační práce - Sv.4 Instalace elektrického zařízení,svařovací ocelová trubka,svařovací ocelová trubka
090268,hřebík 4,Material,Fasteners,set,0.31,0.31,0.31,0.31,1,CZK,0.67,2.194,9,9,建筑工程,pracovní konstrukce z kovu,"ocelová deska podlahy, stěnová deska",
090122,pozinkováno s šroubem 8×(85 100),Material,Fasteners,set,2.49,2.49,2.49,2.49,1,CZK,56.61,22.7733,9,9,建筑工程,Obecné instalační práce - Sv.4 Instalace elektrického zařízení,montáž,montáž
100389,těsnicí páska,Material,General,m,57.36,57.36,57.36,57.36,1,CZK,6.79,0.1184,9,9,建筑工程,"povrchové úpravy stěn a sloupů, příčky a závěsné stěny",čelní stěna,dekorativní deska na stěnu
091463,nerezová ocel,Material,Steel & Metal,kg,91.78,91.78,91.78,91.78,1,CZK,19.07,0.2078,9,9,建筑工程,"povrchové úpravy stěn a sloupů, příčky a závěsné stěny",čelní stěna,dekorativní deska na stěnu
010069,svářování ocelové trubky 40,Material,Steel & Metal,m,57.36,57.36,57.36,57.36,1,CZK,54.11,0.9433,9,9,建筑工程,Obecné instalační práce - Sv.4 Instalace elektrického zařízení,svařovací ocelová trubka,svařovací ocelová trubka
150085,modelování,Material,General,pcs,260.05,260.05,260.05,260.05,1,CZK,1.63,0.0063,9,9,建筑工程,pracovní konstrukce z kovu,kovové spojování konstrukcí,
110559,PE tloušťka 0.3mm,Material,General,m2,14.53,14.53,14.53,14.53,1,CZK,9.63,0.6625,9,9,建筑工程,práce na střeše a hydroizolaci,vodotěsné střešní krytiny a drobnosti,profil a další položky střechy
110197,nátěr,Material,General,kg,76.48,76.48,76.48,76.48,1,CZK,2.71,0.0354,9,9,建筑工程,Obecné instalační práce - Sv.4 Instalace elektrického zařízení,sítka,výroba
130887,tloušťka),Material,General,m2,764.84,764.84,764.84,764.84,1,CZK,792.89,1.0367,9,9,建筑工程,práce na střeše a hydroizolaci,vodotěsné střešní krytiny a drobnosti,profil a další položky střechy
030016,pruh desky 1000×30×8,Material,General,100 pcs,60.81,60.81,60.81,60.81,1,CZK,1.28,0.098,9,9,建筑工程,práce se dřevěnými konstrukcemi,střešní dřevěný podklad,vrstva stropního povrchu
800640,věžový jeřáb 100T M,Equipment,Cranes,machine-shift,2398.55,2398.55,2398.55,2398.55,1,CZK,46.48,0.0194,9,9,建筑工程,přípravné práce a měření na místě,vertikální doprava,vertikální doprava
800172,pásový jeřáb 25t,Equipment,Cranes,machine-shift,2340.04,2340.04,2340.04,2340.04,1,CZK,110.57,0.0472,9,9,建筑工程,přípravné práce a měření na místě,vertikální doprava,vertikální doprava
110070,rovná nátěrová vrstva,Material,General,kg,107.08,107.08,107.08,107.08,1,CZK,132.18,1.2344,9,9,建筑工程,podlahové dokončovací práce,kroky dekorativní,
060011,mramorová deska 0.25m2 uvnitř,Material,General,m2,611.88,611.88,611.88,611.88,1,CZK,728.28,1.1902,9,9,建筑工程,podlahové dokončovací práce,dlažba,kamenná deska
110467,běžný akrylátový kovový nátěr (jednovrstvý) základní,Material,Steel & Metal,kg,107.08,107.08,107.08,107.08,1,CZK,1.79,0.0167,9,9,建筑工程,"malířské, nátěrové a tapetářské práce",nátěr na dřevěné povrchy,skleněná nástěnná barva
110514,lepivý,Material,General,kg,51.63,51.63,51.63,51.63,1,CZK,15.12,0.2929,9,9,建筑工程,jiné dekorativní práce,,zdiv
150322,postřikování,Material,General,pcs,34.42,34.42,34.42,34.42,1,CZK,0.98,0.0285,9,9,建筑工程,"malířské, nátěrové a tapetářské práce",nátěr a stříkání,kovové konstrukční kartáčování a nátěr
090453,nerezový sloup,Material,Steel & Metal,m,140.73,140.73,140.73,140.73,1,CZK,231.33,1.6438,9,9,建筑工程,jiné dekorativní práce,,rám
850074,PCM,Equipment,General,machine-shift,540.67,540.67,540.67,540.67,1,CZK,301.23,0.5571,9,9,建筑工程,Obecné instalační práce - Sv.11 Komunikační zařízení a vedení,(),
800391,s buldozerem 105 kW,Equipment,Bulldozers,machine-shift,2110.21,2110.21,2110.21,2110.21,1,CZK,8.6,0.0041,9,9,建筑工程,zemní práce a práce se skalou,doprava,(kamenivo) doprava
120088,poly,Material,General,m3,2485.74,2485.74,2485.74,2485.74,1,CZK,8.2,0.0033,9,9,建筑工程,"povrchové úpravy stěn a sloupů, příčky a závěsné stěny",čelní stěna,dekorativní deska na stěnu
110110,polyuretanová stěrka,Material,General,kg,44.36,44.36,44.36,44.36,1,CZK,0.48,0.0108,9,9,建筑工程,práce na tepelně izolačních a protikorozních systémech,antikorozní,protikorozní nátěr
060013,mramorová deska speciálního tvaru,Material,General,m2,1227.96,1227.96,1227.96,1227.96,1,CZK,848.23,0.6908,9,9,建筑工程,podlahové dokončovací práce,dlažba,zdiv
090534,pozinkovaný rozpínací šroub 16,Material,Fasteners,set,22.95,22.95,22.95,22.95,1,CZK,113.68,4.9543,9,9,建筑工程,Obecné instalační práce - Sv.11 Komunikační zařízení a vedení,rámová lišta,montáž rámu formy
800195,CTS-26,Equipment,General,machine-shift,291.41,291.41,291.41,291.41,1,CZK,22.02,0.0756,9,9,建筑工程,pracovní konstrukce z kovu,kovové spojování konstrukcí,
850090,elektřina BT-203,Equipment,General,machine-shift,279.17,279.17,279.17,279.17,1,CZK,1397.08,5.0044,9,9,建筑工程,Obecné instalační práce - Sv.4 Instalace elektrického zařízení,elektřina,elektřina
090271,hliníkový hřebík,Material,Fasteners,pcs,0.96,0.96,0.96,0.96,1,CZK,3.7,3.87,9,9,建筑工程,Obecné instalační práce - Sv.5 Systémy inteligence budov,,a
850045,DSP-100,Equipment,General,machine-shift,264.64,264.64,264.64,264.64,1,CZK,793.91,3.0,9,9,建筑工程,Obecné instalační práce - Sv.5 Systémy inteligence budov,montáž,
850227,STIPA,Equipment,General,machine-shift,1145.35,1145.35,1145.35,1145.35,1,CZK,2147.54,1.875,9,9,建筑工程,Obecné instalační práce - Sv.5 Systémy inteligence budov,,elektřina
040054,kámen,Material,General,kg,0.19,0.19,0.19,0.19,1,CZK,178.49,933.45,9,9,建筑工程,zděné práce,vrstva zábradlí,profil a další položky střechy
030034,dřevěné lišty,Material,Wood & Timber,m,2.68,2.68,2.68,2.68,1,CZK,6.4,2.3915,9,9,建筑工程,"povrchové úpravy stěn a sloupů, příčky a závěsné stěny",sloupec (nosník) čelní,dekorativní povrch sloupu (nosníku)
150175,cement bonding waterproof coating,Material,Concrete & Cement,kg,152.97,152.97,152.97,152.97,1,CZK,44.59,0.2915,9,9,建筑工程,práce na střeše a hydroizolaci,vodotěsné střešní krytiny a drobnosti,střešní hydroizolace
850099,elektřina JD2505N,Equipment,General,machine-shift,162.15,162.15,162.15,162.15,1,CZK,205.12,1.265,9,9,建筑工程,Obecné instalační práce - Sv.4 Instalace elektrického zařízení,elektřina,"10kV, jednofázový"
090900,vrták,Material,General,pcs,26.77,26.77,26.77,26.77,1,CZK,1.12,0.0417,9,9,建筑工程,pracovní konstrukce z kovu,"ocelová deska podlahy, stěnová deska",
110444,poly cementové lepidlo,Material,Concrete & Cement,kg,17.21,17.21,17.21,17.21,1,CZK,45.99,2.6727,9,9,建筑工程,práce na střeše a hydroizolaci,vodotěsné střešní krytiny a drobnosti,vodotěsná membrána střechy
090234,pozinkovaný železný drát 13 17,Material,Steel & Metal,kg,25.05,25.05,25.05,25.05,1,CZK,0.09,0.0035,9,9,建筑工程,Obecné instalační práce - Sv.4 Instalace elektrického zařízení,,ocelová trubka
080205,deska,Material,General,m2,573.63,573.63,573.63,573.63,1,CZK,329.61,0.5746,9,9,建筑工程,"povrchové úpravy stěn a sloupů, příčky a závěsné stěny",čelní stěna,dekorativní deska na stěnu
400060,zdicí malta DM10-MR,Material,Concrete & Cement,m3,2340.42,2340.42,2340.42,2340.42,1,CZK,98.3,0.042,9,9,建筑工程,zděné práce,zděná konstrukce,
850097,výška AST300/3,Equipment,General,machine-shift,133.85,133.85,133.85,133.85,1,CZK,156.45,1.1689,9,9,建筑工程,Obecné instalační práce - Sv.4 Instalace elektrického zařízení,modelování,
080018,U-profil z lehkého ocelového plechu CB50-L,Material,Steel & Metal,pcs,1.57,1.57,1.57,1.57,1,CZK,1.01,0.6411,9,9,建筑工程,práce na stropě,suspendovaný strop,stropní nosník
110004,alkydová nemíchaná barva,Material,Paint & Coatings,kg,55.07,55.07,55.07,55.07,1,CZK,3.08,0.056,9,9,建筑工程,"povrchové úpravy stěn a sloupů, příčky a závěsné stěny",příčka,příčka
090591,příčka,Material,General,set,22.95,22.95,22.95,22.95,1,CZK,103.06,4.4914,9,9,建筑工程,"povrchové úpravy stěn a sloupů, příčky a závěsné stěny",příčka,příčka
030002,dřevo,Material,Wood & Timber,m3,8413.29,8413.29,8413.29,8413.29,1,CZK,123.11,0.0146,9,9,建筑工程,"povrchové úpravy stěn a sloupů, příčky a závěsné stěny",příčka,skleněná příčka
810238,beton atd. malta (kompozitní),Material,Concrete & Cement,m3,1835.63,1835.63,1835.63,1835.63,1,CZK,54.46,0.0297,9,9,建筑工程,betonové a železobetonové práce,vypěněný sloup z betonu na místě,
800611,hřebík,Equipment,General,machine-shift,43.98,43.98,43.98,43.98,1,CZK,24.92,0.5667,9,9,建筑工程,"povrchové úpravy stěn a sloupů, příčky a závěsné stěny",práce na zasklených stěnách,s rámem z fasádních stěn
800612,lepivý,Equipment,General,machine-shift,11.01,11.01,11.01,11.01,1,CZK,8.44,0.7667,9,9,建筑工程,"povrchové úpravy stěn a sloupů, příčky a závěsné stěny",práce na zasklených stěnách,s rámem z fasádních stěn
800101,složený jeřáb na nákladní auto,Equipment,Cranes,machine-shift,2283.44,2283.44,2283.44,2283.44,1,CZK,12.18,0.0053,9,9,建筑工程,"povrchové úpravy stěn a sloupů, příčky a závěsné stěny",práce na zasklených stěnách,s rámem z fasádních stěn
080754,střešní a stěnová deska z hliníkové slitiny (spára 100mm uvnitř),Material,General,m,478.03,478.03,478.03,478.03,1,CZK,482.81,1.01,9,9,建筑工程,práce na střeše a hydroizolaci,spojovací dil pohybu,dilatační spára střechy
080755,střešní a stěnová deska z hliníkové slitiny (spára 200mm uvnitř),Material,General,m,516.27,516.27,516.27,516.27,1,CZK,521.43,1.01,9,9,建筑工程,práce na střeše a hydroizolaci,spojovací dil pohybu,dilatační spára střechy
080756,střešní a stěnová deska z hliníkové slitiny (spára šířky 200mm přesahující),Material,General,m,573.63,573.63,573.63,573.63,1,CZK,579.37,1.01,9,9,建筑工程,práce na střeše a hydroizolaci,spojovací dil pohybu,dilatační spára střechy
120051,povrch z překližky příčky,Material,Wood & Timber,m2,363.3,363.3,363.3,363.3,1,CZK,851.09,2.3427,9,9,建筑工程,"povrchové úpravy stěn a sloupů, příčky a závěsné stěny",příčka,příčka
110005,alkydová hotová barva,Material,Paint & Coatings,kg,66.54,66.54,66.54,66.54,1,CZK,2.33,0.035,9,9,建筑工程,"povrchové úpravy stěn a sloupů, příčky a závěsné stěny",příčka,příčka
110143,rozhraní agenta,Material,General,kg,7.69,7.69,7.69,7.69,1,CZK,2.34,0.305,9,9,建筑工程,"povrchové úpravy stěn a sloupů, příčky a závěsné stěny",omítání povrchu sloupu (trámu),obecné omítání povrchu nosníků a sloupů
850216,QT-2A,Equipment,General,machine-shift,39.24,39.24,39.24,39.24,1,CZK,10.47,0.2669,9,9,建筑工程,Obecné instalační práce - Sv.6 Automatizace a kontrola instrumentace,zámek,
110271,nátěr,Material,General,kg,28.68,28.68,28.68,28.68,1,CZK,12.15,0.4238,9,9,建筑工程,"malířské, nátěrové a tapetářské práce",nátěr a stříkání,vrstva nátěru na povrchu stěny
110612,průhledný vrchní nátěr,Material,General,kg,84.13,84.13,84.13,84.13,1,CZK,13.04,0.155,9,9,建筑工程,"malířské, nátěrové a tapetářské práce",malba na omítce,malba na omítce
110037,sklenářství,Material,General,kg,51.63,51.63,51.63,51.63,1,CZK,1.06,0.0206,9,9,建筑工程,podlahové dokončovací práce,vrstva dokončení,
110272,emulzní barva,Material,Paint & Coatings,kg,30.21,30.21,30.21,30.21,1,CZK,7.48,0.2476,9,9,建筑工程,"malířské, nátěrové a tapetářské práce",nátěr a stříkání,vrstva nátěru stropního povrchu
110505,vodou ředitelná fluorokarbonová barva,Material,Paint & Coatings,kg,198.86,198.86,198.86,198.86,1,CZK,118.82,0.5975,8,8,建筑工程,"malířské, nátěrové a tapetářské práce",nátěr a stříkání,vrstva nátěru na povrchu stěny
110611,mramorová barva,Material,Paint & Coatings,kg,113.58,113.58,113.58,113.58,1,CZK,40.97,0.3608,8,8,建筑工程,"malířské, nátěrové a tapetářské práce",malba na omítce,malba na omítce
800401,zemina 150 typ,Equipment,General,machine-shift,575.55,575.55,575.55,575.55,1,CZK,24.36,0.0423,8,8,建筑工程,úprava půdy a podpora svahů,výkop pro základy,sekční ocelová pilotáž
100396,ředidlo akrylové polyuretanové kovové barvy,Material,Steel & Metal,kg,55.83,55.83,55.83,55.83,1,CZK,1.07,0.0192,8,8,建筑工程,"malířské, nátěrové a tapetářské práce",malba na omítce,malba na omítce
100052,poly PVC vodotěsná membrána tloušťka 1.5mm,Material,Waterproofing,m2,191.21,191.21,191.21,191.21,1,CZK,204.15,1.0677,8,8,建筑工程,práce na střeše a hydroizolaci,"vodotěsné povrchové úpravy stěn, vlhkostní ochrana",vodotěsná vrstva na stěnovém povrchu
370021,příčka dveře,Material,General,m2,344.18,344.18,344.18,344.18,1,CZK,407.85,1.185,8,8,建筑工程,"povrchové úpravy stěn a sloupů, příčky a závěsné stěny",příčka,příčka
090489,příčka z hliníkové slitiny,Material,General,m2,688.36,688.36,688.36,688.36,1,CZK,2800.71,4.0687,8,8,建筑工程,"povrchové úpravy stěn a sloupů, příčky a závěsné stěny",příčka,příčka
080115,T profil lehkého ocelového nosníku TB-1P,Material,Steel & Metal,pcs,1.45,1.45,1.45,1.45,1,CZK,2.85,1.9638,8,8,建筑工程,práce na stropě,suspendovaný strop,stropní nosník
080058,T typ lakovací lišta TB24×28,Material,Paint & Coatings,m,19.47,19.47,19.47,19.47,1,CZK,30.48,1.5658,8,8,建筑工程,práce na stropě,suspendovaný strop,stropní nosník
170196,50,Material,General,m,32.2,32.2,32.2,32.2,1,CZK,30.25,0.9393,8,8,建筑工程,práce na střeše a hydroizolaci,vodotěsné střešní krytiny a drobnosti,střecha ()
850036,TEK1230C64,Equipment,General,machine-shift,550.92,550.92,550.92,550.92,1,CZK,872.86,1.5844,8,8,建筑工程,Obecné instalační práce - Sv.6 Automatizace a kontrola instrumentace,,
850219,HD-,Equipment,General,machine-shift,42.3,42.3,42.3,42.3,1,CZK,55.51,1.3125,8,8,建筑工程,Obecné instalační práce - Sv.6 Automatizace a kontrola instrumentace,,
080082,T typ lakovaný nosník TB24×38,Material,Paint & Coatings,m,19.5,19.5,19.5,19.5,1,CZK,30.38,1.5577,8,8,建筑工程,práce na stropě,suspendovaný strop,stropní nosník
080181,skleněná dekorativní plochá deska,Material,Glass,m2,420.66,420.66,420.66,420.66,1,CZK,433.28,1.03,8,8,建筑工程,"povrchové úpravy stěn a sloupů, příčky a závěsné stěny",čelní stěna,dekorativní deska na stěnu
080180,skleněná dekorativní plochá deska,Material,Glass,m2,611.88,611.88,611.88,611.88,1,CZK,630.23,1.03,8,8,建筑工程,"povrchové úpravy stěn a sloupů, příčky a závěsné stěny",čelní stěna,dekorativní deska na stěnu
090382,nerezový ocelový lištový profil 2mm,Material,Steel & Metal,m,6.5,6.5,6.5,6.5,1,CZK,11.05,1.6991,8,8,建筑工程,"povrchové úpravy stěn a sloupů, příčky a závěsné stěny",čelní stěna,dekorativní deska na stěnu
080183,skleněná dekorativní povrchová deska,Material,Glass,m2,1223.75,1223.75,1223.75,1223.75,1,CZK,1260.46,1.03,8,8,建筑工程,"povrchové úpravy stěn a sloupů, příčky a závěsné stěny",čelní stěna,dekorativní deska na stěnu
080054,Hliníkový nosník TB24×38 ve tvaru T,Material,General,m,18.36,18.36,18.36,18.36,1,CZK,28.59,1.5577,8,8,建筑工程,práce na stropě,suspendovaný strop,stropní nosník
080055,Hliníkový nosník TB24×28 ve tvaru T,Material,General,m,15.79,15.79,15.79,15.79,1,CZK,24.73,1.5658,8,8,建筑工程,práce na stropě,suspendovaný strop,stropní nosník
080067,T-profil z lehké oceli TB23×32,Material,Steel & Metal,m,20.5,20.5,20.5,20.5,1,CZK,38.22,1.8648,8,8,建筑工程,práce na stropě,suspendovaný strop,stropní nosník
800250,svářeč nárazový 75kVA,Equipment,Welding Equip.,machine-shift,80.31,80.31,80.31,80.31,1,CZK,27.51,0.3425,8,8,建筑工程,betonové a železobetonové práce,železobetonové práce,
050018,sklo 10mm,Material,Glass,m2,1093.73,1093.73,1093.73,1093.73,1,CZK,1345.28,1.23,8,8,建筑工程,práce na stropě,suspendovaný strop,vrstva stropního povrchu
080232,sádrokartonová deska s papírovým povrchem tloušťky 9.5,Material,Wood & Timber,m2,43.98,43.98,43.98,43.98,1,CZK,30.74,0.699,8,8,建筑工程,práce na stropě,suspendovaný strop,vrstva stropního povrchu
080068,T-profil z lehké oceli TB23×26,Material,Steel & Metal,m,19.47,19.47,19.47,19.47,1,CZK,27.59,1.4172,8,8,建筑工程,práce na stropě,suspendovaný strop,stropní nosník
460098,s,Material,General,bedna,45.89,45.89,45.89,45.89,1,CZK,252.4,5.5,8,8,建筑工程,Obecné instalační práce - Sv.5 Systémy inteligence budov,,s instalací
110736,95%,Material,General,kg,30.59,30.59,30.59,30.59,1,CZK,48.57,1.5875,8,8,建筑工程,Obecné instalační práce - Sv.4 Instalace elektrického zařízení,elektřina,
110793,polyuretanová deska,Material,General,m3,2103.32,2103.32,2103.32,2103.32,1,CZK,47.27,0.0225,8,8,建筑工程,práce na tepelně izolačních a protikorozních systémech,,strop
010037,pozinkovaný ocelový plech 1.0 1.5,Material,Steel & Metal,kg,20.99,20.99,20.99,20.99,1,CZK,254.3,12.1125,8,8,建筑工程,Obecné instalační práce - Sv.7 Větrání a klimatizace,,
800618,nátěr,Equipment,General,machine-shift,133.08,133.08,133.08,133.08,1,CZK,1.91,0.0144,8,8,建筑工程,"Obecné instalační práce - Sv.12 Malování, protikorozní, tepelná izolace",obdélníkové štětce,
030137,dřevěná podlaha,Material,Wood & Timber,m2,688.36,688.36,688.36,688.36,1,CZK,800.86,1.1634,8,8,建筑工程,podlahové dokončovací práce,vrstva dokončení,dřevěná podlaha
120003,základ,Material,General,m2,152.97,152.97,152.97,152.97,1,CZK,225.41,1.4736,8,8,建筑工程,podlahové dokončovací práce,vrstva dokončení schodiště,rám
120002,povrch s,Material,General,m,16.75,16.75,16.75,16.75,1,CZK,7.73,0.4613,8,8,建筑工程,podlahové dokončovací práce,vrstva dokončení,základ
850035,MG9001A,Equipment,General,machine-shift,167.27,167.27,167.27,167.27,1,CZK,524.4,3.135,8,8,建筑工程,Obecné instalační práce - Sv.11 Komunikační zařízení a vedení,,
850076,PCM,Equipment,General,machine-shift,2790.76,2790.76,2790.76,2790.76,1,CZK,2127.96,0.7625,8,8,建筑工程,Obecné instalační práce - Sv.11 Komunikační zařízení a vedení,rám (včetně atd.),
010121,ocelové dráty,Material,Steel & Metal,kg,20.12,20.12,20.12,20.12,1,CZK,6.54,0.325,8,8,建筑工程,Obecné instalační práce - Sv.11 Komunikační zařízení a vedení,,elektřina ()
090343,nerezová ocel 20,Material,Steel & Metal,pcs,34.8,34.8,34.8,34.8,1,CZK,295.44,8.4894,8,8,建筑工程,jiné dekorativní práce,"zábradlí, zábradlí, dekorativní deska zábradlí","kovový zábradlí, zábradlí, deska zábradlí"
110503,ředidlo pro vrchní lepicí nátěr,Material,General,kg,80.31,80.31,80.31,80.31,1,CZK,0.95,0.0118,8,8,建筑工程,"malířské, nátěrové a tapetářské práce",,"kovové dveře, barva na okna"
070140,šířka hliníkového pásu z hliníkové slitiny (30mm uvnitř),Material,General,m,22.95,22.95,22.95,22.95,1,CZK,7.63,0.3325,8,8,建筑工程,jiné dekorativní práce,dekorativní lišta,kovová dekorativní lišta
090352,nerezová ocel 75,Material,Steel & Metal,pcs,69.6,69.6,69.6,69.6,1,CZK,53.07,0.7625,8,8,建筑工程,jiné dekorativní práce,"zábradlí, zábradlí, dekorativní deska zábradlí","kovový zábradlí, zábradlí, deska zábradlí"
850230,"1310/1550nm, 0 60dB",Equipment,General,machine-shift,378.6,378.6,378.6,378.6,1,CZK,88.34,0.2333,8,8,建筑工程,Obecné instalační práce - Sv.11 Komunikační zařízení a vedení,,
090437,dveře,Material,General,set,57.36,57.36,57.36,57.36,1,CZK,50.56,0.8813,8,8,建筑工程,práce na dveřích a oknech,instalace hardwaru,hotová příčka
100394,kamenná barva,Material,Paint & Coatings,kg,117.4,117.4,117.4,117.4,1,CZK,27.13,0.231,8,8,建筑工程,"malířské, nátěrové a tapetářské práce",malba na omítce,malba na omítce
100399,vrstva,Material,General,kg,73.43,73.43,73.43,73.43,1,CZK,174.82,2.381,8,8,建筑工程,"malířské, nátěrové a tapetářské práce",malba na omítce,malba na omítce
080182,skleněná dekorativní plochá deska,Material,Glass,m2,1070.78,1070.78,1070.78,1070.78,1,CZK,1102.91,1.03,8,8,建筑工程,"povrchové úpravy stěn a sloupů, příčky a závěsné stěny",čelní stěna,dekorativní deska na stěnu
080192,sklo s povrchem zrcadlového lesku 6mm,Material,Glass,m2,374.77,374.77,374.77,374.77,1,CZK,448.98,1.198,8,8,建筑工程,"povrchové úpravy stěn a sloupů, příčky a závěsné stěny",čelní stěna,dekorativní deska na stěnu
150088,suchá elektřina 1,Material,General,kus,7.65,7.65,7.65,7.65,1,CZK,3185.58,416.5,8,8,建筑工程,Obecné instalační práce - Sv.9 Ochrana proti požáru,,
150145,hliníkový tavidlo,Material,General,kg,200.01,200.01,200.01,200.01,1,CZK,3.0,0.015,8,8,建筑工程,práce na střeše a hydroizolaci,vodotěsné střešní krytiny a drobnosti,vodotěsná membrána střechy
100268,PSS hydroizolační membrána tloušťky 0.5mm,Material,Waterproofing,m2,592.75,592.75,592.75,592.75,1,CZK,610.54,1.03,8,8,建筑工程,práce na střeše a hydroizolaci,vodotěsné střešní krytiny a drobnosti,vodotěsná membrána střechy
810172,uhlíková lepidla,Material,General,m3,61187.54,61187.54,61187.54,61187.54,1,CZK,428.31,0.007,8,8,建筑工程,práce na tepelně izolačních a protikorozních systémech,nátěrová vrstva proti korozi,vrstva proti korozi na čelní straně bloku
850003,elektřina JH1741/05,Equipment,General,machine-shift,33.69,33.69,33.69,33.69,1,CZK,951.78,28.25,8,8,建筑工程,Obecné instalační práce - Sv.9 Ochrana proti požáru,,
010062,pozinkovaná ocelová trubka 125,Material,Steel & Metal,m,291.41,291.41,291.41,291.41,1,CZK,329.11,1.1294,8,8,建筑工程,Obecné instalační práce - Sv.4 Instalace elektrického zařízení,,elektrické montážní práce
280260,spoj pozinkované ocelové trubky 25,Material,Steel & Metal,pcs,6.2,6.2,6.2,6.2,1,CZK,1.02,0.1648,8,8,建筑工程,Obecné instalační práce - Sv.4 Instalace elektrického zařízení,,pozinkovaná ocelová trubka
280261,pozinkované ocelové spojení trubky 32,Material,Steel & Metal,pcs,9.33,9.33,9.33,9.33,1,CZK,1.54,0.1648,8,8,建筑工程,Obecné instalační práce - Sv.4 Instalace elektrického zařízení,,pozinkovaná ocelová trubka
090928,ocelové upevnění,Material,Steel & Metal,set,13.38,13.38,13.38,13.38,1,CZK,68.26,5.1,8,8,建筑工程,práce na střeše a hydroizolaci,vodotěsné střešní krytiny a drobnosti,vodotěsná membrána střechy
110335,sádra,Material,General,kg,5.81,5.81,5.81,5.81,1,CZK,3.39,0.5835,8,8,建筑工程,"povrchové úpravy stěn a sloupů, příčky a závěsné stěny",čelní stěna,dekorativní deska na stěnu
090924,pozinkovaný ocelový plech U profil 1.5mm,Material,Steel & Metal,m,24.86,24.86,24.86,24.86,1,CZK,1.34,0.054,8,8,建筑工程,práce na střeše a hydroizolaci,vodotěsné střešní krytiny a drobnosti,vodotěsná membrána střechy
170630,15 25,Material,General,pcs,0.31,0.31,0.31,0.31,1,CZK,0.63,2.06,8,8,建筑工程,Obecné instalační práce - Sv.4 Instalace elektrického zařízení,montáž formování,
090183,pozinkovaný dřevěný hřebík,Material,Wood & Timber,pcs,0.15,0.15,0.15,0.15,1,CZK,0.34,2.2391,8,8,建筑工程,Obecné instalační práce - Sv.4 Instalace elektrického zařízení,montáž formování,PVC
090247,hliníková síťová deska,Material,General,m2,57.36,57.36,57.36,57.36,1,CZK,45.6,0.795,8,8,建筑工程,"povrchové úpravy stěn a sloupů, příčky a závěsné stěny",čelní stěna,dekorativní deska na stěnu
090355,hliníková slitina dekorativní deska,Material,General,m2,535.39,535.39,535.39,535.39,1,CZK,543.85,1.0158,8,8,建筑工程,"povrchové úpravy stěn a sloupů, příčky a závěsné stěny",čelní stěna,dekorativní deska na stěnu
110443,výška,Material,General,kg,29.83,29.83,29.83,29.83,1,CZK,332.96,11.1622,8,8,建筑工程,práce na střeše a hydroizolaci,,profil a další položky střechy
280259,pozinkované ocelové spojky trubek 20,Material,Steel & Metal,pcs,4.44,4.44,4.44,4.44,1,CZK,0.73,0.1648,8,8,建筑工程,Obecné instalační práce - Sv.4 Instalace elektrického zařízení,,pozinkovaná ocelová trubka
280258,spojka pozinkované ocelové trubky 15,Material,Steel & Metal,pcs,2.26,2.26,2.26,2.26,1,CZK,0.37,0.1648,8,8,建筑工程,Obecné instalační práce - Sv.4 Instalace elektrického zařízení,,pozinkovaná ocelová trubka
090929,strip,Material,General,kg,95.61,95.61,95.61,95.61,1,CZK,8.13,0.085,8,8,建筑工程,práce na střeše a hydroizolaci,vodotěsné střešní krytiny a drobnosti,vodotěsná membrána střechy
850100,"elektřina, elektřina HJ-12E",Equipment,General,machine-shift,48.57,48.57,48.57,48.57,1,CZK,48.57,1.0,8,8,建筑工程,Obecné instalační práce - Sv.4 Instalace elektrického zařízení,výška elektřiny,elektřina
850001,TDJC-S-1,Equipment,General,machine-shift,76.48,76.48,76.48,76.48,1,CZK,235.19,3.075,8,8,建筑工程,Obecné instalační práce - Sv.9 Ochrana proti požáru,,
040032,Cihla DM1 190×240×90,Material,General,pcs,3.37,3.37,3.37,3.37,1,CZK,460.06,136.705,8,8,建筑工程,zděné práce,,
040036,DMp cihla 190×90×40,Material,General,pcs,0.8,0.8,0.8,0.8,1,CZK,36.2,45.08,8,8,建筑工程,zděné práce,,
850004,elektřina WYK-6005,Equipment,General,machine-shift,104.4,104.4,104.4,104.4,1,CZK,2949.34,28.25,8,8,建筑工程,Obecné instalační práce - Sv.9 Ochrana proti požáru,,
090493,pozinkovaný 20,Material,General,pcs,2.07,2.07,2.07,2.07,1,CZK,16.85,8.16,8,8,建筑工程,Obecné instalační práce - Sv.4 Instalace elektrického zařízení,suchá instalace,
800167,stříkání betonu 5m3/h,Equipment,General,machine-shift,92.16,92.16,92.16,92.16,1,CZK,3.53,0.0383,8,8,建筑工程,úprava půdy a podpora svahů,výkop pro základy,"stříkaný beton, cementová malta"
090001,kompozitní 25 uvnitř,Material,General,pcs,3.9,3.9,3.9,3.9,1,CZK,4.02,1.03,8,8,建筑工程,"Obecné instalační práce - Sv.10 Vodovod, odpad, topení, plyn",vodoinstalace,
110008,nátěr,Material,Paint & Coatings,kg,59.66,59.66,59.66,59.66,1,CZK,2.97,0.0499,8,8,建筑工程,práce se dřevěnými konstrukcemi,konstrukční dřevo,základní kámen
030087,dřevo,Material,Wood & Timber,m3,4007.78,4007.78,4007.78,4007.78,1,CZK,380.74,0.095,8,8,建筑工程,Obecné instalační práce - Sv.4 Instalace elektrického zařízení,,
090142,pozinkováno s šroubem 20×(85 100),Material,Fasteners,set,13.65,13.65,13.65,13.65,1,CZK,55.7,4.08,8,8,建筑工程,Obecné instalační práce - Sv.4 Instalace elektrického zařízení,suchá instalace,
110478,vrchní nátěr z fluorokarbonové kovové barvy,Material,Steel & Metal,kg,344.18,344.18,344.18,344.18,1,CZK,65.39,0.19,8,8,建筑工程,"malířské, nátěrové a tapetářské práce",,"kovové dveře, barva na okna"
060084,tloušťka stěny typ obkladová dlaždice (7 9mm) na jednotku plochy 0.06m2,Material,General,m2,305.94,305.94,305.94,305.94,1,CZK,301.65,0.986,8,8,建筑工程,"povrchové úpravy stěn a sloupů, příčky a závěsné stěny",vrstva obkladu stěn,povrch stěny z bloků
060083,obklad stěny (5 6mm) na každou jednotku plochy 0.06m2 nad rámec,Material,General,m2,305.94,305.94,305.94,305.94,1,CZK,304.41,0.995,8,8,建筑工程,"povrchové úpravy stěn a sloupů, příčky a závěsné stěny",vrstva obkladu stěn,povrch stěny z bloků
060082,obklad stěn (5 6mm) na jednotku plochy 0.06m2,Material,General,m2,305.94,305.94,305.94,305.94,1,CZK,301.65,0.986,8,8,建筑工程,"povrchové úpravy stěn a sloupů, příčky a závěsné stěny",vrstva obkladu stěn,povrch stěny z bloků
040206,stěnová kamenná cihla,Material,General,m2,344.18,344.18,344.18,344.18,1,CZK,326.11,0.9475,8,8,建筑工程,"povrchové úpravy stěn a sloupů, příčky a závěsné stěny",vrstva obkladu stěn,povrch stěny z bloků
360027,elektřina HPYV-ZR10×2×0.5,Material,General,m,11.09,11.09,11.09,11.09,1,CZK,113.12,10.2,8,8,建筑工程,Obecné instalační práce - Sv.11 Komunikační zařízení a vedení,,
110479,ředidlo pro vrchní nátěr z fluorokarbonové kovové barvy,Material,Steel & Metal,kg,77.25,77.25,77.25,77.25,1,CZK,0.44,0.0057,8,8,建筑工程,"malířské, nátěrové a tapetářské práce",,"kovové dveře, barva na okna"
090249,strip,Material,General,m,26.0,26.0,26.0,26.0,1,CZK,57.99,2.23,8,8,建筑工程,podlahové dokončovací práce,dlažba,
060085,tloušťka stěny typ obkladová dlaždice (7 9mm) na jednotku plochy 0.06m2 nad rámec,Material,General,m2,305.94,305.94,305.94,305.94,1,CZK,304.41,0.995,8,8,建筑工程,"povrchové úpravy stěn a sloupů, příčky a závěsné stěny",vrstva obkladu stěn,povrch stěny z bloků
090177,dřevěný hřebík,Material,Wood & Timber,pcs,0.11,0.11,0.11,0.11,1,CZK,0.87,7.545,8,8,建筑工程,Obecné instalační práce - Sv.4 Instalace elektrického zařízení,"montáž (030904004, 030904005)",
090570,pozinkovaný 5,Material,General,pcs,0.57,0.57,0.57,0.57,1,CZK,2.34,4.08,8,8,建筑工程,Obecné instalační práce - Sv.4 Instalace elektrického zařízení,,
060050,obklad stěny 0.06m2 navíc,Material,General,m2,344.18,344.18,344.18,344.18,1,CZK,329.98,0.9588,8,8,建筑工程,"povrchové úpravy stěn a sloupů, příčky a závěsné stěny",obklad povrchu sloupu (nosníku),povrch sloupu s blokovým obkladem
060086,hotový výrobek typ kamenná deska 5mm,Material,General,m2,535.39,535.39,535.39,535.39,1,CZK,548.78,1.025,8,8,建筑工程,"povrchové úpravy stěn a sloupů, příčky a závěsné stěny",obklad povrchu sloupu (nosníku),povrch kamenného sloupu
050024,skleněný pás,Material,Glass,m,0.76,0.76,0.76,0.76,1,CZK,1.71,2.23,8,8,建筑工程,podlahové dokončovací práce,dlažba,
110615,těsnicí barva,Material,Paint & Coatings,kg,138.44,138.44,138.44,138.44,1,CZK,27.0,0.195,8,8,建筑工程,"malířské, nátěrové a tapetářské práce",,"kovové dveře, barva na okna"
800016,ponorné čerpadlo 100,Equipment,Pumps,machine-shift,48.19,48.19,48.19,48.19,1,CZK,32.36,0.6715,8,8,建筑工程,práce na pilotách,vrtaná pilotáž,voda
010146,ocel,Material,Steel & Metal,pcs,26.27,26.27,26.27,26.27,1,CZK,1.78,0.0676,8,8,建筑工程,Obecné instalační práce - Sv.4 Instalace elektrického zařízení,,
220004,spoj 20,Material,General,pcs,18.24,18.24,18.24,18.24,1,CZK,27.64,1.515,8,8,建筑工程,"Obecné instalační práce - Sv.10 Vodovod, odpad, topení, plyn",vodoinstalace,
090704,nátěrová ocelová trubka,Material,Steel & Metal,m,38.24,38.24,38.24,38.24,1,CZK,268.38,7.0178,8,8,建筑工程,jiné dekorativní práce,"zábradlí, zábradlí, dekorativní deska zábradlí","kovový zábradlí, zábradlí, deska zábradlí"
090367,75,Material,General,pcs,145.32,145.32,145.32,145.32,1,CZK,110.81,0.7625,8,8,建筑工程,jiné dekorativní práce,"zábradlí, zábradlí, dekorativní deska zábradlí","kovový zábradlí, zábradlí, deska zábradlí"
090348,nerezové zábradlí 20,Material,Steel & Metal,m,114.34,114.34,114.34,114.34,1,CZK,802.44,7.0178,8,8,建筑工程,jiné dekorativní práce,"zábradlí, zábradlí, dekorativní deska zábradlí","kovový zábradlí, zábradlí, deska zábradlí"
090366,50,Material,General,pcs,141.11,141.11,141.11,141.11,1,CZK,182.74,1.295,8,8,建筑工程,jiné dekorativní práce,"zábradlí, zábradlí, dekorativní deska zábradlí","kovový zábradlí, zábradlí, deska zábradlí"
090350,nerezové zábradlí 50,Material,Steel & Metal,m,302.11,302.11,302.11,302.11,1,CZK,360.41,1.193,8,8,建筑工程,jiné dekorativní práce,"zábradlí, zábradlí, dekorativní deska zábradlí","kovový zábradlí, zábradlí, deska zábradlí"
090368,20,Material,General,pcs,58.13,58.13,58.13,58.13,1,CZK,493.48,8.4894,8,8,建筑工程,jiné dekorativní práce,"zábradlí, zábradlí, dekorativní deska zábradlí","kovový zábradlí, zábradlí, deska zábradlí"
090499,pozinkovaný 20,Material,General,pcs,0.5,0.5,0.5,0.5,1,CZK,2.03,4.08,8,8,建筑工程,Obecné instalační práce - Sv.4 Instalace elektrického zařízení,suchá instalace,
090372,zábradlí 50,Material,General,m,706.33,706.33,706.33,706.33,1,CZK,842.62,1.193,8,8,建筑工程,jiné dekorativní práce,"zábradlí, zábradlí, dekorativní deska zábradlí","kovový zábradlí, zábradlí, deska zábradlí"
100395,běžný ředidlo pro akrylátové kovové barvy,Material,Steel & Metal,kg,63.86,63.86,63.86,63.86,1,CZK,1.35,0.0211,8,8,建筑工程,"malířské, nátěrové a tapetářské práce",malba na omítce,malba na omítce
800164,beton,Equipment,General,machine-shift,1575.58,1575.58,1575.58,1575.58,1,CZK,123.21,0.0782,7,7,建筑工程,úprava půdy a podpora svahů,,
090321,zámek,Material,General,pcs,260.05,260.05,260.05,260.05,1,CZK,260.05,1.0,7,7,建筑工程,práce na dveřích a oknech,instalace hardwaru,
170716,poly,Material,General,kg,71.51,71.51,71.51,71.51,1,CZK,7.15,0.1,7,7,建筑工程,Obecné instalační práce - Sv.11 Komunikační zařízení a vedení,,
120020,strip,Material,General,m,1.61,1.61,1.61,1.61,1,CZK,9.97,6.2094,7,7,建筑工程,podlahové dokončovací práce,vrstva dokončení,elektrické zemnění desky
050005,skleněná cihla 190×190×95,Material,Glass,pcs,57.36,57.36,57.36,57.36,1,CZK,1538.77,26.825,7,7,建筑工程,"povrchové úpravy stěn a sloupů, příčky a závěsné stěny",příčka,skleněná příčka
400403,"cement, uhelný štěrk, drcený kámen, směs",Material,Concrete & Cement,m3,1330.06,1330.06,1330.06,1330.06,1,CZK,1721.3,1.2942,7,7,建筑工程,úprava půdy a podpora svahů,,
080099,T-profil 3.5,Material,General,pcs,4.9,4.9,4.9,4.9,1,CZK,6.38,1.3038,7,7,建筑工程,práce na stropě,suspendovaný strop,stropní nosník
080014,U-profil z lehkého ocelového profilu CS50×15,Material,Steel & Metal,m,29.06,29.06,29.06,29.06,1,CZK,147.73,5.083,7,7,建筑工程,práce na stropě,suspendovaný strop,stropní nosník
850010,PAS5633,Equipment,General,machine-shift,16.86,16.86,16.86,16.86,1,CZK,188.4,11.1714,7,7,建筑工程,Obecné instalační práce - Sv.5 Systémy inteligence budov,,
850023,BX-14A,Equipment,General,machine-shift,88.57,88.57,88.57,88.57,1,CZK,28.78,0.325,7,7,建筑工程,Obecné instalační práce - Sv.6 Automatizace a kontrola instrumentace,,jednotka
800610,elektřina,Equipment,General,machine-shift,565.22,565.22,565.22,565.22,1,CZK,6.46,0.0114,7,7,建筑工程,"povrchové úpravy stěn a sloupů, příčky a závěsné stěny",práce na zasklených stěnách,skleněná záclonová stěna
091019,zemní šroub 24×(150 300),Material,Fasteners,set,29.83,29.83,29.83,29.83,1,CZK,121.7,4.08,7,7,建筑工程,Obecné instalační práce - Sv.7 Větrání a klimatizace,montáž,smíšená () instalace
110308,lepivý,Material,General,kg,201.92,201.92,201.92,201.92,1,CZK,61.25,0.3033,7,7,建筑工程,práce na střeše a hydroizolaci,vodotěsné střešní krytiny a drobnosti,střecha ()
100039,lepící páska,Material,General,m,26.77,26.77,26.77,26.77,1,CZK,23.01,0.8596,7,7,建筑工程,"povrchové úpravy stěn a sloupů, příčky a závěsné stěny",příčka,skleněná příčka
110001,alkydová emailová barva,Material,Paint & Coatings,kg,72.66,72.66,72.66,72.66,1,CZK,23.01,0.3166,7,7,建筑工程,"malířské, nátěrové a tapetářské práce",malba na omítce,malba na omítce
120047,dekorativní deska,Material,General,m2,119.32,119.32,119.32,119.32,1,CZK,132.52,1.1107,7,7,建筑工程,"povrchové úpravy stěn a sloupů, příčky a závěsné stěny",čelní stěna,dekorativní deska na stěnu
850103,AI-6000D,Equipment,General,machine-shift,616.46,616.46,616.46,616.46,1,CZK,3831.33,6.215,7,7,建筑工程,Obecné instalační práce - Sv.4 Instalace elektrického zařízení,elektřina,
850122,elektřina JINDAHLC5501,Equipment,General,machine-shift,136.91,136.91,136.91,136.91,1,CZK,164.09,1.1986,7,7,建筑工程,Obecné instalační práce - Sv.4 Instalace elektrického zařízení,elektřina,"10kV, jednofázový"
080135,závěsná stropní lišta LB35-1P,Material,General,pcs,2.45,2.45,2.45,2.45,1,CZK,1.62,0.6634,7,7,建筑工程,práce na stropě,suspendovaný strop,závěsný strop
080251,páskový,Material,General,m,76.1,76.1,76.1,76.1,1,CZK,735.61,9.6661,7,7,建筑工程,práce na stropě,suspendovaný strop,závěsný strop
080134,závěsný stropní nosník LB25×40,Material,General,m,18.93,18.93,18.93,18.93,1,CZK,16.44,0.8687,7,7,建筑工程,práce na stropě,suspendovaný strop,závěsný strop
850259,"10 s 1000s, 1 s",Equipment,General,machine-shift,29.29,29.29,29.29,29.29,1,CZK,92.07,3.1429,7,7,建筑工程,Obecné instalační práce - Sv.5 Systémy inteligence budov,,
300038,pozinkovaný úhelník bednění 50×50×5×910,Material,Steel & Metal,pcs,69.6,69.6,69.6,69.6,1,CZK,139.62,2.006,7,7,建筑工程,Obecné instalační práce - Sv.4 Instalace elektrického zařízení,,montáž
280064,(ocelová trubka) 70,Material,Steel & Metal,pcs,3.14,3.14,3.14,3.14,1,CZK,0.48,0.1545,7,7,建筑工程,Obecné instalační práce - Sv.4 Instalace elektrického zařízení,,svařovací ocelová trubka
090538,šroub a,Material,Fasteners,kg,31.09,31.09,31.09,31.09,1,CZK,76.14,2.4491,7,7,建筑工程,"Obecné instalační práce - Sv.10 Vodovod, odpad, topení, plyn",,montáž držáků
010407,hřebík 19×100,Material,Fasteners,set,10.71,10.71,10.71,10.71,1,CZK,10.81,1.01,7,7,建筑工程,pracovní konstrukce z kovu,ocelová nosník,
100272,poly izolační membrána 0.7mm tloušťka,Material,Waterproofing,m2,49.71,49.71,49.71,49.71,1,CZK,60.47,1.2162,7,7,建筑工程,práce na střeše a hydroizolaci,vodotěsné střešní krytiny a drobnosti,vodotěsná membrána střechy
280264,spojka pozinkované ocelové trubky 70,Material,Steel & Metal,pcs,19.92,19.92,19.92,19.92,1,CZK,3.08,0.1545,7,7,建筑工程,Obecné instalační práce - Sv.4 Instalace elektrického zařízení,,pozinkovaná ocelová trubka
040046,KP1 děrovaná cihla 180×115×90,Material,General,pcs,3.21,3.21,3.21,3.21,1,CZK,88.46,27.5371,7,7,建筑工程,zděné práce,,
040045,KP1 děrovaná cihla 240×115×90,Material,General,pcs,3.02,3.02,3.02,3.02,1,CZK,807.27,267.2086,7,7,建筑工程,zděné práce,,
280265,spojka pozinkované ocelové trubky 80,Material,Steel & Metal,pcs,27.53,27.53,27.53,27.53,1,CZK,4.25,0.1545,7,7,建筑工程,Obecné instalační práce - Sv.4 Instalace elektrického zařízení,,pozinkovaná ocelová trubka
280266,spojka pozinkované ocelové trubky 100,Material,Steel & Metal,pcs,43.6,43.6,43.6,43.6,1,CZK,6.74,0.1545,7,7,建筑工程,Obecné instalační práce - Sv.4 Instalace elektrického zařízení,,pozinkovaná ocelová trubka
190010,100,Material,General,pcs,6194.47,6194.47,6194.47,6194.47,1,CZK,123.89,0.02,7,7,建筑工程,Obecné instalační práce - Sv.9 Ochrana proti požáru,,
850120,TSGC-30kVA,Equipment,General,machine-shift,55.07,55.07,55.07,55.07,1,CZK,75.68,1.3743,7,7,建筑工程,Obecné instalační práce - Sv.4 Instalace elektrického zařízení,elektřina,
400064,SF poly vodotěsnící malta,Material,Concrete & Cement,m3,2485.74,2485.74,2485.74,2485.74,1,CZK,124.54,0.0501,7,7,建筑工程,práce na střeše a hydroizolaci,vodotěsné střešní krytiny a drobnosti,střešní hydroizolace
020109,dutý blok,Material,General,m3,841.33,841.33,841.33,841.33,1,CZK,546.26,0.6493,7,7,建筑工程,zděné práce,zděná konstrukce,
020097,dutý speciální tvarovaný blok,Material,General,m3,917.81,917.81,917.81,917.81,1,CZK,135.92,0.1481,7,7,建筑工程,zděné práce,zděná konstrukce,
250005,"(s, s) 25MPa",Material,General,set,2249.41,2249.41,2249.41,2249.41,1,CZK,89.98,0.04,7,7,建筑工程,Obecné instalační práce - Sv.9 Ochrana proti požáru,,
800441,pásový jeřáb 50t,Equipment,Cranes,machine-shift,4451.39,4451.39,4451.39,4451.39,1,CZK,108.61,0.0244,7,7,建筑工程,přípravné práce a měření na místě,vertikální doprava,vertikální doprava
800065,elektřina,Equipment,General,machine-shift,328.88,328.88,328.88,328.88,1,CZK,70.68,0.2149,7,7,建筑工程,"Obecné instalační práce - Sv.10 Vodovod, odpad, topení, plyn",,
090599,matice,Material,Fasteners,kg,35.64,35.64,35.64,35.64,1,CZK,42.45,1.1911,7,7,建筑工程,"Obecné instalační práce - Sv.10 Vodovod, odpad, topení, plyn",,montáž držáků
800523,800T pilot,Equipment,General,machine-shift,12727.39,12727.39,12727.39,12727.39,1,CZK,828.3,0.0651,7,7,建筑工程,práce na pilotách,,
010063,pozinkovaná ocelová trubka 150,Material,Steel & Metal,m,360.24,360.24,360.24,360.24,1,CZK,412.73,1.1457,7,7,建筑工程,Obecné instalační práce - Sv.4 Instalace elektrického zařízení,,elektrické montážní práce
090129,pozinkováno s šroubem 12×(40 60),Material,Fasteners,set,2.87,2.87,2.87,2.87,1,CZK,21.91,7.64,7,7,建筑工程,Obecné instalační práce - Sv.4 Instalace elektrického zařízení,montáž,
180018,pozinkovaný spoj 15,Material,General,pcs,12.39,12.39,12.39,12.39,1,CZK,21.45,1.7314,7,7,建筑工程,"Obecné instalační práce - Sv.10 Vodovod, odpad, topení, plyn",voda,voda ()
810181,cementový kámen (kámen),Material,Concrete & Cement,m3,1223.75,1223.75,1223.75,1223.75,1,CZK,13.09,0.0107,7,7,建筑工程,"povrchové úpravy stěn a sloupů, příčky a závěsné stěny",omítání,dekorativní omítky na stěny
030122,kulatina dřevěná 25×5,Material,Wood & Timber,m,14.34,14.34,14.34,14.34,1,CZK,191.2,13.3326,7,7,建筑工程,jiné dekorativní práce,,zdiv
070061,nerezové lišty s povrchem zrcadlový lesk 30mm uvnitř,Material,Steel & Metal,m,65.01,65.01,65.01,65.01,1,CZK,99.79,1.535,7,7,建筑工程,jiné dekorativní práce,dekorativní lišta,kovová dekorativní lišta
060096,konečná tloušťka kamenné desky 100mm,Material,General,m2,841.33,841.33,841.33,841.33,1,CZK,858.16,1.02,7,7,建筑工程,"povrchové úpravy stěn a sloupů, příčky a závěsné stěny",vrstva obkladu stěn,kamenná deska na stěnu
110175,vyplňování spár,Material,General,kg,12.24,12.24,12.24,12.24,1,CZK,0.58,0.0474,7,7,建筑工程,podlahové dokončovací práce,kroky dekorativní,vyrovnávací vrstva
050021,ploché sklo 12mm,Material,Glass,m2,256.22,256.22,256.22,256.22,1,CZK,175.51,0.685,7,7,建筑工程,práce na dveřích a oknech,,zdiv
030029,dřevo,Material,Wood & Timber,m3,2294.53,2294.53,2294.53,2294.53,1,CZK,8.15,0.0036,7,7,建筑工程,úprava půdy a podpora svahů,vrstva dokončení,dřevěná podlaha
040001,cihla,Material,General,pcs,2.22,2.22,2.22,2.22,1,CZK,252.95,114.04,7,7,建筑工程,podlahové dokončovací práce,vrstva dokončení,dřevěná podlaha
800282,s buldozerem 75 kW,Equipment,Bulldozers,machine-shift,1749.96,1749.96,1749.96,1749.96,1,CZK,14.49,0.0083,7,7,建筑工程,zemní práce a práce se skalou,záplava,zpětné zásypy
110786,antikorozní nátěr,Material,Paint & Coatings,kg,85.66,85.66,85.66,85.66,1,CZK,41.92,0.4893,6,6,建筑工程,"Obecné instalační práce - Sv.12 Malování, protikorozní, tepelná izolace",,
110073,smalt,Material,Paint & Coatings,kg,113.58,113.58,113.58,113.58,1,CZK,52.78,0.4647,6,6,建筑工程,"Obecné instalační práce - Sv.12 Malování, protikorozní, tepelná izolace",,
110294,nátěr,Material,General,kg,23.37,23.37,23.37,23.37,1,CZK,2.28,0.0975,6,6,建筑工程,"Obecné instalační práce - Sv.12 Malování, protikorozní, tepelná izolace",,nátěr povrchů
030073,dřevěný lištový obklad (hřebíkový),Material,Wood & Timber,m,4.13,4.13,4.13,4.13,1,CZK,9.27,2.245,6,6,建筑工程,podlahové dokončovací práce,vrstva dokončení,základ
130008,alkaluvzdorná šířka 50mm,Material,General,m,0.31,0.31,0.31,0.31,1,CZK,0.34,1.1,6,6,建筑工程,"malířské, nátěrové a tapetářské práce",malba na omítce,malba na omítce
370240,přední deska okna,Material,Glass,m,267.7,267.7,267.7,267.7,1,CZK,267.7,1.0,6,6,建筑工程,práce na dveřích a oknech,"okno, okno",
090320,zámek,Material,General,pcs,83.37,83.37,83.37,83.37,1,CZK,83.37,1.0,6,6,建筑工程,práce na dveřích a oknech,instalace hardwaru,
090323,umístění dveří,Material,General,pcs,83.75,83.75,83.75,83.75,1,CZK,83.75,1.0,6,6,建筑工程,práce na dveřích a oknech,instalace hardwaru,
090325,základ,Material,General,pcs,305.94,305.94,305.94,305.94,1,CZK,305.94,1.0,6,6,建筑工程,práce na dveřích a oknech,instalace hardwaru,
090327,dveře,Material,General,pcs,57.36,57.36,57.36,57.36,1,CZK,57.36,1.0,6,6,建筑工程,práce na dveřích a oknech,instalace hardwaru,
090329,deska,Material,General,pcs,91.78,91.78,91.78,91.78,1,CZK,91.78,1.0,6,6,建筑工程,práce na dveřích a oknech,instalace hardwaru,
090443,kruh,Material,General,pcs,611.88,611.88,611.88,611.88,1,CZK,611.88,1.0,6,6,建筑工程,práce na dveřích a oknech,instalace hardwaru,
370190,pantový závěs,Material,General,pcs,305.94,305.94,305.94,305.94,1,CZK,305.94,1.0,6,6,建筑工程,práce na dveřích a oknech,instalace hardwaru,
370232,dřevěná deska,Material,Wood & Timber,m2,458.91,458.91,458.91,458.91,1,CZK,458.91,1.0,6,6,建筑工程,práce na dveřích a oknech,dveře a okno,
370233,nerezové okno,Material,Steel & Metal,m2,3162.63,3162.63,3162.63,3162.63,1,CZK,3162.63,1.0,6,6,建筑工程,práce na dveřích a oknech,dveře a okno,
370234,dřevěná deska,Material,Wood & Timber,m2,382.42,382.42,382.42,382.42,1,CZK,382.42,1.0,6,6,建筑工程,práce na dveřích a oknech,dveře a okno,
370235,nerezové okno,Material,Steel & Metal,m2,3162.63,3162.63,3162.63,3162.63,1,CZK,3162.63,1.0,6,6,建筑工程,práce na dveřích a oknech,okno deska,
370236,dřevěná okenní tabule,Material,Wood & Timber,m2,458.91,458.91,458.91,458.91,1,CZK,458.91,1.0,6,6,建筑工程,práce na dveřích a oknech,okno deska,
110777,kartáčování sádry,Material,General,kg,4.59,4.59,4.59,4.59,1,CZK,0.02,0.0033,6,6,建筑工程,"povrchové úpravy stěn a sloupů, příčky a závěsné stěny",omítání povrchu sloupu (trámu),obecné omítání povrchu nosníků a sloupů
810240,1: 1: 4 kompozitní malta,Material,Concrete & Cement,m3,1109.02,1109.02,1109.02,1109.02,1,CZK,3.66,0.0033,6,6,建筑工程,"povrchové úpravy stěn a sloupů, příčky a závěsné stěny",omítání povrchu sloupu (trámu),obecné omítání povrchu nosníků a sloupů
110619,vrstva nátěru,Material,General,kg,76.48,76.48,76.48,76.48,1,CZK,157.56,2.06,6,6,建筑工程,podlahové dokončovací práce,,
180001,pozinkovaný 15,Material,General,pcs,3.06,3.06,3.06,3.06,1,CZK,3.09,1.01,6,6,建筑工程,"Obecné instalační práce - Sv.10 Vodovod, odpad, topení, plyn",voda,voda ()
390191,prefabrikovaný vodní beton 250,Material,Concrete & Cement,pcs,172.09,172.09,172.09,172.09,1,CZK,100.04,0.5813,6,6,建筑工程,práce na pilotách,vrtaná pilotáž,
010570,bednění,Material,General,kg,26.77,26.77,26.77,26.77,1,CZK,89.14,3.33,6,6,建筑工程,práce na pilotách,vrtaná pilotáž,
800013,elektrický naviják jednokotoučový 1t,Equipment,Hoists,machine-shift,394.28,394.28,394.28,394.28,1,CZK,168.81,0.4282,6,6,建筑工程,práce na pilotách,vrtaná pilotáž,
060003,podlahová dlažba nad 0.16m2,Material,General,m2,298.29,298.29,298.29,298.29,1,CZK,304.26,1.02,6,6,建筑工程,podlahové dokončovací práce,dlažba,
060039,typ kamenná deska 5mm,Material,General,m2,535.39,535.39,535.39,535.39,1,CZK,546.1,1.02,6,6,建筑工程,"povrchové úpravy stěn a sloupů, příčky a závěsné stěny",vrstva obkladu stěn,kamenná deska na stěnu
130042,zabalený do pytlů,Material,General,m3,841.33,841.33,841.33,841.33,1,CZK,42.91,0.051,6,6,建筑工程,práce na tepelně izolačních a protikorozních systémech,,strop
130045,skleněné pytlované,Material,Glass,m3,1499.09,1499.09,1499.09,1499.09,1,CZK,76.45,0.051,6,6,建筑工程,práce na tepelně izolačních a protikorozních systémech,,strop
100037,lepidlo 2,Material,General,m2,84.9,84.9,84.9,84.9,1,CZK,3.96,0.0467,6,6,建筑工程,Obecné instalační práce - Sv.9 Ochrana proti požáru,elektrické instalace (),
040033,Cihla DM2 190×190×90,Material,General,pcs,3.06,3.06,3.06,3.06,1,CZK,578.8,189.19,6,6,建筑工程,zděné práce,,
040034,Cihla DM3 190×140×90,Material,General,pcs,2.68,2.68,2.68,2.68,1,CZK,483.3,180.54,6,6,建筑工程,zděné práce,,
040035,Cihla DM4 190×90×90,Material,General,pcs,2.07,2.07,2.07,2.07,1,CZK,480.82,232.835,6,6,建筑工程,zděné práce,,
800233,159,Equipment,General,machine-shift,56.6,56.6,56.6,56.6,1,CZK,1.98,0.035,6,6,建筑工程,"Obecné instalační práce - Sv.10 Vodovod, odpad, topení, plyn",,instalace čtvercové výroby ()
110475,kámen,Material,General,kg,30.59,30.59,30.59,30.59,1,CZK,50.86,1.6625,6,6,建筑工程,"povrchové úpravy stěn a sloupů, příčky a závěsné stěny",omítání,obecné omítky
370237,dřevěná okenní deska,Material,Wood & Timber,m2,382.42,382.42,382.42,382.42,1,CZK,382.42,1.0,6,6,建筑工程,práce na dveřích a oknech,okno deska,
370186,okno (),Material,Glass,m2,210.33,210.33,210.33,210.33,1,CZK,210.33,1.0,6,6,建筑工程,práce na dveřích a oknech,"okno, okno",
370188,okno,Material,Glass,m,84.13,84.13,84.13,84.13,1,CZK,84.13,1.0,6,6,建筑工程,práce na dveřích a oknech,"okno, okno",
370189,hliníková slitina okno,Material,Glass,m,267.7,267.7,267.7,267.7,1,CZK,267.7,1.0,6,6,建筑工程,práce na dveřích a oknech,"okno, okno",
370238,dřevěné okno,Material,Wood & Timber,m,363.3,363.3,363.3,363.3,1,CZK,363.3,1.0,6,6,建筑工程,práce na dveřích a oknech,"okno, okno",
370239,dřevěné okno,Material,Wood & Timber,m,325.06,325.06,325.06,325.06,1,CZK,325.06,1.0,6,6,建筑工程,práce na dveřích a oknech,"okno, okno",
370197,elektrické okno,Material,Glass,set,30593.77,30593.77,30593.77,30593.77,1,CZK,30593.77,1.0,6,6,建筑工程,práce na dveřích a oknech,instalace hardwaru,
110231,polyuretan,Material,General,pcs,53.92,53.92,53.92,53.92,1,CZK,16.61,0.308,6,6,建筑工程,práce na dveřích a oknech,,
370198,ocel,Material,Steel & Metal,kg,22.95,22.95,22.95,22.95,1,CZK,34.42,1.5,6,6,建筑工程,práce na dveřích a oknech,,
370199,sklo,Material,Glass,m2,1720.9,1720.9,1720.9,1720.9,1,CZK,1720.9,1.0,6,6,建筑工程,práce na dveřích a oknech,,
110015,polyuretanový nátěr podlahy,Material,Paint & Coatings,kg,83.37,83.37,83.37,83.37,1,CZK,4.29,0.0515,6,6,建筑工程,"malířské, nátěrové a tapetářské práce",nátěr na dřevěné povrchy,nátěr dřevěné základní desky
110791,akrylátový vrchní nátěr,Material,General,kg,114.73,114.73,114.73,114.73,1,CZK,33.84,0.295,6,6,建筑工程,"malířské, nátěrové a tapetářské práce",barva na kovové povrchy,"kovový povrch, ocelová konstrukční barva"
080270,deska 50mm,Material,General,m2,497.15,497.15,497.15,497.15,1,CZK,517.03,1.04,6,6,建筑工程,práce na tepelně izolačních a protikorozních systémech,,strop
080271,deska 50mm,Material,General,m2,497.15,497.15,497.15,497.15,1,CZK,517.03,1.04,6,6,建筑工程,práce na tepelně izolačních a protikorozních systémech,,strop
800041,deska 2×1600,Equipment,General,machine-shift,40.15,40.15,40.15,40.15,1,CZK,0.4,0.01,6,6,建筑工程,Obecné instalační práce - Sv.7 Větrání a klimatizace,zdiv,
110126,výška 40L,Material,General,láhev,73.04,73.04,73.04,73.04,1,CZK,143.04,1.9583,6,6,建筑工程,Obecné instalační práce - Sv.9 Ochrana proti požáru,,
040038,betonová dutinová tvárnice tloušťky 90,Material,Concrete & Cement,m3,879.57,879.57,879.57,879.57,1,CZK,818.0,0.93,6,6,建筑工程,zděné práce,zděná konstrukce,
040039,190 tloušťka betonový dutý blok,Material,Concrete & Cement,m3,898.69,898.69,898.69,898.69,1,CZK,835.78,0.93,6,6,建筑工程,zděné práce,zděná konstrukce,
040040,190 tloušťka s dekorativním betonovým dutým blokem,Material,Concrete & Cement,m3,1687.63,1687.63,1687.63,1687.63,1,CZK,1569.49,0.93,6,6,建筑工程,zděné práce,zděná konstrukce,
040047,90 tloušťka s dekorativním betonovým dutým blokem,Material,Concrete & Cement,m3,2193.57,2193.57,2193.57,2193.57,1,CZK,2040.02,0.93,6,6,建筑工程,zděné práce,zděná konstrukce,
020098,omítání dutých tvárnic,Material,General,m3,1070.78,1070.78,1070.78,1070.78,1,CZK,866.28,0.809,6,6,建筑工程,zděné práce,zděná konstrukce,
020099,omítání dutých speciálně tvarovaných bloků,Material,General,m3,1109.02,1109.02,1109.02,1109.02,1,CZK,210.51,0.1898,6,6,建筑工程,zděné práce,zděná konstrukce,
020100,omítání dekorativních bloků,Material,General,m3,1892.99,1892.99,1892.99,1892.99,1,CZK,1531.43,0.809,6,6,建筑工程,zděné práce,zděná konstrukce,
020101,omítání dekorativní speciální tvarované bloky,Material,General,m3,1988.6,1988.6,1988.6,1988.6,1,CZK,377.83,0.19,6,6,建筑工程,zděné práce,zděná konstrukce,
050004,skleněná dekorativní deska (cihla) podlaha,Material,Glass,m2,1912.11,1912.11,1912.11,1912.11,1,CZK,1931.23,1.01,6,6,建筑工程,podlahové dokončovací práce,dlažba,
060038,typ kamenné desky 8 12mm,Material,General,m2,573.63,573.63,573.63,573.63,1,CZK,585.11,1.02,6,6,建筑工程,"povrchové úpravy stěn a sloupů, příčky a závěsné stěny",vrstva obkladu stěn,kamenná deska na stěnu
080743,dekorativní obkladová dlaždice,Material,General,m2,1376.72,1376.72,1376.72,1376.72,1,CZK,1445.56,1.05,6,6,建筑工程,"povrchové úpravy stěn a sloupů, příčky a závěsné stěny",čelní stěna,dekorativní deska na stěnu
080740,dekorativní fluorokarbonový nátěr na hliníkový povrch desky,Material,General,m2,1720.9,1720.9,1720.9,1720.9,1,CZK,1806.94,1.05,6,6,建筑工程,"povrchové úpravy stěn a sloupů, příčky a závěsné stěny",čelní stěna,dekorativní deska na stěnu
100362,lepicí deska 6,Material,General,kg,24.48,24.48,24.48,24.48,1,CZK,2.96,0.121,6,6,建筑工程,Obecné instalační práce - Sv.7 Větrání a klimatizace,montáž,montáž
040073,cihla,Material,General,m3,122.38,122.38,122.38,122.38,1,CZK,2.81,0.023,6,6,建筑工程,betonové a železobetonové práce,betonové konstrukce na místě,
400014,C30 kamenný beton,Material,Concrete & Cement,m3,1662.39,1662.39,1662.39,1662.39,1,CZK,168.87,0.1016,6,6,建筑工程,betonové a železobetonové práce,betonové konstrukce na místě,
130114,8501 těsnicí páska,Material,Rubber,m,4.21,4.21,4.21,4.21,1,CZK,5.19,1.2346,6,6,建筑工程,Obecné instalační práce - Sv.7 Větrání a klimatizace,,"montáž ocelového obdélníkového plechu (1.2mm uvnitř, )"
040080,opracovaná kamenná deska 20 25,Material,General,m2,216.07,216.07,216.07,216.07,1,CZK,222.55,1.03,6,6,建筑工程,zděné práce,kamenné zdivo,
090461,nerezový hřebík 8,Material,Steel & Metal,pcs,0.73,0.73,0.73,0.73,1,CZK,6.47,8.904,6,6,建筑工程,"povrchové úpravy stěn a sloupů, příčky a závěsné stěny",obklad povrchu sloupu (nosníku),povrch kamenného sloupu
091464,nerezová ocel T typ,Material,Steel & Metal,kg,91.78,91.78,91.78,91.78,1,CZK,9.8,0.1068,6,6,建筑工程,"povrchové úpravy stěn a sloupů, příčky a závěsné stěny",čelní stěna,dekorativní deska na stěnu
080298,Z profil,Material,General,m,34.04,34.04,34.04,34.04,1,CZK,201.42,5.918,6,6,建筑工程,práce na tepelně izolačních a protikorozních systémech,,strop
090933,8 hřebík,Material,Fasteners,set,3.82,3.82,3.82,3.82,1,CZK,14.82,3.876,6,6,建筑工程,práce na tepelně izolačních a protikorozních systémech,,strop
080737,dekorativní deska z žulového kamene,Material,General,m2,1720.9,1720.9,1720.9,1720.9,1,CZK,1806.94,1.05,6,6,建筑工程,"povrchové úpravy stěn a sloupů, příčky a závěsné stěny",čelní stěna,dekorativní deska na stěnu
080738,dekorativní deska,Material,General,m2,1376.72,1376.72,1376.72,1376.72,1,CZK,1445.56,1.05,6,6,建筑工程,"povrchové úpravy stěn a sloupů, příčky a závěsné stěny",čelní stěna,dekorativní deska na stěnu
080741,dekorativní nátěr povrchu běžné desky,Material,General,m2,1070.78,1070.78,1070.78,1070.78,1,CZK,1124.32,1.05,6,6,建筑工程,"povrchové úpravy stěn a sloupů, příčky a závěsné stěny",čelní stěna,dekorativní deska na stěnu
080742,dekorativní obkladová dlaždice,Material,General,m2,1223.75,1223.75,1223.75,1223.75,1,CZK,1284.94,1.05,6,6,建筑工程,"povrchové úpravy stěn a sloupů, příčky a závěsné stěny",čelní stěna,dekorativní deska na stěnu
110792,fluorokarbonový nátěr,Material,Paint & Coatings,kg,344.18,344.18,344.18,344.18,1,CZK,121.84,0.354,6,6,建筑工程,"malířské, nátěrové a tapetářské práce",barva na kovové povrchy,"kovový povrch, ocelová konstrukční barva"
110790,ředidlo na fluorokarbonové barvy,Material,Paint & Coatings,kg,77.25,77.25,77.25,77.25,1,CZK,3.42,0.0442,6,6,建筑工程,"malířské, nátěrové a tapetářské práce",barva na kovové povrchy,"kovový povrch, ocelová konstrukční barva"
070048,dekorativní lišta z hliníkové slitiny,Material,General,m,15.3,15.3,15.3,15.3,1,CZK,62.79,4.1049,6,6,建筑工程,"malířské, nátěrové a tapetářské práce",,
050016,zrcadlo 5mm,Material,General,m2,191.21,191.21,191.21,191.21,1,CZK,261.0,1.365,6,6,建筑工程,jiné dekorativní práce,,rám
150066,strip,Material,General,m,4.13,4.13,4.13,4.13,1,CZK,7.19,1.7397,6,6,建筑工程,práce na dveřích a oknech,a instalace,montáž
040004,cement,Material,Concrete & Cement,m2,92.93,92.93,92.93,92.93,1,CZK,95.72,1.03,6,6,建筑工程,práce na střeše a hydroizolaci,,
040121,(podklad),Material,General,m2,344.18,344.18,344.18,344.18,1,CZK,354.51,1.03,6,6,建筑工程,práce na střeše a hydroizolaci,,
090237,pozinkovaná železná drátěná síť,Material,Steel & Metal,m2,47.42,47.42,47.42,47.42,1,CZK,48.84,1.03,6,6,建筑工程,práce na střeše a hydroizolaci,,
370086,dveře,Material,General,set,107078.2,107078.2,107078.2,107078.2,1,CZK,107078.2,1.0,6,6,建筑工程,práce na dveřích a oknech,instalace hardwaru,
370107,elektrické dveře,Material,General,set,7648.44,7648.44,7648.44,7648.44,1,CZK,7648.44,1.0,6,6,建筑工程,práce na dveřích a oknech,instalace hardwaru,
370192,zámek na podlaze dveří,Material,General,pcs,1376.72,1376.72,1376.72,1376.72,1,CZK,1376.72,1.0,6,6,建筑工程,práce na dveřích a oknech,instalace hardwaru,
090436,dveře,Material,General,m,87.96,87.96,87.96,87.96,1,CZK,93.23,1.06,6,6,建筑工程,práce na dveřích a oknech,instalace hardwaru,
390164,prefabrikovaný betonový panel,Material,Concrete & Cement,m3,7266.02,7266.02,7266.02,7266.02,1,CZK,7266.02,1.0,6,6,建筑工程,betonové a železobetonové práce,prefabrikovaný betonový panel,
390012,kulatá deska,Material,General,m3,5434.22,5434.22,5434.22,5434.22,1,CZK,5434.22,1.0,6,6,建筑工程,betonové a železobetonové práce,prefabrikovaný betonový panel,
390013,délka kruhové desky,Material,General,m3,6757.4,6757.4,6757.4,6757.4,1,CZK,6757.4,1.0,6,6,建筑工程,betonové a železobetonové práce,prefabrikovaný betonový panel,
390014,délka kruhové desky,Material,General,m3,7212.48,7212.48,7212.48,7212.48,1,CZK,7212.48,1.0,6,6,建筑工程,betonové a železobetonové práce,prefabrikovaný betonový panel,
390015,-tvarná deska,Material,General,m3,8030.86,8030.86,8030.86,8030.86,1,CZK,8030.86,1.0,6,6,建筑工程,betonové a železobetonové práce,prefabrikovaný betonový panel,
390139,SP(D) dutá deska,Material,General,m3,7120.7,7120.7,7120.7,7120.7,1,CZK,7120.7,1.0,6,6,建筑工程,betonové a železobetonové práce,prefabrikovaný betonový panel,
390165,okno deska,Material,Glass,m3,6883.6,6883.6,6883.6,6883.6,1,CZK,6883.6,1.0,6,6,建筑工程,betonové a železobetonové práce,prefabrikovaný betonový panel,
850207,DP1-601,Equipment,General,machine-shift,264.83,264.83,264.83,264.83,1,CZK,101.96,0.385,6,6,建筑工程,Obecné instalační práce - Sv.6 Automatizace a kontrola instrumentace,,
370113,elektrické dveře,Material,General,set,15679.31,15679.31,15679.31,15679.31,1,CZK,15679.31,1.0,6,6,建筑工程,práce na dveřích a oknech,instalace hardwaru,
370194,zámek,Material,General,set,363.3,363.3,363.3,363.3,1,CZK,363.3,1.0,6,6,建筑工程,práce na dveřích a oknech,instalace hardwaru,
370195,pant,Material,General,set,191.21,191.21,191.21,191.21,1,CZK,191.21,1.0,6,6,建筑工程,práce na dveřích a oknech,instalace hardwaru,
040122,cementová deska,Material,Concrete & Cement,m2,382.42,382.42,382.42,382.42,1,CZK,393.89,1.03,6,6,建筑工程,práce na střeše a hydroizolaci,,
040123,cementová deska,Material,Concrete & Cement,pcs,344.18,344.18,344.18,344.18,1,CZK,99.81,0.29,6,6,建筑工程,práce na střeše a hydroizolaci,,
091063,okapová lišta,Material,General,pcs,39.01,39.01,39.01,39.01,1,CZK,11.47,0.294,6,6,建筑工程,práce na střeše a hydroizolaci,,
110437,-tvarý,Material,General,m2,305.94,305.94,305.94,305.94,1,CZK,315.12,1.03,6,6,建筑工程,práce na střeše a hydroizolaci,,
110438,-tvarý,Material,General,pcs,210.33,210.33,210.33,210.33,1,CZK,61.0,0.29,6,6,建筑工程,práce na střeše a hydroizolaci,,
110439,plochý tvarovaný plech,Material,General,m2,210.33,210.33,210.33,210.33,1,CZK,216.64,1.03,6,6,建筑工程,práce na střeše a hydroizolaci,,
110440,plochý tvarovaný plech,Material,General,pcs,145.32,145.32,145.32,145.32,1,CZK,42.14,0.29,6,6,建筑工程,práce na střeše a hydroizolaci,,
110441,Kompozit typu T,Material,General,m2,325.06,325.06,325.06,325.06,1,CZK,334.81,1.03,6,6,建筑工程,práce na střeše a hydroizolaci,,
110557,deska,Material,General,m,172.09,172.09,172.09,172.09,1,CZK,24.82,0.1442,6,6,建筑工程,práce na střeše a hydroizolaci,,
110448,polyuretan,Material,General,m2,19.12,19.12,19.12,19.12,1,CZK,15.93,0.8333,6,6,建筑工程,práce na střeše a hydroizolaci,,profil a další položky střechy
080185,pás z papírem potaženého sádrokartonu 50×12,Material,Wood & Timber,m,4.4,4.4,4.4,4.4,1,CZK,10.27,2.3342,6,6,建筑工程,"povrchové úpravy stěn a sloupů, příčky a závěsné stěny",čelní stěna,dekorativní deska na stěnu
110145,KF80 tmel,Material,General,kg,2.52,2.52,2.52,2.52,1,CZK,0.12,0.047,6,6,建筑工程,"povrchové úpravy stěn a sloupů, příčky a závěsné stěny",čelní stěna,dekorativní deska na stěnu
800550,hoblovka na dřevo tloušťka jednoho povrchu šířka 600mm,Equipment,General,machine-shift,45.89,45.89,45.89,45.89,1,CZK,0.92,0.02,6,6,建筑工程,"povrchové úpravy stěn a sloupů, příčky a závěsné stěny",čelní stěna,dekorativní deska na stěnu
800022,vzduchový kompresor 0.6m3/min,Equipment,Compressors,machine-shift,58.51,58.51,58.51,58.51,1,CZK,11.12,0.19,6,6,建筑工程,Obecné instalační práce - Sv.6 Automatizace a kontrola instrumentace,,
850200,kompozit,Equipment,General,machine-shift,22.75,22.75,22.75,22.75,1,CZK,4.32,0.19,6,6,建筑工程,Obecné instalační práce - Sv.6 Automatizace a kontrola instrumentace,,
850202,910B,Equipment,General,machine-shift,147.31,147.31,147.31,147.31,1,CZK,55.98,0.38,6,6,建筑工程,Obecné instalační práce - Sv.6 Automatizace a kontrola instrumentace,,
390016,plošná deska,Material,General,m3,6921.84,6921.84,6921.84,6921.84,1,CZK,6921.84,1.0,6,6,建筑工程,betonové a železobetonové práce,prefabrikovaný betonový panel,
390023,zábradlí balkonu,Material,General,m3,12854.74,12854.74,12854.74,12854.74,1,CZK,12854.74,1.0,6,6,建筑工程,betonové a železobetonové práce,prefabrikovaný betonový panel,
390026,kanal,Material,General,m3,6844.21,6844.21,6844.21,6844.21,1,CZK,6844.21,1.0,6,6,建筑工程,betonové a železobetonové práce,prefabrikovaný betonový panel,
390138,krytina,Material,General,m3,6462.93,6462.93,6462.93,6462.93,1,CZK,6462.93,1.0,6,6,建筑工程,betonové a železobetonové práce,prefabrikovaný betonový panel,
090154,šroub 14×150,Material,Fasteners,set,37.82,37.82,37.82,37.82,1,CZK,57.11,1.51,6,6,建筑工程,betonové a železobetonové práce,stavební konstrukce,
850211,elektřina elektřina 2553,Equipment,General,machine-shift,100.35,100.35,100.35,100.35,1,CZK,91.15,0.9084,6,6,建筑工程,Obecné instalační práce - Sv.6 Automatizace a kontrola instrumentace,,jednotka
130891,dřevěná dekorativní deska,Material,Wood & Timber,m2,1529.69,1529.69,1529.69,1529.69,1,CZK,1636.77,1.07,6,6,建筑工程,"povrchové úpravy stěn a sloupů, příčky a závěsné stěny",čelní stěna,dekorativní deska na stěnu
130892,sádrokartonová deska,Material,General,m2,108.99,108.99,108.99,108.99,1,CZK,114.44,1.05,6,6,建筑工程,"povrchové úpravy stěn a sloupů, příčky a závěsné stěny",čelní stěna,dekorativní deska na stěnu
110788,ředidlo na polyuretanový vrchní nátěr dřeva,Material,Wood & Timber,kg,55.83,55.83,55.83,55.83,1,CZK,0.27,0.0048,6,6,建筑工程,"malířské, nátěrové a tapetářské práce","dřevěné zábradlí a další položky, desky, lišty a nátěry","zrcadlové lišty, okno, jednovrstvá dřevěná lišta na malování"
110834,vodou ředitelný akrylátový základní nátěr na dřevo,Material,Wood & Timber,kg,63.1,63.1,63.1,63.1,1,CZK,5.97,0.0946,6,6,建筑工程,"malířské, nátěrové a tapetářské práce",nátěr na dřevěné povrchy,"dřevěná deska, vláknitá deska, nátěr na strop z překližky"
070053,hliníkový slitinový profil 30mm uvnitř,Material,General,m,25.51,25.51,25.51,25.51,1,CZK,26.27,1.03,6,6,建筑工程,jiné dekorativní práce,dekorativní lišta,kovová dekorativní lišta
070054,hliníkový slitinový profil 30mm přesahující,Material,General,m,34.76,34.76,34.76,34.76,1,CZK,35.81,1.03,6,6,建筑工程,jiné dekorativní práce,dekorativní lišta,kovová dekorativní lišta
070055,nerezové lišty s povrchem zrcadlový lesk 30mm uvnitř,Material,Steel & Metal,m,65.01,65.01,65.01,65.01,1,CZK,66.96,1.03,6,6,建筑工程,jiné dekorativní práce,dekorativní lišta,kovová dekorativní lišta
070056,"nerezové lišty s povrchovou úpravou zrcadlový lesk, přesah 30mm",Material,Steel & Metal,m,92.55,92.55,92.55,92.55,1,CZK,95.32,1.03,6,6,建筑工程,jiné dekorativní práce,dekorativní lišta,kovová dekorativní lišta
070057,zrcadlově leštěný profil 30mm uvnitř,Material,General,m,59.66,59.66,59.66,59.66,1,CZK,61.45,1.03,6,6,建筑工程,jiné dekorativní práce,dekorativní lišta,kovová dekorativní lišta
070058,lišta s zrcadlovou povrchovou úpravou přesahující 30mm,Material,General,m,71.13,71.13,71.13,71.13,1,CZK,73.26,1.03,6,6,建筑工程,jiné dekorativní práce,dekorativní lišta,kovová dekorativní lišta
070059,hliníkový slitinový profil 30mm uvnitř,Material,General,m,27.8,27.8,27.8,27.8,1,CZK,28.64,1.03,6,6,建筑工程,jiné dekorativní práce,dekorativní lišta,kovová dekorativní lišta
070060,hliníkový slitinový profil 30mm přesahující,Material,General,m,37.09,37.09,37.09,37.09,1,CZK,38.21,1.03,6,6,建筑工程,jiné dekorativní práce,dekorativní lišta,kovová dekorativní lišta
070062,"nerezové lišty s povrchovou úpravou zrcadlový lesk, přesah 30mm",Material,Steel & Metal,m,92.55,92.55,92.55,92.55,1,CZK,95.32,1.03,6,6,建筑工程,jiné dekorativní práce,dekorativní lišta,kovová dekorativní lišta
070063,zrcadlově leštěný profil 30mm uvnitř,Material,General,m,73.43,73.43,73.43,73.43,1,CZK,75.63,1.03,6,6,建筑工程,jiné dekorativní práce,dekorativní lišta,kovová dekorativní lišta
070064,lišta s zrcadlovou povrchovou úpravou přesahující 30mm,Material,General,m,94.08,94.08,94.08,94.08,1,CZK,96.9,1.03,6,6,建筑工程,jiné dekorativní práce,dekorativní lišta,kovová dekorativní lišta
010387,kompozitní držák,Material,General,pcs,19.12,19.12,19.12,19.12,1,CZK,76.48,4.0,6,6,建筑工程,práce na střeše a hydroizolaci,,profil a další položky střechy
010408,ocel s 0.8mm,Material,Steel & Metal,m,38.24,38.24,38.24,38.24,1,CZK,5.06,0.1323,6,6,建筑工程,práce na střeše a hydroizolaci,,profil a další položky střechy
090053,rozpěrný šroub 5,Material,Fasteners,set,2.52,2.52,2.52,2.52,1,CZK,10.3,4.08,6,6,建筑工程,Obecné instalační práce - Sv.5 Systémy inteligence budov,montáž,montáž elektrického okna
010011,pozinkovaný ocelový profil,Material,Steel & Metal,kg,25.66,25.66,25.66,25.66,1,CZK,5365.36,209.09,6,6,建筑工程,Obecné instalační práce - Sv.5 Systémy inteligence budov,,
010003,s výztužnou ocelí,Material,Steel & Metal,kg,16.6,16.6,16.6,16.6,1,CZK,17012.05,1025.0,6,6,建筑工程,betonové a železobetonové práce,železobetonové práce,
080141,hliníková slitina nosník 60×30,Material,General,m,20.42,20.42,20.42,20.42,1,CZK,70.67,3.4607,6,6,建筑工程,"povrchové úpravy stěn a sloupů, příčky a závěsné stěny",sloupec (nosník) čelní,dekorativní povrch sloupu (nosníku)
070135,hliníkový pás 50mm uvnitř,Material,General,m,35.76,35.76,35.76,35.76,1,CZK,36.83,1.03,6,6,建筑工程,jiné dekorativní práce,dekorativní lišta,hliníková dekorativní lišta
070139,hliníkový pás 50mm přesahující,Material,General,m,47.8,47.8,47.8,47.8,1,CZK,49.24,1.03,6,6,建筑工程,jiné dekorativní práce,dekorativní lišta,hliníková dekorativní lišta
080295,hliníková plochá lišta 50mm uvnitř,Material,General,m,35.76,35.76,35.76,35.76,1,CZK,36.83,1.03,6,6,建筑工程,jiné dekorativní práce,dekorativní lišta,hliníková dekorativní lišta
070142,hliníková plochá lišta 50mm přesah,Material,General,m,49.71,49.71,49.71,49.71,1,CZK,51.21,1.03,6,6,建筑工程,jiné dekorativní práce,dekorativní lišta,hliníková dekorativní lišta
130094,izolační deska z kamenné vlny tloušťky 100mm,Material,Wood & Timber,m2,688.36,688.36,688.36,688.36,1,CZK,709.01,1.03,6,6,建筑工程,práce na střeše a hydroizolaci,,profil a další položky střechy
800272,jeřáb na dveře 10t,Equipment,Cranes,machine-shift,1175.57,1175.57,1175.57,1175.57,1,CZK,0.78,0.0007,6,6,建筑工程,práce na střeše a hydroizolaci,,profil a další položky střechy
800428,deska 20×4,Equipment,General,machine-shift,536.16,536.16,536.16,536.16,1,CZK,0.36,0.0007,6,6,建筑工程,práce na střeše a hydroizolaci,,profil a další položky střechy
800494,plošná deska,Equipment,General,machine-shift,230.22,230.22,230.22,230.22,1,CZK,0.1,0.0004,6,6,建筑工程,práce na střeše a hydroizolaci,,profil a další položky střechy
800534,deska,Equipment,General,machine-shift,210.33,210.33,210.33,210.33,1,CZK,0.14,0.0007,6,6,建筑工程,práce na střeše a hydroizolaci,,profil a další položky střechy
380011,ocelové ploché,Material,Steel & Metal,t,25704.5,25704.5,25704.5,25704.5,1,CZK,25704.5,1.0,6,6,建筑工程,pracovní konstrukce z kovu,ocelová konstrukce,
810075,C20 obyčejný beton,Material,Concrete & Cement,m3,1002.33,1002.33,1002.33,1002.33,1,CZK,44.1,0.044,6,6,建筑工程,Obecné instalační práce - Sv.4 Instalace elektrického zařízení,vrt,monolitická betonová jímka
850111,LCR ZL6,Equipment,General,machine-shift,22.79,22.79,22.79,22.79,1,CZK,47.37,2.0783,6,6,建筑工程,Obecné instalační práce - Sv.4 Instalace elektrického zařízení,elektřina,
850112,elektřina JCD4060,Equipment,General,machine-shift,358.33,358.33,358.33,358.33,1,CZK,744.73,2.0783,6,6,建筑工程,Obecné instalační práce - Sv.4 Instalace elektrického zařízení,elektřina,
850110,elektřina,Equipment,General,machine-shift,30.71,30.71,30.71,30.71,1,CZK,102.21,3.3283,6,6,建筑工程,Obecné instalační práce - Sv.4 Instalace elektrického zařízení,elektřina,
100114,lepivý,Material,General,m,18.05,18.05,18.05,18.05,1,CZK,0.39,0.0213,6,6,建筑工程,"povrchové úpravy stěn a sloupů, příčky a závěsné stěny",sloupec (nosník) čelní,dekorativní povrch sloupu (nosníku)
070143,hliníkový profil 40mm uvnitř,Material,General,m,39.01,39.01,39.01,39.01,1,CZK,40.18,1.03,6,6,建筑工程,jiné dekorativní práce,dekorativní lišta,hliníková dekorativní lišta
070144,hliníkový profil 40mm přesahující,Material,General,m,45.89,45.89,45.89,45.89,1,CZK,47.27,1.03,6,6,建筑工程,jiné dekorativní práce,dekorativní lišta,hliníková dekorativní lišta
070034,PVC povrchová lišta 50mm uvnitř,Material,General,m,27.53,27.53,27.53,27.53,1,CZK,28.36,1.03,6,6,建筑工程,jiné dekorativní práce,dekorativní lišta,dekorativní lišta
070033,PVC povrchová lišta přesahující 50mm,Material,General,m,55.07,55.07,55.07,55.07,1,CZK,56.72,1.03,6,6,建筑工程,jiné dekorativní práce,dekorativní lišta,dekorativní lišta
070035,PVC ploché lišty 50mm uvnitř,Material,General,m,28.68,28.68,28.68,28.68,1,CZK,29.54,1.03,6,6,建筑工程,jiné dekorativní práce,dekorativní lišta,dekorativní lišta
070036,PVC povrchová plochá lišta 50mm přesah,Material,General,m,73.43,73.43,73.43,73.43,1,CZK,75.63,1.03,6,6,建筑工程,jiné dekorativní práce,dekorativní lišta,dekorativní lišta
070046,PVC povrchové lišty 40mm uvnitř,Material,General,m,33.04,33.04,33.04,33.04,1,CZK,34.03,1.03,6,6,建筑工程,jiné dekorativní práce,dekorativní lišta,dekorativní lišta
070047,PVC povrchová lišta 40mm přesah,Material,General,m,87.96,87.96,87.96,87.96,1,CZK,90.6,1.03,6,6,建筑工程,jiné dekorativní práce,dekorativní lišta,dekorativní lišta
110429,vodotěsnění,Material,Waterproofing,kg,61.95,61.95,61.95,61.95,1,CZK,34.88,0.563,6,6,建筑工程,práce na střeše a hydroizolaci,vodotěsné střešní krytiny a drobnosti,střešní hydroizolace
150176,ocel,Material,Steel & Metal,kg,72.66,72.66,72.66,72.66,1,CZK,130.79,1.8,6,6,建筑工程,práce na střeše a hydroizolaci,vodotěsné střešní krytiny a drobnosti,střešní hydroizolace
380077,ocelová deska podlahy 0.91mm,Material,Steel & Metal,m2,478.03,478.03,478.03,478.03,1,CZK,533.8,1.1167,6,6,建筑工程,pracovní konstrukce z kovu,"ocelová deska podlahy, stěnová deska",
380078,ocelová deska podlahy 0.91mm,Material,Steel & Metal,m2,325.06,325.06,325.06,325.06,1,CZK,362.98,1.1167,6,6,建筑工程,pracovní konstrukce z kovu,"ocelová deska podlahy, stěnová deska",
380072,kompozitní stěnová deska (100mm vrstva kamenné vlny),Material,Aggregates,m2,1070.78,1070.78,1070.78,1070.78,1,CZK,1195.71,1.1167,6,6,建筑工程,pracovní konstrukce z kovu,"ocelová deska podlahy, stěnová deska",
380088,hřebíková sendvičová stěnová deska (100mm vrstva skelné vlny),Material,Fasteners,m2,688.36,688.36,688.36,688.36,1,CZK,768.67,1.1167,6,6,建筑工程,pracovní konstrukce z kovu,"ocelová deska podlahy, stěnová deska",
380007,ocelové stěnové rámy,Material,Steel & Metal,t,23710.17,23710.17,23710.17,23710.17,1,CZK,23710.17,1.0,6,6,建筑工程,pracovní konstrukce z kovu,ocelová konstrukce,
370228,nerezové okno,Material,Steel & Metal,m2,3059.38,3059.38,3059.38,3059.38,1,CZK,3059.38,1.0,6,6,建筑工程,práce na dveřích a oknech,kovové okno,
370068,montáž okna na desku,Material,Glass,m2,1032.54,1032.54,1032.54,1032.54,1,CZK,1032.54,1.0,6,6,建筑工程,práce na dveřích a oknech,kovové okno,
370069,okno s výplní,Material,Glass,m2,1109.02,1109.02,1109.02,1109.02,1,CZK,1109.02,1.0,6,6,建筑工程,práce na dveřích a oknech,kovové okno,
370071,ploché okno,Material,Glass,m2,1147.27,1147.27,1147.27,1147.27,1,CZK,1147.27,1.0,6,6,建筑工程,práce na dveřích a oknech,kovové okno,
370179,ocelové () okno,Material,Steel & Metal,m2,1434.08,1434.08,1434.08,1434.08,1,CZK,1434.08,1.0,6,6,建筑工程,práce na dveřích a oknech,kovové okno,
370180,okno z hliníkové slitiny,Material,Glass,m2,1912.11,1912.11,1912.11,1912.11,1,CZK,1912.11,1.0,6,6,建筑工程,práce na dveřích a oknech,kovové okno,
370181,okno z hliníkové slitiny,Material,Glass,m2,2198.93,2198.93,2198.93,2198.93,1,CZK,2198.93,1.0,6,6,建筑工程,práce na dveřích a oknech,kovové okno,
370185,hotové dřevěné dveře a okna,Material,Wood & Timber,m2,458.91,458.91,458.91,458.91,1,CZK,458.91,1.0,6,6,建筑工程,práce na dveřích a oknech,dveře a okno,
100054,SBS modifikovaná asfaltová hydroizolace,Material,Waterproofing,m2,95.61,95.61,95.61,95.61,1,CZK,28.92,0.3025,6,6,建筑工程,práce na střeše a hydroizolaci,vodotěsné střešní krytiny a drobnosti,střešní voda
160117,voda 100,Material,Water,pcs,179.74,179.74,179.74,179.74,1,CZK,181.54,1.01,6,6,建筑工程,práce na střeše a hydroizolaci,vodotěsné střešní krytiny a drobnosti,střešní voda
160118,voda 100,Material,Water,pcs,179.74,179.74,179.74,179.74,1,CZK,181.54,1.01,6,6,建筑工程,práce na střeše a hydroizolaci,vodotěsné střešní krytiny a drobnosti,střešní voda
160119,voda 150,Material,Water,pcs,321.23,321.23,321.23,321.23,1,CZK,324.45,1.01,6,6,建筑工程,práce na střeše a hydroizolaci,vodotěsné střešní krytiny a drobnosti,střešní voda
160235,voda 150,Material,Water,set,318.94,318.94,318.94,318.94,1,CZK,322.13,1.01,6,6,建筑工程,práce na střeše a hydroizolaci,vodotěsné střešní krytiny a drobnosti,střešní voda
170094,sklo ocelová voda 110,Material,Steel & Metal,pcs,77.63,77.63,77.63,77.63,1,CZK,78.41,1.01,6,6,建筑工程,práce na střeše a hydroizolaci,vodotěsné střešní krytiny a drobnosti,střešní voda
170095,skleněná ocel voda 160,Material,Steel & Metal,pcs,148.0,148.0,148.0,148.0,1,CZK,149.48,1.01,6,6,建筑工程,práce na střeše a hydroizolaci,vodotěsné střešní krytiny a drobnosti,střešní voda
370116,dřevěné okno,Material,Wood & Timber,m2,1912.11,1912.11,1912.11,1912.11,1,CZK,1912.11,1.0,6,6,建筑工程,práce na dveřích a oknech,dřevěné okno,
370164,dřevěné okno,Material,Wood & Timber,m2,3633.01,3633.01,3633.01,3633.01,1,CZK,3633.01,1.0,6,6,建筑工程,práce na dveřích a oknech,dřevěné okno,
370166,dřevěné okno,Material,Wood & Timber,m2,1720.9,1720.9,1720.9,1720.9,1,CZK,1720.9,1.0,6,6,建筑工程,práce na dveřích a oknech,dřevěné okno,
370167,okno,Material,Glass,m2,3441.8,3441.8,3441.8,3441.8,1,CZK,3441.8,1.0,6,6,建筑工程,práce na dveřích a oknech,dřevěné okno,
370229,dekorativní dřevěné okno,Material,Wood & Timber,m2,1912.11,1912.11,1912.11,1912.11,1,CZK,1912.11,1.0,6,6,建筑工程,práce na dveřích a oknech,dřevěné okno,
370041,okenní rám z hliníkové slitiny,Material,Glass,m2,1070.78,1070.78,1070.78,1070.78,1,CZK,1070.78,1.0,6,6,建筑工程,práce na dveřích a oknech,kovové okno,
370043,hliníkové slitiny dvojité ploché okno,Material,Glass,m2,1720.9,1720.9,1720.9,1720.9,1,CZK,1720.9,1.0,6,6,建筑工程,práce na dveřích a oknech,kovové okno,
090133,pozinkováno s šroubem 16×(35 60),Material,Fasteners,set,6.73,6.73,6.73,6.73,1,CZK,18.2,2.7033,6,6,建筑工程,Obecné instalační práce - Sv.4 Instalace elektrického zařízení,,montáž
080278,sklo,Material,Glass,m2,994.3,994.3,994.3,994.3,1,CZK,1044.01,1.05,6,6,建筑工程,"povrchové úpravy stěn a sloupů, příčky a závěsné stěny",práce na zasklených stěnách,skleněná záclonová stěna
050030,sklo,Material,Glass,m2,994.3,994.3,994.3,994.3,1,CZK,1044.01,1.05,6,6,建筑工程,"povrchové úpravy stěn a sloupů, příčky a závěsné stěny",práce na zasklených stěnách,skleněná záclonová stěna
050031,sklo,Material,Glass,m2,994.3,994.3,994.3,994.3,1,CZK,1044.01,1.05,6,6,建筑工程,"povrchové úpravy stěn a sloupů, příčky a závěsné stěny",práce na zasklených stěnách,skleněná záclonová stěna
010400,pozinkovaný kanálový ocelový profil,Material,Steel & Metal,kg,21.03,21.03,21.03,21.03,1,CZK,297.97,14.1667,6,6,建筑工程,"povrchové úpravy stěn a sloupů, příčky a závěsné stěny",práce na zasklených stěnách,skleněná záclonová stěna
380079,ocelové okenní rámy,Material,Steel & Metal,t,24475.02,24475.02,24475.02,24475.02,1,CZK,24475.02,1.0,6,6,建筑工程,pracovní konstrukce z kovu,ocelová konstrukce,
380080,ocelová konstrukce,Material,Steel & Metal,t,24475.02,24475.02,24475.02,24475.02,1,CZK,24475.02,1.0,6,6,建筑工程,pracovní konstrukce z kovu,ocelová konstrukce,
380081,ocelová deska,Material,Steel & Metal,t,24475.02,24475.02,24475.02,24475.02,1,CZK,24475.02,1.0,6,6,建筑工程,pracovní konstrukce z kovu,ocelová konstrukce,
380082,ocelové oceli,Material,Steel & Metal,t,25813.49,25813.49,25813.49,25813.49,1,CZK,25813.49,1.0,6,6,建筑工程,pracovní konstrukce z kovu,ocelová konstrukce,
030237,zakřivené dřevěné schodiště,Material,Wood & Timber,m2,3288.83,3288.83,3288.83,3288.83,1,CZK,3288.83,1.0,6,6,建筑工程,práce se dřevěnými konstrukcemi,konstrukční dřevo,
030238,dřevěné schodiště,Material,Wood & Timber,m2,4091.92,4091.92,4091.92,4091.92,1,CZK,4091.92,1.0,6,6,建筑工程,práce se dřevěnými konstrukcemi,konstrukční dřevo,
030239,přímé ocelové schodiště z masivního dřeva,Material,Steel & Metal,m2,1338.48,1338.48,1338.48,1338.48,1,CZK,1338.48,1.0,6,6,建筑工程,práce se dřevěnými konstrukcemi,konstrukční dřevo,
030240,zakřivené ocelové dřevěné schodiště,Material,Steel & Metal,m2,1835.63,1835.63,1835.63,1835.63,1,CZK,1835.63,1.0,6,6,建筑工程,práce se dřevěnými konstrukcemi,konstrukční dřevo,
030241,ocelové dřevěné schodiště,Material,Steel & Metal,m2,2332.78,2332.78,2332.78,2332.78,1,CZK,2332.78,1.0,6,6,建筑工程,práce se dřevěnými konstrukcemi,konstrukční dřevo,
300028,pozinkovaný úhelník 63×63×6×1800,Material,Steel & Metal,pcs,221.04,221.04,221.04,221.04,1,CZK,295.6,1.3373,6,6,建筑工程,Obecné instalační práce - Sv.4 Instalace elektrického zařízení,,montáž
370045,hliníkové slitiny dvojité okno,Material,Glass,m2,1453.2,1453.2,1453.2,1453.2,1,CZK,1453.2,1.0,6,6,建筑工程,práce na dveřích a oknech,kovové okno,
370054,ocelové upevnění okna,Material,Steel & Metal,m2,952.23,952.23,952.23,952.23,1,CZK,952.23,1.0,6,6,建筑工程,práce na dveřích a oknech,kovové okno,
370056,ocelové dvojité okno,Material,Steel & Metal,m2,1261.99,1261.99,1261.99,1261.99,1,CZK,1261.99,1.0,6,6,建筑工程,práce na dveřích a oknech,kovové okno,
370058,ocelové dvojité ploché okno,Material,Steel & Metal,m2,1414.96,1414.96,1414.96,1414.96,1,CZK,1414.96,1.0,6,6,建筑工程,práce na dveřích a oknech,kovové okno,
370046,hliníková slitina okno,Material,Glass,m2,1453.2,1453.2,1453.2,1453.2,1,CZK,1453.2,1.0,6,6,建筑工程,práce na dveřích a oknech,kovové okno,
090093,s šroubem 6×(30 50),Material,Fasteners,set,0.54,0.54,0.54,0.54,1,CZK,1.11,2.08,6,6,建筑工程,práce na stropě,suspendovaný strop,stropní nosník
080119,H profil HB22×0.5,Material,General,m,7.8,7.8,7.8,7.8,1,CZK,13.09,1.6783,6,6,建筑工程,práce na stropě,suspendovaný strop,vrstva stropního povrchu
080212,deska tloušťky 13,Material,General,m2,152.97,152.97,152.97,152.97,1,CZK,163.68,1.07,6,6,建筑工程,práce na stropě,suspendovaný strop,vrstva stropního povrchu
080213,deska tloušťky 15,Material,General,m2,210.33,210.33,210.33,210.33,1,CZK,225.06,1.07,6,6,建筑工程,práce na stropě,suspendovaný strop,vrstva stropního povrchu
370168,okenní rám z hliníkové slitiny,Material,Glass,m2,2485.74,2485.74,2485.74,2485.74,1,CZK,2485.74,1.0,6,6,建筑工程,práce na dveřích a oknech,kovové okno,
370169,hliníková slitina okno,Material,Glass,m2,2294.53,2294.53,2294.53,2294.53,1,CZK,2294.53,1.0,6,6,建筑工程,práce na dveřích a oknech,kovové okno,
370170,okenní rám z hliníkové slitiny,Material,Glass,m2,2103.32,2103.32,2103.32,2103.32,1,CZK,2103.32,1.0,6,6,建筑工程,práce na dveřích a oknech,kovové okno,
370178,nerezové okno,Material,Steel & Metal,m2,803.09,803.09,803.09,803.09,1,CZK,803.09,1.0,6,6,建筑工程,práce na dveřích a oknech,kovové okno,
090396,nerezové ocelové zábradlí (zakřivené) 75,Material,Steel & Metal,m,688.36,688.36,688.36,688.36,1,CZK,832.92,1.21,6,6,建筑工程,jiné dekorativní práce,"zábradlí, zábradlí, dekorativní deska zábradlí","kovový zábradlí, zábradlí, deska zábradlí"
090397,madlo (zakřivené) 75,Material,General,m,1204.63,1204.63,1204.63,1204.63,1,CZK,1457.6,1.21,6,6,建筑工程,jiné dekorativní práce,"zábradlí, zábradlí, dekorativní deska zábradlí","kovový zábradlí, zábradlí, deska zábradlí"
091447,nerezové ocelové madlo 75 (typ),Material,Steel & Metal,m,1101.38,1101.38,1101.38,1101.38,1,CZK,1156.44,1.05,6,6,建筑工程,jiné dekorativní práce,"zábradlí, zábradlí, dekorativní deska zábradlí","kovový zábradlí, zábradlí, deska zábradlí"
090501,pozinkovaný hřebík M4,Equipment,General,set,0.57,0.57,0.57,0.57,1,CZK,1.38,2.4,6,6,建筑工程,Obecné instalační práce - Sv.4 Instalace elektrického zařízení,montáž formování,
030056,deska,Material,General,m2,58.13,58.13,58.13,58.13,1,CZK,17.52,0.3013,6,6,建筑工程,Obecné instalační práce - Sv.4 Instalace elektrického zařízení,,
030139,kulatý dřevěný rám,Material,Wood & Timber,m3,7533.72,7533.72,7533.72,7533.72,1,CZK,7533.72,1.0,6,6,建筑工程,práce se dřevěnými konstrukcemi,,
030140,hraněný dřevěný rám,Material,Wood & Timber,m3,11243.21,11243.21,11243.21,11243.21,1,CZK,11243.21,1.0,6,6,建筑工程,práce se dřevěnými konstrukcemi,,
030141,kruhové dřevěné ocelové rámy,Material,Steel & Metal,m3,11816.84,11816.84,11816.84,11816.84,1,CZK,11816.84,1.0,6,6,建筑工程,práce se dřevěnými konstrukcemi,,
030142,čtvercový dřevěný ocelový rám,Material,Steel & Metal,m3,15143.92,15143.92,15143.92,15143.92,1,CZK,15143.92,1.0,6,6,建筑工程,práce se dřevěnými konstrukcemi,,
030059,kulatina,Material,Wood & Timber,m3,4895.0,4895.0,4895.0,4895.0,1,CZK,5686.36,1.1617,6,6,建筑工程,práce se dřevěnými konstrukcemi,konstrukční dřevo,
030236,přímé dřevěné schodiště,Material,Wood & Timber,m2,2371.02,2371.02,2371.02,2371.02,1,CZK,2371.02,1.0,6,6,建筑工程,práce se dřevěnými konstrukcemi,konstrukční dřevo,
091471,cementový hřebík (s),Material,Concrete & Cement,set,3.06,3.06,3.06,3.06,1,CZK,12.85,4.2,6,6,建筑工程,práce na střeše a hydroizolaci,"vodotěsné povrchové úpravy stěn, vlhkostní ochrana",vodotěsná vrstva na stěnovém povrchu
090131,pozinkováno s šroubem 12×(110 120),Material,Fasteners,set,6.62,6.62,6.62,6.62,1,CZK,38.31,5.79,6,6,建筑工程,Obecné instalační práce - Sv.4 Instalace elektrického zařízení,výška elektroinstalace,
370014,dřevěné povrchové dekorativní dveře,Material,Wood & Timber,m2,2103.32,2103.32,2103.32,2103.32,1,CZK,2103.32,1.0,6,6,建筑工程,práce na dveřích a oknech,,
370128,dveře z dřevěné desky (ploché),Material,Wood & Timber,m2,2485.74,2485.74,2485.74,2485.74,1,CZK,2485.74,1.0,6,6,建筑工程,práce na dveřích a oknech,,
370134,dekorativní dveře s deskou (ploché),Material,General,m2,1529.69,1529.69,1529.69,1529.69,1,CZK,1529.69,1.0,6,6,建筑工程,práce na dveřích a oknech,,
888802,nafta,Equipment,General,kg,34.34,34.34,34.34,34.34,1,CZK,977.0,28.4495,6,6,建筑工程,práce se dřevěnými konstrukcemi,konstrukční dřevo,
370002,překližkový dřevěný dveřní rám,Material,Wood & Timber,m2,757.2,757.2,757.2,757.2,1,CZK,757.2,1.0,6,6,建筑工程,práce na dveřích a oknech,,
370003,dveře z masivního dřeva,Material,Wood & Timber,m2,3275.83,3275.83,3275.83,3275.83,1,CZK,3275.83,1.0,6,6,建筑工程,práce na dveřích a oknech,,
370012,dřevěné dekorativní dveře,Material,Wood & Timber,m2,4206.64,4206.64,4206.64,4206.64,1,CZK,4206.64,1.0,6,6,建筑工程,práce na dveřích a oknech,,
090698,madlo (tvaru -) 75,Material,General,m,1491.45,1491.45,1491.45,1491.45,1,CZK,1566.02,1.05,6,6,建筑工程,jiné dekorativní práce,"zábradlí, zábradlí, dekorativní deska zábradlí","kovový zábradlí, zábradlí, deska zábradlí"
090595,50 ocelové potrubní zábradlí,Material,Steel & Metal,m,67.31,67.31,67.31,67.31,1,CZK,76.06,1.13,6,6,建筑工程,jiné dekorativní práce,"zábradlí, zábradlí, dekorativní deska zábradlí",kovové nástěnné madlo
090405,nerezová ocel 75,Material,Steel & Metal,pcs,95.61,95.61,95.61,95.61,1,CZK,114.11,1.1935,6,6,建筑工程,jiné dekorativní práce,"zábradlí, zábradlí, dekorativní deska zábradlí",kovové nástěnné madlo
090406,75,Material,General,pcs,114.73,114.73,114.73,114.73,1,CZK,136.93,1.1935,6,6,建筑工程,jiné dekorativní práce,"zábradlí, zábradlí, dekorativní deska zábradlí",kovové nástěnné madlo
050040,s sklem 3mm,Equipment,General,m2,191.21,191.21,191.21,191.21,1,CZK,202.68,1.06,6,6,建筑工程,jiné dekorativní práce,,vrstva dokončení
130010,alkaluvzdorná šířka 200mm,Material,General,m,0.69,0.69,0.69,0.69,1,CZK,1.15,1.6667,6,6,建筑工程,práce na stropě,,
370091,dveře,Material,General,m2,1988.6,1988.6,1988.6,1988.6,1,CZK,1988.6,1.0,6,6,建筑工程,práce na dveřích a oknech,"dveře, dveře",
370093,elektrické dveře,Material,General,m2,1376.72,1376.72,1376.72,1376.72,1,CZK,1376.72,1.0,6,6,建筑工程,práce na dveřích a oknech,"dveře, dveře",
370096,dveře,Material,General,m2,2218.05,2218.05,2218.05,2218.05,1,CZK,2218.05,1.0,6,6,建筑工程,práce na dveřích a oknech,"dveře, dveře",
370097,zárubní kování,Material,General,m2,2600.47,2600.47,2600.47,2600.47,1,CZK,2600.47,1.0,6,6,建筑工程,práce na dveřích a oknech,"dveře, dveře",
370117,dveře,Material,General,m2,1835.63,1835.63,1835.63,1835.63,1,CZK,1835.63,1.0,6,6,建筑工程,práce na dveřích a oknech,"dveře, dveře",
090135,pozinkováno s šroubem 16×(85 100),Material,Fasteners,set,11.7,11.7,11.7,11.7,1,CZK,155.17,13.26,6,6,建筑工程,Obecné instalační práce - Sv.4 Instalace elektrického zařízení,a instalace,montáž
030138,TK deska,Material,General,m2,191.21,191.21,191.21,191.21,1,CZK,210.33,1.1,6,6,建筑工程,"povrchové úpravy stěn a sloupů, příčky a závěsné stěny",příčka,příčka
080275,dekorativní deska,Material,General,m2,107.08,107.08,107.08,107.08,1,CZK,112.43,1.05,6,6,建筑工程,"povrchové úpravy stěn a sloupů, příčky a závěsné stěny",příčka,příčka
080276,deska,Material,General,m2,1070.78,1070.78,1070.78,1070.78,1,CZK,1124.32,1.05,6,6,建筑工程,"povrchové úpravy stěn a sloupů, příčky a závěsné stěny",příčka,příčka
050041,sklo s povrchem zrcadlového lesku 6mm,Material,Glass,m2,217.98,217.98,217.98,217.98,1,CZK,263.76,1.21,6,6,建筑工程,jiné dekorativní práce,,vrstva dokončení
010406,kovová deska,Material,Steel & Metal,m2,344.18,344.18,344.18,344.18,1,CZK,364.83,1.06,6,6,建筑工程,jiné dekorativní práce,,vrstva dokončení
050042,skloocelové oceli,Material,Steel & Metal,m2,458.91,458.91,458.91,458.91,1,CZK,481.85,1.05,6,6,建筑工程,jiné dekorativní práce,,vrstva dokončení
090203,ocelový hřebík do země,Material,Steel & Metal,100 pcs,26.77,26.77,26.77,26.77,1,CZK,5.59,0.2089,6,6,建筑工程,jiné dekorativní práce,,vrstva dokončení
370159,dveře,Material,General,m,2638.71,2638.71,2638.71,2638.71,1,CZK,2638.71,1.0,6,6,建筑工程,práce na dveřích a oknech,"dveře, dveře",
370095,dveřní lišta,Material,General,m2,9560.55,9560.55,9560.55,9560.55,1,CZK,9560.55,1.0,6,6,建筑工程,práce na dveřích a oknech,"dveře, dveře",
370098,betonové dveře,Material,Concrete & Cement,m2,4703.79,4703.79,4703.79,4703.79,1,CZK,4703.79,1.0,6,6,建筑工程,práce na dveřích a oknech,"dveře, dveře",
370099,betonové dveře,Material,Concrete & Cement,m2,5353.91,5353.91,5353.91,5353.91,1,CZK,5353.91,1.0,6,6,建筑工程,práce na dveřích a oknech,"dveře, dveře",
370100,betonové dveře do stěny,Material,Concrete & Cement,m2,9560.55,9560.55,9560.55,9560.55,1,CZK,9560.55,1.0,6,6,建筑工程,práce na dveřích a oknech,"dveře, dveře",
370101,betonová okenní deska,Material,Concrete & Cement,m2,2332.78,2332.78,2332.78,2332.78,1,CZK,2332.78,1.0,6,6,建筑工程,práce na dveřích a oknech,"dveře, dveře",
370110,ocelové dveře,Material,Steel & Metal,m2,10707.82,10707.82,10707.82,10707.82,1,CZK,10707.82,1.0,6,6,建筑工程,práce na dveřích a oknech,"dveře, dveře",
370030,montáž dřevěného okna,Material,Wood & Timber,m2,841.33,841.33,841.33,841.33,1,CZK,841.33,1.0,6,6,建筑工程,práce na dveřích a oknech,dřevěné okno,
370088,ocelové dveře,Material,Steel & Metal,m2,1338.48,1338.48,1338.48,1338.48,1,CZK,1338.48,1.0,6,6,建筑工程,práce na dveřích a oknech,"dveře, dveře",
370102,ocelové zábradlí dveře,Material,Steel & Metal,m2,1338.48,1338.48,1338.48,1338.48,1,CZK,1338.48,1.0,6,6,建筑工程,práce na dveřích a oknech,"dveře, dveře",
370156,ocelové dveře z ocelového drátu,Material,Steel & Metal,m2,3403.56,3403.56,3403.56,3403.56,1,CZK,3403.56,1.0,6,6,建筑工程,práce na dveřích a oknech,"dveře, dveře",
370157,ocelové dveře (ploché),Material,Steel & Metal,m2,3288.83,3288.83,3288.83,3288.83,1,CZK,3288.83,1.0,6,6,建筑工程,práce na dveřích a oknech,"dveře, dveře",
370230,ocelové dveře,Material,Steel & Metal,m2,2485.74,2485.74,2485.74,2485.74,1,CZK,2485.74,1.0,6,6,建筑工程,práce na dveřích a oknech,"dveře, dveře",
370231,ocelové dveře,Material,Steel & Metal,m2,3250.59,3250.59,3250.59,3250.59,1,CZK,3250.59,1.0,6,6,建筑工程,práce na dveřích a oknech,"dveře, dveře",
100271,vodotěsnění,Material,Waterproofing,kg,26.77,26.77,26.77,26.77,1,CZK,117.79,4.4,6,6,建筑工程,práce na střeše a hydroizolaci,"vodotěsné povrchové úpravy stěn, vlhkostní ochrana",vodotěsná vrstva na stěnovém povrchu
150177,hydroizolace 4kg/m2,Material,Waterproofing,m2,122.38,122.38,122.38,122.38,1,CZK,134.61,1.1,6,6,建筑工程,práce na střeše a hydroizolaci,"vodotěsné povrchové úpravy stěn, vlhkostní ochrana",vodotěsná vrstva na stěnovém povrchu
100261,vodotěsný nátěr,Material,Waterproofing,kg,107.08,107.08,107.08,107.08,1,CZK,176.3,1.6464,6,6,建筑工程,práce na střeše a hydroizolaci,"vodotěsné povrchové úpravy stěn, vlhkostní ochrana",vodotěsná povrchová úprava stěn
100265,SBS asfaltový hydroizolační nátěr,Material,Waterproofing,kg,32.89,32.89,32.89,32.89,1,CZK,72.55,2.2058,6,6,建筑工程,práce na střeše a hydroizolaci,"vodotěsné povrchové úpravy stěn, vlhkostní ochrana",vodotěsná povrchová úprava stěn
800079,silniční válec kombinovaný,Equipment,General,machine-shift,1315.15,1315.15,1315.15,1315.15,1,CZK,11.35,0.0086,6,6,建筑工程,zemní práce a práce se skalou,záplava,zpětné zásypy
800139,bahenní čerpadlo 100,Equipment,Pumps,machine-shift,120.85,120.85,120.85,120.85,1,CZK,6.37,0.0527,6,6,建筑工程,zemní práce a práce se skalou,doprava,přeprava suspenze
800366,pásový jeřáb 60t,Equipment,Cranes,machine-shift,4521.38,4521.38,4521.38,4521.38,1,CZK,159.72,0.0353,6,6,建筑工程,úprava půdy a podpora svahů,železobetonové práce,
110026,fenolová barva,Material,Paint & Coatings,kg,59.66,59.66,59.66,59.66,1,CZK,6.85,0.1148,6,6,建筑工程,"Obecné instalační práce - Sv.12 Malování, protikorozní, tepelná izolace",obdélníkové štětce,
110749,s nátěrem W61-25,Equipment,General,kg,200.77,200.77,200.77,200.77,1,CZK,45.1,0.2246,6,6,建筑工程,"Obecné instalační práce - Sv.12 Malování, protikorozní, tepelná izolace",obdélníkové štětce,
110739,s ředidlem na barvy X13,Equipment,General,kg,47.8,47.8,47.8,47.8,1,CZK,1.67,0.035,6,6,建筑工程,"Obecné instalační práce - Sv.12 Malování, protikorozní, tepelná izolace",obdélníkové štětce,
370191,skleněné dveře,Material,Glass,pcs,497.15,497.15,497.15,497.15,1,CZK,497.15,1.0,6,6,建筑工程,práce na dveřích a oknech,instalace hardwaru,
090326,dveře,Material,General,pcs,507.86,507.86,507.86,507.86,1,CZK,507.86,1.0,6,6,建筑工程,práce na dveřích a oknech,instalace hardwaru,
370084,ploché dveře,Material,General,set,34417.99,34417.99,34417.99,34417.99,1,CZK,34417.99,1.0,6,6,建筑工程,práce na dveřích a oknech,instalace hardwaru,
110370,cementová stěrka,Material,Concrete & Cement,kg,13.38,13.38,13.38,13.38,1,CZK,22.08,1.65,6,6,建筑工程,"malířské, nátěrové a tapetářské práce",malba na omítce,úplná stěrka tmelem
810124,poly () malta 1: 2.5: 5,Material,Concrete & Cement,m3,1193.16,1193.16,1193.16,1193.16,1,CZK,0.72,0.0006,6,6,建筑工程,"malířské, nátěrové a tapetářské práce",malba na omítce,úplná stěrka tmelem
110333,akrylátový základní nátěr,Material,Paint & Coatings,kg,21.03,21.03,21.03,21.03,1,CZK,2.38,0.113,6,6,建筑工程,"malířské, nátěrové a tapetářské práce",nátěr a stříkání,vrstva nátěru na povrchu stěny
110504,emulzní barva,Material,Paint & Coatings,kg,127.35,127.35,127.35,127.35,1,CZK,40.52,0.3182,6,6,建筑工程,"malířské, nátěrové a tapetářské práce",nátěr a stříkání,vrstva nátěru na povrchu stěny
110485,vodou ředitelná kovová barva,Material,Steel & Metal,kg,133.85,133.85,133.85,133.85,1,CZK,113.17,0.8455,6,6,建筑工程,"malířské, nátěrové a tapetářské práce",nátěr a stříkání,vrstva nátěru na povrchu stěny
110755,povrchová stěrka,Material,General,kg,15.11,15.11,15.11,15.11,1,CZK,9.89,0.6545,6,6,建筑工程,"malířské, nátěrové a tapetářské práce",malba na omítce,malba na omítce
850233,délka délka 1270 1650nm,Equipment,General,machine-shift,1261.99,1261.99,1261.99,1261.99,1,CZK,967.53,0.7667,6,6,建筑工程,Obecné instalační práce - Sv.11 Komunikační zařízení a vedení,modelování,
800501,nafta elektřina,Equipment,General,machine-shift,919.57,919.57,919.57,919.57,1,CZK,919.57,1.0,6,6,建筑工程,Obecné instalační práce - Sv.11 Komunikační zařízení a vedení,,
850086,2.5Gb/s,Equipment,General,machine-shift,6336.7,6336.7,6336.7,6336.7,1,CZK,3168.35,0.5,6,6,建筑工程,Obecné instalační práce - Sv.11 Komunikační zařízení a vedení,,
010007,ocelová forma,Material,Steel & Metal,kg,25.66,25.66,25.66,25.66,1,CZK,164.3,6.403,6,6,建筑工程,úprava půdy a podpora svahů,výkop pro základy,()
100118,výška lepidla,Material,General,m,120.46,120.46,120.46,120.46,1,CZK,41.2,0.342,6,6,建筑工程,úprava půdy a podpora svahů,výkop pro základy,()
091518,-tvarý,Material,General,pcs,84.13,84.13,84.13,84.13,1,CZK,12.56,0.1493,6,6,建筑工程,úprava půdy a podpora svahů,výkop pro základy,základová stěna
150142,kal,Material,General,m3,192.36,192.36,192.36,192.36,1,CZK,480.9,2.5,5,5,建筑工程,úprava půdy a podpora svahů,výkop pro základy,základová stěna
091519,prefabrikovaná betonová voda 300,Material,Concrete & Cement,pcs,214.16,214.16,214.16,214.16,1,CZK,7.13,0.0333,5,5,建筑工程,úprava půdy a podpora svahů,výkop pro základy,základová stěna
850033,A005810,Equipment,General,machine-shift,371.18,371.18,371.18,371.18,1,CZK,309.32,0.8333,5,5,建筑工程,Obecné instalační práce - Sv.11 Komunikační zařízení a vedení,,
800399,betonáž a vibrování základové stěny,Equipment,General,machine-shift,305.17,305.17,305.17,305.17,1,CZK,7.63,0.025,5,5,建筑工程,úprava půdy a podpora svahů,výkop pro základy,základová stěna
800386,bahenní čerpadlo 50,Equipment,Pumps,machine-shift,21.95,21.95,21.95,21.95,1,CZK,2.02,0.0922,5,5,建筑工程,úprava půdy a podpora svahů,výkop pro základy,základová stěna
800364,zámek,Equipment,General,machine-shift,897.93,897.93,897.93,897.93,1,CZK,958.99,1.068,5,5,建筑工程,úprava půdy a podpora svahů,výkop pro základy,základová stěna
800155,vibrátor betonu,Equipment,General,machine-shift,4.24,4.24,4.24,4.24,1,CZK,0.05,0.012,5,5,建筑工程,úprava půdy a podpora svahů,výkop pro základy,základová stěna
090834,šroub s M12×(30 35),Material,Fasteners,set,4.51,4.51,4.51,4.51,1,CZK,36.46,8.08,5,5,建筑工程,Obecné instalační práce - Sv.11 Komunikační zařízení a vedení,,
850235,síť FWKE,Equipment,General,machine-shift,631.0,631.0,631.0,631.0,1,CZK,820.3,1.3,5,5,建筑工程,Obecné instalační práce - Sv.11 Komunikační zařízení a vedení,sítka,
850232,MFC+ lišta,Equipment,General,machine-shift,2246.73,2246.73,2246.73,2246.73,1,CZK,1348.04,0.6,5,5,建筑工程,Obecné instalační práce - Sv.11 Komunikační zařízení a vedení,,
060065,podlahová dlažba (v 120mm),Material,General,m,57.75,57.75,57.75,57.75,1,CZK,63.81,1.105,5,5,建筑工程,podlahové dokončovací práce,lišta,
370106,nerezové ocelové dveře,Material,Steel & Metal,m2,1491.45,1491.45,1491.45,1491.45,1,CZK,1491.45,1.0,5,5,建筑工程,práce na dveřích a oknech,kovové () dveře,
370105,dveřní výplňová deska,Material,General,m2,1338.48,1338.48,1338.48,1338.48,1,CZK,1338.48,1.0,5,5,建筑工程,práce na dveřích a oknech,kovové () dveře,
370104,hliníkové slitiny dveře,Material,General,m2,1414.96,1414.96,1414.96,1414.96,1,CZK,1414.96,1.0,5,5,建筑工程,práce na dveřích a oknech,kovové () dveře,
370103,pozinkované ocelové dveře,Material,Steel & Metal,m2,764.84,764.84,764.84,764.84,1,CZK,764.84,1.0,5,5,建筑工程,práce na dveřích a oknech,kovové () dveře,
370162,elektrické dveře z nerezové oceli (s),Material,Steel & Metal,m,4589.07,4589.07,4589.07,4589.07,1,CZK,4589.07,1.0,5,5,建筑工程,práce na dveřích a oknech,dveře,
230033,no,Material,General,pcs,305.94,305.94,305.94,305.94,1,CZK,305.94,1.0,5,5,建筑工程,práce na střeše a hydroizolaci,vodotěsné střešní krytiny a drobnosti,střecha ()
370161,nerezové ocelové elektrické dveře (ks),Material,Steel & Metal,m,4397.85,4397.85,4397.85,4397.85,1,CZK,4397.85,1.0,5,5,建筑工程,práce na dveřích a oknech,dveře,
370160,nerezové ocelové elektrické dveře,Material,Steel & Metal,m2,5736.33,5736.33,5736.33,5736.33,1,CZK,5736.33,1.0,5,5,建筑工程,práce na dveřích a oknech,dveře,
370083,průměr dveří 3m,Material,General,unit,260047.05,260047.05,260047.05,260047.05,1,CZK,260047.05,1.0,5,5,建筑工程,práce na dveřích a oknech,dveře,
370080,elektrické dveře,Material,General,m2,2485.74,2485.74,2485.74,2485.74,1,CZK,2485.74,1.0,5,5,建筑工程,práce na dveřích a oknech,dveře,
040043,skloocelové oceli,Material,Steel & Metal,m2,62.72,62.72,62.72,62.72,1,CZK,64.6,1.03,5,5,建筑工程,práce na střeše a hydroizolaci,vodotěsné střešní krytiny a drobnosti,střešní žlab
370039,hliníkové slitiny dveře,Material,General,m2,2026.84,2026.84,2026.84,2026.84,1,CZK,2026.84,1.0,5,5,建筑工程,práce na dveřích a oknech,kovové dveře,
370037,hliníkové slitiny dveře,Material,General,m2,1223.75,1223.75,1223.75,1223.75,1,CZK,1223.75,1.0,5,5,建筑工程,práce na dveřích a oknech,kovové dveře,
370036,hliníkové slitiny dveře,Material,General,m2,1300.24,1300.24,1300.24,1300.24,1,CZK,1300.24,1.0,5,5,建筑工程,práce na dveřích a oknech,kovové dveře,
370034,ploché dveře z hliníkové slitiny,Material,General,m2,1835.63,1835.63,1835.63,1835.63,1,CZK,1835.63,1.0,5,5,建筑工程,práce na dveřích a oknech,kovové dveře,
370033,ploché dveře z hliníkové slitiny,Material,General,m2,1873.87,1873.87,1873.87,1873.87,1,CZK,1873.87,1.0,5,5,建筑工程,práce na dveřích a oknech,kovové dveře,
080105,T-profil z lehké oceli CB33-2,Material,Steel & Metal,pcs,2.18,2.18,2.18,2.18,1,CZK,4.28,1.9638,5,5,建筑工程,práce na stropě,suspendovaný strop,stropní nosník
080098,nosník CL15×35,Material,General,m,14.07,14.07,14.07,14.07,1,CZK,9.97,0.7086,5,5,建筑工程,práce na stropě,suspendovaný strop,stropní nosník
080071,T-profil z lehké oceli KB33×30,Material,Steel & Metal,m,22.1,22.1,22.1,22.1,1,CZK,40.73,1.8428,5,5,建筑工程,práce na stropě,suspendovaný strop,stropní nosník
080016,U-profil z lehké oceli CB30-L,Material,Steel & Metal,pcs,1.57,1.57,1.57,1.57,1,CZK,0.58,0.3678,5,5,建筑工程,práce na stropě,suspendovaný strop,stropní nosník
080010,U-profil z lehkého ocelového plechu CB30×12,Material,Steel & Metal,m,16.29,16.29,16.29,16.29,1,CZK,19.81,1.216,5,5,建筑工程,práce na stropě,suspendovaný strop,stropní nosník
030047,dřevo,Material,Wood & Timber,pcs,117.79,117.79,117.79,117.79,1,CZK,85.59,0.7267,5,5,建筑工程,jiné dekorativní práce,"zábradlí, zábradlí, dekorativní deska zábradlí","dřevěné madlo, zábradlí, zábradlová deska"
030095,dřevo,Material,Wood & Timber,pcs,40.54,40.54,40.54,40.54,1,CZK,30.81,0.76,5,5,建筑工程,jiné dekorativní práce,"zábradlí, zábradlí, dekorativní deska zábradlí","dřevěné madlo, zábradlí, zábradlová deska"
030046,dřevěné madlo (-tvarované) 150×60,Material,Wood & Timber,m,799.26,799.26,799.26,799.26,1,CZK,919.15,1.15,5,5,建筑工程,jiné dekorativní práce,"zábradlí, zábradlí, dekorativní deska zábradlí","dřevěné madlo, zábradlí, zábradlová deska"
030045,dřevěné madlo (zakřivené) 150×60,Material,Wood & Timber,m,588.55,588.55,588.55,588.55,1,CZK,676.83,1.15,5,5,建筑工程,jiné dekorativní práce,"zábradlí, zábradlí, dekorativní deska zábradlí","dřevěné madlo, zábradlí, zábradlová deska"
030044,dřevěné madlo (rovné) 150×60,Material,Wood & Timber,m,421.05,421.05,421.05,421.05,1,CZK,463.15,1.1,5,5,建筑工程,jiné dekorativní práce,"zábradlí, zábradlí, dekorativní deska zábradlí","dřevěné madlo, zábradlí, zábradlová deska"
030094,dřevěné madlo,Material,Wood & Timber,m,110.52,110.52,110.52,110.52,1,CZK,127.1,1.15,5,5,建筑工程,jiné dekorativní práce,"zábradlí, zábradlí, dekorativní deska zábradlí","dřevěné madlo, zábradlí, zábradlová deska"
370140,dveře (s dřevěnou deskou),Material,Wood & Timber,m2,1835.63,1835.63,1835.63,1835.63,1,CZK,1835.63,1.0,5,5,建筑工程,práce na dveřích a oknech,,
370138,dveře (s dřevěnou deskou),Material,Wood & Timber,m2,2294.53,2294.53,2294.53,2294.53,1,CZK,2294.53,1.0,5,5,建筑工程,práce na dveřích a oknech,,
370020,posuvné dveře,Material,General,m2,791.61,791.61,791.61,791.61,1,CZK,791.61,1.0,5,5,建筑工程,práce na dveřích a oknech,,
370016,dveřní výplňová deska,Material,General,m2,1338.48,1338.48,1338.48,1338.48,1,CZK,1338.48,1.0,5,5,建筑工程,práce na dveřích a oknech,,
370004,dřevěné dveře,Material,Wood & Timber,m2,1051.66,1051.66,1051.66,1051.66,1,CZK,1051.66,1.0,5,5,建筑工程,práce na dveřích a oknech,,
090310,kovový držák,Material,Steel & Metal,kg,10.17,10.17,10.17,10.17,1,CZK,20.13,1.979,5,5,建筑工程,práce na střeše a hydroizolaci,vodotěsné střešní krytiny a drobnosti,střešní žlab
090046,šroub,Material,Fasteners,pcs,0.57,0.57,0.57,0.57,1,CZK,0.97,1.684,5,5,建筑工程,práce na střeše a hydroizolaci,vodotěsné střešní krytiny a drobnosti,střešní žlab
130155,kámen,Material,General,kg,18.59,18.59,18.59,18.59,1,CZK,5.16,0.2775,5,5,建筑工程,pracovní konstrukce z kovu,kovové spojování konstrukcí na místě a další položky,
150108,drátěný kartáč,Material,Electrical,jednotka,24.63,24.63,24.63,24.63,1,CZK,0.77,0.0312,5,5,建筑工程,pracovní konstrukce z kovu,kovové spojování konstrukcí na místě a další položky,
280181,kov 30,Material,Steel & Metal,m,172.85,172.85,172.85,172.85,1,CZK,160.13,0.9264,5,5,建筑工程,Obecné instalační práce - Sv.4 Instalace elektrického zařízení,,
280039,kov metal 20,Material,Steel & Metal,pcs,1.61,1.61,1.61,1.61,1,CZK,3.6,2.2424,5,5,建筑工程,Obecné instalační práce - Sv.4 Instalace elektrického zařízení,modelování,elektrická energie dodatečné lištování
280078,kov metal 20,Material,Steel & Metal,m,19.43,19.43,19.43,19.43,1,CZK,21.21,1.0918,5,5,建筑工程,Obecné instalační práce - Sv.4 Instalace elektrického zařízení,modelování,elektrická energie dodatečné lištování
080272,příčka z desek,Material,General,m2,1720.9,1720.9,1720.9,1720.9,1,CZK,3281.76,1.907,5,5,建筑工程,"povrchové úpravy stěn a sloupů, příčky a závěsné stěny",příčka,příčka
030114,příčka z desek,Material,General,m2,841.33,841.33,841.33,841.33,1,CZK,1604.41,1.907,5,5,建筑工程,"povrchové úpravy stěn a sloupů, příčky a závěsné stěny",příčka,příčka
090204,elektřina hliník,Material,General,m,23.4,23.4,23.4,23.4,1,CZK,167.89,7.1737,5,5,建筑工程,"povrchové úpravy stěn a sloupů, příčky a závěsné stěny",příčka,příčka
100275,výšková polyakrylátová lepicí hydroizolační membrána tloušťky 1.2mm,Material,Waterproofing,m2,206.51,206.51,206.51,206.51,1,CZK,255.49,1.2372,5,5,建筑工程,práce na střeše a hydroizolaci,"vodotěsnost suterénu a podlahy, ochrana proti vlhkosti",vodotěsná membrána na podlahu
090166,uzemňovací šroub (16 22)×(150 300),Material,Fasteners,set,20.84,20.84,20.84,20.84,1,CZK,178.91,8.584,5,5,建筑工程,Obecné instalační práce - Sv.4 Instalace elektrického zařízení,,montáž
060078,vazba standardní cihly 240×115×53,Material,General,pcs,1.91,1.91,1.91,1.91,1,CZK,281.51,147.224,5,5,建筑工程,Obecné instalační práce - Sv.4 Instalace elektrického zařízení,"pokládka elektřiny, deska (cihla) a deska",
380094,profilová ocelová ocelová stěnová konstrukce,Material,Steel & Metal,t,21989.27,21989.27,21989.27,21989.27,1,CZK,21989.27,1.0,5,5,建筑工程,pracovní konstrukce z kovu,ocelová konstrukce,
380093,typ ocelový stěnový rám,Material,Steel & Metal,t,24475.02,24475.02,24475.02,24475.02,1,CZK,24475.02,1.0,5,5,建筑工程,pracovní konstrukce z kovu,ocelová konstrukce,
380092,ocelová konstrukce,Material,Steel & Metal,t,26004.71,26004.71,26004.71,26004.71,1,CZK,26004.71,1.0,5,5,建筑工程,pracovní konstrukce z kovu,ocelová konstrukce,
380090,deska,Material,General,t,17209.0,17209.0,17209.0,17209.0,1,CZK,17209.0,1.0,5,5,建筑工程,pracovní konstrukce z kovu,ocelová konstrukce,
390115,ocelová nosníková vložka,Material,Steel & Metal,t,23901.38,23901.38,23901.38,23901.38,1,CZK,23901.38,1.0,5,5,建筑工程,pracovní konstrukce z kovu,ocelová konstrukce,
270041,formování 220V1000W,Material,General,pcs,1453.2,1453.2,1453.2,1453.2,1,CZK,527.22,0.3628,5,5,建筑工程,Obecné instalační práce - Sv.4 Instalace elektrického zařízení,suchá elektřina,
800032,AC svářečka 21kVA,Equipment,Welding Equip.,machine-shift,42.83,42.83,42.83,42.83,1,CZK,89.67,2.0937,5,5,建筑工程,"povrchové úpravy stěn a sloupů, příčky a závěsné stěny",příčka,skleněná příčka
380036,ocel,Material,Steel & Metal,t,25813.49,25813.49,25813.49,25813.49,1,CZK,25813.49,1.0,5,5,建筑工程,pracovní konstrukce z kovu,ocelová konstrukce,
380035,profilová ocel zábradlí,Material,Steel & Metal,t,24092.59,24092.59,24092.59,24092.59,1,CZK,24092.59,1.0,5,5,建筑工程,pracovní konstrukce z kovu,ocelová konstrukce,
090083,pozinkovaná zajišťovací matice 20,Material,Fasteners,pcs,1.87,1.87,1.87,1.87,1,CZK,1.2,0.6426,5,5,建筑工程,Obecné instalační práce - Sv.4 Instalace elektrického zařízení,,pozinkovaná ocelová trubka
090082,pozinkovaná zajišťovací matice 15,Material,Fasteners,pcs,1.53,1.53,1.53,1.53,1,CZK,0.38,0.2472,5,5,建筑工程,Obecné instalační práce - Sv.4 Instalace elektrického zařízení,,pozinkovaná ocelová trubka
090695,pozinkovaný dvojitý šroub 16×(275 300),Material,Fasteners,set,11.24,11.24,11.24,11.24,1,CZK,41.64,3.704,5,5,建筑工程,Obecné instalační práce - Sv.4 Instalace elektrického zařízení,vodoinstalace,montáž
300175,pozinkovaný úhelník 63×63×6×1880,Material,Steel & Metal,pcs,214.16,214.16,214.16,214.16,1,CZK,343.68,1.6048,5,5,建筑工程,Obecné instalační práce - Sv.4 Instalace elektrického zařízení,,montáž
300004,pozinkovaný typ M 65×6×280,Material,General,pcs,26.62,26.62,26.62,26.62,1,CZK,42.77,1.6068,5,5,建筑工程,Obecné instalační práce - Sv.4 Instalace elektrického zařízení,,montáž
170233,voda,Material,Water,set,2485.74,2485.74,2485.74,2485.74,1,CZK,2485.74,1.0,5,5,建筑工程,práce na střeše a hydroizolaci,vodotěsné střešní krytiny a drobnosti,střešní voda
170091,voda,Material,Water,pcs,213.01,213.01,213.01,213.01,1,CZK,215.14,1.01,5,5,建筑工程,práce na střeše a hydroizolaci,vodotěsné střešní krytiny a drobnosti,střešní voda
160120,voda,Material,Water,set,225.25,225.25,225.25,225.25,1,CZK,227.5,1.01,5,5,建筑工程,práce na střeše a hydroizolaci,vodotěsné střešní krytiny a drobnosti,střešní voda
170194,svod 150,Material,Pipes & Fittings,m,143.79,143.79,143.79,143.79,1,CZK,151.56,1.054,5,5,建筑工程,práce na střeše a hydroizolaci,vodotěsné střešní krytiny a drobnosti,střešní voda
170193,TY PVC,Material,General,set,6.5,6.5,6.5,6.5,1,CZK,2.21,0.34,5,5,建筑工程,práce na střeše a hydroizolaci,vodotěsné střešní krytiny a drobnosti,střešní voda
070100,zrcadlový lištový profil,Material,General,m,3.82,3.82,3.82,3.82,1,CZK,3.94,1.03,5,5,建筑工程,jiné dekorativní práce,dekorativní lišta,dekorativní lišta
070075,lišta 30mm přesahující,Material,General,m,9.56,9.56,9.56,9.56,1,CZK,9.85,1.03,5,5,建筑工程,jiné dekorativní práce,dekorativní lišta,dekorativní lišta
070074,lišta 30mm uvnitř,Material,General,m,6.88,6.88,6.88,6.88,1,CZK,7.09,1.03,5,5,建筑工程,jiné dekorativní práce,dekorativní lišta,dekorativní lišta
070073,lišta 30mm přesahující,Material,General,m,18.36,18.36,18.36,18.36,1,CZK,18.91,1.03,5,5,建筑工程,jiné dekorativní práce,dekorativní lišta,dekorativní lišta
070072,lišta 30mm uvnitř,Material,General,m,5.74,5.74,5.74,5.74,1,CZK,5.91,1.03,5,5,建筑工程,jiné dekorativní práce,dekorativní lišta,dekorativní lišta
280244,sváření ocelové trubky spoj 32,Material,Steel & Metal,pcs,8.15,8.15,8.15,8.15,1,CZK,1.34,0.1648,5,5,建筑工程,Obecné instalační práce - Sv.4 Instalace elektrického zařízení,,svařovací ocelová trubka
280243,sváření ocelové trubky spoj 25,Material,Steel & Metal,pcs,5.47,5.47,5.47,5.47,1,CZK,0.9,0.1648,5,5,建筑工程,Obecné instalační práce - Sv.4 Instalace elektrického zařízení,,svařovací ocelová trubka
280242,sváření ocelové trubky spoj 20,Material,Steel & Metal,pcs,3.9,3.9,3.9,3.9,1,CZK,0.64,0.1648,5,5,建筑工程,Obecné instalační práce - Sv.4 Instalace elektrického zařízení,,svařovací ocelová trubka
280241,sváření ocelové trubky spoj 15,Material,Steel & Metal,pcs,1.91,1.91,1.91,1.91,1,CZK,0.32,0.1648,5,5,建筑工程,Obecné instalační práce - Sv.4 Instalace elektrického zařízení,,svařovací ocelová trubka
390114,zapuštěná část ocelového sloupu,Material,Steel & Metal,t,24475.02,24475.02,24475.02,24475.02,1,CZK,24475.02,1.0,5,5,建筑工程,pracovní konstrukce z kovu,ocelová konstrukce,
380038,ocel,Material,Steel & Metal,t,25813.49,25813.49,25813.49,25813.49,1,CZK,25813.49,1.0,5,5,建筑工程,pracovní konstrukce z kovu,ocelová konstrukce,
380037,ocelový držák,Material,Steel & Metal,t,24475.02,24475.02,24475.02,24475.02,1,CZK,24475.02,1.0,5,5,建筑工程,pracovní konstrukce z kovu,ocelová konstrukce,
010386,ocelová konstrukce,Material,Steel & Metal,t,26387.13,26387.13,26387.13,26387.13,1,CZK,26387.13,1.0,5,5,建筑工程,pracovní konstrukce z kovu,ocelová konstrukce,
390113,plechová žlabová střecha,Material,Steel & Metal,t,24475.02,24475.02,24475.02,24475.02,1,CZK,24475.02,1.0,5,5,建筑工程,pracovní konstrukce z kovu,ocelová konstrukce,
390112,ocelové zábradlí,Material,Steel & Metal,t,25813.49,25813.49,25813.49,25813.49,1,CZK,25813.49,1.0,5,5,建筑工程,pracovní konstrukce z kovu,ocelová konstrukce,
390111,ocelová trubka ocelové zábradlí,Material,Steel & Metal,t,25813.49,25813.49,25813.49,25813.49,1,CZK,25813.49,1.0,5,5,建筑工程,pracovní konstrukce z kovu,ocelová konstrukce,
170102,skleněná ocel 110,Material,Steel & Metal,pcs,55.45,55.45,55.45,55.45,1,CZK,5.6,0.101,5,5,建筑工程,práce na střeše a hydroizolaci,vodotěsné střešní krytiny a drobnosti,střešní voda
170101,sklo ocel 160,Material,Steel & Metal,pcs,55.45,55.45,55.45,55.45,1,CZK,6.16,0.111,5,5,建筑工程,práce na střeše a hydroizolaci,vodotěsné střešní krytiny a drobnosti,střešní voda
170100,skleněná ocel 110,Material,Steel & Metal,pcs,44.36,44.36,44.36,44.36,1,CZK,4.92,0.111,5,5,建筑工程,práce na střeše a hydroizolaci,vodotěsné střešní krytiny a drobnosti,střešní voda
170093,skleněná ocel voda 160,Material,Steel & Metal,m,73.81,73.81,73.81,73.81,1,CZK,78.31,1.061,5,5,建筑工程,práce na střeše a hydroizolaci,vodotěsné střešní krytiny a drobnosti,střešní voda
170092,sklo ocelová voda 110,Material,Steel & Metal,m,62.72,62.72,62.72,62.72,1,CZK,66.1,1.054,5,5,建筑工程,práce na střeše a hydroizolaci,vodotěsné střešní krytiny a drobnosti,střešní voda
170089,svod 100,Material,Pipes & Fittings,m,128.49,128.49,128.49,128.49,1,CZK,134.53,1.047,5,5,建筑工程,práce na střeše a hydroizolaci,vodotěsné střešní krytiny a drobnosti,střešní voda
800477,elektřina,Equipment,General,machine-shift,310.91,310.91,310.91,310.91,1,CZK,6.61,0.0212,5,5,建筑工程,"povrchové úpravy stěn a sloupů, příčky a závěsné stěny",sloupec (nosník) čelní,dekorativní povrch sloupu (nosníku)
130017,poly deska 25,Material,General,m2,42.07,42.07,42.07,42.07,1,CZK,2.1,0.05,5,5,建筑工程,práce na střeše a hydroizolaci,spojovací dil pohybu,vyplňování spár
110204,polyadhezivní hmota,Material,General,kg,10.06,10.06,10.06,10.06,1,CZK,8.38,0.833,5,5,建筑工程,práce na střeše a hydroizolaci,spojovací dil pohybu,vyplňování spár
100259,polyuretan,Material,General,kg,95.61,95.61,95.61,95.61,1,CZK,177.25,1.854,5,5,建筑工程,práce na střeše a hydroizolaci,spojovací dil pohybu,vyplňování spár
800152,betonový míchač 400L,Equipment,General,machine-shift,150.29,150.29,150.29,150.29,1,CZK,3.63,0.0241,5,5,建筑工程,betonové a železobetonové práce,dodatečný beton na místě,
850130,elektřina RC2000SL11,Equipment,General,machine-shift,144.56,144.56,144.56,144.56,1,CZK,225.51,1.56,5,5,建筑工程,Obecné instalační práce - Sv.4 Instalace elektrického zařízení,elektřina,"10kV, jednofázový"
150197,kámen,Material,General,pcs,11.47,11.47,11.47,11.47,1,CZK,0.59,0.0514,5,5,建筑工程,Obecné instalační práce - Sv.4 Instalace elektrického zařízení,,
280118,T1-T4,Material,General,pcs,9.94,9.94,9.94,9.94,1,CZK,10.14,1.02,5,5,建筑工程,Obecné instalační práce - Sv.4 Instalace elektrického zařízení,montáž formování,
280072,lišta 86H,Material,General,pcs,9.94,9.94,9.94,9.94,1,CZK,10.14,1.02,5,5,建筑工程,Obecné instalační práce - Sv.4 Instalace elektrického zařízení,montáž formování,
090088,pozinkovaná zajišťovací matice 70,Material,Fasteners,pcs,5.47,5.47,5.47,5.47,1,CZK,0.79,0.1442,5,5,建筑工程,Obecné instalační práce - Sv.4 Instalace elektrického zařízení,,pozinkovaná ocelová trubka
100393,PVC poly membrána 1.5 tloušťky (skleněný typ),Material,Waterproofing,m2,267.7,267.7,267.7,267.7,1,CZK,295.8,1.105,5,5,建筑工程,práce na střeše a hydroizolaci,vodotěsné střešní krytiny a drobnosti,vodotěsná membrána střechy
100255,PVC poly membrána tloušťky 1.5,Material,Waterproofing,m2,191.21,191.21,191.21,191.21,1,CZK,205.93,1.077,5,5,建筑工程,práce na střeše a hydroizolaci,vodotěsné střešní krytiny a drobnosti,vodotěsná membrána střechy
100254,poly modifikovaný bitumen poly (samoopalovací) tloušťka 3mm,Material,Waterproofing,m2,206.51,206.51,206.51,206.51,1,CZK,256.38,1.2415,5,5,建筑工程,práce na střeše a hydroizolaci,vodotěsné střešní krytiny a drobnosti,vodotěsná membrána střechy
170192,PVC 50,Material,General,m,32.2,32.2,32.2,32.2,1,CZK,33.71,1.047,5,5,建筑工程,práce na střeše a hydroizolaci,vodotěsné střešní krytiny a drobnosti,střešní voda
170103,sklo ocel 160,Material,Steel & Metal,pcs,66.54,66.54,66.54,66.54,1,CZK,6.72,0.101,5,5,建筑工程,práce na střeše a hydroizolaci,vodotěsné střešní krytiny a drobnosti,střešní voda
070032,sádrokarton 700mm přesah,Material,General,pcs,275.34,275.34,275.34,275.34,1,CZK,283.6,1.03,5,5,建筑工程,jiné dekorativní práce,dekorativní lišta,sádrová dekorativní lišta
070031,sádrokarton 700mm uvnitř,Material,General,pcs,192.74,192.74,192.74,192.74,1,CZK,198.52,1.03,5,5,建筑工程,jiné dekorativní práce,dekorativní lišta,sádrová dekorativní lišta
800015,elektrický naviják jednobodový 8t,Equipment,Hoists,machine-shift,487.97,487.97,487.97,487.97,1,CZK,58.56,0.12,5,5,建筑工程,betonové a železobetonové práce,železobetonové práce,
100258,poly,Material,General,kg,107.08,107.08,107.08,107.08,1,CZK,264.7,2.472,5,5,建筑工程,práce na střeše a hydroizolaci,spojovací dil pohybu,vyplňování spár
090383,nerezový ocelový lištový profil 1.3mm,Material,Steel & Metal,m,5.74,5.74,5.74,5.74,1,CZK,3.84,0.6697,5,5,建筑工程,"povrchové úpravy stěn a sloupů, příčky a závěsné stěny",čelní stěna,dekorativní deska na stěnu
050006,sklo 20mm,Material,Glass,m2,1093.73,1093.73,1093.73,1093.73,1,CZK,1126.54,1.03,5,5,建筑工程,"povrchové úpravy stěn a sloupů, příčky a závěsné stěny",čelní stěna,dekorativní deska na stěnu
180658,ocel 50,Material,Steel & Metal,pcs,18.39,18.39,18.39,18.39,1,CZK,18.76,1.02,5,5,建筑工程,Obecné instalační práce - Sv.5 Systémy inteligence budov,,
800259,výška,Equipment,General,machine-shift,34.99,34.99,34.99,34.99,1,CZK,176.01,5.03,5,5,建筑工程,betonové a železobetonové práce,železobetonové práce,
800061,200t,Equipment,General,machine-shift,35.45,35.45,35.45,35.45,1,CZK,178.32,5.03,5,5,建筑工程,betonové a železobetonové práce,železobetonové práce,
010574,ocelová forma bez lepidla,Material,Steel & Metal,kg,26.39,26.39,26.39,26.39,1,CZK,27046.81,1025.0,5,5,建筑工程,betonové a železobetonové práce,železobetonové práce,
010573,ocelové dráty bez lepidla,Material,Steel & Metal,kg,26.58,26.58,26.58,26.58,1,CZK,27242.8,1025.0,5,5,建筑工程,betonové a železobetonové práce,železobetonové práce,
010572,ocelová forma,Material,Steel & Metal,kg,25.93,25.93,25.93,25.93,1,CZK,26576.43,1025.0,5,5,建筑工程,betonové a železobetonové práce,železobetonové práce,
010571,ocelové dráty,Material,Steel & Metal,kg,25.93,25.93,25.93,25.93,1,CZK,26576.43,1025.0,5,5,建筑工程,betonové a železobetonové práce,železobetonové práce,
800183,narovnávač prutů,Equipment,General,machine-shift,114.73,114.73,114.73,114.73,1,CZK,38.78,0.338,5,5,建筑工程,betonové a železobetonové práce,železobetonové práce,
070030,sádrokarton 600mm za,Material,General,pcs,275.34,275.34,275.34,275.34,1,CZK,283.6,1.03,5,5,建筑工程,jiné dekorativní práce,dekorativní lišta,sádrová dekorativní lišta
070029,sádrokarton 600mm uvnitř,Material,General,pcs,165.21,165.21,165.21,165.21,1,CZK,170.16,1.03,5,5,建筑工程,jiné dekorativní práce,dekorativní lišta,sádrová dekorativní lišta
070028,sádra,Material,General,pcs,26.39,26.39,26.39,26.39,1,CZK,27.18,1.03,5,5,建筑工程,jiné dekorativní práce,dekorativní lišta,sádrová dekorativní lišta
120153,Pás ve tvaru U,Material,General,m,3.82,3.82,3.82,3.82,1,CZK,8.03,2.1,5,5,建筑工程,práce na střeše a hydroizolaci,,profil a další položky střechy
100253,modifikovaný bitumenový plech (samoopalovací) tloušťka 4mm,Material,Steel & Metal,m2,401.54,401.54,401.54,401.54,1,CZK,511.16,1.273,5,5,建筑工程,práce na střeše a hydroizolaci,vodotěsné střešní krytiny a drobnosti,vodotěsná membrána střechy
070052,dekorativní lišta s zrcadlovým povrchem přesahující 30mm,Material,General,m,69.6,69.6,69.6,69.6,1,CZK,71.69,1.03,5,5,建筑工程,jiné dekorativní práce,dekorativní lišta,kovová dekorativní lišta
070051,dekorativní lišta s zrcadlovým povrchem 30mm uvnitř,Material,General,m,48.57,48.57,48.57,48.57,1,CZK,50.02,1.03,5,5,建筑工程,jiné dekorativní práce,dekorativní lišta,kovová dekorativní lišta
070050,"dekorativní lišta z nerezové oceli s povrchem zrcadlový lesk, přesah 30mm",Material,Steel & Metal,m,67.69,67.69,67.69,67.69,1,CZK,69.72,1.03,5,5,建筑工程,jiné dekorativní práce,dekorativní lišta,kovová dekorativní lišta
070049,dekorativní lišta z nerezové oceli s povrchem zrcadlový lesk 30mm,Material,Steel & Metal,m,40.15,40.15,40.15,40.15,1,CZK,41.36,1.03,5,5,建筑工程,jiné dekorativní práce,dekorativní lišta,kovová dekorativní lišta
030108,dřevěná deska,Material,Wood & Timber,m2,1147.27,1147.27,1147.27,1147.27,1,CZK,1204.63,1.05,5,5,建筑工程,práce na střeše a hydroizolaci,,profil a další položky střechy
010245,ocelové drátěné pletivo,Material,Steel & Metal,m2,38.24,38.24,38.24,38.24,1,CZK,38.62,1.01,5,5,建筑工程,práce na střeše a hydroizolaci,,profil a další položky střechy
020005,cementový cihla,Material,Concrete & Cement,m2,162.53,162.53,162.53,162.53,1,CZK,165.78,1.02,5,5,建筑工程,práce na střeše a hydroizolaci,,profil a další položky střechy
090877,hřebík 3×15,Material,Fasteners,set,5.74,5.74,5.74,5.74,1,CZK,26.96,4.7,5,5,建筑工程,práce na střeše a hydroizolaci,,
090239,ocelový plech pás 2mm tloušťka,Material,Steel & Metal,m,33.19,33.19,33.19,33.19,1,CZK,81.39,2.452,5,5,建筑工程,práce na střeše a hydroizolaci,,
040129,deska,Material,General,pcs,325.06,325.06,325.06,325.06,1,CZK,43.56,0.134,5,5,建筑工程,práce na střeše a hydroizolaci,,
040128,deska,Material,General,m2,325.06,325.06,325.06,325.06,1,CZK,334.81,1.03,5,5,建筑工程,práce na střeše a hydroizolaci,,
040127,kamenný kov,Material,Steel & Metal,pcs,114.73,114.73,114.73,114.73,1,CZK,33.27,0.29,5,5,建筑工程,práce na střeše a hydroizolaci,,
100123,kámen,Material,General,kg,11.86,11.86,11.86,11.86,1,CZK,4.34,0.366,5,5,建筑工程,práce na tepelně izolačních a protikorozních systémech,nátěrová vrstva proti korozi,vrstva proti korozi na čelní straně bloku
810110,kamenný beton,Material,Concrete & Cement,m3,3044.85,3044.85,3044.85,3044.85,1,CZK,100.02,0.0329,5,5,建筑工程,práce na tepelně izolačních a protikorozních systémech,nátěrová vrstva proti korozi,protikorozní betonová vrstva
810099,beton,Material,Concrete & Cement,m3,1165.16,1165.16,1165.16,1165.16,1,CZK,38.51,0.033,5,5,建筑工程,práce na tepelně izolačních a protikorozních systémech,nátěrová vrstva proti korozi,protikorozní betonová vrstva
810098,odoluvzdorný beton,Material,Concrete & Cement,m3,1682.66,1682.66,1682.66,1682.66,1,CZK,101.97,0.0606,5,5,建筑工程,práce na tepelně izolačních a protikorozních systémech,nátěrová vrstva proti korozi,protikorozní betonová vrstva
100439,kamenné lepidlo deska 0.8 6,Material,General,kg,61.95,61.95,61.95,61.95,1,CZK,15.49,0.25,5,5,建筑工程,Obecné instalační práce - Sv.6 Automatizace a kontrola instrumentace,,
090161,rozpěrný šroub 12,Material,Fasteners,set,10.29,10.29,10.29,10.29,1,CZK,59.01,5.736,5,5,建筑工程,Obecné instalační práce - Sv.5 Systémy inteligence budov,montáž,"instalace, jednotlivá"
800003,autojeřáb 10t,Equipment,Cranes,machine-shift,2210.4,2210.4,2210.4,2210.4,1,CZK,3315.6,1.5,5,5,建筑工程,Obecné instalační práce - Sv.5 Systémy inteligence budov,montáž,
800418,elektřina,Equipment,General,machine-shift,619.6,619.6,619.6,619.6,1,CZK,123.92,0.2,5,5,建筑工程,Obecné instalační práce - Sv.5 Systémy inteligence budov,montáž,
390135,podlaha deska,Material,General,m3,7266.02,7266.02,7266.02,7266.02,1,CZK,7266.02,1.0,5,5,建筑工程,betonové a železobetonové práce,prefabrikovaný betonový panel,
390130,jednotná deska,Material,General,m3,5315.67,5315.67,5315.67,5315.67,1,CZK,5315.67,1.0,5,5,建筑工程,betonové a železobetonové práce,prefabrikovaný betonový panel,
390129,dvojitá T typ desky,Material,General,m3,5315.67,5315.67,5315.67,5315.67,1,CZK,5315.67,1.0,5,5,建筑工程,betonové a železobetonové práce,prefabrikovaný betonový panel,
390128,F -tvarná deska ve tvaru písmene F,Material,General,m3,5315.67,5315.67,5315.67,5315.67,1,CZK,5315.67,1.0,5,5,建筑工程,betonové a železobetonové práce,prefabrikovaný betonový panel,
390144,okno rám,Material,Glass,m3,15296.89,15296.89,15296.89,15296.89,1,CZK,15296.89,1.0,5,5,建筑工程,betonové a železobetonové práce,předpjatý betonový rám,
390143,dveřní rám,Material,General,m3,15296.89,15296.89,15296.89,15296.89,1,CZK,15296.89,1.0,5,5,建筑工程,betonové a železobetonové práce,předpjatý betonový rám,
850224,1070,Equipment,General,machine-shift,113.96,113.96,113.96,113.96,1,CZK,113.3,0.9942,5,5,建筑工程,Obecné instalační práce - Sv.6 Automatizace a kontrola instrumentace,,
080191,dřevěná dekorativní deska,Material,Wood & Timber,m2,305.94,305.94,305.94,305.94,1,CZK,330.87,1.0815,5,5,建筑工程,"povrchové úpravy stěn a sloupů, příčky a závěsné stěny",čelní stěna,dekorativní deska na stěnu
130050,kámen,Material,General,kg,5.77,5.77,5.77,5.77,1,CZK,25.08,4.3425,5,5,建筑工程,práce na tepelně izolačních a protikorozních systémech,nátěrová vrstva proti korozi,vrstva proti korozi na čelní straně bloku
120021,vodní deska,Material,Water,m2,239.01,239.01,239.01,239.01,1,CZK,250.96,1.05,5,5,建筑工程,práce na tepelně izolačních a protikorozních systémech,nátěrová vrstva proti korozi,vrstva proti korozi na čelní straně bloku
040126,kamenný kov,Material,Steel & Metal,m2,527.74,527.74,527.74,527.74,1,CZK,543.57,1.03,5,5,建筑工程,práce na střeše a hydroizolaci,,
040022,skloocelové oceli,Material,Steel & Metal,m2,231.37,231.37,231.37,231.37,1,CZK,233.68,1.01,5,5,建筑工程,práce na střeše a hydroizolaci,,
040014,cement,Material,Concrete & Cement,pcs,11.47,11.47,11.47,11.47,1,CZK,3.33,0.29,5,5,建筑工程,práce na střeše a hydroizolaci,,
390008,T-profilový nosník,Material,General,m3,7614.79,7614.79,7614.79,7614.79,1,CZK,7614.79,1.0,5,5,建筑工程,betonové a železobetonové práce,předpjatý betonový nosník,
390127,s podlahou,Material,General,m3,5315.67,5315.67,5315.67,5315.67,1,CZK,5315.67,1.0,5,5,建筑工程,betonové a železobetonové práce,prefabrikovaný betonový panel,
080753,pozinkovaný ocelový trubkový rošt 50×50×1.5,Material,Steel & Metal,m,76.48,76.48,76.48,76.48,1,CZK,459.69,6.0102,5,5,建筑工程,"povrchové úpravy stěn a sloupů, příčky a závěsné stěny",čelní stěna,dekorativní deska na stěnu
080140,hliníková slitina nosník 25×50×3,Material,General,m,16.33,16.33,16.33,16.33,1,CZK,67.88,4.157,5,5,建筑工程,"povrchové úpravy stěn a sloupů, příčky a závěsné stěny",čelní stěna,dekorativní deska na stěnu
080139,hliníkový slitinový nosník 40×40×3,Material,General,m,20.42,20.42,20.42,20.42,1,CZK,114.85,5.6242,5,5,建筑工程,"povrchové úpravy stěn a sloupů, příčky a závěsné stěny",čelní stěna,dekorativní deska na stěnu
080009,úhelníkový ocelový nosník 30×30×3,Material,Steel & Metal,kg,17.59,17.59,17.59,17.59,1,CZK,215.13,12.2294,5,5,建筑工程,"povrchové úpravy stěn a sloupů, příčky a závěsné stěny",čelní stěna,dekorativní deska na stěnu
080002,ocelový lehký nosník 25×25,Material,Steel & Metal,m,17.36,17.36,17.36,17.36,1,CZK,77.3,4.452,5,5,建筑工程,"povrchové úpravy stěn a sloupů, příčky a závěsné stěny",čelní stěna,dekorativní deska na stěnu
080001,ocelový lehký nosník 50×20,Material,Steel & Metal,m,21.65,21.65,21.65,21.65,1,CZK,128.09,5.9177,5,5,建筑工程,"povrchové úpravy stěn a sloupů, příčky a závěsné stěny",čelní stěna,dekorativní deska na stěnu
370243,sklo,Material,Glass,m2,19.12,19.12,19.12,19.12,1,CZK,21.03,1.1,5,5,建筑工程,práce na dveřích a oknech,,
040010,skloocelové oceli,Material,Steel & Metal,pcs,102.11,102.11,102.11,102.11,1,CZK,14.97,0.1466,5,5,建筑工程,práce na střeše a hydroizolaci,,
040009,dekorativní,Material,General,m2,184.33,184.33,184.33,184.33,1,CZK,189.86,1.03,5,5,建筑工程,práce na střeše a hydroizolaci,,
110286,emulzní barva,Material,Paint & Coatings,kg,115.49,115.49,115.49,115.49,1,CZK,29.74,0.2575,5,5,建筑工程,"malířské, nátěrové a tapetářské práce",nátěr a stříkání,vrstva nátěru stropního povrchu
010019,plochá ocel 60 nad,Material,Steel & Metal,kg,14.65,14.65,14.65,14.65,1,CZK,142.0,9.6952,5,5,建筑工程,Obecné instalační práce - Sv.7 Větrání a klimatizace,a instalace,montáž
390142,rám,Material,General,m3,15296.89,15296.89,15296.89,15296.89,1,CZK,15296.89,1.0,5,5,建筑工程,betonové a železobetonové práce,předpjatý betonový rám,
390141,rám,Material,General,m3,15296.89,15296.89,15296.89,15296.89,1,CZK,15296.89,1.0,5,5,建筑工程,betonové a železobetonové práce,předpjatý betonový rám,
390140,formování - tvarovaný rám,Material,General,m3,17209.0,17209.0,17209.0,17209.0,1,CZK,17209.0,1.0,5,5,建筑工程,betonové a železobetonové práce,předpjatý betonový rám,
010252,ocelové dráty,Material,Steel & Metal,kg,39.39,39.39,39.39,39.39,1,CZK,5.91,0.15,5,5,建筑工程,betonové a železobetonové práce,předpjatý betonový rám,
810203,malta 1: 0.3: 1.5,Material,Concrete & Cement,m3,2218.05,2218.05,2218.05,2218.05,1,CZK,1.33,0.0006,5,5,建筑工程,betonové a železobetonové práce,předpjatý betonový nosník,
390136,specializovaný nosník tvaru,Material,General,m3,8030.86,8030.86,8030.86,8030.86,1,CZK,8030.86,1.0,5,5,建筑工程,betonové a železobetonové práce,předpjatý betonový nosník,
390132,obdélníkový nosník,Material,General,m3,7266.02,7266.02,7266.02,7266.02,1,CZK,7266.02,1.0,5,5,建筑工程,betonové a železobetonové práce,předpjatý betonový nosník,
390124,nosník,Material,General,m3,9369.34,9369.34,9369.34,9369.34,1,CZK,9369.34,1.0,5,5,建筑工程,betonové a železobetonové práce,předpjatý betonový nosník,
390123,specializovaný nosníková konstrukce,Material,General,m3,6883.6,6883.6,6883.6,6883.6,1,CZK,6883.6,1.0,5,5,建筑工程,betonové a železobetonové práce,předpjatý betonový nosník,
110111,vrstva polyuretanového nátěru,Material,General,kg,39.39,39.39,39.39,39.39,1,CZK,13.94,0.3538,5,5,建筑工程,práce na tepelně izolačních a protikorozních systémech,antikorozní,protikorozní nátěr
100142,vodou ředitelný asfaltový tmel,Material,Waterproofing,kg,23.71,23.71,23.71,23.71,1,CZK,21.34,0.9,5,5,建筑工程,práce na tepelně izolačních a protikorozních systémech,antikorozní,izolační vrstva
060047,GRC kámen 0.2m2 uvnitř,Material,General,m2,152.97,152.97,152.97,152.97,1,CZK,157.18,1.0275,5,5,建筑工程,"povrchové úpravy stěn a sloupů, příčky a závěsné stěny",obklad povrchu sloupu (nosníku),povrch sloupu s blokovým obkladem
400063,beton C30,Material,Concrete & Cement,m3,1835.63,1835.63,1835.63,1835.63,1,CZK,1815.43,0.989,5,5,建筑工程,betonové a železobetonové práce,vypěněný sloup z betonu na místě,
180861,hliníková slitina,Material,General,m,76.48,76.48,76.48,76.48,1,CZK,6.12,0.08,5,5,建筑工程,Obecné instalační práce - Sv.7 Větrání a klimatizace,,
230008,hliníkové lepidlo s 64,Material,General,m,13.0,13.0,13.0,13.0,1,CZK,9.36,0.72,5,5,建筑工程,Obecné instalační práce - Sv.7 Větrání a klimatizace,,
110752,lepidlo na vodní bázi,Material,Water,kg,11.47,11.47,11.47,11.47,1,CZK,4.66,0.406,5,5,建筑工程,Obecné instalační práce - Sv.7 Větrání a klimatizace,,
060012,mramorová deska 0.25m2 navíc,Material,General,m2,764.84,764.84,764.84,764.84,1,CZK,780.14,1.02,5,5,建筑工程,podlahové dokončovací práce,dlažba,
090619,pozinkováno s šroubem 8×(65 80),Material,Fasteners,set,1.84,1.84,1.84,1.84,1,CZK,14.75,8.0336,5,5,建筑工程,Obecné instalační práce - Sv.7 Větrání a klimatizace,,"montáž pozinkovaného ocelového plechu (1.0mm uvnitř, )"
110494,polyuretanový základní nátěr,Material,Paint & Coatings,kg,95.61,95.61,95.61,95.61,1,CZK,18.64,0.195,5,5,建筑工程,"malířské, nátěrové a tapetářské práce",barva na kovové povrchy,"kovový povrch, ocelová konstrukční barva"
110789,tmelící základní nátěr,Material,Paint & Coatings,kg,107.08,107.08,107.08,107.08,1,CZK,32.12,0.3,5,5,建筑工程,"malířské, nátěrové a tapetářské práce",barva na kovové povrchy,"kovový povrch, ocelová konstrukční barva"
110033,nátěr,Material,Paint & Coatings,kg,172.09,172.09,172.09,172.09,1,CZK,3.4,0.0197,5,5,建筑工程,"malířské, nátěrové a tapetářské práce",nátěr na dřevěné povrchy,nátěr dřevěné základní desky
110006,s vrchním lakovacím nátěrem,Material,Paint & Coatings,kg,72.28,72.28,72.28,72.28,1,CZK,3.18,0.0441,5,5,建筑工程,"malířské, nátěrové a tapetářské práce",nátěr na dřevěné povrchy,nátěr dřevěné základní desky
810182,cementový kámen (omývaný povrch),Material,Concrete & Cement,m3,1109.02,1109.02,1109.02,1109.02,1,CZK,14.75,0.0133,5,5,建筑工程,"povrchové úpravy stěn a sloupů, příčky a závěsné stěny",,dekorativní omítky na stěny
180656,ocel 32,Material,Steel & Metal,pcs,7.42,7.42,7.42,7.42,1,CZK,7.49,1.01,5,5,建筑工程,"Obecné instalační práce - Sv.10 Vodovod, odpad, topení, plyn",montáž,
180027,pozinkovaný 32,Material,General,pcs,10.1,10.1,10.1,10.1,1,CZK,20.29,2.01,5,5,建筑工程,"Obecné instalační práce - Sv.10 Vodovod, odpad, topení, plyn",montáž,
180021,pozinkovaný spoj 32,Material,General,pcs,28.3,28.3,28.3,28.3,1,CZK,57.16,2.02,5,5,建筑工程,"Obecné instalační práce - Sv.10 Vodovod, odpad, topení, plyn",montáž,
180010,pozinkovaný 32,Material,General,pcs,9.94,9.94,9.94,9.94,1,CZK,10.04,1.01,5,5,建筑工程,"Obecné instalační práce - Sv.10 Vodovod, odpad, topení, plyn",montáž,
180031,pozinkovaný 15,Material,General,pcs,4.97,4.97,4.97,4.97,1,CZK,6.03,1.212,5,5,建筑工程,"Obecné instalační práce - Sv.10 Vodovod, odpad, topení, plyn",vodoinstalace,
180252,20,Material,General,pcs,3.33,3.33,3.33,3.33,1,CZK,5.89,1.77,5,5,建筑工程,práce na pilotách,vrtaná pilotáž,
110301,penetrační nátěr proti vlhkosti,Material,Paint & Coatings,kg,45.89,45.89,45.89,45.89,1,CZK,8.86,0.193,5,5,建筑工程,"povrchové úpravy stěn a sloupů, příčky a závěsné stěny",,
060015,mramorová soklová lišta (v 150mm),Material,Wood & Timber,m,157.56,157.56,157.56,157.56,1,CZK,174.1,1.105,5,5,建筑工程,podlahové dokončovací práce,lišta,
850231,"V5 ISDN, 7",Equipment,General,machine-shift,1816.01,1816.01,1816.01,1816.01,1,CZK,1937.08,1.0667,5,5,建筑工程,Obecné instalační práce - Sv.11 Komunikační zařízení a vedení,,
350150,RV-105 poly elektrické tvarování 0.5,Material,General,m,3.29,3.29,3.29,3.29,1,CZK,15.74,4.7867,5,5,建筑工程,Obecné instalační práce - Sv.11 Komunikační zařízení a vedení,modelování,
180129,plochý (1.0MPa) 200,Material,General,pcs,309.76,309.76,309.76,309.76,1,CZK,371.71,1.2,5,5,建筑工程,"Obecné instalační práce - Sv.10 Vodovod, odpad, topení, plyn",,montáž
180128,plochý (1.0MPa) 150,Material,General,pcs,201.92,201.92,201.92,201.92,1,CZK,242.3,1.2,5,5,建筑工程,"Obecné instalační práce - Sv.10 Vodovod, odpad, topení, plyn",,montáž
180126,plochý (1.0MPa) 100,Material,General,pcs,128.11,128.11,128.11,128.11,1,CZK,153.73,1.2,5,5,建筑工程,"Obecné instalační práce - Sv.10 Vodovod, odpad, topení, plyn",,montáž
180125,plochý (1.0MPa) 80,Material,General,pcs,103.64,103.64,103.64,103.64,1,CZK,124.36,1.2,5,5,建筑工程,"Obecné instalační práce - Sv.10 Vodovod, odpad, topení, plyn",,montáž
110302,nátěr,Material,General,kg,28.68,28.68,28.68,28.68,1,CZK,44.31,1.545,5,5,建筑工程,"malířské, nátěrové a tapetářské práce",nátěr a stříkání,vrstva nátěru stropního povrchu
110776,vlhkuvzdorný penetrační nátěr,Material,Paint & Coatings,kg,72.66,72.66,72.66,72.66,1,CZK,18.17,0.25,5,5,建筑工程,"malířské, nátěrové a tapetářské práce",malba na omítce,malba na omítce
110767,nátěr H87,Material,General,kg,99.43,99.43,99.43,99.43,1,CZK,21.8,0.2192,5,5,建筑工程,"Obecné instalační práce - Sv.12 Malování, protikorozní, tepelná izolace",,
830048,zámek,Material,General,kg,19.5,19.5,19.5,19.5,1,CZK,1518.82,77.874,5,5,建筑工程,úprava půdy a podpora svahů,výkop pro základy,základová stěna
010689,Pb2ϕ5 13,Material,General,kg,109.76,109.76,109.76,109.76,1,CZK,2634.12,24.0,5,5,建筑工程,Obecné instalační práce - Sv.11 Komunikační zařízení a vedení,,
460057,kámen,Material,General,kg,18.09,18.09,18.09,18.09,1,CZK,18.09,1.0,5,5,建筑工程,Obecné instalační práce - Sv.11 Komunikační zařízení a vedení,,
040225,kámen,Material,General,kg,0.5,0.5,0.5,0.5,1,CZK,152.13,306.0,5,5,建筑工程,zemní práce a práce se skalou,záplava,zásyp základů
800531,elektřina,Equipment,General,machine-shift,845.92,845.92,845.92,845.92,1,CZK,3.47,0.0041,5,5,建筑工程,zemní práce a práce se skalou,,
800292,silniční válec (kompozitní),Equipment,General,machine-shift,1798.15,1798.15,1798.15,1798.15,1,CZK,0.72,0.0004,5,5,建筑工程,zemní práce a práce se skalou,,
800626,30kW,Equipment,General,machine-shift,58.51,58.51,58.51,58.51,1,CZK,2.91,0.0498,4,4,建筑工程,"Obecné instalační práce - Sv.12 Malování, protikorozní, tepelná izolace",postřikování,stříkání kamene
110100,bitumenový základní nátěr,Material,Paint & Coatings,kg,115.49,115.49,115.49,115.49,1,CZK,15.48,0.134,4,4,建筑工程,"Obecné instalační práce - Sv.12 Malování, protikorozní, tepelná izolace",obdélníkové štětce,
390086,předpjatá betonová pilotáž,Material,Concrete & Cement,pcs,229.45,229.45,229.45,229.45,1,CZK,145.63,0.6347,4,4,建筑工程,úprava půdy a podpora svahů,,
830049,vrtání,Material,General,kg,15.11,15.11,15.11,15.11,1,CZK,81.67,5.4067,4,4,建筑工程,úprava půdy a podpora svahů,,
800257,pilot 40t,Equipment,General,machine-shift,2652.48,2652.48,2652.48,2652.48,1,CZK,285.76,0.1077,4,4,建筑工程,úprava půdy a podpora svahů,,
010043,pozinkovaný ocelový plech 0.5,Material,Steel & Metal,m2,92.55,92.55,92.55,92.55,1,CZK,121.7,1.315,4,4,建筑工程,"Obecné instalační práce - Sv.12 Malování, protikorozní, tepelná izolace",výroba a instalace,
800042,"1,5",Equipment,General,machine-shift,56.22,56.22,56.22,56.22,1,CZK,0.49,0.0088,4,4,建筑工程,"Obecné instalační práce - Sv.12 Malování, protikorozní, tepelná izolace",výroba a instalace,
810119,1: 2.5 teraco kámen,Material,General,m3,4264.96,4264.96,4264.96,4264.96,1,CZK,67.81,0.0159,4,4,建筑工程,podlahové dokončovací práce,,
110464,typ bez kompozitního nátěru,Equipment,General,kg,136.14,136.14,136.14,136.14,1,CZK,61.75,0.4536,4,4,建筑工程,"malířské, nátěrové a tapetářské práce",nátěr a stříkání,vrstva nátěru na povrchu stěny
090253,lišta 4×6mm,Material,General,m,41.3,41.3,41.3,41.3,1,CZK,43.78,1.06,4,4,建筑工程,podlahové dokončovací práce,vrstva dokončení schodiště,
090187,šroub YG1-M10,Material,Fasteners,pcs,6.88,6.88,6.88,6.88,1,CZK,8.26,1.2,4,4,建筑工程,podlahové dokončovací práce,vrstva dokončení schodiště,
090337,nerezová ocel,Material,Steel & Metal,m,59.66,59.66,59.66,59.66,1,CZK,62.64,1.05,4,4,建筑工程,podlahové dokončovací práce,vrstva dokončení schodiště,
090339,nerezová ocelová deska,Material,Steel & Metal,m,49.71,49.71,49.71,49.71,1,CZK,52.2,1.05,4,4,建筑工程,podlahové dokončovací práce,vrstva dokončení schodiště,
800145,broušení rovného povrchu,Equipment,General,machine-shift,25.43,25.43,25.43,25.43,1,CZK,2.75,0.108,4,4,建筑工程,podlahové dokončovací práce,,
060087,hotový výrobek speciální tvar kamenné desky 5mm,Material,General,m2,1070.78,1070.78,1070.78,1070.78,1,CZK,1152.16,1.076,4,4,建筑工程,"povrchové úpravy stěn a sloupů, příčky a závěsné stěny",obklad povrchu sloupu (nosníku),povrch kamenného sloupu
060088,hotový výrobek typ kamenná deska 8 12mm,Material,General,m2,611.88,611.88,611.88,611.88,1,CZK,627.17,1.025,4,4,建筑工程,"povrchové úpravy stěn a sloupů, příčky a závěsné stěny",obklad povrchu sloupu (nosníku),povrch kamenného sloupu
060100,hotový výrobek speciální tvar kamenné desky 8 12mm,Material,General,m2,1223.75,1223.75,1223.75,1223.75,1,CZK,1316.76,1.076,4,4,建筑工程,"povrchové úpravy stěn a sloupů, příčky a závěsné stěny",obklad povrchu sloupu (nosníku),povrch kamenného sloupu
110083,poly,Material,General,kg,169.03,169.03,169.03,169.03,1,CZK,61.61,0.3645,4,4,建筑工程,práce na tepelně izolačních a protikorozních systémech,antikorozní,izolační vrstva
110794,vrstva nátěru,Material,General,kg,122.38,122.38,122.38,122.38,1,CZK,53.81,0.4398,4,4,建筑工程,práce na tepelně izolačních a protikorozních systémech,antikorozní,protikorozní nátěr
090092,s šroubem 6×(16 25),Material,Fasteners,set,0.34,0.34,0.34,0.34,1,CZK,2.73,7.9303,4,4,建筑工程,Obecné instalační práce - Sv.7 Větrání a klimatizace,,"montáž ocelového plechu (3mm uvnitř, svařování)"
090618,pozinkovaná tvarovaná matice 8,Material,Fasteners,pcs,2.98,2.98,2.98,2.98,1,CZK,3.16,1.06,4,4,建筑工程,Obecné instalační práce - Sv.7 Větrání a klimatizace,,
090468,pozinkovaný hřebík,Material,Fasteners,pcs,0.76,0.76,0.76,0.76,1,CZK,6.68,8.74,4,4,建筑工程,"malířské, nátěrové a tapetářské práce",modelování,
110463,typ tloušťky bez nátěru stěny,Equipment,General,kg,146.85,146.85,146.85,146.85,1,CZK,92.52,0.63,4,4,建筑工程,"malířské, nátěrové a tapetářské práce",nátěr a stříkání,vrstva nátěru na povrchu stěny
090311,jednotka okna,Material,Glass,m,23.94,23.94,23.94,23.94,1,CZK,25.14,1.05,4,4,建筑工程,práce na dveřích a oknech,"okno, okno",
090312,dvojitá okna,Material,Glass,m,47.8,47.8,47.8,47.8,1,CZK,50.19,1.05,4,4,建筑工程,práce na dveřích a oknech,"okno, okno",
090315,jednotka okna,Material,Glass,m,89.1,89.1,89.1,89.1,1,CZK,89.1,1.0,4,4,建筑工程,práce na dveřích a oknech,"okno, okno",
090316,dvojitá okna,Material,Glass,m,170.18,170.18,170.18,170.18,1,CZK,170.18,1.0,4,4,建筑工程,práce na dveřích a oknech,"okno, okno",
110753,typ bez nátěru,Equipment,General,kg,57.36,57.36,57.36,57.36,1,CZK,28.91,0.504,4,4,建筑工程,"malířské, nátěrové a tapetářské práce",nátěr a stříkání,vrstva nátěru na povrchu stěny
110754,typ tloušťky bez kompozitního nátěru,Equipment,General,kg,118.55,118.55,118.55,118.55,1,CZK,65.72,0.5544,4,4,建筑工程,"malířské, nátěrové a tapetářské práce",nátěr a stříkání,vrstva nátěru na povrchu stěny
020103,omítání SN blok,Material,General,m3,1835.63,1835.63,1835.63,1835.63,1,CZK,1453.82,0.792,4,4,建筑工程,zděné práce,zděná konstrukce,
020104,omítání SN speciální tvarované bloky,Material,General,m3,1854.75,1854.75,1854.75,1854.75,1,CZK,344.98,0.186,4,4,建筑工程,zděné práce,zděná konstrukce,
400010,C35 beton připravený k použití,Material,Concrete & Cement,m3,1625.29,1625.29,1625.29,1625.29,1,CZK,1649.67,1.015,4,4,建筑工程,betonové a železobetonové práce,v betonu na místě,
400066,sítka,Material,General,m2,19.12,19.12,19.12,19.12,1,CZK,70.27,3.675,4,4,建筑工程,betonové a železobetonové práce,v betonu na místě,
800222,nakladač 5t,Equipment,General,machine-shift,1132.73,1132.73,1132.73,1132.73,1,CZK,226.55,0.2,4,4,建筑工程,Obecné instalační práce - Sv.7 Větrání a klimatizace,,vodoinstalace
110603,bez složeného nátěru,Equipment,General,kg,136.14,136.14,136.14,136.14,1,CZK,42.88,0.315,4,4,建筑工程,"malířské, nátěrové a tapetářské práce",nátěr a stříkání,vrstva nátěru stropního povrchu
110602,bez nátěru,Equipment,General,kg,63.1,63.1,63.1,63.1,1,CZK,19.4,0.3075,4,4,建筑工程,"malířské, nátěrové a tapetářské práce",nátěr a stříkání,vrstva nátěru stropního povrchu
091058,pozinkováno s šroubem 8×75,Material,Fasteners,set,4.9,4.9,4.9,4.9,1,CZK,180.72,36.92,4,4,建筑工程,Obecné instalační práce - Sv.7 Větrání a klimatizace,,montáž
810096,poly maltová směs,Material,Concrete & Cement,m3,62877.96,62877.96,62877.96,62877.96,1,CZK,198.07,0.0032,4,4,建筑工程,práce na tepelně izolačních a protikorozních systémech,nátěrová vrstva proti korozi,protikorozní maltová vrstva
810169,polyakrylátová cementová malta,Material,Concrete & Cement,m3,6118.75,6118.75,6118.75,6118.75,1,CZK,82.6,0.0135,4,4,建筑工程,práce na tepelně izolačních a protikorozních systémech,nátěrová vrstva proti korozi,protikorozní maltová vrstva
810170,lepicí cementová malta,Material,Concrete & Cement,m3,6157.0,6157.0,6157.0,6157.0,1,CZK,83.12,0.0135,4,4,建筑工程,práce na tepelně izolačních a protikorozních systémech,nátěrová vrstva proti korozi,protikorozní maltová vrstva
810145,lepivý,Material,General,m3,102130.42,102130.42,102130.42,102130.42,1,CZK,135.32,0.0013,4,4,建筑工程,práce na tepelně izolačních a protikorozních systémech,nátěrová vrstva proti korozi,protikorozní lepicí vrstva
350267,lepicí lišta,Material,General,m,5.81,5.81,5.81,5.81,1,CZK,3.61,0.621,4,4,建筑工程,Obecné instalační práce - Sv.6 Automatizace a kontrola instrumentace,zámek,
390006,jednotrámová střecha,Material,General,m3,9212.55,9212.55,9212.55,9212.55,1,CZK,9212.55,1.0,4,4,建筑工程,betonové a železobetonové práce,předpjatý betonový nosník,
390007,dvojitý střešní nosník,Material,General,m3,8581.55,8581.55,8581.55,8581.55,1,CZK,8581.55,1.0,4,4,建筑工程,betonové a železobetonové práce,předpjatý betonový nosník,
390009,nosník,Material,General,m3,4811.25,4811.25,4811.25,4811.25,1,CZK,4811.25,1.0,4,4,建筑工程,betonové a železobetonové práce,předpjatý betonový nosník,
390133,-tvarná nosník,Material,General,m3,13384.77,13384.77,13384.77,13384.77,1,CZK,13384.77,1.0,4,4,建筑工程,betonové a železobetonové práce,předpjatý betonový nosník,
091522,kulatý pozinkovaný šroub M(2 5)×(10 50),Material,Fasteners,pcs,5.74,5.74,5.74,5.74,1,CZK,11.7,2.04,4,4,建筑工程,Obecné instalační práce - Sv.6 Automatizace a kontrola instrumentace,,
090576,pozinkovaný 5,Material,General,pcs,0.0,0.0,0.0,0.0,0,CZK,0.0,2.04,4,4,建筑工程,Obecné instalační práce - Sv.6 Automatizace a kontrola instrumentace,,
030115,dřevěná lišta,Material,Wood & Timber,m2,305.94,305.94,305.94,305.94,1,CZK,336.53,1.1,4,4,建筑工程,"povrchové úpravy stěn a sloupů, příčky a závěsné stěny",čelní stěna,dekorativní deska na stěnu
130098,kompozitní deska z kamenné vlny,Material,Aggregates,m3,3327.07,3327.07,3327.07,3327.07,1,CZK,109.79,0.033,4,4,建筑工程,práce na tepelně izolačních a protikorozních systémech,,stěnový povrch
400065,cementová deska,Material,Concrete & Cement,m3,1720.9,1720.9,1720.9,1720.9,1,CZK,56.79,0.033,4,4,建筑工程,práce na tepelně izolačních a protikorozních systémech,,stěnový povrch
130099,deska z kompozitní skelné vlny,Material,Glass,m3,2065.08,2065.08,2065.08,2065.08,1,CZK,68.15,0.033,4,4,建筑工程,práce na tepelně izolačních a protikorozních systémech,,stěnový povrch
090248,sítka,Material,General,m2,23.71,23.71,23.71,23.71,1,CZK,24.8,1.046,4,4,建筑工程,betonové a železobetonové práce,stavební konstrukce,
090163,rozpěrný šroub 16,Material,Fasteners,set,17.78,17.78,17.78,17.78,1,CZK,56.19,3.16,4,4,建筑工程,Obecné instalační práce - Sv.5 Systémy inteligence budov,montáž,"instalace, jednotlivá"
810097,dvojitá A poly malta,Material,Concrete & Cement,m3,66511.2,66511.2,66511.2,66511.2,1,CZK,209.51,0.0032,4,4,建筑工程,práce na tepelně izolačních a protikorozních systémech,nátěrová vrstva proti korozi,protikorozní maltová vrstva
810171,malt,Material,Concrete & Cement,m3,6501.18,6501.18,6501.18,6501.18,1,CZK,20.48,0.0032,4,4,建筑工程,práce na tepelně izolačních a protikorozních systémech,nátěrová vrstva proti korozi,protikorozní maltová vrstva
400404,SF vodní malta,Material,Concrete & Cement,m3,2868.17,2868.17,2868.17,2868.17,1,CZK,43.88,0.0153,4,4,建筑工程,práce na tepelně izolačních a protikorozních systémech,,
080006,ocelový lehký nosník 75×50,Material,Steel & Metal,kg,39.01,39.01,39.01,39.01,1,CZK,92.9,2.3815,4,4,建筑工程,"povrchové úpravy stěn a sloupů, příčky a závěsné stěny",sloupec (nosník) čelní,dekorativní povrch sloupu (nosníku)
850252,HP8563E,Equipment,General,machine-shift,714.82,714.82,714.82,714.82,1,CZK,357.41,0.5,4,4,建筑工程,Obecné instalační práce - Sv.5 Systémy inteligence budov,montáž,elektřina
091227,4×40,Material,General,pcs,0.19,0.19,0.19,0.19,1,CZK,0.4,2.08,4,4,建筑工程,Obecné instalační práce - Sv.5 Systémy inteligence budov,sítka,
090207,pozinkovaný elektrický 2×35,Material,General,pcs,4.32,4.32,4.32,4.32,1,CZK,108.03,25.0,4,4,建筑工程,Obecné instalační práce - Sv.5 Systémy inteligence budov,montáž,
330027,lišta RJ45,Material,General,pcs,5.74,5.74,5.74,5.74,1,CZK,573.63,100.0,4,4,建筑工程,Obecné instalační práce - Sv.5 Systémy inteligence budov,montáž,
130102,bední deska,Material,General,m3,5162.7,5162.7,5162.7,5162.7,1,CZK,5162.7,1.0,4,4,建筑工程,betonové a železobetonové práce,stavební konstrukce,
390022,balkon,Material,General,m3,7288.97,7288.97,7288.97,7288.97,1,CZK,7288.97,1.0,4,4,建筑工程,betonové a železobetonové práce,stavební konstrukce,
390028,typ konstrukční,Material,General,m3,7712.69,7712.69,7712.69,7712.69,1,CZK,7712.69,1.0,4,4,建筑工程,betonové a železobetonové práce,stavební konstrukce,
390166,stavební konstrukce,Material,General,m3,4673.2,4673.2,4673.2,4673.2,1,CZK,4673.2,1.0,4,4,建筑工程,betonové a železobetonové práce,stavební konstrukce,
390151,typ stěnové desky,Material,General,m3,9522.31,9522.31,9522.31,9522.31,1,CZK,9522.31,1.0,4,4,建筑工程,betonové a železobetonové práce,stavební konstrukce,
800414,HYB-5,Equipment,General,machine-shift,243.6,243.6,243.6,243.6,1,CZK,14.62,0.06,4,4,建筑工程,úprava půdy a podpora svahů,,
800416,postřik piloty D1200,Equipment,General,machine-shift,975.56,975.56,975.56,975.56,1,CZK,68.29,0.07,4,4,建筑工程,úprava půdy a podpora svahů,,
800423,elektrická vodní pumpa H 12,Equipment,Pumps,machine-shift,94.84,94.84,94.84,94.84,1,CZK,6.86,0.0723,4,4,建筑工程,úprava půdy a podpora svahů,,
040003,keramzit,Material,General,m3,642.47,642.47,642.47,642.47,1,CZK,926.44,1.442,4,4,建筑工程,práce na tepelně izolačních a protikorozních systémech,,
810089,1: 1.5: 4 keramzitový beton,Material,Concrete & Cement,m3,1453.4,1453.4,1453.4,1453.4,1,CZK,1475.2,1.015,4,4,建筑工程,práce na tepelně izolačních a protikorozních systémech,,
810166,1: 1.5: 4 přídavný beton beton,Material,Concrete & Cement,m3,1147.27,1147.27,1147.27,1147.27,1,CZK,1164.48,1.015,4,4,建筑工程,práce na tepelně izolačních a protikorozních systémech,,
130885,EPS deska,Material,Wood & Timber,m3,2466.62,2466.62,2466.62,2466.62,1,CZK,81.4,0.033,4,4,建筑工程,práce na tepelně izolačních a protikorozních systémech,,stěnový povrch
130886,EPS deska,Material,Wood & Timber,m3,2523.99,2523.99,2523.99,2523.99,1,CZK,83.29,0.033,4,4,建筑工程,práce na tepelně izolačních a protikorozních systémech,,stěnový povrch
060032,dekorativní sádrokarton 6mm tloušťka,Material,Wood & Timber,m2,123.52,123.52,123.52,123.52,1,CZK,129.7,1.05,4,4,建筑工程,"povrchové úpravy stěn a sloupů, příčky a závěsné stěny",čelní stěna,dekorativní deska na stěnu
080004,ocelový lehký nosník 75×40,Material,Steel & Metal,kg,31.74,31.74,31.74,31.74,1,CZK,43.74,1.378,4,4,建筑工程,"povrchové úpravy stěn a sloupů, příčky a závěsné stěny",sloupec (nosník) čelní,dekorativní povrch sloupu (nosníku)
350225,dvojité tvarování 8,Material,General,m,8.11,8.11,8.11,8.11,1,CZK,49.62,6.12,4,4,建筑工程,Obecné instalační práce - Sv.5 Systémy inteligence budov,,
390018,okno deska,Material,Glass,m3,6745.16,6745.16,6745.16,6745.16,1,CZK,6745.16,1.0,4,4,建筑工程,betonové a železobetonové práce,stavební konstrukce,
390019,"rám okna, deska",Material,Glass,m3,10325.4,10325.4,10325.4,10325.4,1,CZK,10325.4,1.0,4,4,建筑工程,betonové a železobetonové práce,stavební konstrukce,
390149,stěnová deska,Material,General,m3,5537.47,5537.47,5537.47,5537.47,1,CZK,5537.47,1.0,4,4,建筑工程,betonové a železobetonové práce,stavební konstrukce,
800158,výztužní ocel,Equipment,General,machine-shift,172.09,172.09,172.09,172.09,1,CZK,3.1,0.018,4,4,建筑工程,betonové a železobetonové práce,železné příslušenství,
040130,bitumen,Material,Waterproofing,m2,152.97,152.97,152.97,152.97,1,CZK,363.61,2.377,4,4,建筑工程,práce na střeše a hydroizolaci,,
040131,bitumen,Material,Waterproofing,pcs,198.86,198.86,198.86,198.86,1,CZK,57.67,0.29,4,4,建筑工程,práce na střeše a hydroizolaci,,
040066,195×310,Material,General,m,118.55,118.55,118.55,118.55,1,CZK,6.11,0.0515,4,4,建筑工程,práce na střeše a hydroizolaci,,
380039,ocelová síťová konstrukce s šrouby,Material,Steel & Metal,t,26769.55,26769.55,26769.55,26769.55,1,CZK,26769.55,1.0,4,4,建筑工程,pracovní konstrukce z kovu,,
120058,modelování,Material,General,m,31.89,31.89,31.89,31.89,1,CZK,64.11,2.01,4,4,建筑工程,"povrchové úpravy stěn a sloupů, příčky a závěsné stěny",sloupec (nosník) čelní,dekorativní povrch sloupu (nosníku)
080245,dřevěná deska,Material,Wood & Timber,m2,114.73,114.73,114.73,114.73,1,CZK,593.75,5.1754,4,4,建筑工程,"povrchové úpravy stěn a sloupů, příčky a závěsné stěny",sloupec (nosník) čelní,dekorativní povrch sloupu (nosníku)
070101,hotový mramorový sloup výška 350mm uvnitř,Material,General,pcs,745.72,745.72,745.72,745.72,1,CZK,745.72,1.0,4,4,建筑工程,"povrchové úpravy stěn a sloupů, příčky a závěsné stěny",sloupec (nosník) čelní,dekorativní sloup hotového výrobku
060067,kamenný povrch stěny,Material,General,m2,458.91,458.91,458.91,458.91,1,CZK,442.84,0.965,4,4,建筑工程,"povrchové úpravy stěn a sloupů, příčky a závěsné stěny",vrstva obkladu stěn,povrch stěny z bloků
110518,kov,Material,Steel & Metal,kg,22.95,22.95,22.95,22.95,1,CZK,114.73,5.0,4,4,建筑工程,podlahové dokončovací práce,,
800519,kruh,Equipment,General,machine-shift,19.73,19.73,19.73,19.73,1,CZK,2.28,0.1158,4,4,建筑工程,podlahové dokončovací práce,,
150052,kámen,Material,General,pcs,45.89,45.89,45.89,45.89,1,CZK,15.14,0.33,4,4,建筑工程,podlahové dokončovací práce,,
810042,1: 2.5 teraco cementový kámen,Material,Concrete & Cement,m3,2393.2,2393.2,2393.2,2393.2,1,CZK,38.05,0.0159,4,4,建筑工程,podlahové dokončovací práce,,
020096,blok,Material,General,m3,1529.69,1529.69,1529.69,1529.69,1,CZK,1074.61,0.7025,4,4,建筑工程,zděné práce,zděná konstrukce,
020102,speciální tvarovaný blok,Material,General,m3,1682.66,1682.66,1682.66,1682.66,1,CZK,277.64,0.165,4,4,建筑工程,zděné práce,zděná konstrukce,
010390,25 v rámci,Material,General,pcs,24.86,24.86,24.86,24.86,1,CZK,25.11,1.01,4,4,建筑工程,betonové a železobetonové práce,železné příslušenství,
010409,25 přesah,Material,General,pcs,45.51,45.51,45.51,45.51,1,CZK,45.96,1.01,4,4,建筑工程,betonové a železobetonové práce,železné příslušenství,
090199,25 v rámci,Material,General,pcs,32.51,32.51,32.51,32.51,1,CZK,32.83,1.01,4,4,建筑工程,betonové a železobetonové práce,železné příslušenství,
090200,25 přesah,Material,General,pcs,36.33,36.33,36.33,36.33,1,CZK,36.69,1.01,4,4,建筑工程,betonové a železobetonové práce,železné příslušenství,
130043,polyuretan,Material,General,m3,5736.33,5736.33,5736.33,5736.33,1,CZK,234.47,0.0409,4,4,建筑工程,"Obecné instalační práce - Sv.10 Vodovod, odpad, topení, plyn",,
110296,polyuretanové lepidlo,Material,General,kg,14.38,14.38,14.38,14.38,1,CZK,14.01,0.9744,4,4,建筑工程,"Obecné instalační práce - Sv.10 Vodovod, odpad, topení, plyn",,
040068,310×310,Material,General,m2,237.48,237.48,237.48,237.48,1,CZK,249.36,1.05,4,4,建筑工程,práce na střeše a hydroizolaci,,
040132,bitumen ve tvaru -,Material,Waterproofing,m2,198.86,198.86,198.86,198.86,1,CZK,204.83,1.03,4,4,建筑工程,práce na střeše a hydroizolaci,,
040133,bitumen ve tvaru -,Material,Waterproofing,pcs,198.86,198.86,198.86,198.86,1,CZK,57.67,0.29,4,4,建筑工程,práce na střeše a hydroizolaci,,
040134,dřevěný pruh 30×50,Material,Wood & Timber,m,34.42,34.42,34.42,34.42,1,CZK,58.51,1.7,4,4,建筑工程,práce na střeše a hydroizolaci,,
070099,kovové zrcadlové lišty,Material,Steel & Metal,m,38.24,38.24,38.24,38.24,1,CZK,39.39,1.03,4,4,建筑工程,jiné dekorativní práce,dekorativní lišta,kovová dekorativní lišta
070065,hliníkový slitinový profil 60mm přesah,Material,General,m,36.71,36.71,36.71,36.71,1,CZK,37.81,1.03,4,4,建筑工程,jiné dekorativní práce,dekorativní lišta,kovová dekorativní lišta
070066,nerezový profil 60mm přesah,Material,Steel & Metal,m,67.69,67.69,67.69,67.69,1,CZK,69.72,1.03,4,4,建筑工程,jiné dekorativní práce,dekorativní lišta,kovová dekorativní lišta
070067,lišta s povrchem zrcadlového lesku 60mm přesah,Material,General,m,69.6,69.6,69.6,69.6,1,CZK,71.69,1.03,4,4,建筑工程,jiné dekorativní práce,dekorativní lišta,kovová dekorativní lišta
090714,vodní vrták,Material,Water,pcs,573.63,573.63,573.63,573.63,1,CZK,32.04,0.0558,4,4,建筑工程,Obecné instalační práce - Sv.4 Instalace elektrického zařízení,(),betonové spojovací konstrukční vodní ()
180033,pozinkovaný 25,Material,General,pcs,12.24,12.24,12.24,12.24,1,CZK,9.42,0.77,4,4,建筑工程,práce na pilotách,vrtaná pilotáž,
010105,žádná ocelová trubka 325×8,Material,Steel & Metal,m,1104.82,1104.82,1104.82,1104.82,1,CZK,494.41,0.4475,4,4,建筑工程,"Obecné instalační práce - Sv.10 Vodovod, odpad, topení, plyn",výroba a instalace,výroba vodotěsných materiálů
380040,svařovaný ocelový síťový rám,Material,Steel & Metal,t,28108.03,28108.03,28108.03,28108.03,1,CZK,28108.03,1.0,4,4,建筑工程,pracovní konstrukce z kovu,,
380041,ocelová síť s nýty,Material,Steel & Metal,t,27151.97,27151.97,27151.97,27151.97,1,CZK,27151.97,1.0,4,4,建筑工程,pracovní konstrukce z kovu,,
380042,svařovaná ocelová síť,Material,Steel & Metal,t,28681.66,28681.66,28681.66,28681.66,1,CZK,28681.66,1.0,4,4,建筑工程,pracovní konstrukce z kovu,,
380017,ocelový rám jednolůžkový 1t,Material,Steel & Metal,t,26195.92,26195.92,26195.92,26195.92,1,CZK,26195.92,1.0,4,4,建筑工程,pracovní konstrukce z kovu,ocelová konstrukce,
380043,ocelová ocelová konstrukce dveří,Material,Steel & Metal,t,26838.39,26838.39,26838.39,26838.39,1,CZK,26838.39,1.0,4,4,建筑工程,pracovní konstrukce z kovu,ocelová konstrukce,
070005,dřevěná plochá lišta 25mm uvnitř,Material,Wood & Timber,m,15.41,15.41,15.41,15.41,1,CZK,16.64,1.08,4,4,建筑工程,jiné dekorativní práce,dekorativní lišta,dřevěná dekorativní lišta
070006,dřevěná plochá lišta 25mm přesah,Material,Wood & Timber,m,28.68,28.68,28.68,28.68,1,CZK,30.98,1.08,4,4,建筑工程,jiné dekorativní práce,dekorativní lišta,dřevěná dekorativní lišta
070007,dřevěná plochá lišta 60mm uvnitř,Material,Wood & Timber,m,25.7,25.7,25.7,25.7,1,CZK,27.75,1.08,4,4,建筑工程,jiné dekorativní práce,dekorativní lišta,dřevěná dekorativní lišta
070008,dřevěná plochá lišta 60mm přesahující,Material,Wood & Timber,m,45.89,45.89,45.89,45.89,1,CZK,49.56,1.08,4,4,建筑工程,jiné dekorativní práce,dekorativní lišta,dřevěná dekorativní lišta
070009,dřevěná lišta 60mm uvnitř,Material,Wood & Timber,m,30.82,30.82,30.82,30.82,1,CZK,33.29,1.08,4,4,建筑工程,jiné dekorativní práce,dekorativní lišta,dřevěná dekorativní lišta
070010,dřevěná lišta 60mm přesah,Material,Wood & Timber,m,57.36,57.36,57.36,57.36,1,CZK,61.95,1.08,4,4,建筑工程,jiné dekorativní práce,dekorativní lišta,dřevěná dekorativní lišta
070011,dřevěná lišta 20mm uvnitř,Material,Wood & Timber,m,13.69,13.69,13.69,13.69,1,CZK,14.79,1.08,4,4,建筑工程,jiné dekorativní práce,dekorativní lišta,dřevěná dekorativní lišta
070012,dřevěná lišta 20mm přesah,Material,Wood & Timber,m,27.73,27.73,27.73,27.73,1,CZK,29.94,1.08,4,4,建筑工程,jiné dekorativní práce,dekorativní lišta,dřevěná dekorativní lišta
070089,dřevěná zrcadlová lišta 15mm uvnitř,Material,Wood & Timber,m,6.88,6.88,6.88,6.88,1,CZK,7.43,1.08,4,4,建筑工程,jiné dekorativní práce,dekorativní lišta,dřevěná dekorativní lišta
070087,dřevěná zrcadlová lišta 40mm uvnitř,Material,Wood & Timber,m,22.95,22.95,22.95,22.95,1,CZK,24.78,1.08,4,4,建筑工程,jiné dekorativní práce,dekorativní lišta,dřevěná dekorativní lišta
070088,dřevěná lišta na zrcadlo 40mm přesah,Material,Wood & Timber,m,38.24,38.24,38.24,38.24,1,CZK,41.3,1.08,4,4,建筑工程,jiné dekorativní práce,dekorativní lišta,dřevěná dekorativní lišta
070098,dřevěná zrcadlová lišta,Material,Wood & Timber,m,21.53,21.53,21.53,21.53,1,CZK,23.25,1.08,4,4,建筑工程,jiné dekorativní práce,dekorativní lišta,dřevěná dekorativní lišta
110446,bitumenová hydroizolační vrstva,Material,Waterproofing,kg,49.71,49.71,49.71,49.71,1,CZK,59.97,1.2063,4,4,建筑工程,práce na střeše a hydroizolaci,vodotěsné střešní krytiny a drobnosti,nátěr střechy vodotěsný
100081,vodotěsná nátěrová hmota na bázi vodního lepidla,Material,Waterproofing,kg,49.71,49.71,49.71,49.71,1,CZK,113.08,2.2745,4,4,建筑工程,práce na střeše a hydroizolaci,vodotěsné střešní krytiny a drobnosti,nátěr střechy vodotěsný
070018,kulatá dřevěná lišta,Material,Wood & Timber,pcs,8.57,8.57,8.57,8.57,1,CZK,9.25,1.08,4,4,建筑工程,jiné dekorativní práce,dekorativní lišta,dřevěná dekorativní lišta
070019,dřevěná intarziová lišta 250mm uvnitř,Material,Wood & Timber,pcs,45.89,45.89,45.89,45.89,1,CZK,49.56,1.08,4,4,建筑工程,jiné dekorativní práce,dekorativní lišta,dřevěná dekorativní lišta
070020,dřevěná intarzie lišta 250mm přesah,Material,Wood & Timber,pcs,122.38,122.38,122.38,122.38,1,CZK,132.17,1.08,4,4,建筑工程,jiné dekorativní práce,dekorativní lišta,dřevěná dekorativní lišta
070076,granátová dekorativní lišta 150mm uvnitř,Material,General,m,141.5,141.5,141.5,141.5,1,CZK,152.82,1.08,4,4,建筑工程,jiné dekorativní práce,dekorativní lišta,kamenná lišta
070077,granátová dekorativní lišta 150mm přesah,Material,General,m,170.18,170.18,170.18,170.18,1,CZK,183.79,1.08,4,4,建筑工程,jiné dekorativní práce,dekorativní lišta,kamenná lišta
380045,ocelová konstrukce,Material,Steel & Metal,t,24475.02,24475.02,24475.02,24475.02,1,CZK,24475.02,1.0,4,4,建筑工程,pracovní konstrukce z kovu,ocelová konstrukce,
380046,rám z ocelových trubek s plochým průřezem,Material,Steel & Metal,t,30593.77,30593.77,30593.77,30593.77,1,CZK,30593.77,1.0,4,4,建筑工程,pracovní konstrukce z kovu,ocelová konstrukce,
380047,svislá ocelová trubková konstrukce,Material,Steel & Metal,t,31549.83,31549.83,31549.83,31549.83,1,CZK,31549.83,1.0,4,4,建筑工程,pracovní konstrukce z kovu,ocelová konstrukce,
380048,rám,Material,General,t,26195.92,26195.92,26195.92,26195.92,1,CZK,26195.92,1.0,4,4,建筑工程,pracovní konstrukce z kovu,ocelová konstrukce,
380049,ocelová konstrukce,Material,Steel & Metal,t,26195.92,26195.92,26195.92,26195.92,1,CZK,26195.92,1.0,4,4,建筑工程,pracovní konstrukce z kovu,ocelová konstrukce,
380075,ocelová deska podlahy 6mm,Material,Steel & Metal,m2,1135.79,1135.79,1135.79,1135.79,1,CZK,1268.3,1.1167,4,4,建筑工程,pracovní konstrukce z kovu,"ocelová deska podlahy, stěnová deska",
070111,hotový výrobek GRC dekorativní sloup 400,Material,General,pcs,1040.95,1040.95,1040.95,1040.95,1,CZK,1040.95,1.0,4,4,建筑工程,"povrchové úpravy stěn a sloupů, příčky a závěsné stěny",sloupec (nosník) čelní,dekorativní sloup hotového výrobku
070112,hotový výrobek GRC dekorativní sloup 600,Material,General,pcs,1144.97,1144.97,1144.97,1144.97,1,CZK,1144.97,1.0,4,4,建筑工程,"povrchové úpravy stěn a sloupů, příčky a závěsné stěny",sloupec (nosník) čelní,dekorativní sloup hotového výrobku
030027,dřevěný nosník,Material,Wood & Timber,m3,6883.6,6883.6,6883.6,6883.6,1,CZK,30.29,0.0044,4,4,建筑工程,práce na stropě,stropní dekorace,
100256,výška poly 0.8mm tloušťka,Material,General,m2,103.25,103.25,103.25,103.25,1,CZK,114.1,1.105,4,4,建筑工程,práce na střeše a hydroizolaci,vodotěsné střešní krytiny a drobnosti,střešní hydroizolace
010132,zinkovaná,Material,General,m2,80.31,80.31,80.31,80.31,1,CZK,101.27,1.261,4,4,建筑工程,práce na střeše a hydroizolaci,,profil a další položky střechy
120118,deska,Material,General,m2,764.84,764.84,764.84,764.84,1,CZK,776.32,1.015,4,4,建筑工程,práce na střeše a hydroizolaci,,profil a další položky střechy
090485,nerezová ocel,Material,Steel & Metal,pcs,2.45,2.45,2.45,2.45,1,CZK,7.83,3.2,4,4,建筑工程,jiné dekorativní práce,dekorativní lišta,kamenná lišta
090279,úderová vrtačka,Material,General,pcs,35.26,35.26,35.26,35.26,1,CZK,2.82,0.08,4,4,建筑工程,jiné dekorativní práce,dekorativní lišta,kamenná lišta
070023,sádrová lišta (lišta) 100mm uvnitř,Material,General,m,14.15,14.15,14.15,14.15,1,CZK,14.57,1.03,4,4,建筑工程,jiné dekorativní práce,dekorativní lišta,sádrová dekorativní lišta
070024,sádrová lišta (lišta) přesahující 100mm,Material,General,m,23.33,23.33,23.33,23.33,1,CZK,24.03,1.03,4,4,建筑工程,jiné dekorativní práce,dekorativní lišta,sádrová dekorativní lišta
070025,sádrová lišta 100mm uvnitř,Material,General,m,17.59,17.59,17.59,17.59,1,CZK,18.12,1.03,4,4,建筑工程,jiné dekorativní práce,dekorativní lišta,sádrová dekorativní lišta
070026,sádrová lišta 100mm přesah,Material,General,m,27.53,27.53,27.53,27.53,1,CZK,28.36,1.03,4,4,建筑工程,jiné dekorativní práce,dekorativní lišta,sádrová dekorativní lišta
130055,kompozitní poly 5,Material,General,m2,51.24,51.24,51.24,51.24,1,CZK,53.81,1.05,4,4,建筑工程,práce na střeše a hydroizolaci,vodotěsná ochranná vrstva,
070102,hotový mramorový sloup výška 500mm uvnitř,Material,General,pcs,969.44,969.44,969.44,969.44,1,CZK,969.44,1.0,4,4,建筑工程,"povrchové úpravy stěn a sloupů, příčky a závěsné stěny",sloupec (nosník) čelní,dekorativní sloup hotového výrobku
070107,hotový výrobek dřevěný sloup výška 250mm uvnitř,Material,Wood & Timber,pcs,2142.71,2142.71,2142.71,2142.71,1,CZK,2142.71,1.0,4,4,建筑工程,"povrchové úpravy stěn a sloupů, příčky a závěsné stěny",sloupec (nosník) čelní,dekorativní sloup hotového výrobku
070108,hotový výrobek dřevěný sloup výška 250mm přesah,Material,Wood & Timber,pcs,3769.92,3769.92,3769.92,3769.92,1,CZK,3769.92,1.0,4,4,建筑工程,"povrchové úpravy stěn a sloupů, příčky a závěsné stěny",sloupec (nosník) čelní,dekorativní sloup hotového výrobku
090003,jediný svislý 25 uvnitř,Material,General,pcs,3.21,3.21,3.21,3.21,1,CZK,2.65,0.825,4,4,建筑工程,"Obecné instalační práce - Sv.10 Vodovod, odpad, topení, plyn",,
100034,lepicí deska 1 3,Material,General,kg,34.8,34.8,34.8,34.8,1,CZK,1.13,0.0325,4,4,建筑工程,"Obecné instalační práce - Sv.10 Vodovod, odpad, topení, plyn",,
300035,pozinkovaný úhelník,Material,Steel & Metal,pair,43.21,43.21,43.21,43.21,1,CZK,741.98,17.17,4,4,建筑工程,Obecné instalační práce - Sv.11 Komunikační zařízení a vedení,,
300110,lišta 3×65×57/2.5×65×49,Material,General,pcs,11.24,11.24,11.24,11.24,1,CZK,73.81,6.565,4,4,建筑工程,Obecné instalační práce - Sv.11 Komunikační zařízení a vedení,,
800404,míchačka kaluže 0.6m3,Equipment,General,machine-shift,241.31,241.31,241.31,241.31,1,CZK,4.1,0.017,4,4,建筑工程,úprava půdy a podpora svahů,,
070147,hliníkový profil 20mm uvnitř,Material,General,m,11.86,11.86,11.86,11.86,1,CZK,12.21,1.03,4,4,建筑工程,jiné dekorativní práce,dekorativní lišta,hliníková dekorativní lišta
070136,hliníkový profil 20mm přesahující,Material,General,m,15.3,15.3,15.3,15.3,1,CZK,15.76,1.03,4,4,建筑工程,jiné dekorativní práce,dekorativní lišta,hliníková dekorativní lišta
070145,hliníkový profil 60mm uvnitř,Material,General,m,31.74,31.74,31.74,31.74,1,CZK,32.69,1.03,4,4,建筑工程,jiné dekorativní práce,dekorativní lišta,hliníková dekorativní lišta
070146,hliníkový profil 60mm přesah,Material,General,m,38.24,38.24,38.24,38.24,1,CZK,39.39,1.03,4,4,建筑工程,jiné dekorativní práce,dekorativní lišta,hliníková dekorativní lišta
070037,PVC povrchové lišty 60mm uvnitř,Material,General,m,45.89,45.89,45.89,45.89,1,CZK,47.27,1.03,4,4,建筑工程,jiné dekorativní práce,dekorativní lišta,dekorativní lišta
070038,PVC povrchové tvarování 60mm přesah,Material,General,m,68.84,68.84,68.84,68.84,1,CZK,70.9,1.03,4,4,建筑工程,jiné dekorativní práce,dekorativní lišta,dekorativní lišta
280267,pozinkované ocelové spojení trubky 125,Material,Steel & Metal,pcs,59.66,59.66,59.66,59.66,1,CZK,4.92,0.0824,4,4,建筑工程,Obecné instalační práce - Sv.4 Instalace elektrického zařízení,,pozinkovaná ocelová trubka
280268,spojka pozinkované ocelové trubky 150,Material,Steel & Metal,pcs,71.13,71.13,71.13,71.13,1,CZK,5.86,0.0824,4,4,建筑工程,Obecné instalační práce - Sv.4 Instalace elektrického zařízení,,pozinkovaná ocelová trubka
280404,Spojka JDG(KBG) 15,Material,General,pcs,5.35,5.35,5.35,5.35,1,CZK,0.88,0.1648,4,4,建筑工程,Obecné instalační práce - Sv.4 Instalace elektrického zařízení,,ocelová trubka
280405,Spojka JDG(KBG) 20,Material,General,pcs,6.5,6.5,6.5,6.5,1,CZK,1.07,0.1648,4,4,建筑工程,Obecné instalační práce - Sv.4 Instalace elektrického zařízení,,ocelová trubka
280406,Spojka JDG(KBG) 25,Material,General,pcs,8.41,8.41,8.41,8.41,1,CZK,1.39,0.1648,4,4,建筑工程,Obecné instalační práce - Sv.4 Instalace elektrického zařízení,,ocelová trubka
280407,Spojka JDG(KBG) 32,Material,General,pcs,12.24,12.24,12.24,12.24,1,CZK,2.02,0.1648,4,4,建筑工程,Obecné instalační práce - Sv.4 Instalace elektrického zařízení,,ocelová trubka
090101,s šroubem 12×(20 35),Material,Fasteners,set,1.84,1.84,1.84,1.84,1,CZK,7.56,4.12,4,4,建筑工程,"Obecné instalační práce - Sv.10 Vodovod, odpad, topení, plyn",montáž,
100318,lepicí podlahová membrána,Material,Waterproofing,m2,917.81,917.81,917.81,917.81,1,CZK,936.17,1.02,4,4,建筑工程,podlahové dokončovací práce,vrstva dokončení,
120008,poly základní deska,Material,General,m2,64.63,64.63,64.63,64.63,1,CZK,65.92,1.02,4,4,建筑工程,podlahové dokončovací práce,vrstva dokončení,
070090,GRC římsa pod okapem deska 550×550 uvnitř,Material,General,m,741.13,741.13,741.13,741.13,1,CZK,755.96,1.02,4,4,建筑工程,jiné dekorativní práce,dekorativní lišta,Dekorativní lišta GRC
070091,GRC římsová deska 550×550 přesah,Material,General,m,1020.3,1020.3,1020.3,1020.3,1,CZK,1040.71,1.02,4,4,建筑工程,jiné dekorativní práce,dekorativní lišta,Dekorativní lišta GRC
070092,GRC formovací deska 400×400 uvnitř,Material,General,m,513.98,513.98,513.98,513.98,1,CZK,524.25,1.02,4,4,建筑工程,jiné dekorativní práce,dekorativní lišta,Dekorativní lišta GRC
070093,GRC formovací deska 400×400 nad,Material,General,m,795.82,795.82,795.82,795.82,1,CZK,811.74,1.02,4,4,建筑工程,jiné dekorativní práce,dekorativní lišta,Dekorativní lišta GRC
110226,lepivý,Material,General,kg,5.74,5.74,5.74,5.74,1,CZK,1.58,0.275,4,4,建筑工程,jiné dekorativní práce,dekorativní lišta,Dekorativní lišta GRC
070094,GRC 1200×400 uvnitř,Material,General,pcs,183.56,183.56,183.56,183.56,1,CZK,187.23,1.02,4,4,建筑工程,jiné dekorativní práce,dekorativní lišta,Dekorativní lišta GRC
370171,ocelové ploché okno,Material,Steel & Metal,m2,344.18,344.18,344.18,344.18,1,CZK,344.18,1.0,4,4,建筑工程,práce na dveřích a oknech,kovové okno,
370172,ocelové okno,Material,Steel & Metal,m2,305.94,305.94,305.94,305.94,1,CZK,305.94,1.0,4,4,建筑工程,práce na dveřích a oknech,kovové okno,
850068,10Gb/s,Equipment,General,machine-shift,7796.82,7796.82,7796.82,7796.82,1,CZK,3898.41,0.5,4,4,建筑工程,Obecné instalační práce - Sv.11 Komunikační zařízení a vedení,,
850084,155Mb/s,Equipment,General,machine-shift,2140.07,2140.07,2140.07,2140.07,1,CZK,1070.04,0.5,4,4,建筑工程,Obecné instalační práce - Sv.11 Komunikační zařízení a vedení,"typ sítě, síť",
850237,"10Hz 12.4GHz, 20dB",Equipment,General,machine-shift,631.0,631.0,631.0,631.0,1,CZK,323.39,0.5125,4,4,建筑工程,Obecné instalační práce - Sv.11 Komunikační zařízení a vedení,,
090890,pozinkovaný hřebík s M8×50,Material,Fasteners,set,2.45,2.45,2.45,2.45,1,CZK,43.26,17.675,4,4,建筑工程,Obecné instalační práce - Sv.11 Komunikační zařízení a vedení,,
090235,pozinkovaný ocelový drát 12,Material,Steel & Metal,kg,21.15,21.15,21.15,21.15,1,CZK,0.02,0.001,4,4,建筑工程,podlahové dokončovací práce,,
810103,ocelová malta,Material,Concrete & Cement,m3,7171.6,7171.6,7171.6,7171.6,1,CZK,228.06,0.0318,4,4,建筑工程,podlahové dokončovací práce,,
810104,1: 2.5 cementová malta,Material,Concrete & Cement,m3,2272.58,2272.58,2272.58,2272.58,1,CZK,28.75,0.0126,4,4,建筑工程,podlahové dokončovací práce,,
110456,bez polyuretanové vrstvy,Material,General,kg,152.97,152.97,152.97,152.97,1,CZK,55.3,0.3615,4,4,建筑工程,podlahové dokončovací práce,,
110457,bez plochy,Material,General,kg,126.2,126.2,126.2,126.2,1,CZK,45.62,0.3615,4,4,建筑工程,podlahové dokončovací práce,,
380076,ocelová deska podlahové desky 1mm,Material,Steel & Metal,m2,189.3,189.3,189.3,189.3,1,CZK,189.3,1.0,4,4,建筑工程,pracovní konstrukce z kovu,"ocelová deska podlahy, stěnová deska",
800035,DC svářeč kompozit,Equipment,Welding Equip.,machine-shift,73.04,73.04,73.04,73.04,1,CZK,4.53,0.062,4,4,建筑工程,pracovní konstrukce z kovu,"ocelová deska podlahy, stěnová deska",
800053,řezačka 100,Equipment,General,machine-shift,44.74,44.74,44.74,44.74,1,CZK,0.63,0.014,4,4,建筑工程,pracovní konstrukce z kovu,"ocelová deska podlahy, stěnová deska",
280250,sváření ocelové trubky spoj 125,Material,Steel & Metal,pcs,52.01,52.01,52.01,52.01,1,CZK,5.22,0.1004,4,4,建筑工程,Obecné instalační práce - Sv.4 Instalace elektrického zařízení,,svařovací ocelová trubka
280251,sváření ocelové trubky spoj 150,Material,Steel & Metal,pcs,62.33,62.33,62.33,62.33,1,CZK,6.26,0.1004,4,4,建筑工程,Obecné instalační práce - Sv.4 Instalace elektrického zařízení,,svařovací ocelová trubka
070039,PVC povrchová lišta 20mm uvnitř,Material,General,m,13.38,13.38,13.38,13.38,1,CZK,13.79,1.03,4,4,建筑工程,jiné dekorativní práce,dekorativní lišta,dekorativní lišta
070040,PVC povrchové lišty 20mm přesahující,Material,General,m,22.95,22.95,22.95,22.95,1,CZK,23.63,1.03,4,4,建筑工程,jiné dekorativní práce,dekorativní lišta,dekorativní lišta
070068,dekorativní lišta 30mm uvnitř,Material,General,m,4.59,4.59,4.59,4.59,1,CZK,4.73,1.03,4,4,建筑工程,jiné dekorativní práce,dekorativní lišta,dekorativní lišta
070069,dekorativní lišta 30mm přesahující,Material,General,m,13.38,13.38,13.38,13.38,1,CZK,13.79,1.03,4,4,建筑工程,jiné dekorativní práce,dekorativní lišta,dekorativní lišta
070070,lišta 30mm uvnitř,Material,General,m,7.65,7.65,7.65,7.65,1,CZK,7.88,1.03,4,4,建筑工程,jiné dekorativní práce,dekorativní lišta,dekorativní lišta
070071,keramický obkladový profil 30mm uvnitř,Material,General,m,3.06,3.06,3.06,3.06,1,CZK,3.15,1.03,4,4,建筑工程,jiné dekorativní práce,dekorativní lišta,dekorativní lišta
080284,povrchový závěsný systém stěnových nosníků a,Material,General,m2,5736.33,5736.33,5736.33,5736.33,1,CZK,8604.5,1.5,4,4,建筑工程,"povrchové úpravy stěn a sloupů, příčky a závěsné stěny",práce na zasklených stěnách,skleněná záclonová stěna
280247,sváření ocelové trubky spoj 70,Material,Steel & Metal,pcs,17.44,17.44,17.44,17.44,1,CZK,2.69,0.1545,4,4,建筑工程,Obecné instalační práce - Sv.4 Instalace elektrického zařízení,,svařovací ocelová trubka
110140,401 lepidlo,Material,General,kg,40.15,40.15,40.15,40.15,1,CZK,13.07,0.3255,4,4,建筑工程,práce na stropě,suspendovaný strop,vrstva stropního povrchu
070095,GRC 1200×400 nad rámec,Material,General,pcs,275.34,275.34,275.34,275.34,1,CZK,280.85,1.02,4,4,建筑工程,jiné dekorativní práce,dekorativní lišta,Dekorativní lišta GRC
070096,Dekorativní dveřní okno z GRC tvaru 1500×540 uvnitř,Material,Glass,pcs,905.58,905.58,905.58,905.58,1,CZK,923.69,1.02,4,4,建筑工程,jiné dekorativní práce,dekorativní lišta,Dekorativní lišta GRC
070097,Dekorativní dveřní a okenní prvek tvaru GRC 1500×540 přesahující,Material,Glass,pcs,1086.84,1086.84,1086.84,1086.84,1,CZK,1108.58,1.02,4,4,建筑工程,jiné dekorativní práce,dekorativní lišta,Dekorativní lišta GRC
090395,zábradlí (s),Material,General,m2,994.3,994.3,994.3,994.3,1,CZK,932.8,0.9382,4,4,建筑工程,jiné dekorativní práce,"zábradlí, zábradlí, dekorativní deska zábradlí","kovový zábradlí, zábradlí, deska zábradlí"
080234,dekorativní sádrokarton 600×600×12,Material,Wood & Timber,m2,108.99,108.99,108.99,108.99,1,CZK,111.17,1.02,4,4,建筑工程,práce na stropě,suspendovaný strop,vrstva stropního povrchu
370173,ocelové upevnění okna,Material,Steel & Metal,m2,305.94,305.94,305.94,305.94,1,CZK,305.94,1.0,4,4,建筑工程,práce na dveřích a oknech,kovové okno,
370177,hliníkový slitina - tvarované okno,Material,Glass,m2,344.18,344.18,344.18,344.18,1,CZK,344.18,1.0,4,4,建筑工程,práce na dveřích a oknech,kovové okno,
150056,oboustranné lepidlo,Material,General,m2,4.78,4.78,4.78,4.78,1,CZK,1.06,0.2224,4,4,建筑工程,práce na stropě,suspendovaný strop,vrstva stropního povrchu
090079,zajišťovací matice 70,Material,Fasteners,pcs,3.9,3.9,3.9,3.9,1,CZK,0.55,0.1416,4,4,建筑工程,Obecné instalační práce - Sv.4 Instalace elektrického zařízení,,svařovací ocelová trubka
280248,sváření ocelové trubky spoj 80,Material,Steel & Metal,pcs,24.09,24.09,24.09,24.09,1,CZK,3.72,0.1545,4,4,建筑工程,Obecné instalační práce - Sv.4 Instalace elektrického zařízení,,svařovací ocelová trubka
280249,sváření ocelové trubky spoj 100,Material,Steel & Metal,pcs,38.24,38.24,38.24,38.24,1,CZK,5.91,0.1545,4,4,建筑工程,Obecné instalační práce - Sv.4 Instalace elektrického zařízení,,svařovací ocelová trubka
010116,pozinkovaný elektrický kanál 20,Material,General,m,25.7,25.7,25.7,25.7,1,CZK,26.47,1.03,4,4,建筑工程,Obecné instalační práce - Sv.4 Instalace elektrického zařízení,,
280253,pozinkovaný spoj pro elektrické lišty 20,Material,General,pcs,2.64,2.64,2.64,2.64,1,CZK,0.43,0.1648,4,4,建筑工程,Obecné instalační práce - Sv.4 Instalace elektrického zařízení,,
010117,pozinkovaný elektrický kabelový žlab 25,Material,General,m,34.8,34.8,34.8,34.8,1,CZK,35.84,1.03,4,4,建筑工程,Obecné instalační práce - Sv.4 Instalace elektrického zařízení,,
280254,pozinkovaný spoj pro elektrické lišty 25,Material,General,pcs,5.77,5.77,5.77,5.77,1,CZK,0.95,0.1648,4,4,建筑工程,Obecné instalační práce - Sv.4 Instalace elektrického zařízení,,
010118,pozinkovaný elektrický kanál 32,Material,General,m,44.36,44.36,44.36,44.36,1,CZK,45.69,1.03,4,4,建筑工程,Obecné instalační práce - Sv.4 Instalace elektrického zařízení,,
080238,hliníkový pás délky,Material,General,m2,206.89,206.89,206.89,206.89,1,CZK,200.93,0.9712,4,4,建筑工程,práce na stropě,suspendovaný strop,vrstva stropního povrchu
091446,strip,Material,General,kg,45.89,45.89,45.89,45.89,1,CZK,5.86,0.1276,4,4,建筑工程,jiné dekorativní práce,"zábradlí, zábradlí, dekorativní deska zábradlí","kovový zábradlí, zábradlí, deska zábradlí"
120064,madlo,Material,General,m,60.04,60.04,60.04,60.04,1,CZK,66.94,1.115,4,4,建筑工程,jiné dekorativní práce,"zábradlí, zábradlí, dekorativní deska zábradlí",madlo
080242,pás z hliníkové slitiny,Material,General,m,22.95,22.95,22.95,22.95,1,CZK,196.87,8.58,4,4,建筑工程,práce na stropě,suspendovaný strop,vrstva stropního povrchu
080243,délka pásu z hliníkové slitiny,Material,General,pcs,3.82,3.82,3.82,3.82,1,CZK,12.96,3.39,4,4,建筑工程,práce na stropě,suspendovaný strop,vrstva stropního povrchu
090304,nerezový hřebík,Material,Steel & Metal,kg,50.48,50.48,50.48,50.48,1,CZK,0.34,0.0068,4,4,建筑工程,práce na stropě,suspendovaný strop,vrstva stropního povrchu
180142,plochý (1.6MPa) 50,Material,General,pcs,83.37,83.37,83.37,83.37,1,CZK,125.05,1.5,4,4,建筑工程,"Obecné instalační práce - Sv.10 Vodovod, odpad, topení, plyn",voda,voda ()
180143,plochý (1.6MPa) 70,Material,General,pcs,110.14,110.14,110.14,110.14,1,CZK,192.74,1.75,4,4,建筑工程,"Obecné instalační práce - Sv.10 Vodovod, odpad, topení, plyn",voda,voda ()
180144,plocha (1.6MPa) 80,Material,General,pcs,118.17,118.17,118.17,118.17,1,CZK,177.25,1.5,4,4,建筑工程,"Obecné instalační práce - Sv.10 Vodovod, odpad, topení, plyn",voda,voda ()
180145,plochý (1.6MPa) 100,Material,General,pcs,153.35,153.35,153.35,153.35,1,CZK,230.03,1.5,4,4,建筑工程,"Obecné instalační práce - Sv.10 Vodovod, odpad, topení, plyn",voda,voda ()
180147,plocha (1.6MPa) 150,Material,General,pcs,263.11,263.11,263.11,263.11,1,CZK,394.66,1.5,4,4,建筑工程,"Obecné instalační práce - Sv.10 Vodovod, odpad, topení, plyn",voda,voda ()
800291,nakladač (kompozitní),Equipment,General,machine-shift,2071.96,2071.96,2071.96,2071.96,1,CZK,147.11,0.071,4,4,建筑工程,práce na pilotách,vrtaná pilotáž,
010115,pozinkovaný elektrický kanál 15,Material,General,m,19.43,19.43,19.43,19.43,1,CZK,20.01,1.03,4,4,建筑工程,Obecné instalační práce - Sv.4 Instalace elektrického zařízení,,
280252,pozinkovaný spoj pro elektrické lišty 15,Material,General,pcs,2.52,2.52,2.52,2.52,1,CZK,0.42,0.1648,4,4,建筑工程,Obecné instalační práce - Sv.4 Instalace elektrického zařízení,,
220003,spoj 15,Material,General,pcs,16.21,16.21,16.21,16.21,1,CZK,16.38,1.01,4,4,建筑工程,"Obecné instalační práce - Sv.10 Vodovod, odpad, topení, plyn",,
100291,kovový kámen 80,Material,Steel & Metal,pcs,198.09,198.09,198.09,198.09,1,CZK,408.08,2.06,4,4,建筑工程,"Obecné instalační práce - Sv.10 Vodovod, odpad, topení, plyn",,montáž
080214,hliníkový slitinový pásový podhled stěnový panel MK1,Material,General,m,19.5,19.5,19.5,19.5,1,CZK,10.84,0.5556,4,4,建筑工程,práce na stropě,suspendovaný strop,vrstva stropního povrchu
080215,délka pásu deska zavěšený strop stěnová deska KB1,Material,General,m,16.33,16.33,16.33,16.33,1,CZK,8.33,0.51,4,4,建筑工程,práce na stropě,suspendovaný strop,vrstva stropního povrchu
300029,pozinkovaný úhelník 63×63×6×2100,Material,Steel & Metal,pcs,266.17,266.17,266.17,266.17,1,CZK,533.93,2.006,4,4,建筑工程,Obecné instalační práce - Sv.4 Instalace elektrického zařízení,,montáž
300036,pozinkovaný úhelník svislý 63×63×6×650,Material,Steel & Metal,pcs,69.22,69.22,69.22,69.22,1,CZK,121.5,1.7552,4,4,建筑工程,Obecné instalační práce - Sv.4 Instalace elektrického zařízení,,montáž
080286,povrchový závěsný systém stěnových nosníků a,Material,General,m2,9560.55,9560.55,9560.55,9560.55,1,CZK,20077.16,2.1,4,4,建筑工程,"povrchové úpravy stěn a sloupů, příčky a závěsné stěny",práce na zasklených stěnách,skleněná záclonová stěna
080287,rovný povrch závěsné stěny a,Material,General,m2,3824.22,3824.22,3824.22,3824.22,1,CZK,6023.15,1.575,4,4,建筑工程,"povrchové úpravy stěn a sloupů, příčky a závěsné stěny",práce na zasklených stěnách,skleněná záclonová stěna
800030,vertikální 25,Equipment,General,machine-shift,370.57,370.57,370.57,370.57,1,CZK,8.8,0.0238,4,4,建筑工程,"povrchové úpravy stěn a sloupů, příčky a závěsné stěny",práce na zasklených stěnách,skleněná záclonová stěna
800568,dvojitý řezák,Equipment,General,machine-shift,58.89,58.89,58.89,58.89,1,CZK,3.39,0.0575,4,4,建筑工程,"povrchové úpravy stěn a sloupů, příčky a závěsné stěny",práce na zasklených stěnách,skleněná záclonová stěna
800613,přídavný hliníkový profil,Equipment,General,machine-shift,6883.6,6883.6,6883.6,6883.6,1,CZK,1135.79,0.165,4,4,建筑工程,"povrchové úpravy stěn a sloupů, příčky a závěsné stěny",práce na zasklených stěnách,skleněná záclonová stěna
090912,rozpěrný šroub M12,Material,Fasteners,set,9.1,9.1,9.1,9.1,1,CZK,20.81,2.2867,4,4,建筑工程,"povrchové úpravy stěn a sloupů, příčky a závěsné stěny",příčka,kovová příčka
100092,SBS asfaltový hydroizolační nátěr,Material,Waterproofing,kg,24.86,24.86,24.86,24.86,1,CZK,55.95,2.2507,4,4,建筑工程,práce na střeše a hydroizolaci,"vodotěsnost suterénu a podlahy, ochrana proti vlhkosti",vodotěsná podlahová vrstva
100278,vodotěsný nátěr,Material,Waterproofing,kg,107.08,107.08,107.08,107.08,1,CZK,172.02,1.6064,4,4,建筑工程,práce na střeše a hydroizolaci,"vodotěsnost suterénu a podlahy, ochrana proti vlhkosti",vodotěsná podlahová vrstva
110177,příprava podkladu,Material,General,kg,15.87,15.87,15.87,15.87,1,CZK,2.89,0.1818,4,4,建筑工程,práce na střeše a hydroizolaci,"vodotěsnost suterénu a podlahy, ochrana proti vlhkosti",vodotěsná podlahová vrstva
100119,výška lepidla voda,Material,Water,m,51.24,51.24,51.24,51.24,1,CZK,1.4,0.0274,4,4,建筑工程,úprava půdy a podpora svahů,výkop pro základy,"stříkaný beton, cementová malta"
810084,beton C20,Material,Concrete & Cement,m3,1005.54,1005.54,1005.54,1005.54,1,CZK,69.13,0.0687,4,4,建筑工程,úprava půdy a podpora svahů,výkop pro základy,"stříkaný beton, cementová malta"
090242,ocelové drátěné pletivo,Material,Steel & Metal,m2,68.84,68.84,68.84,68.84,1,CZK,72.28,1.05,4,4,建筑工程,úprava půdy a podpora svahů,výkop pro základy,"stříkaný beton, cementová malta"
390116,pilot 300,Material,General,m,325.06,325.06,325.06,325.06,1,CZK,331.56,1.02,4,4,建筑工程,práce na pilotách,,
390117,pilot 400,Material,General,m,478.03,478.03,478.03,478.03,1,CZK,487.59,1.02,4,4,建筑工程,práce na pilotách,,
390118,pilot 500,Material,General,m,726.6,726.6,726.6,726.6,1,CZK,741.13,1.02,4,4,建筑工程,práce na pilotách,,
090379,rám z nerezové oceli,Material,Steel & Metal,set,540.36,540.36,540.36,540.36,1,CZK,540.36,1.0,4,4,建筑工程,jiné dekorativní práce,,(rám)
080249,T -tvarovaný nátěr s lištou TBA24×28,Material,Paint & Coatings,m,13.54,13.54,13.54,13.54,1,CZK,43.93,3.245,4,4,建筑工程,práce na stropě,suspendovaný strop,stropní nosník
080059,T-profil z lehké oceli TB24×32,Material,Steel & Metal,m,20.92,20.92,20.92,20.92,1,CZK,15.42,0.7371,4,4,建筑工程,práce na stropě,suspendovaný strop,stropní nosník
080060,T-profil z lehké oceli TB24×26,Material,Steel & Metal,m,19.12,19.12,19.12,19.12,1,CZK,52.85,2.7641,4,4,建筑工程,práce na stropě,suspendovaný strop,stropní nosník
080075,nosník TL22×22,Material,General,m,16.83,16.83,16.83,16.83,1,CZK,12.15,0.7219,4,4,建筑工程,práce na stropě,suspendovaný strop,stropní nosník
080100,T-profil z lehkého ocelového plechu TB38-2,Material,Steel & Metal,pcs,2.18,2.18,2.18,2.18,1,CZK,7.95,3.6473,4,4,建筑工程,práce na stropě,suspendovaný strop,stropní nosník
080104,T-profil z lehké oceli TB14-2,Material,Steel & Metal,pcs,0.99,0.99,0.99,0.99,1,CZK,3.47,3.4884,4,4,建筑工程,práce na stropě,suspendovaný strop,stropní nosník
390119,pilot 550,Material,General,m,803.09,803.09,803.09,803.09,1,CZK,819.15,1.02,4,4,建筑工程,práce na pilotách,,
800520,300T pilot,Equipment,General,machine-shift,8212.9,8212.9,8212.9,8212.9,1,CZK,45.99,0.0056,4,4,建筑工程,práce na pilotách,,
800521,500T pilot,Equipment,General,machine-shift,10297.48,10297.48,10297.48,10297.48,1,CZK,64.87,0.0063,4,4,建筑工程,práce na pilotách,,
090800,55%,Material,General,kg,344.18,344.18,344.18,344.18,1,CZK,105.84,0.3075,4,4,建筑工程,Obecné instalační práce - Sv.11 Komunikační zařízení a vedení,modelování,
020021,elektrický sloup,Material,General,pcs,83.75,83.75,83.75,83.75,1,CZK,30.16,0.3601,4,4,建筑工程,Obecné instalační práce - Sv.4 Instalace elektrického zařízení,"pokládka elektřiny, deska (cihla) a deska",základní kámen
110102,bitumenový lak,Material,Paint & Coatings,kg,43.6,43.6,43.6,43.6,1,CZK,0.65,0.015,4,4,建筑工程,Obecné instalační práce - Sv.4 Instalace elektrického zařízení,,
090971,nerezová ocel 133,Material,Steel & Metal,m,516.27,516.27,516.27,516.27,1,CZK,2581.35,5.0,4,4,建筑工程,jiné dekorativní práce,,kov
090972,nerezová ocel 108,Material,Steel & Metal,m,363.3,363.3,363.3,363.3,1,CZK,1634.85,4.5,4,4,建筑工程,jiné dekorativní práce,,kov
090970,nerezová ocel 76,Material,Steel & Metal,m,248.57,248.57,248.57,248.57,1,CZK,994.3,4.0,4,4,建筑工程,jiné dekorativní práce,,kov
090617,výškový šroub,Material,Fasteners,pcs,68.45,68.45,68.45,68.45,1,CZK,273.81,4.0,4,4,建筑工程,jiné dekorativní práce,,kov
120130,0.2m2 uvnitř,Material,General,pcs,107.08,107.08,107.08,107.08,1,CZK,108.15,1.01,4,4,建筑工程,jiné dekorativní práce,,
120133,"0,5m2 uvnitř",Material,General,pcs,321.23,321.23,321.23,321.23,1,CZK,324.45,1.01,4,4,建筑工程,jiné dekorativní práce,,
120135,1.0m2 uvnitř,Material,General,pcs,715.13,715.13,715.13,715.13,1,CZK,722.28,1.01,4,4,建筑工程,jiné dekorativní práce,,
120171,1.0m2 navíc,Material,General,pcs,837.5,837.5,837.5,837.5,1,CZK,845.88,1.01,4,4,建筑工程,jiné dekorativní práce,,
100285,202 lepidlo FSC-2,Material,General,kg,152.97,152.97,152.97,152.97,1,CZK,14.54,0.0951,4,4,建筑工程,jiné dekorativní práce,,
090387,rám,Material,General,set,156.79,156.79,156.79,156.79,1,CZK,156.79,1.0,4,4,建筑工程,jiné dekorativní práce,,(rám)
090384,rám z nerezové oceli,Material,Steel & Metal,set,240.93,240.93,240.93,240.93,1,CZK,240.93,1.0,4,4,建筑工程,jiné dekorativní práce,,(rám)
090389,rám,Material,General,set,546.86,546.86,546.86,546.86,1,CZK,546.86,1.0,4,4,建筑工程,jiné dekorativní práce,,(rám)
090444,pozinkované upevnění,Material,General,pcs,3.82,3.82,3.82,3.82,1,CZK,31.05,8.12,4,4,建筑工程,pracovní konstrukce z kovu,kov,
090844,svářecí drát,Material,Welding Consumables,kg,29.75,29.75,29.75,29.75,1,CZK,5.79,0.1947,4,4,建筑工程,pracovní konstrukce z kovu,kov,
090930,zábradlí,Material,General,m2,646.29,646.29,646.29,646.29,1,CZK,646.29,1.0,4,4,建筑工程,pracovní konstrukce z kovu,kov,
090931,hotový výrobek zábradlí,Material,General,m2,711.31,711.31,711.31,711.31,1,CZK,711.31,1.0,4,4,建筑工程,pracovní konstrukce z kovu,kov,
090932,ocelová síťová zábradlí,Material,Steel & Metal,m2,363.3,363.3,363.3,363.3,1,CZK,363.3,1.0,4,4,建筑工程,pracovní konstrukce z kovu,kov,
020002,cement 52.5,Material,Concrete & Cement,kg,1.76,1.76,1.76,1.76,1,CZK,66.75,37.9435,4,4,建筑工程,Obecné instalační práce - Sv.4 Instalace elektrického zařízení,"tvarování a výroba, montáž",závlahová kůl
150063,s sklem nad 1m2,Equipment,General,pcs,1799.68,1799.68,1799.68,1799.68,1,CZK,1817.68,1.01,4,4,建筑工程,jiné dekorativní práce,,s sklem
030134,dřevo 0.2m2 uvnitř,Material,Wood & Timber,pcs,91.78,91.78,91.78,91.78,1,CZK,92.7,1.01,4,4,建筑工程,jiné dekorativní práce,,dřevo
150076,dřevo 0.5m2 uvnitř,Material,Wood & Timber,pcs,114.34,114.34,114.34,114.34,1,CZK,115.49,1.01,4,4,建筑工程,jiné dekorativní práce,,dřevo
150075,dřevo 1m2 uvnitř,Material,Wood & Timber,pcs,457.38,457.38,457.38,457.38,1,CZK,461.95,1.01,4,4,建筑工程,jiné dekorativní práce,,dřevo
150074,dřevo nad 1m2,Material,Wood & Timber,pcs,1034.07,1034.07,1034.07,1034.07,1,CZK,1044.41,1.01,4,4,建筑工程,jiné dekorativní práce,,dřevo
150186,kovový 0.2m2 uvnitř,Material,Steel & Metal,pcs,87.96,87.96,87.96,87.96,1,CZK,88.84,1.01,4,4,建筑工程,jiné dekorativní práce,,kov
150070,kovový 0.5m2 uvnitř,Material,Steel & Metal,pcs,190.83,190.83,190.83,190.83,1,CZK,192.74,1.01,4,4,建筑工程,jiné dekorativní práce,,kov
150069,kovový 1m2 uvnitř,Material,Steel & Metal,pcs,1178.24,1178.24,1178.24,1178.24,1,CZK,1190.03,1.01,4,4,建筑工程,jiné dekorativní práce,,kov
150068,kovový 1m2 nad rámec,Material,Steel & Metal,pcs,1764.88,1764.88,1764.88,1764.88,1,CZK,1782.53,1.01,4,4,建筑工程,jiné dekorativní práce,,kov
120137,0.2m2 uvnitř,Material,General,pcs,917.81,917.81,917.81,917.81,1,CZK,926.99,1.01,4,4,建筑工程,jiné dekorativní práce,,
120131,"0,5m2 uvnitř",Material,General,pcs,1453.2,1453.2,1453.2,1453.2,1,CZK,1467.74,1.01,4,4,建筑工程,jiné dekorativní práce,,
120132,1.0m2 uvnitř,Material,General,pcs,2371.02,2371.02,2371.02,2371.02,1,CZK,2394.73,1.01,4,4,建筑工程,jiné dekorativní práce,,
120134,1.0m2 navíc,Material,General,pcs,3250.59,3250.59,3250.59,3250.59,1,CZK,3283.09,1.01,4,4,建筑工程,jiné dekorativní práce,,
120136,s sklem 0.2m2 uvnitř,Equipment,General,pcs,122.38,122.38,122.38,122.38,1,CZK,123.6,1.01,4,4,建筑工程,jiné dekorativní práce,,s sklem
150065,s sklem 0.5m2 uvnitř,Equipment,General,pcs,200.39,200.39,200.39,200.39,1,CZK,202.39,1.01,4,4,建筑工程,jiné dekorativní práce,,s sklem
150064,s sklem 1m2 uvnitř,Equipment,General,pcs,800.41,800.41,800.41,800.41,1,CZK,808.41,1.01,4,4,建筑工程,jiné dekorativní práce,,s sklem
150184,lepící páska,Material,General,m,3.82,3.82,3.82,3.82,1,CZK,23.97,6.2684,4,4,建筑工程,"povrchové úpravy stěn a sloupů, příčky a závěsné stěny",příčka,kovová příčka
050026,sklo 19mm,Material,Glass,m2,3250.59,3250.59,3250.59,3250.59,1,CZK,3166.07,0.974,4,4,建筑工程,"povrchové úpravy stěn a sloupů, příčky a závěsné stěny",příčka,skleněná příčka
080253,nerezová ocelová příčka,Material,Steel & Metal,m2,1606.17,1606.17,1606.17,1606.17,1,CZK,1606.17,1.0,4,4,建筑工程,"povrchové úpravy stěn a sloupů, příčky a závěsné stěny",příčka,skleněná příčka
080254,hliníková slitina skleněná příčka,Material,Glass,m2,917.81,917.81,917.81,917.81,1,CZK,917.81,1.0,4,4,建筑工程,"povrchové úpravy stěn a sloupů, příčky a závěsné stěny",příčka,skleněná příčka
080255,hliníková slitina skleněná příčka,Material,Glass,m2,841.33,841.33,841.33,841.33,1,CZK,841.33,1.0,4,4,建筑工程,"povrchové úpravy stěn a sloupů, příčky a závěsné stěny",příčka,skleněná příčka
090934,nerezová ocel s šroubem M4×12,Material,Steel & Metal,set,4.59,4.59,4.59,4.59,1,CZK,35.68,7.7745,4,4,建筑工程,"povrchové úpravy stěn a sloupů, příčky a závěsné stěny",příčka,skleněná příčka
050047,skleněná cihla 145×145×80,Material,Glass,pcs,42.07,42.07,42.07,42.07,1,CZK,2010.78,47.8,4,4,建筑工程,"povrchové úpravy stěn a sloupů, příčky a závěsné stěny",příčka,skleněná příčka
850095,typ TSB,Equipment,General,machine-shift,119.7,119.7,119.7,119.7,1,CZK,194.51,1.625,4,4,建筑工程,Obecné instalační práce - Sv.4 Instalace elektrického zařízení,výška elektřiny,výška elektřiny
850092,výška GYB-,Equipment,General,machine-shift,37.02,37.02,37.02,37.02,1,CZK,60.16,1.625,4,4,建筑工程,Obecné instalační práce - Sv.4 Instalace elektrického zařízení,výška elektřiny,výška elektřiny
280183,kov 50,Material,Steel & Metal,m,234.04,234.04,234.04,234.04,1,CZK,222.81,0.952,4,4,建筑工程,Obecné instalační práce - Sv.4 Instalace elektrického zařízení,,
280185,kov 76,Material,Steel & Metal,m,373.63,373.63,373.63,373.63,1,CZK,355.69,0.952,4,4,建筑工程,Obecné instalační práce - Sv.4 Instalace elektrického zařízení,,
280187,kov 101,Material,Steel & Metal,m,683.01,683.01,683.01,683.01,1,CZK,650.22,0.952,4,4,建筑工程,Obecné instalační práce - Sv.4 Instalace elektrického zařízení,,
060017,žulová deska 0.25m2 navíc,Material,General,m2,954.53,954.53,954.53,954.53,1,CZK,973.62,1.02,4,4,建筑工程,podlahové dokončovací práce,kroky dekorativní,
060034,povrchový žula,Material,General,m2,611.88,611.88,611.88,611.88,1,CZK,624.11,1.02,4,4,建筑工程,podlahové dokončovací práce,kroky dekorativní,
110186,vytvrzování kamenných desek,Material,General,kg,37.29,37.29,37.29,37.29,1,CZK,3.41,0.0915,4,4,建筑工程,podlahové dokončovací práce,dlažba,
110521,povrch,Material,General,kg,382.42,382.42,382.42,382.42,1,CZK,152.97,0.4,4,4,建筑工程,podlahové dokončovací práce,dlažba,
100020,lepicí podlahová dlaždice,Material,General,m2,87.19,87.19,87.19,87.19,1,CZK,88.94,1.02,4,4,建筑工程,podlahové dokončovací práce,vrstva dokončení,
100026,lepicí základní vrstva,Material,General,m2,88.34,88.34,88.34,88.34,1,CZK,90.11,1.02,4,4,建筑工程,podlahové dokončovací práce,vrstva dokončení,
080175,sádrový dutý páskový panel,Material,General,m2,198.86,198.86,198.86,198.86,1,CZK,208.8,1.05,4,4,建筑工程,"povrchové úpravy stěn a sloupů, příčky a závěsné stěny",příčka,příčka
080161,sádrový kulatý páskový panel,Material,General,m2,252.4,252.4,252.4,252.4,1,CZK,265.02,1.05,4,4,建筑工程,"povrchové úpravy stěn a sloupů, příčky a závěsné stěny",příčka,příčka
080177,cementový pásový základ,Material,Concrete & Cement,m2,172.09,172.09,172.09,172.09,1,CZK,180.69,1.05,4,4,建筑工程,"povrchové úpravy stěn a sloupů, příčky a závěsné stěny",příčka,příčka
040203,sádrový dutý blok 660×500×100,Material,General,m2,191.21,191.21,191.21,191.21,1,CZK,200.77,1.05,4,4,建筑工程,"povrchové úpravy stěn a sloupů, příčky a závěsné stěny",příčka,příčka
080162,přídavná betonová pásová deska,Material,Concrete & Cement,m2,263.87,263.87,263.87,263.87,1,CZK,277.06,1.05,4,4,建筑工程,"povrchové úpravy stěn a sloupů, příčky a závěsné stěny",příčka,příčka
110779,výška sádrového lepidla,Material,General,m3,4780.28,4780.28,4780.28,4780.28,1,CZK,32.03,0.0067,4,4,建筑工程,"povrchové úpravy stěn a sloupů, příčky a závěsné stěny",příčka,příčka
390154,GRC cementová stěnová deska,Material,Concrete & Cement,m2,172.09,172.09,172.09,172.09,1,CZK,180.69,1.05,4,4,建筑工程,"povrchové úpravy stěn a sloupů, příčky a závěsné stěny",příčka,příčka
390155,GRC cementová stěnová deska,Material,Concrete & Cement,m2,183.56,183.56,183.56,183.56,1,CZK,192.74,1.05,4,4,建筑工程,"povrchové úpravy stěn a sloupů, příčky a závěsné stěny",příčka,příčka
800644,věžový jeřáb 450T M,Equipment,Cranes,machine-shift,8062.61,8062.61,8062.61,8062.61,1,CZK,41.93,0.0052,4,4,建筑工程,přípravné práce a měření na místě,vertikální doprava,vertikální doprava
370201,hliníkové slitiny dveře,Material,General,m2,1089.9,1089.9,1089.9,1089.9,1,CZK,1177.1,1.08,4,4,建筑工程,"povrchové úpravy stěn a sloupů, příčky a závěsné stěny",příčka,příčka
080142,lehký ocelový nosník LLQ-U7575×40,Material,Steel & Metal,m,36.71,36.71,36.71,36.71,1,CZK,25.99,0.708,4,4,建筑工程,"povrchové úpravy stěn a sloupů, příčky a závěsné stěny",příčka,příčka
080143,ocelový lehký nosník LLQ-C7575×50,Material,Steel & Metal,m,44.74,44.74,44.74,44.74,1,CZK,82.37,1.841,4,4,建筑工程,"povrchové úpravy stěn a sloupů, příčky a závěsné stěny",příčka,příčka
080144,lehký ocelový nosník QU-7577×40,Material,Steel & Metal,m,41.68,41.68,41.68,41.68,1,CZK,12.42,0.298,4,4,建筑工程,"povrchové úpravy stěn a sloupů, příčky a závěsné stěny",příčka,příčka
080145,ocelový lehký nosník QC-7575×45/43,Material,Steel & Metal,m,51.24,51.24,51.24,51.24,1,CZK,91.88,1.793,4,4,建筑工程,"povrchové úpravy stěn a sloupů, příčky a závěsné stěny",příčka,příčka
080146,nosník Q-130×12,Material,General,m,18.39,18.39,18.39,18.39,1,CZK,3.95,0.2145,4,4,建筑工程,"povrchové úpravy stěn a sloupů, příčky a závěsné stěny",příčka,příčka
080147,výztuha z lehkého ocelového profilu,Material,Steel & Metal,pcs,2.07,2.07,2.07,2.07,1,CZK,0.55,0.2659,4,4,建筑工程,"povrchové úpravy stěn a sloupů, příčky a závěsné stěny",příčka,příčka
800650,elektrická výška dvojitá (300 uvnitř),Equipment,General,machine-shift,2213.84,2213.84,2213.84,2213.84,1,CZK,15.72,0.0071,4,4,建筑工程,přípravné práce a měření na místě,vertikální doprava,vertikální doprava
800647,věžový jeřáb 800T M,Equipment,Cranes,machine-shift,10916.62,10916.62,10916.62,10916.62,1,CZK,77.51,0.0071,4,4,建筑工程,přípravné práce a měření na místě,vertikální doprava,vertikální doprava
800648,věžový jeřáb 900T M,Equipment,Cranes,machine-shift,15427.67,15427.67,15427.67,15427.67,1,CZK,111.08,0.0072,4,4,建筑工程,přípravné práce a měření na místě,vertikální doprava,vertikální doprava
800704,elektrická výška dvojitá (400 uvnitř),Equipment,General,machine-shift,2648.66,2648.66,2648.66,2648.66,1,CZK,18.94,0.0072,4,4,建筑工程,přípravné práce a měření na místě,vertikální doprava,vertikální doprava
370050,ocelové jednokřídlé ploché dveře,Material,Steel & Metal,m2,1453.2,1453.2,1453.2,1453.2,1,CZK,1453.2,1.0,4,4,建筑工程,práce na dveřích a oknech,kovové dveře,
370051,ocelové dvoukřídlé ploché dveře,Material,Steel & Metal,m2,1720.9,1720.9,1720.9,1720.9,1,CZK,1720.9,1.0,4,4,建筑工程,práce na dveřích a oknech,kovové dveře,
090616,běžné vrtáky 4 6,Material,General,pcs,7.65,7.65,7.65,7.65,1,CZK,0.92,0.12,4,4,建筑工程,Obecné instalační práce - Sv.4 Instalace elektrického zařízení,výška elektroinstalace,
090439,pant,Material,General,pcs,29.06,29.06,29.06,29.06,1,CZK,44.45,1.5295,4,4,建筑工程,práce na dveřích a oknech,,
370007,dřevěné dveře,Material,Wood & Timber,m2,669.24,669.24,669.24,669.24,1,CZK,669.24,1.0,4,4,建筑工程,práce na dveřích a oknech,,
370008,dřevěné dveře s,Material,Wood & Timber,m2,764.84,764.84,764.84,764.84,1,CZK,764.84,1.0,4,4,建筑工程,práce na dveřích a oknech,,
370009,dřevěné dveře,Material,Wood & Timber,m2,2906.41,2906.41,2906.41,2906.41,1,CZK,2906.41,1.0,4,4,建筑工程,práce na dveřích a oknech,,
370010,dřevěné dveře s,Material,Wood & Timber,m2,3059.38,3059.38,3059.38,3059.38,1,CZK,3059.38,1.0,4,4,建筑工程,práce na dveřích a oknech,,
090502,pozinkovaný hřebík M5,Equipment,General,set,0.65,0.65,0.65,0.65,1,CZK,2.65,4.08,4,4,建筑工程,Obecné instalační práce - Sv.4 Instalace elektrického zařízení,,
370052,ocelové jednokřídlé dveře,Material,Steel & Metal,m2,1338.48,1338.48,1338.48,1338.48,1,CZK,1338.48,1.0,4,4,建筑工程,práce na dveřích a oknech,kovové dveře,
370053,ocelové dvoukřídlé dveře,Material,Steel & Metal,m2,1606.17,1606.17,1606.17,1606.17,1,CZK,1606.17,1.0,4,4,建筑工程,práce na dveřích a oknech,kovové dveře,
110040,sádrová stěrka,Material,General,kg,9.29,9.29,9.29,9.29,1,CZK,6.15,0.662,4,4,建筑工程,"povrchové úpravy stěn a sloupů, příčky a závěsné stěny",příčka,příčka
080174,pruhová deska z keramzitu,Material,Concrete & Cement,m2,210.33,210.33,210.33,210.33,1,CZK,220.85,1.05,4,4,建筑工程,"povrchové úpravy stěn a sloupů, příčky a závěsné stěny",příčka,příčka
800645,věžový jeřáb 500T M,Equipment,Cranes,machine-shift,8741.79,8741.79,8741.79,8741.79,1,CZK,46.77,0.0054,4,4,建筑工程,přípravné práce a měření na místě,vertikální doprava,vertikální doprava
800646,věžový jeřáb 600T M,Equipment,Cranes,machine-shift,9981.22,9981.22,9981.22,9981.22,1,CZK,70.87,0.0071,4,4,建筑工程,přípravné práce a měření na místě,vertikální doprava,vertikální doprava
800649,elektrická výška dvojitá (200 uvnitř),Equipment,General,machine-shift,1778.65,1778.65,1778.65,1778.65,1,CZK,9.52,0.0054,4,4,建筑工程,přípravné práce a měření na místě,vertikální doprava,vertikální doprava
110346,uhlíkový bitumenový nátěr L01-17,Material,Paint & Coatings,kg,31.17,31.17,31.17,31.17,1,CZK,18.04,0.5788,4,4,建筑工程,"Obecné instalační práce - Sv.12 Malování, protikorozní, tepelná izolace",kovové spojování strukturální kartáčování,
110835,nátěr,Material,General,kg,65.01,65.01,65.01,65.01,1,CZK,29.26,0.45,4,4,建筑工程,"malířské, nátěrové a tapetářské práce",nátěr a stříkání,vrstva nátěru na povrchu stěny
110200,emulzní barva,Material,Paint & Coatings,kg,27.15,27.15,27.15,27.15,1,CZK,4.48,0.165,4,4,建筑工程,"malířské, nátěrové a tapetářské práce",nátěr a stříkání,vrstva nátěru na povrchu stěny
100038,lepidlo na podklad,Material,General,m2,63.86,63.86,63.86,63.86,1,CZK,70.25,1.1,4,4,建筑工程,podlahové dokončovací práce,vrstva dokončení,základ
150189,základ (),Material,General,m2,267.7,267.7,267.7,267.7,1,CZK,281.08,1.05,4,4,建筑工程,podlahové dokončovací práce,vrstva dokončení,základ
150327,základ (),Material,General,m2,191.21,191.21,191.21,191.21,1,CZK,200.77,1.05,4,4,建筑工程,podlahové dokončovací práce,vrstva dokončení,základ
100369,NSJ protikorozní nátěr,Material,General,kg,97.9,97.9,97.9,97.9,1,CZK,21.73,0.222,4,4,建筑工程,"Obecné instalační práce - Sv.12 Malování, protikorozní, tepelná izolace",,
110487,vodou ředitelná cementová barva,Material,Concrete & Cement,kg,75.72,75.72,75.72,75.72,1,CZK,29.82,0.3938,3,3,建筑工程,"malířské, nátěrové a tapetářské práce",nátěr a stříkání,vrstva nátěru stropního povrchu
120004,polyuretan,Material,General,m3,2753.44,2753.44,2753.44,2753.44,1,CZK,115.64,0.042,3,3,建筑工程,"malířské, nátěrové a tapetářské práce",,
150041,s,Material,General,m2,232.13,232.13,232.13,232.13,1,CZK,278.56,1.2,3,3,建筑工程,"malířské, nátěrové a tapetářské práce",,
110489,lepivý,Material,General,kg,84.13,84.13,84.13,84.13,1,CZK,15.14,0.18,3,3,建筑工程,"malířské, nátěrové a tapetářské práce",,
800206,deska 20×2500,Equipment,General,machine-shift,374.01,374.01,374.01,374.01,1,CZK,0.37,0.001,3,3,建筑工程,Obecné instalační práce - Sv.7 Větrání a klimatizace,,
110109,lepivý,Material,General,kg,140.73,140.73,140.73,140.73,1,CZK,28.15,0.2,3,3,建筑工程,Obecné instalační práce - Sv.7 Větrání a klimatizace,,
120044,fenolický,Material,General,pcs,1.53,1.53,1.53,1.53,1,CZK,4.86,3.18,3,3,建筑工程,Obecné instalační práce - Sv.7 Větrání a klimatizace,,
180640,poly,Material,General,kg,68.84,68.84,68.84,68.84,1,CZK,34.05,0.4947,3,3,建筑工程,práce na tepelně izolačních a protikorozních systémech,antikorozní,protikorozní nátěr
090330,kovová lišta,Material,Steel & Metal,m,122.38,122.38,122.38,122.38,1,CZK,126.05,1.03,3,3,建筑工程,podlahové dokončovací práce,lišta,
060201,podkladní deska,Material,General,m,19.12,19.12,19.12,19.12,1,CZK,19.69,1.03,3,3,建筑工程,podlahové dokončovací práce,lišta,
110507,výškové nátěry,Material,General,kg,99.43,99.43,99.43,99.43,1,CZK,120.81,1.215,3,3,建筑工程,"malířské, nátěrové a tapetářské práce",nátěr a stříkání,vrstva nátěru na povrchu stěny
110506,nátěr,Material,General,kg,58.13,58.13,58.13,58.13,1,CZK,241.99,4.163,3,3,建筑工程,"malířské, nátěrové a tapetářské práce",nátěr a stříkání,vrstva nátěru na povrchu stěny
800539,dieselový vibrační zatloukací stroj,Equipment,General,machine-shift,1125.47,1125.47,1125.47,1125.47,1,CZK,64.15,0.057,3,3,建筑工程,úprava půdy a podpora svahů,,
840010,kov,Material,Steel & Metal,kg,15.91,15.91,15.91,15.91,1,CZK,12.44,0.782,3,3,建筑工程,úprava půdy a podpora svahů,,
370066,dveřní výplňová deska,Material,General,m2,2638.71,2638.71,2638.71,2638.71,1,CZK,2638.71,1.0,3,3,建筑工程,práce na dveřích a oknech,kovové dveře,
100210,PE deska (5mm tloušťka),Material,General,m2,37.78,37.78,37.78,37.78,1,CZK,41.75,1.105,3,3,建筑工程,práce na střeše a hydroizolaci,"vodotěsné povrchové úpravy stěn, vlhkostní ochrana",vodotěsná vrstva na stěnovém povrchu
090724,hřebík,Material,Fasteners,pcs,0.73,0.73,0.73,0.73,1,CZK,4.36,6.0,3,3,建筑工程,práce na střeše a hydroizolaci,"vodotěsné povrchové úpravy stěn, vlhkostní ochrana",vodotěsná vrstva na stěnovém povrchu
090281,kulatý 3×18,Material,General,pcs,3.67,3.67,3.67,3.67,1,CZK,5.19,1.4133,3,3,建筑工程,Obecné instalační práce - Sv.7 Větrání a klimatizace,,
120001,latex 20,Material,General,m2,24.21,24.21,24.21,24.21,1,CZK,4.28,0.1767,3,3,建筑工程,Obecné instalační práce - Sv.7 Větrání a klimatizace,,
091023,pozinkováno s šroubem 16×(85 100),Material,Fasteners,set,7.42,7.42,7.42,7.42,1,CZK,15.13,2.04,3,3,建筑工程,Obecné instalační práce - Sv.7 Větrání a klimatizace,montáž držáků a výroba,montáž výroby držáků
390147,montáž duté podlahové desky (300 uvnitř),Material,General,m,1223.75,1223.75,1223.75,1223.75,1,CZK,1284.94,1.05,3,3,建筑工程,betonové a železobetonové práce,betonová deska ve spalině,
390146,montáž dutinové podlahové desky (200 uvnitř),Material,General,m,1009.59,1009.59,1009.59,1009.59,1,CZK,1060.07,1.05,3,3,建筑工程,betonové a železobetonové práce,betonová deska ve spalině,
390145,montáž duté podlahové desky (100 uvnitř),Material,General,m,879.57,879.57,879.57,879.57,1,CZK,923.55,1.05,3,3,建筑工程,betonové a železobetonové práce,betonová deska ve spalině,
020110,beton,Material,Concrete & Cement,pcs,7.65,7.65,7.65,7.65,1,CZK,20.4,2.6667,3,3,建筑工程,betonové a železobetonové práce,betonová deska ve spalině,
800039,kulatý 40×4,Equipment,General,machine-shift,68.07,68.07,68.07,68.07,1,CZK,4.86,0.0713,3,3,建筑工程,Obecné instalační práce - Sv.7 Větrání a klimatizace,výroba a montáž kovové sítě (030703007 030703010),
110114,těsnicí barva,Material,Paint & Coatings,kg,49.71,49.71,49.71,49.71,1,CZK,1.26,0.0253,3,3,建筑工程,"malířské, nátěrové a tapetářské práce",malba na omítce,malování sádrových lišt
090455,nerezová lišta,Material,Steel & Metal,m,208.04,208.04,208.04,208.04,1,CZK,130.02,0.625,3,3,建筑工程,jiné dekorativní práce,,rám
090950,hliníková slitina TS-S,Material,General,m,114.73,114.73,114.73,114.73,1,CZK,155.49,1.3553,3,3,建筑工程,jiné dekorativní práce,,zdiv
030119,překližka 12mm,Material,Wood & Timber,m2,99.43,99.43,99.43,99.43,1,CZK,139.73,1.4053,3,3,建筑工程,jiné dekorativní práce,,zdiv
090454,nerezová ocel,Material,Steel & Metal,m,55.45,55.45,55.45,55.45,1,CZK,93.71,1.69,3,3,建筑工程,jiné dekorativní práce,,rám
170062,32,Material,General,m,21.8,21.8,21.8,21.8,1,CZK,7.63,0.35,3,3,建筑工程,práce na střeše a hydroizolaci,vodotěsné střešní krytiny a drobnosti,střecha (balkon) () voda
370065,dveřní výplňová deska,Material,General,m2,1759.14,1759.14,1759.14,1759.14,1,CZK,1759.14,1.0,3,3,建筑工程,práce na dveřích a oknech,kovové dveře,
370064,ploché dveře,Material,General,m2,1912.11,1912.11,1912.11,1912.11,1,CZK,1912.11,1.0,3,3,建筑工程,práce na dveřích a oknech,kovové dveře,
030231,dřevo,Material,Wood & Timber,m3,7074.81,7074.81,7074.81,7074.81,1,CZK,85.61,0.0121,3,3,建筑工程,práce se dřevěnými konstrukcemi,střešní dřevěný podklad,
030143,střešní dřevěná deska,Material,Wood & Timber,m2,202.68,202.68,202.68,202.68,1,CZK,170.11,0.8393,3,3,建筑工程,práce se dřevěnými konstrukcemi,střešní dřevěný podklad,
350009,lišta BV-2.5,Material,General,m,6.58,6.58,6.58,6.58,1,CZK,30.8,4.6831,3,3,建筑工程,Obecné instalační práce - Sv.4 Instalace elektrického zařízení,modelování,
091475,zarážecí šroub M14,Material,Fasteners,m,45.89,45.89,45.89,45.89,1,CZK,58.47,1.2741,3,3,建筑工程,přípravné práce a měření na místě,bednění a konzoly pro betonování na místě,zdiv
370145,dřevěné dveře,Material,Wood & Timber,m2,1529.69,1529.69,1529.69,1529.69,1,CZK,1529.69,1.0,3,3,建筑工程,práce na dveřích a oknech,,
370144,bez dřevěných dveří,Material,Wood & Timber,m2,2218.05,2218.05,2218.05,2218.05,1,CZK,2218.05,1.0,3,3,建筑工程,práce na dveřích a oknech,,
370089,dřevěné dveře,Material,Wood & Timber,m2,3403.56,3403.56,3403.56,3403.56,1,CZK,3403.56,1.0,3,3,建筑工程,práce na dveřích a oknech,,
310031,lepidlo s 20×20,Material,General,kusek,11.47,11.47,11.47,11.47,1,CZK,4.28,0.3733,3,3,建筑工程,Obecné instalační práce - Sv.4 Instalace elektrického zařízení,suchá elektřina,
080248,příčka,Material,General,m2,1147.27,1147.27,1147.27,1147.27,1,CZK,1147.27,1.0,3,3,建筑工程,"povrchové úpravy stěn a sloupů, příčky a závěsné stěny",příčka,hotová příčka
080247,příčka,Material,General,m2,841.33,841.33,841.33,841.33,1,CZK,841.33,1.0,3,3,建筑工程,"povrchové úpravy stěn a sloupů, příčky a závěsné stěny",příčka,hotová příčka
850129,elektrické vedení,Equipment,General,machine-shift,303.26,303.26,303.26,303.26,1,CZK,1364.67,4.5,3,3,建筑工程,Obecné instalační práce - Sv.4 Instalace elektrického zařízení,,elektřina
080031,Ocel U-profil CS60-2A,Material,Steel & Metal,pcs,1.57,1.57,1.57,1.57,1,CZK,2.12,1.3502,3,3,建筑工程,práce na stropě,suspendovaný strop,stropní nosník
080024,U-profil z lehké oceli CB38-2,Material,Steel & Metal,pcs,2.64,2.64,2.64,2.64,1,CZK,2.24,0.8484,3,3,建筑工程,práce na stropě,suspendovaný strop,stropní nosník
090193,hřebík AM8,Material,Fasteners,pcs,1.22,1.22,1.22,1.22,1,CZK,1.27,1.04,3,3,建筑工程,Obecné instalační práce - Sv.7 Větrání a klimatizace,,
110278,ocelové spojení konstrukční tloušťka typ nátěru,Material,Steel & Metal,kg,9.56,9.56,9.56,9.56,1,CZK,135.8,14.204,3,3,建筑工程,"malířské, nátěrové a tapetářské práce",nátěr a stříkání,kovové konstrukční kartáčování a nátěr
110279,ocelové spojovací konstrukční nátěry,Material,Steel & Metal,kg,24.09,24.09,24.09,24.09,1,CZK,163.24,6.7757,3,3,建筑工程,"malířské, nátěrové a tapetářské práce",nátěr a stříkání,kovové konstrukční kartáčování a nátěr
110280,ocelové spojovací konstrukční nátěry,Material,Steel & Metal,kg,59.28,59.28,59.28,59.28,1,CZK,134.18,2.2636,3,3,建筑工程,"malířské, nátěrové a tapetářské práce",nátěr a stříkání,kovové konstrukční kartáčování a nátěr
110222,ředidlo na polyuretanový smalt,Material,Paint & Coatings,kg,55.83,55.83,55.83,55.83,1,CZK,2.3,0.0412,3,3,建筑工程,"malířské, nátěrové a tapetářské práce",nátěr a stříkání,vrstva nátěru stropního povrchu
030132,nerezový povrch šířka povrchu 600mm,Material,Steel & Metal,m,3441.8,3441.8,3441.8,3441.8,1,CZK,3441.8,1.0,3,3,建筑工程,jiné dekorativní práce,,
030131,kamenný povrch šířka 600mm,Material,General,m,4206.64,4206.64,4206.64,4206.64,1,CZK,4206.64,1.0,3,3,建筑工程,jiné dekorativní práce,,
030130,mramorová plocha šířka 600mm,Material,General,m,3633.01,3633.01,3633.01,3633.01,1,CZK,3633.01,1.0,3,3,建筑工程,jiné dekorativní práce,,
060098,kamenný povrch,Material,General,m2,1529.69,1529.69,1529.69,1529.69,1,CZK,1337.71,0.8745,3,3,建筑工程,jiné dekorativní práce,,
030160,1050×3600×450,Material,General,pcs,24857.44,24857.44,24857.44,24857.44,1,CZK,24857.44,1.0,3,3,建筑工程,jiné dekorativní práce,,
080020,U-profil z lehkého ocelového plechu CS50-L,Material,Steel & Metal,pcs,6.04,6.04,6.04,6.04,1,CZK,1.19,0.1963,3,3,建筑工程,práce na stropě,suspendovaný strop,stropní nosník
080023,U-profil z lehké oceli CB60-3,Material,Steel & Metal,pcs,1.99,1.99,1.99,1.99,1,CZK,13.5,6.7894,3,3,建筑工程,práce na stropě,suspendovaný strop,stropní nosník
080013,U-profil z lehkého ocelového plechu CB60×27,Material,Steel & Metal,m,24.09,24.09,24.09,24.09,1,CZK,103.51,4.2965,3,3,建筑工程,práce na stropě,suspendovaný strop,stropní nosník
850128,elektřina,Equipment,General,machine-shift,81.46,81.46,81.46,81.46,1,CZK,285.1,3.5,3,3,建筑工程,Obecné instalační práce - Sv.4 Instalace elektrického zařízení,,elektřina
280231,spoj 20,Material,General,pcs,1.49,1.49,1.49,1.49,1,CZK,2.78,1.864,3,3,建筑工程,Obecné instalační práce - Sv.4 Instalace elektrického zařízení,modelování,elektrická energie dodatečné lištování
090510,pozinkovaná zajišťovací matice (kov) 20,Material,Steel & Metal,pcs,1.45,1.45,1.45,1.45,1,CZK,3.42,2.3507,3,3,建筑工程,Obecné instalační práce - Sv.4 Instalace elektrického zařízení,modelování,elektrická energie dodatečné lištování
280352,kovové spojení 20,Material,Steel & Metal,pcs,4.74,4.74,4.74,4.74,1,CZK,7.21,1.5207,3,3,建筑工程,Obecné instalační práce - Sv.4 Instalace elektrického zařízení,modelování,elektrická energie dodatečné lištování
100201,modifikovaný bitumen,Material,Waterproofing,t,2632.21,2632.21,2632.21,2632.21,1,CZK,28.95,0.011,3,3,建筑工程,podlahové dokončovací práce,kroky dekorativní,
810143,1: 1: 2.5 kámen obyčejný kámen,Material,General,m3,1451.29,1451.29,1451.29,1451.29,1,CZK,23.66,0.0163,3,3,建筑工程,podlahové dokončovací práce,kroky dekorativní,
350007,lišta BVR-6,Material,General,m,15.87,15.87,15.87,15.87,1,CZK,16.19,1.02,3,3,建筑工程,Obecné instalační práce - Sv.11 Komunikační zařízení a vedení,formování (SLC),
350072,dvojité těsnění RVS2×1.0mm,Material,General,m,9.48,9.48,9.48,9.48,1,CZK,38.7,4.08,3,3,建筑工程,Obecné instalační práce - Sv.11 Komunikační zařízení a vedení,,
350070,dvojité tvarování RVS2×0.5mm,Material,General,m,4.82,4.82,4.82,4.82,1,CZK,19.66,4.08,3,3,建筑工程,Obecné instalační práce - Sv.11 Komunikační zařízení a vedení,,
120071,hydroizolační páska,Material,Water,m,123.9,123.9,123.9,123.9,1,CZK,130.1,1.05,3,3,建筑工程,práce na střeše a hydroizolaci,"vodotěsnost suterénu a podlahy, ochrana proti vlhkosti",hydroizolační páska
280164,kovová zem 30,Material,Steel & Metal,pcs,7.46,7.46,7.46,7.46,1,CZK,7.68,1.03,3,3,建筑工程,Obecné instalační práce - Sv.4 Instalace elektrického zařízení,,
280193,kovový BP-30,Material,Steel & Metal,pcs,4.32,4.32,4.32,4.32,1,CZK,8.9,2.06,3,3,建筑工程,Obecné instalační práce - Sv.4 Instalace elektrického zařízení,,
280428,lišta 30,Material,General,pcs,39.77,39.77,39.77,39.77,1,CZK,81.93,2.06,3,3,建筑工程,Obecné instalační práce - Sv.4 Instalace elektrického zařízení,,
080246,příčka,Material,General,m2,1529.69,1529.69,1529.69,1529.69,1,CZK,1529.69,1.0,3,3,建筑工程,"povrchové úpravy stěn a sloupů, příčky a závěsné stěny",příčka,hotová příčka
060043,zakřivená deska,Material,General,m2,573.63,573.63,573.63,573.63,1,CZK,579.37,1.01,3,3,建筑工程,"povrchové úpravy stěn a sloupů, příčky a závěsné stěny",čelní stěna,dekorativní deska na stěnu
080739,dekorativní deska hliníková deska polyuretanová kompozitní dekorativní deska,Material,General,m2,1453.2,1453.2,1453.2,1453.2,1,CZK,1525.86,1.05,3,3,建筑工程,"povrchové úpravy stěn a sloupů, příčky a závěsné stěny",čelní stěna,dekorativní deska na stěnu
800034,DC svářečka 20kW,Equipment,Welding Equip.,machine-shift,93.31,93.31,93.31,93.31,1,CZK,7.96,0.0853,3,3,建筑工程,Obecné instalační práce - Sv.6 Automatizace a kontrola instrumentace,,
110738,acetylénový plyn,Material,Chemicals,kg,33.73,33.73,33.73,33.73,1,CZK,0.21,0.0062,3,3,建筑工程,Obecné instalační práce - Sv.6 Automatizace a kontrola instrumentace,,
190001,15,Material,General,pcs,96.75,96.75,96.75,96.75,1,CZK,98.37,1.0167,3,3,建筑工程,Obecné instalační práce - Sv.9 Ochrana proti požáru,,
100031,bitumen,Material,Waterproofing,kg,11.51,11.51,11.51,11.51,1,CZK,50.36,4.375,3,3,建筑工程,Obecné instalační práce - Sv.7 Větrání a klimatizace,zdiv,
030146,1100×6950×1200,Material,General,pcs,74572.32,74572.32,74572.32,74572.32,1,CZK,74572.32,1.0,3,3,建筑工程,jiné dekorativní práce,,
030162,1100×3600×950,Material,General,pcs,38548.15,38548.15,38548.15,38548.15,1,CZK,38548.15,1.0,3,3,建筑工程,jiné dekorativní práce,,
030161,1100×3260×800,Material,General,pcs,29828.93,29828.93,29828.93,29828.93,1,CZK,29828.93,1.0,3,3,建筑工程,jiné dekorativní práce,,
050028,keramická dlažba 1000×800,Material,General,m2,344.18,344.18,344.18,344.18,1,CZK,357.95,1.04,3,3,建筑工程,"povrchové úpravy stěn a sloupů, příčky a závěsné stěny",čelní stěna,dekorativní deska na stěnu
110455,vodní sklo lepidlo,Material,Glass,m3,9560.55,9560.55,9560.55,9560.55,1,CZK,20.08,0.0021,3,3,建筑工程,práce na tepelně izolačních a protikorozních systémech,nátěrová vrstva proti korozi,protikorozní betonová vrstva
040051,štěrk (0.5 3.2),Material,Aggregates,kg,0.23,0.23,0.23,0.23,1,CZK,12.26,53.436,3,3,建筑工程,práce na tepelně izolačních a protikorozních systémech,nátěrová vrstva proti korozi,protikorozní betonová vrstva
050029,keramická dlaždice 1200×1000,Material,General,m2,420.66,420.66,420.66,420.66,1,CZK,437.49,1.04,3,3,建筑工程,"povrchové úpravy stěn a sloupů, příčky a závěsné stěny",čelní stěna,dekorativní deska na stěnu
110527,fenolová hotová barva,Material,Paint & Coatings,kg,145.32,145.32,145.32,145.32,1,CZK,17.44,0.12,3,3,建筑工程,Obecné instalační práce - Sv.6 Automatizace a kontrola instrumentace,,
050073,sklo 12mm,Material,Glass,m2,826.03,826.03,826.03,826.03,1,CZK,875.92,1.0604,3,3,建筑工程,"povrchové úpravy stěn a sloupů, příčky a závěsné stěny",příčka,skleněná příčka
091521,6×120 šroub,Material,Fasteners,pcs,5.74,5.74,5.74,5.74,1,CZK,47.27,8.24,3,3,建筑工程,práce na střeše a hydroizolaci,vodotěsné střešní krytiny a drobnosti,střecha ()
091520,900 délka pásu,Material,General,pcs,114.73,114.73,114.73,114.73,1,CZK,118.17,1.03,3,3,建筑工程,práce na střeše a hydroizolaci,vodotěsné střešní krytiny a drobnosti,střecha ()
010688,ocelový plech pozinkovaný tloušťky 0.7 a šířky 26,Material,Steel & Metal,m2,57.36,57.36,57.36,57.36,1,CZK,22.14,0.386,3,3,建筑工程,práce na střeše a hydroizolaci,vodotěsné střešní krytiny a drobnosti,střecha ()
010687,hliníková deska tloušťky 1.2,Material,General,m2,250.98,250.98,250.98,250.98,1,CZK,235.67,0.939,3,3,建筑工程,práce na střeše a hydroizolaci,vodotěsné střešní krytiny a drobnosti,střecha ()
010127,hliníková deska 0.8,Material,General,m2,145.7,145.7,145.7,145.7,1,CZK,208.94,1.434,3,3,建筑工程,práce na střeše a hydroizolaci,vodotěsné střešní krytiny a drobnosti,střecha ()
080206,nosník zavěšeného stropu 38×15,Material,General,m,16.29,16.29,16.29,16.29,1,CZK,20.15,1.2367,3,3,建筑工程,práce na stropě,suspendovaný strop,stropní nosník
080035,U profil lehkého ocelového nosníku CB50-1P,Material,Steel & Metal,pcs,3.25,3.25,3.25,3.25,1,CZK,7.66,2.3566,3,3,建筑工程,práce na stropě,suspendovaný strop,stropní nosník
090682,s šroubem M16×60,Material,Fasteners,set,10.94,10.94,10.94,10.94,1,CZK,178.5,16.32,3,3,建筑工程,Obecné instalační práce - Sv.6 Automatizace a kontrola instrumentace,,
850170,BM-2061000M,Equipment,General,machine-shift,89.33,89.33,89.33,89.33,1,CZK,22.33,0.25,3,3,建筑工程,Obecné instalační práce - Sv.5 Systémy inteligence budov,,"instalace, jednotlivá"
110283,tmel,Material,General,kg,36.1,36.1,36.1,36.1,1,CZK,108.3,3.0,3,3,建筑工程,Obecné instalační práce - Sv.5 Systémy inteligence budov,,"instalace, jednotlivá"
030159,1050×4450×450,Material,General,pcs,30976.19,30976.19,30976.19,30976.19,1,CZK,30976.19,1.0,3,3,建筑工程,jiné dekorativní práce,,
030158,1150×4300×700,Material,General,pcs,36330.1,36330.1,36330.1,36330.1,1,CZK,36330.1,1.0,3,3,建筑工程,jiné dekorativní práce,,
030157,1150×4400×600,Material,General,pcs,30402.56,30402.56,30402.56,30402.56,1,CZK,30402.56,1.0,3,3,建筑工程,jiné dekorativní práce,,
030156,1150×4860×550,Material,General,pcs,33653.15,33653.15,33653.15,33653.15,1,CZK,33653.15,1.0,3,3,建筑工程,jiné dekorativní práce,,
030155,1150×13400×500,Material,General,pcs,92546.16,92546.16,92546.16,92546.16,1,CZK,92546.16,1.0,3,3,建筑工程,jiné dekorativní práce,,
030154,1600×4500×620,Material,General,pcs,37859.79,37859.79,37859.79,37859.79,1,CZK,37859.79,1.0,3,3,建筑工程,jiné dekorativní práce,,
030153,1100×6400×500,Material,General,pcs,43978.55,43978.55,43978.55,43978.55,1,CZK,43978.55,1.0,3,3,建筑工程,jiné dekorativní práce,,
030152,1150×5540×600,Material,General,pcs,38165.73,38165.73,38165.73,38165.73,1,CZK,38165.73,1.0,3,3,建筑工程,jiné dekorativní práce,,
030151,1150×7000×500,Material,General,pcs,48185.19,48185.19,48185.19,48185.19,1,CZK,48185.19,1.0,3,3,建筑工程,jiné dekorativní práce,,
030150,1150×5035×500,Material,General,pcs,34800.41,34800.41,34800.41,34800.41,1,CZK,34800.41,1.0,3,3,建筑工程,jiné dekorativní práce,,
030149,1100×5320×550,Material,General,pcs,36712.53,36712.53,36712.53,36712.53,1,CZK,36712.53,1.0,3,3,建筑工程,jiné dekorativní práce,,
030148,1100×5950×550,Material,General,pcs,40919.17,40919.17,40919.17,40919.17,1,CZK,40919.17,1.0,3,3,建筑工程,jiné dekorativní práce,,
030147,1100×5960×1200,Material,General,pcs,63864.5,63864.5,63864.5,63864.5,1,CZK,63864.5,1.0,3,3,建筑工程,jiné dekorativní práce,,
080128,hliníkový slitinový pásový nosník podhledů LB50×26,Material,General,m,19.5,19.5,19.5,19.5,1,CZK,22.4,1.1484,3,3,建筑工程,práce na stropě,suspendovaný strop,stropní nosník
800153,deska 20×2500,Equipment,General,machine-shift,388.92,388.92,388.92,388.92,1,CZK,0.43,0.0011,3,3,建筑工程,práce na střeše a hydroizolaci,"vodotěsnost suterénu a podlahy, ochrana proti vlhkosti",hydroizolační páska
850094,VIDAR,Equipment,General,machine-shift,1015.71,1015.71,1015.71,1015.71,1,CZK,677.14,0.6667,3,3,建筑工程,Obecné instalační práce - Sv.4 Instalace elektrického zařízení,výška elektřiny,elektrická energie jednotka
210088,nerezová ocel,Material,Steel & Metal,pcs,458.91,458.91,458.91,458.91,1,CZK,458.91,1.0,3,3,建筑工程,jiné dekorativní práce,,
090450,nerezová ocel,Material,Steel & Metal,set,152.97,152.97,152.97,152.97,1,CZK,152.97,1.0,3,3,建筑工程,jiné dekorativní práce,,
280075,lišta 700,Material,General,pcs,99.43,99.43,99.43,99.43,1,CZK,99.43,1.0,3,3,建筑工程,Obecné instalační práce - Sv.4 Instalace elektrického zařízení,montáž formování,
120031,5,Material,General,m,0.46,0.46,0.46,0.46,1,CZK,0.93,2.02,3,3,建筑工程,Obecné instalační práce - Sv.11 Komunikační zařízení a vedení,,
330020,10m jednoduchý,Material,General,pcs,607.29,607.29,607.29,607.29,1,CZK,619.43,1.02,3,3,建筑工程,Obecné instalační práce - Sv.11 Komunikační zařízení a vedení,,
060037,mramor,Material,General,pcs,803.09,803.09,803.09,803.09,1,CZK,583.58,0.7267,3,3,建筑工程,jiné dekorativní práce,"zábradlí, zábradlí, dekorativní deska zábradlí",kamenné zábradlí a madlo
060041,mramorové madlo (zakřivené),Material,General,m,547.63,547.63,547.63,547.63,1,CZK,684.54,1.25,3,3,建筑工程,jiné dekorativní práce,"zábradlí, zábradlí, dekorativní deska zábradlí",kamenné zábradlí a madlo
060040,mramorové madlo (rovné),Material,General,m,401.54,401.54,401.54,401.54,1,CZK,469.81,1.17,3,3,建筑工程,jiné dekorativní práce,"zábradlí, zábradlí, dekorativní deska zábradlí",kamenné zábradlí a madlo
390137,-tvarná střešní deska,Material,General,m3,9522.31,9522.31,9522.31,9522.31,1,CZK,9522.31,1.0,3,3,建筑工程,betonové a železobetonové práce,prefabrikovaný betonový panel,
390029,deska,Material,General,m3,5162.7,5162.7,5162.7,5162.7,1,CZK,5162.7,1.0,3,3,建筑工程,betonové a železobetonové práce,prefabrikovaný betonový panel,
390017,typ střešní deska,Material,General,m3,6883.6,6883.6,6883.6,6883.6,1,CZK,6883.6,1.0,3,3,建筑工程,betonové a železobetonové práce,prefabrikovaný betonový panel,
850113,YS44F,Equipment,General,machine-shift,93.23,93.23,93.23,93.23,1,CZK,372.94,4.0,3,3,建筑工程,Obecné instalační práce - Sv.5 Systémy inteligence budov,,
090298,strip,Material,General,kg,112.43,112.43,112.43,112.43,1,CZK,31.49,0.2801,3,3,建筑工程,"povrchové úpravy stěn a sloupů, příčky a závěsné stěny",čelní stěna,dekorativní deska na stěnu
080204,hliníková deska,Material,General,m2,535.39,535.39,535.39,535.39,1,CZK,562.16,1.05,3,3,建筑工程,"povrchové úpravy stěn a sloupů, příčky a závěsné stěny",čelní stěna,dekorativní deska na stěnu
080193,hliníková deska,Material,General,m2,420.66,420.66,420.66,420.66,1,CZK,441.7,1.05,3,3,建筑工程,"povrchové úpravy stěn a sloupů, příčky a závěsné stěny",čelní stěna,dekorativní deska na stěnu
010392,hliníková deska,Material,General,m2,1529.69,1529.69,1529.69,1529.69,1,CZK,1606.17,1.05,3,3,建筑工程,"povrchové úpravy stěn a sloupů, příčky a závěsné stěny",čelní stěna,dekorativní deska na stěnu
810108,malt,Material,Concrete & Cement,m3,5658.47,5658.47,5658.47,5658.47,1,CZK,171.45,0.0303,3,3,建筑工程,práce na tepelně izolačních a protikorozních systémech,nátěrová vrstva proti korozi,protikorozní maltová vrstva
110274,kámen,Material,General,kg,8.03,8.03,8.03,8.03,1,CZK,267.57,33.3174,3,3,建筑工程,práce na tepelně izolačních a protikorozních systémech,nátěrová vrstva proti korozi,protikorozní maltová vrstva
810111,vodní sklo beton,Material,Concrete & Cement,m3,4873.24,4873.24,4873.24,4873.24,1,CZK,161.55,0.0332,3,3,建筑工程,práce na tepelně izolačních a protikorozních systémech,nátěrová vrstva proti korozi,protikorozní betonová vrstva
460105,ocelová deska 0.5,Material,Steel & Metal,kg,137.67,137.67,137.67,137.67,1,CZK,20.65,0.15,3,3,建筑工程,Obecné instalační práce - Sv.6 Automatizace a kontrola instrumentace,,
100461,2 tloušťka lepidla,Material,General,m2,114.73,114.73,114.73,114.73,1,CZK,15.26,0.133,3,3,建筑工程,práce na střeše a hydroizolaci,vodotěsné střešní krytiny a drobnosti,střecha ()
100101,E44,Material,General,kg,105.17,105.17,105.17,105.17,1,CZK,3.2,0.0304,3,3,建筑工程,práce na střeše a hydroizolaci,"vodotěsnost suterénu a podlahy, ochrana proti vlhkosti",hydroizolační páska
010041,běžná ocelová deska 3,Material,Steel & Metal,m2,509.39,509.39,509.39,509.39,1,CZK,262.84,0.516,3,3,建筑工程,práce na střeše a hydroizolaci,"vodotěsnost suterénu a podlahy, ochrana proti vlhkosti",hydroizolační páska
010017,úhelník 63 přesahující,Material,Steel & Metal,kg,14.34,14.34,14.34,14.34,1,CZK,255.27,17.8,3,3,建筑工程,Obecné instalační práce - Sv.4 Instalace elektrického zařízení,montáž držáků a výroba,montáž
300037,pozinkovaný úhelník bednění 50×50×5×770,Material,Steel & Metal,pcs,55.83,55.83,55.83,55.83,1,CZK,74.67,1.3373,3,3,建筑工程,Obecné instalační práce - Sv.4 Instalace elektrického zařízení,,montáž
090139,pozinkováno s šroubem 16×(275 300),Material,Fasteners,set,20.04,20.04,20.04,20.04,1,CZK,54.51,2.72,3,3,建筑工程,Obecné instalační práce - Sv.4 Instalace elektrického zařízení,,montáž
300017,pozinkované dvojité 65×6×830,Material,General,pair,93.31,93.31,93.31,93.31,1,CZK,187.56,2.01,3,3,建筑工程,Obecné instalační práce - Sv.4 Instalace elektrického zařízení,,montáž
390167,předpjatý beton 390×390,Material,Concrete & Cement,m2,1147.27,1147.27,1147.27,1147.27,1,CZK,1170.21,1.02,3,3,建筑工程,betonové a železobetonové práce,stavební konstrukce,
390150,stěnová deska z keramzitu,Material,Concrete & Cement,m3,5086.21,5086.21,5086.21,5086.21,1,CZK,5086.21,1.0,3,3,建筑工程,betonové a železobetonové práce,stavební konstrukce,
390020,betonová stěnová deska,Material,Concrete & Cement,m3,4665.55,4665.55,4665.55,4665.55,1,CZK,4665.55,1.0,3,3,建筑工程,betonové a železobetonové práce,stavební konstrukce,
050014,s sklem 3mm,Equipment,General,m2,357.95,357.95,357.95,357.95,1,CZK,1170.49,3.27,3,3,建筑工程,jiné dekorativní práce,,rám
030123,dřevěný obkladový panel,Material,Wood & Timber,m2,91.78,91.78,91.78,91.78,1,CZK,441.53,4.8107,3,3,建筑工程,jiné dekorativní práce,,
280136,lišta 20A,Material,General,pcs,0.73,0.73,0.73,0.73,1,CZK,1.48,2.03,3,3,建筑工程,Obecné instalační práce - Sv.11 Komunikační zařízení a vedení,,
850079,elektřina,Equipment,General,machine-shift,90.94,90.94,90.94,90.94,1,CZK,318.29,3.5,3,3,建筑工程,Obecné instalační práce - Sv.11 Komunikační zařízení a vedení,,
090893,elektřina 65,Material,General,pcs,4.7,4.7,4.7,4.7,1,CZK,32.93,7.0,3,3,建筑工程,Obecné instalační práce - Sv.11 Komunikační zařízení a vedení,,elektřina ()
090871,elektřina 55,Material,General,pcs,3.94,3.94,3.94,3.94,1,CZK,27.57,7.0,3,3,建筑工程,Obecné instalační práce - Sv.11 Komunikační zařízení a vedení,,elektřina ()
290065,(s dveřmi),Material,General,pcs,5.7,5.7,5.7,5.7,1,CZK,5.76,1.01,3,3,建筑工程,Obecné instalační práce - Sv.11 Komunikační zařízení a vedení,,elektřina ()
290086,(s dveřmi),Material,General,pcs,11.78,11.78,11.78,11.78,1,CZK,11.9,1.01,3,3,建筑工程,Obecné instalační práce - Sv.11 Komunikační zařízení a vedení,,elektřina ()
800114,vrtání 300 400,Equipment,General,machine-shift,1406.55,1406.55,1406.55,1406.55,1,CZK,99.4,0.0707,3,3,建筑工程,úprava půdy a podpora svahů,"voda, vodovody",
100111,lepicí vodotěsnící páska,Material,Water,m,237.1,237.1,237.1,237.1,1,CZK,248.96,1.05,3,3,建筑工程,práce na střeše a hydroizolaci,"vodotěsnost suterénu a podlahy, ochrana proti vlhkosti",hydroizolační páska
080241,hliníková slitina stěnová deska FK1-B,Material,General,m2,463.5,463.5,463.5,463.5,1,CZK,23.17,0.05,3,3,建筑工程,práce na stropě,suspendovaný strop,vrstva stropního povrchu
080240,hliníková slitina deska,Material,General,m2,408.04,408.04,408.04,408.04,1,CZK,416.21,1.02,3,3,建筑工程,práce na stropě,suspendovaný strop,vrstva stropního povrchu
080239,vložení hliníkové slitiny,Material,General,m2,382.42,382.42,382.42,382.42,1,CZK,390.07,1.02,3,3,建筑工程,práce na stropě,suspendovaný strop,vrstva stropního povrchu
080223,modelování,Material,General,m,4.59,4.59,4.59,4.59,1,CZK,8.28,1.8036,3,3,建筑工程,práce na stropě,suspendovaný strop,vrstva stropního povrchu
090482,rám z nerezové oceli,Material,Steel & Metal,set,87.57,87.57,87.57,87.57,1,CZK,87.57,1.0,3,3,建筑工程,jiné dekorativní práce,,
090481,rám,Material,General,set,54.3,54.3,54.3,54.3,1,CZK,54.3,1.0,3,3,建筑工程,jiné dekorativní práce,,
090377,nerezová ocel (),Material,Steel & Metal,set,554.13,554.13,554.13,554.13,1,CZK,554.13,1.0,3,3,建筑工程,jiné dekorativní práce,,
400017,C10 kamenný beton,Material,Concrete & Cement,m3,1395.84,1395.84,1395.84,1395.84,1,CZK,1409.8,1.01,3,3,建筑工程,betonové a železobetonové práce,betonová vrstva pro vyrovnání podkladního betonu,vrstva podkladního betonu
400005,C10 beton připravený k použití,Material,Concrete & Cement,m3,1338.48,1338.48,1338.48,1338.48,1,CZK,1351.86,1.01,3,3,建筑工程,betonové a železobetonové práce,betonová vrstva pro vyrovnání podkladního betonu,vrstva podkladního betonu
091398,ocelové lano 12,Material,Steel & Metal,pcs,45.51,45.51,45.51,45.51,1,CZK,827.34,18.18,3,3,建筑工程,Obecné instalační práce - Sv.5 Systémy inteligence budov,,
120065,poly s,Material,General,kusek,25.78,25.78,25.78,25.78,1,CZK,7.3,0.2833,3,3,建筑工程,Obecné instalační práce - Sv.5 Systémy inteligence budov,,
090633,3,Material,General,set,450.11,450.11,450.11,450.11,1,CZK,900.22,2.0,3,3,建筑工程,betonové a železobetonové práce,železobetonové práce,
090280,jednotka,Material,General,set,106.7,106.7,106.7,106.7,1,CZK,213.39,2.0,3,3,建筑工程,betonové a železobetonové práce,železobetonové práce,
010139,deska,Material,General,set,44.36,44.36,44.36,44.36,1,CZK,88.72,2.0,3,3,建筑工程,betonové a železobetonové práce,železobetonové práce,
800365,pásový jeřáb 40t,Equipment,Cranes,machine-shift,4055.2,4055.2,4055.2,4055.2,1,CZK,202.76,0.05,3,3,建筑工程,betonové a železobetonové práce,železobetonové práce,
090136,pozinkováno s šroubem 16×(110 150),Material,Fasteners,set,17.02,17.02,17.02,17.02,1,CZK,17.36,1.02,3,3,建筑工程,Obecné instalační práce - Sv.4 Instalace elektrického zařízení,,montáž
100290,kovový kámen 50,Material,Steel & Metal,pcs,139.2,139.2,139.2,139.2,1,CZK,286.76,2.06,3,3,建筑工程,"Obecné instalační práce - Sv.10 Vodovod, odpad, topení, plyn",,montáž
180123,plochý (1.0MPa) 50,Material,General,pcs,66.92,66.92,66.92,66.92,1,CZK,89.23,1.3333,3,3,建筑工程,"Obecné instalační práce - Sv.10 Vodovod, odpad, topení, plyn",,montáž
180139,plochý (1.6MPa) 25,Material,General,pcs,34.88,34.88,34.88,34.88,1,CZK,81.38,2.3333,3,3,建筑工程,"Obecné instalační práce - Sv.10 Vodovod, odpad, topení, plyn","voda, voda",vodoinstalace
390122,pilot 1000,Material,General,m,3059.38,3059.38,3059.38,3059.38,1,CZK,3120.56,1.02,3,3,建筑工程,práce na pilotách,,
390121,pilot 800,Material,General,m,1912.11,1912.11,1912.11,1912.11,1,CZK,1950.35,1.02,3,3,建筑工程,práce na pilotách,,
390120,pilot 600,Material,General,m,1051.66,1051.66,1051.66,1051.66,1,CZK,1072.69,1.02,3,3,建筑工程,práce na pilotách,,
180148,plochý (1.6MPa) 200,Material,General,pcs,349.53,349.53,349.53,349.53,1,CZK,466.05,1.3333,3,3,建筑工程,"Obecné instalační práce - Sv.10 Vodovod, odpad, topení, plyn",voda,voda ()
810087,CL10 keramzitový beton,Material,Concrete & Cement,m3,1334.27,1334.27,1334.27,1334.27,1,CZK,1347.61,1.01,3,3,建筑工程,betonové a železobetonové práce,betonová vrstva pro vyrovnání podkladního betonu,vrstva podkladního betonu
110606,nátěr,Material,General,kg,22.18,22.18,22.18,22.18,1,CZK,27.73,1.25,3,3,建筑工程,"malířské, nátěrové a tapetářské práce",nátěr na dřevěné povrchy,"dřevěná deska, vláknitá deska, nátěr na strop z překližky"
110604,() vrchní nátěr,Material,General,kg,114.73,114.73,114.73,114.73,1,CZK,88.34,0.77,3,3,建筑工程,"malířské, nátěrové a tapetářské práce",nátěr na dřevěné povrchy,"dřevěná deska, vláknitá deska, nátěr na strop z překližky"
030173,1100×5840×1080,Material,General,pcs,63099.65,63099.65,63099.65,63099.65,1,CZK,63099.65,1.0,3,3,建筑工程,jiné dekorativní práce,,
030172,1300×7200×950,Material,General,pcs,66159.03,66159.03,66159.03,66159.03,1,CZK,66159.03,1.0,3,3,建筑工程,jiné dekorativní práce,,
030171,1100×4000×450,Material,General,pcs,27534.39,27534.39,27534.39,27534.39,1,CZK,27534.39,1.0,3,3,建筑工程,jiné dekorativní práce,,
030170,1100×12200×550,Material,General,pcs,84132.87,84132.87,84132.87,84132.87,1,CZK,84132.87,1.0,3,3,建筑工程,jiné dekorativní práce,,
030169,1150×11500×500,Material,General,pcs,80308.65,80308.65,80308.65,80308.65,1,CZK,80308.65,1.0,3,3,建筑工程,jiné dekorativní práce,,
030168,1150×3700×650 kruhový,Material,General,pcs,45890.66,45890.66,45890.66,45890.66,1,CZK,45890.66,1.0,3,3,建筑工程,jiné dekorativní práce,,
030167,1100×6700×550,Material,General,pcs,46273.08,46273.08,46273.08,46273.08,1,CZK,46273.08,1.0,3,3,建筑工程,jiné dekorativní práce,,
030166,1150×3900×700,Material,General,pcs,29828.93,29828.93,29828.93,29828.93,1,CZK,29828.93,1.0,3,3,建筑工程,jiné dekorativní práce,,
030165,1150×5400×1250,Material,General,pcs,61952.39,61952.39,61952.39,61952.39,1,CZK,61952.39,1.0,3,3,建筑工程,jiné dekorativní práce,,
030164,1150×4050×850,Material,General,pcs,37477.37,37477.37,37477.37,37477.37,1,CZK,37477.37,1.0,3,3,建筑工程,jiné dekorativní práce,,
030163,1150×4200×800,Material,General,pcs,45125.81,45125.81,45125.81,45125.81,1,CZK,45125.81,1.0,3,3,建筑工程,jiné dekorativní práce,,
090943,24 nerezová ocel (),Material,Steel & Metal,m,688.36,688.36,688.36,688.36,1,CZK,536.92,0.78,3,3,建筑工程,"povrchové úpravy stěn a sloupů, příčky a závěsné stěny",práce na zasklených stěnách,skleněná záclonová stěna
090942,250 (jednotlivě),Material,General,set,229.45,229.45,229.45,229.45,1,CZK,22.95,0.1,3,3,建筑工程,"povrchové úpravy stěn a sloupů, příčky a závěsné stěny",práce na zasklených stěnách,skleněná záclonová stěna
090711,pozinkovaná ocel,Material,Steel & Metal,pcs,30.59,30.59,30.59,30.59,1,CZK,197.3,6.449,3,3,建筑工程,práce na stropě,práce na stropě,
080323,nerezová ocel,Material,Steel & Metal,set,573.63,573.63,573.63,573.63,1,CZK,671.15,1.17,3,3,建筑工程,práce na stropě,práce na stropě,
080202,hliníková slitina,Material,General,m,14.42,14.42,14.42,14.42,1,CZK,26.67,1.85,3,3,建筑工程,práce na stropě,práce na stropě,
060036,mramorová zábradlová deska (zakřivená),Material,General,m2,1387.05,1387.05,1387.05,1387.05,1,CZK,1276.08,0.92,3,3,建筑工程,jiné dekorativní práce,"zábradlí, zábradlí, dekorativní deska zábradlí",kamenné zábradlí a madlo
060035,mramorová zábradlová deska (rovná),Material,General,m2,745.72,745.72,745.72,745.72,1,CZK,641.32,0.86,3,3,建筑工程,jiné dekorativní práce,"zábradlí, zábradlí, dekorativní deska zábradlí",kamenné zábradlí a madlo
090371,zábradlí 20,Material,General,m,276.87,276.87,276.87,276.87,1,CZK,1807.43,6.528,3,3,建筑工程,jiné dekorativní práce,"zábradlí, zábradlí, dekorativní deska zábradlí","kovový zábradlí, zábradlí, deska zábradlí"
090941,250 (),Material,General,set,305.94,305.94,305.94,305.94,1,CZK,73.43,0.24,3,3,建筑工程,"povrchové úpravy stěn a sloupů, příčky a závěsné stěny",práce na zasklených stěnách,skleněná záclonová stěna
090940,250 (),Material,General,set,458.91,458.91,458.91,458.91,1,CZK,148.38,0.3233,3,3,建筑工程,"povrchové úpravy stěn a sloupů, příčky a závěsné stěny",práce na zasklených stěnách,skleněná záclonová stěna
080283,připevnění ocelového nosníku,Material,Steel & Metal,kg,26.0,26.0,26.0,26.0,1,CZK,827.82,31.8333,3,3,建筑工程,"povrchové úpravy stěn a sloupů, příčky a závěsné stěny",práce na zasklených stěnách,skleněná záclonová stěna
280255,pozinkovaný spoj pro elektrické lišty 32,Material,General,pcs,6.46,6.46,6.46,6.46,1,CZK,1.07,0.1648,3,3,建筑工程,Obecné instalační práce - Sv.4 Instalace elektrického zařízení,,
010120,pozinkovaný elektrický kanál 50,Material,General,m,79.93,79.93,79.93,79.93,1,CZK,82.32,1.03,3,3,建筑工程,Obecné instalační práce - Sv.4 Instalace elektrického zařízení,,
010119,pozinkovaný elektrický kanál 40,Material,General,m,53.54,53.54,53.54,53.54,1,CZK,55.15,1.03,3,3,建筑工程,Obecné instalační práce - Sv.4 Instalace elektrického zařízení,,
080137,závěsný stropní nosník LB10×8,Material,General,m,18.93,18.93,18.93,18.93,1,CZK,263.16,13.9017,3,3,建筑工程,práce na stropě,suspendovaný strop,závěsný strop
080136,závěsný stropní nosník LB13×22,Material,General,m,23.67,23.67,23.67,23.67,1,CZK,46.0,1.9433,3,3,建筑工程,práce na stropě,suspendovaný strop,závěsný strop
080078,T-profilová ocelová lišta CL15×35,Material,Steel & Metal,m,16.83,16.83,16.83,16.83,1,CZK,12.09,0.7185,3,3,建筑工程,práce na stropě,suspendovaný strop,závěsný strop
080211,hliníkový slitina páskový nosník LB50-2,Material,General,pcs,2.26,2.26,2.26,2.26,1,CZK,2.68,1.19,3,3,建筑工程,práce na stropě,suspendovaný strop,stropní nosník
080210,hliníkový slitinový pásový nosník LB50-1P,Material,General,pcs,2.26,2.26,2.26,2.26,1,CZK,2.68,1.19,3,3,建筑工程,práce na stropě,suspendovaný strop,stropní nosník
080133,délkový pás nosníku zavěšeného stropu 100×36,Material,General,set,5.51,5.51,5.51,5.51,1,CZK,2.34,0.425,3,3,建筑工程,práce na stropě,suspendovaný strop,stropní nosník
080132,délkový pás nosníku zavěšeného stropu 100×36,Material,General,m,22.6,22.6,22.6,22.6,1,CZK,12.38,0.5477,3,3,建筑工程,práce na stropě,suspendovaný strop,stropní nosník
380034,ocel,Material,Steel & Metal,t,24092.59,24092.59,24092.59,24092.59,1,CZK,24092.59,1.0,3,3,建筑工程,pracovní konstrukce z kovu,ocelová konstrukce,
380033,stupňová ocel,Material,Steel & Metal,t,27343.18,27343.18,27343.18,27343.18,1,CZK,27343.18,1.0,3,3,建筑工程,pracovní konstrukce z kovu,ocelová konstrukce,
380032,stupňová ocel,Material,Steel & Metal,t,25431.07,25431.07,25431.07,25431.07,1,CZK,25431.07,1.0,3,3,建筑工程,pracovní konstrukce z kovu,ocelová konstrukce,
050033,19mm tvrzené sklo,Material,Glass,m2,1529.69,1529.69,1529.69,1529.69,1,CZK,367.13,0.24,3,3,建筑工程,"povrchové úpravy stěn a sloupů, příčky a závěsné stěny",práce na zasklených stěnách,skleněná záclonová stěna
090947,18 (),Material,General,set,611.88,611.88,611.88,611.88,1,CZK,67.31,0.11,3,3,建筑工程,"povrchové úpravy stěn a sloupů, příčky a závěsné stěny",práce na zasklených stěnách,skleněná záclonová stěna
090946,24 (),Material,General,set,841.33,841.33,841.33,841.33,1,CZK,75.72,0.09,3,3,建筑工程,"povrchové úpravy stěn a sloupů, příčky a závěsné stěny",práce na zasklených stěnách,skleněná záclonová stěna
090945,16 nerezová ocel (),Material,Steel & Metal,m,229.45,229.45,229.45,229.45,1,CZK,182.03,0.7933,3,3,建筑工程,"povrchové úpravy stěn a sloupů, příčky a závěsné stěny",práce na zasklených stěnách,skleněná záclonová stěna
090944,18 nerezová ocel (),Material,Steel & Metal,m,458.91,458.91,458.91,458.91,1,CZK,410.72,0.895,3,3,建筑工程,"povrchové úpravy stěn a sloupů, příčky a závěsné stěny",práce na zasklených stěnách,skleněná záclonová stěna
090090,pozinkovaná zajišťovací matice 100,Material,Fasteners,pcs,7.84,7.84,7.84,7.84,1,CZK,1.21,0.1545,3,3,建筑工程,Obecné instalační práce - Sv.4 Instalace elektrického zařízení,,pozinkovaná ocelová trubka
090089,pozinkovaná zajišťovací matice 80,Material,Fasteners,pcs,6.54,6.54,6.54,6.54,1,CZK,1.01,0.1545,3,3,建筑工程,Obecné instalační práce - Sv.4 Instalace elektrického zařízení,,pozinkovaná ocelová trubka
050074,s lepidlem na skle,Material,Glass,m2,2103.32,2103.32,2103.32,2103.32,1,CZK,2124.35,1.01,3,3,建筑工程,práce na stropě,práce na stropě,
080264,typ lišty,Material,General,m2,994.3,994.3,994.3,994.3,1,CZK,1125.45,1.1319,3,3,建筑工程,práce na stropě,suspendovaný strop,závěsný strop
130097,deska 50mm,Material,General,m2,565.98,565.98,565.98,565.98,1,CZK,588.62,1.04,3,3,建筑工程,práce na tepelně izolačních a protikorozních systémech,,povrch podlahy
030113,elektrická poly deska 5mm,Material,General,m2,126.2,126.2,126.2,126.2,1,CZK,128.72,1.02,3,3,建筑工程,práce na tepelně izolačních a protikorozních systémech,,povrch podlahy
030112,jednostranná lepící deska 5mm,Material,General,m2,137.67,137.67,137.67,137.67,1,CZK,140.43,1.02,3,3,建筑工程,práce na tepelně izolačních a protikorozních systémech,,povrch podlahy
010170,"0,5",Material,General,kg,191.21,191.21,191.21,191.21,1,CZK,941.94,4.9262,3,3,建筑工程,"povrchové úpravy stěn a sloupů, příčky a závěsné stěny",sloupec (nosník) čelní,dekorativní povrch sloupu (nosníku)
090059,matice 8,Material,Fasteners,pcs,0.23,0.23,0.23,0.23,1,CZK,0.17,0.727,3,3,建筑工程,práce na stropě,suspendovaný strop,závěsný strop
080235,nosník,Material,General,set,38.24,38.24,38.24,38.24,1,CZK,97.23,2.5424,3,3,建筑工程,práce na stropě,suspendovaný strop,závěsný strop
080226,deska 600×250,Material,General,pcs,76.48,76.48,76.48,76.48,1,CZK,386.18,5.0492,3,3,建筑工程,práce na stropě,suspendovaný strop,závěsný strop
010048,pozinkovaná ocelová trubka 20,Material,Steel & Metal,kg,19.5,19.5,19.5,19.5,1,CZK,1.59,0.0816,3,3,建筑工程,práce na stropě,suspendovaný strop,závěsný strop
080222,3 ocelový drát,Material,Steel & Metal,pcs,1.45,1.45,1.45,1.45,1,CZK,2.92,2.008,3,3,建筑工程,práce na stropě,suspendovaný strop,závěsný strop
090073,zajišťovací matice 15,Material,Fasteners,pcs,1.11,1.11,1.11,1.11,1,CZK,0.25,0.2232,3,3,建筑工程,Obecné instalační práce - Sv.4 Instalace elektrického zařízení,,svařovací ocelová trubka
810004,1: 2 cementová malta,Material,Concrete & Cement,m3,1218.17,1218.17,1218.17,1218.17,1,CZK,2.98,0.0024,3,3,建筑工程,"povrchové úpravy stěn a sloupů, příčky a závěsné stěny",,omítání stěn
850014,SR43,Equipment,General,machine-shift,78.59,78.59,78.59,78.59,1,CZK,44.53,0.5667,3,3,建筑工程,Obecné instalační práce - Sv.11 Komunikační zařízení a vedení,elektřina (),
800586,YJ-340,Equipment,General,machine-shift,210.71,210.71,210.71,210.71,1,CZK,14.05,0.0667,3,3,建筑工程,úprava půdy a podpora svahů,výkop pro základy,sekční ocelová pilotáž
030175,1100×4380×550,Material,General,pcs,30211.35,30211.35,30211.35,30211.35,1,CZK,30211.35,1.0,3,3,建筑工程,jiné dekorativní práce,,
030174,1100×3600×600,Material,General,pcs,24857.44,24857.44,24857.44,24857.44,1,CZK,24857.44,1.0,3,3,建筑工程,jiné dekorativní práce,,
170015,PVC-U voda 100,Material,Water,m,98.66,98.66,98.66,98.66,1,CZK,77.95,0.79,3,3,建筑工程,"Obecné instalační práce - Sv.10 Vodovod, odpad, topení, plyn",,
800332,90t,Equipment,General,machine-shift,108.23,108.23,108.23,108.23,1,CZK,7.68,0.071,3,3,建筑工程,betonové a železobetonové práce,železobetonové práce,
800131,65t uvnitř,Equipment,General,machine-shift,81.07,81.07,81.07,81.07,1,CZK,4.7,0.058,3,3,建筑工程,betonové a železobetonové práce,železobetonové práce,
850109,jednotlivá elektřina,Equipment,General,machine-shift,114.73,114.73,114.73,114.73,1,CZK,489.5,4.2667,3,3,建筑工程,Obecné instalační práce - Sv.4 Instalace elektrického zařízení,,
280409,Spojení JDG(KBG) 50,Material,General,pcs,20.27,20.27,20.27,20.27,1,CZK,3.34,0.1648,3,3,建筑工程,Obecné instalační práce - Sv.4 Instalace elektrického zařízení,,ocelová trubka
280408,Spojka JDG(KBG) 40,Material,General,pcs,14.91,14.91,14.91,14.91,1,CZK,2.46,0.1648,3,3,建筑工程,Obecné instalační práce - Sv.4 Instalace elektrického zařízení,,ocelová trubka
280410,Spojka JDG(KBG) 15,Material,General,pcs,9.18,9.18,9.18,9.18,1,CZK,3.78,0.412,3,3,建筑工程,Obecné instalační práce - Sv.4 Instalace elektrického zařízení,,ocelová trubka
280263,spojka pozinkované ocelové trubky 50,Material,Steel & Metal,pcs,15.95,15.95,15.95,15.95,1,CZK,2.63,0.1648,3,3,建筑工程,Obecné instalační práce - Sv.4 Instalace elektrického zařízení,,pozinkovaná ocelová trubka
280262,pozinkovaná ocelová trubka spojka 40,Material,Steel & Metal,pcs,11.13,11.13,11.13,11.13,1,CZK,1.83,0.1648,3,3,建筑工程,Obecné instalační práce - Sv.4 Instalace elektrického zařízení,,pozinkovaná ocelová trubka
070086,hliníková deska šířky 40mm,Material,General,m,30.59,30.59,30.59,30.59,1,CZK,31.51,1.03,3,3,建筑工程,jiné dekorativní práce,dekorativní lišta,kovová dekorativní lišta
070085,dekorativní lišta 30mm přesahující,Material,General,m,74.57,74.57,74.57,74.57,1,CZK,76.81,1.03,3,3,建筑工程,jiné dekorativní práce,dekorativní lišta,kovová dekorativní lišta
010107,žádná ocelová trubka 426×8,Material,Steel & Metal,m,1456.65,1456.65,1456.65,1456.65,1,CZK,660.35,0.4533,3,3,建筑工程,"Obecné instalační práce - Sv.10 Vodovod, odpad, topení, plyn",výroba a instalace,výroba vodotěsných materiálů
010106,ocelová trubka 377×8,Material,Steel & Metal,m,1286.09,1286.09,1286.09,1286.09,1,CZK,583.03,0.4533,3,3,建筑工程,"Obecné instalační práce - Sv.10 Vodovod, odpad, topení, plyn",výroba a instalace,výroba vodotěsných materiálů
010103,ocelová trubka 273×6 ne,Material,Steel & Metal,m,689.12,689.12,689.12,689.12,1,CZK,312.4,0.4533,3,3,建筑工程,"Obecné instalační práce - Sv.10 Vodovod, odpad, topení, plyn",výroba a instalace,výroba vodotěsných materiálů
010076,svářování ocelové trubky 200,Material,Steel & Metal,m,344.94,344.94,344.94,344.94,1,CZK,156.37,0.4533,3,3,建筑工程,"Obecné instalační práce - Sv.10 Vodovod, odpad, topení, plyn",výroba a instalace,výroba vodotěsných materiálů
800232,elektrický dvouramenný jeřáb 5t,Equipment,Cranes,machine-shift,917.43,917.43,917.43,917.43,1,CZK,33.27,0.0363,3,3,建筑工程,"Obecné instalační práce - Sv.10 Vodovod, odpad, topení, plyn",,
800049,108,Equipment,General,machine-shift,162.53,162.53,162.53,162.53,1,CZK,0.9,0.0055,3,3,建筑工程,"Obecné instalační práce - Sv.10 Vodovod, odpad, topení, plyn",ocelový kompozit,
070084,dekorativní lišta 30mm uvnitř,Material,General,m,44.74,44.74,44.74,44.74,1,CZK,46.09,1.03,3,3,建筑工程,jiné dekorativní práce,dekorativní lišta,kovová dekorativní lišta
030145,750×4400×700 lišta ve tvaru formy,Material,General,pcs,50479.72,50479.72,50479.72,50479.72,1,CZK,50479.72,1.0,3,3,建筑工程,jiné dekorativní práce,,
030144,1100×6100×800,Material,General,pcs,69983.25,69983.25,69983.25,69983.25,1,CZK,69983.25,1.0,3,3,建筑工程,jiné dekorativní práce,,
030176,1100×4200×600,Material,General,pcs,32123.46,32123.46,32123.46,32123.46,1,CZK,32123.46,1.0,3,3,建筑工程,jiné dekorativní práce,,
100282,lepící páska,Material,General,kg,122.38,122.38,122.38,122.38,1,CZK,309.67,2.5305,3,3,建筑工程,práce na stropě,práce na stropě,
090208,pozinkovaný elektrický 3×35,Material,General,pcs,5.2,5.2,5.2,5.2,1,CZK,10.4,2.0,3,3,建筑工程,Obecné instalační práce - Sv.11 Komunikační zařízení a vedení,,elektřina ()
300111,modelování,Material,General,pair,55.83,55.83,55.83,55.83,1,CZK,225.57,4.04,3,3,建筑工程,Obecné instalační práce - Sv.11 Komunikační zařízení a vedení,,
280560,dvojitá deska,Material,General,pair,17.4,17.4,17.4,17.4,1,CZK,105.45,6.06,3,3,建筑工程,Obecné instalační práce - Sv.11 Komunikační zařízení a vedení,,
280398,jednotná deska,Material,General,set,39.77,39.77,39.77,39.77,1,CZK,883.73,22.22,3,3,建筑工程,Obecné instalační práce - Sv.11 Komunikační zařízení a vedení,,
010109,bez ocelové trubky 478×9,Material,Steel & Metal,m,1847.1,1847.1,1847.1,1847.1,1,CZK,837.35,0.4533,3,3,建筑工程,"Obecné instalační práce - Sv.10 Vodovod, odpad, topení, plyn",výroba a instalace,výroba vodotěsných materiálů
020095,cementová konstrukční deska,Material,Concrete & Cement,pcs,305.94,305.94,305.94,305.94,1,CZK,1214.57,3.97,3,3,建筑工程,práce na střeše a hydroizolaci,,profil a další položky střechy
100257,modifikovaný bitumenový kompozit () 4mm tloušťka,Material,Waterproofing,m2,325.06,325.06,325.06,325.06,1,CZK,413.8,1.273,3,3,建筑工程,práce na střeše a hydroizolaci,vodotěsné střešní krytiny a drobnosti,vodotěsná membrána střechy
110311,lepivý,Material,General,kg,126.96,126.96,126.96,126.96,1,CZK,125.06,0.985,3,3,建筑工程,práce na střeše a hydroizolaci,"vodotěsnost suterénu a podlahy, ochrana proti vlhkosti",hydroizolační páska
100198,lepidlo 2mm,Material,General,m2,123.14,123.14,123.14,123.14,1,CZK,39.4,0.32,3,3,建筑工程,práce na střeše a hydroizolaci,"vodotěsnost suterénu a podlahy, ochrana proti vlhkosti",hydroizolační páska
090301,strip,Material,General,kg,191.21,191.21,191.21,191.21,1,CZK,27.34,0.143,3,3,建筑工程,práce na střeše a hydroizolaci,"vodotěsnost suterénu a podlahy, ochrana proti vlhkosti",hydroizolační páska
110445,poly izolační hydroizolační membrána 1.5mm,Material,Waterproofing,m2,210.33,210.33,210.33,210.33,1,CZK,228.49,1.0863,3,3,建筑工程,práce na střeše a hydroizolaci,vodotěsné střešní krytiny a drobnosti,vodotěsná membrána střechy
110184,Lepidlo CY-409,Material,General,kg,45.89,45.89,45.89,45.89,1,CZK,25.19,0.549,3,3,建筑工程,práce na střeše a hydroizolaci,vodotěsné střešní krytiny a drobnosti,vodotěsná membrána střechy
100108,adhezivní bitumenové lepidlo,Material,Waterproofing,kg,24.28,24.28,24.28,24.28,1,CZK,1.32,0.0546,3,3,建筑工程,práce na střeše a hydroizolaci,vodotěsné střešní krytiny a drobnosti,vodotěsná membrána střechy
160255,ocel 492×192,Material,Steel & Metal,pcs,458.91,458.91,458.91,458.91,1,CZK,917.81,2.0,3,3,建筑工程,práce na střeše a hydroizolaci,,profil a další položky střechy
080021,U profil lehkého ocelového nosníku CS60-L,Material,Steel & Metal,pcs,5.89,5.89,5.89,5.89,1,CZK,1.26,0.2133,3,3,建筑工程,práce na stropě,stropní dekorace,s
010130,deska,Material,General,kg,235.19,235.19,235.19,235.19,1,CZK,1907.39,8.11,3,3,建筑工程,práce na střeše a hydroizolaci,"vodotěsnost suterénu a podlahy, ochrana proti vlhkosti",hydroizolační páska
210066,voda 50,Material,Water,pcs,69.22,69.22,69.22,69.22,1,CZK,69.56,1.005,3,3,建筑工程,"Obecné instalační práce - Sv.10 Vodovod, odpad, topení, plyn",,
060200,elektřina,Material,General,m,95.61,95.61,95.61,95.61,1,CZK,98.47,1.03,3,3,建筑工程,podlahové dokončovací práce,lišta,
110221,polyuretanový smalt,Material,Paint & Coatings,kg,89.1,89.1,89.1,89.1,1,CZK,22.94,0.2575,3,3,建筑工程,"malířské, nátěrové a tapetářské práce",nátěr a stříkání,vrstva nátěru stropního povrchu
110164,lepivý,Material,General,kg,30.59,30.59,30.59,30.59,1,CZK,0.11,0.0037,3,3,建筑工程,"malířské, nátěrové a tapetářské práce",nátěr na dřevěné povrchy,dřevěná základní deska
810237,cement uhlí ocel 2500kg/m3,Material,Concrete & Cement,m3,688.36,688.36,688.36,688.36,1,CZK,698.69,1.015,3,3,建筑工程,zemní práce a práce se skalou,záplava,zásyp základů
800405,výška stříkání,Equipment,General,machine-shift,938.46,938.46,938.46,938.46,1,CZK,68.51,0.073,3,3,建筑工程,úprava půdy a podpora svahů,,
150172,dřevo,Material,Wood & Timber,kg,9.56,9.56,9.56,9.56,1,CZK,4.52,0.473,3,3,建筑工程,úprava půdy a podpora svahů,,
800095,vrtání (500 uvnitř) kompozit,Equipment,General,machine-shift,1740.02,1740.02,1740.02,1740.02,1,CZK,136.07,0.0782,3,3,建筑工程,úprava půdy a podpora svahů,,
040026,štěrk (kompozitní),Material,Aggregates,kg,0.27,0.27,0.27,0.27,1,CZK,377.85,1411.5,3,3,建筑工程,úprava půdy a podpora svahů,stěna a nátěr štětcem,
110765,nátěr H8701,Material,General,kg,91.78,91.78,91.78,91.78,1,CZK,26.98,0.294,3,3,建筑工程,"Obecné instalační práce - Sv.12 Malování, protikorozní, tepelná izolace",,H8701 protikorozní nátěr
110766,NSJ-II protikorozní nátěr,Material,General,kg,133.85,133.85,133.85,133.85,1,CZK,27.66,0.2067,3,3,建筑工程,"Obecné instalační práce - Sv.12 Malování, protikorozní, tepelná izolace",,
120025,plastová deska,Material,General,m2,25.7,25.7,25.7,25.7,1,CZK,35.98,1.4,3,3,建筑工程,"Obecné instalační práce - Sv.12 Malování, protikorozní, tepelná izolace",,
030021,dřevěná vzorovaná intarziová podlahová deska,Material,Wood & Timber,m2,764.84,764.84,764.84,764.84,1,CZK,803.09,1.05,3,3,建筑工程,podlahové dokončovací práce,vrstva dokončení,dřevěná podlaha
060023,kamenné schody,Material,General,m2,1204.63,1204.63,1204.63,1204.63,1,CZK,1890.06,1.569,3,3,建筑工程,podlahové dokončovací práce,kroky dekorativní,
120248,kámen,Material,General,pcs,1070.78,1070.78,1070.78,1070.78,1,CZK,1081.49,1.01,3,3,建筑工程,Obecné instalační práce - Sv.11 Komunikační zařízení a vedení,"země, a (031103032)",
350061,lišta RV500V16mm,Material,General,m,49.71,49.71,49.71,49.71,1,CZK,253.55,5.1,3,3,建筑工程,Obecné instalační práce - Sv.11 Komunikační zařízení a vedení,"země, a (031103032)",
100366,síťovina,Material,General,m,0.57,0.57,0.57,0.57,1,CZK,1.09,1.9,2,2,建筑工程,Obecné instalační práce - Sv.7 Větrání a klimatizace,,
110756,fluorokarbonová barva,Material,Paint & Coatings,kg,298.29,298.29,298.29,298.29,1,CZK,59.66,0.2,2,2,建筑工程,"malířské, nátěrové a tapetářské práce",nátěr a stříkání,vrstva nátěru na povrchu stěny
110461,čirý beton,Material,Concrete & Cement,kg,100.58,100.58,100.58,100.58,1,CZK,15.09,0.15,2,2,建筑工程,"malířské, nátěrové a tapetářské práce",nátěr a stříkání,vrstva nátěru na povrchu stěny
110462,čirý beton,Material,Concrete & Cement,kg,159.09,159.09,159.09,159.09,1,CZK,23.86,0.15,2,2,建筑工程,"malířské, nátěrové a tapetářské práce",nátěr a stříkání,vrstva nátěru na povrchu stěny
040087,cement drcený kámen,Material,Concrete & Cement,t,553.36,553.36,553.36,553.36,1,CZK,271.92,0.4914,2,2,建筑工程,Obecné instalační práce - Sv.11 Komunikační zařízení a vedení,vrtání,závlahová kůl
390104,elektrický sloup 120×120×1200,Material,General,pcs,146.09,146.09,146.09,146.09,1,CZK,149.01,1.02,2,2,建筑工程,Obecné instalační práce - Sv.11 Komunikační zařízení a vedení,vrtání,závlahová kůl
030042,dřevěná lišta,Material,Wood & Timber,m,73.43,73.43,73.43,73.43,1,CZK,75.63,1.03,2,2,建筑工程,podlahové dokončovací práce,lišta,
100206,kamenný bitumen sklo,Material,Waterproofing,m2,76.48,76.48,76.48,76.48,1,CZK,107.08,1.4,2,2,建筑工程,"Obecné instalační práce - Sv.12 Malování, protikorozní, tepelná izolace",,
150124,sáček,Material,General,m2,24.02,24.02,24.02,24.02,1,CZK,33.62,1.4,2,2,建筑工程,"Obecné instalační práce - Sv.12 Malování, protikorozní, tepelná izolace",,
800169,přeprava suspenze 4000L,Equipment,General,machine-shift,3521.73,3521.73,3521.73,3521.73,1,CZK,19.55,0.0056,2,2,建筑工程,zemní práce a práce se skalou,doprava,přeprava suspenze
800207,deska 20×2500,Equipment,General,machine-shift,294.85,294.85,294.85,294.85,1,CZK,2.06,0.007,2,2,建筑工程,"Obecné instalační práce - Sv.12 Malování, protikorozní, tepelná izolace",výroba a instalace,
110325,38%,Material,General,kg,1.3,1.3,1.3,1.3,1,CZK,0.1,0.078,2,2,建筑工程,"Obecné instalační práce - Sv.12 Malování, protikorozní, tepelná izolace",,
390001,obdélníkový sloupec,Material,General,m3,8128.38,8128.38,8128.38,8128.38,1,CZK,8128.38,1.0,2,2,建筑工程,betonové a železobetonové práce,předpjatý betonový sloup,
090170,zemní šroub 20×200,Material,Fasteners,set,18.43,18.43,18.43,18.43,1,CZK,75.21,4.08,2,2,建筑工程,Obecné instalační práce - Sv.7 Větrání a klimatizace,montáž,smíšená () instalace
020105,blok,Material,General,m3,1453.2,1453.2,1453.2,1453.2,1,CZK,1036.13,0.713,2,2,建筑工程,zděné práce,zděná konstrukce,
030117,dřevěná lišta 100×15,Material,Wood & Timber,m2,305.94,305.94,305.94,305.94,1,CZK,336.53,1.1,2,2,建筑工程,"povrchové úpravy stěn a sloupů, příčky a závěsné stěny",příčka,příčka
090409,okno,Material,Glass,m2,11.47,11.47,11.47,11.47,1,CZK,0.16,0.014,2,2,建筑工程,práce se dřevěnými konstrukcemi,konstrukční dřevo,
030232,"dřevěná deska, deska",Material,Wood & Timber,m3,7266.02,7266.02,7266.02,7266.02,1,CZK,143.14,0.0197,2,2,建筑工程,práce se dřevěnými konstrukcemi,konstrukční dřevo,
350032,lišta 35mm2,Material,General,m,60.42,60.42,60.42,60.42,1,CZK,90.63,1.5,2,2,建筑工程,Obecné instalační práce - Sv.4 Instalace elektrického zařízení,montáž,
370079,s prosklenými dveřmi,Material,Glass,m2,4206.64,4206.64,4206.64,4206.64,1,CZK,4206.64,1.0,2,2,建筑工程,práce na dveřích a oknech,dveře,
370077,bez skleněných dveří,Material,Glass,m2,3824.22,3824.22,3824.22,3824.22,1,CZK,3824.22,1.0,2,2,建筑工程,práce na dveřích a oknech,dveře,
020203,cement P.O32.5,Material,Concrete & Cement,kg,1.99,1.99,1.99,1.99,1,CZK,1953.08,982.139,2,2,建筑工程,přípravné práce a měření na místě,"voda, vodovody",
800628,ponorné čerpadlo 6 10t/h-20m,Equipment,Pumps,machine-shift,25.62,25.62,25.62,25.62,1,CZK,61.65,2.4062,2,2,建筑工程,přípravné práce a měření na místě,"voda, vodovody",voda
170654,průměr 48mm,Material,General,pcs,57.36,57.36,57.36,57.36,1,CZK,7.49,0.1306,2,2,建筑工程,přípravné práce a měření na místě,"voda, vodovody",vrt
180883,a šroub 100mm,Material,Fasteners,set,191.21,191.21,191.21,191.21,1,CZK,11.37,0.0594,2,2,建筑工程,přípravné práce a měření na místě,"voda, vodovody",vrt
010410,ocelová trubka 40×20×2,Material,Steel & Metal,kg,84.13,84.13,84.13,84.13,1,CZK,549.35,6.5296,2,2,建筑工程,"povrchové úpravy stěn a sloupů, příčky a závěsné stěny",příčka,příčka
090196,pant,Material,General,pair,19.12,19.12,19.12,19.12,1,CZK,57.36,3.0,2,2,建筑工程,"povrchové úpravy stěn a sloupů, příčky a závěsné stěny",příčka,hotová příčka
030118,dřevo,Material,Wood & Timber,m2,114.73,114.73,114.73,114.73,1,CZK,22.95,0.2,2,2,建筑工程,"povrchové úpravy stěn a sloupů, příčky a závěsné stěny",příčka,hotová příčka
210035,voda s 50,Material,Water,set,37.25,37.25,37.25,37.25,1,CZK,37.25,1.0,2,2,建筑工程,"Obecné instalační práce - Sv.10 Vodovod, odpad, topení, plyn",,
800048,řezání 159,Equipment,General,machine-shift,51.63,51.63,51.63,51.63,1,CZK,2.97,0.0575,2,2,建筑工程,"Obecné instalační práce - Sv.10 Vodovod, odpad, topení, plyn",,
180043,pozinkovaný 15,Material,General,pcs,3.82,3.82,3.82,3.82,1,CZK,11.59,3.03,2,2,建筑工程,"Obecné instalační práce - Sv.10 Vodovod, odpad, topení, plyn",,
210030,stříkání 15,Material,General,pcs,110.52,110.52,110.52,110.52,1,CZK,111.63,1.01,2,2,建筑工程,"Obecné instalační práce - Sv.10 Vodovod, odpad, topení, plyn",,
280182,kov 38,Material,Steel & Metal,m,200.39,200.39,200.39,200.39,1,CZK,216.42,1.08,2,2,建筑工程,Obecné instalační práce - Sv.4 Instalace elektrického zařízení,,
280217,kovový SP-30,Material,Steel & Metal,pcs,2.29,2.29,2.29,2.29,1,CZK,4.76,2.074,2,2,建筑工程,Obecné instalační práce - Sv.4 Instalace elektrického zařízení,,
280216,kovový SP-24,Material,Steel & Metal,pcs,1.64,1.64,1.64,1.64,1,CZK,3.41,2.074,2,2,建筑工程,Obecné instalační práce - Sv.4 Instalace elektrického zařízení,,
280180,kov 24,Material,Steel & Metal,m,150.29,150.29,150.29,150.29,1,CZK,162.32,1.08,2,2,建筑工程,Obecné instalační práce - Sv.4 Instalace elektrického zařízení,,
280215,kovový SP-17,Material,Steel & Metal,pcs,1.49,1.49,1.49,1.49,1,CZK,3.09,2.074,2,2,建筑工程,Obecné instalační práce - Sv.4 Instalace elektrického zařízení,,
280179,kov 17,Material,Steel & Metal,m,117.79,117.79,117.79,117.79,1,CZK,127.21,1.08,2,2,建筑工程,Obecné instalační práce - Sv.4 Instalace elektrického zařízení,,
280214,kovový SP-15,Material,Steel & Metal,pcs,1.45,1.45,1.45,1.45,1,CZK,3.01,2.074,2,2,建筑工程,Obecné instalační práce - Sv.4 Instalace elektrického zařízení,,
280178,kov 15,Material,Steel & Metal,m,89.87,89.87,89.87,89.87,1,CZK,97.06,1.08,2,2,建筑工程,Obecné instalační práce - Sv.4 Instalace elektrického zařízení,,
280213,kovový SP-12,Material,Steel & Metal,pcs,1.38,1.38,1.38,1.38,1,CZK,2.86,2.074,2,2,建筑工程,Obecné instalační práce - Sv.4 Instalace elektrického zařízení,,
280177,kov 12,Material,Steel & Metal,m,73.04,73.04,73.04,73.04,1,CZK,78.89,1.08,2,2,建筑工程,Obecné instalační práce - Sv.4 Instalace elektrického zařízení,,
280212,kov SP-10,Material,Steel & Metal,pcs,1.34,1.34,1.34,1.34,1,CZK,2.78,2.074,2,2,建筑工程,Obecné instalační práce - Sv.4 Instalace elektrického zařízení,,
280176,kov 10,Material,Steel & Metal,m,56.22,56.22,56.22,56.22,1,CZK,60.71,1.08,2,2,建筑工程,Obecné instalační práce - Sv.4 Instalace elektrického zařízení,,
150173,upevnění,Material,General,m,7.65,7.65,7.65,7.65,1,CZK,30.36,3.969,2,2,建筑工程,práce na střeše a hydroizolaci,,kotvení konstrukční střechy
120119,PCF C,Material,General,m2,611.88,611.88,611.88,611.88,1,CZK,853.57,1.395,2,2,建筑工程,práce na střeše a hydroizolaci,,kotvení konstrukční střechy
080269,hliníková slitina deska,Material,General,m,267.7,267.7,267.7,267.7,1,CZK,267.7,1.0,2,2,建筑工程,práce na střeše a hydroizolaci,,kotvení konstrukční střechy
070015,dřevo 100mm za,Material,Wood & Timber,pcs,95.61,95.61,95.61,95.61,1,CZK,103.25,1.08,2,2,建筑工程,jiné dekorativní práce,dekorativní lišta,dřevěná dekorativní lišta
070016,dřevo 100mm uvnitř,Material,Wood & Timber,pcs,42.83,42.83,42.83,42.83,1,CZK,46.26,1.08,2,2,建筑工程,jiné dekorativní práce,dekorativní lišta,dřevěná dekorativní lišta
280184,kov 63,Material,Steel & Metal,m,278.79,278.79,278.79,278.79,1,CZK,301.09,1.08,2,2,建筑工程,Obecné instalační práce - Sv.4 Instalace elektrického zařízení,,
280418,kovový SP-50,Material,Steel & Metal,pcs,6.04,6.04,6.04,6.04,1,CZK,12.53,2.074,2,2,建筑工程,Obecné instalační práce - Sv.4 Instalace elektrického zařízení,,
280429,lišta 38,Material,General,pcs,65.39,65.39,65.39,65.39,1,CZK,135.63,2.074,2,2,建筑工程,Obecné instalační práce - Sv.4 Instalace elektrického zařízení,,
280417,kovový SP-38,Material,Steel & Metal,pcs,4.21,4.21,4.21,4.21,1,CZK,8.72,2.074,2,2,建筑工程,Obecné instalační práce - Sv.4 Instalace elektrického zařízení,,
280098,S1-S4,Material,General,pcs,6.2,6.2,6.2,6.2,1,CZK,6.32,1.02,2,2,建筑工程,Obecné instalační práce - Sv.4 Instalace elektrického zařízení,montáž formování,
280073,formování 86HS,Material,General,pcs,6.2,6.2,6.2,6.2,1,CZK,6.32,1.02,2,2,建筑工程,Obecné instalační práce - Sv.4 Instalace elektrického zařízení,montáž formování,
010233,úhelník,Material,Steel & Metal,kg,16.79,16.79,16.79,16.79,1,CZK,212.5,12.6574,2,2,建筑工程,práce na stropě,stropní dekorace,stříška
110056,lepivý,Material,General,kg,31.36,31.36,31.36,31.36,1,CZK,0.29,0.0094,2,2,建筑工程,Obecné instalační práce - Sv.4 Instalace elektrického zařízení,,PVC
280277,PVC spojka a zámek 70,Material,General,set,34.23,34.23,34.23,34.23,1,CZK,5.29,0.1545,2,2,建筑工程,Obecné instalační práce - Sv.4 Instalace elektrického zařízení,,PVC
280229,PVC spojka 70,Material,General,pcs,16.71,16.71,16.71,16.71,1,CZK,2.58,0.1545,2,2,建筑工程,Obecné instalační práce - Sv.4 Instalace elektrického zařízení,,PVC
210037,voda s 100,Material,Water,set,124.67,124.67,124.67,124.67,1,CZK,124.67,1.0,2,2,建筑工程,"Obecné instalační práce - Sv.10 Vodovod, odpad, topení, plyn",,
280081,kovový 40,Material,Steel & Metal,m,36.67,36.67,36.67,36.67,1,CZK,37.77,1.03,2,2,建筑工程,Obecné instalační práce - Sv.4 Instalace elektrického zařízení,,
280080,kov 32,Material,Steel & Metal,m,30.44,30.44,30.44,30.44,1,CZK,31.35,1.03,2,2,建筑工程,Obecné instalační práce - Sv.4 Instalace elektrického zařízení,,
280040,kov 25,Material,Steel & Metal,pcs,1.76,1.76,1.76,1.76,1,CZK,3.65,2.074,2,2,建筑工程,Obecné instalační práce - Sv.4 Instalace elektrického zařízení,,
280079,kov 25,Material,Steel & Metal,m,21.03,21.03,21.03,21.03,1,CZK,21.66,1.03,2,2,建筑工程,Obecné instalační práce - Sv.4 Instalace elektrického zařízení,,
280038,kov 15,Material,Steel & Metal,pcs,1.49,1.49,1.49,1.49,1,CZK,3.09,2.074,2,2,建筑工程,Obecné instalační práce - Sv.4 Instalace elektrického zařízení,,
070138,hliník délka 100mm přesah,Material,General,pcs,42.07,42.07,42.07,42.07,1,CZK,43.33,1.03,2,2,建筑工程,jiné dekorativní práce,dekorativní lišta,hliníková dekorativní lišta
070137,hliníková délka 100mm uvnitř,Material,General,pcs,27.53,27.53,27.53,27.53,1,CZK,28.36,1.03,2,2,建筑工程,jiné dekorativní práce,dekorativní lišta,hliníková dekorativní lišta
280077,kov 15,Material,Steel & Metal,m,11.28,11.28,11.28,11.28,1,CZK,11.62,1.03,2,2,建筑工程,Obecné instalační práce - Sv.4 Instalace elektrického zařízení,,
080277,deska,Material,General,m2,688.36,688.36,688.36,688.36,1,CZK,688.36,1.0,2,2,建筑工程,"povrchové úpravy stěn a sloupů, příčky a závěsné stěny",práce na zasklených stěnách,s rámem z fasádních stěn
080256,hliníková jednoplátová deska,Material,General,m2,1338.48,1338.48,1338.48,1338.48,1,CZK,1338.48,1.0,2,2,建筑工程,"povrchové úpravy stěn a sloupů, příčky a závěsné stěny",práce na zasklených stěnách,s rámem z fasádních stěn
070110,hotový výrobek dřevěný dekorativní sloup 350,Material,Wood & Timber,pcs,6940.2,6940.2,6940.2,6940.2,1,CZK,6940.2,1.0,2,2,建筑工程,"povrchové úpravy stěn a sloupů, příčky a závěsné stěny",sloupec (nosník) čelní,dekorativní sloup hotového výrobku
070109,hotový dekorativní sádrový sloup 350,Material,General,pcs,694.1,694.1,694.1,694.1,1,CZK,694.1,1.0,2,2,建筑工程,"povrchové úpravy stěn a sloupů, příčky a závěsné stěny",sloupec (nosník) čelní,dekorativní sloup hotového výrobku
190005,20,Material,General,pcs,136.14,136.14,136.14,136.14,1,CZK,137.5,1.01,2,2,建筑工程,"Obecné instalační práce - Sv.10 Vodovod, odpad, topení, plyn","voda, voda",vodoinstalace
010087,ocelová trubka 530×10,Material,Steel & Metal,m,3002.78,3002.78,3002.78,3002.78,1,CZK,1591.47,0.53,2,2,建筑工程,"Obecné instalační práce - Sv.10 Vodovod, odpad, topení, plyn",výroba a instalace,výroba vodotěsných materiálů
800605,elektřina,Equipment,General,machine-shift,43.98,43.98,43.98,43.98,1,CZK,16.13,0.3667,2,2,建筑工程,práce na střeše a hydroizolaci,,kotvení konstrukční střechy
800584,40 (),Equipment,General,machine-shift,15.22,15.22,15.22,15.22,1,CZK,0.51,0.0333,2,2,建筑工程,práce na střeše a hydroizolaci,,kotvení konstrukční střechy
120028,základová deska,Material,General,m2,67.31,67.31,67.31,67.31,1,CZK,70.67,1.05,2,2,建筑工程,podlahové dokončovací práce,vrstva dokončení,
800199,elektrický naviják (jednotný) 3t,Equipment,Hoists,machine-shift,407.28,407.28,407.28,407.28,1,CZK,114.04,0.28,2,2,建筑工程,"Obecné instalační práce - Sv.10 Vodovod, odpad, topení, plyn",montáž,
170074,PVC 70,Material,General,m,49.71,49.71,49.71,49.71,1,CZK,52.2,1.05,2,2,建筑工程,Obecné instalační práce - Sv.4 Instalace elektrického zařízení,,PVC
170073,PVC 50,Material,General,m,33.65,33.65,33.65,33.65,1,CZK,35.34,1.05,2,2,建筑工程,Obecné instalační práce - Sv.4 Instalace elektrického zařízení,,PVC
170072,PVC 40,Material,General,m,23.71,23.71,23.71,23.71,1,CZK,24.9,1.05,2,2,建筑工程,Obecné instalační práce - Sv.4 Instalace elektrického zařízení,,PVC
170071,PVC 32,Material,General,m,18.36,18.36,18.36,18.36,1,CZK,19.27,1.05,2,2,建筑工程,Obecné instalační práce - Sv.4 Instalace elektrického zařízení,,PVC
170070,PVC 25,Material,General,m,10.33,10.33,10.33,10.33,1,CZK,10.84,1.05,2,2,建筑工程,Obecné instalační práce - Sv.4 Instalace elektrického zařízení,,PVC
280224,PVC spojka 20,Material,General,pcs,2.29,2.29,2.29,2.29,1,CZK,0.4,0.1751,2,2,建筑工程,Obecné instalační práce - Sv.4 Instalace elektrického zařízení,,PVC
170069,PVC 20,Material,General,m,8.8,8.8,8.8,8.8,1,CZK,9.24,1.05,2,2,建筑工程,Obecné instalační práce - Sv.4 Instalace elektrického zařízení,,PVC
070004,dřevěný pás desky 50mm přesah,Material,Wood & Timber,m,45.89,45.89,45.89,45.89,1,CZK,49.56,1.08,2,2,建筑工程,jiné dekorativní práce,dekorativní lišta,dřevěná dekorativní lišta
070003,dřevěný pás 50mm uvnitř,Material,Wood & Timber,m,20.65,20.65,20.65,20.65,1,CZK,22.3,1.08,2,2,建筑工程,jiné dekorativní práce,dekorativní lišta,dřevěná dekorativní lišta
280025,modelování,Material,General,pcs,103.25,103.25,103.25,103.25,1,CZK,105.32,1.02,2,2,建筑工程,Obecné instalační práce - Sv.4 Instalace elektrického zařízení,montáž formování,
800203,elektřina 100 nad rámec,Equipment,General,machine-shift,321.23,321.23,321.23,321.23,1,CZK,24.41,0.076,2,2,建筑工程,"Obecné instalační práce - Sv.10 Vodovod, odpad, topení, plyn",,
280223,PVC spojka 15,Material,General,pcs,2.03,2.03,2.03,2.03,1,CZK,0.35,0.1751,2,2,建筑工程,Obecné instalační práce - Sv.4 Instalace elektrického zařízení,,PVC
170068,PVC 15,Material,General,m,6.88,6.88,6.88,6.88,1,CZK,7.23,1.05,2,2,建筑工程,Obecné instalační práce - Sv.4 Instalace elektrického zařízení,,PVC
280065,(ocelová trubka) 80,Material,Steel & Metal,pcs,3.14,3.14,3.14,3.14,1,CZK,0.48,0.1545,2,2,建筑工程,Obecné instalační práce - Sv.4 Instalace elektrického zařízení,,pozinkovaná ocelová trubka
280245,sváření ocelové trubky spoj 40,Material,Steel & Metal,pcs,9.75,9.75,9.75,9.75,1,CZK,1.61,0.1648,2,2,建筑工程,Obecné instalační práce - Sv.4 Instalace elektrického zařízení,,svařovací ocelová trubka
090081,zámková matice 100,Material,Fasteners,pcs,5.58,5.58,5.58,5.58,1,CZK,0.86,0.1545,2,2,建筑工程,Obecné instalační práce - Sv.4 Instalace elektrického zařízení,,svařovací ocelová trubka
090115,s šroubem 27×(120 140),Material,Fasteners,set,32.01,32.01,32.01,32.01,1,CZK,593.44,18.54,2,2,建筑工程,"Obecné instalační práce - Sv.10 Vodovod, odpad, topení, plyn",montáž,voda ()
100216,lepicí deska 182×148×14,Material,General,pcs,46.66,46.66,46.66,46.66,1,CZK,399.84,8.57,2,2,建筑工程,Obecné instalační práce - Sv.11 Komunikační zařízení a vedení,,
110442,nátěr (formování a broušení),Material,General,kg,221.8,221.8,221.8,221.8,1,CZK,44.8,0.202,2,2,建筑工程,práce na střeše a hydroizolaci,,profil a další položky střechy
060007,kamenná podlahová dlažba,Material,General,m2,223.72,223.72,223.72,223.72,1,CZK,228.19,1.02,2,2,建筑工程,práce na střeše a hydroizolaci,,profil a další položky střechy
310007,lišta J-2,Material,General,pcs,67.31,67.31,67.31,67.31,1,CZK,135.96,2.02,2,2,建筑工程,Obecné instalační práce - Sv.4 Instalace elektrického zařízení,,montáž lišt a ocelových konstrukcí
170013,PVC-U voda 50,Material,Water,m,34.8,34.8,34.8,34.8,1,CZK,25.44,0.731,2,2,建筑工程,"Obecné instalační práce - Sv.10 Vodovod, odpad, topení, plyn",,
170230,kompozitní 100,Material,General,m,791.61,791.61,791.61,791.61,1,CZK,805.47,1.0175,2,2,建筑工程,"Obecné instalační práce - Sv.10 Vodovod, odpad, topení, plyn",ocelový kompozit,
170229,kompozitní 80,Material,General,m,642.47,642.47,642.47,642.47,1,CZK,653.71,1.0175,2,2,建筑工程,"Obecné instalační práce - Sv.10 Vodovod, odpad, topení, plyn",ocelový kompozit,
170228,kompozitní 70,Material,General,m,478.03,478.03,478.03,478.03,1,CZK,486.39,1.0175,2,2,建筑工程,"Obecné instalační práce - Sv.10 Vodovod, odpad, topení, plyn",ocelový kompozit,
170227,kompozitní 50,Material,General,m,377.07,377.07,377.07,377.07,1,CZK,383.67,1.0175,2,2,建筑工程,"Obecné instalační práce - Sv.10 Vodovod, odpad, topení, plyn",ocelový kompozit,
170226,kompozitní 40,Material,General,m,271.9,271.9,271.9,271.9,1,CZK,276.66,1.0175,2,2,建筑工程,"Obecné instalační práce - Sv.10 Vodovod, odpad, topení, plyn",ocelový kompozit,
170016,PVC-U voda 125,Material,Water,m,120.85,120.85,120.85,120.85,1,CZK,115.04,0.952,2,2,建筑工程,"Obecné instalační práce - Sv.10 Vodovod, odpad, topení, plyn",,
070044,PVC povrch 100mm přesah,Material,General,pcs,82.6,82.6,82.6,82.6,1,CZK,85.08,1.03,2,2,建筑工程,jiné dekorativní práce,dekorativní lišta,dekorativní lišta
120140,základová deska 0.20m2 navíc,Material,General,m2,305.94,305.94,305.94,305.94,1,CZK,312.06,1.02,2,2,建筑工程,podlahové dokončovací práce,vrstva dokončení,
070043,PVC povrch 100mm uvnitř,Material,General,pcs,38.24,38.24,38.24,38.24,1,CZK,39.39,1.03,2,2,建筑工程,jiné dekorativní práce,dekorativní lišta,dekorativní lišta
850132,AD2291Z,Equipment,General,machine-shift,102.11,102.11,102.11,102.11,1,CZK,27.57,0.27,2,2,建筑工程,Obecné instalační práce - Sv.4 Instalace elektrického zařízení,elektřina,"10kV, jednofázový"
170014,PVC-U voda 75,Material,Water,m,60.42,60.42,60.42,60.42,1,CZK,58.52,0.9685,2,2,建筑工程,"Obecné instalační práce - Sv.10 Vodovod, odpad, topení, plyn",,
150123,elektřina 24AH,Material,General,pcs,2791.68,2791.68,2791.68,2791.68,1,CZK,111.67,0.04,2,2,建筑工程,Obecné instalační práce - Sv.9 Ochrana proti požáru,,
010196,ocelová deska 2.5,Material,Steel & Metal,m2,798.5,798.5,798.5,798.5,1,CZK,12.46,0.0156,2,2,建筑工程,Obecné instalační práce - Sv.9 Ochrana proti požáru,,
010197,ocelová trubka 10,Material,Steel & Metal,m,97.52,97.52,97.52,97.52,1,CZK,60.27,0.618,2,2,建筑工程,Obecné instalační práce - Sv.9 Ochrana proti požáru,,
130064,skelná vlákna deska,Material,Glass,m3,1606.17,1606.17,1606.17,1606.17,1,CZK,91.87,0.0572,2,2,建筑工程,práce na tepelně izolačních a protikorozních systémech,,strop
020006,doplňkový beton,Material,Concrete & Cement,m3,1338.48,1338.48,1338.48,1338.48,1,CZK,1365.25,1.02,2,2,建筑工程,zděné práce,zděná konstrukce,
090098,s šroubem 10×(40 60),Material,Fasteners,set,1.76,1.76,1.76,1.76,1,CZK,4.4,2.5,2,2,建筑工程,Obecné instalační práce - Sv.9 Ochrana proti požáru,,
070106,hotový dřevěný sloup výška 500mm uvnitř,Material,Wood & Timber,pcs,5288.52,5288.52,5288.52,5288.52,1,CZK,5288.52,1.0,2,2,建筑工程,"povrchové úpravy stěn a sloupů, příčky a závěsné stěny",sloupec (nosník) čelní,dekorativní sloup hotového výrobku
070105,hotový dřevěný sloup výška 350mm uvnitř,Material,Wood & Timber,pcs,2605.82,2605.82,2605.82,2605.82,1,CZK,2605.82,1.0,2,2,建筑工程,"povrchové úpravy stěn a sloupů, příčky a závěsné stěny",sloupec (nosník) čelní,dekorativní sloup hotového výrobku
091068,ocelová deska,Material,Steel & Metal,m2,688.36,688.36,688.36,688.36,1,CZK,688.36,1.0,2,2,建筑工程,"povrchové úpravy stěn a sloupů, příčky a závěsné stěny",sloupec (nosník) čelní,dekorativní povrch sloupu (nosníku)
010391,ocelová deska,Material,Steel & Metal,m2,2485.74,2485.74,2485.74,2485.74,1,CZK,2889.68,1.1625,2,2,建筑工程,"povrchové úpravy stěn a sloupů, příčky a závěsné stěny",sloupec (nosník) čelní,dekorativní povrch sloupu (nosníku)
080233,kulatý kovový 200,Material,Steel & Metal,pcs,23.17,23.17,23.17,23.17,1,CZK,590.96,25.5,2,2,建筑工程,práce na stropě,suspendovaný strop,závěsný strop
080231,kovový kulatý 150,Material,Steel & Metal,pcs,19.43,19.43,19.43,19.43,1,CZK,880.63,45.33,2,2,建筑工程,práce na stropě,suspendovaný strop,závěsný strop
280246,sváření ocelové trubky spoj 50,Material,Steel & Metal,pcs,13.96,13.96,13.96,13.96,1,CZK,2.3,0.1648,2,2,建筑工程,Obecné instalační práce - Sv.4 Instalace elektrického zařízení,,svařovací ocelová trubka
050009,skleněný hotový výrobek,Material,Glass,m2,1338.48,1338.48,1338.48,1338.48,1,CZK,1378.63,1.03,2,2,建筑工程,"povrchové úpravy stěn a sloupů, příčky a závěsné stěny",sloupec (nosník) čelní,dekorativní povrch sloupu (nosníku)
030057,povrchová deska,Material,General,m2,99.43,99.43,99.43,99.43,1,CZK,113.5,1.1415,2,2,建筑工程,"povrchové úpravy stěn a sloupů, příčky a závěsné stěny",sloupec (nosník) čelní,dekorativní povrch sloupu (nosníku)
180146,plochý (1.6MPa) 125,Material,General,pcs,206.51,206.51,206.51,206.51,1,CZK,413.02,2.0,2,2,建筑工程,"Obecné instalační práce - Sv.10 Vodovod, odpad, topení, plyn",voda,voda ()
180637,pozinkované spojení (kompozitní),Material,General,pcs,43.98,43.98,43.98,43.98,1,CZK,9.72,0.221,2,2,建筑工程,"Obecné instalační práce - Sv.10 Vodovod, odpad, topení, plyn",,montáž
090103,s šroubem 12×(65 80),Material,Fasteners,set,2.56,2.56,2.56,2.56,1,CZK,6.16,2.403,2,2,建筑工程,"Obecné instalační práce - Sv.10 Vodovod, odpad, topení, plyn",,montáž
020015,prefabrikovaný beton,Material,Concrete & Cement,m3,1644.42,1644.42,1644.42,1644.42,1,CZK,27.79,0.0169,2,2,建筑工程,"Obecné instalační práce - Sv.10 Vodovod, odpad, topení, plyn",,montáž
010049,pozinkovaná ocelová trubka 25,Material,Steel & Metal,kg,18.85,18.85,18.85,18.85,1,CZK,12.48,0.662,2,2,建筑工程,jiné dekorativní práce,"zábradlí, zábradlí, dekorativní deska zábradlí",dřevěné nástěnné madlo
090410,pozinkovaný 80,Material,General,pcs,16.52,16.52,16.52,16.52,1,CZK,19.72,1.1935,2,2,建筑工程,jiné dekorativní práce,"zábradlí, zábradlí, dekorativní deska zábradlí",dřevěné nástěnné madlo
030062,dřevěné madlo (rovné) 105×65,Material,Wood & Timber,m,378.98,378.98,378.98,378.98,1,CZK,428.25,1.13,2,2,建筑工程,jiné dekorativní práce,"zábradlí, zábradlí, dekorativní deska zábradlí",dřevěné nástěnné madlo
030051,dřevěné zábradlí 40,Material,Wood & Timber,m,62.33,62.33,62.33,62.33,1,CZK,263.17,4.2218,2,2,建筑工程,jiné dekorativní práce,"zábradlí, zábradlí, dekorativní deska zábradlí","dřevěné madlo, zábradlí, zábradlová deska"
100281,těsnicí hmota,Material,Rubber,pcs,107.08,107.08,107.08,107.08,1,CZK,8.57,0.08,2,2,建筑工程,"povrchové úpravy stěn a sloupů, příčky a závěsné stěny",práce na zasklených stěnách,skleněná záclonová stěna
090080,zámková matice 80,Material,Fasteners,pcs,4.67,4.67,4.67,4.67,1,CZK,0.72,0.1545,2,2,建筑工程,Obecné instalační práce - Sv.4 Instalace elektrického zařízení,,svařovací ocelová trubka
090085,pozinkovaná zajišťovací matice 32,Material,Fasteners,pcs,2.91,2.91,2.91,2.91,1,CZK,0.45,0.1545,2,2,建筑工程,Obecné instalační práce - Sv.4 Instalace elektrického zařízení,,pozinkovaná ocelová trubka
090084,pozinkovaná zajišťovací matice 25,Material,Fasteners,pcs,2.37,2.37,2.37,2.37,1,CZK,0.37,0.1545,2,2,建筑工程,Obecné instalační práce - Sv.4 Instalace elektrického zařízení,,pozinkovaná ocelová trubka
090074,zámková matice 20,Material,Fasteners,pcs,1.34,1.34,1.34,1.34,1,CZK,1.59,1.1898,2,2,建筑工程,Obecné instalační práce - Sv.4 Instalace elektrického zařízení,montáž formování,svařovací ocelová trubka
280058,(ocelová trubka) 15,Material,Steel & Metal,pcs,0.54,0.54,0.54,0.54,1,CZK,0.08,0.1545,2,2,建筑工程,Obecné instalační práce - Sv.4 Instalace elektrického zařízení,,svařovací ocelová trubka
850046,FLUK2000,Equipment,General,machine-shift,526.98,526.98,526.98,526.98,1,CZK,16.47,0.0312,2,2,建筑工程,Obecné instalační práce - Sv.5 Systémy inteligence budov,,
850026,síť FWKE,Equipment,General,machine-shift,357.45,357.45,357.45,357.45,1,CZK,5361.75,15.0,2,2,建筑工程,Obecné instalační práce - Sv.5 Systémy inteligence budov,sítka,
090292,50g/,Material,General,kg,137.67,137.67,137.67,137.67,1,CZK,2.75,0.02,2,2,建筑工程,Obecné instalační práce - Sv.5 Systémy inteligence budov,,montáž
010535,s 200mm×0.2mm,Material,General,m,76.48,76.48,76.48,76.48,1,CZK,1147.27,15.0,2,2,建筑工程,Obecné instalační práce - Sv.4 Instalace elektrického zařízení,elektřina,
800071,stříkaný beton stroj,Equipment,General,machine-shift,74.19,74.19,74.19,74.19,1,CZK,0.67,0.009,2,2,建筑工程,práce na tepelně izolačních a protikorozních systémech,,strop
150182,bez konečné vrstvy,Equipment,General,kg,7.65,7.65,7.65,7.65,1,CZK,3.81,0.498,2,2,建筑工程,práce na tepelně izolačních a protikorozních systémech,,strop
150181,no,Equipment,General,kg,9.94,9.94,9.94,9.94,1,CZK,74.57,7.5,2,2,建筑工程,práce na tepelně izolačních a protikorozních systémech,,strop
110454,vodní lepidlo,Material,Water,kg,2.03,2.03,2.03,2.03,1,CZK,1.52,0.75,2,2,建筑工程,práce na tepelně izolačních a protikorozních systémech,,strop
800274,jeřáb 6t,Equipment,Cranes,machine-shift,1363.33,1363.33,1363.33,1363.33,1,CZK,272.67,0.2,2,2,建筑工程,"Obecné instalační práce - Sv.10 Vodovod, odpad, topení, plyn",vodoinstalace,
170556,PVC-U vodotěsná zarážka 50,Material,Water,pcs,7.23,7.23,7.23,7.23,1,CZK,7.3,1.01,2,2,建筑工程,"Obecné instalační práce - Sv.10 Vodovod, odpad, topení, plyn",,
100292,kovový kámen 100,Material,Steel & Metal,pcs,303.64,303.64,303.64,303.64,1,CZK,625.5,2.06,2,2,建筑工程,"Obecné instalační práce - Sv.10 Vodovod, odpad, topení, plyn",,montáž
180131,plochý (1.0MPa) 300,Material,General,pcs,699.83,699.83,699.83,699.83,1,CZK,699.83,1.0,2,2,建筑工程,"Obecné instalační práce - Sv.10 Vodovod, odpad, topení, plyn",,montáž
800198,elektrický naviják (jednoruční) 1t,Equipment,Hoists,machine-shift,390.07,390.07,390.07,390.07,1,CZK,1314.54,3.37,2,2,建筑工程,"Obecné instalační práce - Sv.10 Vodovod, odpad, topení, plyn",voda,vodoinstalace
180141,plochý (1.6MPa) 40,Material,General,pcs,62.72,62.72,62.72,62.72,1,CZK,94.08,1.5,2,2,建筑工程,"Obecné instalační práce - Sv.10 Vodovod, odpad, topení, plyn","voda, voda",vodoinstalace
180152,plochý (1.6MPa) 400,Material,General,pcs,1399.67,1399.67,1399.67,1399.67,1,CZK,2099.5,1.5,2,2,建筑工程,"Obecné instalační práce - Sv.10 Vodovod, odpad, topení, plyn",voda,voda ()
180150,rovný (1.6MPa) 300,Material,General,pcs,706.72,706.72,706.72,706.72,1,CZK,1060.07,1.5,2,2,建筑工程,"Obecné instalační práce - Sv.10 Vodovod, odpad, topení, plyn",voda,voda ()
010148,ocelová deska 300×300×6,Material,Steel & Metal,kg,20.84,20.84,20.84,20.84,1,CZK,93.79,4.5,2,2,建筑工程,Obecné instalační práce - Sv.4 Instalace elektrického zařízení,,montáž
300025,pozinkovaný úhelník 63×63×6×1400,Material,Steel & Metal,pcs,162.15,162.15,162.15,162.15,1,CZK,162.63,1.003,2,2,建筑工程,Obecné instalační práce - Sv.4 Instalace elektrického zařízení,,montáž
300011,pozinkovaný plochý ocelový plech 65×8×480,Material,Steel & Metal,pcs,8.87,8.87,8.87,8.87,1,CZK,26.75,3.015,2,2,建筑工程,Obecné instalační práce - Sv.4 Instalace elektrického zařízení,,montáž
300005,pozinkovaný kulatý prut 16×670,Material,General,pair,25.74,25.74,25.74,25.74,1,CZK,25.87,1.005,2,2,建筑工程,Obecné instalační práce - Sv.4 Instalace elektrického zařízení,,montáž
010004,s výztužnou sítí,Material,Steel & Metal,kg,19.39,19.39,19.39,19.39,1,CZK,19388.8,1000.0,2,2,建筑工程,betonové a železobetonové práce,železobetonové práce,
090962,zámek,Material,General,jednotka,95.61,95.61,95.61,95.61,1,CZK,144.36,1.51,2,2,建筑工程,jiné dekorativní práce,,
100027,lepivý,Material,General,m,88.34,88.34,88.34,88.34,1,CZK,90.99,1.03,2,2,建筑工程,podlahové dokončovací práce,lišta,
120101,kyslíkové lepidlo průměr 8 tloušťka 1.5,Material,Chemicals,m,24.28,24.28,24.28,24.28,1,CZK,72.85,3.0,2,2,建筑工程,Obecné instalační práce - Sv.11 Komunikační zařízení a vedení,,
300033,pozinkovaný úhelník 75×75×6×2100,Material,Steel & Metal,pcs,321.23,321.23,321.23,321.23,1,CZK,644.4,2.006,2,2,建筑工程,Obecné instalační práce - Sv.4 Instalace elektrického zařízení,,montáž
090967,nerezová ocelová zábradlí,Material,Steel & Metal,pcs,1720.9,1720.9,1720.9,1720.9,1,CZK,1720.9,1.0,2,2,建筑工程,jiné dekorativní práce,,madlo
090488,nerezová ocel,Material,Steel & Metal,set,344.18,344.18,344.18,344.18,1,CZK,344.18,1.0,2,2,建筑工程,jiné dekorativní práce,,
090975,rám,Material,General,set,1529.69,1529.69,1529.69,1529.69,1,CZK,1529.69,1.0,2,2,建筑工程,jiné dekorativní práce,,rám
090976,rám z nerezové oceli,Material,Steel & Metal,set,573.63,573.63,573.63,573.63,1,CZK,573.63,1.0,2,2,建筑工程,jiné dekorativní práce,,rám
090689,deska z hliníkové slitiny sítě,Material,General,m2,315.12,315.12,315.12,315.12,1,CZK,189.07,0.6,2,2,建筑工程,jiné dekorativní práce,,kov
090401,profil z hliníkové slitiny,Material,General,m,93.31,93.31,93.31,93.31,1,CZK,426.15,4.567,2,2,建筑工程,jiné dekorativní práce,,kov
030075,dřevěný povrch,Material,Wood & Timber,m,265.4,265.4,265.4,265.4,1,CZK,268.05,1.01,2,2,建筑工程,jiné dekorativní práce,,čelní panel
010159,ocel 168×7,Material,Steel & Metal,m,846.3,846.3,846.3,846.3,1,CZK,26.24,0.031,2,2,建筑工程,Obecné instalační práce - Sv.4 Instalace elektrického zařízení,,pozinkovaná ocelová trubka
010158,ocel 143×4.5,Material,Steel & Metal,m,462.73,462.73,462.73,462.73,1,CZK,14.34,0.031,2,2,建筑工程,Obecné instalační práce - Sv.4 Instalace elektrického zařízení,,pozinkovaná ocelová trubka
010157,ocel 121×4,Material,Steel & Metal,m,420.28,420.28,420.28,420.28,1,CZK,13.03,0.031,2,2,建筑工程,Obecné instalační práce - Sv.4 Instalace elektrického zařízení,,pozinkovaná ocelová trubka
090172,zemní šroub 25×250,Material,Fasteners,set,28.64,28.64,28.64,28.64,1,CZK,295.03,10.3,2,2,建筑工程,"Obecné instalační práce - Sv.10 Vodovod, odpad, topení, plyn",montáž,
030074,dřevěná deska,Material,Wood & Timber,m2,316.65,316.65,316.65,316.65,1,CZK,145.66,0.46,2,2,建筑工程,jiné dekorativní práce,,čelní panel
080216,délka nosníku,Material,General,pcs,4.55,4.55,4.55,4.55,1,CZK,0.89,0.1963,2,2,建筑工程,práce na stropě,suspendovaný strop,stropní nosník
080053,V-profil z lehkého ocelového profilu VB20-1,Material,Steel & Metal,pcs,1.57,1.57,1.57,1.57,1,CZK,2.16,1.3747,2,2,建筑工程,práce na stropě,suspendovaný strop,stropní nosník
840008,vrtání,Material,General,kg,15.91,15.91,15.91,15.91,1,CZK,6.57,0.413,2,2,建筑工程,úprava půdy a podpora svahů,,
390169,deska,Material,General,m3,7266.02,7266.02,7266.02,7266.02,1,CZK,7266.02,1.0,2,2,建筑工程,betonové a železobetonové práce,prefabrikované betonové schodiště,
390168,schodní krok,Material,General,m3,8158.21,8158.21,8158.21,8158.21,1,CZK,8158.21,1.0,2,2,建筑工程,betonové a železobetonové práce,prefabrikované betonové schodiště,
010480,výztužní ocel (kompozitní),Material,Steel & Metal,kg,13.38,13.38,13.38,13.38,1,CZK,13518.62,1010.0,2,2,建筑工程,betonové a železobetonové práce,železobetonové práce,
080049,V-profil z lehkého ocelového profilu VB49-3,Material,Steel & Metal,pcs,2.26,2.26,2.26,2.26,1,CZK,10.82,4.7975,2,2,建筑工程,práce na stropě,suspendovaný strop,stropní nosník
090483,nerezová ocel,Material,Steel & Metal,set,114.73,114.73,114.73,114.73,1,CZK,114.73,1.0,2,2,建筑工程,jiné dekorativní práce,,
100279,páska proti průniku vody 20×30,Material,Water,m,76.48,76.48,76.48,76.48,1,CZK,222.61,2.9105,2,2,建筑工程,práce na střeše a hydroizolaci,"vodotěsnost suterénu a podlahy, ochrana proti vlhkosti",vodotěsnění podlahové malty
100277,páska proti průniku vody 10×10,Material,Water,m,30.59,30.59,30.59,30.59,1,CZK,41.59,1.3595,2,2,建筑工程,práce na střeše a hydroizolaci,"vodotěsnost suterénu a podlahy, ochrana proti vlhkosti",vodotěsnění podlahové malty
080164,hliníkový slitinový pás 100mm šířka,Material,General,m2,183.56,183.56,183.56,183.56,1,CZK,357.14,1.9456,2,2,建筑工程,"povrchové úpravy stěn a sloupů, příčky a závěsné stěny",příčka,kovová příčka
080041,V typ lehký ocelový nosník VB49×19,Material,Steel & Metal,m,15.79,15.79,15.79,15.79,1,CZK,57.58,3.6455,2,2,建筑工程,práce na stropě,suspendovaný strop,stropní nosník
090380,rám z nerezové oceli,Material,Steel & Metal,set,175.91,175.91,175.91,175.91,1,CZK,175.91,1.0,2,2,建筑工程,jiné dekorativní práce,,
090448,rám,Material,General,set,229.45,229.45,229.45,229.45,1,CZK,229.45,1.0,2,2,建筑工程,jiné dekorativní práce,,
310036,a šroub WX-01,Material,Fasteners,set,32.24,32.24,32.24,32.24,1,CZK,33.21,1.03,2,2,建筑工程,Obecné instalační práce - Sv.4 Instalace elektrického zařízení,"tvarování a výroba, montáž",
090156,šroub 16×250,Material,Fasteners,set,45.89,45.89,45.89,45.89,1,CZK,46.81,1.02,2,2,建筑工程,Obecné instalační práce - Sv.4 Instalace elektrického zařízení,"tvarování a výroba, montáž",montáž lišt a ocelových konstrukcí
090155,šroub 14×270,Material,Fasteners,set,37.82,37.82,37.82,37.82,1,CZK,38.58,1.02,2,2,建筑工程,Obecné instalační práce - Sv.4 Instalace elektrického zařízení,"tvarování a výroba, montáž",
150196,kámen 2.5,Material,General,m2,99.43,99.43,99.43,99.43,1,CZK,54.69,0.55,2,2,建筑工程,Obecné instalační práce - Sv.4 Instalace elektrického zařízení,suchá elektřina,
350067,lišta BX-16,Material,General,m,41.68,41.68,41.68,41.68,1,CZK,958.73,23.0,2,2,建筑工程,Obecné instalační práce - Sv.4 Instalace elektrického zařízení,suchá elektřina,
850139,kompozitní výška CZS,Equipment,General,machine-shift,299.05,299.05,299.05,299.05,1,CZK,672.87,2.25,2,2,建筑工程,Obecné instalační práce - Sv.4 Instalace elektrického zařízení,elektřina,výška elektřiny
850008,HP-54512B,Equipment,General,machine-shift,815.32,815.32,815.32,815.32,1,CZK,9376.23,11.5,2,2,建筑工程,Obecné instalační práce - Sv.4 Instalace elektrického zařízení,elektřina,výška elektřiny
010147,ocelová deska 6,Material,Steel & Metal,kg,28.49,28.49,28.49,28.49,1,CZK,118.52,4.16,2,2,建筑工程,Obecné instalační práce - Sv.4 Instalace elektrického zařízení,,montáž
090974,nerezová ocelová zábradlí,Material,Steel & Metal,pcs,803.09,803.09,803.09,803.09,1,CZK,803.09,1.0,2,2,建筑工程,jiné dekorativní práce,,madlo
150187,elektřina,Material,General,set,305937.71,305937.71,305937.71,305937.71,1,CZK,305937.71,1.0,2,2,建筑工程,jiné dekorativní práce,,kov
300072,ocelová trubka,Material,Steel & Metal,pcs,414.16,414.16,414.16,414.16,1,CZK,414.16,1.0,2,2,建筑工程,Obecné instalační práce - Sv.4 Instalace elektrického zařízení,,výroba
390170,betonová deska 550×250×30,Material,Concrete & Cement,pcs,18.62,18.62,18.62,18.62,1,CZK,40.23,2.16,2,2,建筑工程,Obecné instalační práce - Sv.4 Instalace elektrického zařízení,"pokládka elektřiny, deska (cihla) a deska",
280542,elektřina s,Material,General,m,30.59,30.59,30.59,30.59,1,CZK,32.12,1.05,2,2,建筑工程,Obecné instalační práce - Sv.4 Instalace elektrického zařízení,"pokládka elektřiny, deska (cihla) a deska",
180215,spojka pozinkované ocelové trubky () 100,Material,Steel & Metal,pcs,102.49,102.49,102.49,102.49,1,CZK,44.79,0.437,2,2,建筑工程,Obecné instalační práce - Sv.9 Ochrana proti požáru,,
180009,pozinkovaný 25,Material,General,pcs,6.35,6.35,6.35,6.35,1,CZK,5.11,0.805,2,2,建筑工程,Obecné instalační práce - Sv.7 Větrání a klimatizace,,
080752,kompozitní nosník,Material,General,m3,8795.71,8795.71,8795.71,8795.71,1,CZK,29.03,0.0033,2,2,建筑工程,"povrchové úpravy stěn a sloupů, příčky a závěsné stěny",čelní stěna,dekorativní deska na stěnu
080751,úhelník 75×50×5,Material,Steel & Metal,kg,17.59,17.59,17.59,17.59,1,CZK,18.84,1.0709,2,2,建筑工程,"povrchové úpravy stěn a sloupů, příčky a závěsné stěny",čelní stěna,dekorativní deska na stěnu
080750,úhelníková ocelová lišta 50×50×4,Material,Steel & Metal,kg,17.59,17.59,17.59,17.59,1,CZK,79.1,4.4967,2,2,建筑工程,"povrchové úpravy stěn a sloupů, příčky a závěsné stěny",čelní stěna,dekorativní deska na stěnu
080749,vodorovná hliníková slitina U profil 60×30,Material,General,m,20.42,20.42,20.42,20.42,1,CZK,64.99,3.1823,2,2,建筑工程,"povrchové úpravy stěn a sloupů, příčky a závěsné stěny",čelní stěna,dekorativní deska na stěnu
080224,dřevěná dekorativní deska,Material,Wood & Timber,m2,764.84,764.84,764.84,764.84,1,CZK,818.38,1.07,2,2,建筑工程,"povrchové úpravy stěn a sloupů, příčky a závěsné stěny",čelní stěna,dekorativní deska na stěnu
810175,poly cementový perlitový maltový,Material,Concrete & Cement,m3,2485.74,2485.74,2485.74,2485.74,1,CZK,88.49,0.0356,2,2,建筑工程,práce na tepelně izolačních a protikorozních systémech,,
390131,specializovaný sloupec,Material,General,m3,10325.4,10325.4,10325.4,10325.4,1,CZK,10325.4,1.0,2,2,建筑工程,betonové a železobetonové práce,předpjatý betonový sloup,
850221,formování XJ-02,Equipment,General,machine-shift,206.7,206.7,206.7,206.7,1,CZK,263.54,1.275,2,2,建筑工程,Obecné instalační práce - Sv.6 Automatizace a kontrola instrumentace,síť a,sítka
120155,ocelová deska,Material,Steel & Metal,m2,1529.69,1529.69,1529.69,1529.69,1,CZK,3212.35,2.1,2,2,建筑工程,"povrchové úpravy stěn a sloupů, příčky a závěsné stěny",příčka,kovová příčka
170099,sklo ocel 50,Material,Steel & Metal,pcs,22.18,22.18,22.18,22.18,1,CZK,22.4,1.01,2,2,建筑工程,práce na střeše a hydroizolaci,vodotěsné střešní krytiny a drobnosti,střešní voda
170098,sklo ocel 90° 50,Material,Steel & Metal,pcs,18.51,18.51,18.51,18.51,1,CZK,18.69,1.01,2,2,建筑工程,práce na střeše a hydroizolaci,vodotěsné střešní krytiny a drobnosti,střešní voda
080046,V-profil z lehkého ocelového plechu VB49-L,Material,Steel & Metal,pcs,2.64,2.64,2.64,2.64,1,CZK,0.89,0.3367,2,2,建筑工程,práce na stropě,suspendovaný strop,stropní nosník
080045,V-profil z lehké oceli VL25×20,Material,Steel & Metal,m,13.69,13.69,13.69,13.69,1,CZK,9.68,0.7067,2,2,建筑工程,práce na stropě,suspendovaný strop,stropní nosník
080044,V-profil z lehkého ocelového profilu VB20×37,Material,Steel & Metal,m,10.52,10.52,10.52,10.52,1,CZK,13.01,1.2367,2,2,建筑工程,práce na stropě,suspendovaný strop,stropní nosník
280199,kov BP-101,Material,Steel & Metal,pcs,20.34,20.34,20.34,20.34,1,CZK,41.91,2.06,2,2,建筑工程,Obecné instalační práce - Sv.4 Instalace elektrického zařízení,,
280434,lišta 101,Material,General,pcs,317.03,317.03,317.03,317.03,1,CZK,653.08,2.06,2,2,建筑工程,Obecné instalační práce - Sv.4 Instalace elektrického zařízení,,
280197,kov BP-76,Material,Steel & Metal,pcs,14.19,14.19,14.19,14.19,1,CZK,29.23,2.06,2,2,建筑工程,Obecné instalační práce - Sv.4 Instalace elektrického zařízení,,
280432,lišta 76,Material,General,pcs,166.35,166.35,166.35,166.35,1,CZK,342.69,2.06,2,2,建筑工程,Obecné instalační práce - Sv.4 Instalace elektrického zařízení,,
280195,kov BP-50,Material,Steel & Metal,pcs,7.92,7.92,7.92,7.92,1,CZK,16.31,2.06,2,2,建筑工程,Obecné instalační práce - Sv.4 Instalace elektrického zařízení,,
280430,lišta 50,Material,General,pcs,74.57,74.57,74.57,74.57,1,CZK,153.62,2.06,2,2,建筑工程,Obecné instalační práce - Sv.4 Instalace elektrického zařízení,,
370203,ocelová příčka,Material,Steel & Metal,m2,1147.27,1147.27,1147.27,1147.27,1,CZK,1170.21,1.02,2,2,建筑工程,"povrchové úpravy stěn a sloupů, příčky a závěsné stěny",příčka,příčka
370202,ocelová příčka,Material,Steel & Metal,m2,1720.9,1720.9,1720.9,1720.9,1,CZK,1755.32,1.02,2,2,建筑工程,"povrchové úpravy stěn a sloupů, příčky a závěsné stěny",příčka,příčka
390126,formovací deska,Material,General,m3,5476.29,5476.29,5476.29,5476.29,1,CZK,5476.29,1.0,2,2,建筑工程,betonové a železobetonové práce,prefabrikovaný betonový panel,
390125,výztužný rám pro desku,Material,General,m3,5812.82,5812.82,5812.82,5812.82,1,CZK,5812.82,1.0,2,2,建筑工程,betonové a železobetonové práce,prefabrikovaný betonový panel,
010577,žárově pozinkovaná ocelová profilová ocel,Material,Steel & Metal,kg,21.61,21.61,21.61,21.61,1,CZK,22903.26,1060.0,2,2,建筑工程,"povrchové úpravy stěn a sloupů, příčky a závěsné stěny",čelní stěna,dekorativní deska na stěnu
010394,profil z nerezové oceli,Material,Steel & Metal,kg,95.61,95.61,95.61,95.61,1,CZK,101341.87,1060.0,2,2,建筑工程,"povrchové úpravy stěn a sloupů, příčky a závěsné stěny",čelní stěna,dekorativní deska na stěnu
010532,běžná ocelová deska 0 3 8 20,Material,Steel & Metal,kg,19.58,19.58,19.58,19.58,1,CZK,3.92,0.2,2,2,建筑工程,Obecné instalační práce - Sv.9 Ochrana proti požáru,,
091441,ocelová svařovací elektroda,Material,Steel & Metal,kg,76.48,76.48,76.48,76.48,1,CZK,12.62,0.165,2,2,建筑工程,Obecné instalační práce - Sv.9 Ochrana proti požáru,,
010168,ocelová trubka 22×2.5 není,Material,Steel & Metal,m,32.74,32.74,32.74,32.74,1,CZK,0.33,0.01,2,2,建筑工程,Obecné instalační práce - Sv.9 Ochrana proti požáru,,
090102,s šroubem 12×(40 60),Material,Fasteners,set,2.07,2.07,2.07,2.07,1,CZK,8.51,4.12,2,2,建筑工程,Obecné instalační práce - Sv.9 Ochrana proti požáru,výroba a instalace,výroba vodotěsných materiálů
030055,dřevěná povrchová deska,Material,Wood & Timber,m2,172.09,172.09,172.09,172.09,1,CZK,413.02,2.4,2,2,建筑工程,"povrchové úpravy stěn a sloupů, příčky a závěsné stěny",příčka,hotová příčka
800181,elektrický naviják (jednotný) 3t,Equipment,Hoists,machine-shift,409.57,409.57,409.57,409.57,1,CZK,40.96,0.1,2,2,建筑工程,Obecné instalační práce - Sv.4 Instalace elektrického zařízení,elektrické instalace,
150058,s sklem,Equipment,General,pcs,32.43,32.43,32.43,32.43,1,CZK,32.43,1.0,2,2,建筑工程,jiné dekorativní práce,,
010362,pozinkovaná ocelová trubka (kompozitní),Material,Steel & Metal,kg,18.36,18.36,18.36,18.36,1,CZK,9.55,0.52,2,2,建筑工程,Obecné instalační práce - Sv.7 Větrání a klimatizace,,
050017,skleněné zrcadlo (5mm),Material,Glass,m2,286.82,286.82,286.82,286.82,1,CZK,429.36,1.497,2,2,建筑工程,jiné dekorativní práce,,sklo s leštěným povrchem
030128,překližka 18mm,Material,Wood & Timber,m2,145.32,145.32,145.32,145.32,1,CZK,673.78,4.6365,2,2,建筑工程,jiné dekorativní práce,,
030133,výška 500mm,Material,General,m,2103.32,2103.32,2103.32,2103.32,1,CZK,2103.32,1.0,2,2,建筑工程,jiné dekorativní práce,,
070126,kulatá lišta,Material,General,m,7.65,7.65,7.65,7.65,1,CZK,23.08,3.0175,2,2,建筑工程,jiné dekorativní práce,,
070125,dřevěná lišta,Material,Wood & Timber,m,13.38,13.38,13.38,13.38,1,CZK,40.95,3.0595,2,2,建筑工程,jiné dekorativní práce,,
370148,dveře,Material,General,m2,2982.89,2982.89,2982.89,2982.89,1,CZK,2982.89,1.0,2,2,建筑工程,práce na dveřích a oknech,kovové dveře,
060052,broušení žuly,Material,General,m2,841.33,841.33,841.33,841.33,1,CZK,952.38,1.132,2,2,建筑工程,podlahové dokončovací práce,dekorativní,
060018,speciálně tvarovaná žulová deska,Material,General,m2,1364.86,1364.86,1364.86,1364.86,1,CZK,1622.28,1.1886,2,2,建筑工程,podlahové dokončovací práce,dekorativní,
120018,3 5 tloušťka,Material,General,m2,16.06,16.06,16.06,16.06,1,CZK,16.22,1.01,2,2,建筑工程,podlahové dokončovací práce,vrstva dokončení,dřevěná podlaha
030023,kompozitní dřevěná základová deska,Material,Wood & Timber,m2,346.09,346.09,346.09,346.09,1,CZK,363.4,1.05,2,2,建筑工程,podlahové dokončovací práce,vrstva dokončení,dřevěná podlaha
800159,brousek na lavici,Equipment,General,machine-shift,4.32,4.32,4.32,4.32,1,CZK,1.26,0.291,2,2,建筑工程,pracovní konstrukce z kovu,kovové spojování konstrukcí na místě a další položky,
280364,kovová zem 101,Material,Steel & Metal,pcs,33.16,33.16,33.16,33.16,1,CZK,34.15,1.03,2,2,建筑工程,Obecné instalační práce - Sv.4 Instalace elektrického zařízení,,
020106,speciální tvarovaný blok,Material,General,m3,1606.17,1606.17,1606.17,1606.17,1,CZK,268.23,0.167,2,2,建筑工程,zděné práce,zděná konstrukce,
110168,těsnicí hmota KS typ,Material,Rubber,kg,58.89,58.89,58.89,58.89,1,CZK,4.42,0.075,2,2,建筑工程,Obecné instalační práce - Sv.7 Větrání a klimatizace,,výroba a instalace
090094,s šroubem 8×(16 25),Material,Fasteners,set,0.69,0.69,0.69,0.69,1,CZK,3.81,5.535,2,2,建筑工程,Obecné instalační práce - Sv.7 Větrání a klimatizace,,"montáž ocelového plechu (3mm uvnitř, svařování)"
110076,dvojitý A poly,Material,General,kg,161.0,161.0,161.0,161.0,1,CZK,58.68,0.3645,2,2,建筑工程,práce na tepelně izolačních a protikorozních systémech,antikorozní,izolační vrstva
030020,dřevěná lišta,Material,Wood & Timber,m,94.46,94.46,94.46,94.46,1,CZK,111.46,1.18,2,2,建筑工程,podlahové dokončovací práce,vrstva dokončení schodiště,
060014,mramorový schodový dílec,Material,General,m2,1268.11,1268.11,1268.11,1268.11,1,CZK,1834.96,1.447,2,2,建筑工程,podlahové dokončovací práce,vrstva dokončení schodiště,
800530,s jedním bagrem 0.3m3,Equipment,Excavators,machine-shift,1463.53,1463.53,1463.53,1463.53,1,CZK,25.17,0.0172,2,2,建筑工程,zemní práce a práce se skalou,,výkopové práce obecné zemní
100197,bitumen,Material,Waterproofing,kg,25.16,25.16,25.16,25.16,1,CZK,4.6,0.183,2,2,建筑工程,"Obecné instalační práce - Sv.12 Malování, protikorozní, tepelná izolace",,
110025,fenolová barva,Material,Paint & Coatings,kg,87.96,87.96,87.96,87.96,1,CZK,5.98,0.068,2,2,建筑工程,"Obecné instalační práce - Sv.12 Malování, protikorozní, tepelná izolace",obdélníkové štětce,
110092,ředidlo,Material,General,kg,109.76,109.76,109.76,109.76,1,CZK,3.84,0.035,2,2,建筑工程,"Obecné instalační práce - Sv.12 Malování, protikorozní, tepelná izolace",obdélníkové štětce,
110319,primer,Material,Paint & Coatings,kg,110.52,110.52,110.52,110.52,1,CZK,11.38,0.103,2,2,建筑工程,"Obecné instalační práce - Sv.12 Malování, protikorozní, tepelná izolace",obdélníkové štětce,
090167,uzemní šroub 12×150,Material,Fasteners,set,3.86,3.86,3.86,3.86,1,CZK,19.85,5.14,2,2,建筑工程,Obecné instalační práce - Sv.4 Instalace elektrického zařízení,montáž,smíšená () instalace
370147,ocelové dveře,Material,Steel & Metal,m2,2868.17,2868.17,2868.17,2868.17,1,CZK,2868.17,1.0,2,2,建筑工程,práce na dveřích a oknech,kovové dveře,
091473,rozpěrný šroub,Material,Fasteners,set,0.76,0.76,0.76,0.76,1,CZK,2.57,3.36,2,2,建筑工程,práce na střeše a hydroizolaci,"vodotěsné povrchové úpravy stěn, vlhkostní ochrana",vodotěsná vrstva na stěnovém povrchu
120123,výšková polyizolační hydroizolační membrána (samoopalovací) tloušťka 1.2mm,Material,Waterproofing,m2,206.51,206.51,206.51,206.51,1,CZK,245.95,1.191,2,2,建筑工程,práce na střeše a hydroizolaci,"vodotěsné povrchové úpravy stěn, vlhkostní ochrana",vodotěsná vrstva na stěnovém povrchu
100392,polymerová hydroizolační membrána 0.6mm tloušťky,Material,Waterproofing,m2,45.89,45.89,45.89,45.89,1,CZK,54.66,1.191,2,2,建筑工程,práce na střeše a hydroizolaci,"vodotěsné povrchové úpravy stěn, vlhkostní ochrana",vodotěsná vrstva na stěnovém povrchu
280043,kov 50,Material,Steel & Metal,pcs,2.75,2.75,2.75,2.75,1,CZK,5.71,2.074,2,2,建筑工程,Obecné instalační práce - Sv.4 Instalace elektrického zařízení,,
280082,kov 50,Material,Steel & Metal,m,49.33,49.33,49.33,49.33,1,CZK,50.81,1.03,2,2,建筑工程,Obecné instalační práce - Sv.4 Instalace elektrického zařízení,,
280042,kovový 40,Material,Steel & Metal,pcs,2.37,2.37,2.37,2.37,1,CZK,4.92,2.074,2,2,建筑工程,Obecné instalační práce - Sv.4 Instalace elektrického zařízení,,
290228,montáž pozinkovaných lišt,Material,General,pcs,11.47,11.47,11.47,11.47,1,CZK,11.82,1.03,2,2,建筑工程,Obecné instalační práce - Sv.4 Instalace elektrického zařízení,montáž formování,
280076,lišta 1500,Material,General,pcs,183.56,183.56,183.56,183.56,1,CZK,183.56,1.0,2,2,建筑工程,Obecné instalační práce - Sv.4 Instalace elektrického zařízení,montáž formování,
280074,lišta 300,Material,General,pcs,84.13,84.13,84.13,84.13,1,CZK,84.13,1.0,2,2,建筑工程,Obecné instalační práce - Sv.4 Instalace elektrického zařízení,montáž formování,
280422,kovový SP-101,Material,Steel & Metal,pcs,17.97,17.97,17.97,17.97,1,CZK,37.28,2.074,2,2,建筑工程,Obecné instalační práce - Sv.4 Instalace elektrického zařízení,,
280421,kovový SP-83,Material,Steel & Metal,pcs,13.84,13.84,13.84,13.84,1,CZK,28.71,2.074,2,2,建筑工程,Obecné instalační práce - Sv.4 Instalace elektrického zařízení,,
280186,kov 83,Material,Steel & Metal,m,473.44,473.44,473.44,473.44,1,CZK,511.31,1.08,2,2,建筑工程,Obecné instalační práce - Sv.4 Instalace elektrického zařízení,,
280420,kov SP-76,Material,Steel & Metal,pcs,11.2,11.2,11.2,11.2,1,CZK,23.24,2.074,2,2,建筑工程,Obecné instalační práce - Sv.4 Instalace elektrického zařízení,,
280419,kov SP-63,Material,Steel & Metal,pcs,8.15,8.15,8.15,8.15,1,CZK,16.89,2.074,2,2,建筑工程,Obecné instalační práce - Sv.4 Instalace elektrického zařízení,,
110484,nátěr,Material,Paint & Coatings,kg,107.08,107.08,107.08,107.08,1,CZK,23.86,0.2228,2,2,建筑工程,"malířské, nátěrové a tapetářské práce",barva na kovové povrchy,barva na kovové povrchy
370242,elektrické ocelové dveře,Material,Steel & Metal,set,34417.99,34417.99,34417.99,34417.99,1,CZK,34417.99,1.0,2,2,建筑工程,práce na dveřích a oknech,instalace hardwaru,
370241,elektrické ocelové dveře,Material,Steel & Metal,set,45890.66,45890.66,45890.66,45890.66,1,CZK,45890.66,1.0,2,2,建筑工程,práce na dveřích a oknech,instalace hardwaru,
020108,omítání tvarovaných bloků,Material,General,m3,1912.11,1912.11,1912.11,1912.11,1,CZK,363.3,0.19,2,2,建筑工程,zděné práce,zděná konstrukce,
020107,omítací blok,Material,General,m3,1873.87,1873.87,1873.87,1873.87,1,CZK,1515.96,0.809,2,2,建筑工程,zděné práce,zděná konstrukce,
310095,575×150,Material,General,pcs,122.38,122.38,122.38,122.38,1,CZK,244.75,2.0,1,1,建筑工程,"Obecné instalační práce - Sv.12 Malování, protikorozní, tepelná izolace",,elektrické montážní práce
120076,síť 60,Material,General,m2,8.72,8.72,8.72,8.72,1,CZK,0.15,0.017,1,1,建筑工程,"Obecné instalační práce - Sv.12 Malování, protikorozní, tepelná izolace",,
010126,hliníková deska 0.5,Material,General,m2,92.55,92.55,92.55,92.55,1,CZK,111.06,1.2,1,1,建筑工程,"Obecné instalační práce - Sv.12 Malování, protikorozní, tepelná izolace",,
020084,cementová malta deska,Material,Concrete & Cement,m,226.01,226.01,226.01,226.01,1,CZK,235.05,1.04,1,1,建筑工程,zděné práce,zděná konstrukce,
150260,200×200,Material,General,pcs,458.91,458.91,458.91,458.91,1,CZK,169.8,0.37,1,1,建筑工程,zděné práce,zděná konstrukce,
180012,pozinkovaný 50,Material,General,pcs,19.12,19.12,19.12,19.12,1,CZK,19.12,1.0,1,1,建筑工程,Obecné instalační práce - Sv.7 Větrání a klimatizace,,výroba a instalace
180006,pozinkovaný 50,Material,General,pcs,15.3,15.3,15.3,15.3,1,CZK,15.45,1.01,1,1,建筑工程,Obecné instalační práce - Sv.7 Větrání a klimatizace,,výroba a instalace
800029,běžný 630,Equipment,General,machine-shift,446.67,446.67,446.67,446.67,1,CZK,22.33,0.05,1,1,建筑工程,Obecné instalační práce - Sv.7 Větrání a klimatizace,,výroba a instalace
800438,30kW,Equipment,General,machine-shift,61.95,61.95,61.95,61.95,1,CZK,0.06,0.001,1,1,建筑工程,Obecné instalační práce - Sv.7 Větrání a klimatizace,,
090507,uzemní šroub 10×100,Material,Fasteners,set,2.26,2.26,2.26,2.26,1,CZK,9.39,4.16,1,1,建筑工程,Obecné instalační práce - Sv.7 Větrání a klimatizace,,montáž výroby držáků
090190,8,Material,General,pcs,3.75,3.75,3.75,3.75,1,CZK,14.99,4.0,1,1,建筑工程,Obecné instalační práce - Sv.7 Větrání a klimatizace,,montáž výroby držáků
030227,nátěr povrchu desky,Material,Paint & Coatings,m2,363.3,363.3,363.3,363.3,1,CZK,2347.65,6.462,1,1,建筑工程,jiné dekorativní práce,,rám
070132,dřevěná lišta 10×30,Material,Wood & Timber,m,19.12,19.12,19.12,19.12,1,CZK,87.19,4.56,1,1,建筑工程,jiné dekorativní práce,,
070131,dřevěná lišta 10×20,Material,Wood & Timber,m,7.65,7.65,7.65,7.65,1,CZK,181.6,23.744,1,1,建筑工程,jiné dekorativní práce,,
070123,dřevěná lišta 10×20,Material,Wood & Timber,m,17.21,17.21,17.21,17.21,1,CZK,224.58,13.0504,1,1,建筑工程,jiné dekorativní práce,,
050035,sklo,Material,Glass,m2,764.84,764.84,764.84,764.84,1,CZK,535.93,0.7007,1,1,建筑工程,jiné dekorativní práce,,
090964,nerezová ocel průměr 100,Material,Steel & Metal,pcs,133.85,133.85,133.85,133.85,1,CZK,450.53,3.366,1,1,建筑工程,jiné dekorativní práce,,
090963,nerezová ocel průměr 50,Material,Steel & Metal,pcs,38.24,38.24,38.24,38.24,1,CZK,128.72,3.366,1,1,建筑工程,jiné dekorativní práce,,
090957,nerezová ocel 60,Material,Steel & Metal,m,191.21,191.21,191.21,191.21,1,CZK,381.33,1.9943,1,1,建筑工程,jiné dekorativní práce,,
030129,hraněné řezivo 25×35,Material,Wood & Timber,m,13.77,13.77,13.77,13.77,1,CZK,448.41,32.571,1,1,建筑工程,jiné dekorativní práce,,
080163,hliníková deska,Material,General,m2,298.29,298.29,298.29,298.29,1,CZK,768.39,2.576,1,1,建筑工程,jiné dekorativní práce,,
290084,elektrický rámový hřebík M16,Material,Fasteners,set,32.43,32.43,32.43,32.43,1,CZK,33.08,1.02,1,1,建筑工程,Obecné instalační práce - Sv.11 Komunikační zařízení a vedení,rámová lišta,
850041,AV33119,Equipment,General,machine-shift,679.98,679.98,679.98,679.98,1,CZK,20.4,0.03,1,1,建筑工程,Obecné instalační práce - Sv.11 Komunikační zařízení a vedení,,
330033,přídavné,Material,General,pcs,5.74,5.74,5.74,5.74,1,CZK,8.6,1.5,1,1,建筑工程,Obecné instalační práce - Sv.11 Komunikační zařízení a vedení,,
120053,deska,Material,General,m2,305.94,305.94,305.94,305.94,1,CZK,336.53,1.1,1,1,建筑工程,práce na střeše a hydroizolaci,,střecha z desek
100162,Lepicí páska typu P,Material,General,m,14.88,14.88,14.88,14.88,1,CZK,44.82,3.0128,1,1,建筑工程,práce na střeše a hydroizolaci,,střecha z desek
090413,nerezová ocel 50×50,Material,Steel & Metal,m,11.51,11.51,11.51,11.51,1,CZK,17.01,1.4777,1,1,建筑工程,práce na střeše a hydroizolaci,,střecha z desek
180246,sváření ocelové trubky spoj () 70,Material,Steel & Metal,pcs,27.42,27.42,27.42,27.42,1,CZK,6.94,0.253,1,1,建筑工程,"Obecné instalační práce - Sv.10 Vodovod, odpad, topení, plyn",svařovací ocelová trubka,sváření ocelových trubek
180237,spojka pozinkované ocelové trubky () 100,Material,Steel & Metal,pcs,83.37,83.37,83.37,83.37,1,CZK,19.59,0.235,1,1,建筑工程,"Obecné instalační práce - Sv.10 Vodovod, odpad, topení, plyn",,
180236,spojka pozinkované ocelové trubky () 80,Material,Steel & Metal,pcs,53.54,53.54,53.54,53.54,1,CZK,13.33,0.249,1,1,建筑工程,"Obecné instalační práce - Sv.10 Vodovod, odpad, topení, plyn",,
180235,spoj pozinkované ocelové trubky () 70,Material,Steel & Metal,pcs,34.27,34.27,34.27,34.27,1,CZK,8.67,0.253,1,1,建筑工程,"Obecné instalační práce - Sv.10 Vodovod, odpad, topení, plyn",,
350298,formování ZR-BV1.5,Material,General,m,4.4,4.4,4.4,4.4,1,CZK,2.01,0.458,1,1,建筑工程,Obecné instalační práce - Sv.9 Ochrana proti požáru,instalace,
091232,pozinkovaný dřevěný hřebík,Material,Wood & Timber,pcs,1.91,1.91,1.91,1.91,1,CZK,3.9,2.04,1,1,建筑工程,Obecné instalační práce - Sv.9 Ochrana proti požáru,,
850151,přídavné,Equipment,General,machine-shift,21.99,21.99,21.99,21.99,1,CZK,0.66,0.03,1,1,建筑工程,Obecné instalační práce - Sv.9 Ochrana proti požáru,,
400035,rovná malta DSLF,Material,Concrete & Cement,m3,21416.79,21416.79,21416.79,21416.79,1,CZK,432.62,0.0202,1,1,建筑工程,podlahové dokončovací práce,,vyrovnávací vrstva
800220,60MPa,Equipment,General,machine-shift,59.66,59.66,59.66,59.66,1,CZK,2.15,0.036,1,1,建筑工程,Obecné instalační práce - Sv.9 Ochrana proti požáru,,
030009,deska,Material,General,m2,133.85,133.85,133.85,133.85,1,CZK,117.92,0.881,1,1,建筑工程,"povrchové úpravy stěn a sloupů, příčky a závěsné stěny",sloupec (nosník) čelní,dekorativní povrch sloupu (nosníku)
850043,FTA410,Equipment,General,machine-shift,526.98,526.98,526.98,526.98,1,CZK,42.16,0.08,1,1,建筑工程,Obecné instalační práce - Sv.5 Systémy inteligence budov,,
850105,elektřina,Equipment,General,machine-shift,117.79,117.79,117.79,117.79,1,CZK,58.89,0.5,1,1,建筑工程,Obecné instalační práce - Sv.4 Instalace elektrického zařízení,modelování,
080747,vodorovná lišta z hliníkové slitiny 40×40×4,Material,General,kg,107.08,107.08,107.08,107.08,1,CZK,480.25,4.485,1,1,建筑工程,"povrchové úpravy stěn a sloupů, příčky a závěsné stěny",čelní stěna,dekorativní deska na stěnu
060080,nátěr čelního panelu,Material,Paint & Coatings,m2,420.66,420.66,420.66,420.66,1,CZK,429.08,1.02,1,1,建筑工程,"povrchové úpravy stěn a sloupů, příčky a závěsné stěny",čelní stěna,dekorativní deska na stěnu
120029,těsnění,Material,Rubber,pcs,0.11,0.11,0.11,0.11,1,CZK,0.48,4.16,1,1,建筑工程,Obecné instalační práce - Sv.7 Větrání a klimatizace,montáž,
091459,dřevo 50×50×50,Material,Wood & Timber,pcs,4.59,4.59,4.59,4.59,1,CZK,18.36,4.0,1,1,建筑工程,Obecné instalační práce - Sv.7 Větrání a klimatizace,a instalace,montáž
160111,100,Material,General,pcs,99.43,99.43,99.43,99.43,1,CZK,2.19,0.022,1,1,建筑工程,"Obecné instalační práce - Sv.10 Vodovod, odpad, topení, plyn",,
160110,75,Material,General,pcs,84.13,84.13,84.13,84.13,1,CZK,1.85,0.022,1,1,建筑工程,"Obecné instalační práce - Sv.10 Vodovod, odpad, topení, plyn",,
850104,elektřina,Equipment,General,machine-shift,29.91,29.91,29.91,29.91,1,CZK,44.86,1.5,1,1,建筑工程,Obecné instalační práce - Sv.4 Instalace elektrického zařízení,,
850106,elektřina elektřina (),Equipment,General,machine-shift,107.46,107.46,107.46,107.46,1,CZK,214.92,2.0,1,1,建筑工程,Obecné instalační práce - Sv.4 Instalace elektrického zařízení,,
850131,kompozitní HDBS-50,Equipment,General,machine-shift,119.32,119.32,119.32,119.32,1,CZK,47.73,0.4,1,1,建筑工程,Obecné instalační práce - Sv.4 Instalace elektrického zařízení,elektřina,"10kV, jednofázový"
140012,železobeton 800,Material,Concrete & Cement,m,638.26,638.26,638.26,638.26,1,CZK,638.26,1.0,1,1,建筑工程,Obecné instalační práce - Sv.4 Instalace elektrického zařízení,vrt,vrt
810001,M10 cementová malta,Material,Concrete & Cement,m3,947.26,947.26,947.26,947.26,1,CZK,208.4,0.22,1,1,建筑工程,Obecné instalační práce - Sv.4 Instalace elektrického zařízení,vrt,vrt
160125,stupačka (),Material,General,pcs,230.6,230.6,230.6,230.6,1,CZK,691.8,3.0,1,1,建筑工程,Obecné instalační práce - Sv.4 Instalace elektrického zařízení,vrt,vrt
280551,CPVC 160,Material,General,m,160.62,160.62,160.62,160.62,1,CZK,168.65,1.05,1,1,建筑工程,Obecné instalační práce - Sv.4 Instalace elektrického zařízení,,CPVC
280550,CPVC 140,Material,General,m,122.38,122.38,122.38,122.38,1,CZK,128.49,1.05,1,1,建筑工程,Obecné instalační práce - Sv.4 Instalace elektrického zařízení,,CPVC
160218,lepidlo 100,Material,General,pcs,34.69,34.69,34.69,34.69,1,CZK,5.9,0.17,1,1,建筑工程,"Obecné instalační práce - Sv.10 Vodovod, odpad, topení, plyn",,
160231,100,Material,General,m,491.03,491.03,491.03,491.03,1,CZK,491.03,1.0,1,1,建筑工程,"Obecné instalační práce - Sv.10 Vodovod, odpad, topení, plyn",,
160217,lepidlo 75,Material,General,pcs,32.12,32.12,32.12,32.12,1,CZK,5.46,0.17,1,1,建筑工程,"Obecné instalační práce - Sv.10 Vodovod, odpad, topení, plyn",,
160230,75,Material,General,m,424.49,424.49,424.49,424.49,1,CZK,424.49,1.0,1,1,建筑工程,"Obecné instalační práce - Sv.10 Vodovod, odpad, topení, plyn",,
180248,sváření ocelové trubky spoj () 100,Material,Steel & Metal,pcs,68.07,68.07,68.07,68.07,1,CZK,16.0,0.235,1,1,建筑工程,"Obecné instalační práce - Sv.10 Vodovod, odpad, topení, plyn",svařovací ocelová trubka,sváření ocelových trubek
180247,sváření ocelové trubky spoj () 80,Material,Steel & Metal,pcs,41.68,41.68,41.68,41.68,1,CZK,10.38,0.249,1,1,建筑工程,"Obecné instalační práce - Sv.10 Vodovod, odpad, topení, plyn",svařovací ocelová trubka,sváření ocelových trubek
160077,vodní spojka () 200,Material,Water,pcs,255.46,255.46,255.46,255.46,1,CZK,124.41,0.487,1,1,建筑工程,"Obecné instalační práce - Sv.10 Vodovod, odpad, topení, plyn",,
160051,voda 200,Material,Water,m,339.21,339.21,339.21,339.21,1,CZK,332.42,0.98,1,1,建筑工程,"Obecné instalační práce - Sv.10 Vodovod, odpad, topení, plyn",,
160113,150,Material,General,pcs,126.2,126.2,126.2,126.2,1,CZK,7.07,0.056,1,1,建筑工程,"Obecné instalační práce - Sv.10 Vodovod, odpad, topení, plyn",,
160076,vodní spojka () 150,Material,Water,pcs,164.44,164.44,164.44,164.44,1,CZK,117.25,0.713,1,1,建筑工程,"Obecné instalační práce - Sv.10 Vodovod, odpad, topení, plyn",,
160050,voda 150,Material,Water,m,211.86,211.86,211.86,211.86,1,CZK,203.39,0.96,1,1,建筑工程,"Obecné instalační práce - Sv.10 Vodovod, odpad, topení, plyn",,
160049,125,Material,Water,m,164.06,164.06,164.06,164.06,1,CZK,157.5,0.96,1,1,建筑工程,"Obecné instalační práce - Sv.10 Vodovod, odpad, topení, plyn",,
160048,voda 100,Material,Water,m,124.67,124.67,124.67,124.67,1,CZK,109.71,0.88,1,1,建筑工程,"Obecné instalační práce - Sv.10 Vodovod, odpad, topení, plyn",,
160047,voda 75,Material,Water,m,95.61,95.61,95.61,95.61,1,CZK,87.96,0.92,1,1,建筑工程,"Obecné instalační práce - Sv.10 Vodovod, odpad, topení, plyn",,
160046,voda 50,Material,Water,m,81.84,81.84,81.84,81.84,1,CZK,76.93,0.94,1,1,建筑工程,"Obecné instalační práce - Sv.10 Vodovod, odpad, topení, plyn",,
180226,sváření ocelové trubky spoj () 100,Material,Steel & Metal,pcs,80.31,80.31,80.31,80.31,1,CZK,33.89,0.422,1,1,建筑工程,"Obecné instalační práce - Sv.10 Vodovod, odpad, topení, plyn",svařovací ocelová trubka,sváření ocelových trubek
180225,sváření ocelové trubky spoj () 80,Material,Steel & Metal,pcs,46.66,46.66,46.66,46.66,1,CZK,19.5,0.418,1,1,建筑工程,"Obecné instalační práce - Sv.10 Vodovod, odpad, topení, plyn",svařovací ocelová trubka,sváření ocelových trubek
180224,sváření ocelové trubky spoj () 70,Material,Steel & Metal,pcs,31.93,31.93,31.93,31.93,1,CZK,18.01,0.564,1,1,建筑工程,"Obecné instalační práce - Sv.10 Vodovod, odpad, topení, plyn",svařovací ocelová trubka,sváření ocelových trubek
180214,spojka pozinkované ocelové trubky () 80,Material,Steel & Metal,pcs,58.13,58.13,58.13,58.13,1,CZK,23.48,0.404,1,1,建筑工程,"Obecné instalační práce - Sv.10 Vodovod, odpad, topení, plyn",,
180213,spoj pozinkované ocelové trubky () 70,Material,Steel & Metal,pcs,43.6,43.6,43.6,43.6,1,CZK,23.24,0.533,1,1,建筑工程,"Obecné instalační práce - Sv.10 Vodovod, odpad, topení, plyn",,
170231,kompozit 125,Material,General,m,1082.25,1082.25,1082.25,1082.25,1,CZK,1098.49,1.015,1,1,建筑工程,"Obecné instalační práce - Sv.10 Vodovod, odpad, topení, plyn",ocelový kompozit,
160112,125,Material,General,pcs,110.9,110.9,110.9,110.9,1,CZK,2.44,0.022,1,1,建筑工程,"Obecné instalační práce - Sv.10 Vodovod, odpad, topení, plyn",,
160101,voda 150,Material,Water,m,446.29,446.29,446.29,446.29,1,CZK,428.44,0.96,1,1,建筑工程,"Obecné instalační práce - Sv.10 Vodovod, odpad, topení, plyn",,Typ A voda ()
160082,vodní spojka () 125,Material,Water,pcs,224.1,224.1,224.1,224.1,1,CZK,186.67,0.833,1,1,建筑工程,"Obecné instalační práce - Sv.10 Vodovod, odpad, topení, plyn",,Typ A voda ()
160100,125,Material,Water,m,385.48,385.48,385.48,385.48,1,CZK,370.06,0.96,1,1,建筑工程,"Obecné instalační práce - Sv.10 Vodovod, odpad, topení, plyn",,Typ A voda ()
160105,voda 100,Material,Water,pcs,22.75,22.75,22.75,22.75,1,CZK,66.31,2.914,1,1,建筑工程,"Obecné instalační práce - Sv.10 Vodovod, odpad, topení, plyn",,Typ A voda ()
160081,vodní spojka () 100,Material,Water,pcs,135.0,135.0,135.0,135.0,1,CZK,179.95,1.333,1,1,建筑工程,"Obecné instalační práce - Sv.10 Vodovod, odpad, topení, plyn",,Typ A voda ()
160099,voda 100,Material,Water,m,289.11,289.11,289.11,289.11,1,CZK,254.42,0.88,1,1,建筑工程,"Obecné instalační práce - Sv.10 Vodovod, odpad, topení, plyn",,Typ A voda ()
160104,voda 75,Material,Water,pcs,19.5,19.5,19.5,19.5,1,CZK,52.46,2.69,1,1,建筑工程,"Obecné instalační práce - Sv.10 Vodovod, odpad, topení, plyn",,Typ A voda ()
160080,vodní spojka () 75,Material,Water,pcs,87.57,87.57,87.57,87.57,1,CZK,109.56,1.251,1,1,建筑工程,"Obecné instalační práce - Sv.10 Vodovod, odpad, topení, plyn",,Typ A voda ()
160098,voda 75,Material,Water,m,216.83,216.83,216.83,216.83,1,CZK,199.49,0.92,1,1,建筑工程,"Obecné instalační práce - Sv.10 Vodovod, odpad, topení, plyn",,Typ A voda ()
160103,voda 50,Material,Water,pcs,16.25,16.25,16.25,16.25,1,CZK,41.09,2.528,1,1,建筑工程,"Obecné instalační práce - Sv.10 Vodovod, odpad, topení, plyn",,Typ A voda ()
160079,vodní spojka () 50,Material,Water,pcs,54.3,54.3,54.3,54.3,1,CZK,62.5,1.151,1,1,建筑工程,"Obecné instalační práce - Sv.10 Vodovod, odpad, topení, plyn",,Typ A voda ()
160097,voda 50,Material,Water,m,141.11,141.11,141.11,141.11,1,CZK,132.65,0.94,1,1,建筑工程,"Obecné instalační práce - Sv.10 Vodovod, odpad, topení, plyn",,Typ A voda ()
160115,250,Material,General,pcs,174.38,174.38,174.38,174.38,1,CZK,4.88,0.028,1,1,建筑工程,"Obecné instalační práce - Sv.10 Vodovod, odpad, topení, plyn",,
160078,vodní spojka () 250,Material,Water,pcs,358.33,358.33,358.33,358.33,1,CZK,150.5,0.42,1,1,建筑工程,"Obecné instalační práce - Sv.10 Vodovod, odpad, topení, plyn",,
160052,voda 250,Material,Water,m,484.91,484.91,484.91,484.91,1,CZK,475.21,0.98,1,1,建筑工程,"Obecné instalační práce - Sv.10 Vodovod, odpad, topení, plyn",,
160114,200,Material,General,pcs,145.32,145.32,145.32,145.32,1,CZK,8.14,0.056,1,1,建筑工程,"Obecné instalační práce - Sv.10 Vodovod, odpad, topení, plyn",,
170570,PVC-U voda () 15,Material,Water,pcs,3.4,3.4,3.4,3.4,1,CZK,5.28,1.55,1,1,建筑工程,"Obecné instalační práce - Sv.10 Vodovod, odpad, topení, plyn",voda,voda ()
170558,PVC-U voda 15,Material,Water,m,18.74,18.74,18.74,18.74,1,CZK,19.11,1.02,1,1,建筑工程,"Obecné instalační práce - Sv.10 Vodovod, odpad, topení, plyn",voda,voda ()
160241,Typ W bez vody 250,Material,Water,m,854.71,854.71,854.71,854.71,1,CZK,806.85,0.944,1,1,建筑工程,"Obecné instalační práce - Sv.10 Vodovod, odpad, topení, plyn",,Typ W bez vody ()
160246,Typ W bez vody () 200,Material,Water,pcs,334.24,334.24,334.24,334.24,1,CZK,112.64,0.337,1,1,建筑工程,"Obecné instalační práce - Sv.10 Vodovod, odpad, topení, plyn",,Typ W bez vody ()
160240,Typ W bez vody 200,Material,Water,m,602.31,602.31,602.31,602.31,1,CZK,589.06,0.978,1,1,建筑工程,"Obecné instalační práce - Sv.10 Vodovod, odpad, topení, plyn",,Typ W bez vody ()
160245,Typ W bez vody () 150,Material,Water,pcs,221.04,221.04,221.04,221.04,1,CZK,113.39,0.513,1,1,建筑工程,"Obecné instalační práce - Sv.10 Vodovod, odpad, topení, plyn",,Typ W bez vody ()
160239,Typ W bez vody 150,Material,Water,m,372.86,372.86,372.86,372.86,1,CZK,362.05,0.971,1,1,建筑工程,"Obecné instalační práce - Sv.10 Vodovod, odpad, topení, plyn",,Typ W bez vody ()
160244,Typ W bez vody () 100,Material,Water,pcs,131.55,131.55,131.55,131.55,1,CZK,125.37,0.953,1,1,建筑工程,"Obecné instalační práce - Sv.10 Vodovod, odpad, topení, plyn",,Typ W bez vody ()
160238,Typ W bez vody 100,Material,Water,m,263.87,263.87,263.87,263.87,1,CZK,242.5,0.919,1,1,建筑工程,"Obecné instalační práce - Sv.10 Vodovod, odpad, topení, plyn",,Typ W bez vody ()
160243,Typ W bez vody () 75,Material,Water,pcs,79.54,79.54,79.54,79.54,1,CZK,67.69,0.851,1,1,建筑工程,"Obecné instalační práce - Sv.10 Vodovod, odpad, topení, plyn",,Typ W bez vody ()
160237,Typ W bez vody 75,Material,Water,m,192.74,192.74,192.74,192.74,1,CZK,181.75,0.943,1,1,建筑工程,"Obecné instalační práce - Sv.10 Vodovod, odpad, topení, plyn",,Typ W bez vody ()
160242,Typ W bez vody () 50,Material,Water,pcs,45.89,45.89,45.89,45.89,1,CZK,31.71,0.691,1,1,建筑工程,"Obecné instalační práce - Sv.10 Vodovod, odpad, topení, plyn",,Typ W bez vody ()
160236,Typ W bez vody 50,Material,Water,m,131.94,131.94,131.94,131.94,1,CZK,123.89,0.939,1,1,建筑工程,"Obecné instalační práce - Sv.10 Vodovod, odpad, topení, plyn",,Typ W bez vody ()
160084,vodní spojka () 200,Material,Water,pcs,364.83,364.83,364.83,364.83,1,CZK,177.67,0.487,1,1,建筑工程,"Obecné instalační práce - Sv.10 Vodovod, odpad, topení, plyn",,Typ A voda ()
160102,voda 200,Material,Water,m,734.25,734.25,734.25,734.25,1,CZK,719.57,0.98,1,1,建筑工程,"Obecné instalační práce - Sv.10 Vodovod, odpad, topení, plyn",,Typ A voda ()
160083,vodní spojka () 150,Material,Water,pcs,264.64,264.64,264.64,264.64,1,CZK,188.69,0.713,1,1,建筑工程,"Obecné instalační práce - Sv.10 Vodovod, odpad, topení, plyn",,Typ A voda ()
170055,PVC-U voda () 75,Material,Water,pcs,35.76,35.76,35.76,35.76,1,CZK,41.41,1.158,1,1,建筑工程,"Obecné instalační práce - Sv.10 Vodovod, odpad, topení, plyn",,
170054,PVC-U voda () 50,Material,Water,pcs,14.8,14.8,14.8,14.8,1,CZK,13.94,0.942,1,1,建筑工程,"Obecné instalační práce - Sv.10 Vodovod, odpad, topení, plyn",,
170569,PVC-U voda 200,Material,Water,m,543.04,543.04,543.04,543.04,1,CZK,553.9,1.02,1,1,建筑工程,"Obecné instalační práce - Sv.10 Vodovod, odpad, topení, plyn",voda,voda ()
170568,PVC-U voda 150,Material,Water,m,518.95,518.95,518.95,518.95,1,CZK,529.33,1.02,1,1,建筑工程,"Obecné instalační práce - Sv.10 Vodovod, odpad, topení, plyn",voda,voda ()
170567,PVC-U voda 125,Material,Water,m,318.56,318.56,318.56,318.56,1,CZK,324.93,1.02,1,1,建筑工程,"Obecné instalační práce - Sv.10 Vodovod, odpad, topení, plyn",voda,voda ()
170578,PVC-U voda () 100,Material,Water,pcs,143.79,143.79,143.79,143.79,1,CZK,49.18,0.342,1,1,建筑工程,"Obecné instalační práce - Sv.10 Vodovod, odpad, topení, plyn",voda,voda ()
170566,PVC-U voda 100,Material,Water,m,226.01,226.01,226.01,226.01,1,CZK,230.53,1.02,1,1,建筑工程,"Obecné instalační práce - Sv.10 Vodovod, odpad, topení, plyn",voda,voda ()
170577,PVC-U voda () 80,Material,Water,pcs,81.07,81.07,81.07,81.07,1,CZK,29.35,0.362,1,1,建筑工程,"Obecné instalační práce - Sv.10 Vodovod, odpad, topení, plyn",voda,voda ()
170565,PVC-U voda 80,Material,Water,m,187.39,187.39,187.39,187.39,1,CZK,191.13,1.02,1,1,建筑工程,"Obecné instalační práce - Sv.10 Vodovod, odpad, topení, plyn",voda,voda ()
170576,PVC-U voda () 70,Material,Water,pcs,50.86,50.86,50.86,50.86,1,CZK,24.97,0.491,1,1,建筑工程,"Obecné instalační práce - Sv.10 Vodovod, odpad, topení, plyn",voda,voda ()
170564,PVC-U voda 70,Material,Water,m,131.55,131.55,131.55,131.55,1,CZK,134.18,1.02,1,1,建筑工程,"Obecné instalační práce - Sv.10 Vodovod, odpad, topení, plyn",voda,voda ()
170563,PVC-U voda 50,Material,Water,m,96.37,96.37,96.37,96.37,1,CZK,98.3,1.02,1,1,建筑工程,"Obecné instalační práce - Sv.10 Vodovod, odpad, topení, plyn",voda,voda ()
170562,PVC-U voda 40,Material,Water,m,58.89,58.89,58.89,58.89,1,CZK,60.07,1.02,1,1,建筑工程,"Obecné instalační práce - Sv.10 Vodovod, odpad, topení, plyn",voda,voda ()
170561,PVC-U voda 32,Material,Water,m,41.68,41.68,41.68,41.68,1,CZK,42.52,1.02,1,1,建筑工程,"Obecné instalační práce - Sv.10 Vodovod, odpad, topení, plyn",voda,voda ()
170560,PVC-U voda 25,Material,Water,m,37.86,37.86,37.86,37.86,1,CZK,38.62,1.02,1,1,建筑工程,"Obecné instalační práce - Sv.10 Vodovod, odpad, topení, plyn",voda,voda ()
170559,PVC-U voda 20,Material,Water,m,24.48,24.48,24.48,24.48,1,CZK,24.96,1.02,1,1,建筑工程,"Obecné instalační práce - Sv.10 Vodovod, odpad, topení, plyn",voda,voda ()
280547,ocelová trubka 150,Material,Steel & Metal,m,481.85,481.85,481.85,481.85,1,CZK,496.31,1.03,1,1,建筑工程,Obecné instalační práce - Sv.4 Instalace elektrického zařízení,,ocelová trubka
280546,ocelová trubka 125,Material,Steel & Metal,m,413.02,413.02,413.02,413.02,1,CZK,425.41,1.03,1,1,建筑工程,Obecné instalační práce - Sv.4 Instalace elektrického zařízení,,ocelová trubka
280545,ocelová trubka 100,Material,Steel & Metal,m,332.71,332.71,332.71,332.71,1,CZK,342.69,1.03,1,1,建筑工程,Obecné instalační práce - Sv.4 Instalace elektrického zařízení,,ocelová trubka
290047,výška cement elektřina 200,Material,Concrete & Cement,m,196.18,196.18,196.18,196.18,1,CZK,202.07,1.03,1,1,建筑工程,Obecné instalační práce - Sv.4 Instalace elektrického zařízení,,cement
290044,výška cement elektřina 150,Material,Concrete & Cement,m,119.32,119.32,119.32,119.32,1,CZK,122.9,1.03,1,1,建筑工程,Obecné instalační práce - Sv.4 Instalace elektrického zařízení,,cement
290043,výška cement elektřina 125,Material,Concrete & Cement,m,102.87,102.87,102.87,102.87,1,CZK,105.96,1.03,1,1,建筑工程,Obecné instalační práce - Sv.4 Instalace elektrického zařízení,,cement
290042,výška cement elektřina 100,Material,Concrete & Cement,m,93.31,93.31,93.31,93.31,1,CZK,96.11,1.03,1,1,建筑工程,Obecné instalační práce - Sv.4 Instalace elektrického zařízení,,cement
090157,šroub 20×300,Material,Fasteners,set,72.66,72.66,72.66,72.66,1,CZK,74.11,1.02,1,1,建筑工程,Obecné instalační práce - Sv.4 Instalace elektrického zařízení,,montáž lišt a ocelových konstrukcí
090153,šroub 12×200,Material,Fasteners,set,19.12,19.12,19.12,19.12,1,CZK,19.5,1.02,1,1,建筑工程,Obecné instalační práce - Sv.4 Instalace elektrického zařízení,,montáž lišt a ocelových konstrukcí
280360,vodotěsnění 100,Material,Waterproofing,pcs,237.87,237.87,237.87,237.87,1,CZK,245.0,1.03,1,1,建筑工程,Obecné instalační práce - Sv.4 Instalace elektrického zařízení,instalace hydroizolace,
280345,hydroizolace 80,Material,Waterproofing,pcs,198.09,198.09,198.09,198.09,1,CZK,204.04,1.03,1,1,建筑工程,Obecné instalační práce - Sv.4 Instalace elektrického zařízení,instalace hydroizolace,
280403,hydroizolace 50,Material,Waterproofing,pcs,49.71,49.71,49.71,49.71,1,CZK,51.21,1.03,1,1,建筑工程,Obecné instalační práce - Sv.4 Instalace elektrického zařízení,instalace hydroizolace,
170105,PVC-U voda () 150,Material,Water,pcs,183.95,183.95,183.95,183.95,1,CZK,154.33,0.839,1,1,建筑工程,"Obecné instalační práce - Sv.10 Vodovod, odpad, topení, plyn",,
170104,PVC-U voda 150,Material,Water,m,225.25,225.25,225.25,225.25,1,CZK,210.38,0.934,1,1,建筑工程,"Obecné instalační práce - Sv.10 Vodovod, odpad, topení, plyn",,
170057,PVC-U voda () 125,Material,Water,pcs,126.58,126.58,126.58,126.58,1,CZK,121.65,0.961,1,1,建筑工程,"Obecné instalační práce - Sv.10 Vodovod, odpad, topení, plyn",,
170056,PVC-U voda () 100,Material,Water,pcs,74.57,74.57,74.57,74.57,1,CZK,98.73,1.324,1,1,建筑工程,"Obecné instalační práce - Sv.10 Vodovod, odpad, topení, plyn",,
170007,PVC-U voda 75,Material,Water,m,119.32,119.32,119.32,119.32,1,CZK,35.79,0.3,1,1,建筑工程,"Obecné instalační práce - Sv.10 Vodovod, odpad, topení, plyn",,výroba a instalace
170005,PVC-U voda 50,Material,Water,m,47.42,47.42,47.42,47.42,1,CZK,14.23,0.3,1,1,建筑工程,"Obecné instalační práce - Sv.10 Vodovod, odpad, topení, plyn",,výroba a instalace
170003,PVC-U voda 32,Material,Water,m,30.21,30.21,30.21,30.21,1,CZK,9.06,0.3,1,1,建筑工程,"Obecné instalační práce - Sv.10 Vodovod, odpad, topení, plyn",,výroba a instalace
280402,vodotěsnění 32,Material,Waterproofing,pcs,23.71,23.71,23.71,23.71,1,CZK,24.42,1.03,1,1,建筑工程,Obecné instalační práce - Sv.4 Instalace elektrického zařízení,instalace hydroizolace,
280401,hydroizolace 20,Material,Waterproofing,pcs,18.36,18.36,18.36,18.36,1,CZK,18.91,1.03,1,1,建筑工程,Obecné instalační práce - Sv.4 Instalace elektrického zařízení,instalace hydroizolace,
280108,modelování,Material,General,pcs,4.02,4.02,4.02,4.02,1,CZK,4.1,1.02,1,1,建筑工程,Obecné instalační práce - Sv.4 Instalace elektrického zařízení,montáž formování,
280051,15 25,Material,General,pcs,0.54,0.54,0.54,0.54,1,CZK,1.19,2.225,1,1,建筑工程,Obecné instalační práce - Sv.4 Instalace elektrického zařízení,montáž formování,
800209,svislý 50,Equipment,General,machine-shift,409.57,409.57,409.57,409.57,1,CZK,39.24,0.0958,1,1,建筑工程,"Obecné instalační práce - Sv.10 Vodovod, odpad, topení, plyn",,
180885,pozinkované ocelové potrubí spojka () 15,Material,Steel & Metal,pcs,3.33,3.33,3.33,3.33,1,CZK,4.36,1.31,1,1,建筑工程,"Obecné instalační práce - Sv.10 Vodovod, odpad, topení, plyn",,
170225,kompozitní 32,Material,General,m,193.89,193.89,193.89,193.89,1,CZK,197.77,1.02,1,1,建筑工程,"Obecné instalační práce - Sv.10 Vodovod, odpad, topení, plyn",ocelový kompozit,
170224,kompozitní 25,Material,General,m,135.38,135.38,135.38,135.38,1,CZK,138.08,1.02,1,1,建筑工程,"Obecné instalační práce - Sv.10 Vodovod, odpad, topení, plyn",ocelový kompozit,
170223,kompozitní 20,Material,General,m,97.14,97.14,97.14,97.14,1,CZK,99.08,1.02,1,1,建筑工程,"Obecné instalační práce - Sv.10 Vodovod, odpad, topení, plyn",ocelový kompozit,
170222,kompozitní 15,Material,General,m,57.36,57.36,57.36,57.36,1,CZK,58.51,1.02,1,1,建筑工程,"Obecné instalační práce - Sv.10 Vodovod, odpad, topení, plyn",ocelový kompozit,
170017,PVC-U voda 200,Material,Water,m,240.93,240.93,240.93,240.93,1,CZK,229.12,0.951,1,1,建筑工程,"Obecné instalační práce - Sv.10 Vodovod, odpad, topení, plyn",,
280549,CPVC 110,Material,General,m,84.13,84.13,84.13,84.13,1,CZK,88.34,1.05,1,1,建筑工程,Obecné instalační práce - Sv.4 Instalace elektrického zařízení,,CPVC
280548,CPVC 90,Material,General,m,57.36,57.36,57.36,57.36,1,CZK,60.23,1.05,1,1,建筑工程,Obecné instalační práce - Sv.4 Instalace elektrického zařízení,,CPVC
190224,20,Material,General,pcs,146.85,146.85,146.85,146.85,1,CZK,148.32,1.01,1,1,建筑工程,"Obecné instalační práce - Sv.10 Vodovod, odpad, topení, plyn",,
190004,15,Material,General,pcs,117.02,117.02,117.02,117.02,1,CZK,118.19,1.01,1,1,建筑工程,"Obecné instalační práce - Sv.10 Vodovod, odpad, topení, plyn",,
190223,15,Material,General,pcs,119.32,119.32,119.32,119.32,1,CZK,120.51,1.01,1,1,建筑工程,"Obecné instalační práce - Sv.10 Vodovod, odpad, topení, plyn",,
170110,250,Material,General,pcs,48.95,48.95,48.95,48.95,1,CZK,97.9,2.0,1,1,建筑工程,"Obecné instalační práce - Sv.10 Vodovod, odpad, topení, plyn",,
170109,200,Material,General,pcs,40.92,40.92,40.92,40.92,1,CZK,81.84,2.0,1,1,建筑工程,"Obecné instalační práce - Sv.10 Vodovod, odpad, topení, plyn",,
170108,150,Material,General,pcs,33.96,33.96,33.96,33.96,1,CZK,67.92,2.0,1,1,建筑工程,"Obecné instalační práce - Sv.10 Vodovod, odpad, topení, plyn",,
170107,100,Material,General,pcs,26.12,26.12,26.12,26.12,1,CZK,52.24,2.0,1,1,建筑工程,"Obecné instalační práce - Sv.10 Vodovod, odpad, topení, plyn",,
170106,75,Material,General,pcs,20.92,20.92,20.92,20.92,1,CZK,41.84,2.0,1,1,建筑工程,"Obecné instalační práce - Sv.10 Vodovod, odpad, topení, plyn",,
170181,200,Material,General,pcs,413.4,413.4,413.4,413.4,1,CZK,413.4,1.0,1,1,建筑工程,"Obecné instalační práce - Sv.10 Vodovod, odpad, topení, plyn",montáž,
170180,160,Material,General,pcs,312.06,312.06,312.06,312.06,1,CZK,312.06,1.0,1,1,建筑工程,"Obecné instalační práce - Sv.10 Vodovod, odpad, topení, plyn",montáž,
170178,110,Material,General,pcs,175.53,175.53,175.53,175.53,1,CZK,175.53,1.0,1,1,建筑工程,"Obecné instalační práce - Sv.10 Vodovod, odpad, topení, plyn",montáž,
170177,75,Material,General,pcs,136.52,136.52,136.52,136.52,1,CZK,136.52,1.0,1,1,建筑工程,"Obecné instalační práce - Sv.10 Vodovod, odpad, topení, plyn",montáž,
170176,50,Material,General,pcs,97.52,97.52,97.52,97.52,1,CZK,97.52,1.0,1,1,建筑工程,"Obecné instalační práce - Sv.10 Vodovod, odpad, topení, plyn",montáž,
170012,PVC-U voda 225,Material,Water,m,738.07,738.07,738.07,738.07,1,CZK,221.42,0.3,1,1,建筑工程,"Obecné instalační práce - Sv.10 Vodovod, odpad, topení, plyn",,výroba a instalace
170011,PVC-U voda 160,Material,Water,m,309.76,309.76,309.76,309.76,1,CZK,92.93,0.3,1,1,建筑工程,"Obecné instalační práce - Sv.10 Vodovod, odpad, topení, plyn",,výroba a instalace
170010,PVC-U voda 140,Material,Water,m,233.66,233.66,233.66,233.66,1,CZK,70.1,0.3,1,1,建筑工程,"Obecné instalační práce - Sv.10 Vodovod, odpad, topení, plyn",,výroba a instalace
180194,300,Material,General,pcs,722.78,722.78,722.78,722.78,1,CZK,2891.11,4.0,1,1,建筑工程,"Obecné instalační práce - Sv.10 Vodovod, odpad, topení, plyn",,instalace čtvercové výroby ()
280425,lišta 15,Material,General,pcs,25.43,25.43,25.43,25.43,1,CZK,31.43,1.236,1,1,建筑工程,Obecné instalační práce - Sv.4 Instalace elektrického zařízení,,
280431,lišta 63,Material,General,pcs,146.85,146.85,146.85,146.85,1,CZK,181.51,1.236,1,1,建筑工程,Obecné instalační práce - Sv.4 Instalace elektrického zařízení,,
280026,podlahová lišta,Material,General,pcs,185.86,185.86,185.86,185.86,1,CZK,189.57,1.02,1,1,建筑工程,Obecné instalační práce - Sv.4 Instalace elektrického zařízení,montáž formování,
110447,vodotěsná lepící páska 10mm×30mm,Material,Water,m,84.13,84.13,84.13,84.13,1,CZK,88.34,1.05,1,1,建筑工程,práce na střeše a hydroizolaci,"vodotěsnost suterénu a podlahy, ochrana proti vlhkosti",hydroizolační páska
091220,ocelový hřebík,Material,Steel & Metal,pcs,2.29,2.29,2.29,2.29,1,CZK,5.28,2.3,1,1,建筑工程,práce na střeše a hydroizolaci,"vodotěsnost suterénu a podlahy, ochrana proti vlhkosti",hydroizolační páska
180193,250,Material,General,pcs,456.99,456.99,456.99,456.99,1,CZK,1827.98,4.0,1,1,建筑工程,"Obecné instalační práce - Sv.10 Vodovod, odpad, topení, plyn",,instalace čtvercové výroby ()
180191,200,Material,General,pcs,231.37,231.37,231.37,231.37,1,CZK,925.46,4.0,1,1,建筑工程,"Obecné instalační práce - Sv.10 Vodovod, odpad, topení, plyn",,instalace čtvercové výroby ()
180190,150,Material,General,pcs,149.91,149.91,149.91,149.91,1,CZK,599.64,4.0,1,1,建筑工程,"Obecné instalační práce - Sv.10 Vodovod, odpad, topení, plyn",,instalace čtvercové výroby ()
180189,125,Material,General,pcs,90.25,90.25,90.25,90.25,1,CZK,361.01,4.0,1,1,建筑工程,"Obecné instalační práce - Sv.10 Vodovod, odpad, topení, plyn",,instalace čtvercové výroby ()
180188,100,Material,General,pcs,49.71,49.71,49.71,49.71,1,CZK,198.86,4.0,1,1,建筑工程,"Obecné instalační práce - Sv.10 Vodovod, odpad, topení, plyn",,instalace čtvercové výroby ()
180187,80,Material,General,pcs,27.99,27.99,27.99,27.99,1,CZK,111.97,4.0,1,1,建筑工程,"Obecné instalační práce - Sv.10 Vodovod, odpad, topení, plyn",,instalace čtvercové výroby ()
180186,70,Material,General,pcs,20.12,20.12,20.12,20.12,1,CZK,80.46,4.0,1,1,建筑工程,"Obecné instalační práce - Sv.10 Vodovod, odpad, topení, plyn",,instalace čtvercové výroby ()
180185,50,Material,General,pcs,13.81,13.81,13.81,13.81,1,CZK,55.22,4.0,1,1,建筑工程,"Obecné instalační práce - Sv.10 Vodovod, odpad, topení, plyn",,instalace čtvercové výroby ()
200011,dveře 10,Material,General,pcs,12.93,12.93,12.93,12.93,1,CZK,13.06,1.01,1,1,建筑工程,"Obecné instalační práce - Sv.10 Vodovod, odpad, topení, plyn",,
190207,25,Material,General,pcs,191.21,191.21,191.21,191.21,1,CZK,193.12,1.01,1,1,建筑工程,"Obecné instalační práce - Sv.10 Vodovod, odpad, topení, plyn",,
280059,(ocelová trubka) 20,Material,Steel & Metal,pcs,0.54,0.54,0.54,0.54,1,CZK,0.08,0.1545,1,1,建筑工程,Obecné instalační práce - Sv.4 Instalace elektrického zařízení,,pozinkovaná ocelová trubka
280066,(ocelová trubka) 100,Material,Steel & Metal,pcs,4.17,4.17,4.17,4.17,1,CZK,0.64,0.1545,1,1,建筑工程,Obecné instalační práce - Sv.4 Instalace elektrického zařízení,,pozinkovaná ocelová trubka
280041,kov 32,Material,Steel & Metal,pcs,2.14,2.14,2.14,2.14,1,CZK,2.65,1.236,1,1,建筑工程,Obecné instalační práce - Sv.4 Instalace elektrického zařízení,,
090569,PVC,Material,General,pcs,104.4,104.4,104.4,104.4,1,CZK,1.07,0.0102,1,1,建筑工程,Obecné instalační práce - Sv.4 Instalace elektrického zařízení,,PVC
280305,PVC 70,Material,General,pcs,4.02,4.02,4.02,4.02,1,CZK,0.62,0.1545,1,1,建筑工程,Obecné instalační práce - Sv.4 Instalace elektrického zařízení,,PVC
280105,(elektřina) 70,Material,General,pcs,1.95,1.95,1.95,1.95,1,CZK,1.32,0.6789,1,1,建筑工程,Obecné instalační práce - Sv.4 Instalace elektrického zařízení,,PVC
280298,Spojka typu PVCT 70,Material,General,pcs,5.74,5.74,5.74,5.74,1,CZK,0.12,0.0204,1,1,建筑工程,Obecné instalační práce - Sv.4 Instalace elektrického zařízení,,PVC
280291,PVC 70,Material,General,pcs,12.24,12.24,12.24,12.24,1,CZK,2.5,0.204,1,1,建筑工程,Obecné instalační práce - Sv.4 Instalace elektrického zařízení,,PVC
280284,PVC 70,Material,General,pcs,3.82,3.82,3.82,3.82,1,CZK,0.16,0.0408,1,1,建筑工程,Obecné instalační práce - Sv.4 Instalace elektrického zařízení,,PVC
180003,pozinkovaný 25,Material,General,pcs,4.59,4.59,4.59,4.59,1,CZK,2.75,0.6,1,1,建筑工程,"Obecné instalační práce - Sv.10 Vodovod, odpad, topení, plyn",,
180002,pozinkovaný 20,Material,General,pcs,2.98,2.98,2.98,2.98,1,CZK,1.79,0.6,1,1,建筑工程,"Obecné instalační práce - Sv.10 Vodovod, odpad, topení, plyn",,
180008,pozinkovaný 20,Material,General,pcs,4.13,4.13,4.13,4.13,1,CZK,2.48,0.6,1,1,建筑工程,"Obecné instalační práce - Sv.10 Vodovod, odpad, topení, plyn",,
180032,pozinkovaný 20,Material,General,pcs,8.41,8.41,8.41,8.41,1,CZK,2.52,0.3,1,1,建筑工程,"Obecné instalační práce - Sv.10 Vodovod, odpad, topení, plyn",,
210068,voda 100,Material,Water,pcs,87.57,87.57,87.57,87.57,1,CZK,88.01,1.005,1,1,建筑工程,"Obecné instalační práce - Sv.10 Vodovod, odpad, topení, plyn",,
180196,426,Material,General,pcs,1667.36,1667.36,1667.36,1667.36,1,CZK,6669.44,4.0,1,1,建筑工程,"Obecné instalační práce - Sv.10 Vodovod, odpad, topení, plyn",,instalace čtvercové výroby ()
180195,377,Material,General,pcs,1208.45,1208.45,1208.45,1208.45,1,CZK,4833.82,4.0,1,1,建筑工程,"Obecné instalační práce - Sv.10 Vodovod, odpad, topení, plyn",,instalace čtvercové výroby ()
280256,pozinkovaný spoj elektrického kabelového kanálu 40,Material,General,pcs,10.98,10.98,10.98,10.98,1,CZK,1.81,0.1648,1,1,建筑工程,Obecné instalační práce - Sv.4 Instalace elektrického zařízení,,
090076,zajišťovací matice 32,Material,Fasteners,pcs,2.07,2.07,2.07,2.07,1,CZK,0.32,0.1545,1,1,建筑工程,Obecné instalační práce - Sv.4 Instalace elektrického zařízení,,svařovací ocelová trubka
090075,zajišťovací matice 25,Material,Fasteners,pcs,1.68,1.68,1.68,1.68,1,CZK,0.26,0.1545,1,1,建筑工程,Obecné instalační práce - Sv.4 Instalace elektrického zařízení,,svařovací ocelová trubka
800533,hřebík,Equipment,General,machine-shift,292.55,292.55,292.55,292.55,1,CZK,0.29,0.001,1,1,建筑工程,pracovní konstrukce z kovu,"ocelová deska podlahy, stěnová deska",
010098,ocelová trubka 159×4.5,Material,Steel & Metal,m,307.08,307.08,307.08,307.08,1,CZK,92.13,0.3,1,1,建筑工程,"Obecné instalační práce - Sv.10 Vodovod, odpad, topení, plyn",,
010095,ocelová trubka 108×3 ne,Material,Steel & Metal,m,139.58,139.58,139.58,139.58,1,CZK,41.88,0.3,1,1,建筑工程,"Obecné instalační práce - Sv.10 Vodovod, odpad, topení, plyn",,
110516,bez poly (PVC) nátěru,Material,General,m2,122.38,122.38,122.38,122.38,1,CZK,128.49,1.05,1,1,建筑工程,podlahové dokončovací práce,vrstva dokončení,
280415,Spojení JDG(KBG) 50,Material,General,pcs,23.71,23.71,23.71,23.71,1,CZK,4.15,0.1751,1,1,建筑工程,Obecné instalační práce - Sv.4 Instalace elektrického zařízení,,ocelová trubka
280414,Spojka JDG(KBG) 40,Material,General,pcs,17.59,17.59,17.59,17.59,1,CZK,3.08,0.1751,1,1,建筑工程,Obecné instalační práce - Sv.4 Instalace elektrického zařízení,,ocelová trubka
280413,Spojka JDG(KBG) 32,Material,General,pcs,14.53,14.53,14.53,14.53,1,CZK,3.74,0.2575,1,1,建筑工程,Obecné instalační práce - Sv.4 Instalace elektrického zařízení,,ocelová trubka
280412,Spojka JDG(KBG) 25,Material,General,pcs,11.09,11.09,11.09,11.09,1,CZK,2.86,0.2575,1,1,建筑工程,Obecné instalační práce - Sv.4 Instalace elektrického zařízení,,ocelová trubka
280411,Spojka JDG(KBG) 20,Material,General,pcs,9.94,9.94,9.94,9.94,1,CZK,4.1,0.412,1,1,建筑工程,Obecné instalační práce - Sv.4 Instalace elektrického zařízení,,ocelová trubka
280228,PVC spojka 50,Material,General,pcs,12.85,12.85,12.85,12.85,1,CZK,1.99,0.1545,1,1,建筑工程,Obecné instalační práce - Sv.4 Instalace elektrického zařízení,,PVC
280227,PVC spojka 40,Material,General,pcs,9.18,9.18,9.18,9.18,1,CZK,1.42,0.1545,1,1,建筑工程,Obecné instalační práce - Sv.4 Instalace elektrického zařízení,,PVC
280226,PVC spojka 32,Material,General,pcs,5.16,5.16,5.16,5.16,1,CZK,0.8,0.1545,1,1,建筑工程,Obecné instalační práce - Sv.4 Instalace elektrického zařízení,,PVC
280225,PVC spojka 25,Material,General,pcs,3.17,3.17,3.17,3.17,1,CZK,0.49,0.1545,1,1,建筑工程,Obecné instalační práce - Sv.4 Instalace elektrického zařízení,,PVC
320006,lepidlo (10kV)10,Material,General,pair,98.28,98.28,98.28,98.28,1,CZK,393.13,4.0,1,1,建筑工程,Obecné instalační práce - Sv.4 Instalace elektrického zařízení,,10kV
180178,(1.6MPa) 40,Material,General,pcs,60.04,60.04,60.04,60.04,1,CZK,120.08,2.0,1,1,建筑工程,"Obecné instalační práce - Sv.10 Vodovod, odpad, topení, plyn",montáž formování,
180020,pozinkovaný spoj 25,Material,General,pcs,19.58,19.58,19.58,19.58,1,CZK,59.33,3.03,1,1,建筑工程,"Obecné instalační práce - Sv.10 Vodovod, odpad, topení, plyn",montáž formování,
180176,(1.6MPa) 25,Material,General,pcs,34.88,34.88,34.88,34.88,1,CZK,35.23,1.01,1,1,建筑工程,"Obecné instalační práce - Sv.10 Vodovod, odpad, topení, plyn","voda, voda",vodoinstalace
190006,25,Material,General,pcs,187.39,187.39,187.39,187.39,1,CZK,189.26,1.01,1,1,建筑工程,"Obecné instalační práce - Sv.10 Vodovod, odpad, topení, plyn","voda, voda",vodoinstalace
180175,(1.6MPa) 20,Material,General,pcs,33.04,33.04,33.04,33.04,1,CZK,33.37,1.01,1,1,建筑工程,"Obecné instalační práce - Sv.10 Vodovod, odpad, topení, plyn","voda, voda",vodoinstalace
180155,plochý (1.6MPa) 600,Material,General,pcs,4032.64,4032.64,4032.64,4032.64,1,CZK,8065.28,2.0,1,1,建筑工程,"Obecné instalační práce - Sv.10 Vodovod, odpad, topení, plyn",voda,voda ()
180154,plochý (1.6MPa) 500,Material,General,pcs,2799.33,2799.33,2799.33,2799.33,1,CZK,5598.66,2.0,1,1,建筑工程,"Obecné instalační práce - Sv.10 Vodovod, odpad, topení, plyn",voda,voda ()
090112,s šroubem 22×(85 100),Material,Fasteners,set,10.71,10.71,10.71,10.71,1,CZK,264.7,24.72,1,1,建筑工程,"Obecné instalační práce - Sv.10 Vodovod, odpad, topení, plyn",voda,voda ()
090110,s šroubem 20×(65 80),Material,Fasteners,set,7.53,7.53,7.53,7.53,1,CZK,186.23,24.72,1,1,建筑工程,"Obecné instalační práce - Sv.10 Vodovod, odpad, topení, plyn",voda,voda ()
800180,elektrický naviják (jednoruční) 1t,Equipment,Hoists,machine-shift,390.07,390.07,390.07,390.07,1,CZK,32.38,0.083,1,1,建筑工程,"Obecné instalační práce - Sv.10 Vodovod, odpad, topení, plyn",,montáž
800176,autojeřáb 12t,Equipment,Cranes,machine-shift,2593.59,2593.59,2593.59,2593.59,1,CZK,3241.98,1.25,1,1,建筑工程,"Obecné instalační práce - Sv.10 Vodovod, odpad, topení, plyn",,montáž
030005,dřevo 250×200×2500,Material,Wood & Timber,pcs,500.97,500.97,500.97,500.97,1,CZK,24.05,0.048,1,1,建筑工程,"Obecné instalační práce - Sv.10 Vodovod, odpad, topení, plyn",,montáž
010104,bez ocelové trubky 273×7,Material,Steel & Metal,m,800.79,800.79,800.79,800.79,1,CZK,344.34,0.43,1,1,建筑工程,"Obecné instalační práce - Sv.10 Vodovod, odpad, topení, plyn",,
010100,ocelová trubka 219×6,Material,Steel & Metal,m,538.07,538.07,538.07,538.07,1,CZK,172.18,0.32,1,1,建筑工程,"Obecné instalační práce - Sv.10 Vodovod, odpad, topení, plyn",,
280257,pozinkovaný spoj pro elektrické lišty 50,Material,General,pcs,12.28,12.28,12.28,12.28,1,CZK,2.02,0.1648,1,1,建筑工程,Obecné instalační práce - Sv.4 Instalace elektrického zařízení,,
100289,kovový kámen 25,Material,Steel & Metal,pcs,55.83,55.83,55.83,55.83,1,CZK,115.02,2.06,1,1,建筑工程,"Obecné instalační práce - Sv.10 Vodovod, odpad, topení, plyn",,montáž
600139,plochý (1.6MPa) 25,Material,General,pcs,23.71,23.71,23.71,23.71,1,CZK,23.71,1.0,1,1,建筑工程,"Obecné instalační práce - Sv.10 Vodovod, odpad, topení, plyn",,montáž
180179,(1.6MPa) 50,Material,General,pcs,78.4,78.4,78.4,78.4,1,CZK,156.79,2.0,1,1,建筑工程,"Obecné instalační práce - Sv.10 Vodovod, odpad, topení, plyn",montáž formování,
320016,YS241-01-05(900×1000),Material,General,pcs,97.9,97.9,97.9,97.9,1,CZK,1468.5,15.0,1,1,建筑工程,Obecné instalační práce - Sv.4 Instalace elektrického zařízení,,10kV
320015,145(368×117×105),Material,General,pcs,41.3,41.3,41.3,41.3,1,CZK,82.6,2.0,1,1,建筑工程,Obecné instalační práce - Sv.4 Instalace elektrického zařízení,,10kV
320014,LRG(P-20 vertikální),Material,General,pcs,69.22,69.22,69.22,69.22,1,CZK,207.66,3.0,1,1,建筑工程,Obecné instalační práce - Sv.4 Instalace elektrického zařízení,,10kV
320013,elektřina,Material,General,top,20.77,20.77,20.77,20.77,1,CZK,83.06,4.0,1,1,建筑工程,Obecné instalační práce - Sv.4 Instalace elektrického zařízení,,10kV
150226,s V82040,Material,General,pair,5.2,5.2,5.2,5.2,1,CZK,20.8,4.0,1,1,建筑工程,Obecné instalační práce - Sv.4 Instalace elektrického zařízení,,10kV
150235,elektřina s,Material,General,pair,4.82,4.82,4.82,4.82,1,CZK,9.64,2.0,1,1,建筑工程,Obecné instalační práce - Sv.4 Instalace elektrického zařízení,,10kV
150225,zrcadlo V82040,Material,General,pair,2.45,2.45,2.45,2.45,1,CZK,9.79,4.0,1,1,建筑工程,Obecné instalační práce - Sv.4 Instalace elektrického zařízení,,10kV
150224,51581,Material,General,kus,39.77,39.77,39.77,39.77,1,CZK,159.09,4.0,1,1,建筑工程,Obecné instalační práce - Sv.4 Instalace elektrického zařízení,,10kV
320012,D3LYB,Material,General,pair,214.54,214.54,214.54,214.54,1,CZK,858.16,4.0,1,1,建筑工程,Obecné instalační práce - Sv.4 Instalace elektrického zařízení,,10kV
320011,T32,Material,General,pcs,6.85,6.85,6.85,6.85,1,CZK,34.23,5.0,1,1,建筑工程,Obecné instalační práce - Sv.4 Instalace elektrického zařízení,,10kV
320010,GB116-GC,Material,General,pcs,4.97,4.97,4.97,4.97,1,CZK,24.86,5.0,1,1,建筑工程,Obecné instalační práce - Sv.4 Instalace elektrického zařízení,,10kV
320008,() YS103-12-02,Material,General,pair,81.07,81.07,81.07,81.07,1,CZK,81.07,1.0,1,1,建筑工程,Obecné instalační práce - Sv.4 Instalace elektrického zařízení,,10kV
320007,lepidlo (8kV)10,Material,General,pair,36.71,36.71,36.71,36.71,1,CZK,36.71,1.0,1,1,建筑工程,Obecné instalační práce - Sv.4 Instalace elektrického zařízení,,10kV
300091,pozinkovaný úhelník 16×550,Material,Steel & Metal,pair,21.61,21.61,21.61,21.61,1,CZK,43.43,2.01,1,1,建筑工程,Obecné instalační práce - Sv.4 Instalace elektrického zařízení,,
090140,pozinkováno s šroubem 16×(400 450),Material,Fasteners,set,24.05,24.05,24.05,24.05,1,CZK,98.14,4.08,1,1,建筑工程,Obecné instalační práce - Sv.4 Instalace elektrického zařízení,,
300089,pozinkovaný úhelník 63×6×2700,Material,Steel & Metal,pcs,330.41,330.41,330.41,330.41,1,CZK,662.81,2.006,1,1,建筑工程,Obecné instalační práce - Sv.4 Instalace elektrického zařízení,,
300090,pozinkovaný úhelník 63×63×6×570,Material,Steel & Metal,pcs,86.04,86.04,86.04,86.04,1,CZK,86.3,1.003,1,1,建筑工程,Obecné instalační práce - Sv.4 Instalace elektrického zařízení,,elektrické instalace
300067,pozinkovaný úhelník bednění 50×50×5×1760,Material,Steel & Metal,pcs,130.41,130.41,130.41,130.41,1,CZK,261.59,2.006,1,1,建筑工程,Obecné instalační práce - Sv.4 Instalace elektrického zařízení,,elektrické instalace
300087,pozinkovaný úhelník 50×5×1100,Material,Steel & Metal,pcs,121.23,121.23,121.23,121.23,1,CZK,121.59,1.003,1,1,建筑工程,Obecné instalační práce - Sv.4 Instalace elektrického zařízení,,elektrické instalace
300026,pozinkovaný úhelník 63×63×6×1500,Material,Steel & Metal,pcs,174.0,174.0,174.0,174.0,1,CZK,174.52,1.003,1,1,建筑工程,Obecné instalační práce - Sv.4 Instalace elektrického zařízení,,elektrické instalace
300088,pozinkovaný úhelník 50×5×1760,Material,Steel & Metal,pcs,193.89,193.89,193.89,193.89,1,CZK,388.94,2.006,1,1,建筑工程,Obecné instalační práce - Sv.4 Instalace elektrického zařízení,,elektrické instalace
090532,lišta 40×5×60,Material,General,pcs,2.75,2.75,2.75,2.75,1,CZK,11.23,4.08,1,1,建筑工程,Obecné instalační práce - Sv.4 Instalace elektrického zařízení,,
300009,deska 40×4×230,Material,General,pcs,7.8,7.8,7.8,7.8,1,CZK,15.68,2.01,1,1,建筑工程,Obecné instalační práce - Sv.4 Instalace elektrického zařízení,,montáž
310009,ED-1,Material,General,pcs,5.89,5.89,5.89,5.89,1,CZK,5.92,1.005,1,1,建筑工程,Obecné instalační práce - Sv.4 Instalace elektrického zařízení,,montáž
320024,P 10,Material,General,set,49.71,49.71,49.71,49.71,1,CZK,49.96,1.005,1,1,建筑工程,Obecné instalační práce - Sv.4 Instalace elektrického zařízení,,montáž
110737,poly,Material,General,g,0.54,0.54,0.54,0.54,1,CZK,10.71,20.0,1,1,建筑工程,"Obecné instalační práce - Sv.10 Vodovod, odpad, topení, plyn",montáž,
390037,cementová deska 900×700×80,Material,Concrete & Cement,pcs,179.74,179.74,179.74,179.74,1,CZK,179.74,1.0,1,1,建筑工程,"Obecné instalační práce - Sv.10 Vodovod, odpad, topení, plyn",zdění,
390035,cementová deska 600×600×60,Material,Concrete & Cement,pcs,77.25,77.25,77.25,77.25,1,CZK,77.25,1.0,1,1,建筑工程,"Obecné instalační práce - Sv.10 Vodovod, odpad, topení, plyn",zdění,
390032,cementová deska 500×500×60,Material,Concrete & Cement,pcs,53.54,53.54,53.54,53.54,1,CZK,53.54,1.0,1,1,建筑工程,"Obecné instalační práce - Sv.10 Vodovod, odpad, topení, plyn",zdění,
300074,pozinkovaná zemina 25,Material,General,pcs,227.54,227.54,227.54,227.54,1,CZK,236.64,1.04,1,1,建筑工程,Obecné instalační práce - Sv.4 Instalace elektrického zařízení,,
300073,pozinkovaná zem 19,Material,General,pcs,151.44,151.44,151.44,151.44,1,CZK,157.5,1.04,1,1,建筑工程,Obecné instalační práce - Sv.4 Instalace elektrického zařízení,,
010052,pozinkovaná ocelová trubka 50,Material,Steel & Metal,kg,18.2,18.2,18.2,18.2,1,CZK,242.29,13.31,1,1,建筑工程,Obecné instalační práce - Sv.4 Instalace elektrického zařízení,,
090180,hřebík (6 12)×(12 80),Equipment,General,pcs,0.23,0.23,0.23,0.23,1,CZK,0.94,4.08,1,1,建筑工程,Obecné instalační práce - Sv.4 Instalace elektrického zařízení,elektrické instalace,
090857,pozinkovaný hřebík M16×60,Material,Fasteners,set,5.28,5.28,5.28,5.28,1,CZK,10.66,2.02,1,1,建筑工程,Obecné instalační práce - Sv.11 Komunikační zařízení a vedení,sloupec přídavný,
800120,vrtání DHR80A,Equipment,General,machine-shift,6947.85,6947.85,6947.85,6947.85,1,CZK,83.37,0.012,1,1,建筑工程,úprava půdy a podpora svahů,výkop pro základy,hřebík
120036,10,Material,General,m,0.99,0.99,0.99,0.99,1,CZK,0.73,0.735,1,1,建筑工程,úprava půdy a podpora svahů,výkop pro základy,hřebík
310013,P-6,Material,General,pcs,21.99,21.99,21.99,21.99,1,CZK,22.1,1.005,1,1,建筑工程,Obecné instalační práce - Sv.4 Instalace elektrického zařízení,,montáž
310027,elektřina,Material,General,pcs,611.88,611.88,611.88,611.88,1,CZK,614.93,1.005,1,1,建筑工程,Obecné instalační práce - Sv.4 Instalace elektrického zařízení,,montáž
310026,výška P-20,Material,General,pcs,210.33,210.33,210.33,210.33,1,CZK,211.38,1.005,1,1,建筑工程,Obecné instalační práce - Sv.4 Instalace elektrického zařízení,,montáž
310025,výška P-15,Material,General,pcs,110.9,110.9,110.9,110.9,1,CZK,111.46,1.005,1,1,建筑工程,Obecné instalační práce - Sv.4 Instalace elektrického zařízení,,montáž
300032,pozinkovaný úhelník 75×75×6×850,Material,Steel & Metal,pcs,136.14,136.14,136.14,136.14,1,CZK,273.1,2.006,1,1,建筑工程,Obecné instalační práce - Sv.4 Instalace elektrického zařízení,,montáž
010367,zinkovaná ocelová deska,Material,Steel & Metal,kg,37.02,37.02,37.02,37.02,1,CZK,18.13,0.4898,1,1,建筑工程,Obecné instalační práce - Sv.4 Instalace elektrického zařízení,,výroba a instalace základové desky
280359,hliníkové lišty DTL/JY-2,Material,General,pcs,248.96,248.96,248.96,248.96,1,CZK,1010.76,4.06,1,1,建筑工程,Obecné instalační práce - Sv.4 Instalace elektrického zařízení,,
350023,lišta BX-16,Material,General,m,52.39,52.39,52.39,52.39,1,CZK,106.36,2.03,1,1,建筑工程,Obecné instalační práce - Sv.4 Instalace elektrického zařízení,,
300008,pozinkovaná plochá ocel 65×6×800,Material,Steel & Metal,pair,57.36,57.36,57.36,57.36,1,CZK,115.3,2.01,1,1,建筑工程,Obecné instalační práce - Sv.4 Instalace elektrického zařízení,,
280175,s,Material,General,kusek,20.19,20.19,20.19,20.19,1,CZK,4.44,0.22,1,1,建筑工程,Obecné instalační práce - Sv.4 Instalace elektrického zařízení,,
091420,pozinkovaný rozpínací šroub 14,Material,Fasteners,set,15.76,15.76,15.76,15.76,1,CZK,22.53,1.43,1,1,建筑工程,Obecné instalační práce - Sv.4 Instalace elektrického zařízení,,
310045,lepidlo s 25×10,Material,General,kusek,5.51,5.51,5.51,5.51,1,CZK,1.83,0.333,1,1,建筑工程,Obecné instalační práce - Sv.4 Instalace elektrického zařízení,modelování,
280119,4,Material,General,pcs,11.13,11.13,11.13,11.13,1,CZK,22.59,2.03,1,1,建筑工程,Obecné instalační práce - Sv.4 Instalace elektrického zařízení,modelování,
350027,lišta BVR-4,Material,General,m,11.01,11.01,11.01,11.01,1,CZK,20.18,1.8324,1,1,建筑工程,Obecné instalační práce - Sv.4 Instalace elektrického zařízení,modelování,
280126,70,Material,General,pcs,81.46,81.46,81.46,81.46,1,CZK,41.34,0.5075,1,1,建筑工程,Obecné instalační práce - Sv.4 Instalace elektrického zařízení,modelování,
280125,50,Material,General,pcs,63.1,63.1,63.1,63.1,1,CZK,32.02,0.5075,1,1,建筑工程,Obecné instalační práce - Sv.4 Instalace elektrického zařízení,modelování,
280124,35,Material,General,pcs,39.77,39.77,39.77,39.77,1,CZK,20.18,0.5075,1,1,建筑工程,Obecné instalační práce - Sv.4 Instalace elektrického zařízení,modelování,
280123,25,Material,General,pcs,29.64,29.64,29.64,29.64,1,CZK,15.04,0.5075,1,1,建筑工程,Obecné instalační práce - Sv.4 Instalace elektrického zařízení,modelování,
090353,hliníková slitina podkladová deska,Material,General,m2,1854.36,1854.36,1854.36,1854.36,1,CZK,1891.45,1.02,1,1,建筑工程,podlahové dokončovací práce,vrstva dokončení,elektrické zemnění desky
280168,zemní spojka 76,Material,Steel & Metal,pcs,43.6,43.6,43.6,43.6,1,CZK,44.9,1.03,1,1,建筑工程,Obecné instalační práce - Sv.4 Instalace elektrického zařízení,,
080304,příčka,Material,General,m2,764.84,764.84,764.84,764.84,1,CZK,803.09,1.05,1,1,建筑工程,"povrchové úpravy stěn a sloupů, příčky a závěsné stěny",příčka,příčka
310037,lišta J2,Material,General,pcs,41.68,41.68,41.68,41.68,1,CZK,42.52,1.02,1,1,建筑工程,Obecné instalační práce - Sv.4 Instalace elektrického zařízení,"tvarování a výroba, montáž",
310038,lišta J4.5,Material,General,pcs,59.66,59.66,59.66,59.66,1,CZK,60.85,1.02,1,1,建筑工程,Obecné instalační práce - Sv.4 Instalace elektrického zařízení,"tvarování a výroba, montáž",
300071,kulatý prut,Material,General,pcs,192.36,192.36,192.36,192.36,1,CZK,192.36,1.0,1,1,建筑工程,Obecné instalační práce - Sv.4 Instalace elektrického zařízení,,výroba
170065,65,Material,General,m,42.83,42.83,42.83,42.83,1,CZK,59.96,1.4,1,1,建筑工程,Obecné instalační práce - Sv.4 Instalace elektrického zařízení,,
050023,zrcadlově lesklý skleněný pás,Material,Glass,m,29.48,29.48,29.48,29.48,1,CZK,30.37,1.03,1,1,建筑工程,jiné dekorativní práce,dekorativní lišta,sklo s leštěným povrchem
090583,hřebík,Material,Fasteners,pcs,0.61,0.61,0.61,0.61,1,CZK,7.97,13.03,1,1,建筑工程,práce na stropě,stropní dekorace,stříška
080290,hliníková slitina,Material,General,m2,229.45,229.45,229.45,229.45,1,CZK,240.93,1.05,1,1,建筑工程,práce na stropě,stropní dekorace,stříška
080289,hliníkový slitinový nosník 60×30×1.5,Material,General,m,84.13,84.13,84.13,84.13,1,CZK,119.95,1.4257,1,1,建筑工程,práce na stropě,stropní dekorace,stříška
300046,formování 2000,Material,General,pcs,36.02,36.02,36.02,36.02,1,CZK,36.02,1.0,1,1,建筑工程,Obecné instalační práce - Sv.11 Komunikační zařízení a vedení,,
010034,běžná ocelová deska 31,Material,Steel & Metal,kg,16.64,16.64,16.64,16.64,1,CZK,514.45,30.925,1,1,建筑工程,úprava půdy a podpora svahů,výkop pro základy,()
370218,upevnění oken,Material,Glass,m2,2294.53,2294.53,2294.53,2294.53,1,CZK,2294.53,1.0,1,1,建筑工程,práce na dveřích a oknech,kovové okno,
060099,mramorový povrch,Material,General,m2,1912.11,1912.11,1912.11,1912.11,1,CZK,2007.72,1.05,1,1,建筑工程,jiné dekorativní práce,,
120138,deska,Material,General,m2,458.91,458.91,458.91,458.91,1,CZK,275.34,0.6,1,1,建筑工程,jiné dekorativní práce,,deska
110515,postřikování,Material,General,m2,172.09,172.09,172.09,172.09,1,CZK,180.69,1.05,1,1,建筑工程,jiné dekorativní práce,,vrstva dokončení
350307,lepidlo lišta 2×16/0.15,Material,General,m,17.21,17.21,17.21,17.21,1,CZK,172.09,10.0,1,1,建筑工程,Obecné instalační práce - Sv.4 Instalace elektrického zařízení,elektrické instalace,
120079,0.5 1.0,Material,General,kg,221.42,221.42,221.42,221.42,1,CZK,2.21,0.01,1,1,建筑工程,Obecné instalační práce - Sv.4 Instalace elektrického zařízení,elektrická instalace,
090126,pozinkováno s šroubem 10×(65 80),Material,Fasteners,set,2.98,2.98,2.98,2.98,1,CZK,12.17,4.08,1,1,建筑工程,Obecné instalační práce - Sv.4 Instalace elektrického zařízení,instalace,montáž
100367,lepidlo 3mm,Material,General,kg,31.36,31.36,31.36,31.36,1,CZK,36.63,1.168,1,1,建筑工程,Obecné instalační práce - Sv.4 Instalace elektrického zařízení,,
120032,6,Material,General,m,0.54,0.54,0.54,0.54,1,CZK,0.27,0.5,1,1,建筑工程,Obecné instalační práce - Sv.4 Instalace elektrického zařízení,,
800019,plocha 16m,Equipment,General,machine-shift,2058.2,2058.2,2058.2,2058.2,1,CZK,343.1,0.1667,1,1,建筑工程,Obecné instalační práce - Sv.4 Instalace elektrického zařízení,elektrické instalace,
010036,pozinkovaný ocelový plech 0.7 0.9,Material,Steel & Metal,kg,20.88,20.88,20.88,20.88,1,CZK,343.27,16.44,1,1,建筑工程,Obecné instalační práce - Sv.7 Větrání a klimatizace,,
310094,lišta sloupu 16,Material,General,pcs,34.42,34.42,34.42,34.42,1,CZK,51.63,1.5,1,1,建筑工程,"Obecné instalační práce - Sv.12 Malování, protikorozní, tepelná izolace",,elektrické montážní práce
310093,lišta sloup 8,Material,General,pcs,17.21,17.21,17.21,17.21,1,CZK,6.02,0.35,1,1,建筑工程,"Obecné instalační práce - Sv.12 Malování, protikorozní, tepelná izolace",,elektrické montážní práce
010163,bez ocelové trubky 89×4,Material,Steel & Metal,m,191.59,191.59,191.59,191.59,1,CZK,19.16,0.1,1,1,建筑工程,"Obecné instalační práce - Sv.12 Malování, protikorozní, tepelná izolace",,elektrické montážní práce
100368,HOREQ-D8 páska,Material,General,m,382.42,382.42,382.42,382.42,1,CZK,393.89,1.03,1,1,建筑工程,práce na dveřích a oknech,dveře a okno,
050036,broušení skla,Material,Glass,m2,191.21,191.21,191.21,191.21,1,CZK,61.57,0.322,1,1,建筑工程,jiné dekorativní práce,,
090433,dveře,Material,General,m,91.78,91.78,91.78,91.78,1,CZK,91.78,1.0,1,1,建筑工程,jiné dekorativní práce,,zdiv
100284,dvojitý silikonový tmel s povrchem,Material,Rubber,m,1.15,1.15,1.15,1.15,1,CZK,9.86,8.596,1,1,建筑工程,jiné dekorativní práce,,
090951,nerezová ocel,Material,Steel & Metal,pcs,6.88,6.88,6.88,6.88,1,CZK,152.27,22.12,1,1,建筑工程,jiné dekorativní práce,,
070129,plochá lišta 20×5,Material,General,m,11.47,11.47,11.47,11.47,1,CZK,185.19,16.142,1,1,建筑工程,jiné dekorativní práce,,
070128,dekorativní lišta 50mm,Material,General,m,9.56,9.56,9.56,9.56,1,CZK,14.63,1.53,1,1,建筑工程,jiné dekorativní práce,,
050037,sklo s leštěným povrchem (hotový výrobek) 5mm,Material,Glass,m2,195.04,195.04,195.04,195.04,1,CZK,590.18,3.026,1,1,建筑工程,jiné dekorativní práce,,
070127,dřevěná lišta 10×10,Material,Wood & Timber,m,11.47,11.47,11.47,11.47,1,CZK,56.41,4.917,1,1,建筑工程,jiné dekorativní práce,,
070124,dřevo,Material,Wood & Timber,m2,76.48,76.48,76.48,76.48,1,CZK,26.31,0.344,1,1,建筑工程,jiné dekorativní práce,,
030125,překližka 15mm,Material,Wood & Timber,m2,133.85,133.85,133.85,133.85,1,CZK,449.73,3.36,1,1,建筑工程,jiné dekorativní práce,,
050010,sklo 3mm,Material,Glass,m2,57.36,57.36,57.36,57.36,1,CZK,79.51,1.386,1,1,建筑工程,jiné dekorativní práce,,rám
080746,úhelník 50×80×5,Material,Steel & Metal,kg,17.59,17.59,17.59,17.59,1,CZK,54.35,3.0895,1,1,建筑工程,"povrchové úpravy stěn a sloupů, příčky a závěsné stěny",čelní stěna,dekorativní deska na stěnu
080745,úhelník 50×50×4,Material,Steel & Metal,kg,17.59,17.59,17.59,17.59,1,CZK,19.33,1.0988,1,1,建筑工程,"povrchové úpravy stěn a sloupů, příčky a závěsné stěny",čelní stěna,dekorativní deska na stěnu
080744,nosník 60×80×4,Material,General,kg,17.59,17.59,17.59,17.59,1,CZK,206.28,11.726,1,1,建筑工程,"povrchové úpravy stěn a sloupů, příčky a závěsné stěny",čelní stěna,dekorativní deska na stěnu
060091,kompozitní deska z hliníku a žuly,Material,General,m2,1453.2,1453.2,1453.2,1453.2,1,CZK,1554.93,1.07,1,1,建筑工程,"povrchové úpravy stěn a sloupů, příčky a závěsné stěny",čelní stěna,dekorativní deska na stěnu
091021,pozinkováno s šroubem 14×(65 80),Material,Fasteners,set,6.39,6.39,6.39,6.39,1,CZK,26.06,4.08,1,1,建筑工程,Obecné instalační práce - Sv.7 Větrání a klimatizace,a instalace,montáž
091020,pozinkováno s šroubem 12×(85 100),Material,Fasteners,set,5.32,5.32,5.32,5.32,1,CZK,22.11,4.16,1,1,建筑工程,Obecné instalační práce - Sv.7 Větrání a klimatizace,a instalace,montáž
091479,pozinkováno s šroubem 10×(110 120),Material,Fasteners,set,4.17,4.17,4.17,4.17,1,CZK,86.7,20.8,1,1,建筑工程,Obecné instalační práce - Sv.7 Větrání a klimatizace,a instalace,montáž
090097,pozinkovaný šroub 10×30,Material,Fasteners,pcs,0.8,0.8,0.8,0.8,1,CZK,3.31,4.12,1,1,建筑工程,Obecné instalační práce - Sv.9 Ochrana proti požáru,,
180034,pozinkovaný 32,Material,General,pcs,19.89,19.89,19.89,19.89,1,CZK,20.08,1.01,1,1,建筑工程,Obecné instalační práce - Sv.9 Ochrana proti požáru,,
190209,(1.6MPa)DN32,Material,General,pcs,301.35,301.35,301.35,301.35,1,CZK,608.72,2.02,1,1,建筑工程,Obecné instalační práce - Sv.9 Ochrana proti požáru,,
240006,vodní spojka DN32,Material,Water,pcs,17.21,17.21,17.21,17.21,1,CZK,17.38,1.01,1,1,建筑工程,Obecné instalační práce - Sv.9 Ochrana proti požáru,,
190208,(1.6MPa)DN25,Material,General,pcs,174.0,174.0,174.0,174.0,1,CZK,351.48,2.02,1,1,建筑工程,Obecné instalační práce - Sv.9 Ochrana proti požáru,,
240005,vodní spojka DN25,Material,Water,pcs,12.24,12.24,12.24,12.24,1,CZK,12.36,1.01,1,1,建筑工程,Obecné instalační práce - Sv.9 Ochrana proti požáru,,
010284,kanálová ocel 6.3,Material,Steel & Metal,kg,15.83,15.83,15.83,15.83,1,CZK,10.92,0.69,1,1,建筑工程,Obecné instalační práce - Sv.7 Větrání a klimatizace,,montáž
090169,zemní šroub 16×180,Material,Fasteners,set,9.18,9.18,9.18,9.18,1,CZK,37.45,4.08,1,1,建筑工程,Obecné instalační práce - Sv.7 Větrání a klimatizace,montáž,smíšená () instalace
091018,zemní šroub 14×(150 300),Material,Fasteners,set,13.38,13.38,13.38,13.38,1,CZK,54.61,4.08,1,1,建筑工程,Obecné instalační práce - Sv.7 Větrání a klimatizace,montáž,smíšená () instalace
