resource_code,name,type,category,unit,price_avg,price_min,price_max,price_median,price_variants,currency,avg_cost_per_use,avg_qty_per_use,usage_count,used_in_work_items,parent_category,parent_collection,parent_department,parent_section
870005,kompozitni radni dan,Labor,Labor,work-day,10.91,10.91,10.91,10.91,1,EUR,62.23,5.7067,7704,7704,建筑工程,Opći radovi instalacije - Vol.4 Instalacija električne opreme,suha ugradnja,ugradnja
840023,troškovi drugih alata,Equipment,General,CNY,0.0,0.0,0.0,0.0,0,EUR,1.65,13.1468,5840,5840,建筑工程,zemljani radovi i radovi s kamenom,radni radovi na stijeni,iskop općih zemljanih radova
840004,troškovi drugih materijala,Material,General,CNY,0.0,0.0,0.0,0.0,0,EUR,0.97,6.9714,5546,5546,建筑工程,zemljani radovi i radovi s kamenom,zaobljavanje,nasipavanje temelja
870003,kompozitni radni dan,Labor,Labor,work-day,12.18,12.18,12.18,12.18,1,EUR,3.12,0.2564,1585,1585,建筑工程,radovi na vratima i prozorima,metalna vrata,strop
870002,kompozitni radni dan,Labor,Labor,work-day,11.53,11.53,11.53,11.53,1,EUR,17.51,1.5184,814,814,建筑工程,tretman tla i potpora padinama,temeljna jama,()
100321,dizel,Material,General,kg,1.24,1.24,1.24,1.24,1,EUR,7.47,6.0055,718,718,建筑工程,zemljani radovi i radovi s kamenom,radni radovi na stijeni,iskop općih zemljanih radova
090290,elektroda (kompozitna),Material,Welding Consumables,kg,1.08,1.08,1.08,1.08,1,EUR,1.92,1.7775,690,690,建筑工程,tretman tla i potpora padinama,temeljna jama,sekcija čeličnih pilota
870004,kompozitni radni dan,Labor,Labor,work-day,14.41,14.41,14.41,14.41,1,EUR,12.51,0.8678,589,589,建筑工程,radovi završne obrade poda,keramičke pločice,ground
110057,sušilo,Material,General,kg,2.63,2.63,2.63,2.63,1,EUR,0.01,0.0026,542,542,建筑工程,"radovi slikanja, premazivanja i lijepljenja papira","drveni rukohvati i drugi predmeti, ploče, trake i obloge za bojenje","metalna vrata, boja za prozore"
800138,miješalica za malter 200L,Equipment,General,machine-shift,1.52,1.52,1.52,1.52,1,EUR,0.01,0.0086,530,530,建筑工程,tretman tla i potpora padinama,temeljna jama,čavli
870006,kompozitni radni dan,Labor,Labor,work-day,13.39,13.39,13.39,13.39,1,EUR,380.41,28.4191,414,414,建筑工程,Opći radovi instalacije - Vol.4 Instalacija električne opreme,visinska električna instalacija,električna energija
850108,električna energija,Equipment,General,machine-shift,2.52,2.52,2.52,2.52,1,EUR,16.23,6.4467,399,399,建筑工程,Opći radovi instalacije - Vol.5 Sustavi zgrade inteligencije,instalacija,instalacija
030001,sječena drva,Material,Wood & Timber,m3,263.28,263.28,263.28,263.28,1,EUR,3.59,0.0136,392,392,建筑工程,tretman tla i potpora padinama,prefabricirani betonski stup,profil i ostali elementi krova
800011,stroj za zavarivanje (kompozitni),Equipment,Welding Equip.,machine-shift,2.58,2.58,2.58,2.58,1,EUR,0.46,0.1773,389,389,建筑工程,radovi na zabijanju,bore pile,profil i ostali elementi krova
110120,acetilen,Material,Chemicals,m3,3.88,3.88,3.88,3.88,1,EUR,1.66,0.4285,324,324,建筑工程,tretman tla i potpora padinama,temeljna jama,()
110499,razrjeđivač akrila,Material,Paint & Coatings,kg,2.02,2.02,2.02,2.02,1,EUR,0.08,0.0374,321,321,建筑工程,"radovi slikanja, premazivanja i lijepljenja papira","drveni rukohvati i drugi predmeti, ploče, trake i obloge za bojenje","metalna vrata, boja za prozore"
110121,kisikik,Material,Chemicals,m3,0.5,0.5,0.5,0.5,1,EUR,0.4,0.7981,315,315,建筑工程,tretman tla i potpora padinama,temeljna jama,()
840021,troškovi materijala,Material,General,CNY,0.0,0.0,0.0,0.0,0,EUR,3.7,26.686,269,269,建筑工程,Opći radovi instalacije - Vol.6 Instrumentacija za automatizaciju i kontrolu,i s,jedan
800045,rotacijska čekić 520W,Equipment,General,machine-shift,0.55,0.55,0.55,0.55,1,EUR,0.06,0.1064,222,222,建筑工程,radovi na vratima i prozorima,metalna vrata,ukrasni zidni žbuka
850002,34401,Equipment,General,machine-shift,2.42,2.42,2.42,2.42,1,EUR,4.9,2.0225,219,219,建筑工程,Opći radovi instalacije - Vol.4 Instalacija električne opreme,visinska električna instalacija,visinska električna instalacija
870001,kompozitni radni dan,Labor,Labor,work-day,10.3,10.3,10.3,10.3,1,EUR,9.57,0.9299,206,206,建筑工程,zemljani radovi i radovi s kamenom,radni radovi na stijeni,iskop općih zemljanih radova
800102,kamionska dizalica 16t,Equipment,Cranes,machine-shift,126.82,126.82,126.82,126.82,1,EUR,6.09,0.048,198,198,建筑工程,tretman tla i potpora padinama,temeljna jama,sekcija čeličnih pilota
850125,F-87,Equipment,General,machine-shift,0.94,0.94,0.94,0.94,1,EUR,7.95,8.4372,185,185,建筑工程,Opći radovi instalacije - Vol.4 Instalacija električne opreme,električna energija,električna energija
800073,kamenorezac,Equipment,General,machine-shift,3.21,3.21,3.21,3.21,1,EUR,0.04,0.0135,179,179,建筑工程,radovi na krovovima i hidroizolaciji,sloj zaštitnog sloja protiv korozije,profil i ostali elementi krova
280120,6,Material,General,pcs,0.47,0.47,0.47,0.47,1,EUR,0.95,2.03,173,173,建筑工程,Opći radovi instalacije - Vol.4 Instalacija električne opreme,električna instalacija,montaža mreže
010023,cinkani ravni čelik,Material,Steel & Metal,kg,0.72,0.72,0.72,0.72,1,EUR,1.9,2.6293,165,165,建筑工程,Opći radovi instalacije - Vol.4 Instalacija električne opreme,suha ugradnja,ugradnja
800186,ručna bušilica 0.5kW,Equipment,General,machine-shift,0.16,0.16,0.16,0.16,1,EUR,0.01,0.0667,158,158,建筑工程,radovi na vratima i prozorima,metalna vrata,površina kamene ploče nosača
100040,bijela terpentin boja,Material,Paint & Coatings,kg,2.49,2.49,2.49,2.49,1,EUR,0.07,0.0282,158,158,建筑工程,radovi završne obrade poda,"drveni rukohvati i drugi predmeti, ploče, trake i obloge za bojenje","metalna vrata, boja za prozore"
800033,AC aparat za zavarivanje 32kVA,Equipment,Welding Equip.,machine-shift,2.08,2.08,2.08,2.08,1,EUR,1.19,0.5747,157,157,建筑工程,tretman tla i potpora padinama,temeljna jama,sekcija čeličnih pilota
800148,električna bušilica 1kW,Equipment,General,machine-shift,0.64,0.64,0.64,0.64,1,EUR,0.14,0.2165,152,152,建筑工程,radovi na vratima i prozorima,"vrata, vrata",dekorativna površina stupa (greda)
110060,silikonski brtvilo (brtvilo),Material,Rubber,pcs,0.94,0.94,0.94,0.94,1,EUR,0.58,0.6182,149,149,建筑工程,radovi na vratima i prozorima,lajsna,površina kamene ploče stupca
800278,teretni kamion 15t,Equipment,Trucks,machine-shift,54.44,54.44,54.44,54.44,1,EUR,2.18,0.04,145,145,建筑工程,pripreme i mjere na gradilištu,betonska oplata i nosači za lijevanje na licu mjesta,skela
150007,električna energija,Material,General,kWh,0.18,0.18,0.18,0.18,1,EUR,1.44,8.1654,143,143,建筑工程,tretman tla i potpora padinama,temeljna jama,temeljni zid
840027,amortizirani trošak materijala,Material,General,CNY,0.0,0.0,0.0,0.0,0,EUR,9.55,68.9437,142,142,建筑工程,pripreme i mjere na gradilištu,betonska oplata i nosači za lijevanje na licu mjesta,skela
840028,trošak najma materijala,Material,General,CNY,0.0,0.0,0.0,0.0,0,EUR,2.67,19.2429,142,142,建筑工程,pripreme i mjere na gradilištu,betonska oplata i nosači za lijevanje na licu mjesta,skela
350011,kalup BV-6,Material,General,m,0.55,0.55,0.55,0.55,1,EUR,1.13,2.0601,140,140,建筑工程,Opći radovi instalacije - Vol.5 Sustavi zgrade inteligencije,instalacija,montaža mreže
800007,teretno vozilo 5t,Equipment,Trucks,machine-shift,26.81,26.81,26.81,26.81,1,EUR,2.12,0.079,140,140,建筑工程,Opći radovi instalacije - Vol.4 Instalacija električne opreme,visoka električna instalacija,instalacija
090263,željezni pribor,Material,Steel & Metal,kg,0.62,0.62,0.62,0.62,1,EUR,15.51,24.8784,137,137,建筑工程,radovi na zabijanju,zidarska opeka,vodonepropusni krov
280122,16,Material,General,pcs,0.94,0.94,0.94,0.94,1,EUR,2.42,2.5775,135,135,建筑工程,Opći radovi instalacije - Vol.4 Instalacija električne opreme,električna instalacija,ugradnja električnih instalacija
090045,galvanizirani 8,Material,General,pcs,0.0,0.0,0.0,0.0,1,EUR,0.01,4.8598,130,130,建筑工程,Opći radovi instalacije - Vol.4 Instalacija električne opreme,električna instalacija,instalacija
800014,električna dizalica 5t,Equipment,Hoists,machine-shift,15.63,15.63,15.63,15.63,1,EUR,6.26,0.4007,129,129,建筑工程,Opći radovi instalacije - Vol.7 Ventilacija i klimatizacija,i instalacija,instalacija
850009,električna energija 3141,Equipment,General,machine-shift,0.87,0.87,0.87,0.87,1,EUR,0.41,0.4694,128,128,建筑工程,Opći radovi instalacije - Vol.4 Instalacija električne opreme,električna energija,električna energija
090029,galvanizirani 8,Material,General,pcs,0.02,0.02,0.02,0.02,1,EUR,0.15,9.541,127,127,建筑工程,radovi na stropovima,suspendirani strop,stropna greda
090030,galvanizirani 10,Material,General,pcs,0.02,0.02,0.02,0.02,1,EUR,0.16,10.4954,121,121,建筑工程,Opći radovi instalacije - Vol.4 Instalacija električne opreme,visina ugradnje,ugradnja
110152,kontaktno ljepilo,Material,General,kg,1.87,1.87,1.87,1.87,1,EUR,0.54,0.2894,120,120,建筑工程,radovi na vratima i prozorima,prozorni ploča,krov
110321,voda,Material,Water,kg,0.89,0.89,0.89,0.89,1,EUR,0.05,0.0545,117,117,建筑工程,Opći radovi instalacije - Vol.5 Sustavi zgrade inteligencije,instalacija,instalacija
010138,ploča za shim,Material,General,kg,0.63,0.63,0.63,0.63,1,EUR,1.38,2.1702,116,116,建筑工程,radovi na zabijanju,prefabricirani betonski stup,profil i ostali elementi krova
020003,bijeli cement,Material,Concrete & Cement,kg,0.13,0.13,0.13,0.13,1,EUR,0.08,0.6026,116,116,建筑工程,"završne obrade zidova i stupova, pregrade i zavjese",sloj blok-fasade zida,kameno ploča zidna površina
010016,kutni čelik 63 unutra,Material,Steel & Metal,kg,0.51,0.51,0.51,0.51,1,EUR,2.9,5.71,115,115,建筑工程,radovi na krovovima i hidroizolaciji,stup (greda) okrenut,profil i ostali elementi krova
150122,nož za kamenorez,Equipment,General,pcs,1.11,1.11,1.11,1.11,1,EUR,0.04,0.0338,113,113,建筑工程,"završne obrade zidova i stupova, pregrade i zavjese",sloj blok-fasade zida,kameno ploča zidna površina
090174,ploča za shim,Material,General,kg,0.53,0.53,0.53,0.53,1,EUR,1.88,3.5739,113,113,建筑工程,Opći radovi instalacije - Vol.4 Instalacija električne opreme,suha ugradnja,ugradnja
110570,akrilna podloga za drvo na bazi ulja,Material,Wood & Timber,kg,2.22,2.22,2.22,2.22,1,EUR,0.24,0.1094,112,112,建筑工程,"radovi slikanja, premazivanja i lijepljenja papira","drveni rukohvati i drugi predmeti, ploče, trake i obloge za bojenje",boja za drvene ograde
110769,razrjeđivač za nitrocelulozni temeljni premaz za drvo,Material,Wood & Timber,kg,4.85,4.85,4.85,4.85,1,EUR,0.09,0.0184,112,112,建筑工程,"radovi slikanja, premazivanja i lijepljenja papira","drveni rukohvati i drugi predmeti, ploče, trake i obloge za bojenje",boja za drvene ograde
350237,temeljno oblikovanje,Material,General,m,2.08,2.08,2.08,2.08,1,EUR,1.37,0.659,111,111,建筑工程,Opći radovi instalacije - Vol.4 Instalacija električne opreme,električna instalacija,ugradnja električnih instalacija
110172,benzin,Material,General,kg,1.31,1.31,1.31,1.31,1,EUR,22.08,16.8779,109,109,建筑工程,tretman tla i potpora padinama,vodonepropusnost krova i sitni materijali,vodonepropusna membrana za krov
400034,DS mort,Material,Concrete & Cement,m3,63.6,63.6,63.6,63.6,1,EUR,1.71,0.0268,107,107,建筑工程,zidarski radovi,sloj za zatamnjivanje,profil i ostali elementi krova
110593,razrjeđivač za poliuretanski temeljni premaz,Material,Paint & Coatings,kg,2.02,2.02,2.02,2.02,1,EUR,0.05,0.0225,106,106,建筑工程,"radovi slikanja, premazivanja i lijepljenja papira","drveni rukohvati i drugi predmeti, ploče, trake i obloge za bojenje","metalna vrata, boja za prozore"
110132,lateks,Material,General,kg,0.9,0.9,0.9,0.9,1,EUR,0.84,0.9292,106,106,建筑工程,radovi na drvenim konstrukcijama,strukturno drvo,dekorativna ploča za zidne površine
020001,cement (kompozitni),Material,Concrete & Cement,kg,0.06,0.06,0.06,0.06,1,EUR,1.77,31.9707,101,101,建筑工程,radovi na zabijanju,bore pile,antikorozivni sloj žbuke
090503,cinkovani čavao M6,Equipment,General,set,0.06,0.06,0.06,0.06,1,EUR,0.25,3.9667,100,100,建筑工程,Opći radovi instalacije - Vol.5 Sustavi zgrade inteligencije,instalacija,električna instalacija
830075,kompozitna šperploča za oplatu,Material,Wood & Timber,m2,4.16,4.16,4.16,4.16,1,EUR,0.38,0.0922,99,99,建筑工程,pripreme i mjere na gradilištu,betonska oplata i nosači za lijevanje na licu mjesta,temelj
110360,temeljni sloj od ugljenog bitumena,Material,Paint & Coatings,kg,2.23,2.23,2.23,2.23,1,EUR,0.28,0.1245,99,99,建筑工程,"Opći radovi instalacije - Vol.12 Slikarstvo, antikorozivna zaštita, toplinska iz",antikorozivni,premazivanje četkom običnim antikorozivnim premazom
040025,pijesak,Material,Aggregates,kg,0.01,0.01,0.01,0.01,1,EUR,0.74,75.7993,99,99,建筑工程,tretman tla i potpora padinama,kamena suhozidna,profil i ostali elementi krova
110361,gornji sloj ugljenog bitumena,Material,Waterproofing,kg,2.23,2.23,2.23,2.23,1,EUR,2.26,1.0119,99,99,建筑工程,"Opći radovi instalacije - Vol.12 Slikarstvo, antikorozivna zaštita, toplinska iz",antikorozivni,premazivanje četkom običnim antikorozivnim premazom
090278,svrdlo od legiranog čelika,Material,Steel & Metal,pcs,4.16,4.16,4.16,4.16,1,EUR,0.79,0.1911,98,98,建筑工程,"završne obrade zidova i stupova, pregrade i zavjese",sloj blok-fasade zida,kameno ploča zidna površina
850194,kompozitni 2422,Equipment,General,machine-shift,4.23,4.23,4.23,4.23,1,EUR,19.46,4.6033,98,98,建筑工程,Opći radovi instalacije - Vol.6 Instrumentacija za automatizaciju i kontrolu,i,(DCS)
090495,galvanizirani 10,Material,General,pcs,0.0,0.0,0.0,0.0,1,EUR,0.02,5.1336,97,97,建筑工程,Opći radovi instalacije - Vol.4 Instalacija električne opreme,visina ugradnje,ugradnja
840006,voda,Material,Water,t,0.86,0.86,0.86,0.86,1,EUR,0.48,0.553,96,96,建筑工程,tretman tla i potpora padinama,temeljna jama,sekcija čeličnih pilota
850201,električna energija SB861,Equipment,General,machine-shift,6.11,6.11,6.11,6.11,1,EUR,3.45,0.5644,96,96,建筑工程,Opći radovi instalacije - Vol.6 Instrumentacija za automatizaciju i kontrolu,i,jedan
400043,ljepilo DTA mort,Material,Concrete & Cement,m3,304.85,304.85,304.85,304.85,1,EUR,2.03,0.0066,96,96,建筑工程,radovi na vratima i prozorima,vrata i prozori,profil i ostali elementi krova
800185,električni rezač,Equipment,General,machine-shift,3.85,3.85,3.86,3.85,2,EUR,0.18,0.0472,95,95,建筑工程,"završne obrade zidova i stupova, pregrade i zavjese",zidna obloga,dekorativna ploča za zidne površine
090233,galvanizirani željezni žica 8 12,Material,Steel & Metal,kg,0.87,0.87,0.87,0.87,1,EUR,1.43,1.6515,95,95,建筑工程,betonski i armirano-betonski radovi,ploča od betona ugrađena na licu,timber ground slab
110546,razrjeđivač,Material,General,kg,4.71,4.71,4.71,4.71,1,EUR,0.49,0.1031,93,93,建筑工程,"Opći radovi instalacije - Vol.12 Slikarstvo, antikorozivna zaštita, toplinska iz",antikorozivni,boja
850180,DF-1,Equipment,General,machine-shift,1.75,1.75,1.75,1.75,1,EUR,9.32,5.3229,93,93,建筑工程,Opći radovi instalacije - Vol.6 Instrumentacija za automatizaciju i kontrolu,mreža i,mreža
110586,razrjeđivač za alkidni emajl,Material,Paint & Coatings,kg,1.48,1.48,1.48,1.48,1,EUR,0.02,0.016,90,90,建筑工程,"radovi slikanja, premazivanja i lijepljenja papira","drveni rukohvati i drugi predmeti, ploče, trake i obloge za bojenje",boja za drvene ograde
110585,alkidni emajl,Material,Paint & Coatings,kg,2.24,2.24,2.24,2.24,1,EUR,0.35,0.1542,90,90,建筑工程,"radovi slikanja, premazivanja i lijepljenja papira","drveni rukohvati i drugi predmeti, ploče, trake i obloge za bojenje",boja za drvene ograde
110174,200 benzin,Material,General,kg,0.87,0.87,0.87,0.87,1,EUR,0.05,0.0541,90,90,建筑工程,Opći radovi instalacije - Vol.4 Instalacija električne opreme,pravokutno četkanje,vodena ploča
110547,razrjeđivač za poli boju,Material,Paint & Coatings,kg,1.87,1.87,1.87,1.87,1,EUR,0.09,0.0467,90,90,建筑工程,"Opći radovi instalacije - Vol.12 Slikarstvo, antikorozivna zaštita, toplinska iz",,poli boja
110589,razrjeđivač za poliuretanski završni sloj,Material,General,kg,2.02,2.02,2.02,2.02,1,EUR,0.05,0.0234,88,88,建筑工程,"radovi slikanja, premazivanja i lijepljenja papira","drveni rukohvati i drugi predmeti, ploče, trake i obloge za bojenje","metalna vrata, boja za prozore"
110583,alkidni emajl,Material,Paint & Coatings,kg,2.42,2.42,2.42,2.42,1,EUR,0.31,0.1266,86,86,建筑工程,"radovi slikanja, premazivanja i lijepljenja papira","drveni rukohvati i drugi predmeti, ploče, trake i obloge za bojenje",boja za drvene ograde
110568,alkidni temeljni premaz,Material,Paint & Coatings,kg,1.8,1.8,1.8,1.8,1,EUR,0.16,0.0912,86,86,建筑工程,"radovi slikanja, premazivanja i lijepljenja papira","drveni rukohvati i drugi predmeti, ploče, trake i obloge za bojenje",boja za drvene ograde
850205,električna energija PZ38,Equipment,General,machine-shift,0.66,0.66,0.66,0.66,1,EUR,3.68,5.6206,86,86,建筑工程,Opći radovi instalacije - Vol.6 Instrumentacija za automatizaciju i kontrolu,mreža i,mreža
110584,razrjeđivač za alkidni emajl,Material,Paint & Coatings,kg,1.48,1.48,1.48,1.48,1,EUR,0.02,0.0145,86,86,建筑工程,"radovi slikanja, premazivanja i lijepljenja papira","drveni rukohvati i drugi predmeti, ploče, trake i obloge za bojenje",boja za drvene ograde
110564,temeljni premaz na bazi ulja za zaštitu,Material,Paint & Coatings,kg,2.81,2.81,2.81,2.81,1,EUR,0.17,0.0608,86,86,建筑工程,"radovi slikanja, premazivanja i lijepljenja papira","drveni rukohvati i drugi predmeti, ploče, trake i obloge za bojenje",boja za drvene ograde
010001,armaturni čelik 10 unutar,Material,Steel & Metal,kg,0.52,0.52,0.52,0.52,1,EUR,32.53,62.2772,85,85,建筑工程,tretman tla i potpora padinama,temeljna jama,čavli
850258,kompozitni D-063,Equipment,General,machine-shift,1.52,1.52,1.52,1.52,1,EUR,1.38,0.9118,85,85,建筑工程,Opći radovi instalacije - Vol.6 Instrumentacija za automatizaciju i kontrolu,lock,jedan
010014,okrugla šipka 10 unutra,Material,General,kg,0.5,0.5,0.5,0.5,1,EUR,0.54,1.0639,84,84,建筑工程,ostali dekorativni radovi,ugradnja kalupa,(podloga)
110581,fenolna gotova boja,Material,Paint & Coatings,kg,2.42,2.42,2.42,2.42,1,EUR,0.33,0.1379,84,84,建筑工程,"radovi slikanja, premazivanja i lijepljenja papira","drveni rukohvati i drugi predmeti, ploče, trake i obloge za bojenje",boja za drvene ograde
110579,fenolni emajl,Material,Paint & Coatings,kg,2.01,2.01,2.01,2.01,1,EUR,0.27,0.1351,84,84,建筑工程,"radovi slikanja, premazivanja i lijepljenja papira","drveni rukohvati i drugi predmeti, ploče, trake i obloge za bojenje",boja za drvene ograde
110572,temeljni premaz za drvo na bazi nitroceluloze,Material,Wood & Timber,kg,2.56,2.56,2.56,2.56,1,EUR,0.17,0.0666,84,84,建筑工程,"radovi slikanja, premazivanja i lijepljenja papira","drveni rukohvati i drugi predmeti, ploče, trake i obloge za bojenje",boja za drvene ograde
110580,razrjeđivač za fenolni emajl,Material,Paint & Coatings,kg,2.15,2.15,2.15,2.15,1,EUR,0.04,0.0204,84,84,建筑工程,"radovi slikanja, premazivanja i lijepljenja papira","drveni rukohvati i drugi predmeti, ploče, trake i obloge za bojenje",boja za drvene ograde
110573,temeljni premaz za drvo od poliuretana,Material,Wood & Timber,kg,3.12,3.12,3.12,3.12,1,EUR,0.25,0.0788,84,84,建筑工程,"radovi slikanja, premazivanja i lijepljenja papira","drveni rukohvati i drugi predmeti, ploče, trake i obloge za bojenje",boja za drvene ograde
030007,plywood 5mm,Material,Wood & Timber,m2,2.11,2.11,2.11,2.11,1,EUR,2.2,1.0453,84,84,建筑工程,"završne obrade zidova i stupova, pregrade i zavjese",zidna obloga,dekorativna ploča za zidne površine
110582,razrjeđivač za fenolne gotove boje,Material,Paint & Coatings,kg,2.01,2.01,2.01,2.01,1,EUR,0.06,0.029,84,84,建筑工程,"radovi slikanja, premazivanja i lijepljenja papira","drveni rukohvati i drugi predmeti, ploče, trake i obloge za bojenje",boja za drvene ograde
090176,ploča za shim,Material,General,kg,0.53,0.53,0.53,0.53,1,EUR,10.21,19.381,82,82,建筑工程,Opći radovi instalacije - Vol.7 Ventilacija i klimatizacija,instalacija,vodovodna instalacija
110569,razrjeđivač za alkidni temeljni premaz,Material,Paint & Coatings,kg,2.01,2.01,2.01,2.01,1,EUR,0.02,0.0087,82,82,建筑工程,"radovi slikanja, premazivanja i lijepljenja papira","drveni rukohvati i drugi predmeti, ploče, trake i obloge za bojenje",boja za drvene ograde
090160,ekspanzijski vijak 10,Material,Fasteners,set,0.34,0.34,0.34,0.34,1,EUR,1.94,5.6749,82,82,建筑工程,radovi na stropovima,suspendirani strop,stropna greda
090175,ravna podloška,Material,General,kg,0.53,0.53,0.53,0.53,1,EUR,7.93,15.0586,82,82,建筑工程,Opći radovi instalacije - Vol.7 Ventilacija i klimatizacija,instalacija,vodovodna instalacija
800024,zračni kompresor 6m3/min,Equipment,Compressors,machine-shift,4.5,4.5,4.5,4.5,1,EUR,0.24,0.0523,81,81,建筑工程,radovi metalnih konstrukcija,čelična konstrukcija,vodonepropusna membrana za krov
330026,oblikovanje,Material,General,komad,20.79,20.79,20.79,20.79,1,EUR,0.46,0.0222,81,81,建筑工程,Opći radovi instalacije - Vol.5 Sustavi zgrade inteligencije,instalacija,() kalupljenje
110565,vodena prozirna temeljna brtvila,Material,Paint & Coatings,kg,2.56,2.56,2.56,2.56,1,EUR,0.08,0.0325,78,78,建筑工程,"radovi slikanja, premazivanja i lijepljenja papira","drveni rukohvati i drugi predmeti, ploče, trake i obloge za bojenje",boja za drvene ograde
090273,željezni pribor,Material,Steel & Metal,kg,0.57,0.57,0.57,0.57,1,EUR,11.96,21.0596,77,77,建筑工程,betonski i armirano-betonski radovi,radovi od armiranog čelika,GRC dekorativni profil
110561,drvofiksni kit,Material,Wood & Timber,kg,0.83,0.83,0.83,0.83,1,EUR,0.23,0.2795,76,76,建筑工程,"radovi slikanja, premazivanja i lijepljenja papira","drveni rukohvati i drugi predmeti, ploče, trake i obloge za bojenje",boja za drvene ograde
110576,akrilni premaz na bazi ulja,Material,General,kg,3.88,3.88,3.88,3.88,1,EUR,0.52,0.1338,76,76,建筑工程,"radovi slikanja, premazivanja i lijepljenja papira","drveni rukohvati i drugi predmeti, ploče, trake i obloge za bojenje","metalna vrata, boja za prozore"
110500,poliuretanski završni sloj za drvo,Material,Wood & Timber,kg,5.13,5.13,5.13,5.13,1,EUR,0.55,0.108,76,76,建筑工程,"radovi slikanja, premazivanja i lijepljenja papira","drveni rukohvati i drugi predmeti, ploče, trake i obloge za bojenje",boja za drvene ograde
110567,razrjeđivač za fenolni temeljni premaz,Material,Paint & Coatings,kg,1.87,1.87,1.87,1.87,1,EUR,0.02,0.0133,76,76,建筑工程,"radovi slikanja, premazivanja i lijepljenja papira","drveni rukohvati i drugi predmeti, ploče, trake i obloge za bojenje",boja za drvene ograde
110248,razrjeđivač,Material,General,kg,1.82,1.82,1.82,1.82,1,EUR,0.11,0.0579,75,75,建筑工程,"Opći radovi instalacije - Vol.12 Slikarstvo, antikorozivna zaštita, toplinska iz",,H8701 antikorozivni premaz
110020,antikorozivni lak,Material,Paint & Coatings,kg,2.26,2.26,2.26,2.26,1,EUR,0.1,0.0421,74,74,建筑工程,"radovi slikanja, premazivanja i lijepljenja papira",boja za metalne površine,"metalna vrata, boja za prozore"
400031,malterska žbuka DP-MR,Material,Concrete & Cement,m3,61.25,61.25,61.25,61.25,1,EUR,0.4,0.0066,73,73,建筑工程,radovi na krovovima i hidroizolaciji,"vodonepropusna površina zida, otpornost na vlagu",vodonepropusna žbuka za zidne površine (vlagozaštita)
800010,kompozit,Equipment,General,machine-shift,57.82,57.82,57.82,57.82,1,EUR,9.07,0.1568,73,73,建筑工程,Opći radovi instalacije - Vol.7 Ventilacija i klimatizacija,i instalacija,instalacija
110566,fenolni temeljni premaz,Material,Paint & Coatings,kg,1.57,1.57,1.57,1.57,1,EUR,0.11,0.0676,72,72,建筑工程,"radovi slikanja, premazivanja i lijepljenja papira","drveni rukohvati i drugi predmeti, ploče, trake i obloge za bojenje",boja za drvene ograde
830076,čelični kalup,Material,Steel & Metal,m2-day,0.05,0.05,0.05,0.05,1,EUR,0.58,11.8833,71,71,建筑工程,pripreme i mjere na gradilištu,betonska oplata i nosači za lijevanje na licu mjesta,temelj
090188,čavli,Material,Fasteners,pcs,0.01,0.01,0.01,0.01,1,EUR,0.04,6.8854,70,70,建筑工程,radovi metalnih konstrukcija,"čelična ploča, zidna ploča",i
110587,nitrocelulozni završni sloj za drvo,Material,Wood & Timber,kg,2.84,2.84,2.84,2.84,1,EUR,0.33,0.1175,70,70,建筑工程,"radovi slikanja, premazivanja i lijepljenja papira","drveni rukohvati i drugi predmeti, ploče, trake i obloge za bojenje",boja za drvene ograde
090121,cinkano s vijcima 8×(30 60),Material,Fasteners,set,0.06,0.06,0.06,0.06,1,EUR,0.48,8.5273,70,70,建筑工程,radovi na krovovima i hidroizolaciji,instalacija,vezivanje konstrukcijskog krova
110588,razrjeđivač za nitrocelulozni završni premaz za drvo,Material,Wood & Timber,kg,2.29,2.29,2.29,2.29,1,EUR,0.03,0.0147,70,70,建筑工程,"radovi slikanja, premazivanja i lijepljenja papira","drveni rukohvati i drugi predmeti, ploče, trake i obloge za bojenje",boja za drvene ograde
090159,ekspanzijski vijak 8,Material,Fasteners,set,0.16,0.16,0.16,0.16,1,EUR,0.73,4.6487,69,69,建筑工程,radovi na krovovima i hidroizolaciji,vodonepropusnost krova i sitni materijali,krov
030011,ploča,Material,General,m2,4.85,4.85,4.85,4.85,1,EUR,14.25,2.9382,68,68,建筑工程,radovi na vratima i prozorima,vrata i prozori,dekorativna ploča za zidne površine
090125,cinkano s vijcima 10×(40 60),Material,Fasteners,set,0.09,0.09,0.09,0.09,1,EUR,0.4,4.5012,67,67,建筑工程,Opći radovi instalacije - Vol.4 Instalacija električne opreme,instalacija,ugradnja
030053,kvadratno drvo,Material,Wood & Timber,m3,263.28,263.28,263.28,263.28,1,EUR,20.24,0.0769,67,67,建筑工程,betonski i armirano-betonski radovi,predgotovi betonski gred,dekorativna ploča za zidne površine
130001,staklo,Material,Glass,m2,0.39,0.39,0.39,0.39,1,EUR,0.92,2.3665,65,65,建筑工程,radovi na krovovima i hidroizolaciji,zidna obloga,profil i ostali elementi krova
010018,ravni čelik 60 unutar,Material,Steel & Metal,kg,0.51,0.51,0.51,0.51,1,EUR,0.97,1.9068,65,65,建筑工程,radovi na krovovima i hidroizolaciji,stup (greda) okrenut,profil i ostali elementi krova
110199,vrsta ljepila,Material,General,kg,0.28,0.28,0.28,0.28,1,EUR,1.21,4.3518,64,64,建筑工程,"završne obrade zidova i stupova, pregrade i zavjese",sloj blok-fasade zida,ukrasni zidni žbuka
350029,kalup BV-16,Material,General,m,1.23,1.23,1.23,1.23,1,EUR,1.67,1.3652,64,64,建筑工程,Opći radovi instalacije - Vol.5 Sustavi zgrade inteligencije,instalacija,"okvir, ugradnja"
400045,površinski mort DB,Material,Concrete & Cement,m3,63.6,63.6,63.6,63.6,1,EUR,0.08,0.0013,64,64,建筑工程,radovi toplinske i akustične izolacije i antikorozivne zaštite,ukrasno,strop
010030,obična čelična ploča 3.5 4.0,Material,Steel & Metal,kg,0.61,0.61,0.61,0.61,1,EUR,0.52,0.845,63,63,建筑工程,Opći radovi instalacije - Vol.4 Instalacija električne opreme,instalacija,ugradnja kalupa i izrada čelika
120010,polietilen s promjerom 20,Material,General,m,0.05,0.05,0.05,0.05,1,EUR,0.09,1.8839,62,62,建筑工程,Opći radovi instalacije - Vol.9 Zaštita od požara,zavarivanje čelične cijevi,zavarivanje čelične cijevi ()
850196,NF-1513A,Equipment,General,machine-shift,1.23,1.23,1.23,1.23,1,EUR,1.17,0.949,62,62,建筑工程,Opći radovi instalacije - Vol.6 Instrumentacija za automatizaciju i kontrolu,i,(DCS)
850256,električna energija,Equipment,General,machine-shift,1.64,1.64,1.64,1.64,1,EUR,1.37,0.8372,62,62,建筑工程,Opći radovi instalacije - Vol.6 Instrumentacija za automatizaciju i kontrolu,i,jedan
800238,7.5kW,Equipment,General,machine-shift,0.71,0.71,0.71,0.71,1,EUR,0.05,0.0652,61,61,建筑工程,radovi toplinske i akustične izolacije i antikorozivne zaštite,sloj zaštitnog sloja protiv korozije,stakleni čelik sloj za zaštitu od korozije
800002,kamion dizalica 8t,Equipment,Cranes,machine-shift,67.98,67.98,67.98,67.98,1,EUR,13.34,0.1963,61,61,建筑工程,Opći radovi instalacije - Vol.4 Instalacija električne opreme,visoka električna instalacija,vrt
400054,malter za zidanje DM5.0-HR,Material,Concrete & Cement,m3,63.6,63.6,63.6,63.6,1,EUR,5.04,0.0793,59,59,建筑工程,zidarski radovi,zidarska opeka,
130040,alkalno otporna mreža od staklenih vlakana,Material,Glass,m2,0.28,0.28,0.28,0.28,1,EUR,0.29,1.0472,59,59,建筑工程,radovi na krovovima i hidroizolaciji,gipsanje površine kolone (grede),strop
110498,akrilni završni sloj za drvo,Material,Wood & Timber,kg,4.16,4.16,4.16,4.16,1,EUR,0.53,0.127,58,58,建筑工程,"radovi slikanja, premazivanja i lijepljenja papira","drveni rukohvati i drugi predmeti, ploče, trake i obloge za bojenje",boja za drvene ograde
110398,emajl,Material,Paint & Coatings,kg,4.74,4.74,4.74,4.74,1,EUR,1.41,0.2986,58,58,建筑工程,"Opći radovi instalacije - Vol.12 Slikarstvo, antikorozivna zaštita, toplinska iz",,boja
850197,PM6665/036,Equipment,General,machine-shift,5.8,5.8,5.8,5.8,1,EUR,3.94,0.6801,58,58,建筑工程,Opći radovi instalacije - Vol.6 Instrumentacija za automatizaciju i kontrolu,i,jedan
110166,ljepilo,Material,General,kg,0.32,0.32,0.32,0.32,1,EUR,0.05,0.1525,57,57,建筑工程,radovi na vratima i prozorima,vrata i prozori,antikorozivni sloj žbuke
100080,poliuretanska vodonepropusna prevlaka,Material,Waterproofing,kg,2.22,2.22,2.22,2.22,1,EUR,1.05,0.4753,57,57,建筑工程,radovi na krovovima i hidroizolaciji,vodonepropusnost krova i sitni materijali,vodonepropusna membrana za krov
030093,drvna građa,Material,Wood & Timber,m3,263.28,263.28,263.28,263.28,1,EUR,1.47,0.0056,57,57,建筑工程,radovi metalnih konstrukcija,čelična konstrukcija,profil i ostali elementi krova
110142,ljepilo,Material,General,kg,1.76,1.76,1.76,1.76,1,EUR,0.47,0.2696,56,56,建筑工程,radovi na krovovima i hidroizolaciji,vodonepropusnost krova i sitni materijali,profil i ostali elementi krova
800147,stroj za rezanje drva (kompozitni),Equipment,General,machine-shift,1.26,1.26,1.26,1.26,1,EUR,0.01,0.0119,54,54,建筑工程,radovi završne obrade poda,završni sloj,timber ground slab
090707,s vijakom M8×14,Material,Fasteners,set,0.15,0.15,0.15,0.15,1,EUR,0.61,3.985,54,54,建筑工程,Opći radovi instalacije - Vol.6 Instrumentacija za automatizaciju i kontrolu,i s,jedan
830079,oblikovanje vodene dekorativne betonske oplatte,Material,Concrete & Cement,m2,8.31,8.31,8.31,8.31,1,EUR,2.18,0.2625,54,54,建筑工程,pripreme i mjere na gradilištu,betonska oplata i nosači za lijevanje na licu mjesta,stupac
110578,akrilni poliuretanski temeljni premaz,Material,Paint & Coatings,kg,2.97,2.97,2.97,2.97,1,EUR,0.17,0.0579,54,54,建筑工程,"radovi slikanja, premazivanja i lijepljenja papira","drveni rukohvati i drugi predmeti, ploče, trake i obloge za bojenje",boja za drvene ograde
350028,kalup BV-1.5,Material,General,m,0.15,0.15,0.15,0.15,1,EUR,0.55,3.5872,54,54,建筑工程,Opći radovi instalacije - Vol.5 Sustavi zgrade inteligencije,,"instalacija, pojedinačna"
150300,tip,Material,General,pcs,0.07,0.07,0.07,0.07,1,EUR,0.42,6.0418,53,53,建筑工程,Opći radovi instalacije - Vol.4 Instalacija električne opreme,ugradnja kalupa,PVC
800018,(složeno),Equipment,General,machine-shift,1.17,1.17,1.17,1.17,1,EUR,0.01,0.0083,53,53,建筑工程,Opći radovi instalacije - Vol.7 Ventilacija i klimatizacija,instalacija,cinkovana čelična cijev (zavarivanje)
400009,C30 gotovi beton,Material,Concrete & Cement,m3,56.81,56.81,56.81,56.81,1,EUR,54.05,0.9513,52,52,建筑工程,tretman tla i potpora padinama,temeljna jama,temeljni zid
110234,razrjeđivač na bazi ulja,Material,General,kg,1.54,1.54,1.54,1.54,1,EUR,0.04,0.0236,52,52,建筑工程,"radovi slikanja, premazivanja i lijepljenja papira",boja za drvene površine,drvena suspendirana stropna boja
110108,kamen,Material,General,kg,0.19,0.19,0.19,0.19,1,EUR,0.05,0.2716,52,52,建筑工程,radovi toplinske i akustične izolacije i antikorozivne zaštite,sloj zaštitnog sloja protiv korozije,stakleni čelik sloj za zaštitu od korozije
110016,gotova boja,Material,Paint & Coatings,kg,1.72,1.72,1.72,1.72,1,EUR,0.04,0.0249,51,51,建筑工程,Opći radovi instalacije - Vol.4 Instalacija električne opreme,"električna energija, ugradnja",ugradnja električnih instalacija
010033,obična čelična ploča 16 20,Material,Steel & Metal,kg,0.62,0.62,0.62,0.62,1,EUR,4.61,7.4172,51,51,建筑工程,tretman tla i potpora padinama,temeljna jama,()
090496,galvanizirano 12,Material,General,pcs,0.0,0.0,0.0,0.0,1,EUR,0.03,6.5484,51,51,建筑工程,Opći radovi instalacije - Vol.4 Instalacija električne opreme,visoka električna instalacija,
110097,vrsta ljepila,Material,General,kg,0.19,0.19,0.19,0.19,1,EUR,0.06,0.2982,51,51,建筑工程,"završne obrade zidova i stupova, pregrade i zavjese",zidna obloga,dekorativna ploča za zidne površine
120030,poseban oblik 5,Material,General,m,0.04,0.04,0.04,0.04,1,EUR,0.09,2.6272,50,50,建筑工程,Opći radovi instalacije - Vol.4 Instalacija električne opreme,"električna energija, ugradnja",
090120,cinkano s vijcima 8×(16 25),Material,Fasteners,set,0.03,0.03,0.03,0.03,1,EUR,0.19,5.5211,50,50,建筑工程,Opći radovi instalacije - Vol.5 Sustavi zgrade inteligencije,mreža,instalacija
100098,staklo,Material,Glass,m2,0.42,0.42,0.42,0.42,1,EUR,0.6,1.4528,50,50,建筑工程,radovi na krovovima i hidroizolaciji,"vodonepropusnost podruma i poda, otpornost na vlagu",vodonepropusna membrana za podove
800050,elektroda za zavarivanje suha 600×500×750,Equipment,Welding Equip.,machine-shift,3.12,3.12,3.12,3.12,1,EUR,1.09,0.3483,50,50,建筑工程,radovi metalnih konstrukcija,čelična konstrukcija,
091056,vijak za proširenje pocinčani 8,Material,Fasteners,set,0.39,0.39,0.39,0.39,1,EUR,0.99,2.5218,50,50,建筑工程,Opći radovi instalacije - Vol.4 Instalacija električne opreme,instalacija,instalacija
010154,čelična žica,Material,Steel & Metal,kg,1.07,1.07,1.07,1.07,1,EUR,0.43,0.3987,49,49,建筑工程,betonski i armirano-betonski radovi,prefabricirani betonski stup,
090338,nehrđajući čelik,Material,Steel & Metal,pcs,0.36,0.36,0.36,0.36,1,EUR,3.77,10.4682,49,49,建筑工程,"završne obrade zidova i stupova, pregrade i zavjese",zidna obloga,dekorativna ploča za zidne površine
110575,fluorokarbonski premaz na bazi ulja,Material,General,kg,3.96,3.96,3.96,3.96,1,EUR,0.88,0.223,48,48,建筑工程,"radovi slikanja, premazivanja i lijepljenja papira","drveni rukohvati i drugi predmeti, ploče, trake i obloge za bojenje",boja za drvene ograde
800231,elektroda za zavarivanje,Equipment,Welding Equip.,machine-shift,2.11,2.11,2.11,2.11,1,EUR,0.73,0.3464,48,48,建筑工程,radovi metalnih konstrukcija,čelična konstrukcija,
110059,(protiv korozije),Material,General,kg,0.19,0.19,0.19,0.19,1,EUR,0.05,0.2438,47,47,建筑工程,radovi završne obrade poda,keramičke pločice,timber ground slab
800006,teretni kamion 4t,Equipment,Trucks,machine-shift,24.9,24.9,24.9,24.9,1,EUR,13.22,0.5307,47,47,建筑工程,Opći radovi instalacije - Vol.4 Instalacija električne opreme,"električna energija, ugradnja","instalacija, pojedinačna"
800184,rezač šipki,Equipment,General,machine-shift,1.98,1.98,1.98,1.98,1,EUR,0.39,0.1981,47,47,建筑工程,betonski i armirano-betonski radovi,radovi od armiranog čelika,profil i ostali elementi krova
250051,"(s, s) 0 1.6MPa",Material,General,set,21.21,21.21,21.21,21.21,1,EUR,0.95,0.045,47,47,建筑工程,Opći radovi instalacije - Vol.9 Zaštita od požara,zavarivanje čelične cijevi,cinkovana čelična cijev (zavarivanje)
100035,ljepilo za ploče 3 5,Material,General,kg,1.18,1.18,1.18,1.18,1,EUR,0.56,0.4698,46,46,建筑工程,Opći radovi instalacije - Vol.7 Ventilacija i klimatizacija,i instalacija,instalacija
110024,fenolni emajl,Material,Paint & Coatings,kg,2.4,2.4,2.4,2.4,1,EUR,0.14,0.0576,45,45,建筑工程,Opći radovi instalacije - Vol.4 Instalacija električne opreme,visoka električna instalacija,ugradnja električnih instalacija
810233,1: 1 cementni mort,Material,Concrete & Cement,m3,65.96,65.96,65.96,65.96,1,EUR,0.27,0.0041,44,44,建筑工程,"završne obrade zidova i stupova, pregrade i zavjese",gipsanje površine kolone (grede),zidna površinska fugiranja
110577,s akrilnim završnim slojem,Equipment,General,kg,2.83,2.83,2.83,2.83,1,EUR,0.42,0.1482,44,44,建筑工程,"radovi slikanja, premazivanja i lijepljenja papira","drveni rukohvati i drugi predmeti, ploče, trake i obloge za bojenje",boja za drvene ograde
010002,armaturna čelična šipka 10 izvan,Material,Steel & Metal,kg,0.54,0.54,0.54,0.54,1,EUR,457.03,850.0543,43,43,建筑工程,tretman tla i potpora padinama,temeljna jama,()
110039,gips,Material,General,kg,0.08,0.08,0.08,0.08,1,EUR,0.04,0.4737,43,43,建筑工程,"završne obrade zidova i stupova, pregrade i zavjese",stup (greda) okrenut,ukrasni stupac gotovog proizvoda
110064,kamen,Material,General,kg,0.11,0.11,0.11,0.11,1,EUR,0.23,2.0635,43,43,建筑工程,radovi toplinske i akustične izolacije i antikorozivne zaštite,sloj zaštitnog sloja protiv korozije,antikorozivni sloj završnog betona
090820,ekspanzijski vijak M8×100,Material,Fasteners,pcs,0.3,0.3,0.3,0.3,1,EUR,2.13,7.0675,43,43,建筑工程,radovi na vratima i prozorima,metalna vrata,
110563,nitrocelulozni prozirni sloj za temeljni premaz,Material,Paint & Coatings,kg,2.67,2.67,2.67,2.67,1,EUR,0.07,0.0278,42,42,建筑工程,"radovi slikanja, premazivanja i lijepljenja papira","drveni rukohvati i drugi predmeti, ploče, trake i obloge za bojenje",boja za drvene ograde
110574,akrilni poliuretanski završni sloj,Material,General,kg,3.26,3.26,3.26,3.26,1,EUR,0.45,0.1374,42,42,建筑工程,"radovi slikanja, premazivanja i lijepljenja papira","drveni rukohvati i drugi predmeti, ploče, trake i obloge za bojenje",boja za drvene ograde
850020,ML9001A,Equipment,General,machine-shift,8.69,8.69,8.69,8.69,1,EUR,4.8,0.5523,42,42,建筑工程,Opći radovi instalacije - Vol.5 Sustavi zgrade inteligencije,instalacija,"suha montaža kalupa, pojedinačna"
090118,cinkano s vijcima 6×(16 25),Material,Fasteners,set,0.01,0.01,0.01,0.01,1,EUR,0.1,6.9991,42,42,建筑工程,Opći radovi instalacije - Vol.5 Sustavi zgrade inteligencije,i instalacija,instalacija
030004,drvna građa,Material,Wood & Timber,m3,145.25,145.25,145.25,145.25,1,EUR,11.3,0.0778,41,41,建筑工程,Opći radovi instalacije - Vol.7 Ventilacija i klimatizacija,instalacija,vodovodna instalacija
090490,galvanizirani 6,Material,General,pcs,0.02,0.02,0.02,0.02,1,EUR,0.12,5.8516,41,41,建筑工程,Opći radovi instalacije - Vol.4 Instalacija električne opreme,električna instalacija,instalacija
090533,vijak za proširenje pocinčani 10,Material,Fasteners,set,0.44,0.44,0.44,0.44,1,EUR,1.35,3.0711,40,40,建筑工程,Opći radovi instalacije - Vol.4 Instalacija električne opreme,električna instalacija,električna zidna (stup) instalacija
090445,žica za zavarivanje od nehrđajućeg čelika,Material,Steel & Metal,kg,11.28,11.28,11.28,11.28,1,EUR,24.96,2.2128,40,40,建筑工程,radovi na krovovima i hidroizolaciji,vodonepropusnost krova i sitni materijali,vodonepropusni krov
090031,galvanizirano 12,Material,General,pcs,0.03,0.03,0.03,0.03,1,EUR,0.35,11.45,40,40,建筑工程,Opći radovi instalacije - Vol.4 Instalacija električne opreme,visoka električna instalacija,
810140,armaturna betonska temelj,Material,Concrete & Cement,m3,314.55,314.55,314.55,314.55,1,EUR,1.4,0.0044,39,39,建筑工程,pripreme i mjere na gradilištu,vertikalni transport,vertikalni transport
110069,kit,Material,General,kg,1.23,1.23,1.23,1.23,1,EUR,0.31,0.2536,39,39,建筑工程,radovi na krovovima i hidroizolaciji,vodonepropusnost krova i sitni materijali,vodonepropusni premaz krova
010013,čelični sekcijski profil,Material,Steel & Metal,kg,0.51,0.51,0.51,0.51,1,EUR,15.76,30.9998,38,38,建筑工程,Opći radovi instalacije - Vol.4 Instalacija električne opreme,instalacija,instalacija kvadratne izrade ()
400041,ljepilo za mort DEA,Material,Concrete & Cement,m3,729.51,729.51,729.51,729.51,1,EUR,1.62,0.0022,37,37,建筑工程,radovi toplinske i akustične izolacije i antikorozivne zaštite,,strop
400044,ispuna za fuge DTG mortom,Material,Concrete & Cement,m3,706.7,706.7,706.7,706.7,1,EUR,2.27,0.0032,37,37,建筑工程,"završne obrade zidova i stupova, pregrade i zavjese",sloj blok-fasade zida,zidna površina od drobljenog kamena (011204002)
030006,plywood 3mm,Material,Wood & Timber,m2,1.7,1.7,1.7,1.7,1,EUR,2.82,1.6518,37,37,建筑工程,"završne obrade zidova i stupova, pregrade i zavjese",zidna obloga,dekorativna ploča za zidne površine
100025,ljepilo za kamene ploče,Material,General,kg,1.18,1.18,1.18,1.18,1,EUR,1.94,1.6414,37,37,建筑工程,Opći radovi instalacije - Vol.6 Instrumentacija za automatizaciju i kontrolu,instalacija,instalacija
400030,žbuka mort,Material,Concrete & Cement,m3,68.31,68.31,68.31,68.31,1,EUR,2.12,0.031,36,36,建筑工程,tretman tla i potpora padinama,temeljna jama,"prskanje betona, cementni mort"
090241,čelična ploča mreža,Material,Steel & Metal,m2,1.14,1.14,1.14,1.14,1,EUR,1.17,1.0285,36,36,建筑工程,tretman tla i potpora padinama,temeljna jama,"prskanje betona, cementni mort"
110787,razrjeđivač za fluorokarbonsku boju na bazi ulja,Material,Paint & Coatings,kg,1.94,1.94,1.94,1.94,1,EUR,0.05,0.025,36,36,建筑工程,"radovi slikanja, premazivanja i lijepljenja papira","drveni rukohvati i drugi predmeti, ploče, trake i obloge za bojenje",boja za drvene ograde
110591,razrjeđivač za akrilnu boju na bazi vode,Material,Paint & Coatings,kg,1.87,1.87,1.87,1.87,1,EUR,0.02,0.0124,36,36,建筑工程,"radovi slikanja, premazivanja i lijepljenja papira",boja za drvene površine,"drvena ploča, vlaknasta ploča, boja za strop od šperploče"
090066,cinkovana matica 8,Material,Fasteners,pcs,0.01,0.01,0.01,0.01,1,EUR,0.04,4.1302,36,36,建筑工程,Opći radovi instalacije - Vol.7 Ventilacija i klimatizacija,i instalacija,instalacija
850210,električna energija ZX-54,Equipment,General,machine-shift,0.87,0.87,0.87,0.87,1,EUR,0.38,0.4396,36,36,建筑工程,Opći radovi instalacije - Vol.6 Instrumentacija za automatizaciju i kontrolu,,jedan
800064,150,Equipment,General,machine-shift,2.0,2.0,2.0,2.0,1,EUR,0.05,0.0227,36,36,建筑工程,betonski i armirano-betonski radovi,željezni pribor,zavarivanje čelične cijevi ()
800025,zračni kompresor 10m3/min,Equipment,Compressors,machine-shift,9.38,9.38,9.38,9.38,1,EUR,0.65,0.0696,36,36,建筑工程,tretman tla i potpora padinama,temeljna jama,temeljni zid
810005,1: 2.5 cementni mort,Material,Concrete & Cement,m3,39.97,39.46,40.1,40.1,2,EUR,1.84,0.0459,35,35,建筑工程,"završne obrade zidova i stupova, pregrade i zavjese",gipsanje površine kolone (grede),ukrasni zidni žbuka
010032,obična čelična ploča 8 15,Material,Steel & Metal,kg,0.63,0.63,0.63,0.63,1,EUR,6.24,9.9222,35,35,建筑工程,Opći radovi instalacije - Vol.4 Instalacija električne opreme,instalacija,električne instalacije izrade
400018,C15 kameni beton,Material,Concrete & Cement,m3,51.96,51.96,51.96,51.96,1,EUR,4.49,0.0864,35,35,建筑工程,radovi na krovovima i hidroizolaciji,vodonepropusnost krova i sitni materijali,vodonepropusni krov
850257,oblikovanje,Equipment,General,machine-shift,5.35,5.35,5.35,5.35,1,EUR,0.69,0.1283,34,34,建筑工程,Opći radovi instalacije - Vol.6 Instrumentacija za automatizaciju i kontrolu,lock,
090127,galvanizirano s vijcima 10×(85 100),Material,Fasteners,set,0.13,0.13,0.13,0.13,1,EUR,0.8,6.3729,34,34,建筑工程,Opći radovi instalacije - Vol.4 Instalacija električne opreme,instalacija,"okvir, ugradnja"
110159,antikorozivni,Material,General,kg,0.25,0.25,0.25,0.25,1,EUR,0.06,0.249,34,34,建筑工程,radovi na drvenim konstrukcijama,strukturno drvo,krov
090429,ekspanzijski vijak M8×110,Material,Fasteners,pcs,0.16,0.16,0.16,0.16,1,EUR,0.87,5.5306,34,34,建筑工程,radovi na vratima i prozorima,drveni prozor,
090494,galvanizirani 6,Material,General,pcs,0.0,0.0,0.0,0.0,1,EUR,0.01,3.42,34,34,建筑工程,Opći radovi instalacije - Vol.4 Instalacija električne opreme,električna instalacija,instalacija
090119,cinkano s vijcima 6×(30 50),Material,Fasteners,set,0.03,0.03,0.03,0.03,1,EUR,0.3,10.3269,33,33,建筑工程,Opći radovi instalacije - Vol.4 Instalacija električne opreme,električna instalacija,instalacija
850195,PJN5210S,Equipment,General,machine-shift,7.51,7.51,7.51,7.51,1,EUR,14.95,1.9917,33,33,建筑工程,Opći radovi instalacije - Vol.6 Instrumentacija za automatizaciju i kontrolu,"temelj (030608007, 030608008)",jedan
810047,cement,Material,Concrete & Cement,m3,81.98,81.98,81.98,81.98,1,EUR,0.14,0.0017,32,32,建筑工程,betonski i armirano-betonski radovi,radovi od armiranog čelika,antikorozivni sloj žbuke
080230,aluminijska ploča 5mm,Material,General,m2,8.31,8.31,8.31,8.31,1,EUR,8.76,1.0537,32,32,建筑工程,radovi na vratima i prozorima,prozorni ploča,dekorativna ploča za zidne površine
091474,vijak M14,Material,Fasteners,m,1.39,1.39,1.39,1.39,1,EUR,0.04,0.031,32,32,建筑工程,pripreme i mjere na gradilištu,betonska oplata i nosači za lijevanje na licu mjesta,greda
110228,brtvilo,Material,Rubber,kg,1.79,1.79,1.79,1.79,1,EUR,0.18,0.0992,32,32,建筑工程,radovi metalnih konstrukcija,"čelična ploča, zidna ploča",profil i ostali elementi krova
110549,poli boja,Material,Paint & Coatings,kg,3.16,3.16,3.16,3.16,1,EUR,0.55,0.1734,32,32,建筑工程,"Opći radovi instalacije - Vol.12 Slikarstvo, antikorozivna zaštita, toplinska iz",,poli boja
800396,zračni kompresor 3m3/min,Equipment,Compressors,machine-shift,2.62,2.62,2.62,2.62,1,EUR,0.08,0.0312,32,32,建筑工程,radovi na zabijanju,bore pile,H8701 antikorozivni premaz
090297,strip,Material,General,kg,0.83,0.83,0.83,0.83,1,EUR,0.22,0.261,31,31,建筑工程,Opći radovi instalacije - Vol.6 Instrumentacija za automatizaciju i kontrolu,podzemna (vodena) instalacija,vodovodna instalacija
800072,električna energija,Equipment,General,machine-shift,18.11,18.11,18.11,18.11,1,EUR,0.5,0.0274,31,31,建筑工程,"završne obrade zidova i stupova, pregrade i zavjese",radovi na zavjesnim zidovima,s okvirom za zavjesnu stijenu
110136,boja,Material,Paint & Coatings,kg,2.49,2.49,2.49,2.49,1,EUR,1.02,0.4071,31,31,建筑工程,"radovi slikanja, premazivanja i lijepljenja papira",boja za drvene površine,"metalna vrata, boja za prozore"
150163,mreža,Material,General,m2,1.64,1.64,1.64,1.64,1,EUR,24.75,15.135,31,31,建筑工程,pripreme i mjere na gradilištu,,skela
800074,buldožer kompozit,Equipment,Bulldozers,machine-shift,62.73,62.73,62.73,62.73,1,EUR,0.13,0.002,31,31,建筑工程,zemljani radovi i radovi s kamenom,transport,iskop općih zemljanih radova
080011,U -oblikovani lagani čelični nosač CB38×12,Material,Steel & Metal,m,0.69,0.69,0.69,0.69,1,EUR,0.99,1.4254,30,30,建筑工程,radovi na stropovima,suspendirani strop,stropna greda
120170,poli 50,Material,General,m,0.13,0.13,0.13,0.13,1,EUR,0.01,0.08,30,30,建筑工程,radovi na krovovima i hidroizolaciji,"vodonepropusnost podruma i poda, otpornost na vlagu",vodonepropusna membrana za podove
040207,standardni opečni vez,Material,General,pcs,0.08,0.08,0.08,0.08,1,EUR,20.71,257.681,30,30,建筑工程,zidarski radovi,"voda, vodovod",vrt
800560,prskalica,Equipment,General,machine-shift,10.28,10.28,10.28,10.28,1,EUR,0.66,0.0645,30,30,建筑工程,"Opći radovi instalacije - Vol.12 Slikarstvo, antikorozivna zaštita, toplinska iz",,sprej premaz tip protukorozivni
280554,kalup (kompozit),Material,General,m,0.28,0.28,0.28,0.28,1,EUR,0.07,0.2459,30,30,建筑工程,Opći radovi instalacije - Vol.6 Instrumentacija za automatizaciju i kontrolu,,
110281,fenolni,Material,General,kg,2.97,2.97,2.97,2.97,1,EUR,0.77,0.258,30,30,建筑工程,"Opći radovi instalacije - Vol.12 Slikarstvo, antikorozivna zaštita, toplinska iz",,fenolna boja
110002,alkidni razrjeđivač,Material,General,kg,1.62,1.62,1.62,1.62,1,EUR,0.08,0.0481,30,30,建筑工程,"radovi slikanja, premazivanja i lijepljenja papira",boja na žbukanom površini,boja na žbukanom površini
060062,metal facing tile,Material,Steel & Metal,m2,11.09,11.09,11.09,11.09,1,EUR,11.5,1.0372,30,30,建筑工程,"završne obrade zidova i stupova, pregrade i zavjese",sloj blok-fasade zida,blok fasadne zidne površine
080017,U -oblikovani lagani čelični nosač CB38-L,Material,Steel & Metal,pcs,0.2,0.2,0.2,0.2,1,EUR,0.05,0.2486,30,30,建筑工程,radovi na stropovima,suspendirani strop,stropna greda
110590,akrilna boja na bazi vode,Material,Paint & Coatings,kg,2.42,2.42,2.42,2.42,1,EUR,0.31,0.1268,30,30,建筑工程,"radovi slikanja, premazivanja i lijepljenja papira",boja za drvene površine,"drvena ploča, vlaknasta ploča, boja za strop od šperploče"
400033,četkasti gipsani žbuka DP-G,Material,Concrete & Cement,m3,63.74,63.74,63.74,63.74,1,EUR,0.29,0.0046,30,30,建筑工程,"završne obrade zidova i stupova, pregrade i zavjese",gipsanje površine kolone (grede),opća žbuka površine grednog stupa
400012,C20 kameni beton,Material,Concrete & Cement,m3,54.04,54.04,54.04,54.04,1,EUR,0.71,0.0132,30,30,建筑工程,zidarski radovi,zidarska opeka,izravnavajući sloj
110244,vodeno staklo,Material,Glass,kg,0.11,0.11,0.11,0.11,1,EUR,0.39,3.5049,30,30,建筑工程,tretman tla i potpora padinama,sloj zaštitnog sloja protiv korozije,blok s antikoroznim završnim slojem
080032,U -oblikovani lagani čelični nosač CB38-1,Material,Steel & Metal,pcs,0.13,0.13,0.13,0.13,1,EUR,0.18,1.4164,30,30,建筑工程,radovi na stropovima,suspendirani strop,stropna greda
110550,poli boja završni sloj,Material,Paint & Coatings,kg,3.33,3.33,3.33,3.33,1,EUR,0.46,0.1375,29,29,建筑工程,"Opći radovi instalacije - Vol.12 Slikarstvo, antikorozivna zaštita, toplinska iz",,poli boja
090124,galvanizirano s vijcima 10×(20 35),Material,Fasteners,set,0.06,0.06,0.06,0.06,1,EUR,0.26,4.2992,29,29,建筑工程,Opći radovi instalacije - Vol.4 Instalacija električne opreme,visina ugradnje,električne instalacije izrade
090260,čavli,Material,Fasteners,kg,0.97,0.97,0.97,0.97,1,EUR,0.51,0.5269,29,29,建筑工程,betonski i armirano-betonski radovi,ugradbeni monolitni beton za konstrukciju,
110205,temeljni premaz na vodenoj bazi (obični),Material,Paint & Coatings,kg,0.93,0.93,0.93,0.93,1,EUR,0.13,0.1371,29,29,建筑工程,"radovi slikanja, premazivanja i lijepljenja papira",premazivanje sprejem i četkom,sloj premaza za završnu obradu zidova
130100,EPS ploča,Material,Wood & Timber,m3,59.58,59.58,59.58,59.58,1,EUR,7.98,0.134,29,29,建筑工程,zidarski radovi,sloj za zatamnjivanje,krov
110548,polimerni temeljni premaz za boju,Material,Paint & Coatings,kg,2.9,2.9,2.9,2.9,1,EUR,0.54,0.1858,29,29,建筑工程,"Opći radovi instalacije - Vol.12 Slikarstvo, antikorozivna zaštita, toplinska iz",,poli boja
090165,galvanizirani ekspanzijski vijak 12,Material,Fasteners,set,0.52,0.52,0.52,0.52,1,EUR,1.03,1.9727,29,29,建筑工程,Opći radovi instalacije - Vol.7 Ventilacija i klimatizacija,dodatni stupac,"pravokutna čelična ploča za ugradnju (1.2mm unutra, )"
800289,kiper 15t,Equipment,Trucks,machine-shift,73.84,73.84,73.84,73.84,1,EUR,0.69,0.0094,28,28,建筑工程,zemljani radovi i radovi s kamenom,transport,iskop općih zemljanih radova
850005,zemna električna GCT,Equipment,General,machine-shift,1.45,1.45,1.45,1.45,1,EUR,0.32,0.2198,28,28,建筑工程,Opći radovi instalacije - Vol.4 Instalacija električne opreme,ground,
800028,običan 400,Equipment,General,machine-shift,14.54,14.54,14.54,14.54,1,EUR,1.37,0.0944,28,28,建筑工程,Opći radovi instalacije - Vol.7 Ventilacija i klimatizacija,izrada i ugradnja,izrada vodonepropusnosti
830077,oblikovani čelični oplatni elementi,Material,Steel & Metal,m2-day,0.35,0.35,0.35,0.35,1,EUR,3.6,10.1934,28,28,建筑工程,pripreme i mjere na gradilištu,betonska oplata i nosači za lijevanje na licu mjesta,stupac
800046,rezač,Equipment,General,machine-shift,3.53,3.53,3.53,3.53,1,EUR,0.3,0.0851,28,28,建筑工程,radovi na zabijanju,keramičke pločice,dekorativna ploča za zidne površine
110103,bitumenska boja,Material,Paint & Coatings,kg,1.58,1.58,1.58,1.58,1,EUR,0.14,0.0897,28,28,建筑工程,radovi na zabijanju,ugradnja kalupa,
130095,EPS ploča,Material,Wood & Timber,m3,87.3,87.3,87.3,87.3,1,EUR,2.56,0.0293,28,28,建筑工程,radovi toplinske i akustične izolacije i antikorozivne zaštite,,strop
810177,polimerni cementni mort,Material,Concrete & Cement,m3,62.36,62.36,62.36,62.36,1,EUR,0.24,0.0038,28,28,建筑工程,"završne obrade zidova i stupova, pregrade i zavjese",gipsanje površine kolone (grede),opća žbuka površine grednog stupa
150061,koks,Material,General,t,105.31,105.31,105.31,105.31,1,EUR,1.07,0.0101,27,27,建筑工程,"Opći radovi instalacije - Vol.12 Slikarstvo, antikorozivna zaštita, toplinska iz",prskanje,prskanje kamena
150021,drvna građa,Material,Wood & Timber,kg,0.02,0.02,0.02,0.02,1,EUR,0.02,0.9259,27,27,建筑工程,"Opći radovi instalacije - Vol.12 Slikarstvo, antikorozivna zaštita, toplinska iz",prskanje,prskanje kamena
030003,drvena oplata za kalupljenje,Material,Wood & Timber,m3,232.31,232.31,232.31,232.31,1,EUR,3.16,0.0136,27,27,建筑工程,betonski i armirano-betonski radovi,ugradbeni monolitni beton za konstrukciju,vodonepropusni zaustavnik s
800008,teretni kamion 8t,Equipment,Trucks,machine-shift,32.91,32.91,32.91,32.91,1,EUR,6.75,0.2052,27,27,建筑工程,Opći radovi instalacije - Vol.7 Ventilacija i klimatizacija,voda,instalacija
100140,pjeskarenje ljepilo 40,Material,Aggregates,m,8.65,8.65,8.65,8.65,1,EUR,0.43,0.0501,26,26,建筑工程,radovi metalnih konstrukcija,metalno vezivanje konstrukcijsko na licu mjesta i ostali predmeti,prskanje kamena
090309,pjeskarenje,Material,Aggregates,pcs,7.66,7.66,7.66,7.66,1,EUR,0.16,0.0205,26,26,建筑工程,radovi metalnih konstrukcija,metalno vezivanje konstrukcijsko na licu mjesta i ostali predmeti,prskanje kamena
150089,132 1,Material,General,kutija,26.02,26.02,26.02,26.02,1,EUR,11.07,0.4253,26,26,建筑工程,Opći radovi instalacije - Vol.5 Sustavi zgrade inteligencije,mreža,instalacija
090054,ekspanzijski vijak 6,Material,Fasteners,set,0.1,0.1,0.1,0.1,1,EUR,0.33,3.2741,26,26,建筑工程,radovi na krovovima i hidroizolaciji,vodonepropusnost krova i sitni materijali,vodonepropusni krov
100288,ljepilo za ploče 6,Material,General,kg,0.62,0.62,0.62,0.62,1,EUR,0.31,0.4936,26,26,建筑工程,Opći radovi instalacije - Vol.7 Ventilacija i klimatizacija,instalacija,instalacija
110599,razrjeđivač za ljepilo za boju,Material,Paint & Coatings,kg,2.22,2.22,2.22,2.22,1,EUR,0.07,0.0325,26,26,建筑工程,"radovi slikanja, premazivanja i lijepljenja papira",boja za metalne površine,"metalna vrata, boja za prozore"
090130,cinkano s vijcima 12×(65 80),Material,Fasteners,set,0.13,0.13,0.13,0.13,1,EUR,0.62,4.7559,25,25,建筑工程,Opći radovi instalacije - Vol.4 Instalacija električne opreme,visoka električna instalacija,
090300,žica za zavarivanje,Material,Welding Consumables,kg,5.27,5.27,5.27,5.27,1,EUR,0.11,0.0211,25,25,建筑工程,ostali dekorativni radovi,"rukohvat, ograda, dekorativna ploča za ogradu","metalna ograda, rukohvat, ploča ograde"
091525,s vijcima M12×(20 100),Material,Fasteners,set,0.21,0.21,0.21,0.21,1,EUR,1.84,8.84,25,25,建筑工程,Opći radovi instalacije - Vol.6 Instrumentacija za automatizaciju i kontrolu,,
080012,U -oblikovani lagani čelični nosač CB50×20,Material,Steel & Metal,m,0.61,0.61,0.61,0.61,1,EUR,2.74,4.4988,25,25,建筑工程,radovi na stropovima,suspendirani strop,stropna greda
840007,električna energija,Material,General,kWh,0.14,0.14,0.14,0.14,1,EUR,2.34,17.2141,25,25,建筑工程,naknade za vodu i struju na gradilištu,radovi,voda
060027,prašak,Material,General,m2,5.82,5.82,5.82,5.82,1,EUR,5.74,0.9861,25,25,建筑工程,radovi toplinske i akustične izolacije i antikorozivne zaštite,sloj zaštitnog sloja protiv korozije,blok s antikoroznim završnim slojem
090181,cinkovani čavao (2 5)×(4 50),Equipment,General,pcs,0.01,0.01,0.01,0.01,1,EUR,0.02,2.9176,25,25,建筑工程,Opći radovi instalacije - Vol.4 Instalacija električne opreme,ugradnja kalupa,električna energija
010029,obična čelična ploča 2.6 3.2,Material,Steel & Metal,kg,0.61,0.61,0.61,0.61,1,EUR,5.38,8.7994,25,25,建筑工程,Opći radovi instalacije - Vol.7 Ventilacija i klimatizacija,zid,
091531,2,Material,General,m,0.17,0.17,0.17,0.17,1,EUR,0.01,0.084,25,25,建筑工程,Opći radovi instalacije - Vol.6 Instrumentacija za automatizaciju i kontrolu,,
060095,gotova kamena ploča 20mm,Material,General,m2,22.17,22.17,22.17,22.17,1,EUR,22.84,1.0301,24,24,建筑工程,"završne obrade zidova i stupova, pregrade i zavjese",sloj blok-fasade zida,kameno ploča zidna površina
100376,modificirani bitumenski ljepilo vodonepropusni premaz,Material,Waterproofing,kg,1.04,1.04,1.04,1.04,1,EUR,0.96,0.925,24,24,建筑工程,radovi na krovovima i hidroizolaciji,vodonepropusnost krova i sitni materijali,vodonepropusna membrana za krov
850117,visinska električna 3124,Equipment,General,machine-shift,7.58,7.58,7.58,7.58,1,EUR,7.94,1.0473,24,24,建筑工程,Opći radovi instalacije - Vol.4 Instalacija električne opreme,visinska električna instalacija,visinska električna instalacija
010361,zavarena čelična cijev (složena),Material,Steel & Metal,kg,0.63,0.63,0.63,0.63,1,EUR,0.11,0.1808,24,24,建筑工程,pripreme i mjere na gradilištu,"voda, vodovod",vrt
110188,ZL poli,Material,General,m3,72.06,72.06,72.06,72.06,1,EUR,1.52,0.0211,24,24,建筑工程,radovi toplinske i akustične izolacije i antikorozivne zaštite,,strop
130037,ZL ljepilo,Material,General,kg,0.22,0.22,0.22,0.22,1,EUR,0.06,0.2569,24,24,建筑工程,radovi toplinske i akustične izolacije i antikorozivne zaštite,,strop
091526,s vijcima M10×(20 50),Material,Fasteners,set,0.12,0.12,0.12,0.12,1,EUR,0.81,6.5123,24,24,建筑工程,Opći radovi instalacije - Vol.6 Instrumentacija za automatizaciju i kontrolu,,
010393,nehrđajući čelik,Material,Steel & Metal,kg,3.46,3.46,3.46,3.46,1,EUR,2.51,0.7251,24,24,建筑工程,"završne obrade zidova i stupova, pregrade i zavjese",parcijalni,metalna pregrada
810132,četkanje gipsanog morta 1: 2,Material,Concrete & Cement,m3,112.18,112.18,112.18,112.18,1,EUR,0.35,0.0031,24,24,建筑工程,"završne obrade zidova i stupova, pregrade i zavjese",gipsanje površine kolone (grede),opća žbuka površine grednog stupa
110003,alkidna antikorozivna boja,Material,Paint & Coatings,kg,2.27,2.27,2.27,2.27,1,EUR,0.44,0.192,24,24,建筑工程,radovi na krovovima i hidroizolaciji,vodonepropusnost krova i sitni materijali,krov
850204,PASHEN,Equipment,General,machine-shift,0.92,0.92,0.92,0.92,1,EUR,3.27,3.5408,24,24,建筑工程,Opći radovi instalacije - Vol.6 Instrumentacija za automatizaciju i kontrolu,"temelj (030608007, 030608008)",(DCS)
850019,GX12M1,Equipment,General,machine-shift,1.06,1.06,1.06,1.06,1,EUR,0.67,0.6364,23,23,建筑工程,Opći radovi instalacije - Vol.5 Sustavi zgrade inteligencije,instalacija,
080019,U -oblikovani lagani čelični nosač CB60-L,Material,Steel & Metal,pcs,0.11,0.11,0.11,0.11,1,EUR,0.12,1.0464,23,23,建筑工程,radovi na stropovima,suspendirani strop,stropna greda
110215,strukturno ljepilo za vezivanje,Material,General,kg,6.06,6.06,6.06,6.06,1,EUR,1.03,0.1701,23,23,建筑工程,betonski i armirano-betonski radovi,željezni pribor,profil i ostali elementi krova
080748,30×30 aluminijska ploča,Material,General,pcs,0.07,0.07,0.07,0.07,1,EUR,0.55,8.0057,23,23,建筑工程,"završne obrade zidova i stupova, pregrade i zavjese",zidna obloga,dekorativna ploča za zidne površine
800144,vibrator ravne ploče,Equipment,General,machine-shift,0.18,0.18,0.18,0.18,1,EUR,0.0,0.0118,23,23,建筑工程,zidarski radovi,sloj za zatamnjivanje,izravnavajući sloj
850134,DM3-802H,Equipment,General,machine-shift,1.31,1.31,1.31,1.31,1,EUR,2.4,1.8363,23,23,建筑工程,Opći radovi instalacije - Vol.4 Instalacija električne opreme,visinska električna instalacija,električna energija
110219,strukturni ljepilo za brtvljenje,Material,Rubber,kg,6.65,6.65,6.65,6.65,1,EUR,4.82,0.7247,23,23,建筑工程,"završne obrade zidova i stupova, pregrade i zavjese",zidna obloga,dekorativna ploča za zidne površine
090128,cinkano s vijcima 12×(20 35),Material,Fasteners,set,0.09,0.09,0.09,0.09,1,EUR,0.45,4.795,23,23,建筑工程,Opći radovi instalacije - Vol.7 Ventilacija i klimatizacija,instalacija,instalacija
110207,vodena (slojna) boja,Material,Water,kg,4.43,4.43,4.43,4.43,1,EUR,1.12,0.2515,23,23,建筑工程,"radovi slikanja, premazivanja i lijepljenja papira",premazivanje sprejem i četkom,sloj premaza za završnu obradu zidova
080015,U -oblikovani lagani čelični nosač CS60×27,Material,Steel & Metal,m,1.64,1.64,1.64,1.64,1,EUR,4.51,2.7555,23,23,建筑工程,radovi na stropovima,suspendirani strop,stropna greda
110170,koks,Material,General,kg,1.17,1.17,1.17,1.17,1,EUR,6.14,5.2493,22,22,建筑工程,radovi završne obrade poda,zidna obloga,dekorativna ploča za zidne površine
090492,galvanizirano 16,Material,General,pcs,0.05,0.05,0.05,0.05,1,EUR,0.7,14.0945,22,22,建筑工程,Opći radovi instalacije - Vol.4 Instalacija električne opreme,vrsta električne instalacije,instalacija
110220,vodena glet masa,Material,Water,kg,0.2,0.2,0.2,0.2,1,EUR,0.27,1.3631,22,22,建筑工程,"radovi slikanja, premazivanja i lijepljenja papira",boja za drvene površine,"drvena zid, boja za drvene zidove"
080285,kobilica,Material,General,kg,3.88,3.88,3.88,3.88,1,EUR,45.17,11.6432,22,22,建筑工程,"završne obrade zidova i stupova, pregrade i zavjese",radovi na zavjesnim zidovima,s okvirom za zavjesnu stijenu
080279,aluminijski profil,Material,General,kg,3.88,3.88,3.88,3.88,1,EUR,8.55,2.2032,22,22,建筑工程,"završne obrade zidova i stupova, pregrade i zavjese",radovi na zavjesnim zidovima,stakleni zavjesni zid
010152,Čelični I-gred,Material,Steel & Metal,kg,0.67,0.67,0.67,0.67,1,EUR,19.67,29.5771,22,22,建筑工程,tretman tla i potpora padinama,temeljna jama,()
080288,kobilica,Material,General,kg,3.88,3.88,3.88,3.88,1,EUR,28.02,7.2227,22,22,建筑工程,"završne obrade zidova i stupova, pregrade i zavjese",radovi na zavjesnim zidovima,s okvirom za zavjesnu stijenu
800596,16-300mm,Equipment,General,machine-shift,4.95,4.95,4.95,4.95,1,EUR,0.49,0.1,22,22,建筑工程,Opći radovi instalacije - Vol.5 Sustavi zgrade inteligencije,instalacija,instalacija
460104,A4,Material,General,komad,4.16,4.16,4.16,4.16,1,EUR,0.35,0.0846,22,22,建筑工程,Opći radovi instalacije - Vol.5 Sustavi zgrade inteligencije,mreža,instalacija
110022,fenolna gotova boja,Material,Paint & Coatings,kg,2.26,2.26,2.26,2.26,1,EUR,0.32,0.1425,22,22,建筑工程,"Opći radovi instalacije - Vol.12 Slikarstvo, antikorozivna zaštita, toplinska iz",pravokutno četkanje,vodena ploča
010020,kanalni čelik 16 unutra,Material,Steel & Metal,kg,0.52,0.52,0.52,0.52,1,EUR,5.69,10.9877,21,21,建筑工程,betonski i armirano-betonski radovi,radovi od armiranog čelika,staklena pregrada
110023,fenolni lak,Material,Paint & Coatings,kg,1.76,1.76,1.76,1.76,1,EUR,0.11,0.0613,21,21,建筑工程,"radovi slikanja, premazivanja i lijepljenja papira",boja za drvene površine,boja za drvenu podlogu
850116,YDQ,Equipment,General,machine-shift,2.66,2.66,2.66,2.66,1,EUR,1.92,0.7201,21,21,建筑工程,Opći radovi instalacije - Vol.4 Instalacija električne opreme,električna energija,"električna energija, komad"
850203,2656,Equipment,General,machine-shift,12.65,12.65,12.65,12.65,1,EUR,20.19,1.5964,21,21,建筑工程,Opći radovi instalacije - Vol.6 Instrumentacija za automatizaciju i kontrolu,"temelj (030608007, 030608008)",(DCS)
850006,ND2,Equipment,General,machine-shift,1.0,1.0,1.0,1.0,1,EUR,1.07,1.0667,21,21,建筑工程,Opći radovi instalacije - Vol.5 Sustavi zgrade inteligencije,instalacija,električna energija
030124,plywood 9mm,Material,Wood & Timber,m2,3.46,3.46,3.46,3.46,1,EUR,7.9,2.2814,21,21,建筑工程,"završne obrade zidova i stupova, pregrade i zavjese",stup (greda) okrenut,dekorativna površina stupa (greda)
850088,električna energija ST9040,Equipment,General,machine-shift,9.48,9.48,9.48,9.48,1,EUR,25.43,2.6829,21,21,建筑工程,Opći radovi instalacije - Vol.4 Instalacija električne opreme,visinska električna instalacija,visinska električna instalacija
010028,obična čelična ploča 2 2.5,Material,Steel & Metal,kg,0.75,0.75,0.75,0.75,1,EUR,3.53,4.6972,21,21,建筑工程,radovi na krovovima i hidroizolaciji,instalacija,profil i ostali elementi krova
850017,KSG-4110,Equipment,General,machine-shift,4.13,4.13,4.13,4.13,1,EUR,2.54,0.6147,21,21,建筑工程,Opći radovi instalacije - Vol.11 Oprema i linije za komunikaciju,oblikovanje,
850015,visina XB30,Equipment,General,machine-shift,0.46,0.46,0.46,0.46,1,EUR,0.54,1.1778,21,21,建筑工程,Opći radovi instalacije - Vol.11 Oprema i linije za komunikaciju,oblikovanje,
040095,kamen,Material,General,m3,26.33,26.33,26.33,26.33,1,EUR,1.23,0.0467,21,21,建筑工程,radovi metalnih konstrukcija,metalno vezivanje konstrukcijsko na licu mjesta i ostali predmeti,prskanje kamena
090331,šarka,Material,General,pcs,0.69,0.69,0.69,0.69,1,EUR,1.35,1.9544,21,21,建筑工程,radovi na vratima i prozorima,vodonepropusnost krova i sitni materijali,krov
080056,letvica TL23×23,Material,General,m,1.11,1.11,1.11,1.11,1,EUR,0.78,0.7067,20,20,建筑工程,radovi na stropovima,suspendirani strop,stropna greda
110263,premaz od kamena,Material,General,kg,1.18,1.18,1.18,1.18,1,EUR,4.73,4.0126,20,20,建筑工程,"radovi slikanja, premazivanja i lijepljenja papira",boja na žbukanom površini,boja na žbukanom površini
110212,kit,Material,General,kg,0.42,0.42,0.42,0.42,1,EUR,0.14,0.3359,20,20,建筑工程,"radovi slikanja, premazivanja i lijepljenja papira",boja na žbukanom površini,puna potpune glazure kitom
800486,zračni kompresor 3m3/min,Equipment,Compressors,machine-shift,2.62,2.62,2.62,2.62,1,EUR,0.08,0.032,20,20,建筑工程,radovi na krovovima i hidroizolaciji,vodonepropusnost krova i sitni materijali,vodonepropusni premaz krova
110614,vodena poliuretanska temeljna boja,Material,Paint & Coatings,kg,2.49,2.49,2.49,2.49,1,EUR,0.27,0.1074,20,20,建筑工程,"radovi slikanja, premazivanja i lijepljenja papira",boja za drvene površine,"metalna vrata, boja za prozore"
280121,10,Material,General,pcs,0.67,0.67,0.67,0.67,1,EUR,1.31,1.9539,20,20,建筑工程,Opći radovi instalacije - Vol.4 Instalacija električne opreme,instalacija,instalacija
110173,benzin 60 70,Material,General,kg,1.05,1.05,1.05,1.05,1,EUR,0.52,0.4975,20,20,建筑工程,Opći radovi instalacije - Vol.4 Instalacija električne opreme,instalacija,
800135,gusjeničar dizalica 15t,Equipment,Cranes,machine-shift,71.65,71.65,71.65,71.65,1,EUR,38.0,0.5303,20,20,建筑工程,tretman tla i potpora padinama,temeljna jama,temeljni zid
110028,temeljni sloj,Material,Paint & Coatings,kg,2.45,2.45,2.45,2.45,1,EUR,0.47,0.193,20,20,建筑工程,radovi toplinske i akustične izolacije i antikorozivne zaštite,antikorozivni,protivkorozivni premaz
110027,emajl,Material,Paint & Coatings,kg,3.46,3.46,3.46,3.46,1,EUR,1.18,0.3417,20,20,建筑工程,radovi toplinske i akustične izolacije i antikorozivne zaštite,antikorozivni,protivkorozivni premaz
090354,aluuminijski profil,Material,General,m,0.71,0.71,0.71,0.71,1,EUR,2.12,2.9995,20,20,建筑工程,radovi na krovovima i hidroizolaciji,"vodonepropusna površina zida, otpornost na vlagu",ploča krov
280343,kalup 1.0 2.5,Material,General,pcs,0.1,0.1,0.1,0.1,1,EUR,0.43,4.2122,20,20,建筑工程,Opći radovi instalacije - Vol.9 Zaštita od požara,"instalacija (030904004, 030904005)",
080022,U -oblikovani lagani čelični nosač CB50-3,Material,Steel & Metal,pcs,0.06,0.06,0.06,0.06,1,EUR,0.13,2.2913,19,19,建筑工程,radovi na stropovima,suspendirani strop,stropna greda
800806,1.5kW,Equipment,General,machine-shift,1.89,1.89,1.89,1.89,1,EUR,1.14,0.605,19,19,建筑工程,Opći radovi instalacije - Vol.5 Sustavi zgrade inteligencije,,instalacija
010022,cinkovani kutni čelik,Material,Steel & Metal,kg,0.72,0.72,0.72,0.72,1,EUR,26.91,37.2098,19,19,建筑工程,betonski i armirano-betonski radovi,konstrukcijska,stropna greda
800561,poliuretan 3-5kg/min,Equipment,General,machine-shift,7.09,7.09,7.09,7.09,1,EUR,0.04,0.0062,19,19,建筑工程,radovi na krovovima i hidroizolaciji,vodonepropusnost krova i sitni materijali,vodonepropusna membrana za krov
110031,lak,Material,Paint & Coatings,kg,2.49,2.49,2.49,2.49,1,EUR,0.42,0.1697,19,19,建筑工程,radovi toplinske i akustične izolacije i antikorozivne zaštite,antikorozivni,protivkorozivni premaz
010058,cinkovana čelična cijev 50,Material,Steel & Metal,m,3.42,3.42,3.42,3.42,1,EUR,2.56,0.7482,19,19,建筑工程,Opći radovi instalacije - Vol.4 Instalacija električne opreme,zid i premazivanje četkom,električne instalacije izrade
090460,čavao od nehrđajućeg čelika 4,Material,Steel & Metal,pcs,0.02,0.02,0.02,0.02,1,EUR,0.09,5.1757,19,19,建筑工程,"završne obrade zidova i stupova, pregrade i zavjese",oblaganje površine stuba (grede) pločicama,površina kamene ploče stupca
090108,s vijcima 16×(65 80),Material,Fasteners,set,0.17,0.17,0.17,0.17,1,EUR,12.27,70.2568,19,19,建筑工程,"Opći radovi instalacije - Vol.10 Opskrba vodom, odvodnja, grijanje, plin",izrada i ugradnja,izrada vodonepropusnosti
800075,složena iskopa zemlje,Equipment,General,machine-shift,123.62,123.62,123.62,123.62,1,EUR,0.79,0.0064,19,19,建筑工程,zemljani radovi i radovi s kamenom,transport,iskop općih zemljanih radova
110206,slojni premaz (tip prskanog premaza),Material,General,kg,3.46,3.46,3.46,3.46,1,EUR,5.85,1.6875,19,19,建筑工程,"radovi slikanja, premazivanja i lijepljenja papira",premazivanje sprejem i četkom,sloj premaza za završnu obradu zidova
110208,vodena završna boja (vrsta),Material,Water,kg,3.88,3.88,3.88,3.88,1,EUR,0.91,0.234,19,19,建筑工程,"radovi slikanja, premazivanja i lijepljenja papira",premazivanje sprejem i četkom,sloj premaza za završnu obradu zidova
400059,malter za zidanje DM7.5-MR,Material,Concrete & Cement,m3,82.89,82.89,82.89,82.89,1,EUR,11.9,0.1435,19,19,建筑工程,zidarski radovi,zidarska opeka,
110660,poliuretan,Material,General,m3,2.49,2.49,2.49,2.49,1,EUR,4.0,1.6034,19,19,建筑工程,radovi na krovovima i hidroizolaciji,vodonepropusnost krova i sitni materijali,vodonepropusna membrana za krov
080040,U -oblikovani lagani čelični nosač CS60-1,Material,Steel & Metal,pcs,0.32,0.32,0.32,0.32,1,EUR,0.81,2.5017,19,19,建筑工程,radovi na stropovima,suspendirani strop,stropna greda
850115,visina,Equipment,General,machine-shift,1.75,1.75,1.75,1.75,1,EUR,1.3,0.7433,19,19,建筑工程,Opći radovi instalacije - Vol.4 Instalacija električne opreme,električna energija,"električna energija, komad"
850261,7,Equipment,General,machine-shift,0.65,0.65,0.65,0.65,1,EUR,0.4,0.6073,19,19,建筑工程,Opći radovi instalacije - Vol.5 Sustavi zgrade inteligencije,,instalacija
090498,galvanizirano 16,Material,General,pcs,0.01,0.01,0.01,0.01,1,EUR,0.07,7.2126,19,19,建筑工程,Opći radovi instalacije - Vol.4 Instalacija električne opreme,vrsta električne instalacije,instalacija
350301,kalup ZR-RVS-2×1.5,Material,General,m,0.51,0.51,0.51,0.51,1,EUR,0.15,0.3,19,19,建筑工程,Opći radovi instalacije - Vol.9 Zaštita od požara,"instalacija (030904004, 030904005)",
110146,gipsano ljepilo,Material,General,kg,0.14,0.14,0.14,0.14,1,EUR,0.07,0.4717,19,19,建筑工程,"završne obrade zidova i stupova, pregrade i zavjese",zidna obloga,dekorativna ploča za zidne površine
090466,ploča od nehrđajućeg čelika 4mm,Material,Steel & Metal,pcs,0.56,0.56,0.56,0.56,1,EUR,2.92,5.1898,19,19,建筑工程,"završne obrade zidova i stupova, pregrade i zavjese",oblaganje površine stuba (grede) pločicama,površina kamene ploče stupca
110509,akrilna poliuretanska metalna boja (dvostruka),Material,Steel & Metal,kg,6.93,6.93,6.93,6.93,1,EUR,3.06,0.4422,18,18,建筑工程,"radovi slikanja, premazivanja i lijepljenja papira",boja za drvene površine,boja za staklene zidove
110609,akrilna poliuretanska boja,Material,Paint & Coatings,kg,2.56,2.56,2.56,2.56,1,EUR,0.82,0.3199,18,18,建筑工程,"radovi slikanja, premazivanja i lijepljenja papira",boja za drvene površine,boja za staklene zidove
110613,lak,Material,Paint & Coatings,kg,3.88,3.88,3.88,3.88,1,EUR,0.73,0.1892,18,18,建筑工程,"radovi slikanja, premazivanja i lijepljenja papira",boja za drvene površine,boja za staklene zidove
080761,aluminijska legura površinska ploča s bravom (širina spoja 200mm unutar),Material,General,m,10.39,10.39,10.39,10.39,1,EUR,10.5,1.01,18,18,建筑工程,radovi na krovovima i hidroizolaciji,pokretni spoj,površinski dilatacijski spoj zida
110771,razrjeđivač za akrilni poliuretanski lak,Material,Paint & Coatings,kg,1.15,1.15,1.15,1.15,1,EUR,0.02,0.0204,18,18,建筑工程,"radovi slikanja, premazivanja i lijepljenja papira",boja za drvene površine,boja za staklene zidove
800226,kamionska dizalica 16t,Equipment,Cranes,machine-shift,102.29,102.29,102.29,102.29,1,EUR,48.51,0.4742,18,18,建筑工程,betonski i armirano-betonski radovi,radovi od armiranog čelika,instalacija
050008,kaljeno staklo (savijeno) 10mm,Material,Glass,m2,43.65,43.65,43.65,43.65,1,EUR,37.1,0.85,18,18,建筑工程,ostali dekorativni radovi,"rukohvat, ograda, dekorativna ploča za ogradu",okvir
810006,1:3 cementni mort,Material,Concrete & Cement,m3,37.68,37.68,37.68,37.68,1,EUR,0.48,0.0127,18,18,建筑工程,"završne obrade zidova i stupova, pregrade i zavjese",gipsanje površine kolone (grede),vertikalni sloj za izravnavanje žbukom
080760,aluminijska legura površinska ploča s bravom (širina spoja 100mm unutar),Material,General,m,9.42,9.42,9.42,9.42,1,EUR,9.52,1.01,18,18,建筑工程,radovi na krovovima i hidroizolaciji,pokretni spoj,površinski dilatacijski spoj zida
130036,polistiren ploča,Material,General,m3,81.76,81.76,81.76,81.76,1,EUR,4.12,0.0504,18,18,建筑工程,betonski i armirano-betonski radovi,radovi od armiranog čelika,profil i ostali elementi krova
800146,električna brusilica,Equipment,General,machine-shift,0.99,0.99,0.99,0.99,1,EUR,0.07,0.0742,18,18,建筑工程,radovi na krovovima i hidroizolaciji,"vodonepropusna površina zida, otpornost na vlagu",vodonepropusno premazivanje zidnih površina
100287,površina aluminijskog profila,Material,General,m2,13.86,13.86,13.86,13.86,1,EUR,16.28,1.175,18,18,建筑工程,"završne obrade zidova i stupova, pregrade i zavjese",radovi na zavjesnim zidovima,stakleni zavjesni zid
390171,bez betonske jame 400mm,Material,Concrete & Cement,m,4.16,4.16,4.16,4.16,1,EUR,2.58,0.6202,18,18,建筑工程,pripreme i mjere na gradilištu,"voda, vodovod",vrt
040209,kamen,Material,General,kg,0.01,0.01,0.01,0.01,1,EUR,0.92,110.556,18,18,建筑工程,pripreme i mjere na gradilištu,"voda, vodovod",vrt
080762,aluminijska legura površinska ploča s bravom (širina spoja 200mm izvan),Material,General,m,11.64,11.64,11.64,11.64,1,EUR,11.76,1.01,18,18,建筑工程,radovi na krovovima i hidroizolaciji,pokretni spoj,površinski dilatacijski spoj zida
400055,malter za zidanje DM7.5-HR,Material,Concrete & Cement,m3,91.19,91.19,91.19,91.19,1,EUR,15.68,0.172,18,18,建筑工程,zidarski radovi,,
080758,"aluminijska legura ploča za zid, pod, strop (širina spoja 200mm unutar)",Material,General,m,18.29,18.29,18.29,18.29,1,EUR,18.47,1.01,18,18,建筑工程,radovi na krovovima i hidroizolaciji,pokretni spoj,površinski dilatacijski spoj zida
080759,"aluminijska legura ploča za zid, pod, strop (širina spoja 200mm izvan)",Material,General,m,20.09,20.09,20.09,20.09,1,EUR,20.29,1.01,18,18,建筑工程,radovi na krovovima i hidroizolaciji,pokretni spoj,površinski dilatacijski spoj zida
010389,čelična ploča presjeka 0.6mm,Material,Steel & Metal,m2,5.82,5.82,5.82,5.82,1,EUR,8.19,1.4078,18,18,建筑工程,radovi metalnih konstrukcija,"čelična ploča, zidna ploča",profil i ostali elementi krova
080757,"zid, pod, strop aluminijska legura ploča (širina spoja 100mm unutra)",Material,General,m,16.91,16.91,16.91,16.91,1,EUR,17.07,1.01,18,18,建筑工程,radovi na krovovima i hidroizolaciji,pokretni spoj,površinski dilatacijski spoj zida
400007,Beton C20 gotov za upotrebu,Material,Concrete & Cement,m3,51.96,51.96,51.96,51.96,1,EUR,33.81,0.6507,18,18,建筑工程,betonski i armirano-betonski radovi,ugradbeni monolitni beton za konstrukciju,
080282,zidna fasada,Material,General,set,30.49,30.49,30.49,30.49,1,EUR,10.67,0.35,18,18,建筑工程,"završne obrade zidova i stupova, pregrade i zavjese",radovi na zavjesnim zidovima,stakleni zavjesni zid
090688,ekspanzijski čep M8×80,Material,Fasteners,set,0.23,0.23,0.23,0.23,1,EUR,8.36,35.892,18,18,建筑工程,"završne obrade zidova i stupova, pregrade i zavjese",sloj blok-fasade zida,kameno ploča zidna površina
110095,polimer,Material,General,kg,0.9,0.9,0.9,0.9,1,EUR,0.95,1.0561,18,18,建筑工程,"završne obrade zidova i stupova, pregrade i zavjese",zidna obloga,dekorativna ploča za zidne površine
010027,obična čelična ploča 1.6 1.9,Material,Steel & Metal,kg,0.75,0.75,0.75,0.75,1,EUR,0.38,0.5091,18,18,建筑工程,"Opći radovi instalacije - Vol.10 Opskrba vodom, odvodnja, grijanje, plin",,
110139,električna energija,Material,General,kg,2.77,2.77,2.77,2.77,1,EUR,0.46,0.1667,18,18,建筑工程,Opći radovi instalacije - Vol.4 Instalacija električne opreme,visina ugradnje,
850184,mreža mreža,Equipment,General,machine-shift,56.03,56.03,56.03,56.03,1,EUR,62.62,1.1176,18,18,建筑工程,Opći radovi instalacije - Vol.11 Oprema i linije za komunikaciju,(mreža) pojedinačni (DTU NTU),
020201,cement 42.5,Material,Concrete & Cement,kg,0.08,0.08,0.08,0.08,1,EUR,18.3,227.7453,18,18,建筑工程,tretman tla i potpora padinama,temeljna jama,sekcija čeličnih pilota
040027,"drobljeni kamen, šljunak",Material,Aggregates,m3,13.07,13.07,13.07,13.07,1,EUR,6.3,0.4824,17,17,建筑工程,tretman tla i potpora padinama,sloj za zatamnjivanje,
850018,SD2460,Equipment,General,machine-shift,1.69,1.69,1.69,1.69,1,EUR,2.26,1.34,17,17,建筑工程,Opći radovi instalacije - Vol.11 Oprema i linije za komunikaciju,GSM,
800157,dizalica (jednostruka) 1t unutar,Equipment,Hoists,machine-shift,14.48,14.48,14.48,14.48,1,EUR,1.45,0.1,17,17,建筑工程,Opći radovi instalacije - Vol.11 Oprema i linije za komunikaciju,,
090261,okrugli čavao,Material,Fasteners,kg,0.97,0.97,0.97,0.97,1,EUR,0.07,0.0682,17,17,建筑工程,Opći radovi instalacije - Vol.4 Instalacija električne opreme,zid i premazivanje četkom,
400008,C25 gotovi beton,Material,Concrete & Cement,m3,54.04,54.04,54.04,54.04,1,EUR,50.25,0.9299,17,17,建筑工程,radovi na zabijanju,bore pile,profil i ostali elementi krova
110218,temeljni premaz za zaštitu od vlage,Material,Paint & Coatings,kg,2.49,2.49,2.49,2.49,1,EUR,0.56,0.2233,17,17,建筑工程,"radovi slikanja, premazivanja i lijepljenja papira",boja na žbukanom površini,puna potpune glazure kitom
110334,akrilni sloj za visoko premazivanje,Material,General,kg,2.49,2.49,2.49,2.49,1,EUR,1.78,0.7145,17,17,建筑工程,"radovi slikanja, premazivanja i lijepljenja papira",premazivanje sprejem i četkom,sloj premaza za završnu obradu zidova
460103,A3,Material,General,komad,9.01,9.01,9.01,9.01,1,EUR,2.72,0.3024,17,17,建筑工程,Opći radovi instalacije - Vol.5 Sustavi zgrade inteligencije,,instalacija
110183,ljepilo CY-401,Material,General,kg,1.52,1.52,1.52,1.52,1,EUR,0.57,0.3749,17,17,建筑工程,radovi završne obrade poda,završni sloj,timber ground slab
110213,kit,Material,General,kg,0.37,0.37,0.37,0.37,1,EUR,0.24,0.6455,17,17,建筑工程,"radovi slikanja, premazivanja i lijepljenja papira",boja na žbukanom površini,boja na žbukanom površini
110285,alkidni lak,Material,Paint & Coatings,kg,2.37,2.37,2.37,2.37,1,EUR,0.34,0.1454,17,17,建筑工程,"radovi slikanja, premazivanja i lijepljenja papira",pravokutno četkanje,
030109,drvena letvica 30×25,Material,Wood & Timber,m,0.62,0.62,0.62,0.62,1,EUR,1.04,1.6612,17,17,建筑工程,radovi na krovovima i hidroizolaciji,,
030110,drvena vodilica 30×20,Material,Wood & Timber,m,0.55,0.55,0.55,0.55,1,EUR,0.91,1.6375,17,17,建筑工程,radovi na krovovima i hidroizolaciji,,
091060,traka od pocinčanog kvadratnog čeličnog profila 25×25×1.5,Material,Steel & Metal,m,1.25,1.25,1.25,1.25,1,EUR,2.65,2.125,17,17,建筑工程,radovi na krovovima i hidroizolaciji,,
091061,cinkovana kvadratna čelična cijev za vodu 25×25×1.5,Material,Steel & Metal,m,1.25,1.25,1.25,1.25,1,EUR,1.59,1.2782,17,17,建筑工程,radovi na krovovima i hidroizolaciji,,
010015,okrugla šipka 10 izvan,Material,General,kg,0.52,0.52,0.52,0.52,1,EUR,0.81,1.5747,17,17,建筑工程,ostali dekorativni radovi,"rukohvat, ograda, dekorativna ploča za ogradu","metalna ograda, rukohvat, ploča ograde"
010060,cinkovana čelična cijev 80,Material,Steel & Metal,m,5.79,5.79,5.79,5.79,1,EUR,11.32,1.9535,17,17,建筑工程,Opći radovi instalacije - Vol.4 Instalacija električne opreme,zid i premazivanje četkom,električne instalacije izrade
090341,ploča od nehrđajućeg čelika 1.2mm,Material,Steel & Metal,m2,44.34,44.34,44.34,44.34,1,EUR,85.64,1.9315,17,17,建筑工程,"završne obrade zidova i stupova, pregrade i zavjese",stup (greda) okrenut,dekorativna površina stupa (greda)
010061,galvanizirana čelična cijev 100,Material,Steel & Metal,m,7.58,7.58,7.58,7.58,1,EUR,7.48,0.9868,17,17,建筑工程,Opći radovi instalacije - Vol.4 Instalacija električne opreme,zid i premazivanje četkom,električne instalacije izrade
810115,beton C25,Material,Concrete & Cement,m3,42.82,42.82,42.82,42.82,1,EUR,1.48,0.0346,16,16,建筑工程,radovi na krovovima i hidroizolaciji,vodonepropusnost krova i sitni materijali,profil i ostali elementi krova
800051,rezač 500,Equipment,General,machine-shift,1.38,1.38,1.38,1.38,1,EUR,0.11,0.0808,16,16,建筑工程,radovi metalnih konstrukcija,"čelična ploča, zidna ploča",ploča krov
090585,18 pocinčana čelična žičana mreža,Material,Steel & Metal,m2,1.07,1.07,1.07,1.07,1,EUR,1.12,1.04,16,16,建筑工程,radovi metalnih konstrukcija,metal,opća žbuka površine grednog stupa
110453,poliuretanska temeljna vodonepropusna boja,Material,Paint & Coatings,kg,4.16,4.16,4.16,4.16,1,EUR,0.48,0.1153,16,16,建筑工程,radovi toplinske i akustične izolacije i antikorozivne zaštite,,strop
800103,kamionski kran 20t,Equipment,Cranes,machine-shift,137.47,137.47,137.47,137.47,1,EUR,0.11,0.0008,16,16,建筑工程,pripreme i mjere na gradilištu,betonska oplata i nosači za lijevanje na licu mjesta,zid
800113,8t,Equipment,General,machine-shift,32.23,32.23,32.23,32.23,1,EUR,0.07,0.0023,16,16,建筑工程,pripreme i mjere na gradilištu,betonska oplata i nosači za lijevanje na licu mjesta,zid
010066,zavarivanje čelične cijevi 20,Material,Steel & Metal,m,0.92,0.92,0.92,0.92,1,EUR,1.92,2.0888,16,16,建筑工程,radovi na zabijanju,bore pile,zavarivanje čelične cijevi
080179,električna aluminijska dekorativna ploča,Material,General,m2,13.16,13.16,13.16,13.16,1,EUR,14.41,1.095,16,16,建筑工程,"završne obrade zidova i stupova, pregrade i zavjese",zidna obloga,dekorativna ploča za zidne površine
800128,pjeskarenje 3m3/min 5.5kW,Equipment,General,machine-shift,1.82,1.82,1.82,1.82,1,EUR,0.16,0.0858,16,16,建筑工程,radovi metalnih konstrukcija,metalno vezivanje konstrukcijsko na licu mjesta i ostali predmeti,prskanje kamena
060004,keramička mozaik (mozaik),Material,General,m2,3.33,3.33,3.33,3.33,1,EUR,3.57,1.0723,16,16,建筑工程,radovi završne obrade poda,keramičke pločice,blok oblaganja površine stupa
060044,obloga pločica 0.015m2 unutar,Material,General,m2,4.16,4.16,4.16,4.16,1,EUR,4.09,0.9846,16,16,建筑工程,radovi završne obrade poda,ukrasno,blok fasadne zidne površine
010174,nehrđajući čelik,Material,Steel & Metal,m,9.78,9.78,9.78,9.78,1,EUR,5.28,0.5393,16,16,建筑工程,radovi završne obrade poda,završni sloj stepeništa,staklena pregrada
030063,drvena ploča,Material,Wood & Timber,m2,3.88,3.88,3.88,3.88,1,EUR,25.01,6.4449,16,16,建筑工程,radovi na vratima i prozorima,vrata i prozori,zid
800249,savijač šipki 40,Equipment,General,machine-shift,1.38,1.38,1.38,1.38,1,EUR,0.29,0.2065,16,16,建筑工程,betonski i armirano-betonski radovi,radovi od armiranog čelika,
400006,C15 gotovi beton,Material,Concrete & Cement,m3,49.88,49.88,49.88,49.88,1,EUR,5.13,0.1028,16,16,建筑工程,betonski i armirano-betonski radovi,betonski sloj za zasipanje na licu mjesta,temeljni sloj za zasljepljivanje
010133,galvanizirano,Material,General,m2,6.26,6.26,6.26,6.26,1,EUR,3.94,0.6297,16,16,建筑工程,radovi na krovovima i hidroizolaciji,vodonepropusnost krova i sitni materijali,vodonepropusni krov
010055,cinkovana čelična cijev 25,Material,Steel & Metal,m,1.76,1.76,1.76,1.76,1,EUR,1.64,0.9331,16,16,建筑工程,Opći radovi instalacije - Vol.4 Instalacija električne opreme,zid i premazivanje četkom,galvanizirana čelična cijev
050003,kaljeno staklo 12mm,Material,Glass,m2,29.1,29.1,29.1,29.1,1,EUR,23.43,0.805,16,16,建筑工程,ostali dekorativni radovi,"rukohvat, ograda, dekorativna ploča za ogradu","metalna ograda, rukohvat, ploča ograde"
050045,samolje staklo,Material,Glass,m2,19.4,19.4,19.4,19.4,1,EUR,15.62,0.805,16,16,建筑工程,ostali dekorativni radovi,"rukohvat, ograda, dekorativna ploča za ogradu","metalna ograda, rukohvat, ploča ograde"
050046,ljepilo za staklo (savijeno),Material,Glass,m2,30.49,30.49,30.49,30.49,1,EUR,24.54,0.805,16,16,建筑工程,ostali dekorativni radovi,"rukohvat, ograda, dekorativna ploča za ogradu","metalna ograda, rukohvat, ploča ograde"
100029,kameni bitumen,Material,Waterproofing,kg,0.61,0.61,0.61,0.61,1,EUR,3.71,6.0898,16,16,建筑工程,radovi na krovovima i hidroizolaciji,vodonepropusnost krova i sitni materijali,krov (balkon) () voda
110458,fluorokarbonska metalna boja (dvostruka),Material,Steel & Metal,kg,13.3,13.3,13.3,13.3,1,EUR,5.92,0.4446,15,15,建筑工程,"radovi slikanja, premazivanja i lijepljenja papira",boja za drvene površine,boja za staklene zidove
800036,500A,Equipment,General,machine-shift,5.47,5.47,5.47,5.47,1,EUR,8.26,1.509,15,15,建筑工程,radovi na krovovima i hidroizolaciji,vodonepropusnost krova i sitni materijali,vodonepropusna membrana za krov
110610,fluorokarbonna boja,Material,Paint & Coatings,kg,2.29,2.29,2.29,2.29,1,EUR,0.75,0.3278,15,15,建筑工程,"radovi slikanja, premazivanja i lijepljenja papira",boja za drvene površine,boja za staklene zidove
060002,podne pločice 0.16m2 unutar,Material,General,m2,7.57,7.57,7.57,7.57,1,EUR,9.56,1.264,15,15,建筑工程,radovi završne obrade poda,keramičke pločice,
110017,gotova boja,Material,Paint & Coatings,kg,2.41,2.41,2.41,2.41,1,EUR,0.06,0.024,15,15,建筑工程,"radovi slikanja, premazivanja i lijepljenja papira",boja za drvene površine,boja za drvenu podlogu
100398,razrjeđivač za fluorokarbonsku metalnu boju,Material,Steel & Metal,kg,3.16,3.16,3.16,3.16,1,EUR,0.16,0.0498,15,15,建筑工程,"radovi slikanja, premazivanja i lijepljenja papira",boja za drvene površine,boja za staklene zidove
100397,razrjeđivač za fluorokarbonske boje,Material,Paint & Coatings,kg,2.56,2.56,2.56,2.56,1,EUR,0.07,0.0273,15,15,建筑工程,"radovi slikanja, premazivanja i lijepljenja papira",boja za drvene površine,boja za staklene zidove
030010,ploča,Material,General,m2,2.4,2.4,2.4,2.4,1,EUR,2.63,1.0958,15,15,建筑工程,"završne obrade zidova i stupova, pregrade i zavjese",zidna obloga,dekorativna ploča za zidne površine
080184,gipsana ploča s papirnatim slojem 12mm,Material,Wood & Timber,m2,1.75,1.75,1.75,1.75,1,EUR,1.63,0.9333,15,15,建筑工程,"završne obrade zidova i stupova, pregrade i zavjese",zidna obloga,dekorativna ploča za zidne površine
800642,toranjska dizalica 250T M,Equipment,Cranes,machine-shift,155.32,155.32,155.32,155.32,1,EUR,1.73,0.0111,15,15,建筑工程,pripreme i mjere na gradilištu,vertikalni transport,vertikalni transport
800578,elektroinstalacije,Equipment,General,machine-shift,38.4,38.4,38.4,38.4,1,EUR,76.79,2.0,15,15,建筑工程,Opći radovi instalacije - Vol.11 Oprema i linije za komunikaciju,nema struje,
800123,zračni kompresor kompozitni,Equipment,Compressors,machine-shift,27.12,27.12,27.12,27.12,1,EUR,18.61,0.6863,15,15,建筑工程,radovi na drvenim konstrukcijama,strukturno drvo,protivkorozivni premaz
800641,toranjska dizalica 150T M,Equipment,Cranes,machine-shift,108.8,108.8,108.8,108.8,1,EUR,1.94,0.0178,15,15,建筑工程,pripreme i mjere na gradilištu,vertikalni transport,vertikalni transport
090111,s vijcima 20×(85 100),Material,Fasteners,set,0.35,0.35,0.35,0.35,1,EUR,57.92,163.92,15,15,建筑工程,"Opći radovi instalacije - Vol.10 Opskrba vodom, odvodnja, grijanje, plin",izrada i ugradnja,izrada vodonepropusnosti
110216,uljna prozirna boja,Material,Paint & Coatings,kg,0.97,0.97,0.97,0.97,1,EUR,0.4,0.417,15,15,建筑工程,"radovi slikanja, premazivanja i lijepljenja papira",premazivanje sprejem i četkom,sloj premaza za završnu obradu zidova
310048,samoljepljivo ljepilo s,Material,General,jedinica,0.49,0.49,0.49,0.49,1,EUR,0.07,0.1373,15,15,建筑工程,Opći radovi instalacije - Vol.4 Instalacija električne opreme,električna instalacija,ugradnja električnih instalacija
080734,ukrasna aluminijska ploča,Material,General,m2,58.2,58.2,58.2,58.2,1,EUR,61.11,1.05,15,15,建筑工程,"završne obrade zidova i stupova, pregrade i zavjese",zidna obloga,dekorativna ploča za zidne površine
810017,1: 1: 6 kompozitni mort,Material,Concrete & Cement,m3,30.74,30.74,30.74,30.74,1,EUR,0.1,0.0033,15,15,建筑工程,"završne obrade zidova i stupova, pregrade i zavjese",gipsanje površine kolone (grede),opća žbuka površine grednog stupa
090430,nehrđajući čelik,Material,Steel & Metal,m,2.8,2.8,2.8,2.8,1,EUR,4.31,1.5396,15,15,建筑工程,radovi na vratima i prozorima,stup (greda) okrenut,dekorativna površina stupa (greda)
090340,ploča od nehrđajućeg čelika s ogledalnim završetkom 0.8mm,Material,Steel & Metal,m2,38.8,38.8,38.8,38.8,1,EUR,52.81,1.3611,15,15,建筑工程,radovi na vratima i prozorima,zidna obloga,dekorativna ploča za zidne površine
010054,cinkovana čelična cijev 20,Material,Steel & Metal,m,1.22,1.22,1.22,1.22,1,EUR,1.03,0.841,15,15,建筑工程,Opći radovi instalacije - Vol.4 Instalacija električne opreme,,galvanizirana čelična cijev
150035,strip,Material,General,m,0.26,0.26,0.26,0.26,1,EUR,0.61,2.3803,15,15,建筑工程,radovi na krovovima i hidroizolaciji,vodonepropusnost krova i sitni materijali,profil i ostali elementi krova
800651,struja običajna dvostruka (100 unutar),Equipment,General,machine-shift,39.13,39.13,39.13,39.13,1,EUR,0.46,0.0116,15,15,建筑工程,pripreme i mjere na gradilištu,vertikalni transport,vertikalni transport
110344,poliuretanski završni sloj,Material,General,kg,4.85,4.85,4.85,4.85,1,EUR,1.08,0.2228,14,14,建筑工程,"radovi slikanja, premazivanja i lijepljenja papira",boja za metalne površine,"metalna vrata, boja za prozore"
850089,električna energija JBC,Equipment,General,machine-shift,5.02,5.02,5.02,5.02,1,EUR,22.92,4.5693,14,14,建筑工程,Opći radovi instalacije - Vol.4 Instalacija električne opreme,visinska električna instalacija,električna energija
110065,temeljni sloj,Material,Paint & Coatings,kg,4.39,4.39,4.39,4.39,1,EUR,1.48,0.3379,14,14,建筑工程,"Opći radovi instalacije - Vol.12 Slikarstvo, antikorozivna zaštita, toplinska iz",pravokutno četkanje,vodena ploča
110775,ljepilo za prajmer,Material,Paint & Coatings,kg,4.74,4.74,4.74,4.74,1,EUR,1.24,0.2625,14,14,建筑工程,"radovi slikanja, premazivanja i lijepljenja papira",boja za metalne površine,"metalna vrata, boja za prozore"
170653,voda 1.5,Material,Water,m,0.83,0.83,0.83,0.83,1,EUR,0.75,0.9019,14,14,建筑工程,pripreme i mjere na gradilištu,"voda, vodovod",vrt
380095,čelična cijevna jama 370mm5mm debljina,Material,Steel & Metal,m,44.34,44.34,44.34,44.34,1,EUR,0.35,0.008,14,14,建筑工程,pripreme i mjere na gradilištu,"voda, vodovod",vrt
810141,polimerni ljepilo,Material,General,m3,4273.46,4273.46,4273.46,4273.46,1,EUR,16.06,0.0038,14,14,建筑工程,radovi toplinske i akustične izolacije i antikorozivne zaštite,sloj zaštitnog sloja protiv korozije,antikorozivni sloj ljepila
810100,dvostruka A tip poli ljepilo,Material,General,m3,4232.14,4232.14,4232.14,4232.14,1,EUR,15.9,0.0038,14,14,建筑工程,radovi toplinske i akustične izolacije i antikorozivne zaštite,sloj zaštitnog sloja protiv korozije,antikorozivni sloj ljepila
110595,"vrsta debljine, razrjeđivač za stakleni premaz boje",Material,Paint & Coatings,kg,3.46,3.46,3.46,3.46,1,EUR,0.05,0.0144,14,14,建筑工程,"radovi slikanja, premazivanja i lijepljenja papira",boja za metalne površine,"metalna vrata, boja za prozore"
110597,razrjeđivač za premaznu boju,Material,Paint & Coatings,kg,3.6,3.6,3.6,3.6,1,EUR,0.04,0.0116,14,14,建筑工程,"radovi slikanja, premazivanja i lijepljenja papira",boja za metalne površine,"metalna vrata, boja za prozore"
110259,premaz premaz,Material,General,kg,1.39,1.39,1.39,1.39,1,EUR,0.15,0.1091,14,14,建筑工程,"radovi slikanja, premazivanja i lijepljenja papira",premazivanje sprejem i četkom,sloj premaza za završnu obradu zidova
040058,običan kamen,Material,General,kg,0.01,0.01,0.01,0.01,1,EUR,0.07,8.3764,14,14,建筑工程,"završne obrade zidova i stupova, pregrade i zavjese",žbukanje,ukrasni zidni žbuka
110594,"vrsta debljine, boja za premazivanje stakla",Material,Paint & Coatings,kg,3.88,3.88,3.88,3.88,1,EUR,0.94,0.2413,14,14,建筑工程,"radovi slikanja, premazivanja i lijepljenja papira",boja za metalne površine,"metalna vrata, boja za prozore"
110596,premazna boja,Material,Paint & Coatings,kg,3.74,3.74,3.74,3.74,1,EUR,0.53,0.1414,14,14,建筑工程,"radovi slikanja, premazivanja i lijepljenja papira",boja za metalne površine,"metalna vrata, boja za prozore"
110598,ljepilo za premazivanje,Material,Paint & Coatings,kg,2.49,2.49,2.49,2.49,1,EUR,0.56,0.2242,14,14,建筑工程,"radovi slikanja, premazivanja i lijepljenja papira",boja za metalne površine,"metalna vrata, boja za prozore"
110502,ljepilo završni sloj,Material,General,kg,4.55,4.55,4.55,4.55,1,EUR,1.47,0.3245,14,14,建筑工程,"radovi slikanja, premazivanja i lijepljenja papira",boja za metalne površine,"metalna vrata, boja za prozore"
110470,tip akrilne zidne boje (jednoslojni) temeljni premaz,Material,Paint & Coatings,kg,4.43,4.43,4.43,4.43,1,EUR,0.59,0.133,14,14,建筑工程,"radovi slikanja, premazivanja i lijepljenja papira",boja za drvene površine,boja za staklene zidove
110469,tip akrilne zidne boje (jednokratna),Material,Paint & Coatings,kg,4.43,4.43,4.43,4.43,1,EUR,1.26,0.2841,14,14,建筑工程,"radovi slikanja, premazivanja i lijepljenja papira",boja za drvene površine,boja za staklene zidove
080190,električna aluminijska 25.4×2,Material,General,m,0.41,0.41,0.41,0.41,1,EUR,0.85,2.0582,14,14,建筑工程,"završne obrade zidova i stupova, pregrade i zavjese",zidna obloga,dekorativna ploča za zidne površine
130038,ploča od kamene vune,Material,Aggregates,m3,90.07,90.07,90.07,90.07,1,EUR,4.41,0.049,14,14,建筑工程,radovi toplinske i akustične izolacije i antikorozivne zaštite,radovi na stropovima,strop
090347,rukohvat od nehrđajućeg čelika 75,Material,Steel & Metal,m,20.72,20.72,20.72,20.72,1,EUR,23.41,1.13,14,14,建筑工程,ostali dekorativni radovi,"rukohvat, ograda, dekorativna ploča za ogradu","metalna ograda, rukohvat, ploča ograde"
091477,vijak T18,Material,Fasteners,m,2.77,2.77,2.77,2.77,1,EUR,0.06,0.022,14,14,建筑工程,pripreme i mjere na gradilištu,betonska oplata i nosači za lijevanje na licu mjesta,stupac
800609,stroj za poli sprej,Equipment,General,machine-shift,5.54,5.54,5.54,5.54,1,EUR,0.0,0.0007,14,14,建筑工程,radovi na krovovima i hidroizolaciji,vodonepropusnost krova i sitni materijali,vodonepropusni premaz krova
090068,cinkovana matica 12,Material,Fasteners,pcs,0.05,0.05,0.05,0.05,1,EUR,0.02,0.4065,14,14,建筑工程,Opći radovi instalacije - Vol.7 Ventilacija i klimatizacija,,"pravokutna čelična ploča za ugradnju (1.2mm unutra, )"
060028,mramor,Material,General,m2,1.25,1.25,1.25,1.25,1,EUR,1.31,1.0521,14,14,建筑工程,radovi završne obrade poda,keramičke pločice,zidna površina od drobljenog kamena (011204002)
110471,poliuretanska zidna boja (dvostruka),Material,Paint & Coatings,kg,4.99,4.99,4.99,4.99,1,EUR,1.48,0.2969,14,14,建筑工程,"radovi slikanja, premazivanja i lijepljenja papira",boja za drvene površine,boja za staklene zidove
010576,čelični stup (dodatni),Material,Steel & Metal,kg,1.04,1.04,1.04,1.04,1,EUR,0.23,0.2193,14,14,建筑工程,pripreme i mjere na gradilištu,betonska oplata i nosači za lijevanje na licu mjesta,stupac
090370,rukohvat 75,Material,General,m,36.62,36.62,36.62,36.62,1,EUR,41.38,1.13,14,14,建筑工程,ostali dekorativni radovi,"rukohvat, ograda, dekorativna ploča za ogradu","metalna ograda, rukohvat, ploča ograde"
010070,zavarivanje čelične cijevi 50,Material,Steel & Metal,m,2.65,2.65,2.65,2.65,1,EUR,2.43,0.9176,14,14,建筑工程,radovi na krovovima i hidroizolaciji,vodonepropusnost krova i sitni materijali,krov
100097,polimer,Material,General,m2,0.29,0.29,0.29,0.29,1,EUR,0.4,1.3938,14,14,建筑工程,radovi na krovovima i hidroizolaciji,vodonepropusnost krova i sitni materijali,vodonepropusni premaz krova
100262,polimerni vodonepropusni premaz,Material,Waterproofing,kg,9.01,9.01,9.01,9.01,1,EUR,13.54,1.5036,14,14,建筑工程,radovi na krovovima i hidroizolaciji,vodonepropusnost krova i sitni materijali,vodonepropusni premaz krova
110472,poliuretanska zidna boja (dvostruka) temeljni premaz,Material,Paint & Coatings,kg,4.61,4.61,4.61,4.61,1,EUR,0.62,0.1335,14,14,建筑工程,"radovi slikanja, premazivanja i lijepljenja papira",boja za drvene površine,boja za staklene zidove
110261,premazivanje površine,Material,General,kg,2.49,2.49,2.49,2.49,1,EUR,0.9,0.3623,14,14,建筑工程,"radovi slikanja, premazivanja i lijepljenja papira",premazivanje sprejem i četkom,sloj premaza za završnu obradu zidova
110260,premaz premaz,Material,General,kg,1.94,1.94,1.94,1.94,1,EUR,0.42,0.2183,14,14,建筑工程,"radovi slikanja, premazivanja i lijepljenja papira",premazivanje sprejem i četkom,sloj premaza za završnu obradu zidova
400032,žbuka mort,Material,Concrete & Cement,m3,65.96,65.96,65.96,65.96,1,EUR,0.2,0.0031,14,14,建筑工程,"završne obrade zidova i stupova, pregrade i zavjese",gipsanje površine kolone (grede),zidna površinska fugiranja
800208,18m3/min,Equipment,General,machine-shift,2.7,2.7,2.7,2.7,1,EUR,0.22,0.0801,14,14,建筑工程,"Opći radovi instalacije - Vol.12 Slikarstvo, antikorozivna zaštita, toplinska iz",prskanje,prskanje kamena
091169,galvanizirani čelični žica 8,Material,Steel & Metal,kg,0.93,0.93,0.93,0.93,1,EUR,1.86,2.0076,13,13,建筑工程,Opći radovi instalacije - Vol.11 Oprema i linije za komunikaciju,pilota,vodena kolona
090920,betonski čavao,Material,Concrete & Cement,pcs,0.72,0.72,0.72,0.72,1,EUR,3.27,4.54,13,13,建筑工程,radovi na krovovima i hidroizolaciji,,
110770,obični razrjeđivač za akrilne boje,Material,Paint & Coatings,kg,1.08,1.08,1.08,1.08,1,EUR,0.02,0.021,13,13,建筑工程,"radovi slikanja, premazivanja i lijepljenja papira",boja za drvene površine,boja za staklene zidove
110466,obična akrilna metalik boja (jednoslojna),Material,Steel & Metal,kg,4.91,4.91,4.91,4.91,1,EUR,1.82,0.3706,13,13,建筑工程,"radovi slikanja, premazivanja i lijepljenja papira",boja za drvene površine,boja za staklene zidove
110608,obična akrilna boja,Material,Paint & Coatings,kg,2.01,2.01,2.01,2.01,1,EUR,0.69,0.3413,13,13,建筑工程,"radovi slikanja, premazivanja i lijepljenja papira",boja za drvene površine,boja za staklene zidove
110474,fluorokarbonska boja (dvostruka) temeljni premaz,Material,Paint & Coatings,kg,4.57,4.57,4.57,4.57,1,EUR,0.62,0.135,13,13,建筑工程,"radovi slikanja, premazivanja i lijepljenja papira",boja za drvene površine,boja za staklene zidove
110473,fluorokarbonska boja (dvostruka),Material,Paint & Coatings,kg,4.16,4.16,4.16,4.16,1,EUR,0.83,0.2007,13,13,建筑工程,"radovi slikanja, premazivanja i lijepljenja papira",boja za drvene površine,boja za staklene zidove
110229,ljepilo,Material,General,kg,2.08,2.08,2.08,2.08,1,EUR,0.13,0.0646,13,13,建筑工程,"radovi slikanja, premazivanja i lijepljenja papira",,
110480,bez razrjeđivača za temeljni premaz,Equipment,General,kg,2.48,2.48,2.48,2.48,1,EUR,0.27,0.1078,13,13,建筑工程,"radovi slikanja, premazivanja i lijepljenja papira",boja za metalne površine,"metalna vrata, boja za prozore"
110492,bez primjera,Equipment,General,kg,4.2,4.2,4.2,4.2,1,EUR,0.94,0.2242,13,13,建筑工程,"radovi slikanja, premazivanja i lijepljenja papira",boja za metalne površine,"metalna vrata, boja za prozore"
090467,nehrđajući čelik ploča 3mm,Material,Steel & Metal,pcs,1.06,1.06,1.06,1.06,1,EUR,8.82,8.3485,13,13,建筑工程,"završne obrade zidova i stupova, pregrade i zavjese",zidna obloga,dekorativna ploča za zidne površine
110320,koks,Material,General,kg,0.14,0.14,0.14,0.14,1,EUR,0.05,0.3308,13,13,建筑工程,radovi toplinske i akustične izolacije i antikorozivne zaštite,antikorozivni,razdjelni sloj
010065,zavarivanje čelične cijevi 15,Material,Steel & Metal,m,0.71,0.71,0.71,0.71,1,EUR,0.67,0.9492,13,13,建筑工程,Opći radovi instalacije - Vol.4 Instalacija električne opreme,zavarivanje čelične cijevi,zavarivanje čelične cijevi
110592,razrjeđivač za brtvene boje,Material,Paint & Coatings,kg,1.8,1.8,1.8,1.8,1,EUR,0.09,0.0509,13,13,建筑工程,"radovi slikanja, premazivanja i lijepljenja papira",boja za metalne površine,"metalna vrata, boja za prozore"
800347,gusjeničar dizalica 40t,Equipment,Cranes,machine-shift,152.22,152.22,152.22,152.22,1,EUR,5.68,0.0373,13,13,建筑工程,pripreme i mjere na gradilištu,vertikalni transport,vertikalni transport
800117,klipnjača za žabe,Equipment,General,machine-shift,1.37,1.37,1.37,1.37,1,EUR,0.03,0.0213,13,13,建筑工程,zemljani radovi i radovi s kamenom,zaobljavanje,nasipavanje temelja
080025,U -oblikovani lagani čelični nosač CB50-2,Material,Steel & Metal,pcs,0.09,0.09,0.09,0.09,1,EUR,0.3,3.3907,13,13,建筑工程,radovi na stropovima,suspendirani strop,stropna greda
100090,staklo,Material,Glass,m2,0.39,0.39,0.39,0.39,1,EUR,0.73,1.8775,13,13,建筑工程,radovi na krovovima i hidroizolaciji,"vodonepropusna površina zida, otpornost na vlagu",vodonepropusno premazivanje zidnih površina
120061,plastični list,Material,General,kg,1.94,1.94,1.94,1.94,1,EUR,4.28,2.2088,13,13,建筑工程,"završne obrade zidova i stupova, pregrade i zavjese",stup (greda) okrenut,dekorativna površina stupa (greda)
090447,galvanizirani željezni žica 18 22,Material,Steel & Metal,kg,0.76,0.76,0.76,0.76,1,EUR,3.11,4.0764,13,13,建筑工程,betonski i armirano-betonski radovi,radovi od armiranog čelika,dekorativna ploča za zidne površine
010075,zavarivanje čelične cijevi 150,Material,Steel & Metal,m,10.03,10.03,10.03,10.03,1,EUR,6.83,0.6808,13,13,建筑工程,tretman tla i potpora padinama,temeljna jama,sekcija čeličnih pilota
090034,8,Material,General,pcs,0.0,0.0,0.0,0.0,1,EUR,0.03,9.792,13,13,建筑工程,Opći radovi instalacije - Vol.6 Instrumentacija za automatizaciju i kontrolu,i s,
090036,12,Material,General,pcs,0.0,0.0,0.0,0.0,1,EUR,0.09,20.9829,13,13,建筑工程,Opći radovi instalacije - Vol.6 Instrumentacija za automatizaciju i kontrolu,,
070001,drvena lajsna,Material,Wood & Timber,m,0.18,0.18,0.18,0.18,1,EUR,0.03,0.1784,13,13,建筑工程,radovi završne obrade poda,završni sloj,timber ground slab
800204,dizalica 3t,Equipment,Cranes,machine-shift,32.67,32.67,32.67,32.67,1,EUR,43.22,1.3227,13,13,建筑工程,Opći radovi instalacije - Vol.5 Sustavi zgrade inteligencije,instalacija,
850119,IGS električna visina CTS-8,Equipment,General,machine-shift,1.03,1.03,1.03,1.03,1,EUR,0.95,0.9273,13,13,建筑工程,Opći radovi instalacije - Vol.4 Instalacija električne opreme,električna energija,"10kV, jednofazni"
010053,cinkovana čelična cijev 15,Material,Steel & Metal,m,0.94,0.94,0.94,0.94,1,EUR,1.11,1.1765,13,13,建筑工程,Opći radovi instalacije - Vol.4 Instalacija električne opreme,,galvanizirana čelična cijev
110768,silikonski temeljni premaz,Material,Paint & Coatings,kg,1.2,1.2,1.2,1.2,1,EUR,0.17,0.1415,12,12,建筑工程,"radovi slikanja, premazivanja i lijepljenja papira",boja za drvene površine,boja za staklene zidove
091445,šarka,Material,General,pair,0.97,0.97,0.97,0.97,1,EUR,3.42,3.5237,12,12,建筑工程,ostali dekorativni radovi,,
010140,cinkovani okrugli štap 10 unutra,Material,General,kg,0.84,0.84,0.84,0.84,1,EUR,0.67,0.8026,12,12,建筑工程,Opći radovi instalacije - Vol.4 Instalacija električne opreme,instalacija,izrada i ugradnja temeljnog sloja
091468,vijak za proširenje pocinčani 6,Material,Fasteners,set,0.17,0.17,0.17,0.17,1,EUR,0.68,4.08,12,12,建筑工程,Opći radovi instalacije - Vol.4 Instalacija električne opreme,instalacija,
060079,"kamen posebnog oblika, debljine 20mm",Material,General,m2,48.5,48.5,48.5,48.5,1,EUR,49.71,1.025,12,12,建筑工程,"završne obrade zidova i stupova, pregrade i zavjese",oblaganje površine stuba (grede) pločicama,površina kamene ploče stupca
060045,pločica za oblaganje 0.015m2 izvan,Material,General,m2,4.85,4.85,4.85,4.85,1,EUR,4.6,0.9475,12,12,建筑工程,"završne obrade zidova i stupova, pregrade i zavjese",sloj blok-fasade zida,blok fasadne zidne površine
110605,vodena alkidna završna boja,Material,Water,kg,3.88,3.88,3.88,3.88,1,EUR,0.5,0.1278,12,12,建筑工程,"radovi slikanja, premazivanja i lijepljenja papira",boja za drvene površine,"drvena ploča, vlaknasta ploča, boja za strop od šperploče"
060093,gotova kamena ploča 5mm,Material,General,m2,49.88,49.88,49.88,49.88,1,EUR,50.05,1.0033,12,12,建筑工程,radovi na vratima i prozorima,vrata i prozori,
120026,s 20×40,Material,General,jedinica,0.74,0.74,0.74,0.74,1,EUR,0.21,0.2817,12,12,建筑工程,Opći radovi instalacije - Vol.4 Instalacija električne opreme,"električna energija, ugradnja",
830078,"oblikovani čelični oplatni sustav (i tip, visina, vijak)",Material,Steel & Metal,m2-day,0.21,0.21,0.21,0.21,1,EUR,1.17,5.6517,12,12,建筑工程,pripreme i mjere na gradilištu,betonska oplata i nosači za lijevanje na licu mjesta,zid
080736,ukrasna ploča od nehrđajućeg čelika,Material,Steel & Metal,m2,22.17,22.17,22.17,22.17,1,EUR,23.28,1.05,12,12,建筑工程,"završne obrade zidova i stupova, pregrade i zavjese",zidna obloga,dekorativna ploča za zidne površine
080735,ukrasna aluminijska ploča,Material,General,m2,62.36,62.36,62.36,62.36,1,EUR,65.47,1.05,12,12,建筑工程,"završne obrade zidova i stupova, pregrade i zavjese",zidna obloga,dekorativna ploča za zidne površine
090137,galvanizirano s vijcima 16×(150 250),Material,Fasteners,set,0.73,0.73,0.73,0.73,1,EUR,5.92,8.16,12,12,建筑工程,Opći radovi instalacije - Vol.4 Instalacija električne opreme,vrsta električne instalacije,
110137,premaz,Material,General,kg,2.49,2.49,2.49,2.49,1,EUR,1.15,0.4608,12,12,建筑工程,"radovi slikanja, premazivanja i lijepljenja papira",premazivanje sprejem i četkom,metalna strukturna četkasta prevlaka
800569,pumpa za otpadne vode 150,Equipment,Pumps,machine-shift,3.88,3.88,3.88,3.88,1,EUR,0.19,0.0485,12,12,建筑工程,tretman tla i potpora padinama,"voda, vodovod",voda
110104,boja od ugljenog bitumena,Material,Paint & Coatings,kg,1.98,1.98,1.98,1.98,1,EUR,0.66,0.3354,12,12,建筑工程,"Opći radovi instalacije - Vol.12 Slikarstvo, antikorozivna zaštita, toplinska iz",pravokutno četkanje,
110601,vodena fluorokarbonska boja,Material,Paint & Coatings,kg,4.16,4.16,4.16,4.16,1,EUR,1.58,0.3803,12,12,建筑工程,"radovi slikanja, premazivanja i lijepljenja papira",boja za drvene površine,"drvena ploča, vlaknasta ploča, boja za strop od šperploče"
100316,ljepiva hidroizolacijska membrana (samoljepljiva) debljine 1.5mm,Material,Waterproofing,m2,6.24,6.24,6.24,6.24,1,EUR,7.05,1.1311,12,12,建筑工程,radovi na krovovima i hidroizolaciji,vodonepropusnost krova i sitni materijali,vodonepropusna membrana za krov
110185,ljepilo,Material,General,kg,0.91,0.91,0.91,0.91,1,EUR,0.17,0.1871,12,12,建筑工程,radovi na krovovima i hidroizolaciji,vodonepropusnost krova i sitni materijali,vodonepropusna membrana za krov
100375,ljepilo za vodonepropusnu membranu () 1.5mm debljine,Material,Waterproofing,m2,3.46,3.46,3.46,3.46,1,EUR,3.9,1.1251,12,12,建筑工程,radovi na krovovima i hidroizolaciji,vodonepropusnost krova i sitni materijali,vodonepropusna membrana za krov
130006,staklena vuna,Material,Glass,m3,29.1,29.1,29.1,29.1,1,EUR,1.07,0.0366,12,12,建筑工程,radovi toplinske i akustične izolacije i antikorozivne zaštite,zidna obloga,dekorativna ploča za zidne površine
100264,ljepilo za vodonepropusni premaz,Material,Waterproofing,kg,2.42,2.42,2.42,2.42,1,EUR,4.51,1.8614,12,12,建筑工程,radovi na krovovima i hidroizolaciji,vodonepropusnost krova i sitni materijali,vodonepropusni premaz krova
810168,malter DM7.5-MR,Material,Concrete & Cement,m3,199.54,199.54,199.54,199.54,1,EUR,15.52,0.0778,12,12,建筑工程,zidarski radovi,zidarska opeka,
100266,polimerni cementni (JS) vodonepropusni premaz,Material,Concrete & Cement,kg,1.7,1.7,1.7,1.7,1,EUR,3.69,2.1646,12,12,建筑工程,radovi na krovovima i hidroizolaciji,vodonepropusnost krova i sitni materijali,vodonepropusni premaz krova
810176,suhi miješani mort,Material,Concrete & Cement,m3,103.93,103.93,103.93,103.93,1,EUR,1.36,0.0131,12,12,建筑工程,radovi toplinske i akustične izolacije i antikorozivne zaštite,,zidna površina
810174,morter,Material,Concrete & Cement,m3,124.71,124.71,124.71,124.71,1,EUR,3.57,0.0286,12,12,建筑工程,radovi toplinske i akustične izolacije i antikorozivne zaštite,,zidna površina
100263,akrilna vodonepropusna prevlaka,Material,Waterproofing,kg,2.01,2.01,2.01,2.01,1,EUR,4.71,2.3428,12,12,建筑工程,radovi na krovovima i hidroizolaciji,vodonepropusnost krova i sitni materijali,vodonepropusni premaz krova
150015,aluminij,Material,General,pcs,0.05,0.05,0.05,0.05,1,EUR,0.05,1.0,12,12,建筑工程,Opći radovi instalacije - Vol.9 Zaštita od požara,bez mreže,
010067,zavarivanje čelične cijevi 25,Material,Steel & Metal,m,1.34,1.34,1.34,1.34,1,EUR,9.05,6.7555,12,12,建筑工程,radovi na zabijanju,bore pile,zavarivanje čelične cijevi
080764,"zid, podna ljepila površinska ploča (širina spoja 200mm unutra)",Material,General,m,23.56,23.56,23.56,23.56,1,EUR,23.79,1.01,12,12,建筑工程,radovi na krovovima i hidroizolaciji,pokretni spoj,površinski dilatacijski spoj zida
400058,malta za zidanje DM5.0,Material,Concrete & Cement,m3,81.24,81.24,81.24,81.24,1,EUR,26.91,0.3313,12,12,建筑工程,zidarski radovi,kamena suhozidna,
040057,kamen lom,Material,General,kg,0.01,0.01,0.01,0.01,1,EUR,19.58,2018.8182,12,12,建筑工程,zidarski radovi,kamena suhozidna,
010031,obična čelična ploča 4.1 7,Material,Steel & Metal,kg,0.62,0.62,0.62,0.62,1,EUR,5.95,9.5588,12,12,建筑工程,Opći radovi instalacije - Vol.7 Ventilacija i klimatizacija,ugradnja nosača i izrada,izrada i ugradnja nosača
090269,cinkovani čavao,Material,Fasteners,kg,1.43,1.43,1.43,1.43,1,EUR,0.05,0.0358,12,12,建筑工程,Opći radovi instalacije - Vol.7 Ventilacija i klimatizacija,,
080765,"zid, podna ljepila površina ploče (širina spoja 200mm izvan)",Material,General,m,26.33,26.33,26.33,26.33,1,EUR,26.59,1.01,12,12,建筑工程,radovi na krovovima i hidroizolaciji,pokretni spoj,površinski dilatacijski spoj zida
120050,dekorativna ploča 0.8mm,Material,General,m2,8.66,8.66,8.66,8.66,1,EUR,12.4,1.4322,12,12,建筑工程,"završne obrade zidova i stupova, pregrade i zavjese",zidna obloga,dekorativna ploča za zidne površine
800281,s iskopom zemlje 1.0m3,Equipment,General,machine-shift,126.65,126.65,126.65,126.65,1,EUR,0.48,0.0038,12,12,建筑工程,zemljani radovi i radovi s kamenom,"voda, vodovod",iskop općih zemljanih radova
070002,traka od aluminijske legure,Material,General,m,0.64,0.64,0.64,0.64,1,EUR,0.19,0.3042,12,12,建筑工程,radovi završne obrade poda,keramičke pločice,ground
040023,kamen,Material,General,kg,0.03,0.03,0.03,0.03,1,EUR,7.83,245.6431,12,12,建筑工程,zemljani radovi i radovi s kamenom,zaobljavanje,nasipavanje tla
110663,cement bonding waterproof coating,Material,Concrete & Cement,kg,2.49,2.49,2.49,2.49,1,EUR,4.22,1.691,12,12,建筑工程,radovi na krovovima i hidroizolaciji,"vodonepropusna površina zida, otpornost na vlagu",vodonepropusno premazivanje zidnih površina
030090,ploča,Material,General,m2,1.7,1.7,1.7,1.7,1,EUR,1.8,1.0575,12,12,建筑工程,radovi na krovovima i hidroizolaciji,vodonepropusnost krova i sitni materijali,krov
400042,površinski mort DBI,Material,Concrete & Cement,m3,541.8,541.8,541.8,541.8,1,EUR,1.32,0.0024,12,12,建筑工程,radovi na krovovima i hidroizolaciji,vodonepropusni zaštitni sloj,strop
030070,ploča,Material,General,m2,9.01,9.01,9.01,9.01,1,EUR,17.09,1.8975,12,12,建筑工程,"završne obrade zidova i stupova, pregrade i zavjese",zidna obloga,dekorativna ploča za zidne površine
130101,voda,Material,Water,kg,3.46,3.46,3.46,3.46,1,EUR,0.15,0.0424,12,12,建筑工程,radovi toplinske i akustične izolacije i antikorozivne zaštite,,zidna površina
080763,"zid, podna ljepila površinska ploča (širina spoja 100mm unutar)",Material,General,m,22.17,22.17,22.17,22.17,1,EUR,22.39,1.01,12,12,建筑工程,radovi na krovovima i hidroizolaciji,pokretni spoj,površinski dilatacijski spoj zida
090067,cinkovana matica 10,Material,Fasteners,pcs,0.02,0.02,0.02,0.02,1,EUR,0.06,2.9718,12,12,建筑工程,Opći radovi instalacije - Vol.7 Ventilacija i klimatizacija,instalacija,"pravokutna čelična ploča za ugradnju (1.2mm unutra, )"
080280,strip,Material,General,m,1.11,1.11,1.11,1.11,1,EUR,0.42,0.375,12,12,建筑工程,"završne obrade zidova i stupova, pregrade i zavjese",radovi na zavjesnim zidovima,stakleni zavjesni zid
050032,čelično ljepilo za staklo,Material,Steel & Metal,m2,55.43,55.43,55.43,55.43,1,EUR,56.88,1.0262,12,12,建筑工程,"završne obrade zidova i stupova, pregrade i zavjese",radovi na zavjesnim zidovima,stakleni zavjesni zid
080116,T tipa lake čelične letve TB-1X,Material,Steel & Metal,pcs,0.05,0.05,0.05,0.05,1,EUR,0.1,1.9638,12,12,建筑工程,radovi na stropovima,suspendirani strop,stropna greda
150166,(),Material,General,pcs,1.05,1.05,1.05,1.05,1,EUR,1.08,1.02,12,12,建筑工程,Opći radovi instalacije - Vol.5 Sustavi zgrade inteligencije,instalacija,električna energija
800154,AC aparat za zavarivanje 40kVA,Equipment,Welding Equip.,machine-shift,2.4,2.4,2.4,2.4,1,EUR,0.46,0.1909,12,12,建筑工程,betonski i armirano-betonski radovi,radovi od armiranog čelika,vodonepropusni zaustavnik s
080730,kisikik,Material,Chemicals,m,0.53,0.53,0.53,0.53,1,EUR,0.18,0.34,12,12,建筑工程,Opći radovi instalacije - Vol.5 Sustavi zgrade inteligencije,,
100273,modificirana bitumenska poli vodonepropusna membrana (samoljepljiva) debljine 3mm,Material,Waterproofing,m2,4.99,4.99,4.99,4.99,1,EUR,6.13,1.2279,12,12,建筑工程,radovi na krovovima i hidroizolaciji,vodonepropusnost krova i sitni materijali,vodonepropusna membrana za krov
080188,ploča,Material,General,m2,4.74,4.74,4.74,4.74,1,EUR,4.96,1.046,12,12,建筑工程,"završne obrade zidova i stupova, pregrade i zavjese",zidna obloga,dekorativna ploča za zidne površine
010056,cinkovana čelična cijev 32,Material,Steel & Metal,m,2.27,2.27,2.27,2.27,1,EUR,2.33,1.0262,12,12,建筑工程,Opći radovi instalacije - Vol.4 Instalacija električne opreme,,galvanizirana čelična cijev
130041,stak od kamene vune,Material,Glass,m3,91.46,91.46,91.46,91.46,1,EUR,4.41,0.0482,12,12,建筑工程,radovi toplinske i akustične izolacije i antikorozivne zaštite,,strop
110600,vodena poliuretanska završna boja za drvo,Material,Wood & Timber,kg,2.26,2.26,2.26,2.26,1,EUR,0.3,0.1339,12,12,建筑工程,"radovi slikanja, premazivanja i lijepljenja papira",boja za drvene površine,"drvena ploča, vlaknasta ploča, boja za strop od šperploče"
090178,4,Material,General,set,0.02,0.02,0.02,0.02,1,EUR,0.04,2.06,11,11,建筑工程,"Opći radovi instalacije - Vol.10 Opskrba vodom, odvodnja, grijanje, plin","voda, voda",instalacija električne vode
800522,600T pilota,Equipment,General,machine-shift,423.41,423.41,423.41,423.41,1,EUR,9.1,0.0215,11,11,建筑工程,radovi na zabijanju,,
850107,električna energija JH5132,Equipment,General,machine-shift,1.8,1.8,1.8,1.8,1,EUR,1.8,1.0,11,11,建筑工程,Opći radovi instalacije - Vol.4 Instalacija električne opreme,električna energija,električna energija
010073,zavarivanje čelične cijevi 100,Material,Steel & Metal,m,5.99,5.99,5.99,5.99,1,EUR,5.59,0.9345,11,11,建筑工程,Opći radovi instalacije - Vol.4 Instalacija električne opreme,zavarivanje čelične cijevi,zavarivanje čelične cijevi
090860,vijak za proširenje pocinčani M12×110,Material,Fasteners,set,0.11,0.11,0.11,0.11,1,EUR,0.23,2.0975,11,11,建筑工程,Opći radovi instalacije - Vol.9 Zaštita od požara,bez mreže,
130020,polistirenska ploča 50,Material,General,m2,3.05,3.05,3.05,3.05,1,EUR,1.65,0.54,11,11,建筑工程,radovi na krovovima i hidroizolaciji,pokretni spoj,ispuna fuga
090550,ekspanzijski vijak (složeni),Material,Fasteners,set,0.33,0.33,0.33,0.33,1,EUR,1.55,4.6982,11,11,建筑工程,"završne obrade zidova i stupova, pregrade i zavjese",stup (greda) okrenut,dekorativna površina stupa (greda)
460101,"B0, A0",Material,General,jedinica,22.17,22.17,22.17,22.17,1,EUR,2.47,0.1115,11,11,建筑工程,Opći radovi instalacije - Vol.5 Sustavi zgrade inteligencije,,instalacija
100115,dvostrani ljepilo za površine,Material,General,m,0.32,0.32,0.32,0.32,1,EUR,1.57,4.8973,11,11,建筑工程,"završne obrade zidova i stupova, pregrade i zavjese",zidna obloga,dekorativna ploča za zidne površine
090691,ploča od nehrđajućeg čelika 0.8mm,Material,Steel & Metal,m2,44.0,44.0,44.0,44.0,1,EUR,42.6,0.9683,11,11,建筑工程,radovi na krovovima i hidroizolaciji,vodonepropusnost krova i sitni materijali,vodonepropusni krov
800121,miješalica za beton 500L,Equipment,General,machine-shift,2.24,2.24,2.24,2.24,1,EUR,0.02,0.0081,11,11,建筑工程,betonski i armirano-betonski radovi,betonski sloj za zasipanje na licu mjesta,sloj za izravnavanje poda
850078,oblikovanje,Equipment,General,machine-shift,49.11,49.11,49.11,49.11,1,EUR,13.54,0.2757,11,11,建筑工程,Opći radovi instalacije - Vol.11 Oprema i linije za komunikaciju,oblikovanje,
350049,dvostruko oblikovanje 0.5mm,Material,General,m,0.3,0.3,0.3,0.3,1,EUR,18.49,61.2225,11,11,建筑工程,Opći radovi instalacije - Vol.11 Oprema i linije za komunikaciju,oblikovanje,
060059,zidna ploča,Material,General,m2,12.47,12.47,12.47,12.47,1,EUR,11.95,0.958,11,11,建筑工程,"završne obrade zidova i stupova, pregrade i zavjese",sloj blok-fasade zida,blok fasadne zidne površine
030017,timber ground slab,Material,Wood & Timber,m2,6.22,6.22,6.22,6.22,1,EUR,6.53,1.05,11,11,建筑工程,radovi završne obrade poda,keramičke pločice,timber ground slab
090275,željezni pribor,Material,Steel & Metal,kg,0.6,0.6,0.6,0.6,1,EUR,0.43,0.7186,11,11,建筑工程,radovi na drvenim konstrukcijama,strukturno drvo,
300109,podna lajsna 12×100,Material,General,pcs,0.54,0.54,0.54,0.54,1,EUR,1.08,2.0,11,11,建筑工程,Opći radovi instalacije - Vol.11 Oprema i linije za komunikaciju,,postavljanje tla i ostali predmeti
090184,cementni čavao,Material,Concrete & Cement,kg,1.36,1.36,1.36,1.36,1,EUR,0.07,0.053,11,11,建筑工程,radovi završne obrade poda,završni sloj,ground
800395,power buggy 1t,Equipment,General,machine-shift,17.47,17.47,17.47,17.47,1,EUR,1.21,0.0691,11,11,建筑工程,tretman tla i potpora padinama,bore pile,
040072,kamen,Material,General,kg,0.01,0.01,0.01,0.01,1,EUR,0.08,12.044,11,11,建筑工程,"završne obrade zidova i stupova, pregrade i zavjese",žbukanje,ukrasni zidni žbuka
090229,cinkani ravni čelik,Material,Steel & Metal,kg,0.56,0.56,0.56,0.56,1,EUR,0.28,0.5083,11,11,建筑工程,Opći radovi instalacije - Vol.4 Instalacija električne opreme,mreža,
800001,kamionska dizalica 5t,Equipment,Cranes,machine-shift,43.47,43.47,43.47,43.47,1,EUR,13.83,0.3182,11,11,建筑工程,Opći radovi instalacije - Vol.4 Instalacija električne opreme,instalacija,
010071,zavarivanje čelične cijevi 70,Material,Steel & Metal,m,3.63,3.63,3.63,3.63,1,EUR,3.56,0.9809,11,11,建筑工程,Opći radovi instalacije - Vol.4 Instalacija električne opreme,zavarivanje čelične cijevi,zavarivanje čelične cijevi
010074,zavarivanje čelične cijevi 125,Material,Steel & Metal,m,8.36,8.36,8.36,8.36,1,EUR,8.22,0.9832,11,11,建筑工程,Opći radovi instalacije - Vol.4 Instalacija električne opreme,zavarivanje čelične cijevi,zavarivanje čelične cijevi
850037,2Mb/s,Equipment,General,machine-shift,14.57,14.57,14.57,14.57,1,EUR,18.94,1.3,11,11,建筑工程,Opći radovi instalacije - Vol.11 Oprema i linije za komunikaciju,(),
110030,kit,Material,General,kg,1.25,1.25,1.25,1.25,1,EUR,0.62,0.4952,11,11,建筑工程,"radovi slikanja, premazivanja i lijepljenja papira",boja za metalne površine,"metalna površina, čelična strukturalna boja"
850085,622Mb/s,Equipment,General,machine-shift,114.84,114.84,114.84,114.84,1,EUR,101.72,0.8857,11,11,建筑工程,Opći radovi instalacije - Vol.11 Oprema i linije za komunikaciju,(),
110021,fenolna antikorozivna boja,Material,Paint & Coatings,kg,1.69,1.69,1.69,1.69,1,EUR,0.32,0.1908,11,11,建筑工程,Opći radovi instalacije - Vol.6 Instrumentacija za automatizaciju i kontrolu,pravokutno četkanje,
280397,temeljna kalupljena ploča,Material,General,set,2.3,2.3,2.3,2.3,1,EUR,2.32,1.01,11,11,建筑工程,Opći radovi instalacije - Vol.11 Oprema i linije za komunikaciju,,postavljanje tla i ostali predmeti
350224,kalup 7×1.2,Material,General,kg,4.36,4.36,4.36,4.36,1,EUR,0.87,0.2,11,11,建筑工程,Opći radovi instalacije - Vol.11 Oprema i linije za komunikaciju,,postavljanje tla i ostali predmeti
090479,aluminij,Material,General,m,0.4,0.4,0.4,0.4,1,EUR,3.03,7.5111,11,11,建筑工程,"završne obrade zidova i stupova, pregrade i zavjese",parcijalni,parcijalni
040052,kamen,Material,General,kg,0.01,0.01,0.01,0.01,1,EUR,18.67,2245.0,11,11,建筑工程,zemljani radovi i radovi s kamenom,zaobljavanje,nasipavanje temelja
110201,emulzijska boja,Material,Paint & Coatings,kg,2.22,2.22,2.22,2.22,1,EUR,1.66,0.75,11,11,建筑工程,"radovi slikanja, premazivanja i lijepljenja papira",premazivanje sprejem i četkom,sloj premaza za završnu obradu zidova
090305,ukrasni čavao,Material,Fasteners,kg,1.86,1.86,1.86,1.86,1,EUR,0.1,0.0523,11,11,建筑工程,"završne obrade zidova i stupova, pregrade i zavjese",parcijalni,parcijalni
090123,cinkano s vijcima 8×(110 120),Material,Fasteners,set,0.1,0.1,0.1,0.1,1,EUR,0.52,5.4036,11,11,建筑工程,Opći radovi instalacije - Vol.5 Sustavi zgrade inteligencije,električna instalacija,instalacija
091088,cinkovani čavli za drvo 4×50,Material,Wood & Timber,pcs,0.01,0.01,0.01,0.01,1,EUR,0.03,3.7511,11,11,建筑工程,Opći radovi instalacije - Vol.5 Sustavi zgrade inteligencije,instalacija,
110303,ljepilo,Material,General,kg,0.49,0.49,0.49,0.49,1,EUR,0.25,0.5092,11,11,建筑工程,betonski i armirano-betonski radovi,ugradbeni monolitni beton za konstrukciju,ispuna fuga
810093,vodeni silikonski brtvilo,Material,Water,m3,403.79,403.79,403.79,403.79,1,EUR,3.28,0.0081,11,11,建筑工程,radovi toplinske i akustične izolacije i antikorozivne zaštite,sloj zaštitnog sloja protiv korozije,blok s antikoroznim završnim slojem
090881,cinkano s vijkom M16×(70 75),Material,Fasteners,set,0.21,0.21,0.21,0.21,1,EUR,0.04,0.206,11,11,建筑工程,Opći radovi instalacije - Vol.9 Zaštita od požara,bez mreže,
010057,cinkovana čelična cijev 40,Material,Steel & Metal,m,2.69,2.69,2.69,2.69,1,EUR,2.76,1.0259,11,11,建筑工程,Opći radovi instalacije - Vol.4 Instalacija električne opreme,,galvanizirana čelična cijev
350037,kalup BV-1.0,Material,General,m,0.11,0.11,0.11,0.11,1,EUR,1.4,12.9564,11,11,建筑工程,Opći radovi instalacije - Vol.9 Zaštita od požara,voda,
100032,bitumen ljepilo,Material,Waterproofing,m3,292.48,292.48,292.48,292.48,1,EUR,1.76,0.006,11,11,建筑工程,radovi toplinske i akustične izolacije i antikorozivne zaštite,sloj zaštitnog sloja protiv korozije,blok s antikoroznim završnim slojem
010059,cinkovana čelična cijev 70,Material,Steel & Metal,m,4.61,4.61,4.61,4.61,1,EUR,5.08,1.1014,11,11,建筑工程,Opći radovi instalacije - Vol.4 Instalacija električne opreme,,električne instalacije izrade
040024,koks,Material,General,kg,0.01,0.01,0.01,0.01,1,EUR,0.64,77.386,11,11,建筑工程,tretman tla i potpora padinama,,
800392,električni kompaktor 20 62kg/m,Equipment,General,machine-shift,1.87,1.87,1.87,1.87,1,EUR,0.06,0.031,11,11,建筑工程,zemljani radovi i radovi s kamenom,zaobljavanje,nasipavanje temelja
110153,ljepilo 325 200g,Material,General,komad,3.46,3.46,3.46,3.46,1,EUR,1.06,0.3055,11,11,建筑工程,Opći radovi instalacije - Vol.9 Zaštita od požara,bez mreže,
850126,visina,Equipment,General,machine-shift,2.15,2.15,2.15,2.15,1,EUR,8.0,3.724,10,10,建筑工程,Opći radovi instalacije - Vol.4 Instalacija električne opreme,električna energija,električna energija
810094,ljepilo,Material,General,m3,2975.69,2975.69,2975.69,2975.69,1,EUR,20.9,0.007,10,10,建筑工程,radovi toplinske i akustične izolacije i antikorozivne zaštite,sloj zaštitnog sloja protiv korozije,blok s antikoroznim završnim slojem
080198,aluminijska legura trakova ploča,Material,General,m2,12.47,12.47,12.47,12.47,1,EUR,11.97,0.96,10,10,建筑工程,"završne obrade zidova i stupova, pregrade i zavjese",zidna obloga,dekorativna ploča za zidne površine
030013,drvena ploča,Material,Wood & Timber,m2,1.83,1.83,1.83,1.83,1,EUR,1.91,1.045,10,10,建筑工程,"završne obrade zidova i stupova, pregrade i zavjese",zidna obloga,dekorativna ploča za zidne površine
100465,SBS modificirana bitumenska hidroizolacijska membrana () 3mm,Material,Waterproofing,m2,3.88,3.88,3.88,3.88,1,EUR,4.76,1.2279,10,10,建筑工程,radovi na krovovima i hidroizolaciji,vodonepropusnost krova i sitni materijali,vodonepropusna membrana za krov
120049,PVC dekorativna ploča 1.25mm,Material,General,m2,3.39,3.39,3.39,3.39,1,EUR,3.72,1.0955,10,10,建筑工程,"završne obrade zidova i stupova, pregrade i zavjese",zidna obloga,dekorativna ploča za zidne površine
080026,Čelik u obliku slova U CB50-2A,Material,Steel & Metal,pcs,0.05,0.05,0.05,0.05,1,EUR,0.16,3.4257,10,10,建筑工程,radovi na stropovima,ukrasni strop,s
810178,dodatni mort,Material,Concrete & Cement,m3,62.36,62.36,62.36,62.36,1,EUR,0.24,0.0038,10,10,建筑工程,"završne obrade zidova i stupova, pregrade i zavjese",gipsanje površine kolone (grede),opća žbuka površine grednog stupa
110293,premaz,Material,General,kg,3.08,3.08,3.08,3.08,1,EUR,0.67,0.2171,10,10,建筑工程,"radovi slikanja, premazivanja i lijepljenja papira",premazivanje sprejem i četkom,sloj premaza za završnu obradu zidova
850217,HD-260,Equipment,General,machine-shift,18.51,18.51,18.51,18.51,1,EUR,20.03,1.0822,10,10,建筑工程,Opći radovi instalacije - Vol.6 Instrumentacija za automatizaciju i kontrolu,,
850220,dvostruko oblikovanje H6 0.1,Equipment,General,machine-shift,17.33,17.33,17.33,17.33,1,EUR,23.28,1.3433,10,10,建筑工程,Opći radovi instalacije - Vol.6 Instrumentacija za automatizaciju i kontrolu,mreža i,mreža
010026,obična čelična ploča 1 1.5,Material,Steel & Metal,kg,0.8,0.8,0.8,0.8,1,EUR,12.39,15.5825,10,10,建筑工程,Opći radovi instalacije - Vol.6 Instrumentacija za automatizaciju i kontrolu,izrada i ugradnja,
850212,električna energija ZX-25a,Equipment,General,machine-shift,1.29,1.29,1.29,1.29,1,EUR,0.12,0.0925,10,10,建筑工程,Opći radovi instalacije - Vol.6 Instrumentacija za automatizaciju i kontrolu,,
091067,mreža,Material,General,m2,1.11,1.11,1.11,1.11,1,EUR,1.16,1.05,10,10,建筑工程,"završne obrade zidova i stupova, pregrade i zavjese",,ukrasni zidni žbuka
110607,temeljni premaz na bazi ulja,Material,Paint & Coatings,kg,2.15,2.15,2.15,2.15,1,EUR,0.2,0.0925,10,10,建筑工程,"radovi slikanja, premazivanja i lijepljenja papira",boja za drvene površine,boja za staklene zidove
090408,galvanizirano 50,Material,General,pcs,0.52,0.52,0.52,0.52,1,EUR,0.94,1.7948,10,10,建筑工程,ostali dekorativni radovi,"rukohvat, ograda, dekorativna ploča za ogradu","metalna ograda, rukohvat, ploča ograde"
090462,pocinčana čelična žičana mreža,Material,Steel & Metal,m2,1.07,1.07,1.07,1.07,1,EUR,1.16,1.0845,10,10,建筑工程,radovi na krovovima i hidroizolaciji,,zidna površina
110012,boja za temeljnu ploču,Material,Paint & Coatings,kg,1.94,1.94,1.94,1.94,1,EUR,0.34,0.1734,10,10,建筑工程,"radovi slikanja, premazivanja i lijepljenja papira",boja za drvene površine,boja za drvenu podlogu
110130,boja,Material,Paint & Coatings,kg,3.05,3.05,3.05,3.05,1,EUR,0.94,0.3086,10,10,建筑工程,"radovi slikanja, premazivanja i lijepljenja papira",boja za metalne površine,"metalna površina, čelična strukturalna boja"
110013,lak za podnu površinu na bazi vode,Material,Paint & Coatings,kg,3.46,3.46,3.46,3.46,1,EUR,0.36,0.1037,10,10,建筑工程,"radovi slikanja, premazivanja i lijepljenja papira",boja za drvene površine,boja za drvenu podlogu
110131,boja,Material,Paint & Coatings,kg,2.08,2.08,2.08,2.08,1,EUR,0.07,0.0346,10,10,建筑工程,"radovi slikanja, premazivanja i lijepljenja papira",boja za metalne površine,"metalna površina, čelična strukturalna boja"
090345,nehrđajući čelik 50,Material,Steel & Metal,pcs,3.06,3.06,3.06,3.06,1,EUR,4.14,1.3535,10,10,建筑工程,ostali dekorativni radovi,"rukohvat, ograda, dekorativna ploča za ogradu","metalna ograda, rukohvat, ploča ograde"
050013,staklo 8mm,Material,Glass,m2,6.24,6.24,6.24,6.24,1,EUR,7.88,1.263,10,10,建筑工程,ostali dekorativni radovi,,okvir
360045,ukrasna lajsna 25 ukrasna lajsna,Material,General,komad,2.05,2.05,2.05,2.05,1,EUR,8.29,4.04,10,10,建筑工程,Opći radovi instalacije - Vol.11 Oprema i linije za komunikaciju,električna montaža,električna montaža
110772,razrjeđivač za akrilnu poliuretansku metalnu boju,Material,Steel & Metal,kg,1.41,1.41,1.41,1.41,1,EUR,0.04,0.0258,10,10,建筑工程,"radovi slikanja, premazivanja i lijepljenja papira",boja za drvene površine,boja za staklene zidove
280559,oblikovanje,Material,General,pcs,0.11,0.11,0.11,0.11,1,EUR,22.61,204.0,10,10,建筑工程,Opći radovi instalacije - Vol.11 Oprema i linije za komunikaciju,električna montaža,električna montaža
800068,C15,Equipment,General,machine-shift,0.49,0.49,0.49,0.49,1,EUR,0.07,0.15,10,10,建筑工程,Opći radovi instalacije - Vol.11 Oprema i linije za komunikaciju,električna montaža,električna montaža
010173,čelična cijev,Material,Steel & Metal,m,4.21,4.21,4.21,4.21,1,EUR,1.02,0.2413,10,10,建筑工程,radovi završne obrade poda,završni sloj stepeništa,metalni zidni rukohvat
090799,60%,Material,General,kg,11.25,11.25,11.25,11.25,1,EUR,4.37,0.388,10,10,建筑工程,Opći radovi instalacije - Vol.11 Oprema i linije za komunikaciju,(mreža) pojedinačni (DTU NTU),
010141,cinkovani okrugli štap 10 izvan,Material,General,kg,0.85,0.85,0.85,0.85,1,EUR,1.77,2.0716,10,10,建筑工程,Opći radovi instalacije - Vol.4 Instalacija električne opreme,mreža,vodena kolona
090335,drvna građa,Material,Wood & Timber,pcs,0.42,0.42,0.42,0.42,1,EUR,1.43,3.4364,10,10,建筑工程,ostali dekorativni radovi,,drvna građa
100019,ljepilo 15,Material,General,m,0.81,0.81,0.81,0.81,1,EUR,0.53,0.6548,10,10,建筑工程,"Opći radovi instalacije - Vol.10 Opskrba vodom, odvodnja, grijanje, plin",vodovodna instalacija,
800652,električna običajna dvostruka (200 unutar),Equipment,General,machine-shift,54.9,54.9,54.9,54.9,1,EUR,0.45,0.0083,10,10,建筑工程,pripreme i mjere na gradilištu,vertikalni transport,vertikalni transport
060026,ploča (ploča),Material,General,m2,5.54,5.54,5.54,5.54,1,EUR,5.78,1.0425,10,10,建筑工程,"završne obrade zidova i stupova, pregrade i zavjese",zidna obloga,dekorativna ploča za zidne površine
090593,galvanizirano,Material,General,set,0.56,0.56,0.56,0.56,1,EUR,1.93,3.452,10,10,建筑工程,Opći radovi instalacije - Vol.4 Instalacija električne opreme,oblikovanje,instalacija
010068,zavarena čelična cijev 32,Material,Steel & Metal,m,1.73,1.73,1.73,1.73,1,EUR,1.65,0.952,10,10,建筑工程,Opći radovi instalacije - Vol.4 Instalacija električne opreme,zavarivanje čelične cijevi,zavarivanje čelične cijevi
120169,poliuretan,Material,General,m3,97.0,97.0,97.0,97.0,1,EUR,0.02,0.0002,10,10,建筑工程,radovi toplinske i akustične izolacije i antikorozivne zaštite,,pod
800023,zračni kompresor 1m3/min,Equipment,Compressors,machine-shift,2.33,2.33,2.33,2.33,1,EUR,1.21,0.5202,10,10,建筑工程,zemljani radovi i radovi s kamenom,radni radovi na stijeni,
110434,kamen,Material,General,kg,0.86,0.86,0.86,0.86,1,EUR,2.0,2.3262,10,10,建筑工程,"završne obrade zidova i stupova, pregrade i zavjese",žbukanje,opća žbuka
800213,vodena pumpa 100,Equipment,Pumps,machine-shift,2.05,2.05,2.05,2.05,1,EUR,0.42,0.2052,10,10,建筑工程,"Opći radovi instalacije - Vol.10 Opskrba vodom, odvodnja, grijanje, plin",,
810142,ljepilo,Material,General,m3,1950.58,1950.58,1950.58,1950.58,1,EUR,13.65,0.007,10,10,建筑工程,radovi toplinske i akustične izolacije i antikorozivne zaštite,sloj zaštitnog sloja protiv korozije,blok s antikoroznim završnim slojem
850098,električna energija YY2814,Equipment,General,machine-shift,2.23,2.23,2.23,2.23,1,EUR,5.69,2.55,10,10,建筑工程,Opći radovi instalacije - Vol.4 Instalacija električne opreme,visinska električna instalacija,električna energija
091469,traka 2.5,Material,General,kg,30.49,30.49,30.49,30.49,1,EUR,15.65,0.5135,10,10,建筑工程,"Opći radovi instalacije - Vol.10 Opskrba vodom, odvodnja, grijanje, plin",instalacija,
800643,toranjski dizalica 300T M,Equipment,Cranes,machine-shift,181.05,181.05,181.05,181.05,1,EUR,1.72,0.0095,10,10,建筑工程,pripreme i mjere na gradilištu,vertikalni transport,vertikalni transport
350217,kalup BVR-16mm,Material,General,m,1.65,1.65,1.65,1.65,1,EUR,3.51,2.131,10,10,建筑工程,Opći radovi instalacije - Vol.11 Oprema i linije za komunikaciju,oblikovanje,ugradnja kalupa za oblikovanje
180019,galvanizirani spoj 20,Material,General,pcs,0.54,0.54,0.54,0.54,1,EUR,0.62,1.1543,10,10,建筑工程,Opći radovi instalacije - Vol.5 Sustavi zgrade inteligencije,voda,voda ()
130876,pocinčana čelična mreža,Material,Steel & Metal,m2,0.97,0.97,0.97,0.97,1,EUR,0.92,0.95,10,10,建筑工程,Opći radovi instalacije - Vol.7 Ventilacija i klimatizacija,izrada i ugradnja metalne mreže (030703007 030703010),
050001,staklo 5mm,Material,Glass,m2,2.77,2.77,2.77,2.77,1,EUR,5.88,2.1211,10,10,建筑工程,"završne obrade zidova i stupova, pregrade i zavjese",parcijalni,staklena pregrada
810025,1: 0.5: 3 kompozitni mort,Material,Concrete & Cement,m3,37.2,37.2,37.2,37.2,1,EUR,0.15,0.004,10,10,建筑工程,"završne obrade zidova i stupova, pregrade i zavjese",,
800040,ploča 6.3×2000,Equipment,General,machine-shift,3.2,3.2,3.2,3.2,1,EUR,0.01,0.0036,10,10,建筑工程,Opći radovi instalacije - Vol.7 Ventilacija i klimatizacija,,
010072,zavarivanje čelične cijevi 80,Material,Steel & Metal,m,4.57,4.57,4.57,4.57,1,EUR,4.31,0.9433,9,9,建筑工程,Opći radovi instalacije - Vol.4 Instalacija električne opreme,zavarivanje čelične cijevi,zavarivanje čelične cijevi
090268,čavao 4,Material,Fasteners,set,0.01,0.01,0.01,0.01,1,EUR,0.02,2.194,9,9,建筑工程,radovi metalnih konstrukcija,"čelična ploča, zidna ploča",
090122,cinkano s vijcima 8×(85 100),Material,Fasteners,set,0.09,0.09,0.09,0.09,1,EUR,2.05,22.7733,9,9,建筑工程,Opći radovi instalacije - Vol.4 Instalacija električne opreme,instalacija,instalacija
100389,traka za ispunu spojeva,Material,General,m,2.08,2.08,2.08,2.08,1,EUR,0.25,0.1184,9,9,建筑工程,"završne obrade zidova i stupova, pregrade i zavjese",zidna obloga,dekorativna ploča za zidne površine
091463,nehrđajući čelik,Material,Steel & Metal,kg,3.33,3.33,3.33,3.33,1,EUR,0.69,0.2078,9,9,建筑工程,"završne obrade zidova i stupova, pregrade i zavjese",zidna obloga,dekorativna ploča za zidne površine
010069,zavarena čelična cijev 40,Material,Steel & Metal,m,2.08,2.08,2.08,2.08,1,EUR,1.96,0.9433,9,9,建筑工程,Opći radovi instalacije - Vol.4 Instalacija električne opreme,zavarivanje čelične cijevi,zavarivanje čelične cijevi
150085,oblikovanje,Material,General,pcs,9.42,9.42,9.42,9.42,1,EUR,0.06,0.0063,9,9,建筑工程,radovi metalnih konstrukcija,metalno vezivanje konstrukcija,
110559,PE debljine 0.3mm,Material,General,m2,0.53,0.53,0.53,0.53,1,EUR,0.35,0.6625,9,9,建筑工程,radovi na krovovima i hidroizolaciji,vodonepropusnost krova i sitni materijali,profil i ostali elementi krova
110197,premaz,Material,General,kg,2.77,2.77,2.77,2.77,1,EUR,0.1,0.0354,9,9,建筑工程,Opći radovi instalacije - Vol.4 Instalacija električne opreme,mreža,izrada
130887,debljina),Material,General,m2,27.71,27.71,27.71,27.71,1,EUR,28.73,1.0367,9,9,建筑工程,radovi na krovovima i hidroizolaciji,vodonepropusnost krova i sitni materijali,profil i ostali elementi krova
030016,traka ploče 1000×30×8,Material,General,100 pcs,2.2,2.2,2.2,2.2,1,EUR,0.05,0.098,9,9,建筑工程,radovi na drvenim konstrukcijama,podloga krovišta od drva,sloj završne obloge stropa
800640,toranjski dizalica 100T M,Equipment,Cranes,machine-shift,86.91,86.91,86.91,86.91,1,EUR,1.68,0.0194,9,9,建筑工程,pripreme i mjere na gradilištu,vertikalni transport,vertikalni transport
800172,gusjeničar dizalica 25t,Equipment,Cranes,machine-shift,84.79,84.79,84.79,84.79,1,EUR,4.01,0.0472,9,9,建筑工程,pripreme i mjere na gradilištu,vertikalni transport,vertikalni transport
110070,ravni sloj premaza,Material,General,kg,3.88,3.88,3.88,3.88,1,EUR,4.79,1.2344,9,9,建筑工程,radovi završne obrade poda,dekorativni koraci,
060011,mramorna ploča 0.25m2 unutar,Material,General,m2,22.17,22.17,22.17,22.17,1,EUR,26.39,1.1902,9,9,建筑工程,radovi završne obrade poda,keramičke pločice,kamena ploča
110467,obična akrilna metalik boja (jednoslojni) temeljni premaz,Material,Steel & Metal,kg,3.88,3.88,3.88,3.88,1,EUR,0.06,0.0167,9,9,建筑工程,"radovi slikanja, premazivanja i lijepljenja papira",boja za drvene površine,boja za staklene zidove
110514,ljepilo,Material,General,kg,1.87,1.87,1.87,1.87,1,EUR,0.55,0.2929,9,9,建筑工程,ostali dekorativni radovi,,zid
150322,prskanje,Material,General,pcs,1.25,1.25,1.25,1.25,1,EUR,0.04,0.0285,9,9,建筑工程,"radovi slikanja, premazivanja i lijepljenja papira",premazivanje sprejem i četkom,metalna strukturna četkasta prevlaka
090453,stup od nehrđajućeg čelika,Material,Steel & Metal,m,5.1,5.1,5.1,5.1,1,EUR,8.38,1.6438,9,9,建筑工程,ostali dekorativni radovi,,okvir
850074,PCM,Equipment,General,machine-shift,19.59,19.59,19.59,19.59,1,EUR,10.91,0.5571,9,9,建筑工程,Opći radovi instalacije - Vol.11 Oprema i linije za komunikaciju,(),
800391,s buldožerom 105 kW,Equipment,Bulldozers,machine-shift,76.46,76.46,76.46,76.46,1,EUR,0.31,0.0041,9,9,建筑工程,zemljani radovi i radovi s kamenom,transport,(kamen) transport
120088,polimer,Material,General,m3,90.07,90.07,90.07,90.07,1,EUR,0.3,0.0033,9,9,建筑工程,"završne obrade zidova i stupova, pregrade i zavjese",zidna obloga,dekorativna ploča za zidne površine
110110,poliuretanska masa za popunjavanje,Material,General,kg,1.61,1.61,1.61,1.61,1,EUR,0.02,0.0108,9,9,建筑工程,radovi toplinske i akustične izolacije i antikorozivne zaštite,antikorozivni,protivkorozivni premaz
060013,ploča od mramora posebnog oblika,Material,General,m2,44.49,44.49,44.49,44.49,1,EUR,30.74,0.6908,9,9,建筑工程,radovi završne obrade poda,keramičke pločice,zid
090534,vijak za proširenje pocinčani 16,Material,Fasteners,set,0.83,0.83,0.83,0.83,1,EUR,4.12,4.9543,9,9,建筑工程,Opći radovi instalacije - Vol.11 Oprema i linije za komunikaciju,okvir za kalupljenje,ugradnja kalupa za oblikovanje
800195,CTS-26,Equipment,General,machine-shift,10.56,10.56,10.56,10.56,1,EUR,0.8,0.0756,9,9,建筑工程,radovi metalnih konstrukcija,metalno vezivanje konstrukcija,
850090,električna energija BT-203,Equipment,General,machine-shift,10.12,10.12,10.12,10.12,1,EUR,50.62,5.0044,9,9,建筑工程,Opći radovi instalacije - Vol.4 Instalacija električne opreme,električna energija,električna energija
090271,aluminijski čavao,Material,Fasteners,pcs,0.03,0.03,0.03,0.03,1,EUR,0.13,3.87,9,9,建筑工程,Opći radovi instalacije - Vol.5 Sustavi zgrade inteligencije,,i
850045,DSP-100,Equipment,General,machine-shift,9.59,9.59,9.59,9.59,1,EUR,28.77,3.0,9,9,建筑工程,Opći radovi instalacije - Vol.5 Sustavi zgrade inteligencije,instalacija,
850227,STIPA,Equipment,General,machine-shift,41.5,41.5,41.5,41.5,1,EUR,77.82,1.875,9,9,建筑工程,Opći radovi instalacije - Vol.5 Sustavi zgrade inteligencije,,električna energija
040054,kamen,Material,General,kg,0.01,0.01,0.01,0.01,1,EUR,6.47,933.45,9,9,建筑工程,zidarski radovi,sloj za zatamnjivanje,profil i ostali elementi krova
030034,drvena lajsna,Material,Wood & Timber,m,0.1,0.1,0.1,0.1,1,EUR,0.23,2.3915,9,9,建筑工程,"završne obrade zidova i stupova, pregrade i zavjese",stup (greda) okrenut,dekorativna površina stupa (greda)
150175,cement bonding waterproof coating,Material,Concrete & Cement,kg,5.54,5.54,5.54,5.54,1,EUR,1.62,0.2915,9,9,建筑工程,radovi na krovovima i hidroizolaciji,vodonepropusnost krova i sitni materijali,krovište hidroizolacija
850099,električna energija JD2505N,Equipment,General,machine-shift,5.88,5.88,5.88,5.88,1,EUR,7.43,1.265,9,9,建筑工程,Opći radovi instalacije - Vol.4 Instalacija električne opreme,električna energija,"10kV, jednofazni"
090900,svrdlo,Material,General,pcs,0.97,0.97,0.97,0.97,1,EUR,0.04,0.0417,9,9,建筑工程,radovi metalnih konstrukcija,"čelična ploča, zidna ploča",
110444,polimerni cementni ljepilo,Material,Concrete & Cement,kg,0.62,0.62,0.62,0.62,1,EUR,1.67,2.6727,9,9,建筑工程,radovi na krovovima i hidroizolaciji,vodonepropusnost krova i sitni materijali,vodonepropusna membrana za krov
090234,galvanizirani željezni žica 13 17,Material,Steel & Metal,kg,0.91,0.91,0.91,0.91,1,EUR,0.0,0.0035,9,9,建筑工程,Opći radovi instalacije - Vol.4 Instalacija električne opreme,,() čelična cijev
080205,ploča,Material,General,m2,20.79,20.79,20.79,20.79,1,EUR,11.94,0.5746,9,9,建筑工程,"završne obrade zidova i stupova, pregrade i zavjese",zidna obloga,dekorativna ploča za zidne površine
400060,malterska žbuka DM10-MR,Material,Concrete & Cement,m3,84.8,84.8,84.8,84.8,1,EUR,3.56,0.042,9,9,建筑工程,zidarski radovi,zidarska opeka,
850097,visina AST300/3,Equipment,General,machine-shift,4.85,4.85,4.85,4.85,1,EUR,5.67,1.1689,9,9,建筑工程,Opći radovi instalacije - Vol.4 Instalacija električne opreme,oblikovanje,
080018,U -oblikovani lagani čelični nosač CB50-L,Material,Steel & Metal,pcs,0.06,0.06,0.06,0.06,1,EUR,0.04,0.6411,9,9,建筑工程,radovi na stropovima,suspendirani strop,stropna greda
110004,alkidna boja bez spremne mješavine,Material,Paint & Coatings,kg,2.0,2.0,2.0,2.0,1,EUR,0.11,0.056,9,9,建筑工程,"završne obrade zidova i stupova, pregrade i zavjese",parcijalni,parcijalni
090591,parcijalni,Material,General,set,0.83,0.83,0.83,0.83,1,EUR,3.73,4.4914,9,9,建筑工程,"završne obrade zidova i stupova, pregrade i zavjese",parcijalni,parcijalni
030002,drvna građa,Material,Wood & Timber,m3,304.85,304.85,304.85,304.85,1,EUR,4.46,0.0146,9,9,建筑工程,"završne obrade zidova i stupova, pregrade i zavjese",parcijalni,staklena pregrada
810238,beton i sljubnica (kompozit),Material,Concrete & Cement,m3,66.51,66.51,66.51,66.51,1,EUR,1.97,0.0297,9,9,建筑工程,betonski i armirano-betonski radovi,stup s armiranobetonskim stupom,
800611,čavli,Equipment,General,machine-shift,1.59,1.59,1.59,1.59,1,EUR,0.9,0.5667,9,9,建筑工程,"završne obrade zidova i stupova, pregrade i zavjese",radovi na zavjesnim zidovima,s okvirom za zavjesnu stijenu
800612,ljepilo,Equipment,General,machine-shift,0.4,0.4,0.4,0.4,1,EUR,0.31,0.7667,9,9,建筑工程,"završne obrade zidova i stupova, pregrade i zavjese",radovi na zavjesnim zidovima,s okvirom za zavjesnu stijenu
800101,kamion s dizalicom,Equipment,Cranes,machine-shift,82.74,82.74,82.74,82.74,1,EUR,0.44,0.0053,9,9,建筑工程,"završne obrade zidova i stupova, pregrade i zavjese",radovi na zavjesnim zidovima,s okvirom za zavjesnu stijenu
080754,"krovna, zidna aluminijska legura ploča (širina spoja 100mm unutra)",Material,General,m,17.32,17.32,17.32,17.32,1,EUR,17.49,1.01,9,9,建筑工程,radovi na krovovima i hidroizolaciji,pokretni spoj,dilatacijski spoj krova
080755,"krov, zidna ploča od aluminijske legure (širina spoja 200mm unutra)",Material,General,m,18.71,18.71,18.71,18.71,1,EUR,18.89,1.01,9,9,建筑工程,radovi na krovovima i hidroizolaciji,pokretni spoj,dilatacijski spoj krova
080756,"krovna, zidna aluminijska legura ploča (širina spoja 200mm izvan)",Material,General,m,20.79,20.79,20.79,20.79,1,EUR,20.99,1.01,9,9,建筑工程,radovi na krovovima i hidroizolaciji,pokretni spoj,dilatacijski spoj krova
120051,površina pregrade od šperploče,Material,Wood & Timber,m2,13.16,13.16,13.16,13.16,1,EUR,30.84,2.3427,9,9,建筑工程,"završne obrade zidova i stupova, pregrade i zavjese",parcijalni,parcijalni
110005,alkidna gotova boja,Material,Paint & Coatings,kg,2.41,2.41,2.41,2.41,1,EUR,0.08,0.035,9,9,建筑工程,"završne obrade zidova i stupova, pregrade i zavjese",parcijalni,parcijalni
110143,agent sučelja,Material,General,kg,0.28,0.28,0.28,0.28,1,EUR,0.08,0.305,9,9,建筑工程,"završne obrade zidova i stupova, pregrade i zavjese",gipsanje površine kolone (grede),opća žbuka površine grednog stupa
850216,QT-2A,Equipment,General,machine-shift,1.42,1.42,1.42,1.42,1,EUR,0.38,0.2669,9,9,建筑工程,Opći radovi instalacije - Vol.6 Instrumentacija za automatizaciju i kontrolu,lock,
110271,premaz,Material,General,kg,1.04,1.04,1.04,1.04,1,EUR,0.44,0.4238,9,9,建筑工程,"radovi slikanja, premazivanja i lijepljenja papira",premazivanje sprejem i četkom,sloj premaza za završnu obradu zidova
110612,prozirni završni sloj,Material,General,kg,3.05,3.05,3.05,3.05,1,EUR,0.47,0.155,9,9,建筑工程,"radovi slikanja, premazivanja i lijepljenja papira",boja na žbukanom površini,boja na žbukanom površini
110037,staklo,Material,General,kg,1.87,1.87,1.87,1.87,1,EUR,0.04,0.0206,9,9,建筑工程,radovi završne obrade poda,završni sloj,
110272,emulzijska boja,Material,Paint & Coatings,kg,1.09,1.09,1.09,1.09,1,EUR,0.27,0.2476,9,9,建筑工程,"radovi slikanja, premazivanja i lijepljenja papira",premazivanje sprejem i četkom,sloj završne obrade stropa
110505,vodena fluorokarbonska boja,Material,Paint & Coatings,kg,7.21,7.21,7.21,7.21,1,EUR,4.31,0.5975,8,8,建筑工程,"radovi slikanja, premazivanja i lijepljenja papira",premazivanje sprejem i četkom,sloj premaza za završnu obradu zidova
110611,boja za mramor,Material,Paint & Coatings,kg,4.12,4.12,4.12,4.12,1,EUR,1.48,0.3608,8,8,建筑工程,"radovi slikanja, premazivanja i lijepljenja papira",boja na žbukanom površini,boja na žbukanom površini
800401,tlo 150 tip,Equipment,General,machine-shift,20.85,20.85,20.85,20.85,1,EUR,0.88,0.0423,8,8,建筑工程,tretman tla i potpora padinama,temeljna jama,sekcija čeličnih pilota
100396,razrjeđivač za akrilnu poliuretansku metalnu boju,Material,Steel & Metal,kg,2.02,2.02,2.02,2.02,1,EUR,0.04,0.0192,8,8,建筑工程,"radovi slikanja, premazivanja i lijepljenja papira",boja na žbukanom površini,boja na žbukanom površini
100052,polimerni PVC vodonepropusni sloj debljine 1.5mm,Material,Waterproofing,m2,6.93,6.93,6.93,6.93,1,EUR,7.4,1.0677,8,8,建筑工程,radovi na krovovima i hidroizolaciji,"vodonepropusna površina zida, otpornost na vlagu",vodonepropusna membrana za zidne površine
370021,pregradna vrata,Material,General,m2,12.47,12.47,12.47,12.47,1,EUR,14.78,1.185,8,8,建筑工程,"završne obrade zidova i stupova, pregrade i zavjese",parcijalni,parcijalni
090489,pregrada od aluminijske legure,Material,General,m2,24.94,24.94,24.94,24.94,1,EUR,101.48,4.0687,8,8,建筑工程,"završne obrade zidova i stupova, pregrade i zavjese",parcijalni,parcijalni
080115,T tip lagani čelični nosač TB-1P,Material,Steel & Metal,pcs,0.05,0.05,0.05,0.05,1,EUR,0.1,1.9638,8,8,建筑工程,radovi na stropovima,suspendirani strop,stropna greda
080058,T tip boja nosač TB24×28,Material,Paint & Coatings,m,0.71,0.71,0.71,0.71,1,EUR,1.1,1.5658,8,8,建筑工程,radovi na stropovima,suspendirani strop,stropna greda
170196,50,Material,General,m,1.17,1.17,1.17,1.17,1,EUR,1.1,0.9393,8,8,建筑工程,radovi na krovovima i hidroizolaciji,vodonepropusnost krova i sitni materijali,krov
850036,TEK1230C64,Equipment,General,machine-shift,19.96,19.96,19.96,19.96,1,EUR,31.63,1.5844,8,8,建筑工程,Opći radovi instalacije - Vol.6 Instrumentacija za automatizaciju i kontrolu,,
850219,HD-,Equipment,General,machine-shift,1.53,1.53,1.53,1.53,1,EUR,2.01,1.3125,8,8,建筑工程,Opći radovi instalacije - Vol.6 Instrumentacija za automatizaciju i kontrolu,,
080082,T tip boja nosač TB24×38,Material,Paint & Coatings,m,0.71,0.71,0.71,0.71,1,EUR,1.1,1.5577,8,8,建筑工程,radovi na stropovima,suspendirani strop,stropna greda
080181,ukrasna staklena ravna ploča,Material,Glass,m2,15.24,15.24,15.24,15.24,1,EUR,15.7,1.03,8,8,建筑工程,"završne obrade zidova i stupova, pregrade i zavjese",zidna obloga,dekorativna ploča za zidne površine
080180,ukrasna staklena ravna ploča,Material,Glass,m2,22.17,22.17,22.17,22.17,1,EUR,22.84,1.03,8,8,建筑工程,"završne obrade zidova i stupova, pregrade i zavjese",zidna obloga,dekorativna ploča za zidne površine
090382,nehrđajuća čelična lajsna 2mm,Material,Steel & Metal,m,0.24,0.24,0.24,0.24,1,EUR,0.4,1.6991,8,8,建筑工程,"završne obrade zidova i stupova, pregrade i zavjese",zidna obloga,dekorativna ploča za zidne površine
080183,staklena dekorativna površinska ploča,Material,Glass,m2,44.34,44.34,44.34,44.34,1,EUR,45.67,1.03,8,8,建筑工程,"završne obrade zidova i stupova, pregrade i zavjese",zidna obloga,dekorativna ploča za zidne površine
080054,T-oblikovani aluminijski profil TB24×38,Material,General,m,0.67,0.67,0.67,0.67,1,EUR,1.04,1.5577,8,8,建筑工程,radovi na stropovima,suspendirani strop,stropna greda
080055,T-oblikovani aluminijski nosač TB24×28,Material,General,m,0.57,0.57,0.57,0.57,1,EUR,0.9,1.5658,8,8,建筑工程,radovi na stropovima,suspendirani strop,stropna greda
080067,T-oblikovani lagani čelični nosač TB23×32,Material,Steel & Metal,m,0.74,0.74,0.74,0.74,1,EUR,1.39,1.8648,8,8,建筑工程,radovi na stropovima,suspendirani strop,stropna greda
800250,butt zavarivač 75kVA,Equipment,Welding Equip.,machine-shift,2.91,2.91,2.91,2.91,1,EUR,1.0,0.3425,8,8,建筑工程,betonski i armirano-betonski radovi,radovi od armiranog čelika,
050018,staklo 10mm,Material,Glass,m2,39.63,39.63,39.63,39.63,1,EUR,48.75,1.23,8,8,建筑工程,radovi na stropovima,suspendirani strop,sloj završne obloge stropa
080232,gipsana ploča s papirnatim slojem debljine 9.5,Material,Wood & Timber,m2,1.59,1.59,1.59,1.59,1,EUR,1.11,0.699,8,8,建筑工程,radovi na stropovima,suspendirani strop,sloj završne obloge stropa
080068,T-oblikovani lagani čelični nosač TB23×26,Material,Steel & Metal,m,0.71,0.71,0.71,0.71,1,EUR,1.0,1.4172,8,8,建筑工程,radovi na stropovima,suspendirani strop,stropna greda
460098,s,Material,General,komad,1.66,1.66,1.66,1.66,1,EUR,9.15,5.5,8,8,建筑工程,Opći radovi instalacije - Vol.5 Sustavi zgrade inteligencije,,"s, s instalacijom"
110736,95%,Material,General,kg,1.11,1.11,1.11,1.11,1,EUR,1.76,1.5875,8,8,建筑工程,Opći radovi instalacije - Vol.4 Instalacija električne opreme,električna energija,
110793,poliuretanska ploča,Material,General,m3,76.21,76.21,76.21,76.21,1,EUR,1.71,0.0225,8,8,建筑工程,radovi toplinske i akustične izolacije i antikorozivne zaštite,,strop
010037,galvanizirani čelični lim 1.0 1.5,Material,Steel & Metal,kg,0.76,0.76,0.76,0.76,1,EUR,9.21,12.1125,8,8,建筑工程,Opći radovi instalacije - Vol.7 Ventilacija i klimatizacija,,
800618,boja,Equipment,General,machine-shift,4.82,4.82,4.82,4.82,1,EUR,0.07,0.0144,8,8,建筑工程,"Opći radovi instalacije - Vol.12 Slikarstvo, antikorozivna zaštita, toplinska iz",pravokutno četkanje,
030137,timber ground slab,Material,Wood & Timber,m2,24.94,24.94,24.94,24.94,1,EUR,29.02,1.1634,8,8,建筑工程,radovi završne obrade poda,završni sloj,timber ground slab
120003,ground,Material,General,m2,5.54,5.54,5.54,5.54,1,EUR,8.17,1.4736,8,8,建筑工程,radovi završne obrade poda,završni sloj stepeništa,okvir
120002,izravnati s tlom,Material,General,m,0.61,0.61,0.61,0.61,1,EUR,0.28,0.4613,8,8,建筑工程,radovi završne obrade poda,završni sloj,ground
850035,MG9001A,Equipment,General,machine-shift,6.06,6.06,6.06,6.06,1,EUR,19.0,3.135,8,8,建筑工程,Opći radovi instalacije - Vol.11 Oprema i linije za komunikaciju,,
850076,PCM,Equipment,General,machine-shift,101.12,101.12,101.12,101.12,1,EUR,77.11,0.7625,8,8,建筑工程,Opći radovi instalacije - Vol.11 Oprema i linije za komunikaciju,okvir (uključujući itd.),
010121,čelična žica,Material,Steel & Metal,kg,0.73,0.73,0.73,0.73,1,EUR,0.24,0.325,8,8,建筑工程,Opći radovi instalacije - Vol.11 Oprema i linije za komunikaciju,,električna energija ()
090343,nehrđajući čelik 20,Material,Steel & Metal,pcs,1.26,1.26,1.26,1.26,1,EUR,10.7,8.4894,8,8,建筑工程,ostali dekorativni radovi,"rukohvat, ograda, dekorativna ploča za ogradu","metalna ograda, rukohvat, ploča ograde"
110503,razrjeđivač za ljepilo za završni sloj,Material,General,kg,2.91,2.91,2.91,2.91,1,EUR,0.03,0.0118,8,8,建筑工程,"radovi slikanja, premazivanja i lijepljenja papira",,"metalna vrata, boja za prozore"
070140,aluminijska traka širine (30mm unutar),Material,General,m,0.83,0.83,0.83,0.83,1,EUR,0.28,0.3325,8,8,建筑工程,ostali dekorativni radovi,ukrasni kalup,metalna dekorativna lajsna
090352,nehrđajući čelik 75,Material,Steel & Metal,pcs,2.52,2.52,2.52,2.52,1,EUR,1.92,0.7625,8,8,建筑工程,ostali dekorativni radovi,"rukohvat, ograda, dekorativna ploča za ogradu","metalna ograda, rukohvat, ploča ograde"
850230,"1310/1550nm, 0 60dB",Equipment,General,machine-shift,13.72,13.72,13.72,13.72,1,EUR,3.2,0.2333,8,8,建筑工程,Opći radovi instalacije - Vol.11 Oprema i linije za komunikaciju,,
090437,vrata,Material,General,set,2.08,2.08,2.08,2.08,1,EUR,1.83,0.8813,8,8,建筑工程,radovi na vratima i prozorima,instalacija hardvera,gotova pregrada
100394,kamenasta boja,Material,Paint & Coatings,kg,4.25,4.25,4.25,4.25,1,EUR,0.98,0.231,8,8,建筑工程,"radovi slikanja, premazivanja i lijepljenja papira",boja na žbukanom površini,boja na žbukanom površini
100399,sloj,Material,General,kg,2.66,2.66,2.66,2.66,1,EUR,6.33,2.381,8,8,建筑工程,"radovi slikanja, premazivanja i lijepljenja papira",boja na žbukanom površini,boja na žbukanom površini
080182,ukrasna staklena ravna ploča,Material,Glass,m2,38.8,38.8,38.8,38.8,1,EUR,39.96,1.03,8,8,建筑工程,"završne obrade zidova i stupova, pregrade i zavjese",zidna obloga,dekorativna ploča za zidne površine
080192,staklo s ogledalnim završetkom 6mm,Material,Glass,m2,13.58,13.58,13.58,13.58,1,EUR,16.27,1.198,8,8,建筑工程,"završne obrade zidova i stupova, pregrade i zavjese",zidna obloga,dekorativna ploča za zidne površine
150088,suha struja 1,Material,General,jedinica,0.28,0.28,0.28,0.28,1,EUR,115.43,416.5,8,8,建筑工程,Opći radovi instalacije - Vol.9 Zaštita od požara,,
150145,aluminijski fluks,Material,General,kg,7.25,7.25,7.25,7.25,1,EUR,0.11,0.015,8,8,建筑工程,radovi na krovovima i hidroizolaciji,vodonepropusnost krova i sitni materijali,vodonepropusna membrana za krov
100268,PSS hidroizolacijska membrana debljine 0.5mm,Material,Waterproofing,m2,21.48,21.48,21.48,21.48,1,EUR,22.12,1.03,8,8,建筑工程,radovi na krovovima i hidroizolaciji,vodonepropusnost krova i sitni materijali,vodonepropusna membrana za krov
810172,ugljikova ljepilo,Material,General,m3,2217.1,2217.1,2217.1,2217.1,1,EUR,15.52,0.007,8,8,建筑工程,radovi toplinske i akustične izolacije i antikorozivne zaštite,sloj zaštitnog sloja protiv korozije,blok s antikoroznim završnim slojem
850003,električna energija JH1741/05,Equipment,General,machine-shift,1.22,1.22,1.22,1.22,1,EUR,34.49,28.25,8,8,建筑工程,Opći radovi instalacije - Vol.9 Zaštita od požara,,
010062,cinkovana čelična cijev 125,Material,Steel & Metal,m,10.56,10.56,10.56,10.56,1,EUR,11.93,1.1294,8,8,建筑工程,Opći radovi instalacije - Vol.4 Instalacija električne opreme,,električne instalacije izrade
280260,spojnica pocinčane čelične cijevi 25,Material,Steel & Metal,pcs,0.22,0.22,0.22,0.22,1,EUR,0.04,0.1648,8,8,建筑工程,Opći radovi instalacije - Vol.4 Instalacija električne opreme,,galvanizirana čelična cijev
280261,spojnica pocinčane čelične cijevi 32,Material,Steel & Metal,pcs,0.34,0.34,0.34,0.34,1,EUR,0.06,0.1648,8,8,建筑工程,Opći radovi instalacije - Vol.4 Instalacija električne opreme,,galvanizirana čelična cijev
090928,čelično učvršćivanje,Material,Steel & Metal,set,0.48,0.48,0.48,0.48,1,EUR,2.47,5.1,8,8,建筑工程,radovi na krovovima i hidroizolaciji,vodonepropusnost krova i sitni materijali,vodonepropusna membrana za krov
110335,gips,Material,General,kg,0.21,0.21,0.21,0.21,1,EUR,0.12,0.5835,8,8,建筑工程,"završne obrade zidova i stupova, pregrade i zavjese",zidna obloga,dekorativna ploča za zidne površine
090924,vrućecinkana čelična ploča U profila 1.5mm,Material,Steel & Metal,m,0.9,0.9,0.9,0.9,1,EUR,0.05,0.054,8,8,建筑工程,radovi na krovovima i hidroizolaciji,vodonepropusnost krova i sitni materijali,vodonepropusna membrana za krov
170630,15 25,Material,General,pcs,0.01,0.01,0.01,0.01,1,EUR,0.02,2.06,8,8,建筑工程,Opći radovi instalacije - Vol.4 Instalacija električne opreme,ugradnja kalupa,
090183,cinkovani čavao za drvo,Material,Wood & Timber,pcs,0.01,0.01,0.01,0.01,1,EUR,0.01,2.2391,8,8,建筑工程,Opći radovi instalacije - Vol.4 Instalacija električne opreme,ugradnja kalupa,PVC
090247,aluminijska mreža u pločama,Material,General,m2,2.08,2.08,2.08,2.08,1,EUR,1.65,0.795,8,8,建筑工程,"završne obrade zidova i stupova, pregrade i zavjese",zidna obloga,dekorativna ploča za zidne površine
090355,aluminijska legura dekorativni pločasti,Material,General,m2,19.4,19.4,19.4,19.4,1,EUR,19.71,1.0158,8,8,建筑工程,"završne obrade zidova i stupova, pregrade i zavjese",zidna obloga,dekorativna ploča za zidne površine
110443,visina,Material,General,kg,1.08,1.08,1.08,1.08,1,EUR,12.06,11.1622,8,8,建筑工程,radovi na krovovima i hidroizolaciji,,profil i ostali elementi krova
280259,spojnica pocinčane čelične cijevi 20,Material,Steel & Metal,pcs,0.16,0.16,0.16,0.16,1,EUR,0.03,0.1648,8,8,建筑工程,Opći radovi instalacije - Vol.4 Instalacija električne opreme,,galvanizirana čelična cijev
280258,spojnica pocinčane čelične cijevi 15,Material,Steel & Metal,pcs,0.08,0.08,0.08,0.08,1,EUR,0.01,0.1648,8,8,建筑工程,Opći radovi instalacije - Vol.4 Instalacija električne opreme,,galvanizirana čelična cijev
090929,strip,Material,General,kg,3.46,3.46,3.46,3.46,1,EUR,0.29,0.085,8,8,建筑工程,radovi na krovovima i hidroizolaciji,vodonepropusnost krova i sitni materijali,vodonepropusna membrana za krov
850100,"električna energija, električna energija HJ-12E",Equipment,General,machine-shift,1.76,1.76,1.76,1.76,1,EUR,1.76,1.0,8,8,建筑工程,Opći radovi instalacije - Vol.4 Instalacija električne opreme,visinska električna instalacija,električna energija
850001,TDJC-S-1,Equipment,General,machine-shift,2.77,2.77,2.77,2.77,1,EUR,8.52,3.075,8,8,建筑工程,Opći radovi instalacije - Vol.9 Zaštita od požara,,
040032,DM1 cigla 190×240×90,Material,General,pcs,0.12,0.12,0.12,0.12,1,EUR,16.67,136.705,8,8,建筑工程,zidarski radovi,,
040036,DMp opeka 190×90×40,Material,General,pcs,0.03,0.03,0.03,0.03,1,EUR,1.31,45.08,8,8,建筑工程,zidarski radovi,,
850004,električna energija WYK-6005,Equipment,General,machine-shift,3.78,3.78,3.78,3.78,1,EUR,106.87,28.25,8,8,建筑工程,Opći radovi instalacije - Vol.9 Zaštita od požara,,
090493,galvanizirano 20,Material,General,pcs,0.07,0.07,0.07,0.07,1,EUR,0.61,8.16,8,8,建筑工程,Opći radovi instalacije - Vol.4 Instalacija električne opreme,suha ugradnja,
800167,prskanje betona 5m3/h,Equipment,General,machine-shift,3.34,3.34,3.34,3.34,1,EUR,0.13,0.0383,8,8,建筑工程,tretman tla i potpora padinama,temeljna jama,"prskanje betona, cementni mort"
090001,kompozitni 25 unutra,Material,General,pcs,0.14,0.14,0.14,0.14,1,EUR,0.15,1.03,8,8,建筑工程,"Opći radovi instalacije - Vol.10 Opskrba vodom, odvodnja, grijanje, plin",vodovodna instalacija,
110008,boja,Material,Paint & Coatings,kg,2.16,2.16,2.16,2.16,1,EUR,0.11,0.0499,8,8,建筑工程,radovi na drvenim konstrukcijama,strukturno drvo,kameni temelj
030087,drvna građa,Material,Wood & Timber,m3,145.22,145.22,145.22,145.22,1,EUR,13.8,0.095,8,8,建筑工程,Opći radovi instalacije - Vol.4 Instalacija električne opreme,,
090142,cinkano s vijcima 20×(85 100),Material,Fasteners,set,0.49,0.49,0.49,0.49,1,EUR,2.02,4.08,8,8,建筑工程,Opći radovi instalacije - Vol.4 Instalacija električne opreme,suha ugradnja,
110478,metalni fluorokarbonski premaz za završni sloj,Material,Steel & Metal,kg,12.47,12.47,12.47,12.47,1,EUR,2.37,0.19,8,8,建筑工程,"radovi slikanja, premazivanja i lijepljenja papira",,"metalna vrata, boja za prozore"
060084,debljina zida tip obloge pločica (7 9mm) po jedinici površine 0.06m2 unutar,Material,General,m2,11.09,11.09,11.09,11.09,1,EUR,10.93,0.986,8,8,建筑工程,"završne obrade zidova i stupova, pregrade i zavjese",sloj blok-fasade zida,blok fasadne zidne površine
060083,vrsta zida obloga pločicama (5 6mm) po jedinici površine 0.06m2 izvan,Material,General,m2,11.09,11.09,11.09,11.09,1,EUR,11.03,0.995,8,8,建筑工程,"završne obrade zidova i stupova, pregrade i zavjese",sloj blok-fasade zida,blok fasadne zidne površine
060082,vrsta zida obloga pločicama (5 6mm) po jedinici površine 0.06m2 unutar,Material,General,m2,11.09,11.09,11.09,11.09,1,EUR,10.93,0.986,8,8,建筑工程,"završne obrade zidova i stupova, pregrade i zavjese",sloj blok-fasade zida,blok fasadne zidne površine
040206,zidni kamen cigla,Material,General,m2,12.47,12.47,12.47,12.47,1,EUR,11.82,0.9475,8,8,建筑工程,"završne obrade zidova i stupova, pregrade i zavjese",sloj blok-fasade zida,blok fasadne zidne površine
360027,električna energija HPYV-ZR10×2×0.5,Material,General,m,0.4,0.4,0.4,0.4,1,EUR,4.1,10.2,8,8,建筑工程,Opći radovi instalacije - Vol.11 Oprema i linije za komunikaciju,,
110479,razrjeđivač za metalnu fluorokarbonsku boju za završni sloj,Material,Steel & Metal,kg,2.8,2.8,2.8,2.8,1,EUR,0.02,0.0057,8,8,建筑工程,"radovi slikanja, premazivanja i lijepljenja papira",,"metalna vrata, boja za prozore"
090249,strip,Material,General,m,0.94,0.94,0.94,0.94,1,EUR,2.1,2.23,8,8,建筑工程,radovi završne obrade poda,keramičke pločice,
060085,debljina zida tip obloge pločica (7 9mm) po jedinici površine 0.06m2 izvan,Material,General,m2,11.09,11.09,11.09,11.09,1,EUR,11.03,0.995,8,8,建筑工程,"završne obrade zidova i stupova, pregrade i zavjese",sloj blok-fasade zida,blok fasadne zidne površine
090177,drveni čavao,Material,Wood & Timber,pcs,0.0,0.0,0.0,0.0,1,EUR,0.03,7.545,8,8,建筑工程,Opći radovi instalacije - Vol.4 Instalacija električne opreme,"instalacija (030904004, 030904005)",
090570,galvanizirano 5,Material,General,pcs,0.02,0.02,0.02,0.02,1,EUR,0.08,4.08,8,8,建筑工程,Opći radovi instalacije - Vol.4 Instalacija električne opreme,,
060050,pločice za zid 0.06m2 izvan,Material,General,m2,12.47,12.47,12.47,12.47,1,EUR,11.96,0.9588,8,8,建筑工程,"završne obrade zidova i stupova, pregrade i zavjese",oblaganje površine stuba (grede) pločicama,blok oblaganja površine stupa
060086,vrsta gotovog proizvoda kamena ploča 5mm,Material,General,m2,19.4,19.4,19.4,19.4,1,EUR,19.88,1.025,8,8,建筑工程,"završne obrade zidova i stupova, pregrade i zavjese",oblaganje površine stuba (grede) pločicama,površina kamene ploče stupca
050024,staklena traka,Material,Glass,m,0.03,0.03,0.03,0.03,1,EUR,0.06,2.23,8,8,建筑工程,radovi završne obrade poda,keramičke pločice,
110615,brtvena boja,Material,Paint & Coatings,kg,5.02,5.02,5.02,5.02,1,EUR,0.98,0.195,8,8,建筑工程,"radovi slikanja, premazivanja i lijepljenja papira",,"metalna vrata, boja za prozore"
800016,potopna pumpa 100,Equipment,Pumps,machine-shift,1.75,1.75,1.75,1.75,1,EUR,1.17,0.6715,8,8,建筑工程,radovi na zabijanju,bore pile,voda
010146,čelik,Material,Steel & Metal,pcs,0.95,0.95,0.95,0.95,1,EUR,0.06,0.0676,8,8,建筑工程,Opći radovi instalacije - Vol.4 Instalacija električne opreme,,
220004,spoj 20,Material,General,pcs,0.66,0.66,0.66,0.66,1,EUR,1.0,1.515,8,8,建筑工程,"Opći radovi instalacije - Vol.10 Opskrba vodom, odvodnja, grijanje, plin",vodovodna instalacija,
090704,bojanje čelične cijevi,Material,Steel & Metal,m,1.39,1.39,1.39,1.39,1,EUR,9.72,7.0178,8,8,建筑工程,ostali dekorativni radovi,"rukohvat, ograda, dekorativna ploča za ogradu","metalna ograda, rukohvat, ploča ograde"
090367,75,Material,General,pcs,5.27,5.27,5.27,5.27,1,EUR,4.02,0.7625,8,8,建筑工程,ostali dekorativni radovi,"rukohvat, ograda, dekorativna ploča za ogradu","metalna ograda, rukohvat, ploča ograde"
090348,nehrđajući čelični rukohvat 20,Material,Steel & Metal,m,4.14,4.14,4.14,4.14,1,EUR,29.08,7.0178,8,8,建筑工程,ostali dekorativni radovi,"rukohvat, ograda, dekorativna ploča za ogradu","metalna ograda, rukohvat, ploča ograde"
090366,50,Material,General,pcs,5.11,5.11,5.11,5.11,1,EUR,6.62,1.295,8,8,建筑工程,ostali dekorativni radovi,"rukohvat, ograda, dekorativna ploča za ogradu","metalna ograda, rukohvat, ploča ograde"
090350,nehrđajući čelični rukohvat 50,Material,Steel & Metal,m,10.95,10.95,10.95,10.95,1,EUR,13.06,1.193,8,8,建筑工程,ostali dekorativni radovi,"rukohvat, ograda, dekorativna ploča za ogradu","metalna ograda, rukohvat, ploča ograde"
090368,20,Material,General,pcs,2.11,2.11,2.11,2.11,1,EUR,17.88,8.4894,8,8,建筑工程,ostali dekorativni radovi,"rukohvat, ograda, dekorativna ploča za ogradu","metalna ograda, rukohvat, ploča ograde"
090499,galvanizirano 20,Material,General,pcs,0.02,0.02,0.02,0.02,1,EUR,0.07,4.08,8,8,建筑工程,Opći radovi instalacije - Vol.4 Instalacija električne opreme,suha ugradnja,
090372,ograda 50,Material,General,m,25.59,25.59,25.59,25.59,1,EUR,30.53,1.193,8,8,建筑工程,ostali dekorativni radovi,"rukohvat, ograda, dekorativna ploča za ogradu","metalna ograda, rukohvat, ploča ograde"
100395,obični razrjeđivač za akrilne metalne boje,Material,Steel & Metal,kg,2.31,2.31,2.31,2.31,1,EUR,0.05,0.0211,8,8,建筑工程,"radovi slikanja, premazivanja i lijepljenja papira",boja na žbukanom površini,boja na žbukanom površini
800164,beton,Equipment,General,machine-shift,57.09,57.09,57.09,57.09,1,EUR,4.46,0.0782,7,7,建筑工程,tretman tla i potpora padinama,,
090321,lock,Material,General,pcs,9.42,9.42,9.42,9.42,1,EUR,9.42,1.0,7,7,建筑工程,radovi na vratima i prozorima,instalacija hardvera,
170716,polimer,Material,General,kg,2.59,2.59,2.59,2.59,1,EUR,0.26,0.1,7,7,建筑工程,Opći radovi instalacije - Vol.11 Oprema i linije za komunikaciju,,
120020,strip,Material,General,m,0.06,0.06,0.06,0.06,1,EUR,0.36,6.2094,7,7,建筑工程,radovi završne obrade poda,završni sloj,električna temeljna ploča
050005,stakleni blok 190×190×95,Material,Glass,pcs,2.08,2.08,2.08,2.08,1,EUR,55.76,26.825,7,7,建筑工程,"završne obrade zidova i stupova, pregrade i zavjese",parcijalni,staklena pregrada
400403,"cement, ugljen, drobljeni kamen, mješano",Material,Concrete & Cement,m3,48.19,48.19,48.19,48.19,1,EUR,62.37,1.2942,7,7,建筑工程,tretman tla i potpora padinama,,
080099,T-oblikovani nosač 3.5,Material,General,pcs,0.18,0.18,0.18,0.18,1,EUR,0.23,1.3038,7,7,建筑工程,radovi na stropovima,suspendirani strop,stropna greda
080014,U -oblikovani lagani čelični nosač CS50×15,Material,Steel & Metal,m,1.05,1.05,1.05,1.05,1,EUR,5.35,5.083,7,7,建筑工程,radovi na stropovima,suspendirani strop,stropna greda
850010,PAS5633,Equipment,General,machine-shift,0.61,0.61,0.61,0.61,1,EUR,6.83,11.1714,7,7,建筑工程,Opći radovi instalacije - Vol.5 Sustavi zgrade inteligencije,,
850023,BX-14A,Equipment,General,machine-shift,3.21,3.21,3.21,3.21,1,EUR,1.04,0.325,7,7,建筑工程,Opći radovi instalacije - Vol.6 Instrumentacija za automatizaciju i kontrolu,,jedan
800610,električna energija,Equipment,General,machine-shift,20.48,20.48,20.48,20.48,1,EUR,0.23,0.0114,7,7,建筑工程,"završne obrade zidova i stupova, pregrade i zavjese",radovi na zavjesnim zidovima,stakleni zavjesni zid
091019,uzemni vijak 24×(150 300),Material,Fasteners,set,1.08,1.08,1.08,1.08,1,EUR,4.41,4.08,7,7,建筑工程,Opći radovi instalacije - Vol.7 Ventilacija i klimatizacija,instalacija,miješana () instalacija
110308,ljepilo,Material,General,kg,7.32,7.32,7.32,7.32,1,EUR,2.22,0.3033,7,7,建筑工程,radovi na krovovima i hidroizolaciji,vodonepropusnost krova i sitni materijali,krov
100039,ljepilni trak,Material,General,m,0.97,0.97,0.97,0.97,1,EUR,0.83,0.8596,7,7,建筑工程,"završne obrade zidova i stupova, pregrade i zavjese",parcijalni,staklena pregrada
110001,alkidni emajl,Material,Paint & Coatings,kg,2.63,2.63,2.63,2.63,1,EUR,0.83,0.3166,7,7,建筑工程,"radovi slikanja, premazivanja i lijepljenja papira",boja na žbukanom površini,boja na žbukanom površini
120047,dekorativni pločnik,Material,General,m2,4.32,4.32,4.32,4.32,1,EUR,4.8,1.1107,7,7,建筑工程,"završne obrade zidova i stupova, pregrade i zavjese",zidna obloga,dekorativna ploča za zidne površine
850103,AI-6000D,Equipment,General,machine-shift,22.34,22.34,22.34,22.34,1,EUR,138.83,6.215,7,7,建筑工程,Opći radovi instalacije - Vol.4 Instalacija električne opreme,električna energija,
850122,električna energija JINDAHLC5501,Equipment,General,machine-shift,4.96,4.96,4.96,4.96,1,EUR,5.95,1.1986,7,7,建筑工程,Opći radovi instalacije - Vol.4 Instalacija električne opreme,električna energija,"10kV, jednofazni"
080135,nosač spuštenog stropa LB35-1P,Material,General,pcs,0.09,0.09,0.09,0.09,1,EUR,0.06,0.6634,7,7,建筑工程,radovi na stropovima,suspendirani strop,visilni strop
080251,traka,Material,General,m,2.76,2.76,2.76,2.76,1,EUR,26.65,9.6661,7,7,建筑工程,radovi na stropovima,suspendirani strop,visilni strop
080134,nosač spuštenog stropa LB25×40,Material,General,m,0.69,0.69,0.69,0.69,1,EUR,0.6,0.8687,7,7,建筑工程,radovi na stropovima,suspendirani strop,visilni strop
850259,"10 s 1000s, 1 s",Equipment,General,machine-shift,1.06,1.06,1.06,1.06,1,EUR,3.34,3.1429,7,7,建筑工程,Opći radovi instalacije - Vol.5 Sustavi zgrade inteligencije,,
300038,vrućecinkovani kutni čelik za podupiranje 50×50×5×910,Material,Steel & Metal,pcs,2.52,2.52,2.52,2.52,1,EUR,5.06,2.006,7,7,建筑工程,Opći radovi instalacije - Vol.4 Instalacija električne opreme,,instalacija
280064,(čelična cijev) 70,Material,Steel & Metal,pcs,0.11,0.11,0.11,0.11,1,EUR,0.02,0.1545,7,7,建筑工程,Opći radovi instalacije - Vol.4 Instalacija električne opreme,,zavarivanje čelične cijevi
090538,vijak i,Material,Fasteners,kg,1.13,1.13,1.13,1.13,1,EUR,2.76,2.4491,7,7,建筑工程,"Opći radovi instalacije - Vol.10 Opskrba vodom, odvodnja, grijanje, plin",,ugradnja nosača
010407,čavao 19×100,Material,Fasteners,set,0.39,0.39,0.39,0.39,1,EUR,0.39,1.01,7,7,建筑工程,radovi metalnih konstrukcija,čelični gred,
100272,polimerni hidroizolacijski sloj debljine 0.7mm,Material,Waterproofing,m2,1.8,1.8,1.8,1.8,1,EUR,2.19,1.2162,7,7,建筑工程,radovi na krovovima i hidroizolaciji,vodonepropusnost krova i sitni materijali,vodonepropusna membrana za krov
280264,spojnica pocinčane čelične cijevi 70,Material,Steel & Metal,pcs,0.72,0.72,0.72,0.72,1,EUR,0.11,0.1545,7,7,建筑工程,Opći radovi instalacije - Vol.4 Instalacija električne opreme,,galvanizirana čelična cijev
040046,KP1 perforirani zidani blok 180×115×90,Material,General,pcs,0.12,0.12,0.12,0.12,1,EUR,3.21,27.5371,7,7,建筑工程,zidarski radovi,,
040045,KP1 perforirani zidani blok 240×115×90,Material,General,pcs,0.11,0.11,0.11,0.11,1,EUR,29.25,267.2086,7,7,建筑工程,zidarski radovi,,
280265,spojnica pocinčane čelične cijevi 80,Material,Steel & Metal,pcs,1.0,1.0,1.0,1.0,1,EUR,0.15,0.1545,7,7,建筑工程,Opći radovi instalacije - Vol.4 Instalacija električne opreme,,galvanizirana čelična cijev
280266,spojnica pocinčane čelične cijevi 100,Material,Steel & Metal,pcs,1.58,1.58,1.58,1.58,1,EUR,0.24,0.1545,7,7,建筑工程,Opći radovi instalacije - Vol.4 Instalacija električne opreme,,galvanizirana čelična cijev
190010,100,Material,General,pcs,224.45,224.45,224.45,224.45,1,EUR,4.49,0.02,7,7,建筑工程,Opći radovi instalacije - Vol.9 Zaštita od požara,,
850120,TSGC-30kVA,Equipment,General,machine-shift,2.0,2.0,2.0,2.0,1,EUR,2.74,1.3743,7,7,建筑工程,Opći radovi instalacije - Vol.4 Instalacija električne opreme,električna energija,
400064,SF poli vodonepropusni mort,Material,Concrete & Cement,m3,90.07,90.07,90.07,90.07,1,EUR,4.51,0.0501,7,7,建筑工程,radovi na krovovima i hidroizolaciji,vodonepropusnost krova i sitni materijali,krovište hidroizolacija
020109,šuplji blok,Material,General,m3,30.49,30.49,30.49,30.49,1,EUR,19.79,0.6493,7,7,建筑工程,zidarski radovi,zidarska opeka,
020097,šuplji blok posebnog oblika,Material,General,m3,33.26,33.26,33.26,33.26,1,EUR,4.92,0.1481,7,7,建筑工程,zidarski radovi,zidarska opeka,
250005,"(s, s) 25MPa",Material,General,set,81.51,81.51,81.51,81.51,1,EUR,3.26,0.04,7,7,建筑工程,Opći radovi instalacije - Vol.9 Zaštita od požara,,
800441,gusjeničar dizalica 50t,Equipment,Cranes,machine-shift,161.29,161.29,161.29,161.29,1,EUR,3.94,0.0244,7,7,建筑工程,pripreme i mjere na gradilištu,vertikalni transport,vertikalni transport
800065,električna energija,Equipment,General,machine-shift,11.92,11.92,11.92,11.92,1,EUR,2.56,0.2149,7,7,建筑工程,"Opći radovi instalacije - Vol.10 Opskrba vodom, odvodnja, grijanje, plin",,
090599,matica,Material,Fasteners,kg,1.29,1.29,1.29,1.29,1,EUR,1.54,1.1911,7,7,建筑工程,"Opći radovi instalacije - Vol.10 Opskrba vodom, odvodnja, grijanje, plin",,ugradnja nosača
800523,800T pilota,Equipment,General,machine-shift,461.17,461.17,461.17,461.17,1,EUR,30.01,0.0651,7,7,建筑工程,radovi na zabijanju,,
010063,cinkovana čelična cijev 150,Material,Steel & Metal,m,13.05,13.05,13.05,13.05,1,EUR,14.96,1.1457,7,7,建筑工程,Opći radovi instalacije - Vol.4 Instalacija električne opreme,,električne instalacije izrade
090129,cinkano s vijcima 12×(40 60),Material,Fasteners,set,0.1,0.1,0.1,0.1,1,EUR,0.79,7.64,7,7,建筑工程,Opći radovi instalacije - Vol.4 Instalacija električne opreme,instalacija,
180018,galvanizirani spoj 15,Material,General,pcs,0.45,0.45,0.45,0.45,1,EUR,0.78,1.7314,7,7,建筑工程,"Opći radovi instalacije - Vol.10 Opskrba vodom, odvodnja, grijanje, plin",voda,voda ()
810181,cementni kamen (kamen),Material,Concrete & Cement,m3,44.34,44.34,44.34,44.34,1,EUR,0.47,0.0107,7,7,建筑工程,"završne obrade zidova i stupova, pregrade i zavjese",žbukanje,ukrasni zidni žbuka
030122,drvena ploča okrugla 25×5,Material,Wood & Timber,m,0.52,0.52,0.52,0.52,1,EUR,6.93,13.3326,7,7,建筑工程,ostali dekorativni radovi,,zid
070061,ukrasni profil od nehrđajućeg čelika s ogledalnim završetkom 30mm,Material,Steel & Metal,m,2.36,2.36,2.36,2.36,1,EUR,3.62,1.535,7,7,建筑工程,ostali dekorativni radovi,ukrasni kalup,metalna dekorativna lajsna
060096,debljina gotovog proizvoda kamena ploča 100mm,Material,General,m2,30.49,30.49,30.49,30.49,1,EUR,31.09,1.02,7,7,建筑工程,"završne obrade zidova i stupova, pregrade i zavjese",sloj blok-fasade zida,kameno ploča zidna površina
110175,ispuna fuga,Material,General,kg,0.44,0.44,0.44,0.44,1,EUR,0.02,0.0474,7,7,建筑工程,radovi završne obrade poda,dekorativni koraci,izravnavajući sloj
050021,float staklo 12mm,Material,Glass,m2,9.28,9.28,9.28,9.28,1,EUR,6.36,0.685,7,7,建筑工程,radovi na vratima i prozorima,,zid
030029,drvna građa,Material,Wood & Timber,m3,83.14,83.14,83.14,83.14,1,EUR,0.3,0.0036,7,7,建筑工程,tretman tla i potpora padinama,završni sloj,timber ground slab
040001,prašak,Material,General,pcs,0.08,0.08,0.08,0.08,1,EUR,9.17,114.04,7,7,建筑工程,radovi završne obrade poda,završni sloj,timber ground slab
800282,s buldožerom 75 kW,Equipment,Bulldozers,machine-shift,63.41,63.41,63.41,63.41,1,EUR,0.53,0.0083,7,7,建筑工程,zemljani radovi i radovi s kamenom,zaobljavanje,nasipavanje tla
110786,antikorozivni lak,Material,Paint & Coatings,kg,3.1,3.1,3.1,3.1,1,EUR,1.52,0.4893,6,6,建筑工程,"Opći radovi instalacije - Vol.12 Slikarstvo, antikorozivna zaštita, toplinska iz",,
110073,emajl,Material,Paint & Coatings,kg,4.12,4.12,4.12,4.12,1,EUR,1.91,0.4647,6,6,建筑工程,"Opći radovi instalacije - Vol.12 Slikarstvo, antikorozivna zaštita, toplinska iz",,
110294,premaz,Material,General,kg,0.85,0.85,0.85,0.85,1,EUR,0.08,0.0975,6,6,建筑工程,"Opći radovi instalacije - Vol.12 Slikarstvo, antikorozivna zaštita, toplinska iz",,premaz
030073,drvena lajsna (za čavle),Material,Wood & Timber,m,0.15,0.15,0.15,0.15,1,EUR,0.34,2.245,6,6,建筑工程,radovi završne obrade poda,završni sloj,ground
130008,alkalno otporan 50mm širine,Material,General,m,0.01,0.01,0.01,0.01,1,EUR,0.01,1.1,6,6,建筑工程,"radovi slikanja, premazivanja i lijepljenja papira",boja na žbukanom površini,boja na žbukanom površini
370240,prozorska ploča,Material,Glass,m,9.7,9.7,9.7,9.7,1,EUR,9.7,1.0,6,6,建筑工程,radovi na vratima i prozorima,"prozor, prozor",
090320,lock,Material,General,pcs,3.02,3.02,3.02,3.02,1,EUR,3.02,1.0,6,6,建筑工程,radovi na vratima i prozorima,instalacija hardvera,
090323,pozicioniranje vrata,Material,General,pcs,3.03,3.03,3.03,3.03,1,EUR,3.03,1.0,6,6,建筑工程,radovi na vratima i prozorima,instalacija hardvera,
090325,ground,Material,General,pcs,11.09,11.09,11.09,11.09,1,EUR,11.09,1.0,6,6,建筑工程,radovi na vratima i prozorima,instalacija hardvera,
090327,vrata,Material,General,pcs,2.08,2.08,2.08,2.08,1,EUR,2.08,1.0,6,6,建筑工程,radovi na vratima i prozorima,instalacija hardvera,
090329,ploča,Material,General,pcs,3.33,3.33,3.33,3.33,1,EUR,3.33,1.0,6,6,建筑工程,radovi na vratima i prozorima,instalacija hardvera,
090443,zaokruži,Material,General,pcs,22.17,22.17,22.17,22.17,1,EUR,22.17,1.0,6,6,建筑工程,radovi na vratima i prozorima,instalacija hardvera,
370190,šarka za vrata,Material,General,pcs,11.09,11.09,11.09,11.09,1,EUR,11.09,1.0,6,6,建筑工程,radovi na vratima i prozorima,instalacija hardvera,
370232,drvena ploča,Material,Wood & Timber,m2,16.63,16.63,16.63,16.63,1,EUR,16.63,1.0,6,6,建筑工程,radovi na vratima i prozorima,vrata i prozori,
370233,nehrđajući čelik prozor,Material,Steel & Metal,m2,114.6,114.6,114.6,114.6,1,EUR,114.6,1.0,6,6,建筑工程,radovi na vratima i prozorima,vrata i prozori,
370234,drvena greda,Material,Wood & Timber,m2,13.86,13.86,13.86,13.86,1,EUR,13.86,1.0,6,6,建筑工程,radovi na vratima i prozorima,vrata i prozori,
370235,nehrđajući čelik prozor,Material,Steel & Metal,m2,114.6,114.6,114.6,114.6,1,EUR,114.6,1.0,6,6,建筑工程,radovi na vratima i prozorima,prozorni ploča,
370236,drvena prozorska ploča,Material,Wood & Timber,m2,16.63,16.63,16.63,16.63,1,EUR,16.63,1.0,6,6,建筑工程,radovi na vratima i prozorima,prozorni ploča,
110777,četkanje gipsa,Material,General,kg,0.17,0.17,0.17,0.17,1,EUR,0.0,0.0033,6,6,建筑工程,"završne obrade zidova i stupova, pregrade i zavjese",gipsanje površine kolone (grede),opća žbuka površine grednog stupa
810240,1: 1: 4 kompozitni mort,Material,Concrete & Cement,m3,40.18,40.18,40.18,40.18,1,EUR,0.13,0.0033,6,6,建筑工程,"završne obrade zidova i stupova, pregrade i zavjese",gipsanje površine kolone (grede),opća žbuka površine grednog stupa
110619,sloj premaza,Material,General,kg,2.77,2.77,2.77,2.77,1,EUR,5.71,2.06,6,6,建筑工程,radovi završne obrade poda,,
180001,galvanizirano 15,Material,General,pcs,0.11,0.11,0.11,0.11,1,EUR,0.11,1.01,6,6,建筑工程,"Opći radovi instalacije - Vol.10 Opskrba vodom, odvodnja, grijanje, plin",voda,voda ()
390191,prefabricirani betonski vod 250,Material,Concrete & Cement,pcs,6.24,6.24,6.24,6.24,1,EUR,3.62,0.5813,6,6,建筑工程,radovi na zabijanju,bore pile,
010570,oplata,Material,General,kg,0.97,0.97,0.97,0.97,1,EUR,3.23,3.33,6,6,建筑工程,radovi na zabijanju,bore pile,
800013,električni vitlo pojedinačni 1t,Equipment,Hoists,machine-shift,14.29,14.29,14.29,14.29,1,EUR,6.12,0.4282,6,6,建筑工程,radovi na zabijanju,bore pile,
060003,podne pločice 0.16m2 izvan,Material,General,m2,10.81,10.81,10.81,10.81,1,EUR,11.02,1.02,6,6,建筑工程,radovi završne obrade poda,keramičke pločice,
060039,vrsta kamene ploče 5mm,Material,General,m2,19.4,19.4,19.4,19.4,1,EUR,19.79,1.02,6,6,建筑工程,"završne obrade zidova i stupova, pregrade i zavjese",sloj blok-fasade zida,kameno ploča zidna površina
130042,upakiran u vrećama,Material,General,m3,30.49,30.49,30.49,30.49,1,EUR,1.55,0.051,6,6,建筑工程,radovi toplinske i akustične izolacije i antikorozivne zaštite,,strop
130045,stakleno pakiranje,Material,Glass,m3,54.32,54.32,54.32,54.32,1,EUR,2.77,0.051,6,6,建筑工程,radovi toplinske i akustične izolacije i antikorozivne zaštite,,strop
100037,ljepilo 2,Material,General,m2,3.08,3.08,3.08,3.08,1,EUR,0.14,0.0467,6,6,建筑工程,Opći radovi instalacije - Vol.9 Zaštita od požara,električna instalacija,
040033,DM2 opeka 190×190×90,Material,General,pcs,0.11,0.11,0.11,0.11,1,EUR,20.97,189.19,6,6,建筑工程,zidarski radovi,,
040034,Cigla DM3 190×140×90,Material,General,pcs,0.1,0.1,0.1,0.1,1,EUR,17.51,180.54,6,6,建筑工程,zidarski radovi,,
040035,Cigla DM4 190×90×90,Material,General,pcs,0.07,0.07,0.07,0.07,1,EUR,17.42,232.835,6,6,建筑工程,zidarski radovi,,
800233,159,Equipment,General,machine-shift,2.05,2.05,2.05,2.05,1,EUR,0.07,0.035,6,6,建筑工程,"Opći radovi instalacije - Vol.10 Opskrba vodom, odvodnja, grijanje, plin",,instalacija kvadratne izrade ()
110475,kamen,Material,General,kg,1.11,1.11,1.11,1.11,1,EUR,1.84,1.6625,6,6,建筑工程,"završne obrade zidova i stupova, pregrade i zavjese",žbukanje,opća žbuka
370237,drvena ploča za prozor,Material,Wood & Timber,m2,13.86,13.86,13.86,13.86,1,EUR,13.86,1.0,6,6,建筑工程,radovi na vratima i prozorima,prozorni ploča,
370186,prozor (),Material,Glass,m2,7.62,7.62,7.62,7.62,1,EUR,7.62,1.0,6,6,建筑工程,radovi na vratima i prozorima,"prozor, prozor",
370188,prozor,Material,Glass,m,3.05,3.05,3.05,3.05,1,EUR,3.05,1.0,6,6,建筑工程,radovi na vratima i prozorima,"prozor, prozor",
370189,aluminijski legirani prozor,Material,Glass,m,9.7,9.7,9.7,9.7,1,EUR,9.7,1.0,6,6,建筑工程,radovi na vratima i prozorima,"prozor, prozor",
370238,drveni prozor,Material,Wood & Timber,m,13.16,13.16,13.16,13.16,1,EUR,13.16,1.0,6,6,建筑工程,radovi na vratima i prozorima,"prozor, prozor",
370239,drveni prozor,Material,Wood & Timber,m,11.78,11.78,11.78,11.78,1,EUR,11.78,1.0,6,6,建筑工程,radovi na vratima i prozorima,"prozor, prozor",
370197,električna stolarija,Material,Glass,set,1108.55,1108.55,1108.55,1108.55,1,EUR,1108.55,1.0,6,6,建筑工程,radovi na vratima i prozorima,instalacija hardvera,
110231,poliuretan,Material,General,pcs,1.95,1.95,1.95,1.95,1,EUR,0.6,0.308,6,6,建筑工程,radovi na vratima i prozorima,,
370198,čelik,Material,Steel & Metal,kg,0.83,0.83,0.83,0.83,1,EUR,1.25,1.5,6,6,建筑工程,radovi na vratima i prozorima,,
370199,staklo,Material,Glass,m2,62.36,62.36,62.36,62.36,1,EUR,62.36,1.0,6,6,建筑工程,radovi na vratima i prozorima,,
110015,boja za polimerni temeljni sloj,Material,Paint & Coatings,kg,3.02,3.02,3.02,3.02,1,EUR,0.16,0.0515,6,6,建筑工程,"radovi slikanja, premazivanja i lijepljenja papira",boja za drvene površine,boja za drvenu podlogu
110791,akrilni sloj za završnu obradu,Material,General,kg,4.16,4.16,4.16,4.16,1,EUR,1.23,0.295,6,6,建筑工程,"radovi slikanja, premazivanja i lijepljenja papira",boja za metalne površine,"metalna površina, čelična strukturalna boja"
080270,ploča 50mm,Material,General,m2,18.01,18.01,18.01,18.01,1,EUR,18.73,1.04,6,6,建筑工程,radovi toplinske i akustične izolacije i antikorozivne zaštite,,strop
080271,ploča 50mm,Material,General,m2,18.01,18.01,18.01,18.01,1,EUR,18.73,1.04,6,6,建筑工程,radovi toplinske i akustične izolacije i antikorozivne zaštite,,strop
800041,ploča 2×1600,Equipment,General,machine-shift,1.45,1.45,1.45,1.45,1,EUR,0.01,0.01,6,6,建筑工程,Opći radovi instalacije - Vol.7 Ventilacija i klimatizacija,zid,
110126,visina 40L,Material,General,komad,2.65,2.65,2.65,2.65,1,EUR,5.18,1.9583,6,6,建筑工程,Opći radovi instalacije - Vol.9 Zaštita od požara,,
040038,prazni blok od betona debljine 90,Material,Concrete & Cement,m3,31.87,31.87,31.87,31.87,1,EUR,29.64,0.93,6,6,建筑工程,zidarski radovi,zidarska opeka,
040039,190 debljine betonski šuplji blok,Material,Concrete & Cement,m3,32.56,32.56,32.56,32.56,1,EUR,30.28,0.93,6,6,建筑工程,zidarski radovi,zidarska opeka,
040040,190 debljine s ukrasnim betonskim šupljim blokom,Material,Concrete & Cement,m3,61.15,61.15,61.15,61.15,1,EUR,56.87,0.93,6,6,建筑工程,zidarski radovi,zidarska opeka,
040047,90 debljine s ukrasnim betonskim šupljim blokom,Material,Concrete & Cement,m3,79.48,79.48,79.48,79.48,1,EUR,73.92,0.93,6,6,建筑工程,zidarski radovi,zidarska opeka,
020098,žbukanje šupljih blokova,Material,General,m3,38.8,38.8,38.8,38.8,1,EUR,31.39,0.809,6,6,建筑工程,zidarski radovi,zidarska opeka,
020099,žbukanje šupljih blokova posebnog oblika,Material,General,m3,40.18,40.18,40.18,40.18,1,EUR,7.63,0.1898,6,6,建筑工程,zidarski radovi,zidarska opeka,
020100,ukrasni blok za žbukanje,Material,General,m3,68.59,68.59,68.59,68.59,1,EUR,55.49,0.809,6,6,建筑工程,zidarski radovi,zidarska opeka,
020101,ukrasni žbuka posebnog oblika,Material,General,m3,72.06,72.06,72.06,72.06,1,EUR,13.69,0.19,6,6,建筑工程,zidarski radovi,zidarska opeka,
050004,ukrasna staklena ploča (opeka) za pod,Material,Glass,m2,69.28,69.28,69.28,69.28,1,EUR,69.98,1.01,6,6,建筑工程,radovi završne obrade poda,keramičke pločice,
060038,vrsta kamene ploče 8 12mm,Material,General,m2,20.79,20.79,20.79,20.79,1,EUR,21.2,1.02,6,6,建筑工程,"završne obrade zidova i stupova, pregrade i zavjese",sloj blok-fasade zida,kameno ploča zidna površina
080743,ukrasna ploča za oblaganje,Material,General,m2,49.88,49.88,49.88,49.88,1,EUR,52.38,1.05,6,6,建筑工程,"završne obrade zidova i stupova, pregrade i zavjese",zidna obloga,dekorativna ploča za zidne površine
080740,dekorativni sloj fluorokarbonskog prskanja na aluminijskoj ploči,Material,General,m2,62.36,62.36,62.36,62.36,1,EUR,65.47,1.05,6,6,建筑工程,"završne obrade zidova i stupova, pregrade i zavjese",zidna obloga,dekorativna ploča za zidne površine
100362,ljepilo za ploče 6,Material,General,kg,0.89,0.89,0.89,0.89,1,EUR,0.11,0.121,6,6,建筑工程,Opći radovi instalacije - Vol.7 Ventilacija i klimatizacija,instalacija,instalacija
040073,prašak,Material,General,m3,4.43,4.43,4.43,4.43,1,EUR,0.1,0.023,6,6,建筑工程,betonski i armirano-betonski radovi,ugradbeni monolitni beton za konstrukciju,
400014,C30 kameni beton,Material,Concrete & Cement,m3,60.24,60.24,60.24,60.24,1,EUR,6.12,0.1016,6,6,建筑工程,betonski i armirano-betonski radovi,ugradbeni monolitni beton za konstrukciju,
130114,8501 traka za brtvljenje,Material,Rubber,m,0.15,0.15,0.15,0.15,1,EUR,0.19,1.2346,6,6,建筑工程,Opći radovi instalacije - Vol.7 Ventilacija i klimatizacija,,"pravokutna čelična ploča za ugradnju (1.2mm unutra, )"
040080,obrađena kamena ploča 20 25,Material,General,m2,7.83,7.83,7.83,7.83,1,EUR,8.06,1.03,6,6,建筑工程,zidarski radovi,kamena suhozidna,
090461,čavao od nehrđajućeg čelika 8,Material,Steel & Metal,pcs,0.03,0.03,0.03,0.03,1,EUR,0.23,8.904,6,6,建筑工程,"završne obrade zidova i stupova, pregrade i zavjese",oblaganje površine stuba (grede) pločicama,površina kamene ploče stupca
091464,T tip od nehrđajućeg čelika,Material,Steel & Metal,kg,3.33,3.33,3.33,3.33,1,EUR,0.36,0.1068,6,6,建筑工程,"završne obrade zidova i stupova, pregrade i zavjese",zidna obloga,dekorativna ploča za zidne površine
080298,Z nosač,Material,General,m,1.23,1.23,1.23,1.23,1,EUR,7.3,5.918,6,6,建筑工程,radovi toplinske i akustične izolacije i antikorozivne zaštite,,strop
090933,8 čavao,Material,Fasteners,set,0.14,0.14,0.14,0.14,1,EUR,0.54,3.876,6,6,建筑工程,radovi toplinske i akustične izolacije i antikorozivne zaštite,,strop
080737,dekorativna ploča od granita,Material,General,m2,62.36,62.36,62.36,62.36,1,EUR,65.47,1.05,6,6,建筑工程,"završne obrade zidova i stupova, pregrade i zavjese",zidna obloga,dekorativna ploča za zidne površine
080738,dekorativna ploča,Material,General,m2,49.88,49.88,49.88,49.88,1,EUR,52.38,1.05,6,6,建筑工程,"završne obrade zidova i stupova, pregrade i zavjese",zidna obloga,dekorativna ploča za zidne površine
080741,ukrasni sloj premaza površine obične ploče,Material,General,m2,38.8,38.8,38.8,38.8,1,EUR,40.74,1.05,6,6,建筑工程,"završne obrade zidova i stupova, pregrade i zavjese",zidna obloga,dekorativna ploča za zidne površine
080742,ukrasna ploča za oblaganje,Material,General,m2,44.34,44.34,44.34,44.34,1,EUR,46.56,1.05,6,6,建筑工程,"završne obrade zidova i stupova, pregrade i zavjese",zidna obloga,dekorativna ploča za zidne površine
110792,fluorokarbonska boja završni sloj,Material,Paint & Coatings,kg,12.47,12.47,12.47,12.47,1,EUR,4.41,0.354,6,6,建筑工程,"radovi slikanja, premazivanja i lijepljenja papira",boja za metalne površine,"metalna površina, čelična strukturalna boja"
110790,razrjeđivač za fluorokarbonske boje,Material,Paint & Coatings,kg,2.8,2.8,2.8,2.8,1,EUR,0.12,0.0442,6,6,建筑工程,"radovi slikanja, premazivanja i lijepljenja papira",boja za metalne površine,"metalna površina, čelična strukturalna boja"
070048,ukrasni aluminijski profil,Material,General,m,0.55,0.55,0.55,0.55,1,EUR,2.28,4.1049,6,6,建筑工程,"radovi slikanja, premazivanja i lijepljenja papira",,
050016,zrcalo 5mm,Material,General,m2,6.93,6.93,6.93,6.93,1,EUR,9.46,1.365,6,6,建筑工程,ostali dekorativni radovi,,okvir
150066,strip,Material,General,m,0.15,0.15,0.15,0.15,1,EUR,0.26,1.7397,6,6,建筑工程,radovi na vratima i prozorima,i instalacija,instalacija
040004,cement,Material,Concrete & Cement,m2,3.37,3.37,3.37,3.37,1,EUR,3.47,1.03,6,6,建筑工程,radovi na krovovima i hidroizolaciji,,
040121,(podloga),Material,General,m2,12.47,12.47,12.47,12.47,1,EUR,12.85,1.03,6,6,建筑工程,radovi na krovovima i hidroizolaciji,,
090237,pocinčana žičana mreža,Material,Steel & Metal,m2,1.72,1.72,1.72,1.72,1,EUR,1.77,1.03,6,6,建筑工程,radovi na krovovima i hidroizolaciji,,
370086,vrata,Material,General,set,3879.92,3879.92,3879.92,3879.92,1,EUR,3879.92,1.0,6,6,建筑工程,radovi na vratima i prozorima,instalacija hardvera,
370107,električna vrata,Material,General,set,277.14,277.14,277.14,277.14,1,EUR,277.14,1.0,6,6,建筑工程,radovi na vratima i prozorima,instalacija hardvera,
370192,brava za zaključavanje na podu vrata,Material,General,pcs,49.88,49.88,49.88,49.88,1,EUR,49.88,1.0,6,6,建筑工程,radovi na vratima i prozorima,instalacija hardvera,
090436,vrata,Material,General,m,3.19,3.19,3.19,3.19,1,EUR,3.38,1.06,6,6,建筑工程,radovi na vratima i prozorima,instalacija hardvera,
390164,prednapređeni betonski panel,Material,Concrete & Cement,m3,263.28,263.28,263.28,263.28,1,EUR,263.28,1.0,6,6,建筑工程,betonski i armirano-betonski radovi,prednapređeni betonski panel,
390012,okrugla ploča,Material,General,m3,196.91,196.91,196.91,196.91,1,EUR,196.91,1.0,6,6,建筑工程,betonski i armirano-betonski radovi,prednapređeni betonski panel,
390013,dužina okrugle ploče,Material,General,m3,244.85,244.85,244.85,244.85,1,EUR,244.85,1.0,6,6,建筑工程,betonski i armirano-betonski radovi,prednapređeni betonski panel,
390014,dužina okrugle ploče,Material,General,m3,261.34,261.34,261.34,261.34,1,EUR,261.34,1.0,6,6,建筑工程,betonski i armirano-betonski radovi,prednapređeni betonski panel,
390015,-oblikovana ploča,Material,General,m3,290.99,290.99,290.99,290.99,1,EUR,290.99,1.0,6,6,建筑工程,betonski i armirano-betonski radovi,prednapređeni betonski panel,
390139,SP(D) šuplja ploča,Material,General,m3,258.01,258.01,258.01,258.01,1,EUR,258.01,1.0,6,6,建筑工程,betonski i armirano-betonski radovi,prednapređeni betonski panel,
390165,prozorni ploča,Material,Glass,m3,249.42,249.42,249.42,249.42,1,EUR,249.42,1.0,6,6,建筑工程,betonski i armirano-betonski radovi,prednapređeni betonski panel,
850207,DP1-601,Equipment,General,machine-shift,9.6,9.6,9.6,9.6,1,EUR,3.69,0.385,6,6,建筑工程,Opći radovi instalacije - Vol.6 Instrumentacija za automatizaciju i kontrolu,,
370113,električna vrata,Material,General,set,568.13,568.13,568.13,568.13,1,EUR,568.13,1.0,6,6,建筑工程,radovi na vratima i prozorima,instalacija hardvera,
370194,lock,Material,General,set,13.16,13.16,13.16,13.16,1,EUR,13.16,1.0,6,6,建筑工程,radovi na vratima i prozorima,instalacija hardvera,
370195,šarka,Material,General,set,6.93,6.93,6.93,6.93,1,EUR,6.93,1.0,6,6,建筑工程,radovi na vratima i prozorima,instalacija hardvera,
040122,cementna ploča,Material,Concrete & Cement,m2,13.86,13.86,13.86,13.86,1,EUR,14.27,1.03,6,6,建筑工程,radovi na krovovima i hidroizolaciji,,
040123,cementna ploča,Material,Concrete & Cement,pcs,12.47,12.47,12.47,12.47,1,EUR,3.62,0.29,6,6,建筑工程,radovi na krovovima i hidroizolaciji,,
091063,traka za oluke,Material,General,pcs,1.41,1.41,1.41,1.41,1,EUR,0.42,0.294,6,6,建筑工程,radovi na krovovima i hidroizolaciji,,
110437,-oblika,Material,General,m2,11.09,11.09,11.09,11.09,1,EUR,11.42,1.03,6,6,建筑工程,radovi na krovovima i hidroizolaciji,,
110438,-oblika,Material,General,pcs,7.62,7.62,7.62,7.62,1,EUR,2.21,0.29,6,6,建筑工程,radovi na krovovima i hidroizolaciji,,
110439,ravna ploča,Material,General,m2,7.62,7.62,7.62,7.62,1,EUR,7.85,1.03,6,6,建筑工程,radovi na krovovima i hidroizolaciji,,
110440,ravna ploča,Material,General,pcs,5.27,5.27,5.27,5.27,1,EUR,1.53,0.29,6,6,建筑工程,radovi na krovovima i hidroizolaciji,,
110441,T tip kompozit,Material,General,m2,11.78,11.78,11.78,11.78,1,EUR,12.13,1.03,6,6,建筑工程,radovi na krovovima i hidroizolaciji,,
110557,ploča,Material,General,m,6.24,6.24,6.24,6.24,1,EUR,0.9,0.1442,6,6,建筑工程,radovi na krovovima i hidroizolaciji,,
110448,poliuretan,Material,General,m2,0.69,0.69,0.69,0.69,1,EUR,0.58,0.8333,6,6,建筑工程,radovi na krovovima i hidroizolaciji,,profil i ostali elementi krova
080185,traka od gipsane ploče s papirnim slojem 50×12,Material,Wood & Timber,m,0.16,0.16,0.16,0.16,1,EUR,0.37,2.3342,6,6,建筑工程,"završne obrade zidova i stupova, pregrade i zavjese",zidna obloga,dekorativna ploča za zidne površine
110145,KF80 kit za fugiranje,Material,General,kg,0.09,0.09,0.09,0.09,1,EUR,0.0,0.047,6,6,建筑工程,"završne obrade zidova i stupova, pregrade i zavjese",zidna obloga,dekorativna ploča za zidne površine
800550,debljina drva planer jednoslojna širina 600mm,Equipment,General,machine-shift,1.66,1.66,1.66,1.66,1,EUR,0.03,0.02,6,6,建筑工程,"završne obrade zidova i stupova, pregrade i zavjese",zidna obloga,dekorativna ploča za zidne površine
800022,zračni kompresor 0.6m3/min,Equipment,Compressors,machine-shift,2.12,2.12,2.12,2.12,1,EUR,0.4,0.19,6,6,建筑工程,Opći radovi instalacije - Vol.6 Instrumentacija za automatizaciju i kontrolu,,
850200,kompozit,Equipment,General,machine-shift,0.82,0.82,0.82,0.82,1,EUR,0.16,0.19,6,6,建筑工程,Opći radovi instalacije - Vol.6 Instrumentacija za automatizaciju i kontrolu,,
850202,910B,Equipment,General,machine-shift,5.34,5.34,5.34,5.34,1,EUR,2.03,0.38,6,6,建筑工程,Opći radovi instalacije - Vol.6 Instrumentacija za automatizaciju i kontrolu,,
390016,ravna ploča,Material,General,m3,250.81,250.81,250.81,250.81,1,EUR,250.81,1.0,6,6,建筑工程,betonski i armirano-betonski radovi,prednapređeni betonski panel,
390023,ploča balkonske ograde,Material,General,m3,465.78,465.78,465.78,465.78,1,EUR,465.78,1.0,6,6,建筑工程,betonski i armirano-betonski radovi,prednapređeni betonski panel,
390026,oluk,Material,General,m3,248.0,248.0,248.0,248.0,1,EUR,248.0,1.0,6,6,建筑工程,betonski i armirano-betonski radovi,prednapređeni betonski panel,
390138,nadkrilje,Material,General,m3,234.18,234.18,234.18,234.18,1,EUR,234.18,1.0,6,6,建筑工程,betonski i armirano-betonski radovi,prednapređeni betonski panel,
090154,vijak 14×150,Material,Fasteners,set,1.37,1.37,1.37,1.37,1,EUR,2.07,1.51,6,6,建筑工程,betonski i armirano-betonski radovi,konstrukcijska,
850211,električna energija električna energija 2553,Equipment,General,machine-shift,3.64,3.64,3.64,3.64,1,EUR,3.3,0.9084,6,6,建筑工程,Opći radovi instalacije - Vol.6 Instrumentacija za automatizaciju i kontrolu,,jedan
130891,ukrasna drvena ploča,Material,Wood & Timber,m2,55.43,55.43,55.43,55.43,1,EUR,59.31,1.07,6,6,建筑工程,"završne obrade zidova i stupova, pregrade i zavjese",zidna obloga,dekorativna ploča za zidne površine
130892,gipsana ploča,Material,General,m2,3.95,3.95,3.95,3.95,1,EUR,4.15,1.05,6,6,建筑工程,"završne obrade zidova i stupova, pregrade i zavjese",zidna obloga,dekorativna ploča za zidne površine
110788,razrjeđivač za poliuretanski premaz za drvo,Material,Wood & Timber,kg,2.02,2.02,2.02,2.02,1,EUR,0.01,0.0048,6,6,建筑工程,"radovi slikanja, premazivanja i lijepljenja papira","drveni rukohvati i drugi predmeti, ploče, trake i obloge za bojenje","ogledalni okvir, prozor, jednostavni drveni okvir za bojenje"
110834,vodena akrilna podloga za drvo,Material,Wood & Timber,kg,2.29,2.29,2.29,2.29,1,EUR,0.22,0.0946,6,6,建筑工程,"radovi slikanja, premazivanja i lijepljenja papira",boja za drvene površine,"drvena ploča, vlaknasta ploča, boja za strop od šperploče"
070053,aluuminijski profil 30mm unutar,Material,General,m,0.92,0.92,0.92,0.92,1,EUR,0.95,1.03,6,6,建筑工程,ostali dekorativni radovi,ukrasni kalup,metalna dekorativna lajsna
070054,aluuminijski profil 30mm iznad,Material,General,m,1.26,1.26,1.26,1.26,1,EUR,1.3,1.03,6,6,建筑工程,ostali dekorativni radovi,ukrasni kalup,metalna dekorativna lajsna
070055,ukrasni profil od nehrđajućeg čelika s ogledalnim završetkom 30mm,Material,Steel & Metal,m,2.36,2.36,2.36,2.36,1,EUR,2.43,1.03,6,6,建筑工程,ostali dekorativni radovi,ukrasni kalup,metalna dekorativna lajsna
070056,ukrasni profil od nehrđajućeg čelika s ogledalnim završetkom 30mm izvan,Material,Steel & Metal,m,3.35,3.35,3.35,3.35,1,EUR,3.45,1.03,6,6,建筑工程,ostali dekorativni radovi,ukrasni kalup,metalna dekorativna lajsna
070057,ukrasni profil s ogledalnim završetkom 30mm unutra,Material,General,m,2.16,2.16,2.16,2.16,1,EUR,2.23,1.03,6,6,建筑工程,ostali dekorativni radovi,ukrasni kalup,metalna dekorativna lajsna
070058,ukrasni profil s ogledalnim završetkom 30mm izvan,Material,General,m,2.58,2.58,2.58,2.58,1,EUR,2.65,1.03,6,6,建筑工程,ostali dekorativni radovi,ukrasni kalup,metalna dekorativna lajsna
070059,aluuminijski profil 30mm unutar,Material,General,m,1.01,1.01,1.01,1.01,1,EUR,1.04,1.03,6,6,建筑工程,ostali dekorativni radovi,ukrasni kalup,metalna dekorativna lajsna
070060,aluuminijski profil 30mm iznad,Material,General,m,1.34,1.34,1.34,1.34,1,EUR,1.38,1.03,6,6,建筑工程,ostali dekorativni radovi,ukrasni kalup,metalna dekorativna lajsna
070062,ukrasni profil od nehrđajućeg čelika s ogledalnim završetkom 30mm izvan,Material,Steel & Metal,m,3.35,3.35,3.35,3.35,1,EUR,3.45,1.03,6,6,建筑工程,ostali dekorativni radovi,ukrasni kalup,metalna dekorativna lajsna
070063,ukrasni profil s ogledalnim završetkom 30mm unutra,Material,General,m,2.66,2.66,2.66,2.66,1,EUR,2.74,1.03,6,6,建筑工程,ostali dekorativni radovi,ukrasni kalup,metalna dekorativna lajsna
070064,ukrasni profil s ogledalnim završetkom 30mm izvan,Material,General,m,3.41,3.41,3.41,3.41,1,EUR,3.51,1.03,6,6,建筑工程,ostali dekorativni radovi,ukrasni kalup,metalna dekorativna lajsna
010387,sastavni nosač,Material,General,pcs,0.69,0.69,0.69,0.69,1,EUR,2.77,4.0,6,6,建筑工程,radovi na krovovima i hidroizolaciji,,profil i ostali elementi krova
010408,čelik s 0.8mm,Material,Steel & Metal,m,1.39,1.39,1.39,1.39,1,EUR,0.18,0.1323,6,6,建筑工程,radovi na krovovima i hidroizolaciji,,profil i ostali elementi krova
090053,ekspanzijski vijak 5,Material,Fasteners,set,0.09,0.09,0.09,0.09,1,EUR,0.37,4.08,6,6,建筑工程,Opći radovi instalacije - Vol.5 Sustavi zgrade inteligencije,instalacija,ugradnja električnog prozora
010011,cinkani čelični profil,Material,Steel & Metal,kg,0.93,0.93,0.93,0.93,1,EUR,194.41,209.09,6,6,建筑工程,Opći radovi instalacije - Vol.5 Sustavi zgrade inteligencije,,
010003,s armaturom,Material,Steel & Metal,kg,0.6,0.6,0.6,0.6,1,EUR,616.42,1025.0,6,6,建筑工程,betonski i armirano-betonski radovi,radovi od armiranog čelika,
080141,alu konstrukcija 60×30,Material,General,m,0.74,0.74,0.74,0.74,1,EUR,2.56,3.4607,6,6,建筑工程,"završne obrade zidova i stupova, pregrade i zavjese",stup (greda) okrenut,dekorativna površina stupa (greda)
070135,aluminijska traka 50mm unutra,Material,General,m,1.3,1.3,1.3,1.3,1,EUR,1.33,1.03,6,6,建筑工程,ostali dekorativni radovi,ukrasni kalup,ukrasni aluminijski profil
070139,aluminijska traka 50mm izvan,Material,General,m,1.73,1.73,1.73,1.73,1,EUR,1.78,1.03,6,6,建筑工程,ostali dekorativni radovi,ukrasni kalup,ukrasni aluminijski profil
080295,aluminijski ravni profil 50mm unutar,Material,General,m,1.3,1.3,1.3,1.3,1,EUR,1.33,1.03,6,6,建筑工程,ostali dekorativni radovi,ukrasni kalup,ukrasni aluminijski profil
070142,aluminijski ravni profil 50mm izvan,Material,General,m,1.8,1.8,1.8,1.8,1,EUR,1.86,1.03,6,6,建筑工程,ostali dekorativni radovi,ukrasni kalup,ukrasni aluminijski profil
130094,ploča od kamene vune debljine 100mm,Material,Wood & Timber,m2,24.94,24.94,24.94,24.94,1,EUR,25.69,1.03,6,6,建筑工程,radovi na krovovima i hidroizolaciji,,profil i ostali elementi krova
800272,kran za vrata 10t,Equipment,Cranes,machine-shift,42.6,42.6,42.6,42.6,1,EUR,0.03,0.0007,6,6,建筑工程,radovi na krovovima i hidroizolaciji,,profil i ostali elementi krova
800428,ploča 20×4,Equipment,General,machine-shift,19.43,19.43,19.43,19.43,1,EUR,0.01,0.0007,6,6,建筑工程,radovi na krovovima i hidroizolaciji,,profil i ostali elementi krova
800494,ravna ploča,Equipment,General,machine-shift,8.34,8.34,8.34,8.34,1,EUR,0.0,0.0004,6,6,建筑工程,radovi na krovovima i hidroizolaciji,,profil i ostali elementi krova
800534,ploča,Equipment,General,machine-shift,7.62,7.62,7.62,7.62,1,EUR,0.01,0.0007,6,6,建筑工程,radovi na krovovima i hidroizolaciji,,profil i ostali elementi krova
380011,čelik ravni,Material,Steel & Metal,t,931.39,931.39,931.39,931.39,1,EUR,931.39,1.0,6,6,建筑工程,radovi metalnih konstrukcija,čelična konstrukcija,
810075,C20 obični beton,Material,Concrete & Cement,m3,36.32,36.32,36.32,36.32,1,EUR,1.6,0.044,6,6,建筑工程,Opći radovi instalacije - Vol.4 Instalacija električne opreme,vrt,betonski bazen ugrađen na licu mjesta
850111,LCR ZL6,Equipment,General,machine-shift,0.83,0.83,0.83,0.83,1,EUR,1.72,2.0783,6,6,建筑工程,Opći radovi instalacije - Vol.4 Instalacija električne opreme,električna energija,
850112,električna energija JCD4060,Equipment,General,machine-shift,12.98,12.98,12.98,12.98,1,EUR,26.98,2.0783,6,6,建筑工程,Opći radovi instalacije - Vol.4 Instalacija električne opreme,električna energija,
850110,električna energija,Equipment,General,machine-shift,1.11,1.11,1.11,1.11,1,EUR,3.7,3.3283,6,6,建筑工程,Opći radovi instalacije - Vol.4 Instalacija električne opreme,električna energija,
100114,ljepilo,Material,General,m,0.65,0.65,0.65,0.65,1,EUR,0.01,0.0213,6,6,建筑工程,"završne obrade zidova i stupova, pregrade i zavjese",stup (greda) okrenut,dekorativna površina stupa (greda)
070143,aluminijski profil 40mm unutarnji,Material,General,m,1.41,1.41,1.41,1.41,1,EUR,1.46,1.03,6,6,建筑工程,ostali dekorativni radovi,ukrasni kalup,ukrasni aluminijski profil
070144,aluminijski profil 40mm izvan,Material,General,m,1.66,1.66,1.66,1.66,1,EUR,1.71,1.03,6,6,建筑工程,ostali dekorativni radovi,ukrasni kalup,ukrasni aluminijski profil
070034,PVC traka za površinsku ploču 50mm unutar,Material,General,m,1.0,1.0,1.0,1.0,1,EUR,1.03,1.03,6,6,建筑工程,ostali dekorativni radovi,ukrasni kalup,ukrasni kalup
070033,PVC traka za površinsku ploču 50mm izvan,Material,General,m,2.0,2.0,2.0,2.0,1,EUR,2.06,1.03,6,6,建筑工程,ostali dekorativni radovi,ukrasni kalup,ukrasni kalup
070035,PVC površinska ravna lajsna 50mm unutar,Material,General,m,1.04,1.04,1.04,1.04,1,EUR,1.07,1.03,6,6,建筑工程,ostali dekorativni radovi,ukrasni kalup,ukrasni kalup
070036,PVC površinska ravna lajsna 50mm izvan,Material,General,m,2.66,2.66,2.66,2.66,1,EUR,2.74,1.03,6,6,建筑工程,ostali dekorativni radovi,ukrasni kalup,ukrasni kalup
070046,PVC površinska kalupljenja 40mm unutar,Material,General,m,1.2,1.2,1.2,1.2,1,EUR,1.23,1.03,6,6,建筑工程,ostali dekorativni radovi,ukrasni kalup,ukrasni kalup
070047,PVC površinska lajsna 40mm izvan,Material,General,m,3.19,3.19,3.19,3.19,1,EUR,3.28,1.03,6,6,建筑工程,ostali dekorativni radovi,ukrasni kalup,ukrasni kalup
110429,vodonepropusnost,Material,Waterproofing,kg,2.24,2.24,2.24,2.24,1,EUR,1.26,0.563,6,6,建筑工程,radovi na krovovima i hidroizolaciji,vodonepropusnost krova i sitni materijali,krovište hidroizolacija
150176,čelik,Material,Steel & Metal,kg,2.63,2.63,2.63,2.63,1,EUR,4.74,1.8,6,6,建筑工程,radovi na krovovima i hidroizolaciji,vodonepropusnost krova i sitni materijali,krovište hidroizolacija
380077,čelična ploča za podnu ploču 0.91mm,Material,Steel & Metal,m2,17.32,17.32,17.32,17.32,1,EUR,19.34,1.1167,6,6,建筑工程,radovi metalnih konstrukcija,"čelična ploča, zidna ploča",
380078,čelična ploča za podnu ploču 0.91mm,Material,Steel & Metal,m2,11.78,11.78,11.78,11.78,1,EUR,13.15,1.1167,6,6,建筑工程,radovi metalnih konstrukcija,"čelična ploča, zidna ploča",
380072,kompozitna zidna ploča (100mm sloj kamene vune),Material,Aggregates,m2,38.8,38.8,38.8,38.8,1,EUR,43.33,1.1167,6,6,建筑工程,radovi metalnih konstrukcija,"čelična ploča, zidna ploča",
380088,čavlena kompozitna zidna ploča (100mm sloj staklene vune),Material,Fasteners,m2,24.94,24.94,24.94,24.94,1,EUR,27.85,1.1167,6,6,建筑工程,radovi metalnih konstrukcija,"čelična ploča, zidna ploča",
380007,čelični zidni okvir,Material,Steel & Metal,t,859.13,859.13,859.13,859.13,1,EUR,859.13,1.0,6,6,建筑工程,radovi metalnih konstrukcija,čelična konstrukcija,
370228,nehrđajući čelik prozor,Material,Steel & Metal,m2,110.85,110.85,110.85,110.85,1,EUR,110.85,1.0,6,6,建筑工程,radovi na vratima i prozorima,metalni prozor,
370068,fiksiranje prozora na ploči,Material,Glass,m2,37.41,37.41,37.41,37.41,1,EUR,37.41,1.0,6,6,建筑工程,radovi na vratima i prozorima,metalni prozor,
370069,prozorski prozor,Material,Glass,m2,40.18,40.18,40.18,40.18,1,EUR,40.18,1.0,6,6,建筑工程,radovi na vratima i prozorima,metalni prozor,
370071,ravni prozor za ploču,Material,Glass,m2,41.57,41.57,41.57,41.57,1,EUR,41.57,1.0,6,6,建筑工程,radovi na vratima i prozorima,metalni prozor,
370179,čelični () prozor,Material,Steel & Metal,m2,51.96,51.96,51.96,51.96,1,EUR,51.96,1.0,6,6,建筑工程,radovi na vratima i prozorima,metalni prozor,
370180,prozor od aluminijske legure,Material,Glass,m2,69.28,69.28,69.28,69.28,1,EUR,69.28,1.0,6,6,建筑工程,radovi na vratima i prozorima,metalni prozor,
370181,prozor od aluminijske legure,Material,Glass,m2,79.68,79.68,79.68,79.68,1,EUR,79.68,1.0,6,6,建筑工程,radovi na vratima i prozorima,metalni prozor,
370185,gotovi drveni vrata i prozori,Material,Wood & Timber,m2,16.63,16.63,16.63,16.63,1,EUR,16.63,1.0,6,6,建筑工程,radovi na vratima i prozorima,vrata i prozori,
100054,SBS modificirana bitumenska hidroizolacija,Material,Waterproofing,m2,3.46,3.46,3.46,3.46,1,EUR,1.05,0.3025,6,6,建筑工程,radovi na krovovima i hidroizolaciji,vodonepropusnost krova i sitni materijali,vodonepropusni krov
160117,voda 100,Material,Water,pcs,6.51,6.51,6.51,6.51,1,EUR,6.58,1.01,6,6,建筑工程,radovi na krovovima i hidroizolaciji,vodonepropusnost krova i sitni materijali,vodonepropusni krov
160118,voda 100,Material,Water,pcs,6.51,6.51,6.51,6.51,1,EUR,6.58,1.01,6,6,建筑工程,radovi na krovovima i hidroizolaciji,vodonepropusnost krova i sitni materijali,vodonepropusni krov
160119,voda 150,Material,Water,pcs,11.64,11.64,11.64,11.64,1,EUR,11.76,1.01,6,6,建筑工程,radovi na krovovima i hidroizolaciji,vodonepropusnost krova i sitni materijali,vodonepropusni krov
160235,voda 150,Material,Water,set,11.56,11.56,11.56,11.56,1,EUR,11.67,1.01,6,6,建筑工程,radovi na krovovima i hidroizolaciji,vodonepropusnost krova i sitni materijali,vodonepropusni krov
170094,staklo čelik voda 110,Material,Steel & Metal,pcs,2.81,2.81,2.81,2.81,1,EUR,2.84,1.01,6,6,建筑工程,radovi na krovovima i hidroizolaciji,vodonepropusnost krova i sitni materijali,vodonepropusni krov
170095,staklo čelik voda 160,Material,Steel & Metal,pcs,5.36,5.36,5.36,5.36,1,EUR,5.42,1.01,6,6,建筑工程,radovi na krovovima i hidroizolaciji,vodonepropusnost krova i sitni materijali,vodonepropusni krov
370116,drveni prozor,Material,Wood & Timber,m2,69.28,69.28,69.28,69.28,1,EUR,69.28,1.0,6,6,建筑工程,radovi na vratima i prozorima,drveni prozor,
370164,drveni prozor,Material,Wood & Timber,m2,131.64,131.64,131.64,131.64,1,EUR,131.64,1.0,6,6,建筑工程,radovi na vratima i prozorima,drveni prozor,
370166,drveni prozor,Material,Wood & Timber,m2,62.36,62.36,62.36,62.36,1,EUR,62.36,1.0,6,6,建筑工程,radovi na vratima i prozorima,drveni prozor,
370167,okno,Material,Glass,m2,124.71,124.71,124.71,124.71,1,EUR,124.71,1.0,6,6,建筑工程,radovi na vratima i prozorima,drveni prozor,
370229,ukrasni drveni prozor,Material,Wood & Timber,m2,69.28,69.28,69.28,69.28,1,EUR,69.28,1.0,6,6,建筑工程,radovi na vratima i prozorima,drveni prozor,
370041,prozor od aluminijske legure za pričvršćivanje,Material,Glass,m2,38.8,38.8,38.8,38.8,1,EUR,38.8,1.0,6,6,建筑工程,radovi na vratima i prozorima,metalni prozor,
370043,prozorski okvir od aluminijske legure s dvostrukim ravnim staklom,Material,Glass,m2,62.36,62.36,62.36,62.36,1,EUR,62.36,1.0,6,6,建筑工程,radovi na vratima i prozorima,metalni prozor,
090133,cinkano s vijcima 16×(35 60),Material,Fasteners,set,0.24,0.24,0.24,0.24,1,EUR,0.66,2.7033,6,6,建筑工程,Opći radovi instalacije - Vol.4 Instalacija električne opreme,,instalacija
080278,staklo,Material,Glass,m2,36.03,36.03,36.03,36.03,1,EUR,37.83,1.05,6,6,建筑工程,"završne obrade zidova i stupova, pregrade i zavjese",radovi na zavjesnim zidovima,stakleni zavjesni zid
050030,staklo,Material,Glass,m2,36.03,36.03,36.03,36.03,1,EUR,37.83,1.05,6,6,建筑工程,"završne obrade zidova i stupova, pregrade i zavjese",radovi na zavjesnim zidovima,stakleni zavjesni zid
050031,staklo,Material,Glass,m2,36.03,36.03,36.03,36.03,1,EUR,37.83,1.05,6,6,建筑工程,"završne obrade zidova i stupova, pregrade i zavjese",radovi na zavjesnim zidovima,stakleni zavjesni zid
010400,cinkovani kanalni čelik,Material,Steel & Metal,kg,0.76,0.76,0.76,0.76,1,EUR,10.8,14.1667,6,6,建筑工程,"završne obrade zidova i stupova, pregrade i zavjese",radovi na zavjesnim zidovima,stakleni zavjesni zid
380079,okvir od čeličnog prozora,Material,Steel & Metal,t,886.84,886.84,886.84,886.84,1,EUR,886.84,1.0,6,6,建筑工程,radovi metalnih konstrukcija,čelična konstrukcija,
380080,čelični okvir,Material,Steel & Metal,t,886.84,886.84,886.84,886.84,1,EUR,886.84,1.0,6,6,建筑工程,radovi metalnih konstrukcija,čelična konstrukcija,
380081,čelična ploča,Material,Steel & Metal,t,886.84,886.84,886.84,886.84,1,EUR,886.84,1.0,6,6,建筑工程,radovi metalnih konstrukcija,čelična konstrukcija,
380082,čelik,Material,Steel & Metal,t,935.34,935.34,935.34,935.34,1,EUR,935.34,1.0,6,6,建筑工程,radovi metalnih konstrukcija,čelična konstrukcija,
030237,zakrivljene drvene stepenice,Material,Wood & Timber,m2,119.17,119.17,119.17,119.17,1,EUR,119.17,1.0,6,6,建筑工程,radovi na drvenim konstrukcijama,strukturno drvo,
030238,drvena stubišta,Material,Wood & Timber,m2,148.27,148.27,148.27,148.27,1,EUR,148.27,1.0,6,6,建筑工程,radovi na drvenim konstrukcijama,strukturno drvo,
030239,ravne čelične drvene stepenice,Material,Steel & Metal,m2,48.5,48.5,48.5,48.5,1,EUR,48.5,1.0,6,6,建筑工程,radovi na drvenim konstrukcijama,strukturno drvo,
030240,zakrivljene čelične drvene stepenice,Material,Steel & Metal,m2,66.51,66.51,66.51,66.51,1,EUR,66.51,1.0,6,6,建筑工程,radovi na drvenim konstrukcijama,strukturno drvo,
030241,čelične drvene stepenice,Material,Steel & Metal,m2,84.53,84.53,84.53,84.53,1,EUR,84.53,1.0,6,6,建筑工程,radovi na drvenim konstrukcijama,strukturno drvo,
300028,cinkovani kutni čelik 63×63×6×1800,Material,Steel & Metal,pcs,8.01,8.01,8.01,8.01,1,EUR,10.71,1.3373,6,6,建筑工程,Opći radovi instalacije - Vol.4 Instalacija električne opreme,,instalacija
370045,prozorski okvir od aluminijske legure s dvostrukim staklom,Material,Glass,m2,52.66,52.66,52.66,52.66,1,EUR,52.66,1.0,6,6,建筑工程,radovi na vratima i prozorima,metalni prozor,
370054,čelična pričvrsnica za prozor,Material,Steel & Metal,m2,34.5,34.5,34.5,34.5,1,EUR,34.5,1.0,6,6,建筑工程,radovi na vratima i prozorima,metalni prozor,
370056,čelični dvostruki prozor,Material,Steel & Metal,m2,45.73,45.73,45.73,45.73,1,EUR,45.73,1.0,6,6,建筑工程,radovi na vratima i prozorima,metalni prozor,
370058,čelični dvostruki ravni prozor,Material,Steel & Metal,m2,51.27,51.27,51.27,51.27,1,EUR,51.27,1.0,6,6,建筑工程,radovi na vratima i prozorima,metalni prozor,
370046,aluminijski legirani prozor,Material,Glass,m2,52.66,52.66,52.66,52.66,1,EUR,52.66,1.0,6,6,建筑工程,radovi na vratima i prozorima,metalni prozor,
090093,s vijcima 6×(30 50),Material,Fasteners,set,0.02,0.02,0.02,0.02,1,EUR,0.04,2.08,6,6,建筑工程,radovi na stropovima,suspendirani strop,stropna greda
080119,H nosač HB22×0.5,Material,General,m,0.28,0.28,0.28,0.28,1,EUR,0.47,1.6783,6,6,建筑工程,radovi na stropovima,suspendirani strop,sloj završne obloge stropa
080212,ploča debljine 13,Material,General,m2,5.54,5.54,5.54,5.54,1,EUR,5.93,1.07,6,6,建筑工程,radovi na stropovima,suspendirani strop,sloj završne obloge stropa
080213,ploča debljine 15,Material,General,m2,7.62,7.62,7.62,7.62,1,EUR,8.15,1.07,6,6,建筑工程,radovi na stropovima,suspendirani strop,sloj završne obloge stropa
370168,ravni prozor od aluminijske legure,Material,Glass,m2,90.07,90.07,90.07,90.07,1,EUR,90.07,1.0,6,6,建筑工程,radovi na vratima i prozorima,metalni prozor,
370169,aluminijski legirani prozor,Material,Glass,m2,83.14,83.14,83.14,83.14,1,EUR,83.14,1.0,6,6,建筑工程,radovi na vratima i prozorima,metalni prozor,
370170,prozor od aluminijske legure za pričvršćivanje,Material,Glass,m2,76.21,76.21,76.21,76.21,1,EUR,76.21,1.0,6,6,建筑工程,radovi na vratima i prozorima,metalni prozor,
370178,nehrđajući čelik prozor,Material,Steel & Metal,m2,29.1,29.1,29.1,29.1,1,EUR,29.1,1.0,6,6,建筑工程,radovi na vratima i prozorima,metalni prozor,
090396,rukohvat od nehrđajućeg čelika (zakrivljeni) 75,Material,Steel & Metal,m,24.94,24.94,24.94,24.94,1,EUR,30.18,1.21,6,6,建筑工程,ostali dekorativni radovi,"rukohvat, ograda, dekorativna ploča za ogradu","metalna ograda, rukohvat, ploča ograde"
090397,rukohvat (zakrivljeni) 75,Material,General,m,43.65,43.65,43.65,43.65,1,EUR,52.82,1.21,6,6,建筑工程,ostali dekorativni radovi,"rukohvat, ograda, dekorativna ploča za ogradu","metalna ograda, rukohvat, ploča ograde"
091447,rukohvat od nehrđajućeg čelika 75 (tip),Material,Steel & Metal,m,39.91,39.91,39.91,39.91,1,EUR,41.9,1.05,6,6,建筑工程,ostali dekorativni radovi,"rukohvat, ograda, dekorativna ploča za ogradu","metalna ograda, rukohvat, ploča ograde"
090501,cinkovani čavao M4,Equipment,General,set,0.02,0.02,0.02,0.02,1,EUR,0.05,2.4,6,6,建筑工程,Opći radovi instalacije - Vol.4 Instalacija električne opreme,ugradnja kalupa,
030056,ploča,Material,General,m2,2.11,2.11,2.11,2.11,1,EUR,0.63,0.3013,6,6,建筑工程,Opći radovi instalacije - Vol.4 Instalacija električne opreme,,
030139,okrugli drveni okvir,Material,Wood & Timber,m3,272.98,272.98,272.98,272.98,1,EUR,272.98,1.0,6,6,建筑工程,radovi na drvenim konstrukcijama,,
030140,kvadratni drveni okvir,Material,Wood & Timber,m3,407.39,407.39,407.39,407.39,1,EUR,407.39,1.0,6,6,建筑工程,radovi na drvenim konstrukcijama,,
030141,okrugli drveni čelični okvir,Material,Steel & Metal,m3,428.18,428.18,428.18,428.18,1,EUR,428.18,1.0,6,6,建筑工程,radovi na drvenim konstrukcijama,,
030142,četvrtasto drveno čelično ogrodje,Material,Steel & Metal,m3,548.73,548.73,548.73,548.73,1,EUR,548.73,1.0,6,6,建筑工程,radovi na drvenim konstrukcijama,,
030059,okrugli trupac,Material,Wood & Timber,m3,177.37,177.37,177.37,177.37,1,EUR,206.04,1.1617,6,6,建筑工程,radovi na drvenim konstrukcijama,strukturno drvo,
030236,ravne drvene stepenice,Material,Wood & Timber,m2,85.91,85.91,85.91,85.91,1,EUR,85.91,1.0,6,6,建筑工程,radovi na drvenim konstrukcijama,strukturno drvo,
091471,cementni čavao (s),Material,Concrete & Cement,set,0.11,0.11,0.11,0.11,1,EUR,0.47,4.2,6,6,建筑工程,radovi na krovovima i hidroizolaciji,"vodonepropusna površina zida, otpornost na vlagu",vodonepropusna membrana za zidne površine
090131,cinkano s vijcima 12×(110 120),Material,Fasteners,set,0.24,0.24,0.24,0.24,1,EUR,1.39,5.79,6,6,建筑工程,Opći radovi instalacije - Vol.4 Instalacija električne opreme,visoka električna instalacija,
370014,ukrasna vrata s drvenom površinom,Material,Wood & Timber,m2,76.21,76.21,76.21,76.21,1,EUR,76.21,1.0,6,6,建筑工程,radovi na vratima i prozorima,,
370128,drvena ploča vrata (ravna),Material,Wood & Timber,m2,90.07,90.07,90.07,90.07,1,EUR,90.07,1.0,6,6,建筑工程,radovi na vratima i prozorima,,
370134,ukrasna ploča vrata (ravna),Material,General,m2,55.43,55.43,55.43,55.43,1,EUR,55.43,1.0,6,6,建筑工程,radovi na vratima i prozorima,,
888802,dizel,Equipment,General,kg,1.24,1.24,1.24,1.24,1,EUR,35.4,28.4495,6,6,建筑工程,radovi na drvenim konstrukcijama,strukturno drvo,
370002,vrata od šperploče,Material,Wood & Timber,m2,27.44,27.44,27.44,27.44,1,EUR,27.44,1.0,6,6,建筑工程,radovi na vratima i prozorima,,
370003,drvena vrata od ploča,Material,Wood & Timber,m2,118.7,118.7,118.7,118.7,1,EUR,118.7,1.0,6,6,建筑工程,radovi na vratima i prozorima,,
370012,ukrasna drvena vrata,Material,Wood & Timber,m2,152.43,152.43,152.43,152.43,1,EUR,152.43,1.0,6,6,建筑工程,radovi na vratima i prozorima,,
090698,rukohvat (-oblikovan) 75,Material,General,m,54.04,54.04,54.04,54.04,1,EUR,56.74,1.05,6,6,建筑工程,ostali dekorativni radovi,"rukohvat, ograda, dekorativna ploča za ogradu","metalna ograda, rukohvat, ploča ograde"
090595,50 čelična cijev za rukohvat,Material,Steel & Metal,m,2.44,2.44,2.44,2.44,1,EUR,2.76,1.13,6,6,建筑工程,ostali dekorativni radovi,"rukohvat, ograda, dekorativna ploča za ogradu",metalni zidni rukohvat
090405,nehrđajući čelik 75,Material,Steel & Metal,pcs,3.46,3.46,3.46,3.46,1,EUR,4.13,1.1935,6,6,建筑工程,ostali dekorativni radovi,"rukohvat, ograda, dekorativna ploča za ogradu",metalni zidni rukohvat
090406,75,Material,General,pcs,4.16,4.16,4.16,4.16,1,EUR,4.96,1.1935,6,6,建筑工程,ostali dekorativni radovi,"rukohvat, ograda, dekorativna ploča za ogradu",metalni zidni rukohvat
050040,s staklom 3mm,Equipment,General,m2,6.93,6.93,6.93,6.93,1,EUR,7.34,1.06,6,6,建筑工程,ostali dekorativni radovi,,završni sloj
130010,alkalno otporan širine 200mm,Material,General,m,0.02,0.02,0.02,0.02,1,EUR,0.04,1.6667,6,6,建筑工程,radovi na stropovima,,
370091,vrata,Material,General,m2,72.06,72.06,72.06,72.06,1,EUR,72.06,1.0,6,6,建筑工程,radovi na vratima i prozorima,"vrata, vrata",
370093,električna vrata,Material,General,m2,49.88,49.88,49.88,49.88,1,EUR,49.88,1.0,6,6,建筑工程,radovi na vratima i prozorima,"vrata, vrata",
370096,vrata,Material,General,m2,80.37,80.37,80.37,80.37,1,EUR,80.37,1.0,6,6,建筑工程,radovi na vratima i prozorima,"vrata, vrata",
370097,povezivanje vrata,Material,General,m2,94.23,94.23,94.23,94.23,1,EUR,94.23,1.0,6,6,建筑工程,radovi na vratima i prozorima,"vrata, vrata",
370117,vrata,Material,General,m2,66.51,66.51,66.51,66.51,1,EUR,66.51,1.0,6,6,建筑工程,radovi na vratima i prozorima,"vrata, vrata",
090135,galvanizirano s vijcima 16×(85 100),Material,Fasteners,set,0.42,0.42,0.42,0.42,1,EUR,5.62,13.26,6,6,建筑工程,Opći radovi instalacije - Vol.4 Instalacija električne opreme,i instalacija,instalacija
030138,TK ploča,Material,General,m2,6.93,6.93,6.93,6.93,1,EUR,7.62,1.1,6,6,建筑工程,"završne obrade zidova i stupova, pregrade i zavjese",parcijalni,parcijalni
080275,dekorativni pločnik,Material,General,m2,3.88,3.88,3.88,3.88,1,EUR,4.07,1.05,6,6,建筑工程,"završne obrade zidova i stupova, pregrade i zavjese",parcijalni,parcijalni
080276,ploča,Material,General,m2,38.8,38.8,38.8,38.8,1,EUR,40.74,1.05,6,6,建筑工程,"završne obrade zidova i stupova, pregrade i zavjese",parcijalni,parcijalni
050041,staklo s ogledalnim završetkom 6mm,Material,Glass,m2,7.9,7.9,7.9,7.9,1,EUR,9.56,1.21,6,6,建筑工程,ostali dekorativni radovi,,završni sloj
010406,metalna ploča,Material,Steel & Metal,m2,12.47,12.47,12.47,12.47,1,EUR,13.22,1.06,6,6,建筑工程,ostali dekorativni radovi,,završni sloj
050042,staklo-čelik,Material,Steel & Metal,m2,16.63,16.63,16.63,16.63,1,EUR,17.46,1.05,6,6,建筑工程,ostali dekorativni radovi,,završni sloj
090203,čavao za tlo od čelika,Material,Steel & Metal,100 pcs,0.97,0.97,0.97,0.97,1,EUR,0.2,0.2089,6,6,建筑工程,ostali dekorativni radovi,,završni sloj
370159,vrata,Material,General,m,95.61,95.61,95.61,95.61,1,EUR,95.61,1.0,6,6,建筑工程,radovi na vratima i prozorima,"vrata, vrata",
370095,ukrasna vrata,Material,General,m2,346.42,346.42,346.42,346.42,1,EUR,346.42,1.0,6,6,建筑工程,radovi na vratima i prozorima,"vrata, vrata",
370098,betonska vrata,Material,Concrete & Cement,m2,170.44,170.44,170.44,170.44,1,EUR,170.44,1.0,6,6,建筑工程,radovi na vratima i prozorima,"vrata, vrata",
370099,betonska vrata,Material,Concrete & Cement,m2,194.0,194.0,194.0,194.0,1,EUR,194.0,1.0,6,6,建筑工程,radovi na vratima i prozorima,"vrata, vrata",
370100,betonska ploča vrata,Material,Concrete & Cement,m2,346.42,346.42,346.42,346.42,1,EUR,346.42,1.0,6,6,建筑工程,radovi na vratima i prozorima,"vrata, vrata",
370101,betonska prozorska ploča,Material,Concrete & Cement,m2,84.53,84.53,84.53,84.53,1,EUR,84.53,1.0,6,6,建筑工程,radovi na vratima i prozorima,"vrata, vrata",
370110,čelična vrata,Material,Steel & Metal,m2,387.99,387.99,387.99,387.99,1,EUR,387.99,1.0,6,6,建筑工程,radovi na vratima i prozorima,"vrata, vrata",
370030,montaža drvenog prozora,Material,Wood & Timber,m2,30.49,30.49,30.49,30.49,1,EUR,30.49,1.0,6,6,建筑工程,radovi na vratima i prozorima,drveni prozor,
370088,čelična vrata,Material,Steel & Metal,m2,48.5,48.5,48.5,48.5,1,EUR,48.5,1.0,6,6,建筑工程,radovi na vratima i prozorima,"vrata, vrata",
370102,čelični ograda za vrata,Material,Steel & Metal,m2,48.5,48.5,48.5,48.5,1,EUR,48.5,1.0,6,6,建筑工程,radovi na vratima i prozorima,"vrata, vrata",
370156,čelična vrata od žičane mreže za zid,Material,Steel & Metal,m2,123.33,123.33,123.33,123.33,1,EUR,123.33,1.0,6,6,建筑工程,radovi na vratima i prozorima,"vrata, vrata",
370157,čelična vrata (ravna),Material,Steel & Metal,m2,119.17,119.17,119.17,119.17,1,EUR,119.17,1.0,6,6,建筑工程,radovi na vratima i prozorima,"vrata, vrata",
370230,čelična vrata,Material,Steel & Metal,m2,90.07,90.07,90.07,90.07,1,EUR,90.07,1.0,6,6,建筑工程,radovi na vratima i prozorima,"vrata, vrata",
370231,čelična vrata,Material,Steel & Metal,m2,117.78,117.78,117.78,117.78,1,EUR,117.78,1.0,6,6,建筑工程,radovi na vratima i prozorima,"vrata, vrata",
100271,vodonepropusnost,Material,Waterproofing,kg,0.97,0.97,0.97,0.97,1,EUR,4.27,4.4,6,6,建筑工程,radovi na krovovima i hidroizolaciji,"vodonepropusna površina zida, otpornost na vlagu",vodonepropusna membrana za zidne površine
150177,vodonepropusnost 4kg/m2,Material,Waterproofing,m2,4.43,4.43,4.43,4.43,1,EUR,4.88,1.1,6,6,建筑工程,radovi na krovovima i hidroizolaciji,"vodonepropusna površina zida, otpornost na vlagu",vodonepropusna membrana za zidne površine
100261,vodonepropusni premaz,Material,Waterproofing,kg,3.88,3.88,3.88,3.88,1,EUR,6.39,1.6464,6,6,建筑工程,radovi na krovovima i hidroizolaciji,"vodonepropusna površina zida, otpornost na vlagu",vodonepropusno premazivanje zidnih površina
100265,SBS bitumenska vodonepropusna obloga,Material,Waterproofing,kg,1.19,1.19,1.19,1.19,1,EUR,2.63,2.2058,6,6,建筑工程,radovi na krovovima i hidroizolaciji,"vodonepropusna površina zida, otpornost na vlagu",vodonepropusno premazivanje zidnih površina
800079,valjak za ceste kombinirani,Equipment,General,machine-shift,47.65,47.65,47.65,47.65,1,EUR,0.41,0.0086,6,6,建筑工程,zemljani radovi i radovi s kamenom,zaobljavanje,nasipavanje tla
800139,pumpa za mulj 100,Equipment,Pumps,machine-shift,4.38,4.38,4.38,4.38,1,EUR,0.23,0.0527,6,6,建筑工程,zemljani radovi i radovi s kamenom,transport,prijevoz mulja
800366,gusjeničar dizalica 60t,Equipment,Cranes,machine-shift,163.83,163.83,163.83,163.83,1,EUR,5.79,0.0353,6,6,建筑工程,tretman tla i potpora padinama,radovi od armiranog čelika,
110026,fenolna boja,Material,Paint & Coatings,kg,2.16,2.16,2.16,2.16,1,EUR,0.25,0.1148,6,6,建筑工程,"Opći radovi instalacije - Vol.12 Slikarstvo, antikorozivna zaštita, toplinska iz",pravokutno četkanje,
110749,s bojom W61-25,Equipment,General,kg,7.27,7.27,7.27,7.27,1,EUR,1.63,0.2246,6,6,建筑工程,"Opći radovi instalacije - Vol.12 Slikarstvo, antikorozivna zaštita, toplinska iz",pravokutno četkanje,
110739,s razrjeđivačem boje X13,Equipment,General,kg,1.73,1.73,1.73,1.73,1,EUR,0.06,0.035,6,6,建筑工程,"Opći radovi instalacije - Vol.12 Slikarstvo, antikorozivna zaštita, toplinska iz",pravokutno četkanje,
370191,staklena vrata,Material,Glass,pcs,18.01,18.01,18.01,18.01,1,EUR,18.01,1.0,6,6,建筑工程,radovi na vratima i prozorima,instalacija hardvera,
090326,vrata,Material,General,pcs,18.4,18.4,18.4,18.4,1,EUR,18.4,1.0,6,6,建筑工程,radovi na vratima i prozorima,instalacija hardvera,
370084,ravna vrata,Material,General,set,1247.12,1247.12,1247.12,1247.12,1,EUR,1247.12,1.0,6,6,建筑工程,radovi na vratima i prozorima,instalacija hardvera,
110370,cementna masa,Material,Concrete & Cement,kg,0.48,0.48,0.48,0.48,1,EUR,0.8,1.65,6,6,建筑工程,"radovi slikanja, premazivanja i lijepljenja papira",boja na žbukanom površini,puna potpune glazure kitom
810124,polimerni mort 1: 2.5: 5,Material,Concrete & Cement,m3,43.23,43.23,43.23,43.23,1,EUR,0.03,0.0006,6,6,建筑工程,"radovi slikanja, premazivanja i lijepljenja papira",boja na žbukanom površini,puna potpune glazure kitom
110333,akrilni temeljni premaz,Material,Paint & Coatings,kg,0.76,0.76,0.76,0.76,1,EUR,0.09,0.113,6,6,建筑工程,"radovi slikanja, premazivanja i lijepljenja papira",premazivanje sprejem i četkom,sloj premaza za završnu obradu zidova
110504,emulzijska boja,Material,Paint & Coatings,kg,4.61,4.61,4.61,4.61,1,EUR,1.47,0.3182,6,6,建筑工程,"radovi slikanja, premazivanja i lijepljenja papira",premazivanje sprejem i četkom,sloj premaza za završnu obradu zidova
110485,vodena metalik boja,Material,Steel & Metal,kg,4.85,4.85,4.85,4.85,1,EUR,4.1,0.8455,6,6,建筑工程,"radovi slikanja, premazivanja i lijepljenja papira",premazivanje sprejem i četkom,sloj premaza za završnu obradu zidova
110755,površinska masa za gletanje,Material,General,kg,0.55,0.55,0.55,0.55,1,EUR,0.36,0.6545,6,6,建筑工程,"radovi slikanja, premazivanja i lijepljenja papira",boja na žbukanom površini,boja na žbukanom površini
850233,dužina dužina 1270 1650nm,Equipment,General,machine-shift,45.73,45.73,45.73,45.73,1,EUR,35.06,0.7667,6,6,建筑工程,Opći radovi instalacije - Vol.11 Oprema i linije za komunikaciju,oblikovanje,
800501,dizelska električna energija,Equipment,General,machine-shift,33.32,33.32,33.32,33.32,1,EUR,33.32,1.0,6,6,建筑工程,Opći radovi instalacije - Vol.11 Oprema i linije za komunikaciju,,
850086,2.5Gb/s,Equipment,General,machine-shift,229.61,229.61,229.61,229.61,1,EUR,114.8,0.5,6,6,建筑工程,Opći radovi instalacije - Vol.11 Oprema i linije za komunikaciju,,
010007,čelični kalup,Material,Steel & Metal,kg,0.93,0.93,0.93,0.93,1,EUR,5.95,6.403,6,6,建筑工程,tretman tla i potpora padinama,temeljna jama,()
100118,visokoadhezivno,Material,General,m,4.36,4.36,4.36,4.36,1,EUR,1.49,0.342,6,6,建筑工程,tretman tla i potpora padinama,temeljna jama,()
091518,-oblika,Material,General,pcs,3.05,3.05,3.05,3.05,1,EUR,0.46,0.1493,6,6,建筑工程,tretman tla i potpora padinama,temeljna jama,temeljni zid
150142,suspenzija,Material,General,m3,6.97,6.97,6.97,6.97,1,EUR,17.43,2.5,5,5,建筑工程,tretman tla i potpora padinama,temeljna jama,temeljni zid
091519,prefabricirani betonski vod 300,Material,Concrete & Cement,pcs,7.76,7.76,7.76,7.76,1,EUR,0.26,0.0333,5,5,建筑工程,tretman tla i potpora padinama,temeljna jama,temeljni zid
850033,A005810,Equipment,General,machine-shift,13.45,13.45,13.45,13.45,1,EUR,11.21,0.8333,5,5,建筑工程,Opći radovi instalacije - Vol.11 Oprema i linije za komunikaciju,,
800399,ulivanje betona za zid temelja i vibrirajući okvir,Equipment,General,machine-shift,11.06,11.06,11.06,11.06,1,EUR,0.28,0.025,5,5,建筑工程,tretman tla i potpora padinama,temeljna jama,temeljni zid
800386,blagajna za mulj 50,Equipment,Pumps,machine-shift,0.8,0.8,0.8,0.8,1,EUR,0.07,0.0922,5,5,建筑工程,tretman tla i potpora padinama,temeljna jama,temeljni zid
800364,lock,Equipment,General,machine-shift,32.54,32.54,32.54,32.54,1,EUR,34.75,1.068,5,5,建筑工程,tretman tla i potpora padinama,temeljna jama,temeljni zid
800155,vibrator za beton,Equipment,General,machine-shift,0.15,0.15,0.15,0.15,1,EUR,0.0,0.012,5,5,建筑工程,tretman tla i potpora padinama,temeljna jama,temeljni zid
090834,vijak s M12×(30 35),Material,Fasteners,set,0.16,0.16,0.16,0.16,1,EUR,1.32,8.08,5,5,建筑工程,Opći radovi instalacije - Vol.11 Oprema i linije za komunikaciju,,
850235,mreža FWKE,Equipment,General,machine-shift,22.86,22.86,22.86,22.86,1,EUR,29.72,1.3,5,5,建筑工程,Opći radovi instalacije - Vol.11 Oprema i linije za komunikaciju,mreža,
850232,MFC+ lajsna,Equipment,General,machine-shift,81.41,81.41,81.41,81.41,1,EUR,48.85,0.6,5,5,建筑工程,Opći radovi instalacije - Vol.11 Oprema i linije za komunikaciju,,
060065,podne pločice (v 120mm),Material,General,m,2.09,2.09,2.09,2.09,1,EUR,2.31,1.105,5,5,建筑工程,radovi završne obrade poda,lajsna,
370106,vrata od nehrđajućeg čelika,Material,Steel & Metal,m2,54.04,54.04,54.04,54.04,1,EUR,54.04,1.0,5,5,建筑工程,radovi na vratima i prozorima,metalna vrata,
370105,ploča vrata,Material,General,m2,48.5,48.5,48.5,48.5,1,EUR,48.5,1.0,5,5,建筑工程,radovi na vratima i prozorima,metalna vrata,
370104,aluminijska legura vrata,Material,General,m2,51.27,51.27,51.27,51.27,1,EUR,51.27,1.0,5,5,建筑工程,radovi na vratima i prozorima,metalna vrata,
370103,vrata od pocinčanog čeličnog lima,Material,Steel & Metal,m2,27.71,27.71,27.71,27.71,1,EUR,27.71,1.0,5,5,建筑工程,radovi na vratima i prozorima,metalna vrata,
370162,vrata od nehrđajućeg čelika za električne instalacije (s),Material,Steel & Metal,m,166.28,166.28,166.28,166.28,1,EUR,166.28,1.0,5,5,建筑工程,radovi na vratima i prozorima,vrata,
230033,no,Material,General,pcs,11.09,11.09,11.09,11.09,1,EUR,11.09,1.0,5,5,建筑工程,radovi na krovovima i hidroizolaciji,vodonepropusnost krova i sitni materijali,krov
370161,vrata od nehrđajućeg čelika za elektriku (br.),Material,Steel & Metal,m,159.35,159.35,159.35,159.35,1,EUR,159.35,1.0,5,5,建筑工程,radovi na vratima i prozorima,vrata,
370160,nehrđajući čelik električna vrata,Material,Steel & Metal,m2,207.85,207.85,207.85,207.85,1,EUR,207.85,1.0,5,5,建筑工程,radovi na vratima i prozorima,vrata,
370083,promjer vrata 3m,Material,General,unit,9422.67,9422.67,9422.67,9422.67,1,EUR,9422.67,1.0,5,5,建筑工程,radovi na vratima i prozorima,vrata,
370080,električna vrata,Material,General,m2,90.07,90.07,90.07,90.07,1,EUR,90.07,1.0,5,5,建筑工程,radovi na vratima i prozorima,vrata,
040043,staklo-čelik,Material,Steel & Metal,m2,2.27,2.27,2.27,2.27,1,EUR,2.34,1.03,5,5,建筑工程,radovi na krovovima i hidroizolaciji,vodonepropusnost krova i sitni materijali,krovni žlijeb
370039,aluminijska legura vrata,Material,General,m2,73.44,73.44,73.44,73.44,1,EUR,73.44,1.0,5,5,建筑工程,radovi na vratima i prozorima,metalna vrata,
370037,aluminijska legura vrata,Material,General,m2,44.34,44.34,44.34,44.34,1,EUR,44.34,1.0,5,5,建筑工程,radovi na vratima i prozorima,metalna vrata,
370036,aluminijska legura vrata,Material,General,m2,47.11,47.11,47.11,47.11,1,EUR,47.11,1.0,5,5,建筑工程,radovi na vratima i prozorima,metalna vrata,
370034,ravna vrata od aluminijske legure,Material,General,m2,66.51,66.51,66.51,66.51,1,EUR,66.51,1.0,5,5,建筑工程,radovi na vratima i prozorima,metalna vrata,
370033,ravna vrata od aluminijske legure,Material,General,m2,67.9,67.9,67.9,67.9,1,EUR,67.9,1.0,5,5,建筑工程,radovi na vratima i prozorima,metalna vrata,
080105,T-oblikovani lagani čelični nosač CB33-2,Material,Steel & Metal,pcs,0.08,0.08,0.08,0.08,1,EUR,0.16,1.9638,5,5,建筑工程,radovi na stropovima,suspendirani strop,stropna greda
080098,letvica CL15×35,Material,General,m,0.51,0.51,0.51,0.51,1,EUR,0.36,0.7086,5,5,建筑工程,radovi na stropovima,suspendirani strop,stropna greda
080071,T-oblikovani lagani čelični nosač KB33×30,Material,Steel & Metal,m,0.8,0.8,0.8,0.8,1,EUR,1.48,1.8428,5,5,建筑工程,radovi na stropovima,suspendirani strop,stropna greda
080016,U -oblikovani lagani čelični nosač CB30-L,Material,Steel & Metal,pcs,0.06,0.06,0.06,0.06,1,EUR,0.02,0.3678,5,5,建筑工程,radovi na stropovima,suspendirani strop,stropna greda
080010,U -oblikovani lagani čelični nosač CB30×12,Material,Steel & Metal,m,0.59,0.59,0.59,0.59,1,EUR,0.72,1.216,5,5,建筑工程,radovi na stropovima,suspendirani strop,stropna greda
030047,drvna građa,Material,Wood & Timber,pcs,4.27,4.27,4.27,4.27,1,EUR,3.1,0.7267,5,5,建筑工程,ostali dekorativni radovi,"rukohvat, ograda, dekorativna ploča za ogradu","drvena rukohvat, ograda, ploča ograde"
030095,drvna građa,Material,Wood & Timber,pcs,1.47,1.47,1.47,1.47,1,EUR,1.12,0.76,5,5,建筑工程,ostali dekorativni radovi,"rukohvat, ograda, dekorativna ploča za ogradu","drvena rukohvat, ograda, ploča ograde"
030046,drvena rukohvat (-oblik) 150×60,Material,Wood & Timber,m,28.96,28.96,28.96,28.96,1,EUR,33.3,1.15,5,5,建筑工程,ostali dekorativni radovi,"rukohvat, ograda, dekorativna ploča za ogradu","drvena rukohvat, ograda, ploča ograde"
030045,drvena rukohvat (zakrivljena) 150×60,Material,Wood & Timber,m,21.33,21.33,21.33,21.33,1,EUR,24.52,1.15,5,5,建筑工程,ostali dekorativni radovi,"rukohvat, ograda, dekorativna ploča za ogradu","drvena rukohvat, ograda, ploča ograde"
030044,drvena rukohvat (ravan) 150×60,Material,Wood & Timber,m,15.26,15.26,15.26,15.26,1,EUR,16.78,1.1,5,5,建筑工程,ostali dekorativni radovi,"rukohvat, ograda, dekorativna ploča za ogradu","drvena rukohvat, ograda, ploča ograde"
030094,drvena rukohvat,Material,Wood & Timber,m,4.0,4.0,4.0,4.0,1,EUR,4.61,1.15,5,5,建筑工程,ostali dekorativni radovi,"rukohvat, ograda, dekorativna ploča za ogradu","drvena rukohvat, ograda, ploča ograde"
370140,vrata (s drvenom ravninom),Material,Wood & Timber,m2,66.51,66.51,66.51,66.51,1,EUR,66.51,1.0,5,5,建筑工程,radovi na vratima i prozorima,,
370138,vrata (s drvenom ravninom),Material,Wood & Timber,m2,83.14,83.14,83.14,83.14,1,EUR,83.14,1.0,5,5,建筑工程,radovi na vratima i prozorima,,
370020,podna vrata,Material,General,m2,28.68,28.68,28.68,28.68,1,EUR,28.68,1.0,5,5,建筑工程,radovi na vratima i prozorima,,
370016,ploča vrata,Material,General,m2,48.5,48.5,48.5,48.5,1,EUR,48.5,1.0,5,5,建筑工程,radovi na vratima i prozorima,,
370004,drvena vrata,Material,Wood & Timber,m2,38.11,38.11,38.11,38.11,1,EUR,38.11,1.0,5,5,建筑工程,radovi na vratima i prozorima,,
090310,metalni nosač,Material,Steel & Metal,kg,0.37,0.37,0.37,0.37,1,EUR,0.73,1.979,5,5,建筑工程,radovi na krovovima i hidroizolaciji,vodonepropusnost krova i sitni materijali,krovni žlijeb
090046,vijak,Material,Fasteners,pcs,0.02,0.02,0.02,0.02,1,EUR,0.04,1.684,5,5,建筑工程,radovi na krovovima i hidroizolaciji,vodonepropusnost krova i sitni materijali,krovni žlijeb
130155,kamen,Material,General,kg,0.67,0.67,0.67,0.67,1,EUR,0.19,0.2775,5,5,建筑工程,radovi metalnih konstrukcija,metalno vezivanje konstrukcijsko na licu mjesta i ostali predmeti,
150108,žičana četka,Material,Electrical,komad,0.89,0.89,0.89,0.89,1,EUR,0.03,0.0312,5,5,建筑工程,radovi metalnih konstrukcija,metalno vezivanje konstrukcijsko na licu mjesta i ostali predmeti,
280181,metal 30,Material,Steel & Metal,m,6.26,6.26,6.26,6.26,1,EUR,5.8,0.9264,5,5,建筑工程,Opći radovi instalacije - Vol.4 Instalacija električne opreme,,
280039,metal 20,Material,Steel & Metal,pcs,0.06,0.06,0.06,0.06,1,EUR,0.13,2.2424,5,5,建筑工程,Opći radovi instalacije - Vol.4 Instalacija električne opreme,oblikovanje,dodatno oblikovanje električne energije
280078,metal 20,Material,Steel & Metal,m,0.7,0.7,0.7,0.7,1,EUR,0.77,1.0918,5,5,建筑工程,Opći radovi instalacije - Vol.4 Instalacija električne opreme,oblikovanje,dodatno oblikovanje električne energije
080272,pregrada ploče,Material,General,m2,62.36,62.36,62.36,62.36,1,EUR,118.91,1.907,5,5,建筑工程,"završne obrade zidova i stupova, pregrade i zavjese",parcijalni,parcijalni
030114,pregrada ploče,Material,General,m2,30.49,30.49,30.49,30.49,1,EUR,58.14,1.907,5,5,建筑工程,"završne obrade zidova i stupova, pregrade i zavjese",parcijalni,parcijalni
090204,električna aluminijska,Material,General,m,0.85,0.85,0.85,0.85,1,EUR,6.08,7.1737,5,5,建筑工程,"završne obrade zidova i stupova, pregrade i zavjese",parcijalni,parcijalni
100275,visokopolimerni ljepilo vodonepropusna membrana debljine 1.2mm,Material,Waterproofing,m2,7.48,7.48,7.48,7.48,1,EUR,9.26,1.2372,5,5,建筑工程,radovi na krovovima i hidroizolaciji,"vodonepropusnost podruma i poda, otpornost na vlagu",vodonepropusna membrana za podove
090166,uzemni vijak (16 22)×(150 300),Material,Fasteners,set,0.76,0.76,0.76,0.76,1,EUR,6.48,8.584,5,5,建筑工程,Opći radovi instalacije - Vol.4 Instalacija električne opreme,,instalacija
060078,vezani standardni zidani blok 240×115×53,Material,General,pcs,0.07,0.07,0.07,0.07,1,EUR,10.2,147.224,5,5,建筑工程,Opći radovi instalacije - Vol.4 Instalacija električne opreme,"polaganje električne instalacije, ploča (opeka) i ploča",
380094,čelični okvir zida od profila,Material,Steel & Metal,t,796.77,796.77,796.77,796.77,1,EUR,796.77,1.0,5,5,建筑工程,radovi metalnih konstrukcija,čelična konstrukcija,
380093,vrsta čeličnog zidnog okvira,Material,Steel & Metal,t,886.84,886.84,886.84,886.84,1,EUR,886.84,1.0,5,5,建筑工程,radovi metalnih konstrukcija,čelična konstrukcija,
380092,čelična konstrukcija,Material,Steel & Metal,t,942.27,942.27,942.27,942.27,1,EUR,942.27,1.0,5,5,建筑工程,radovi metalnih konstrukcija,čelična konstrukcija,
380090,ploča,Material,General,t,623.56,623.56,623.56,623.56,1,EUR,623.56,1.0,5,5,建筑工程,radovi metalnih konstrukcija,čelična konstrukcija,
390115,ugrađeni dio čelične grede,Material,Steel & Metal,t,866.05,866.05,866.05,866.05,1,EUR,866.05,1.0,5,5,建筑工程,radovi metalnih konstrukcija,čelična konstrukcija,
270041,kalup 220V1000W,Material,General,pcs,52.66,52.66,52.66,52.66,1,EUR,19.1,0.3628,5,5,建筑工程,Opći radovi instalacije - Vol.4 Instalacija električne opreme,suha električna energija,
800032,AC aparat za zavarivanje 21kVA,Equipment,Welding Equip.,machine-shift,1.55,1.55,1.55,1.55,1,EUR,3.25,2.0937,5,5,建筑工程,"završne obrade zidova i stupova, pregrade i zavjese",parcijalni,staklena pregrada
380036,čelik,Material,Steel & Metal,t,935.34,935.34,935.34,935.34,1,EUR,935.34,1.0,5,5,建筑工程,radovi metalnih konstrukcija,čelična konstrukcija,
380035,čelična ograda od profila,Material,Steel & Metal,t,872.98,872.98,872.98,872.98,1,EUR,872.98,1.0,5,5,建筑工程,radovi metalnih konstrukcija,čelična konstrukcija,
090083,cinkovana matica za zaključavanje 20,Material,Fasteners,pcs,0.07,0.07,0.07,0.07,1,EUR,0.04,0.6426,5,5,建筑工程,Opći radovi instalacije - Vol.4 Instalacija električne opreme,,galvanizirana čelična cijev
090082,cinkovana sigurnosna matica 15,Material,Fasteners,pcs,0.06,0.06,0.06,0.06,1,EUR,0.01,0.2472,5,5,建筑工程,Opći radovi instalacije - Vol.4 Instalacija električne opreme,,galvanizirana čelična cijev
090695,galvanizirani dvostruki vijak 16×(275 300),Material,Fasteners,set,0.41,0.41,0.41,0.41,1,EUR,1.51,3.704,5,5,建筑工程,Opći radovi instalacije - Vol.4 Instalacija električne opreme,vodovodna instalacija,instalacija
300175,vrućepocinčani kutni čelik 63×63×6×1880,Material,Steel & Metal,pcs,7.76,7.76,7.76,7.76,1,EUR,12.45,1.6048,5,5,建筑工程,Opći radovi instalacije - Vol.4 Instalacija električne opreme,,instalacija
300004,galvanizirani M tip 65×6×280,Material,General,pcs,0.96,0.96,0.96,0.96,1,EUR,1.55,1.6068,5,5,建筑工程,Opći radovi instalacije - Vol.4 Instalacija električne opreme,,instalacija
170233,voda,Material,Water,set,90.07,90.07,90.07,90.07,1,EUR,90.07,1.0,5,5,建筑工程,radovi na krovovima i hidroizolaciji,vodonepropusnost krova i sitni materijali,vodonepropusni krov
170091,voda,Material,Water,pcs,7.72,7.72,7.72,7.72,1,EUR,7.8,1.01,5,5,建筑工程,radovi na krovovima i hidroizolaciji,vodonepropusnost krova i sitni materijali,vodonepropusni krov
160120,voda,Material,Water,set,8.16,8.16,8.16,8.16,1,EUR,8.24,1.01,5,5,建筑工程,radovi na krovovima i hidroizolaciji,vodonepropusnost krova i sitni materijali,vodonepropusni krov
170194,odvodna cijev 150,Material,Pipes & Fittings,m,5.21,5.21,5.21,5.21,1,EUR,5.49,1.054,5,5,建筑工程,radovi na krovovima i hidroizolaciji,vodonepropusnost krova i sitni materijali,vodonepropusni krov
170193,TY PVC,Material,General,set,0.24,0.24,0.24,0.24,1,EUR,0.08,0.34,5,5,建筑工程,radovi na krovovima i hidroizolaciji,vodonepropusnost krova i sitni materijali,vodonepropusni krov
070100,ogledalo kalup,Material,General,m,0.14,0.14,0.14,0.14,1,EUR,0.14,1.03,5,5,建筑工程,ostali dekorativni radovi,ukrasni kalup,ukrasni kalup
070075,letvica 30mm izvan,Material,General,m,0.35,0.35,0.35,0.35,1,EUR,0.36,1.03,5,5,建筑工程,ostali dekorativni radovi,ukrasni kalup,ukrasni kalup
070074,letvica 30mm unutra,Material,General,m,0.25,0.25,0.25,0.25,1,EUR,0.26,1.03,5,5,建筑工程,ostali dekorativni radovi,ukrasni kalup,ukrasni kalup
070073,letvica 30mm izvan,Material,General,m,0.67,0.67,0.67,0.67,1,EUR,0.69,1.03,5,5,建筑工程,ostali dekorativni radovi,ukrasni kalup,ukrasni kalup
070072,letvica 30mm unutra,Material,General,m,0.21,0.21,0.21,0.21,1,EUR,0.21,1.03,5,5,建筑工程,ostali dekorativni radovi,ukrasni kalup,ukrasni kalup
280244,zavarivanje čelične cijevi spoj 32,Material,Steel & Metal,pcs,0.3,0.3,0.3,0.3,1,EUR,0.05,0.1648,5,5,建筑工程,Opći radovi instalacije - Vol.4 Instalacija električne opreme,,zavarivanje čelične cijevi
280243,zavarivanje čelične cijevi spoj 25,Material,Steel & Metal,pcs,0.2,0.2,0.2,0.2,1,EUR,0.03,0.1648,5,5,建筑工程,Opći radovi instalacije - Vol.4 Instalacija električne opreme,,zavarivanje čelične cijevi
280242,zavarivanje čelične cijevi spoj 20,Material,Steel & Metal,pcs,0.14,0.14,0.14,0.14,1,EUR,0.02,0.1648,5,5,建筑工程,Opći radovi instalacije - Vol.4 Instalacija električne opreme,,zavarivanje čelične cijevi
280241,zavarivanje čelične cijevi spoj 15,Material,Steel & Metal,pcs,0.07,0.07,0.07,0.07,1,EUR,0.01,0.1648,5,5,建筑工程,Opći radovi instalacije - Vol.4 Instalacija električne opreme,,zavarivanje čelične cijevi
390114,ugrađeni dio čelične stupove,Material,Steel & Metal,t,886.84,886.84,886.84,886.84,1,EUR,886.84,1.0,5,5,建筑工程,radovi metalnih konstrukcija,čelična konstrukcija,
380038,čelik,Material,Steel & Metal,t,935.34,935.34,935.34,935.34,1,EUR,935.34,1.0,5,5,建筑工程,radovi metalnih konstrukcija,čelična konstrukcija,
380037,čelični nosač,Material,Steel & Metal,t,886.84,886.84,886.84,886.84,1,EUR,886.84,1.0,5,5,建筑工程,radovi metalnih konstrukcija,čelična konstrukcija,
010386,čelična konstrukcija,Material,Steel & Metal,t,956.12,956.12,956.12,956.12,1,EUR,956.12,1.0,5,5,建筑工程,radovi metalnih konstrukcija,čelična konstrukcija,
390113,garderoba od čeličnog lima,Material,Steel & Metal,t,886.84,886.84,886.84,886.84,1,EUR,886.84,1.0,5,5,建筑工程,radovi metalnih konstrukcija,čelična konstrukcija,
390112,čelična ograda,Material,Steel & Metal,t,935.34,935.34,935.34,935.34,1,EUR,935.34,1.0,5,5,建筑工程,radovi metalnih konstrukcija,čelična konstrukcija,
390111,čelična cijev čelična ograda,Material,Steel & Metal,t,935.34,935.34,935.34,935.34,1,EUR,935.34,1.0,5,5,建筑工程,radovi metalnih konstrukcija,čelična konstrukcija,
170102,čelično staklo 110,Material,Steel & Metal,pcs,2.01,2.01,2.01,2.01,1,EUR,0.2,0.101,5,5,建筑工程,radovi na krovovima i hidroizolaciji,vodonepropusnost krova i sitni materijali,vodonepropusni krov
170101,staklo čelik 160,Material,Steel & Metal,pcs,2.01,2.01,2.01,2.01,1,EUR,0.22,0.111,5,5,建筑工程,radovi na krovovima i hidroizolaciji,vodonepropusnost krova i sitni materijali,vodonepropusni krov
170100,čelično staklo 110,Material,Steel & Metal,pcs,1.61,1.61,1.61,1.61,1,EUR,0.18,0.111,5,5,建筑工程,radovi na krovovima i hidroizolaciji,vodonepropusnost krova i sitni materijali,vodonepropusni krov
170093,staklo čelik voda 160,Material,Steel & Metal,m,2.67,2.67,2.67,2.67,1,EUR,2.84,1.061,5,5,建筑工程,radovi na krovovima i hidroizolaciji,vodonepropusnost krova i sitni materijali,vodonepropusni krov
170092,staklo čelik voda 110,Material,Steel & Metal,m,2.27,2.27,2.27,2.27,1,EUR,2.4,1.054,5,5,建筑工程,radovi na krovovima i hidroizolaciji,vodonepropusnost krova i sitni materijali,vodonepropusni krov
170089,odvodna cijev 100,Material,Pipes & Fittings,m,4.66,4.66,4.66,4.66,1,EUR,4.87,1.047,5,5,建筑工程,radovi na krovovima i hidroizolaciji,vodonepropusnost krova i sitni materijali,vodonepropusni krov
800477,električna energija,Equipment,General,machine-shift,11.27,11.27,11.27,11.27,1,EUR,0.24,0.0212,5,5,建筑工程,"završne obrade zidova i stupova, pregrade i zavjese",stup (greda) okrenut,dekorativna površina stupa (greda)
130017,polistirenska ploča 25,Material,General,m2,1.52,1.52,1.52,1.52,1,EUR,0.08,0.05,5,5,建筑工程,radovi na krovovima i hidroizolaciji,pokretni spoj,ispuna fuga
110204,polimerni ljepilo,Material,General,kg,0.36,0.36,0.36,0.36,1,EUR,0.3,0.833,5,5,建筑工程,radovi na krovovima i hidroizolaciji,pokretni spoj,ispuna fuga
100259,poliuretan,Material,General,kg,3.46,3.46,3.46,3.46,1,EUR,6.42,1.854,5,5,建筑工程,radovi na krovovima i hidroizolaciji,pokretni spoj,ispuna fuga
800152,betonska miješalica 400L,Equipment,General,machine-shift,5.45,5.45,5.45,5.45,1,EUR,0.13,0.0241,5,5,建筑工程,betonski i armirano-betonski radovi,dodatni beton na gradilištu,
850130,električna energija RC2000SL11,Equipment,General,machine-shift,5.24,5.24,5.24,5.24,1,EUR,8.17,1.56,5,5,建筑工程,Opći radovi instalacije - Vol.4 Instalacija električne opreme,električna energija,"10kV, jednofazni"
150197,kamen,Material,General,pcs,0.42,0.42,0.42,0.42,1,EUR,0.02,0.0514,5,5,建筑工程,Opći radovi instalacije - Vol.4 Instalacija električne opreme,,
280118,T1-T4,Material,General,pcs,0.36,0.36,0.36,0.36,1,EUR,0.37,1.02,5,5,建筑工程,Opći radovi instalacije - Vol.4 Instalacija električne opreme,ugradnja kalupa,
280072,kalup 86H,Material,General,pcs,0.36,0.36,0.36,0.36,1,EUR,0.37,1.02,5,5,建筑工程,Opći radovi instalacije - Vol.4 Instalacija električne opreme,ugradnja kalupa,
090088,galvanizirana maticu za zaključavanje 70,Material,Fasteners,pcs,0.2,0.2,0.2,0.2,1,EUR,0.03,0.1442,5,5,建筑工程,Opći radovi instalacije - Vol.4 Instalacija električne opreme,,galvanizirana čelična cijev
100393,PVC polimembrana debljine 1.5 (stakleni tip),Material,Waterproofing,m2,9.7,9.7,9.7,9.7,1,EUR,10.72,1.105,5,5,建筑工程,radovi na krovovima i hidroizolaciji,vodonepropusnost krova i sitni materijali,vodonepropusna membrana za krov
100255,PVC polimembrana debljine 1.5,Material,Waterproofing,m2,6.93,6.93,6.93,6.93,1,EUR,7.46,1.077,5,5,建筑工程,radovi na krovovima i hidroizolaciji,vodonepropusnost krova i sitni materijali,vodonepropusna membrana za krov
100254,polimodificirani bitumen polimer (samoljepljivi) debljine 3mm,Material,Waterproofing,m2,7.48,7.48,7.48,7.48,1,EUR,9.29,1.2415,5,5,建筑工程,radovi na krovovima i hidroizolaciji,vodonepropusnost krova i sitni materijali,vodonepropusna membrana za krov
170192,PVC 50,Material,General,m,1.17,1.17,1.17,1.17,1,EUR,1.22,1.047,5,5,建筑工程,radovi na krovovima i hidroizolaciji,vodonepropusnost krova i sitni materijali,vodonepropusni krov
170103,staklo čelik 160,Material,Steel & Metal,pcs,2.41,2.41,2.41,2.41,1,EUR,0.24,0.101,5,5,建筑工程,radovi na krovovima i hidroizolaciji,vodonepropusnost krova i sitni materijali,vodonepropusni krov
070032,gipsan 700mm izvan,Material,General,pcs,9.98,9.98,9.98,9.98,1,EUR,10.28,1.03,5,5,建筑工程,ostali dekorativni radovi,ukrasni kalup,gipsani ukrasni profil
070031,gips 700mm unutar,Material,General,pcs,6.98,6.98,6.98,6.98,1,EUR,7.19,1.03,5,5,建筑工程,ostali dekorativni radovi,ukrasni kalup,gipsani ukrasni profil
800015,električna vitla pojedinačna 8t,Equipment,Hoists,machine-shift,17.68,17.68,17.68,17.68,1,EUR,2.12,0.12,5,5,建筑工程,betonski i armirano-betonski radovi,radovi od armiranog čelika,
100258,polimer,Material,General,kg,3.88,3.88,3.88,3.88,1,EUR,9.59,2.472,5,5,建筑工程,radovi na krovovima i hidroizolaciji,pokretni spoj,ispuna fuga
090383,nehrđajuća čelična lajsna 1.3mm,Material,Steel & Metal,m,0.21,0.21,0.21,0.21,1,EUR,0.14,0.6697,5,5,建筑工程,"završne obrade zidova i stupova, pregrade i zavjese",zidna obloga,dekorativna ploča za zidne površine
050006,staklo 20mm,Material,Glass,m2,39.63,39.63,39.63,39.63,1,EUR,40.82,1.03,5,5,建筑工程,"završne obrade zidova i stupova, pregrade i zavjese",zidna obloga,dekorativna ploča za zidne površine
180658,čelik 50,Material,Steel & Metal,pcs,0.67,0.67,0.67,0.67,1,EUR,0.68,1.02,5,5,建筑工程,Opći radovi instalacije - Vol.5 Sustavi zgrade inteligencije,,
800259,visina,Equipment,General,machine-shift,1.27,1.27,1.27,1.27,1,EUR,6.38,5.03,5,5,建筑工程,betonski i armirano-betonski radovi,radovi od armiranog čelika,
800061,200t,Equipment,General,machine-shift,1.28,1.28,1.28,1.28,1,EUR,6.46,5.03,5,5,建筑工程,betonski i armirano-betonski radovi,radovi od armiranog čelika,
010574,čelični kalup bez ljepila,Material,Steel & Metal,kg,0.96,0.96,0.96,0.96,1,EUR,980.03,1025.0,5,5,建筑工程,betonski i armirano-betonski radovi,radovi od armiranog čelika,
010573,čelična žica bez ljepila,Material,Steel & Metal,kg,0.96,0.96,0.96,0.96,1,EUR,987.13,1025.0,5,5,建筑工程,betonski i armirano-betonski radovi,radovi od armiranog čelika,
010572,čelični kalup,Material,Steel & Metal,kg,0.94,0.94,0.94,0.94,1,EUR,962.98,1025.0,5,5,建筑工程,betonski i armirano-betonski radovi,radovi od armiranog čelika,
010571,čelična žica,Material,Steel & Metal,kg,0.94,0.94,0.94,0.94,1,EUR,962.98,1025.0,5,5,建筑工程,betonski i armirano-betonski radovi,radovi od armiranog čelika,
800183,ispravljač šipki,Equipment,General,machine-shift,4.16,4.16,4.16,4.16,1,EUR,1.41,0.338,5,5,建筑工程,betonski i armirano-betonski radovi,radovi od armiranog čelika,
070030,gipsan 600mm izvan,Material,General,pcs,9.98,9.98,9.98,9.98,1,EUR,10.28,1.03,5,5,建筑工程,ostali dekorativni radovi,ukrasni kalup,gipsani ukrasni profil
070029,gips 600mm unutar,Material,General,pcs,5.99,5.99,5.99,5.99,1,EUR,6.17,1.03,5,5,建筑工程,ostali dekorativni radovi,ukrasni kalup,gipsani ukrasni profil
070028,gips,Material,General,pcs,0.96,0.96,0.96,0.96,1,EUR,0.98,1.03,5,5,建筑工程,ostali dekorativni radovi,ukrasni kalup,gipsani ukrasni profil
120153,U -oblikovani profil,Material,General,m,0.14,0.14,0.14,0.14,1,EUR,0.29,2.1,5,5,建筑工程,radovi na krovovima i hidroizolaciji,,profil i ostali elementi krova
100253,modificirani bitumen metal (samoljepljivi) debljine 4mm,Material,Steel & Metal,m2,14.55,14.55,14.55,14.55,1,EUR,18.52,1.273,5,5,建筑工程,radovi na krovovima i hidroizolaciji,vodonepropusnost krova i sitni materijali,vodonepropusna membrana za krov
070052,ukrasna traka s ogledalnim završetkom 30mm izvan,Material,General,m,2.52,2.52,2.52,2.52,1,EUR,2.6,1.03,5,5,建筑工程,ostali dekorativni radovi,ukrasni kalup,metalna dekorativna lajsna
070051,ukrasna traka s ogledalnim završetkom 30mm unutar,Material,General,m,1.76,1.76,1.76,1.76,1,EUR,1.81,1.03,5,5,建筑工程,ostali dekorativni radovi,ukrasni kalup,metalna dekorativna lajsna
070050,"ukrasna traka od nehrđajućeg čelika s ogledalnim završetkom, 30mm izvan",Material,Steel & Metal,m,2.45,2.45,2.45,2.45,1,EUR,2.53,1.03,5,5,建筑工程,ostali dekorativni radovi,ukrasni kalup,metalna dekorativna lajsna
070049,ukrasna traka od nehrđajućeg čelika s ogledalnim završetkom 30mm unutra,Material,Steel & Metal,m,1.45,1.45,1.45,1.45,1,EUR,1.5,1.03,5,5,建筑工程,ostali dekorativni radovi,ukrasni kalup,metalna dekorativna lajsna
030108,drvena ploča,Material,Wood & Timber,m2,41.57,41.57,41.57,41.57,1,EUR,43.65,1.05,5,5,建筑工程,radovi na krovovima i hidroizolaciji,,profil i ostali elementi krova
010245,čelična žičana mreža,Material,Steel & Metal,m2,1.39,1.39,1.39,1.39,1,EUR,1.4,1.01,5,5,建筑工程,radovi na krovovima i hidroizolaciji,,profil i ostali elementi krova
020005,cementni cigla,Material,Concrete & Cement,m2,5.89,5.89,5.89,5.89,1,EUR,6.01,1.02,5,5,建筑工程,radovi na krovovima i hidroizolaciji,,profil i ostali elementi krova
090877,čavao 3×15,Material,Fasteners,set,0.21,0.21,0.21,0.21,1,EUR,0.98,4.7,5,5,建筑工程,radovi na krovovima i hidroizolaciji,,
090239,čelična traka debljine 2mm,Material,Steel & Metal,m,1.2,1.2,1.2,1.2,1,EUR,2.95,2.452,5,5,建筑工程,radovi na krovovima i hidroizolaciji,,
040129,ploča,Material,General,pcs,11.78,11.78,11.78,11.78,1,EUR,1.58,0.134,5,5,建筑工程,radovi na krovovima i hidroizolaciji,,
040128,ploča,Material,General,m2,11.78,11.78,11.78,11.78,1,EUR,12.13,1.03,5,5,建筑工程,radovi na krovovima i hidroizolaciji,,
040127,kamen metal,Material,Steel & Metal,pcs,4.16,4.16,4.16,4.16,1,EUR,1.21,0.29,5,5,建筑工程,radovi na krovovima i hidroizolaciji,,
100123,kamen,Material,General,kg,0.43,0.43,0.43,0.43,1,EUR,0.16,0.366,5,5,建筑工程,radovi toplinske i akustične izolacije i antikorozivne zaštite,sloj zaštitnog sloja protiv korozije,blok s antikoroznim završnim slojem
810110,kameni beton,Material,Concrete & Cement,m3,110.33,110.33,110.33,110.33,1,EUR,3.62,0.0329,5,5,建筑工程,radovi toplinske i akustične izolacije i antikorozivne zaštite,sloj zaštitnog sloja protiv korozije,antikorozivni sloj završnog betona
810099,beton,Material,Concrete & Cement,m3,42.22,42.22,42.22,42.22,1,EUR,1.4,0.033,5,5,建筑工程,radovi toplinske i akustične izolacije i antikorozivne zaštite,sloj zaštitnog sloja protiv korozije,antikorozivni sloj završnog betona
810098,otporni na alkalije beton,Material,Concrete & Cement,m3,60.97,60.97,60.97,60.97,1,EUR,3.69,0.0606,5,5,建筑工程,radovi toplinske i akustične izolacije i antikorozivne zaštite,sloj zaštitnog sloja protiv korozije,antikorozivni sloj završnog betona
100439,ljepilo za kamen 0.8 6,Material,General,kg,2.24,2.24,2.24,2.24,1,EUR,0.56,0.25,5,5,建筑工程,Opći radovi instalacije - Vol.6 Instrumentacija za automatizaciju i kontrolu,,
090161,ekspanzijski vijak 12,Material,Fasteners,set,0.37,0.37,0.37,0.37,1,EUR,2.14,5.736,5,5,建筑工程,Opći radovi instalacije - Vol.5 Sustavi zgrade inteligencije,instalacija,"instalacija, pojedinačna"
800003,kamion dizalica 10t,Equipment,Cranes,machine-shift,80.09,80.09,80.09,80.09,1,EUR,120.14,1.5,5,5,建筑工程,Opći radovi instalacije - Vol.5 Sustavi zgrade inteligencije,instalacija,
800418,električna energija,Equipment,General,machine-shift,22.45,22.45,22.45,22.45,1,EUR,4.49,0.2,5,5,建筑工程,Opći radovi instalacije - Vol.5 Sustavi zgrade inteligencije,instalacija,
390135,tip poda sloja,Material,General,m3,263.28,263.28,263.28,263.28,1,EUR,263.28,1.0,5,5,建筑工程,betonski i armirano-betonski radovi,prednapređeni betonski panel,
390130,jedna ploča,Material,General,m3,192.61,192.61,192.61,192.61,1,EUR,192.61,1.0,5,5,建筑工程,betonski i armirano-betonski radovi,prednapređeni betonski panel,
390129,dvoslojni T tip ploča,Material,General,m3,192.61,192.61,192.61,192.61,1,EUR,192.61,1.0,5,5,建筑工程,betonski i armirano-betonski radovi,prednapređeni betonski panel,
390128,F -oblika ploča,Material,General,m3,192.61,192.61,192.61,192.61,1,EUR,192.61,1.0,5,5,建筑工程,betonski i armirano-betonski radovi,prednapređeni betonski panel,
390144,okvir prozora,Material,Glass,m3,554.27,554.27,554.27,554.27,1,EUR,554.27,1.0,5,5,建筑工程,betonski i armirano-betonski radovi,prefabricirani betonski okvir,
390143,okvir vrata,Material,General,m3,554.27,554.27,554.27,554.27,1,EUR,554.27,1.0,5,5,建筑工程,betonski i armirano-betonski radovi,prefabricirani betonski okvir,
850224,1070,Equipment,General,machine-shift,4.13,4.13,4.13,4.13,1,EUR,4.11,0.9942,5,5,建筑工程,Opći radovi instalacije - Vol.6 Instrumentacija za automatizaciju i kontrolu,,
080191,ukrasna drvena ploča,Material,Wood & Timber,m2,11.09,11.09,11.09,11.09,1,EUR,11.99,1.0815,5,5,建筑工程,"završne obrade zidova i stupova, pregrade i zavjese",zidna obloga,dekorativna ploča za zidne površine
130050,kamen,Material,General,kg,0.21,0.21,0.21,0.21,1,EUR,0.91,4.3425,5,5,建筑工程,radovi toplinske i akustične izolacije i antikorozivne zaštite,sloj zaštitnog sloja protiv korozije,blok s antikoroznim završnim slojem
120021,vodena ploča,Material,Water,m2,8.66,8.66,8.66,8.66,1,EUR,9.09,1.05,5,5,建筑工程,radovi toplinske i akustične izolacije i antikorozivne zaštite,sloj zaštitnog sloja protiv korozije,blok s antikoroznim završnim slojem
040126,kamen metal,Material,Steel & Metal,m2,19.12,19.12,19.12,19.12,1,EUR,19.7,1.03,5,5,建筑工程,radovi na krovovima i hidroizolaciji,,
040022,staklo-čelik,Material,Steel & Metal,m2,8.38,8.38,8.38,8.38,1,EUR,8.47,1.01,5,5,建筑工程,radovi na krovovima i hidroizolaciji,,
040014,cement,Material,Concrete & Cement,pcs,0.42,0.42,0.42,0.42,1,EUR,0.12,0.29,5,5,建筑工程,radovi na krovovima i hidroizolaciji,,
390008,Greda u obliku slova T,Material,General,m3,275.92,275.92,275.92,275.92,1,EUR,275.92,1.0,5,5,建筑工程,betonski i armirano-betonski radovi,predgotovi betonski gred,
390127,s pločnikom,Material,General,m3,192.61,192.61,192.61,192.61,1,EUR,192.61,1.0,5,5,建筑工程,betonski i armirano-betonski radovi,prednapređeni betonski panel,
080753,galvanizirani čelični cijevni nosač 50×50×1.5,Material,Steel & Metal,m,2.77,2.77,2.77,2.77,1,EUR,16.66,6.0102,5,5,建筑工程,"završne obrade zidova i stupova, pregrade i zavjese",zidna obloga,dekorativna ploča za zidne površine
080140,alu konstrukcija 25×50×3,Material,General,m,0.59,0.59,0.59,0.59,1,EUR,2.46,4.157,5,5,建筑工程,"završne obrade zidova i stupova, pregrade i zavjese",zidna obloga,dekorativna ploča za zidne površine
080139,alu konstrukcija 40×40×3,Material,General,m,0.74,0.74,0.74,0.74,1,EUR,4.16,5.6242,5,5,建筑工程,"završne obrade zidova i stupova, pregrade i zavjese",zidna obloga,dekorativna ploča za zidne površine
080009,kutni čelični nosač 30×30×3,Material,Steel & Metal,kg,0.64,0.64,0.64,0.64,1,EUR,7.8,12.2294,5,5,建筑工程,"završne obrade zidova i stupova, pregrade i zavjese",zidna obloga,dekorativna ploča za zidne površine
080002,lakometalni čelični nosač 25×25,Material,Steel & Metal,m,0.63,0.63,0.63,0.63,1,EUR,2.8,4.452,5,5,建筑工程,"završne obrade zidova i stupova, pregrade i zavjese",zidna obloga,dekorativna ploča za zidne površine
080001,lakirani čelični nosač 50×20,Material,Steel & Metal,m,0.78,0.78,0.78,0.78,1,EUR,4.64,5.9177,5,5,建筑工程,"završne obrade zidova i stupova, pregrade i zavjese",zidna obloga,dekorativna ploča za zidne površine
370243,staklo,Material,Glass,m2,0.69,0.69,0.69,0.69,1,EUR,0.76,1.1,5,5,建筑工程,radovi na vratima i prozorima,,
040010,staklo-čelik,Material,Steel & Metal,pcs,3.7,3.7,3.7,3.7,1,EUR,0.54,0.1466,5,5,建筑工程,radovi na krovovima i hidroizolaciji,,
040009,ukrasno,Material,General,m2,6.68,6.68,6.68,6.68,1,EUR,6.88,1.03,5,5,建筑工程,radovi na krovovima i hidroizolaciji,,
110286,emulzijska boja,Material,Paint & Coatings,kg,4.18,4.18,4.18,4.18,1,EUR,1.08,0.2575,5,5,建筑工程,"radovi slikanja, premazivanja i lijepljenja papira",premazivanje sprejem i četkom,sloj završne obrade stropa
010019,ravni čelik 60 i više,Material,Steel & Metal,kg,0.53,0.53,0.53,0.53,1,EUR,5.15,9.6952,5,5,建筑工程,Opći radovi instalacije - Vol.7 Ventilacija i klimatizacija,i instalacija,instalacija
390142,okvir,Material,General,m3,554.27,554.27,554.27,554.27,1,EUR,554.27,1.0,5,5,建筑工程,betonski i armirano-betonski radovi,prefabricirani betonski okvir,
390141,okvir,Material,General,m3,554.27,554.27,554.27,554.27,1,EUR,554.27,1.0,5,5,建筑工程,betonski i armirano-betonski radovi,prefabricirani betonski okvir,
390140,kalup - oblikovani okvir,Material,General,m3,623.56,623.56,623.56,623.56,1,EUR,623.56,1.0,5,5,建筑工程,betonski i armirano-betonski radovi,prefabricirani betonski okvir,
010252,čelična žica,Material,Steel & Metal,kg,1.43,1.43,1.43,1.43,1,EUR,0.21,0.15,5,5,建筑工程,betonski i armirano-betonski radovi,prefabricirani betonski okvir,
810203,malta 1: 0.3: 1.5,Material,Concrete & Cement,m3,80.37,80.37,80.37,80.37,1,EUR,0.05,0.0006,5,5,建筑工程,betonski i armirano-betonski radovi,predgotovi betonski gred,
390136,specijalno oblikovani greda,Material,General,m3,290.99,290.99,290.99,290.99,1,EUR,290.99,1.0,5,5,建筑工程,betonski i armirano-betonski radovi,predgotovi betonski gred,
390132,pravokutni greda,Material,General,m3,263.28,263.28,263.28,263.28,1,EUR,263.28,1.0,5,5,建筑工程,betonski i armirano-betonski radovi,predgotovi betonski gred,
390124,greda,Material,General,m3,339.49,339.49,339.49,339.49,1,EUR,339.49,1.0,5,5,建筑工程,betonski i armirano-betonski radovi,predgotovi betonski gred,
390123,strukturni greda s posebnim oblikom,Material,General,m3,249.42,249.42,249.42,249.42,1,EUR,249.42,1.0,5,5,建筑工程,betonski i armirano-betonski radovi,predgotovi betonski gred,
110111,sloj poliuretanske prevlake,Material,General,kg,1.43,1.43,1.43,1.43,1,EUR,0.5,0.3538,5,5,建筑工程,radovi toplinske i akustične izolacije i antikorozivne zaštite,antikorozivni,protivkorozivni premaz
100142,vodootporni bitumenski ljepilo,Material,Waterproofing,kg,0.86,0.86,0.86,0.86,1,EUR,0.77,0.9,5,5,建筑工程,radovi toplinske i akustične izolacije i antikorozivne zaštite,antikorozivni,razdjelni sloj
060047,GRC kamen 0.2m2 unutar,Material,General,m2,5.54,5.54,5.54,5.54,1,EUR,5.7,1.0275,5,5,建筑工程,"završne obrade zidova i stupova, pregrade i zavjese",oblaganje površine stuba (grede) pločicama,blok oblaganja površine stupa
400063,beton C30,Material,Concrete & Cement,m3,66.51,66.51,66.51,66.51,1,EUR,65.78,0.989,5,5,建筑工程,betonski i armirano-betonski radovi,stup s armiranobetonskim stupom,
180861,aluminijska legura,Material,General,m,2.77,2.77,2.77,2.77,1,EUR,0.22,0.08,5,5,建筑工程,Opći radovi instalacije - Vol.7 Ventilacija i klimatizacija,,
230008,aluminijski ljepilo s 64,Material,General,m,0.47,0.47,0.47,0.47,1,EUR,0.34,0.72,5,5,建筑工程,Opći radovi instalacije - Vol.7 Ventilacija i klimatizacija,,
110752,ljepilo za vodu,Material,Water,kg,0.42,0.42,0.42,0.42,1,EUR,0.17,0.406,5,5,建筑工程,Opći radovi instalacije - Vol.7 Ventilacija i klimatizacija,,
060012,mramorna ploča 0.25m2 izvan,Material,General,m2,27.71,27.71,27.71,27.71,1,EUR,28.27,1.02,5,5,建筑工程,radovi završne obrade poda,keramičke pločice,
090619,cinkano s vijcima 8×(65 80),Material,Fasteners,set,0.07,0.07,0.07,0.07,1,EUR,0.53,8.0336,5,5,建筑工程,Opći radovi instalacije - Vol.7 Ventilacija i klimatizacija,,"ugradnja pocinčanih čeličnih ploča (1.0mm unutra, )"
110494,poliuretanski temeljni premaz,Material,Paint & Coatings,kg,3.46,3.46,3.46,3.46,1,EUR,0.68,0.195,5,5,建筑工程,"radovi slikanja, premazivanja i lijepljenja papira",boja za metalne površine,"metalna površina, čelična strukturalna boja"
110789,silikonski temeljni premaz,Material,Paint & Coatings,kg,3.88,3.88,3.88,3.88,1,EUR,1.16,0.3,5,5,建筑工程,"radovi slikanja, premazivanja i lijepljenja papira",boja za metalne površine,"metalna površina, čelična strukturalna boja"
110033,boja,Material,Paint & Coatings,kg,6.24,6.24,6.24,6.24,1,EUR,0.12,0.0197,5,5,建筑工程,"radovi slikanja, premazivanja i lijepljenja papira",boja za drvene površine,boja za drvenu podlogu
110006,s završnim slojem laka,Material,Paint & Coatings,kg,2.62,2.62,2.62,2.62,1,EUR,0.12,0.0441,5,5,建筑工程,"radovi slikanja, premazivanja i lijepljenja papira",boja za drvene površine,boja za drvenu podlogu
810182,cementni kamen (oprani kamen završni sloj),Material,Concrete & Cement,m3,40.18,40.18,40.18,40.18,1,EUR,0.53,0.0133,5,5,建筑工程,"završne obrade zidova i stupova, pregrade i zavjese",,ukrasni zidni žbuka
180656,čelik 32,Material,Steel & Metal,pcs,0.27,0.27,0.27,0.27,1,EUR,0.27,1.01,5,5,建筑工程,"Opći radovi instalacije - Vol.10 Opskrba vodom, odvodnja, grijanje, plin",instalacija,
180027,galvanizirani 32,Material,General,pcs,0.37,0.37,0.37,0.37,1,EUR,0.74,2.01,5,5,建筑工程,"Opći radovi instalacije - Vol.10 Opskrba vodom, odvodnja, grijanje, plin",instalacija,
180021,galvanizirani spoj 32,Material,General,pcs,1.03,1.03,1.03,1.03,1,EUR,2.07,2.02,5,5,建筑工程,"Opći radovi instalacije - Vol.10 Opskrba vodom, odvodnja, grijanje, plin",instalacija,
180010,galvanizirani 32,Material,General,pcs,0.36,0.36,0.36,0.36,1,EUR,0.36,1.01,5,5,建筑工程,"Opći radovi instalacije - Vol.10 Opskrba vodom, odvodnja, grijanje, plin",instalacija,
180031,galvanizirano 15,Material,General,pcs,0.18,0.18,0.18,0.18,1,EUR,0.22,1.212,5,5,建筑工程,"Opći radovi instalacije - Vol.10 Opskrba vodom, odvodnja, grijanje, plin",vodovodna instalacija,
180252,20,Material,General,pcs,0.12,0.12,0.12,0.12,1,EUR,0.21,1.77,5,5,建筑工程,radovi na zabijanju,bore pile,
110301,temeljni premaz za hidroizolaciju,Material,Paint & Coatings,kg,1.66,1.66,1.66,1.66,1,EUR,0.32,0.193,5,5,建筑工程,"završne obrade zidova i stupova, pregrade i zavjese",,
060015,mramorni lajsna (v 150mm),Material,Wood & Timber,m,5.71,5.71,5.71,5.71,1,EUR,6.31,1.105,5,5,建筑工程,radovi završne obrade poda,lajsna,
850231,"V5 ISDN, 7",Equipment,General,machine-shift,65.8,65.8,65.8,65.8,1,EUR,70.19,1.0667,5,5,建筑工程,Opći radovi instalacije - Vol.11 Oprema i linije za komunikaciju,,
350150,RV-105 poli električno oblikovanje 0.5,Material,General,m,0.12,0.12,0.12,0.12,1,EUR,0.57,4.7867,5,5,建筑工程,Opći radovi instalacije - Vol.11 Oprema i linije za komunikaciju,oblikovanje,
180129,ravno (1.0MPa) 200,Material,General,pcs,11.22,11.22,11.22,11.22,1,EUR,13.47,1.2,5,5,建筑工程,"Opći radovi instalacije - Vol.10 Opskrba vodom, odvodnja, grijanje, plin",,instalacija
180128,ravno (1.0MPa) 150,Material,General,pcs,7.32,7.32,7.32,7.32,1,EUR,8.78,1.2,5,5,建筑工程,"Opći radovi instalacije - Vol.10 Opskrba vodom, odvodnja, grijanje, plin",,instalacija
180126,ravno (1.0MPa) 100,Material,General,pcs,4.64,4.64,4.64,4.64,1,EUR,5.57,1.2,5,5,建筑工程,"Opći radovi instalacije - Vol.10 Opskrba vodom, odvodnja, grijanje, plin",,instalacija
180125,ravno (1.0MPa) 80,Material,General,pcs,3.76,3.76,3.76,3.76,1,EUR,4.51,1.2,5,5,建筑工程,"Opći radovi instalacije - Vol.10 Opskrba vodom, odvodnja, grijanje, plin",,instalacija
110302,premaz,Material,General,kg,1.04,1.04,1.04,1.04,1,EUR,1.61,1.545,5,5,建筑工程,"radovi slikanja, premazivanja i lijepljenja papira",premazivanje sprejem i četkom,sloj završne obrade stropa
110776,temeljni premaz za brtvljenje otpornog na vlagu,Material,Paint & Coatings,kg,2.63,2.63,2.63,2.63,1,EUR,0.66,0.25,5,5,建筑工程,"radovi slikanja, premazivanja i lijepljenja papira",boja na žbukanom površini,boja na žbukanom površini
110767,premaz H87,Material,General,kg,3.6,3.6,3.6,3.6,1,EUR,0.79,0.2192,5,5,建筑工程,"Opći radovi instalacije - Vol.12 Slikarstvo, antikorozivna zaštita, toplinska iz",,
830048,lock,Material,General,kg,0.71,0.71,0.71,0.71,1,EUR,55.03,77.874,5,5,建筑工程,tretman tla i potpora padinama,temeljna jama,temeljni zid
010689,Pb2ϕ5 13,Material,General,kg,3.98,3.98,3.98,3.98,1,EUR,95.45,24.0,5,5,建筑工程,Opći radovi instalacije - Vol.11 Oprema i linije za komunikaciju,,
460057,kamen,Material,General,kg,0.66,0.66,0.66,0.66,1,EUR,0.66,1.0,5,5,建筑工程,Opći radovi instalacije - Vol.11 Oprema i linije za komunikaciju,,
040225,kamen,Material,General,kg,0.02,0.02,0.02,0.02,1,EUR,5.51,306.0,5,5,建筑工程,zemljani radovi i radovi s kamenom,zaobljavanje,nasipavanje temelja
800531,električna energija,Equipment,General,machine-shift,30.65,30.65,30.65,30.65,1,EUR,0.13,0.0041,5,5,建筑工程,zemljani radovi i radovi s kamenom,,
800292,valjak za ceste (kompozitni),Equipment,General,machine-shift,65.16,65.16,65.16,65.16,1,EUR,0.03,0.0004,5,5,建筑工程,zemljani radovi i radovi s kamenom,,
800626,30kW,Equipment,General,machine-shift,2.12,2.12,2.12,2.12,1,EUR,0.11,0.0498,4,4,建筑工程,"Opći radovi instalacije - Vol.12 Slikarstvo, antikorozivna zaštita, toplinska iz",prskanje,prskanje kamena
110100,bitumenski temeljni premaz,Material,Paint & Coatings,kg,4.18,4.18,4.18,4.18,1,EUR,0.56,0.134,4,4,建筑工程,"Opći radovi instalacije - Vol.12 Slikarstvo, antikorozivna zaštita, toplinska iz",pravokutno četkanje,
390086,betonska predgotovljena pilota,Material,Concrete & Cement,pcs,8.31,8.31,8.31,8.31,1,EUR,5.28,0.6347,4,4,建筑工程,tretman tla i potpora padinama,,
830049,pilota,Material,General,kg,0.55,0.55,0.55,0.55,1,EUR,2.96,5.4067,4,4,建筑工程,tretman tla i potpora padinama,,
800257,pilota 40t,Equipment,General,machine-shift,96.11,96.11,96.11,96.11,1,EUR,10.35,0.1077,4,4,建筑工程,tretman tla i potpora padinama,,
010043,galvanizirani čelični lim 0.5,Material,Steel & Metal,m2,3.35,3.35,3.35,3.35,1,EUR,4.41,1.315,4,4,建筑工程,"Opći radovi instalacije - Vol.12 Slikarstvo, antikorozivna zaštita, toplinska iz",izrada i ugradnja,
800042,1.5,Equipment,General,machine-shift,2.04,2.04,2.04,2.04,1,EUR,0.02,0.0088,4,4,建筑工程,"Opći radovi instalacije - Vol.12 Slikarstvo, antikorozivna zaštita, toplinska iz",izrada i ugradnja,
810119,1: 2.5 teraco kamen,Material,General,m3,154.54,154.54,154.54,154.54,1,EUR,2.46,0.0159,4,4,建筑工程,radovi završne obrade poda,,
110464,vrsta bez složenog premaza,Equipment,General,kg,4.93,4.93,4.93,4.93,1,EUR,2.24,0.4536,4,4,建筑工程,"radovi slikanja, premazivanja i lijepljenja papira",premazivanje sprejem i četkom,sloj premaza za završnu obradu zidova
090253,traka 4×6mm,Material,General,m,1.5,1.5,1.5,1.5,1,EUR,1.59,1.06,4,4,建筑工程,radovi završne obrade poda,završni sloj stepeništa,
090187,vijak YG1-M10,Material,Fasteners,pcs,0.25,0.25,0.25,0.25,1,EUR,0.3,1.2,4,4,建筑工程,radovi završne obrade poda,završni sloj stepeništa,
090337,nehrđajući čelik,Material,Steel & Metal,m,2.16,2.16,2.16,2.16,1,EUR,2.27,1.05,4,4,建筑工程,radovi završne obrade poda,završni sloj stepeništa,
090339,ploča od nehrđajućeg čelika,Material,Steel & Metal,m,1.8,1.8,1.8,1.8,1,EUR,1.89,1.05,4,4,建筑工程,radovi završne obrade poda,završni sloj stepeništa,
800145,brušenje ravne površine,Equipment,General,machine-shift,0.92,0.92,0.92,0.92,1,EUR,0.1,0.108,4,4,建筑工程,radovi završne obrade poda,,
060087,gotov proizvod poseban oblik kamene ploče 5mm,Material,General,m2,38.8,38.8,38.8,38.8,1,EUR,41.75,1.076,4,4,建筑工程,"završne obrade zidova i stupova, pregrade i zavjese",oblaganje površine stuba (grede) pločicama,površina kamene ploče stupca
060088,vrsta gotovog proizvoda kamena ploča 8 12mm,Material,General,m2,22.17,22.17,22.17,22.17,1,EUR,22.73,1.025,4,4,建筑工程,"završne obrade zidova i stupova, pregrade i zavjese",oblaganje površine stuba (grede) pločicama,površina kamene ploče stupca
060100,gotovi proizvod kamen posebnog oblika 8 12mm,Material,General,m2,44.34,44.34,44.34,44.34,1,EUR,47.71,1.076,4,4,建筑工程,"završne obrade zidova i stupova, pregrade i zavjese",oblaganje površine stuba (grede) pločicama,površina kamene ploče stupca
110083,polimer,Material,General,kg,6.12,6.12,6.12,6.12,1,EUR,2.23,0.3645,4,4,建筑工程,radovi toplinske i akustične izolacije i antikorozivne zaštite,antikorozivni,razdjelni sloj
110794,sloj premaza,Material,General,kg,4.43,4.43,4.43,4.43,1,EUR,1.95,0.4398,4,4,建筑工程,radovi toplinske i akustične izolacije i antikorozivne zaštite,antikorozivni,protivkorozivni premaz
090092,s vijcima 6×(16 25),Material,Fasteners,set,0.01,0.01,0.01,0.01,1,EUR,0.1,7.9303,4,4,建筑工程,Opći radovi instalacije - Vol.7 Ventilacija i klimatizacija,,"ugradnja čelične ploče (3mm debljine, zavarivanje)"
090618,cinkovana -oblikovana matica 8,Material,Fasteners,pcs,0.11,0.11,0.11,0.11,1,EUR,0.11,1.06,4,4,建筑工程,Opći radovi instalacije - Vol.7 Ventilacija i klimatizacija,,
090468,cinkovani čavao,Material,Fasteners,pcs,0.03,0.03,0.03,0.03,1,EUR,0.24,8.74,4,4,建筑工程,"radovi slikanja, premazivanja i lijepljenja papira",oblikovanje,
110463,debljina tip bez zidnog premaza,Equipment,General,kg,5.32,5.32,5.32,5.32,1,EUR,3.35,0.63,4,4,建筑工程,"radovi slikanja, premazivanja i lijepljenja papira",premazivanje sprejem i četkom,sloj premaza za završnu obradu zidova
090311,prozor pojedinačni,Material,Glass,m,0.87,0.87,0.87,0.87,1,EUR,0.91,1.05,4,4,建筑工程,radovi na vratima i prozorima,"prozor, prozor",
090312,dvostruko prozorsko okno,Material,Glass,m,1.73,1.73,1.73,1.73,1,EUR,1.82,1.05,4,4,建筑工程,radovi na vratima i prozorima,"prozor, prozor",
090315,prozor pojedinačni,Material,Glass,m,3.23,3.23,3.23,3.23,1,EUR,3.23,1.0,4,4,建筑工程,radovi na vratima i prozorima,"prozor, prozor",
090316,dvostruko prozorsko okno,Material,Glass,m,6.17,6.17,6.17,6.17,1,EUR,6.17,1.0,4,4,建筑工程,radovi na vratima i prozorima,"prozor, prozor",
110753,tip bez premaza,Equipment,General,kg,2.08,2.08,2.08,2.08,1,EUR,1.05,0.504,4,4,建筑工程,"radovi slikanja, premazivanja i lijepljenja papira",premazivanje sprejem i četkom,sloj premaza za završnu obradu zidova
110754,vrsta debljine bez složenog premaza,Equipment,General,kg,4.3,4.3,4.3,4.3,1,EUR,2.38,0.5544,4,4,建筑工程,"radovi slikanja, premazivanja i lijepljenja papira",premazivanje sprejem i četkom,sloj premaza za završnu obradu zidova
020103,žbukanje SN blok,Material,General,m3,66.51,66.51,66.51,66.51,1,EUR,52.68,0.792,4,4,建筑工程,zidarski radovi,zidarska opeka,
020104,žbukanje SN blok posebnog oblika,Material,General,m3,67.21,67.21,67.21,67.21,1,EUR,12.5,0.186,4,4,建筑工程,zidarski radovi,zidarska opeka,
400010,C35 gotovi beton,Material,Concrete & Cement,m3,58.89,58.89,58.89,58.89,1,EUR,59.78,1.015,4,4,建筑工程,betonski i armirano-betonski radovi,ugradbeni beton na licu mjesta s,
400066,mreža,Material,General,m2,0.69,0.69,0.69,0.69,1,EUR,2.55,3.675,4,4,建筑工程,betonski i armirano-betonski radovi,ugradbeni beton na licu mjesta s,
800222,utovarivač 5t,Equipment,General,machine-shift,41.04,41.04,41.04,41.04,1,EUR,8.21,0.2,4,4,建筑工程,Opći radovi instalacije - Vol.7 Ventilacija i klimatizacija,,vodovodna instalacija
110603,bez slojevitog premaza,Equipment,General,kg,4.93,4.93,4.93,4.93,1,EUR,1.55,0.315,4,4,建筑工程,"radovi slikanja, premazivanja i lijepljenja papira",premazivanje sprejem i četkom,sloj završne obrade stropa
110602,bez premaza,Equipment,General,kg,2.29,2.29,2.29,2.29,1,EUR,0.7,0.3075,4,4,建筑工程,"radovi slikanja, premazivanja i lijepljenja papira",premazivanje sprejem i četkom,sloj završne obrade stropa
091058,cinkano s vijcima 8×75,Material,Fasteners,set,0.18,0.18,0.18,0.18,1,EUR,6.55,36.92,4,4,建筑工程,Opći radovi instalacije - Vol.7 Ventilacija i klimatizacija,,instalacija
810096,polimerni mort,Material,Concrete & Cement,m3,2278.35,2278.35,2278.35,2278.35,1,EUR,7.18,0.0032,4,4,建筑工程,radovi toplinske i akustične izolacije i antikorozivne zaštite,sloj zaštitnog sloja protiv korozije,antikorozivni sloj žbuke
810169,poliakrilatni cementni mort,Material,Concrete & Cement,m3,221.71,221.71,221.71,221.71,1,EUR,2.99,0.0135,4,4,建筑工程,radovi toplinske i akustične izolacije i antikorozivne zaštite,sloj zaštitnog sloja protiv korozije,antikorozivni sloj žbuke
810170,ljepilo cementni mort,Material,Concrete & Cement,m3,223.1,223.1,223.1,223.1,1,EUR,3.01,0.0135,4,4,建筑工程,radovi toplinske i akustične izolacije i antikorozivne zaštite,sloj zaštitnog sloja protiv korozije,antikorozivni sloj žbuke
810145,ljepilo,Material,General,m3,3700.64,3700.64,3700.64,3700.64,1,EUR,4.9,0.0013,4,4,建筑工程,radovi toplinske i akustične izolacije i antikorozivne zaštite,sloj zaštitnog sloja protiv korozije,antikorozivni sloj ljepila
350267,ljepilo za lajsne,Material,General,m,0.21,0.21,0.21,0.21,1,EUR,0.13,0.621,4,4,建筑工程,Opći radovi instalacije - Vol.6 Instrumentacija za automatizaciju i kontrolu,lock,
390006,jedinstvena krovna greda,Material,General,m3,333.81,333.81,333.81,333.81,1,EUR,333.81,1.0,4,4,建筑工程,betonski i armirano-betonski radovi,predgotovi betonski gred,
390007,dvostruka krovna greda,Material,General,m3,310.95,310.95,310.95,310.95,1,EUR,310.95,1.0,4,4,建筑工程,betonski i armirano-betonski radovi,predgotovi betonski gred,
390009,lintel,Material,General,m3,174.33,174.33,174.33,174.33,1,EUR,174.33,1.0,4,4,建筑工程,betonski i armirano-betonski radovi,predgotovi betonski gred,
390133,-oblik greda,Material,General,m3,484.99,484.99,484.99,484.99,1,EUR,484.99,1.0,4,4,建筑工程,betonski i armirano-betonski radovi,predgotovi betonski gred,
091522,okrugli pocinčani vijak M(2 5)×(10 50),Material,Fasteners,pcs,0.21,0.21,0.21,0.21,1,EUR,0.42,2.04,4,4,建筑工程,Opći radovi instalacije - Vol.6 Instrumentacija za automatizaciju i kontrolu,,
090576,galvanizirano 5,Material,General,pcs,0.0,0.0,0.0,0.0,0,EUR,0.0,2.04,4,4,建筑工程,Opći radovi instalacije - Vol.6 Instrumentacija za automatizaciju i kontrolu,,
030115,drvena traka za ploču,Material,Wood & Timber,m2,11.09,11.09,11.09,11.09,1,EUR,12.19,1.1,4,4,建筑工程,"završne obrade zidova i stupova, pregrade i zavjese",zidna obloga,dekorativna ploča za zidne površine
130098,kompozitna ploča od kamene vune,Material,Aggregates,m3,120.55,120.55,120.55,120.55,1,EUR,3.98,0.033,4,4,建筑工程,radovi toplinske i akustične izolacije i antikorozivne zaštite,,zidna površina
400065,cementna ploča,Material,Concrete & Cement,m3,62.36,62.36,62.36,62.36,1,EUR,2.06,0.033,4,4,建筑工程,radovi toplinske i akustične izolacije i antikorozivne zaštite,,zidna površina
130099,kompozitna ploča od staklene vune,Material,Glass,m3,74.83,74.83,74.83,74.83,1,EUR,2.47,0.033,4,4,建筑工程,radovi toplinske i akustične izolacije i antikorozivne zaštite,,zidna površina
090248,mreža,Material,General,m2,0.86,0.86,0.86,0.86,1,EUR,0.9,1.046,4,4,建筑工程,betonski i armirano-betonski radovi,konstrukcijska,
090163,ekspanzijski vijak 16,Material,Fasteners,set,0.64,0.64,0.64,0.64,1,EUR,2.04,3.16,4,4,建筑工程,Opći radovi instalacije - Vol.5 Sustavi zgrade inteligencije,instalacija,"instalacija, pojedinačna"
810097,dvostruka A poli morta,Material,Concrete & Cement,m3,2410.0,2410.0,2410.0,2410.0,1,EUR,7.59,0.0032,4,4,建筑工程,radovi toplinske i akustične izolacije i antikorozivne zaštite,sloj zaštitnog sloja protiv korozije,antikorozivni sloj žbuke
810171,morter,Material,Concrete & Cement,m3,235.57,235.57,235.57,235.57,1,EUR,0.74,0.0032,4,4,建筑工程,radovi toplinske i akustične izolacije i antikorozivne zaštite,sloj zaštitnog sloja protiv korozije,antikorozivni sloj žbuke
400404,SF vodena žbuka,Material,Concrete & Cement,m3,103.93,103.93,103.93,103.93,1,EUR,1.59,0.0153,4,4,建筑工程,radovi toplinske i akustične izolacije i antikorozivne zaštite,,
080006,lagani čelični nosač 75×50,Material,Steel & Metal,kg,1.41,1.41,1.41,1.41,1,EUR,3.37,2.3815,4,4,建筑工程,"završne obrade zidova i stupova, pregrade i zavjese",stup (greda) okrenut,dekorativna površina stupa (greda)
850252,HP8563E,Equipment,General,machine-shift,25.9,25.9,25.9,25.9,1,EUR,12.95,0.5,4,4,建筑工程,Opći radovi instalacije - Vol.5 Sustavi zgrade inteligencije,instalacija,električna energija
091227,4×40,Material,General,pcs,0.01,0.01,0.01,0.01,1,EUR,0.01,2.08,4,4,建筑工程,Opći radovi instalacije - Vol.5 Sustavi zgrade inteligencije,mreža,
090207,galvanizirana električna 2×35,Material,General,pcs,0.16,0.16,0.16,0.16,1,EUR,3.91,25.0,4,4,建筑工程,Opći radovi instalacije - Vol.5 Sustavi zgrade inteligencije,instalacija,
330027,kalup RJ45,Material,General,pcs,0.21,0.21,0.21,0.21,1,EUR,20.79,100.0,4,4,建筑工程,Opći radovi instalacije - Vol.5 Sustavi zgrade inteligencije,instalacija,
130102,armiranost sloja,Material,General,m3,187.07,187.07,187.07,187.07,1,EUR,187.07,1.0,4,4,建筑工程,betonski i armirano-betonski radovi,konstrukcijska,
390022,balkon,Material,General,m3,264.11,264.11,264.11,264.11,1,EUR,264.11,1.0,4,4,建筑工程,betonski i armirano-betonski radovi,konstrukcijska,
390028,strukturni tip,Material,General,m3,279.47,279.47,279.47,279.47,1,EUR,279.47,1.0,4,4,建筑工程,betonski i armirano-betonski radovi,konstrukcijska,
390166,konstrukcijska,Material,General,m3,169.33,169.33,169.33,169.33,1,EUR,169.33,1.0,4,4,建筑工程,betonski i armirano-betonski radovi,konstrukcijska,
390151,vrsta zidne ploče,Material,General,m3,345.04,345.04,345.04,345.04,1,EUR,345.04,1.0,4,4,建筑工程,betonski i armirano-betonski radovi,konstrukcijska,
800414,HYB-5,Equipment,General,machine-shift,8.83,8.83,8.83,8.83,1,EUR,0.53,0.06,4,4,建筑工程,tretman tla i potpora padinama,,
800416,prskanje pilota D1200,Equipment,General,machine-shift,35.35,35.35,35.35,35.35,1,EUR,2.47,0.07,4,4,建筑工程,tretman tla i potpora padinama,,
800423,električna vodena pumpa H 12,Equipment,Pumps,machine-shift,3.44,3.44,3.44,3.44,1,EUR,0.25,0.0723,4,4,建筑工程,tretman tla i potpora padinama,,
040003,keramsit,Material,General,m3,23.28,23.28,23.28,23.28,1,EUR,33.57,1.442,4,4,建筑工程,radovi toplinske i akustične izolacije i antikorozivne zaštite,,
810089,1: 1.5: 4 keramzit beton,Material,Concrete & Cement,m3,52.66,52.66,52.66,52.66,1,EUR,53.45,1.015,4,4,建筑工程,radovi toplinske i akustične izolacije i antikorozivne zaštite,,
810166,1: 1.5: 4 dodatni beton beton,Material,Concrete & Cement,m3,41.57,41.57,41.57,41.57,1,EUR,42.19,1.015,4,4,建筑工程,radovi toplinske i akustične izolacije i antikorozivne zaštite,,
130885,EPS ploča,Material,Wood & Timber,m3,89.38,89.38,89.38,89.38,1,EUR,2.95,0.033,4,4,建筑工程,radovi toplinske i akustične izolacije i antikorozivne zaštite,,zidna površina
130886,EPS ploča,Material,Wood & Timber,m3,91.46,91.46,91.46,91.46,1,EUR,3.02,0.033,4,4,建筑工程,radovi toplinske i akustične izolacije i antikorozivne zaštite,,zidna površina
060032,ukrasna gipsana ploča debljine 6mm,Material,Wood & Timber,m2,4.48,4.48,4.48,4.48,1,EUR,4.7,1.05,4,4,建筑工程,"završne obrade zidova i stupova, pregrade i zavjese",zidna obloga,dekorativna ploča za zidne površine
080004,lakocijevni čelični nosač 75×40,Material,Steel & Metal,kg,1.15,1.15,1.15,1.15,1,EUR,1.58,1.378,4,4,建筑工程,"završne obrade zidova i stupova, pregrade i zavjese",stup (greda) okrenut,dekorativna površina stupa (greda)
350225,dvostruko oblikovanje 8,Material,General,m,0.29,0.29,0.29,0.29,1,EUR,1.8,6.12,4,4,建筑工程,Opći radovi instalacije - Vol.5 Sustavi zgrade inteligencije,,
390018,prozorni ploča,Material,Glass,m3,244.41,244.41,244.41,244.41,1,EUR,244.41,1.0,4,4,建筑工程,betonski i armirano-betonski radovi,konstrukcijska,
390019,"prozorski okvir, ploča",Material,Glass,m3,374.14,374.14,374.14,374.14,1,EUR,374.14,1.0,4,4,建筑工程,betonski i armirano-betonski radovi,konstrukcijska,
390149,zidna ploča,Material,General,m3,200.65,200.65,200.65,200.65,1,EUR,200.65,1.0,4,4,建筑工程,betonski i armirano-betonski radovi,konstrukcijska,
800158,armaturna čelična šipka,Equipment,General,machine-shift,6.24,6.24,6.24,6.24,1,EUR,0.11,0.018,4,4,建筑工程,betonski i armirano-betonski radovi,željezni pribor,
040130,bitumen,Material,Waterproofing,m2,5.54,5.54,5.54,5.54,1,EUR,13.18,2.377,4,4,建筑工程,radovi na krovovima i hidroizolaciji,,
040131,bitumen,Material,Waterproofing,pcs,7.21,7.21,7.21,7.21,1,EUR,2.09,0.29,4,4,建筑工程,radovi na krovovima i hidroizolaciji,,
040066,195×310,Material,General,m,4.3,4.3,4.3,4.3,1,EUR,0.22,0.0515,4,4,建筑工程,radovi na krovovima i hidroizolaciji,,
380039,čelična mrežasta armatura s vijcima,Material,Steel & Metal,t,969.98,969.98,969.98,969.98,1,EUR,969.98,1.0,4,4,建筑工程,radovi metalnih konstrukcija,,
120058,oblikovanje,Material,General,m,1.16,1.16,1.16,1.16,1,EUR,2.32,2.01,4,4,建筑工程,"završne obrade zidova i stupova, pregrade i zavjese",stup (greda) okrenut,dekorativna površina stupa (greda)
080245,drvena ploča,Material,Wood & Timber,m2,4.16,4.16,4.16,4.16,1,EUR,21.51,5.1754,4,4,建筑工程,"završne obrade zidova i stupova, pregrade i zavjese",stup (greda) okrenut,dekorativna površina stupa (greda)
070101,gotovi proizvod mramorni stup visine 350mm unutar,Material,General,pcs,27.02,27.02,27.02,27.02,1,EUR,27.02,1.0,4,4,建筑工程,"završne obrade zidova i stupova, pregrade i zavjese",stup (greda) okrenut,ukrasni stupac gotovog proizvoda
060067,kamen zidna površina,Material,General,m2,16.63,16.63,16.63,16.63,1,EUR,16.05,0.965,4,4,建筑工程,"završne obrade zidova i stupova, pregrade i zavjese",sloj blok-fasade zida,blok fasadne zidne površine
110518,metal,Material,Steel & Metal,kg,0.83,0.83,0.83,0.83,1,EUR,4.16,5.0,4,4,建筑工程,radovi završne obrade poda,,
800519,zaokruži,Equipment,General,machine-shift,0.72,0.72,0.72,0.72,1,EUR,0.08,0.1158,4,4,建筑工程,radovi završne obrade poda,,
150052,kamen,Material,General,pcs,1.66,1.66,1.66,1.66,1,EUR,0.55,0.33,4,4,建筑工程,radovi završne obrade poda,,
810042,1: 2.5 teraco cementni kamen,Material,Concrete & Cement,m3,86.72,86.72,86.72,86.72,1,EUR,1.38,0.0159,4,4,建筑工程,radovi završne obrade poda,,
020096,blok,Material,General,m3,55.43,55.43,55.43,55.43,1,EUR,38.94,0.7025,4,4,建筑工程,zidarski radovi,zidarska opeka,
020102,blok posebnog oblika,Material,General,m3,60.97,60.97,60.97,60.97,1,EUR,10.06,0.165,4,4,建筑工程,zidarski radovi,zidarska opeka,
010390,25 unutar,Material,General,pcs,0.9,0.9,0.9,0.9,1,EUR,0.91,1.01,4,4,建筑工程,betonski i armirano-betonski radovi,željezni pribor,
010409,25 izvan,Material,General,pcs,1.65,1.65,1.65,1.65,1,EUR,1.67,1.01,4,4,建筑工程,betonski i armirano-betonski radovi,željezni pribor,
090199,25 unutar,Material,General,pcs,1.18,1.18,1.18,1.18,1,EUR,1.19,1.01,4,4,建筑工程,betonski i armirano-betonski radovi,željezni pribor,
090200,25 izvan,Material,General,pcs,1.32,1.32,1.32,1.32,1,EUR,1.33,1.01,4,4,建筑工程,betonski i armirano-betonski radovi,željezni pribor,
130043,poliuretan,Material,General,m3,207.85,207.85,207.85,207.85,1,EUR,8.5,0.0409,4,4,建筑工程,"Opći radovi instalacije - Vol.10 Opskrba vodom, odvodnja, grijanje, plin",,
110296,poliuretanski ljepilo,Material,General,kg,0.52,0.52,0.52,0.52,1,EUR,0.51,0.9744,4,4,建筑工程,"Opći radovi instalacije - Vol.10 Opskrba vodom, odvodnja, grijanje, plin",,
040068,310×310,Material,General,m2,8.61,8.61,8.61,8.61,1,EUR,9.04,1.05,4,4,建筑工程,radovi na krovovima i hidroizolaciji,,
040132,bitumen u obliku slova -,Material,Waterproofing,m2,7.21,7.21,7.21,7.21,1,EUR,7.42,1.03,4,4,建筑工程,radovi na krovovima i hidroizolaciji,,
040133,bitumen u obliku slova -,Material,Waterproofing,pcs,7.21,7.21,7.21,7.21,1,EUR,2.09,0.29,4,4,建筑工程,radovi na krovovima i hidroizolaciji,,
040134,drvena letva 30×50,Material,Wood & Timber,m,1.25,1.25,1.25,1.25,1,EUR,2.12,1.7,4,4,建筑工程,radovi na krovovima i hidroizolaciji,,
070099,metalni ogledalo lajsna,Material,Steel & Metal,m,1.39,1.39,1.39,1.39,1,EUR,1.43,1.03,4,4,建筑工程,ostali dekorativni radovi,ukrasni kalup,metalna dekorativna lajsna
070065,aluuminijski profil 60mm izvan,Material,General,m,1.33,1.33,1.33,1.33,1,EUR,1.37,1.03,4,4,建筑工程,ostali dekorativni radovi,ukrasni kalup,metalna dekorativna lajsna
070066,nehrđajući čelik lajsna 60mm izvan,Material,Steel & Metal,m,2.45,2.45,2.45,2.45,1,EUR,2.53,1.03,4,4,建筑工程,ostali dekorativni radovi,ukrasni kalup,metalna dekorativna lajsna
070067,ukrasni profil s ogledalom 60mm iznad,Material,General,m,2.52,2.52,2.52,2.52,1,EUR,2.6,1.03,4,4,建筑工程,ostali dekorativni radovi,ukrasni kalup,metalna dekorativna lajsna
090714,svrdlo za vodu,Material,Water,pcs,20.79,20.79,20.79,20.79,1,EUR,1.16,0.0558,4,4,建筑工程,Opći radovi instalacije - Vol.4 Instalacija električne opreme,(),strukturna hidroizolacija za vezivanje betona
180033,galvanizirano 25,Material,General,pcs,0.44,0.44,0.44,0.44,1,EUR,0.34,0.77,4,4,建筑工程,radovi na zabijanju,bore pile,
010105,čelična cijev 325×8 nema,Material,Steel & Metal,m,40.03,40.03,40.03,40.03,1,EUR,17.91,0.4475,4,4,建筑工程,"Opći radovi instalacije - Vol.10 Opskrba vodom, odvodnja, grijanje, plin",izrada i ugradnja,izrada vodonepropusnosti
380040,zavarena čelična mrežasta konstrukcija,Material,Steel & Metal,t,1018.48,1018.48,1018.48,1018.48,1,EUR,1018.48,1.0,4,4,建筑工程,radovi metalnih konstrukcija,,
380041,čelična mreža za pričvršćivanje,Material,Steel & Metal,t,983.84,983.84,983.84,983.84,1,EUR,983.84,1.0,4,4,建筑工程,radovi metalnih konstrukcija,,
380042,zavarena čelična mreža,Material,Steel & Metal,t,1039.27,1039.27,1039.27,1039.27,1,EUR,1039.27,1.0,4,4,建筑工程,radovi metalnih konstrukcija,,
380017,čelični okvir pojedinačni 1t,Material,Steel & Metal,t,949.2,949.2,949.2,949.2,1,EUR,949.2,1.0,4,4,建筑工程,radovi metalnih konstrukcija,čelična konstrukcija,
380043,čelični okvir vrata,Material,Steel & Metal,t,972.48,972.48,972.48,972.48,1,EUR,972.48,1.0,4,4,建筑工程,radovi metalnih konstrukcija,čelična konstrukcija,
070005,drvena ravna lajsna 25mm unutra,Material,Wood & Timber,m,0.56,0.56,0.56,0.56,1,EUR,0.6,1.08,4,4,建筑工程,ostali dekorativni radovi,ukrasni kalup,ukrasni drveni profil
070006,drveni ravni lajsna 25mm izvan,Material,Wood & Timber,m,1.04,1.04,1.04,1.04,1,EUR,1.12,1.08,4,4,建筑工程,ostali dekorativni radovi,ukrasni kalup,ukrasni drveni profil
070007,drvena ravna lajsna 60mm unutra,Material,Wood & Timber,m,0.93,0.93,0.93,0.93,1,EUR,1.01,1.08,4,4,建筑工程,ostali dekorativni radovi,ukrasni kalup,ukrasni drveni profil
070008,drvena ravna lajsna 60mm izvan,Material,Wood & Timber,m,1.66,1.66,1.66,1.66,1,EUR,1.8,1.08,4,4,建筑工程,ostali dekorativni radovi,ukrasni kalup,ukrasni drveni profil
070009,drvena lajsna 60mm unutarnja,Material,Wood & Timber,m,1.12,1.12,1.12,1.12,1,EUR,1.21,1.08,4,4,建筑工程,ostali dekorativni radovi,ukrasni kalup,ukrasni drveni profil
070010,drvo lajsna 60mm izvan,Material,Wood & Timber,m,2.08,2.08,2.08,2.08,1,EUR,2.24,1.08,4,4,建筑工程,ostali dekorativni radovi,ukrasni kalup,ukrasni drveni profil
070011,drvena lajsna 20mm unutra,Material,Wood & Timber,m,0.5,0.5,0.5,0.5,1,EUR,0.54,1.08,4,4,建筑工程,ostali dekorativni radovi,ukrasni kalup,ukrasni drveni profil
070012,drvena lajsna 20mm izvan,Material,Wood & Timber,m,1.0,1.0,1.0,1.0,1,EUR,1.08,1.08,4,4,建筑工程,ostali dekorativni radovi,ukrasni kalup,ukrasni drveni profil
070089,drvena lajsna za ogledalo 15mm unutra,Material,Wood & Timber,m,0.25,0.25,0.25,0.25,1,EUR,0.27,1.08,4,4,建筑工程,ostali dekorativni radovi,ukrasni kalup,ukrasni drveni profil
070087,drvena lajsna za ogledalo 40mm unutarnja,Material,Wood & Timber,m,0.83,0.83,0.83,0.83,1,EUR,0.9,1.08,4,4,建筑工程,ostali dekorativni radovi,ukrasni kalup,ukrasni drveni profil
070088,drvena lajsna za ogledalo 40mm izvan,Material,Wood & Timber,m,1.39,1.39,1.39,1.39,1,EUR,1.5,1.08,4,4,建筑工程,ostali dekorativni radovi,ukrasni kalup,ukrasni drveni profil
070098,drveni okvir za ogledalo,Material,Wood & Timber,m,0.78,0.78,0.78,0.78,1,EUR,0.84,1.08,4,4,建筑工程,ostali dekorativni radovi,ukrasni kalup,ukrasni drveni profil
110446,bitumenska vodonepropusna prevlaka,Material,Waterproofing,kg,1.8,1.8,1.8,1.8,1,EUR,2.17,1.2063,4,4,建筑工程,radovi na krovovima i hidroizolaciji,vodonepropusnost krova i sitni materijali,vodonepropusni premaz krova
100081,vodootporni premaz na bazi vodene ljepila,Material,Waterproofing,kg,1.8,1.8,1.8,1.8,1,EUR,4.1,2.2745,4,4,建筑工程,radovi na krovovima i hidroizolaciji,vodonepropusnost krova i sitni materijali,vodonepropusni premaz krova
070018,drveni okrugli lajsna,Material,Wood & Timber,pcs,0.31,0.31,0.31,0.31,1,EUR,0.34,1.08,4,4,建筑工程,ostali dekorativni radovi,ukrasni kalup,ukrasni drveni profil
070019,ukrasni lajsni od drva s uzorkom 250mm unutra,Material,Wood & Timber,pcs,1.66,1.66,1.66,1.66,1,EUR,1.8,1.08,4,4,建筑工程,ostali dekorativni radovi,ukrasni kalup,ukrasni drveni profil
070020,ukrasni profil s uzorkom drva 250mm izvan,Material,Wood & Timber,pcs,4.43,4.43,4.43,4.43,1,EUR,4.79,1.08,4,4,建筑工程,ostali dekorativni radovi,ukrasni kalup,ukrasni drveni profil
070076,ukrasni granitni profil 150mm unutra,Material,General,m,5.13,5.13,5.13,5.13,1,EUR,5.54,1.08,4,4,建筑工程,ostali dekorativni radovi,ukrasni kalup,ukrasni profil od kamene ploče
070077,ukrasni granitni profil 150mm izvan,Material,General,m,6.17,6.17,6.17,6.17,1,EUR,6.66,1.08,4,4,建筑工程,ostali dekorativni radovi,ukrasni kalup,ukrasni profil od kamene ploče
380045,čelični okvir,Material,Steel & Metal,t,886.84,886.84,886.84,886.84,1,EUR,886.84,1.0,4,4,建筑工程,radovi metalnih konstrukcija,čelična konstrukcija,
380046,ravni čelični okvir cijevi,Material,Steel & Metal,t,1108.55,1108.55,1108.55,1108.55,1,EUR,1108.55,1.0,4,4,建筑工程,radovi metalnih konstrukcija,čelična konstrukcija,
380047,okvir od čeličnih cijevi za okomitu površinu,Material,Steel & Metal,t,1143.19,1143.19,1143.19,1143.19,1,EUR,1143.19,1.0,4,4,建筑工程,radovi metalnih konstrukcija,čelična konstrukcija,
380048,okvir,Material,General,t,949.2,949.2,949.2,949.2,1,EUR,949.2,1.0,4,4,建筑工程,radovi metalnih konstrukcija,čelična konstrukcija,
380049,čelični okvir,Material,Steel & Metal,t,949.2,949.2,949.2,949.2,1,EUR,949.2,1.0,4,4,建筑工程,radovi metalnih konstrukcija,čelična konstrukcija,
380075,čelična ploča za podnu ploču 6mm,Material,Steel & Metal,m2,41.15,41.15,41.15,41.15,1,EUR,45.96,1.1167,4,4,建筑工程,radovi metalnih konstrukcija,"čelična ploča, zidna ploča",
070111,gotov proizvod GRC dekorativni stup 400,Material,General,pcs,37.72,37.72,37.72,37.72,1,EUR,37.72,1.0,4,4,建筑工程,"završne obrade zidova i stupova, pregrade i zavjese",stup (greda) okrenut,ukrasni stupac gotovog proizvoda
070112,gotov proizvod GRC dekorativni stup 600,Material,General,pcs,41.49,41.49,41.49,41.49,1,EUR,41.49,1.0,4,4,建筑工程,"završne obrade zidova i stupova, pregrade i zavjese",stup (greda) okrenut,ukrasni stupac gotovog proizvoda
030027,drveni kalup,Material,Wood & Timber,m3,249.42,249.42,249.42,249.42,1,EUR,1.1,0.0044,4,4,建筑工程,radovi na stropovima,ukrasni strop,
100256,visina poli 0.8mm debljine,Material,General,m2,3.74,3.74,3.74,3.74,1,EUR,4.13,1.105,4,4,建筑工程,radovi na krovovima i hidroizolaciji,vodonepropusnost krova i sitni materijali,krovište hidroizolacija
010132,galvanizirano,Material,General,m2,2.91,2.91,2.91,2.91,1,EUR,3.67,1.261,4,4,建筑工程,radovi na krovovima i hidroizolaciji,,profil i ostali elementi krova
120118,ploča,Material,General,m2,27.71,27.71,27.71,27.71,1,EUR,28.13,1.015,4,4,建筑工程,radovi na krovovima i hidroizolaciji,,profil i ostali elementi krova
090485,nehrđajući čelik,Material,Steel & Metal,pcs,0.09,0.09,0.09,0.09,1,EUR,0.28,3.2,4,4,建筑工程,ostali dekorativni radovi,ukrasni kalup,ukrasni profil od kamene ploče
090279,udarna bušilica,Material,General,pcs,1.28,1.28,1.28,1.28,1,EUR,0.1,0.08,4,4,建筑工程,ostali dekorativni radovi,ukrasni kalup,ukrasni profil od kamene ploče
070023,gipsana lajsna (lajsna) 100mm unutra,Material,General,m,0.51,0.51,0.51,0.51,1,EUR,0.53,1.03,4,4,建筑工程,ostali dekorativni radovi,ukrasni kalup,gipsani ukrasni profil
070024,gipsana lajsna (lajsna) 100mm iznad,Material,General,m,0.85,0.85,0.85,0.85,1,EUR,0.87,1.03,4,4,建筑工程,ostali dekorativni radovi,ukrasni kalup,gipsani ukrasni profil
070025,gipsana lajsna 100mm unutra,Material,General,m,0.64,0.64,0.64,0.64,1,EUR,0.66,1.03,4,4,建筑工程,ostali dekorativni radovi,ukrasni kalup,gipsani ukrasni profil
070026,gipsana lajsna 100mm izvan,Material,General,m,1.0,1.0,1.0,1.0,1,EUR,1.03,1.03,4,4,建筑工程,ostali dekorativni radovi,ukrasni kalup,gipsani ukrasni profil
130055,kompozitni poli 5,Material,General,m2,1.86,1.86,1.86,1.86,1,EUR,1.95,1.05,4,4,建筑工程,radovi na krovovima i hidroizolaciji,vodonepropusni zaštitni sloj,
070102,gotov proizvod mramorni stup visine 500mm unutar,Material,General,pcs,35.13,35.13,35.13,35.13,1,EUR,35.13,1.0,4,4,建筑工程,"završne obrade zidova i stupova, pregrade i zavjese",stup (greda) okrenut,ukrasni stupac gotovog proizvoda
070107,gotova drvena stup visine 250mm unutar,Material,Wood & Timber,pcs,77.64,77.64,77.64,77.64,1,EUR,77.64,1.0,4,4,建筑工程,"završne obrade zidova i stupova, pregrade i zavjese",stup (greda) okrenut,ukrasni stupac gotovog proizvoda
070108,gotova drvena stup visine 250mm iznad,Material,Wood & Timber,pcs,136.6,136.6,136.6,136.6,1,EUR,136.6,1.0,4,4,建筑工程,"završne obrade zidova i stupova, pregrade i zavjese",stup (greda) okrenut,ukrasni stupac gotovog proizvoda
090003,jedan vertikalni 25 unutar,Material,General,pcs,0.12,0.12,0.12,0.12,1,EUR,0.1,0.825,4,4,建筑工程,"Opći radovi instalacije - Vol.10 Opskrba vodom, odvodnja, grijanje, plin",,
100034,ljepilo ploča 1 3,Material,General,kg,1.26,1.26,1.26,1.26,1,EUR,0.04,0.0325,4,4,建筑工程,"Opći radovi instalacije - Vol.10 Opskrba vodom, odvodnja, grijanje, plin",,
300035,cinkovani kutni čelik,Material,Steel & Metal,pair,1.57,1.57,1.57,1.57,1,EUR,26.89,17.17,4,4,建筑工程,Opći radovi instalacije - Vol.11 Oprema i linije za komunikaciju,,
300110,kalup 3×65×57/2.5×65×49,Material,General,pcs,0.41,0.41,0.41,0.41,1,EUR,2.67,6.565,4,4,建筑工程,Opći radovi instalacije - Vol.11 Oprema i linije za komunikaciju,,
800404,mikser za mulj 0.6m3,Equipment,General,machine-shift,8.74,8.74,8.74,8.74,1,EUR,0.15,0.017,4,4,建筑工程,tretman tla i potpora padinama,,
070147,aluminijski profil 20mm unutra,Material,General,m,0.43,0.43,0.43,0.43,1,EUR,0.44,1.03,4,4,建筑工程,ostali dekorativni radovi,ukrasni kalup,ukrasni aluminijski profil
070136,aluminijski profil 20mm izvan,Material,General,m,0.55,0.55,0.55,0.55,1,EUR,0.57,1.03,4,4,建筑工程,ostali dekorativni radovi,ukrasni kalup,ukrasni aluminijski profil
070145,aluminijski profil 60mm unutra,Material,General,m,1.15,1.15,1.15,1.15,1,EUR,1.18,1.03,4,4,建筑工程,ostali dekorativni radovi,ukrasni kalup,ukrasni aluminijski profil
070146,aluminijski profil 60mm izvan,Material,General,m,1.39,1.39,1.39,1.39,1,EUR,1.43,1.03,4,4,建筑工程,ostali dekorativni radovi,ukrasni kalup,ukrasni aluminijski profil
070037,PVC površinska lajsna 60mm unutarnja,Material,General,m,1.66,1.66,1.66,1.66,1,EUR,1.71,1.03,4,4,建筑工程,ostali dekorativni radovi,ukrasni kalup,ukrasni kalup
070038,PVC površinska lajsna 60mm izvan,Material,General,m,2.49,2.49,2.49,2.49,1,EUR,2.57,1.03,4,4,建筑工程,ostali dekorativni radovi,ukrasni kalup,ukrasni kalup
280267,spojnica pocinčane čelične cijevi 125,Material,Steel & Metal,pcs,2.16,2.16,2.16,2.16,1,EUR,0.18,0.0824,4,4,建筑工程,Opći radovi instalacije - Vol.4 Instalacija električne opreme,,galvanizirana čelična cijev
280268,spojnica pocinčane čelične cijevi 150,Material,Steel & Metal,pcs,2.58,2.58,2.58,2.58,1,EUR,0.21,0.0824,4,4,建筑工程,Opći radovi instalacije - Vol.4 Instalacija električne opreme,,galvanizirana čelična cijev
280404,JDG(KBG) spojka 15,Material,General,pcs,0.19,0.19,0.19,0.19,1,EUR,0.03,0.1648,4,4,建筑工程,Opći radovi instalacije - Vol.4 Instalacija električne opreme,,() čelična cijev
280405,JDG(KBG) spojka 20,Material,General,pcs,0.24,0.24,0.24,0.24,1,EUR,0.04,0.1648,4,4,建筑工程,Opći radovi instalacije - Vol.4 Instalacija električne opreme,,() čelična cijev
280406,JDG(KBG) spojka 25,Material,General,pcs,0.3,0.3,0.3,0.3,1,EUR,0.05,0.1648,4,4,建筑工程,Opći radovi instalacije - Vol.4 Instalacija električne opreme,,() čelična cijev
280407,Spoj JDG(KBG) 32,Material,General,pcs,0.44,0.44,0.44,0.44,1,EUR,0.07,0.1648,4,4,建筑工程,Opći radovi instalacije - Vol.4 Instalacija električne opreme,,() čelična cijev
090101,s vijcima 12×(20 35),Material,Fasteners,set,0.07,0.07,0.07,0.07,1,EUR,0.27,4.12,4,4,建筑工程,"Opći radovi instalacije - Vol.10 Opskrba vodom, odvodnja, grijanje, plin",instalacija,
100318,ljepilo za podnu membranu,Material,Waterproofing,m2,33.26,33.26,33.26,33.26,1,EUR,33.92,1.02,4,4,建筑工程,radovi završne obrade poda,završni sloj,
120008,polimerni temeljni sloj,Material,General,m2,2.34,2.34,2.34,2.34,1,EUR,2.39,1.02,4,4,建筑工程,radovi završne obrade poda,završni sloj,
070090,GRC ploča za lajsne ispod strehe 550×550 unutar,Material,General,m,26.85,26.85,26.85,26.85,1,EUR,27.39,1.02,4,4,建筑工程,ostali dekorativni radovi,ukrasni kalup,GRC dekorativni profil
070091,GRC ploča za žlijeb 550×550 izvan,Material,General,m,36.97,36.97,36.97,36.97,1,EUR,37.71,1.02,4,4,建筑工程,ostali dekorativni radovi,ukrasni kalup,GRC dekorativni profil
070092,GRC kalupna ploča 400×400 unutar,Material,General,m,18.62,18.62,18.62,18.62,1,EUR,19.0,1.02,4,4,建筑工程,ostali dekorativni radovi,ukrasni kalup,GRC dekorativni profil
070093,GRC kalupna ploča 400×400 izvan,Material,General,m,28.84,28.84,28.84,28.84,1,EUR,29.41,1.02,4,4,建筑工程,ostali dekorativni radovi,ukrasni kalup,GRC dekorativni profil
110226,ljepilo,Material,General,kg,0.21,0.21,0.21,0.21,1,EUR,0.06,0.275,4,4,建筑工程,ostali dekorativni radovi,ukrasni kalup,GRC dekorativni profil
070094,GRC 1200×400 unutar,Material,General,pcs,6.65,6.65,6.65,6.65,1,EUR,6.78,1.02,4,4,建筑工程,ostali dekorativni radovi,ukrasni kalup,GRC dekorativni profil
370171,čelični ravni prozor,Material,Steel & Metal,m2,12.47,12.47,12.47,12.47,1,EUR,12.47,1.0,4,4,建筑工程,radovi na vratima i prozorima,metalni prozor,
370172,čelični prozori,Material,Steel & Metal,m2,11.09,11.09,11.09,11.09,1,EUR,11.09,1.0,4,4,建筑工程,radovi na vratima i prozorima,metalni prozor,
850068,10Gb/s,Equipment,General,machine-shift,282.51,282.51,282.51,282.51,1,EUR,141.26,0.5,4,4,建筑工程,Opći radovi instalacije - Vol.11 Oprema i linije za komunikaciju,,
850084,155Mb/s,Equipment,General,machine-shift,77.54,77.54,77.54,77.54,1,EUR,38.77,0.5,4,4,建筑工程,Opći radovi instalacije - Vol.11 Oprema i linije za komunikaciju,"vrsta mreže, mreža",
850237,"10Hz 12.4GHz, 20dB",Equipment,General,machine-shift,22.86,22.86,22.86,22.86,1,EUR,11.72,0.5125,4,4,建筑工程,Opći radovi instalacije - Vol.11 Oprema i linije za komunikaciju,,
090890,cinkovani čavao s M8×50,Material,Fasteners,set,0.09,0.09,0.09,0.09,1,EUR,1.57,17.675,4,4,建筑工程,Opći radovi instalacije - Vol.11 Oprema i linije za komunikaciju,,
090235,galvanizirana čelična žica 12,Material,Steel & Metal,kg,0.77,0.77,0.77,0.77,1,EUR,0.0,0.001,4,4,建筑工程,radovi završne obrade poda,,
810103,čelični mort,Material,Concrete & Cement,m3,259.86,259.86,259.86,259.86,1,EUR,8.26,0.0318,4,4,建筑工程,radovi završne obrade poda,,
810104,1: 2.5 cementni mort,Material,Concrete & Cement,m3,82.35,82.35,82.35,82.35,1,EUR,1.04,0.0126,4,4,建筑工程,radovi završne obrade poda,,
110456,bez poliuretana ravno,Material,General,kg,5.54,5.54,5.54,5.54,1,EUR,2.0,0.3615,4,4,建筑工程,radovi završne obrade poda,,
110457,bez ravnine,Material,General,kg,4.57,4.57,4.57,4.57,1,EUR,1.65,0.3615,4,4,建筑工程,radovi završne obrade poda,,
380076,čelična ploča za podnu ploču 1mm,Material,Steel & Metal,m2,6.86,6.86,6.86,6.86,1,EUR,6.86,1.0,4,4,建筑工程,radovi metalnih konstrukcija,"čelična ploča, zidna ploča",
800035,DC aparat za zavarivanje kompozitni,Equipment,Welding Equip.,machine-shift,2.65,2.65,2.65,2.65,1,EUR,0.16,0.062,4,4,建筑工程,radovi metalnih konstrukcija,"čelična ploča, zidna ploča",
800053,rezač 100,Equipment,General,machine-shift,1.62,1.62,1.62,1.62,1,EUR,0.02,0.014,4,4,建筑工程,radovi metalnih konstrukcija,"čelična ploča, zidna ploča",
280250,zavarivanje čelične cijevi spoj 125,Material,Steel & Metal,pcs,1.88,1.88,1.88,1.88,1,EUR,0.19,0.1004,4,4,建筑工程,Opći radovi instalacije - Vol.4 Instalacija električne opreme,,zavarivanje čelične cijevi
280251,zavarivanje čelične cijevi spoj 150,Material,Steel & Metal,pcs,2.26,2.26,2.26,2.26,1,EUR,0.23,0.1004,4,4,建筑工程,Opći radovi instalacije - Vol.4 Instalacija električne opreme,,zavarivanje čelične cijevi
070039,PVC površinska kalupljenja 20mm unutar,Material,General,m,0.48,0.48,0.48,0.48,1,EUR,0.5,1.03,4,4,建筑工程,ostali dekorativni radovi,ukrasni kalup,ukrasni kalup
070040,PVC površinska kalupljenja 20mm izvan,Material,General,m,0.83,0.83,0.83,0.83,1,EUR,0.86,1.03,4,4,建筑工程,ostali dekorativni radovi,ukrasni kalup,ukrasni kalup
070068,ukrasna traka 30mm unutra,Material,General,m,0.17,0.17,0.17,0.17,1,EUR,0.17,1.03,4,4,建筑工程,ostali dekorativni radovi,ukrasni kalup,ukrasni kalup
070069,dekorativna traka 30mm iznad,Material,General,m,0.48,0.48,0.48,0.48,1,EUR,0.5,1.03,4,4,建筑工程,ostali dekorativni radovi,ukrasni kalup,ukrasni kalup
070070,letvica 30mm unutra,Material,General,m,0.28,0.28,0.28,0.28,1,EUR,0.29,1.03,4,4,建筑工程,ostali dekorativni radovi,ukrasni kalup,ukrasni kalup
070071,keramički profil za pločice 30mm unutra,Material,General,m,0.11,0.11,0.11,0.11,1,EUR,0.11,1.03,4,4,建筑工程,ostali dekorativni radovi,ukrasni kalup,ukrasni kalup
080284,nosivi okvir fasade i,Material,General,m2,207.85,207.85,207.85,207.85,1,EUR,311.78,1.5,4,4,建筑工程,"završne obrade zidova i stupova, pregrade i zavjese",radovi na zavjesnim zidovima,stakleni zavjesni zid
280247,zavarivanje čelične cijevi spoj 70,Material,Steel & Metal,pcs,0.63,0.63,0.63,0.63,1,EUR,0.1,0.1545,4,4,建筑工程,Opći radovi instalacije - Vol.4 Instalacija električne opreme,,zavarivanje čelične cijevi
110140,401 ljepilo,Material,General,kg,1.45,1.45,1.45,1.45,1,EUR,0.47,0.3255,4,4,建筑工程,radovi na stropovima,suspendirani strop,sloj završne obloge stropa
070095,GRC 1200×400 izvan,Material,General,pcs,9.98,9.98,9.98,9.98,1,EUR,10.18,1.02,4,4,建筑工程,ostali dekorativni radovi,ukrasni kalup,GRC dekorativni profil
070096,Ukrasni GRC oblikovani prozor vrata 1500×540 unutar,Material,Glass,pcs,32.81,32.81,32.81,32.81,1,EUR,33.47,1.02,4,4,建筑工程,ostali dekorativni radovi,ukrasni kalup,GRC dekorativni profil
070097,Ukrasni GRC oblikovani prozor vrata 1500×540 izvan,Material,Glass,pcs,39.38,39.38,39.38,39.38,1,EUR,40.17,1.02,4,4,建筑工程,ostali dekorativni radovi,ukrasni kalup,GRC dekorativni profil
090395,ograda (s),Material,General,m2,36.03,36.03,36.03,36.03,1,EUR,33.8,0.9382,4,4,建筑工程,ostali dekorativni radovi,"rukohvat, ograda, dekorativna ploča za ogradu","metalna ograda, rukohvat, ploča ograde"
080234,ukrasna gipsana ploča 600×600×12,Material,Wood & Timber,m2,3.95,3.95,3.95,3.95,1,EUR,4.03,1.02,4,4,建筑工程,radovi na stropovima,suspendirani strop,sloj završne obloge stropa
370173,čelična pričvrsnica za prozor,Material,Steel & Metal,m2,11.09,11.09,11.09,11.09,1,EUR,11.09,1.0,4,4,建筑工程,radovi na vratima i prozorima,metalni prozor,
370177,aluminijski legirani - oblikovani prozor,Material,Glass,m2,12.47,12.47,12.47,12.47,1,EUR,12.47,1.0,4,4,建筑工程,radovi na vratima i prozorima,metalni prozor,
150056,dvostrana ljepila,Material,General,m2,0.17,0.17,0.17,0.17,1,EUR,0.04,0.2224,4,4,建筑工程,radovi na stropovima,suspendirani strop,sloj završne obloge stropa
090079,matica za zaključavanje 70,Material,Fasteners,pcs,0.14,0.14,0.14,0.14,1,EUR,0.02,0.1416,4,4,建筑工程,Opći radovi instalacije - Vol.4 Instalacija električne opreme,,zavarivanje čelične cijevi
280248,zavarivanje čelične cijevi spoj 80,Material,Steel & Metal,pcs,0.87,0.87,0.87,0.87,1,EUR,0.13,0.1545,4,4,建筑工程,Opći radovi instalacije - Vol.4 Instalacija električne opreme,,zavarivanje čelične cijevi
280249,zavarivanje čelične cijevne spojnice 100,Material,Steel & Metal,pcs,1.39,1.39,1.39,1.39,1,EUR,0.21,0.1545,4,4,建筑工程,Opći radovi instalacije - Vol.4 Instalacija električne opreme,,zavarivanje čelične cijevi
010116,galvanizirani električni kanal 20,Material,General,m,0.93,0.93,0.93,0.93,1,EUR,0.96,1.03,4,4,建筑工程,Opći radovi instalacije - Vol.4 Instalacija električne opreme,,
280253,vrućecinkani spoj za električne kanale 20,Material,General,pcs,0.1,0.1,0.1,0.1,1,EUR,0.02,0.1648,4,4,建筑工程,Opći radovi instalacije - Vol.4 Instalacija električne opreme,,
010117,galvanizirani električni kanal 25,Material,General,m,1.26,1.26,1.26,1.26,1,EUR,1.3,1.03,4,4,建筑工程,Opći radovi instalacije - Vol.4 Instalacija električne opreme,,
280254,pocinčani spoj za električne kanale 25,Material,General,pcs,0.21,0.21,0.21,0.21,1,EUR,0.03,0.1648,4,4,建筑工程,Opći radovi instalacije - Vol.4 Instalacija električne opreme,,
010118,galvanizirani električni kanal 32,Material,General,m,1.61,1.61,1.61,1.61,1,EUR,1.66,1.03,4,4,建筑工程,Opći radovi instalacije - Vol.4 Instalacija električne opreme,,
080238,dužina aluminijske trake,Material,General,m2,7.5,7.5,7.5,7.5,1,EUR,7.28,0.9712,4,4,建筑工程,radovi na stropovima,suspendirani strop,sloj završne obloge stropa
091446,strip,Material,General,kg,1.66,1.66,1.66,1.66,1,EUR,0.21,0.1276,4,4,建筑工程,ostali dekorativni radovi,"rukohvat, ograda, dekorativna ploča za ogradu","metalna ograda, rukohvat, ploča ograde"
120064,rukohvat,Material,General,m,2.18,2.18,2.18,2.18,1,EUR,2.43,1.115,4,4,建筑工程,ostali dekorativni radovi,"rukohvat, ograda, dekorativna ploča za ogradu",rukohvat
080242,traka od aluminijske legure,Material,General,m,0.83,0.83,0.83,0.83,1,EUR,7.13,8.58,4,4,建筑工程,radovi na stropovima,suspendirani strop,sloj završne obloge stropa
080243,traka od aluminijske legure dužine ploče,Material,General,pcs,0.14,0.14,0.14,0.14,1,EUR,0.47,3.39,4,4,建筑工程,radovi na stropovima,suspendirani strop,sloj završne obloge stropa
090304,čavao od nehrđajućeg čelika,Material,Steel & Metal,kg,1.83,1.83,1.83,1.83,1,EUR,0.01,0.0068,4,4,建筑工程,radovi na stropovima,suspendirani strop,sloj završne obloge stropa
180142,ravno (1.6MPa) 50,Material,General,pcs,3.02,3.02,3.02,3.02,1,EUR,4.53,1.5,4,4,建筑工程,"Opći radovi instalacije - Vol.10 Opskrba vodom, odvodnja, grijanje, plin",voda,voda ()
180143,ravno (1.6MPa) 70,Material,General,pcs,3.99,3.99,3.99,3.99,1,EUR,6.98,1.75,4,4,建筑工程,"Opći radovi instalacije - Vol.10 Opskrba vodom, odvodnja, grijanje, plin",voda,voda ()
180144,ravno (1.6MPa) 80,Material,General,pcs,4.28,4.28,4.28,4.28,1,EUR,6.42,1.5,4,4,建筑工程,"Opći radovi instalacije - Vol.10 Opskrba vodom, odvodnja, grijanje, plin",voda,voda ()
180145,ravno (1.6MPa) 100,Material,General,pcs,5.56,5.56,5.56,5.56,1,EUR,8.33,1.5,4,4,建筑工程,"Opći radovi instalacije - Vol.10 Opskrba vodom, odvodnja, grijanje, plin",voda,voda ()
180147,ravno (1.6MPa) 150,Material,General,pcs,9.53,9.53,9.53,9.53,1,EUR,14.3,1.5,4,4,建筑工程,"Opći radovi instalacije - Vol.10 Opskrba vodom, odvodnja, grijanje, plin",voda,voda ()
800291,utovarivač (složeni),Equipment,General,machine-shift,75.08,75.08,75.08,75.08,1,EUR,5.33,0.071,4,4,建筑工程,radovi na zabijanju,bore pile,
010115,galvanizirani električni kanal 15,Material,General,m,0.7,0.7,0.7,0.7,1,EUR,0.73,1.03,4,4,建筑工程,Opći radovi instalacije - Vol.4 Instalacija električne opreme,,
280252,vrućecinkani spoj za električne kanale 15,Material,General,pcs,0.09,0.09,0.09,0.09,1,EUR,0.02,0.1648,4,4,建筑工程,Opći radovi instalacije - Vol.4 Instalacija električne opreme,,
220003,spoj 15,Material,General,pcs,0.59,0.59,0.59,0.59,1,EUR,0.59,1.01,4,4,建筑工程,"Opći radovi instalacije - Vol.10 Opskrba vodom, odvodnja, grijanje, plin",,
100291,metal kamen 80,Material,Steel & Metal,pcs,7.18,7.18,7.18,7.18,1,EUR,14.79,2.06,4,4,建筑工程,"Opći radovi instalacije - Vol.10 Opskrba vodom, odvodnja, grijanje, plin",,instalacija
080214,aluminijska legura traka ploča spušteni strop zidna ploča MK1,Material,General,m,0.71,0.71,0.71,0.71,1,EUR,0.39,0.5556,4,4,建筑工程,radovi na stropovima,suspendirani strop,sloj završne obloge stropa
080215,dužina trake ploča spušteni strop zidna ploča KB1,Material,General,m,0.59,0.59,0.59,0.59,1,EUR,0.3,0.51,4,4,建筑工程,radovi na stropovima,suspendirani strop,sloj završne obloge stropa
300029,cinkovani kutni čelik 63×63×6×2100,Material,Steel & Metal,pcs,9.64,9.64,9.64,9.64,1,EUR,19.35,2.006,4,4,建筑工程,Opći radovi instalacije - Vol.4 Instalacija električne opreme,,instalacija
300036,vrućecinkovani kutni čelik vertikalni 63×63×6×650,Material,Steel & Metal,pcs,2.51,2.51,2.51,2.51,1,EUR,4.4,1.7552,4,4,建筑工程,Opći radovi instalacije - Vol.4 Instalacija električne opreme,,instalacija
080286,nosivi okvir fasade i,Material,General,m2,346.42,346.42,346.42,346.42,1,EUR,727.49,2.1,4,4,建筑工程,"završne obrade zidova i stupova, pregrade i zavjese",radovi na zavjesnim zidovima,stakleni zavjesni zid
080287,ravna površina okvira zavjese i,Material,General,m2,138.57,138.57,138.57,138.57,1,EUR,218.25,1.575,4,4,建筑工程,"završne obrade zidova i stupova, pregrade i zavjese",radovi na zavjesnim zidovima,stakleni zavjesni zid
800030,vertikalno 25,Equipment,General,machine-shift,13.43,13.43,13.43,13.43,1,EUR,0.32,0.0238,4,4,建筑工程,"završne obrade zidova i stupova, pregrade i zavjese",radovi na zavjesnim zidovima,stakleni zavjesni zid
800568,dvostruki rezač,Equipment,General,machine-shift,2.13,2.13,2.13,2.13,1,EUR,0.12,0.0575,4,4,建筑工程,"završne obrade zidova i stupova, pregrade i zavjese",radovi na zavjesnim zidovima,stakleni zavjesni zid
800613,dodatni aluminijski profil,Equipment,General,machine-shift,249.42,249.42,249.42,249.42,1,EUR,41.15,0.165,4,4,建筑工程,"završne obrade zidova i stupova, pregrade i zavjese",radovi na zavjesnim zidovima,stakleni zavjesni zid
090912,ekspanzijski vijak M12,Material,Fasteners,set,0.33,0.33,0.33,0.33,1,EUR,0.75,2.2867,4,4,建筑工程,"završne obrade zidova i stupova, pregrade i zavjese",parcijalni,metalna pregrada
100092,SBS bitumenska vodonepropusna obloga,Material,Waterproofing,kg,0.9,0.9,0.9,0.9,1,EUR,2.03,2.2507,4,4,建筑工程,radovi na krovovima i hidroizolaciji,"vodonepropusnost podruma i poda, otpornost na vlagu",vodonepropusni premaz poda
100278,vodonepropusni premaz,Material,Waterproofing,kg,3.88,3.88,3.88,3.88,1,EUR,6.23,1.6064,4,4,建筑工程,radovi na krovovima i hidroizolaciji,"vodonepropusnost podruma i poda, otpornost na vlagu",vodonepropusni premaz poda
110177,priprema podloge,Material,General,kg,0.58,0.58,0.58,0.58,1,EUR,0.1,0.1818,4,4,建筑工程,radovi na krovovima i hidroizolaciji,"vodonepropusnost podruma i poda, otpornost na vlagu",vodonepropusni premaz poda
100119,visina ljepila za vodu,Material,Water,m,1.86,1.86,1.86,1.86,1,EUR,0.05,0.0274,4,4,建筑工程,tretman tla i potpora padinama,temeljna jama,"prskanje betona, cementni mort"
810084,C20 kameni beton,Material,Concrete & Cement,m3,36.44,36.44,36.44,36.44,1,EUR,2.5,0.0687,4,4,建筑工程,tretman tla i potpora padinama,temeljna jama,"prskanje betona, cementni mort"
090242,čelična žičana mreža,Material,Steel & Metal,m2,2.49,2.49,2.49,2.49,1,EUR,2.62,1.05,4,4,建筑工程,tretman tla i potpora padinama,temeljna jama,"prskanje betona, cementni mort"
390116,pilota 300,Material,General,m,11.78,11.78,11.78,11.78,1,EUR,12.01,1.02,4,4,建筑工程,radovi na zabijanju,,
390117,pilota 400,Material,General,m,17.32,17.32,17.32,17.32,1,EUR,17.67,1.02,4,4,建筑工程,radovi na zabijanju,,
390118,pilota 500,Material,General,m,26.33,26.33,26.33,26.33,1,EUR,26.85,1.02,4,4,建筑工程,radovi na zabijanju,,
090379,okvir od nehrđajućeg čelika,Material,Steel & Metal,set,19.58,19.58,19.58,19.58,1,EUR,19.58,1.0,4,4,建筑工程,ostali dekorativni radovi,,(okvir)
080249,T-oblikovana boja s letvicom TBA24×28,Material,Paint & Coatings,m,0.49,0.49,0.49,0.49,1,EUR,1.59,3.245,4,4,建筑工程,radovi na stropovima,suspendirani strop,stropna greda
080059,T-oblikovani lagani čelični nosač TB24×32,Material,Steel & Metal,m,0.76,0.76,0.76,0.76,1,EUR,0.56,0.7371,4,4,建筑工程,radovi na stropovima,suspendirani strop,stropna greda
080060,T-oblikovani lagani čelični nosač TB24×26,Material,Steel & Metal,m,0.69,0.69,0.69,0.69,1,EUR,1.92,2.7641,4,4,建筑工程,radovi na stropovima,suspendirani strop,stropna greda
080075,letvica TL22×22,Material,General,m,0.61,0.61,0.61,0.61,1,EUR,0.44,0.7219,4,4,建筑工程,radovi na stropovima,suspendirani strop,stropna greda
080100,T-oblikovani lagani čelični nosač TB38-2,Material,Steel & Metal,pcs,0.08,0.08,0.08,0.08,1,EUR,0.29,3.6473,4,4,建筑工程,radovi na stropovima,suspendirani strop,stropna greda
080104,T-oblikovani lagani čelični nosač TB14-2,Material,Steel & Metal,pcs,0.04,0.04,0.04,0.04,1,EUR,0.13,3.4884,4,4,建筑工程,radovi na stropovima,suspendirani strop,stropna greda
390119,pilota 550,Material,General,m,29.1,29.1,29.1,29.1,1,EUR,29.68,1.02,4,4,建筑工程,radovi na zabijanju,,
800520,300T pilota,Equipment,General,machine-shift,297.59,297.59,297.59,297.59,1,EUR,1.67,0.0056,4,4,建筑工程,radovi na zabijanju,,
800521,500T pilota,Equipment,General,machine-shift,373.12,373.12,373.12,373.12,1,EUR,2.35,0.0063,4,4,建筑工程,radovi na zabijanju,,
090800,55%,Material,General,kg,12.47,12.47,12.47,12.47,1,EUR,3.83,0.3075,4,4,建筑工程,Opći radovi instalacije - Vol.11 Oprema i linije za komunikaciju,oblikovanje,
020021,električna hrpa,Material,General,pcs,3.03,3.03,3.03,3.03,1,EUR,1.09,0.3601,4,4,建筑工程,Opći radovi instalacije - Vol.4 Instalacija električne opreme,"polaganje električne instalacije, ploča (opeka) i ploča",kameni temelj
110102,bitumenski lak,Material,Paint & Coatings,kg,1.58,1.58,1.58,1.58,1,EUR,0.02,0.015,4,4,建筑工程,Opći radovi instalacije - Vol.4 Instalacija električne opreme,,
090971,nehrđajući čelik 133,Material,Steel & Metal,m,18.71,18.71,18.71,18.71,1,EUR,93.53,5.0,4,4,建筑工程,ostali dekorativni radovi,,metal
090972,nehrđajući čelik 108,Material,Steel & Metal,m,13.16,13.16,13.16,13.16,1,EUR,59.24,4.5,4,4,建筑工程,ostali dekorativni radovi,,metal
090970,nehrđajući čelik 76,Material,Steel & Metal,m,9.01,9.01,9.01,9.01,1,EUR,36.03,4.0,4,4,建筑工程,ostali dekorativni radovi,,metal
090617,vis za visinu,Material,Fasteners,pcs,2.48,2.48,2.48,2.48,1,EUR,9.92,4.0,4,4,建筑工程,ostali dekorativni radovi,,metal
120130,0.2m2 unutar,Material,General,pcs,3.88,3.88,3.88,3.88,1,EUR,3.92,1.01,4,4,建筑工程,ostali dekorativni radovi,,
120133,0.5m2 unutar,Material,General,pcs,11.64,11.64,11.64,11.64,1,EUR,11.76,1.01,4,4,建筑工程,ostali dekorativni radovi,,
120135,1.0m2 unutar,Material,General,pcs,25.91,25.91,25.91,25.91,1,EUR,26.17,1.01,4,4,建筑工程,ostali dekorativni radovi,,
120171,1.0m2 izvan,Material,General,pcs,30.35,30.35,30.35,30.35,1,EUR,30.65,1.01,4,4,建筑工程,ostali dekorativni radovi,,
100285,202 ljepilo FSC-2,Material,General,kg,5.54,5.54,5.54,5.54,1,EUR,0.53,0.0951,4,4,建筑工程,ostali dekorativni radovi,,
090387,okvir,Material,General,set,5.68,5.68,5.68,5.68,1,EUR,5.68,1.0,4,4,建筑工程,ostali dekorativni radovi,,(okvir)
090384,okvir od nehrđajućeg čelika,Material,Steel & Metal,set,8.73,8.73,8.73,8.73,1,EUR,8.73,1.0,4,4,建筑工程,ostali dekorativni radovi,,(okvir)
090389,okvir,Material,General,set,19.82,19.82,19.82,19.82,1,EUR,19.82,1.0,4,4,建筑工程,ostali dekorativni radovi,,(okvir)
090444,cinkano pričvršćivanje,Material,General,pcs,0.14,0.14,0.14,0.14,1,EUR,1.13,8.12,4,4,建筑工程,radovi metalnih konstrukcija,metal,
090844,elektroda za zavarivanje,Material,Welding Consumables,kg,1.08,1.08,1.08,1.08,1,EUR,0.21,0.1947,4,4,建筑工程,radovi metalnih konstrukcija,metal,
090930,ograda,Material,General,m2,23.42,23.42,23.42,23.42,1,EUR,23.42,1.0,4,4,建筑工程,radovi metalnih konstrukcija,metal,
090931,gotovi proizvod ograda,Material,General,m2,25.77,25.77,25.77,25.77,1,EUR,25.77,1.0,4,4,建筑工程,radovi metalnih konstrukcija,metal,
090932,metalna mreža ograda,Material,Steel & Metal,m2,13.16,13.16,13.16,13.16,1,EUR,13.16,1.0,4,4,建筑工程,radovi metalnih konstrukcija,metal,
020002,cement 52.5,Material,Concrete & Cement,kg,0.06,0.06,0.06,0.06,1,EUR,2.42,37.9435,4,4,建筑工程,Opći radovi instalacije - Vol.4 Instalacija električne opreme,"oblikovanje i izrada, ugradnja",vodena kolona
150063,s staklom 1m2 izvan,Equipment,General,pcs,65.21,65.21,65.21,65.21,1,EUR,65.86,1.01,4,4,建筑工程,ostali dekorativni radovi,,s staklom
030134,drvo 0.2m2 unutar,Material,Wood & Timber,pcs,3.33,3.33,3.33,3.33,1,EUR,3.36,1.01,4,4,建筑工程,ostali dekorativni radovi,,drvna građa
150076,drvo 0.5m2 unutar,Material,Wood & Timber,pcs,4.14,4.14,4.14,4.14,1,EUR,4.18,1.01,4,4,建筑工程,ostali dekorativni radovi,,drvna građa
150075,drvo 1m2 unutar,Material,Wood & Timber,pcs,16.57,16.57,16.57,16.57,1,EUR,16.74,1.01,4,4,建筑工程,ostali dekorativni radovi,,drvna građa
150074,drvo 1m2 izvan,Material,Wood & Timber,pcs,37.47,37.47,37.47,37.47,1,EUR,37.84,1.01,4,4,建筑工程,ostali dekorativni radovi,,drvna građa
150186,metal 0.2m2 unutar,Material,Steel & Metal,pcs,3.19,3.19,3.19,3.19,1,EUR,3.22,1.01,4,4,建筑工程,ostali dekorativni radovi,,metal
150070,metal 0.5m2 unutar,Material,Steel & Metal,pcs,6.91,6.91,6.91,6.91,1,EUR,6.98,1.01,4,4,建筑工程,ostali dekorativni radovi,,metal
150069,metal 1m2 unutar,Material,Steel & Metal,pcs,42.69,42.69,42.69,42.69,1,EUR,43.12,1.01,4,4,建筑工程,ostali dekorativni radovi,,metal
150068,metal 1m2 beyond,Material,Steel & Metal,pcs,63.95,63.95,63.95,63.95,1,EUR,64.59,1.01,4,4,建筑工程,ostali dekorativni radovi,,metal
120137,0.2m2 unutar,Material,General,pcs,33.26,33.26,33.26,33.26,1,EUR,33.59,1.01,4,4,建筑工程,ostali dekorativni radovi,,
120131,0.5m2 unutar,Material,General,pcs,52.66,52.66,52.66,52.66,1,EUR,53.18,1.01,4,4,建筑工程,ostali dekorativni radovi,,
120132,1.0m2 unutar,Material,General,pcs,85.91,85.91,85.91,85.91,1,EUR,86.77,1.01,4,4,建筑工程,ostali dekorativni radovi,,
120134,1.0m2 izvan,Material,General,pcs,117.78,117.78,117.78,117.78,1,EUR,118.96,1.01,4,4,建筑工程,ostali dekorativni radovi,,
120136,s staklom 0.2m2 unutar,Equipment,General,pcs,4.43,4.43,4.43,4.43,1,EUR,4.48,1.01,4,4,建筑工程,ostali dekorativni radovi,,s staklom
150065,s staklom 0.5m2 unutar,Equipment,General,pcs,7.26,7.26,7.26,7.26,1,EUR,7.33,1.01,4,4,建筑工程,ostali dekorativni radovi,,s staklom
150064,s staklom 1m2 unutar,Equipment,General,pcs,29.0,29.0,29.0,29.0,1,EUR,29.29,1.01,4,4,建筑工程,ostali dekorativni radovi,,s staklom
150184,ljepilni trak,Material,General,m,0.14,0.14,0.14,0.14,1,EUR,0.87,6.2684,4,4,建筑工程,"završne obrade zidova i stupova, pregrade i zavjese",parcijalni,metalna pregrada
050026,staklo 19mm,Material,Glass,m2,117.78,117.78,117.78,117.78,1,EUR,114.72,0.974,4,4,建筑工程,"završne obrade zidova i stupova, pregrade i zavjese",parcijalni,staklena pregrada
080253,pregrada od nehrđajućeg čelika,Material,Steel & Metal,m2,58.2,58.2,58.2,58.2,1,EUR,58.2,1.0,4,4,建筑工程,"završne obrade zidova i stupova, pregrade i zavjese",parcijalni,staklena pregrada
080254,aluminijska legura staklena pregrada,Material,Glass,m2,33.26,33.26,33.26,33.26,1,EUR,33.26,1.0,4,4,建筑工程,"završne obrade zidova i stupova, pregrade i zavjese",parcijalni,staklena pregrada
080255,aluminijska legura staklena pregrada,Material,Glass,m2,30.49,30.49,30.49,30.49,1,EUR,30.49,1.0,4,4,建筑工程,"završne obrade zidova i stupova, pregrade i zavjese",parcijalni,staklena pregrada
090934,nehrđajući čelik s vijkom M4×12,Material,Steel & Metal,set,0.17,0.17,0.17,0.17,1,EUR,1.29,7.7745,4,4,建筑工程,"završne obrade zidova i stupova, pregrade i zavjese",parcijalni,staklena pregrada
050047,stakleni blok 145×145×80,Material,Glass,pcs,1.52,1.52,1.52,1.52,1,EUR,72.86,47.8,4,4,建筑工程,"završne obrade zidova i stupova, pregrade i zavjese",parcijalni,staklena pregrada
850095,tip TSB,Equipment,General,machine-shift,4.34,4.34,4.34,4.34,1,EUR,7.05,1.625,4,4,建筑工程,Opći radovi instalacije - Vol.4 Instalacija električne opreme,visinska električna instalacija,visinska električna instalacija
850092,visina GYB-,Equipment,General,machine-shift,1.34,1.34,1.34,1.34,1,EUR,2.18,1.625,4,4,建筑工程,Opći radovi instalacije - Vol.4 Instalacija električne opreme,visinska električna instalacija,visinska električna instalacija
280183,metal 50,Material,Steel & Metal,m,8.48,8.48,8.48,8.48,1,EUR,8.07,0.952,4,4,建筑工程,Opći radovi instalacije - Vol.4 Instalacija električne opreme,,
280185,metal 76,Material,Steel & Metal,m,13.54,13.54,13.54,13.54,1,EUR,12.89,0.952,4,4,建筑工程,Opći radovi instalacije - Vol.4 Instalacija električne opreme,,
280187,metal 101,Material,Steel & Metal,m,24.75,24.75,24.75,24.75,1,EUR,23.56,0.952,4,4,建筑工程,Opći radovi instalacije - Vol.4 Instalacija električne opreme,,
060017,granitna ploča 0.25m2 izvan,Material,General,m2,34.59,34.59,34.59,34.59,1,EUR,35.28,1.02,4,4,建筑工程,radovi završne obrade poda,dekorativni koraci,
060034,površinski granit,Material,General,m2,22.17,22.17,22.17,22.17,1,EUR,22.61,1.02,4,4,建筑工程,radovi završne obrade poda,dekorativni koraci,
110186,stvrdnjavanje kamene ploče,Material,General,kg,1.35,1.35,1.35,1.35,1,EUR,0.12,0.0915,4,4,建筑工程,radovi završne obrade poda,keramičke pločice,
110521,površina,Material,General,kg,13.86,13.86,13.86,13.86,1,EUR,5.54,0.4,4,4,建筑工程,radovi završne obrade poda,keramičke pločice,
100020,ljepilo za podne pločice,Material,General,m2,3.16,3.16,3.16,3.16,1,EUR,3.22,1.02,4,4,建筑工程,radovi završne obrade poda,završni sloj,
100026,ljepilo za podlogu ploče,Material,General,m2,3.2,3.2,3.2,3.2,1,EUR,3.26,1.02,4,4,建筑工程,radovi završne obrade poda,završni sloj,
080175,gipsana šuplja traka ploča,Material,General,m2,7.21,7.21,7.21,7.21,1,EUR,7.57,1.05,4,4,建筑工程,"završne obrade zidova i stupova, pregrade i zavjese",parcijalni,parcijalni
080161,gipsana okrugla traka za ploče,Material,General,m2,9.15,9.15,9.15,9.15,1,EUR,9.6,1.05,4,4,建筑工程,"završne obrade zidova i stupova, pregrade i zavjese",parcijalni,parcijalni
080177,cementna traka ploča,Material,Concrete & Cement,m2,6.24,6.24,6.24,6.24,1,EUR,6.55,1.05,4,4,建筑工程,"završne obrade zidova i stupova, pregrade i zavjese",parcijalni,parcijalni
040203,gipsani šuplji blok 660×500×100,Material,General,m2,6.93,6.93,6.93,6.93,1,EUR,7.27,1.05,4,4,建筑工程,"završne obrade zidova i stupova, pregrade i zavjese",parcijalni,parcijalni
080162,dodatni betonirani trakasti pločnik,Material,Concrete & Cement,m2,9.56,9.56,9.56,9.56,1,EUR,10.04,1.05,4,4,建筑工程,"završne obrade zidova i stupova, pregrade i zavjese",parcijalni,parcijalni
110779,visok ljepilo za gips,Material,General,m3,173.21,173.21,173.21,173.21,1,EUR,1.16,0.0067,4,4,建筑工程,"završne obrade zidova i stupova, pregrade i zavjese",parcijalni,parcijalni
390154,GRC cementna zidna ploča,Material,Concrete & Cement,m2,6.24,6.24,6.24,6.24,1,EUR,6.55,1.05,4,4,建筑工程,"završne obrade zidova i stupova, pregrade i zavjese",parcijalni,parcijalni
390155,GRC cementna zidna ploča,Material,Concrete & Cement,m2,6.65,6.65,6.65,6.65,1,EUR,6.98,1.05,4,4,建筑工程,"završne obrade zidova i stupova, pregrade i zavjese",parcijalni,parcijalni
800644,toranjski dizalica 450T M,Equipment,Cranes,machine-shift,292.14,292.14,292.14,292.14,1,EUR,1.52,0.0052,4,4,建筑工程,pripreme i mjere na gradilištu,vertikalni transport,vertikalni transport
370201,aluminijska legura vrata,Material,General,m2,39.49,39.49,39.49,39.49,1,EUR,42.65,1.08,4,4,建筑工程,"završne obrade zidova i stupova, pregrade i zavjese",parcijalni,parcijalni
080142,lagani čelični nosač LLQ-U7575×40,Material,Steel & Metal,m,1.33,1.33,1.33,1.33,1,EUR,0.94,0.708,4,4,建筑工程,"završne obrade zidova i stupova, pregrade i zavjese",parcijalni,parcijalni
080143,lagani čelični nosač LLQ-C7575×50,Material,Steel & Metal,m,1.62,1.62,1.62,1.62,1,EUR,2.98,1.841,4,4,建筑工程,"završne obrade zidova i stupova, pregrade i zavjese",parcijalni,parcijalni
080144,lakirani čelični nosač QU-7577×40,Material,Steel & Metal,m,1.51,1.51,1.51,1.51,1,EUR,0.45,0.298,4,4,建筑工程,"završne obrade zidova i stupova, pregrade i zavjese",parcijalni,parcijalni
080145,lagani čelični nosač QC-7575×45/43,Material,Steel & Metal,m,1.86,1.86,1.86,1.86,1,EUR,3.33,1.793,4,4,建筑工程,"završne obrade zidova i stupova, pregrade i zavjese",parcijalni,parcijalni
080146,letvica Q-130×12,Material,General,m,0.67,0.67,0.67,0.67,1,EUR,0.14,0.2145,4,4,建筑工程,"završne obrade zidova i stupova, pregrade i zavjese",parcijalni,parcijalni
080147,podupiranje laganim čeličnim gredama,Material,Steel & Metal,pcs,0.07,0.07,0.07,0.07,1,EUR,0.02,0.2659,4,4,建筑工程,"završne obrade zidova i stupova, pregrade i zavjese",parcijalni,parcijalni
800650,električna visina dvostruka (300 unutar),Equipment,General,machine-shift,80.22,80.22,80.22,80.22,1,EUR,0.57,0.0071,4,4,建筑工程,pripreme i mjere na gradilištu,vertikalni transport,vertikalni transport
800647,toranjska dizalica 800T M,Equipment,Cranes,machine-shift,395.56,395.56,395.56,395.56,1,EUR,2.81,0.0071,4,4,建筑工程,pripreme i mjere na gradilištu,vertikalni transport,vertikalni transport
800648,toranjska dizalica 900T M,Equipment,Cranes,machine-shift,559.01,559.01,559.01,559.01,1,EUR,4.02,0.0072,4,4,建筑工程,pripreme i mjere na gradilištu,vertikalni transport,vertikalni transport
800704,električna visina dvostruka (400 unutar),Equipment,General,machine-shift,95.97,95.97,95.97,95.97,1,EUR,0.69,0.0072,4,4,建筑工程,pripreme i mjere na gradilištu,vertikalni transport,vertikalni transport
370050,čelična jednokrilna ravna vrata,Material,Steel & Metal,m2,52.66,52.66,52.66,52.66,1,EUR,52.66,1.0,4,4,建筑工程,radovi na vratima i prozorima,metalna vrata,
370051,čelična dvostruka ravna vrata,Material,Steel & Metal,m2,62.36,62.36,62.36,62.36,1,EUR,62.36,1.0,4,4,建筑工程,radovi na vratima i prozorima,metalna vrata,
090616,obična svrdla 4 6,Material,General,pcs,0.28,0.28,0.28,0.28,1,EUR,0.03,0.12,4,4,建筑工程,Opći radovi instalacije - Vol.4 Instalacija električne opreme,visoka električna instalacija,
090439,šarka,Material,General,pcs,1.05,1.05,1.05,1.05,1,EUR,1.61,1.5295,4,4,建筑工程,radovi na vratima i prozorima,,
370007,drvena vrata,Material,Wood & Timber,m2,24.25,24.25,24.25,24.25,1,EUR,24.25,1.0,4,4,建筑工程,radovi na vratima i prozorima,,
370008,drvena vrata s,Material,Wood & Timber,m2,27.71,27.71,27.71,27.71,1,EUR,27.71,1.0,4,4,建筑工程,radovi na vratima i prozorima,,
370009,drvena vrata,Material,Wood & Timber,m2,105.31,105.31,105.31,105.31,1,EUR,105.31,1.0,4,4,建筑工程,radovi na vratima i prozorima,,
370010,drvena vrata s,Material,Wood & Timber,m2,110.85,110.85,110.85,110.85,1,EUR,110.85,1.0,4,4,建筑工程,radovi na vratima i prozorima,,
090502,cinkovani čavao M5,Equipment,General,set,0.02,0.02,0.02,0.02,1,EUR,0.1,4.08,4,4,建筑工程,Opći radovi instalacije - Vol.4 Instalacija električne opreme,,
370052,čelična jednokrilna vrata,Material,Steel & Metal,m2,48.5,48.5,48.5,48.5,1,EUR,48.5,1.0,4,4,建筑工程,radovi na vratima i prozorima,metalna vrata,
370053,čelična dvokrilna vrata,Material,Steel & Metal,m2,58.2,58.2,58.2,58.2,1,EUR,58.2,1.0,4,4,建筑工程,radovi na vratima i prozorima,metalna vrata,
110040,gipsana masa,Material,General,kg,0.34,0.34,0.34,0.34,1,EUR,0.22,0.662,4,4,建筑工程,"završne obrade zidova i stupova, pregrade i zavjese",parcijalni,parcijalni
080174,traka od betona s ceramsitom,Material,Concrete & Cement,m2,7.62,7.62,7.62,7.62,1,EUR,8.0,1.05,4,4,建筑工程,"završne obrade zidova i stupova, pregrade i zavjese",parcijalni,parcijalni
800645,toranjski dizalica 500T M,Equipment,Cranes,machine-shift,316.75,316.75,316.75,316.75,1,EUR,1.69,0.0054,4,4,建筑工程,pripreme i mjere na gradilištu,vertikalni transport,vertikalni transport
800646,toranjski dizalica 600T M,Equipment,Cranes,machine-shift,361.66,361.66,361.66,361.66,1,EUR,2.57,0.0071,4,4,建筑工程,pripreme i mjere na gradilištu,vertikalni transport,vertikalni transport
800649,električna visina dvostruka (200 unutar),Equipment,General,machine-shift,64.45,64.45,64.45,64.45,1,EUR,0.34,0.0054,4,4,建筑工程,pripreme i mjere na gradilištu,vertikalni transport,vertikalni transport
110346,boja od ugljenog bitumena L01-17,Material,Paint & Coatings,kg,1.13,1.13,1.13,1.13,1,EUR,0.65,0.5788,4,4,建筑工程,"Opći radovi instalacije - Vol.12 Slikarstvo, antikorozivna zaštita, toplinska iz",metalno vezivanje strukturno četkanje,
110835,premaz,Material,General,kg,2.36,2.36,2.36,2.36,1,EUR,1.06,0.45,4,4,建筑工程,"radovi slikanja, premazivanja i lijepljenja papira",premazivanje sprejem i četkom,sloj premaza za završnu obradu zidova
110200,emulzijska boja,Material,Paint & Coatings,kg,0.98,0.98,0.98,0.98,1,EUR,0.16,0.165,4,4,建筑工程,"radovi slikanja, premazivanja i lijepljenja papira",premazivanje sprejem i četkom,sloj premaza za završnu obradu zidova
100038,ljepilo za pod,Material,General,m2,2.31,2.31,2.31,2.31,1,EUR,2.55,1.1,4,4,建筑工程,radovi završne obrade poda,završni sloj,ground
150189,temelj (),Material,General,m2,9.7,9.7,9.7,9.7,1,EUR,10.18,1.05,4,4,建筑工程,radovi završne obrade poda,završni sloj,ground
150327,temelj (),Material,General,m2,6.93,6.93,6.93,6.93,1,EUR,7.27,1.05,4,4,建筑工程,radovi završne obrade poda,završni sloj,ground
100369,NSJ antikorozivni premaz,Material,General,kg,3.55,3.55,3.55,3.55,1,EUR,0.79,0.222,4,4,建筑工程,"Opći radovi instalacije - Vol.12 Slikarstvo, antikorozivna zaštita, toplinska iz",,
110487,vodena cementna boja,Material,Concrete & Cement,kg,2.74,2.74,2.74,2.74,1,EUR,1.08,0.3938,3,3,建筑工程,"radovi slikanja, premazivanja i lijepljenja papira",premazivanje sprejem i četkom,sloj završne obrade stropa
120004,poliuretan,Material,General,m3,99.77,99.77,99.77,99.77,1,EUR,4.19,0.042,3,3,建筑工程,"radovi slikanja, premazivanja i lijepljenja papira",,
150041,s,Material,General,m2,8.41,8.41,8.41,8.41,1,EUR,10.09,1.2,3,3,建筑工程,"radovi slikanja, premazivanja i lijepljenja papira",,
110489,ljepilo,Material,General,kg,3.05,3.05,3.05,3.05,1,EUR,0.55,0.18,3,3,建筑工程,"radovi slikanja, premazivanja i lijepljenja papira",,
800206,ploča 20×2500,Equipment,General,machine-shift,13.55,13.55,13.55,13.55,1,EUR,0.01,0.001,3,3,建筑工程,Opći radovi instalacije - Vol.7 Ventilacija i klimatizacija,,
110109,ljepilo,Material,General,kg,5.1,5.1,5.1,5.1,1,EUR,1.02,0.2,3,3,建筑工程,Opći radovi instalacije - Vol.7 Ventilacija i klimatizacija,,
120044,fenolni,Material,General,pcs,0.06,0.06,0.06,0.06,1,EUR,0.18,3.18,3,3,建筑工程,Opći radovi instalacije - Vol.7 Ventilacija i klimatizacija,,
180640,polimer,Material,General,kg,2.49,2.49,2.49,2.49,1,EUR,1.23,0.4947,3,3,建筑工程,radovi toplinske i akustične izolacije i antikorozivne zaštite,antikorozivni,protivkorozivni premaz
090330,metalni lajsna,Material,Steel & Metal,m,4.43,4.43,4.43,4.43,1,EUR,4.57,1.03,3,3,建筑工程,radovi završne obrade poda,lajsna,
060201,podloga ploča,Material,General,m,0.69,0.69,0.69,0.69,1,EUR,0.71,1.03,3,3,建筑工程,radovi završne obrade poda,lajsna,
110507,visinski premaz,Material,General,kg,3.6,3.6,3.6,3.6,1,EUR,4.38,1.215,3,3,建筑工程,"radovi slikanja, premazivanja i lijepljenja papira",premazivanje sprejem i četkom,sloj premaza za završnu obradu zidova
110506,premaz,Material,General,kg,2.11,2.11,2.11,2.11,1,EUR,8.77,4.163,3,3,建筑工程,"radovi slikanja, premazivanja i lijepljenja papira",premazivanje sprejem i četkom,sloj premaza za završnu obradu zidova
800539,dizelski zabijač pilota,Equipment,General,machine-shift,40.78,40.78,40.78,40.78,1,EUR,2.32,0.057,3,3,建筑工程,tretman tla i potpora padinama,,
840010,metal,Material,Steel & Metal,kg,0.58,0.58,0.58,0.58,1,EUR,0.45,0.782,3,3,建筑工程,tretman tla i potpora padinama,,
370066,ploča vrata,Material,General,m2,95.61,95.61,95.61,95.61,1,EUR,95.61,1.0,3,3,建筑工程,radovi na vratima i prozorima,metalna vrata,
100210,PE ploča (debljina 5mm),Material,General,m2,1.37,1.37,1.37,1.37,1,EUR,1.51,1.105,3,3,建筑工程,radovi na krovovima i hidroizolaciji,"vodonepropusna površina zida, otpornost na vlagu",vodonepropusna membrana za zidne površine
090724,čavli,Material,Fasteners,pcs,0.03,0.03,0.03,0.03,1,EUR,0.16,6.0,3,3,建筑工程,radovi na krovovima i hidroizolaciji,"vodonepropusna površina zida, otpornost na vlagu",vodonepropusna membrana za zidne površine
090281,okrugli 3×18,Material,General,pcs,0.13,0.13,0.13,0.13,1,EUR,0.19,1.4133,3,3,建筑工程,Opći radovi instalacije - Vol.7 Ventilacija i klimatizacija,,
120001,lateks 20,Material,General,m2,0.88,0.88,0.88,0.88,1,EUR,0.15,0.1767,3,3,建筑工程,Opći radovi instalacije - Vol.7 Ventilacija i klimatizacija,,
091023,galvanizirano s vijcima 16×(85 100),Material,Fasteners,set,0.27,0.27,0.27,0.27,1,EUR,0.55,2.04,3,3,建筑工程,Opći radovi instalacije - Vol.7 Ventilacija i klimatizacija,ugradnja nosača i izrada,izrada i ugradnja nosača
390147,ugradnja šuplje podne ploče (300 unutar),Material,General,m,44.34,44.34,44.34,44.34,1,EUR,46.56,1.05,3,3,建筑工程,betonski i armirano-betonski radovi,ploča od betona ugrađena na licu,
390146,ugradnja šuplje podne ploče (200 unutar),Material,General,m,36.58,36.58,36.58,36.58,1,EUR,38.41,1.05,3,3,建筑工程,betonski i armirano-betonski radovi,ploča od betona ugrađena na licu,
390145,ugradnja šupljeg podnog panela (100 unutar),Material,General,m,31.87,31.87,31.87,31.87,1,EUR,33.46,1.05,3,3,建筑工程,betonski i armirano-betonski radovi,ploča od betona ugrađena na licu,
020110,beton,Material,Concrete & Cement,pcs,0.28,0.28,0.28,0.28,1,EUR,0.74,2.6667,3,3,建筑工程,betonski i armirano-betonski radovi,ploča od betona ugrađena na licu,
800039,okrugli 40×4,Equipment,General,machine-shift,2.47,2.47,2.47,2.47,1,EUR,0.18,0.0713,3,3,建筑工程,Opći radovi instalacije - Vol.7 Ventilacija i klimatizacija,izrada i ugradnja metalne mreže (030703007 030703010),
110114,brtvena boja,Material,Paint & Coatings,kg,1.8,1.8,1.8,1.8,1,EUR,0.05,0.0253,3,3,建筑工程,"radovi slikanja, premazivanja i lijepljenja papira",boja na žbukanom površini,"gletanje, kalupljenje, bojanje"
090455,nehrđajući čelični podnožni profil,Material,Steel & Metal,m,7.54,7.54,7.54,7.54,1,EUR,4.71,0.625,3,3,建筑工程,ostali dekorativni radovi,,okvir
090950,legura aluminija TS-S,Material,General,m,4.16,4.16,4.16,4.16,1,EUR,5.63,1.3553,3,3,建筑工程,ostali dekorativni radovi,,zid
030119,plywood 12mm,Material,Wood & Timber,m2,3.6,3.6,3.6,3.6,1,EUR,5.06,1.4053,3,3,建筑工程,ostali dekorativni radovi,,zid
090454,nehrđajući čelik,Material,Steel & Metal,m,2.01,2.01,2.01,2.01,1,EUR,3.4,1.69,3,3,建筑工程,ostali dekorativni radovi,,okvir
170062,32,Material,General,m,0.79,0.79,0.79,0.79,1,EUR,0.28,0.35,3,3,建筑工程,radovi na krovovima i hidroizolaciji,vodonepropusnost krova i sitni materijali,krov (balkon) () voda
370065,ploča vrata,Material,General,m2,63.74,63.74,63.74,63.74,1,EUR,63.74,1.0,3,3,建筑工程,radovi na vratima i prozorima,metalna vrata,
370064,ravna ploča vrata,Material,General,m2,69.28,69.28,69.28,69.28,1,EUR,69.28,1.0,3,3,建筑工程,radovi na vratima i prozorima,metalna vrata,
030231,drvna građa,Material,Wood & Timber,m3,256.35,256.35,256.35,256.35,1,EUR,3.1,0.0121,3,3,建筑工程,radovi na drvenim konstrukcijama,podloga krovišta od drva,
030143,krovni drveni element,Material,Wood & Timber,m2,7.34,7.34,7.34,7.34,1,EUR,6.16,0.8393,3,3,建筑工程,radovi na drvenim konstrukcijama,podloga krovišta od drva,
350009,kalup BV-2.5,Material,General,m,0.24,0.24,0.24,0.24,1,EUR,1.12,4.6831,3,3,建筑工程,Opći radovi instalacije - Vol.4 Instalacija električne opreme,oblikovanje,
091475,vijak za zaustavljanje vode M14,Material,Fasteners,m,1.66,1.66,1.66,1.66,1,EUR,2.12,1.2741,3,3,建筑工程,pripreme i mjere na gradilištu,betonska oplata i nosači za lijevanje na licu mjesta,zid
370145,drvena vrata,Material,Wood & Timber,m2,55.43,55.43,55.43,55.43,1,EUR,55.43,1.0,3,3,建筑工程,radovi na vratima i prozorima,,
370144,nema drvenih vrata,Material,Wood & Timber,m2,80.37,80.37,80.37,80.37,1,EUR,80.37,1.0,3,3,建筑工程,radovi na vratima i prozorima,,
370089,drvena vrata,Material,Wood & Timber,m2,123.33,123.33,123.33,123.33,1,EUR,123.33,1.0,3,3,建筑工程,radovi na vratima i prozorima,,
310031,ljepilo s 20×20,Material,General,jedinica,0.42,0.42,0.42,0.42,1,EUR,0.16,0.3733,3,3,建筑工程,Opći radovi instalacije - Vol.4 Instalacija električne opreme,suha električna energija,
080248,parcijalni,Material,General,m2,41.57,41.57,41.57,41.57,1,EUR,41.57,1.0,3,3,建筑工程,"završne obrade zidova i stupova, pregrade i zavjese",parcijalni,gotova pregrada
080247,pregradni zid,Material,General,m2,30.49,30.49,30.49,30.49,1,EUR,30.49,1.0,3,3,建筑工程,"završne obrade zidova i stupova, pregrade i zavjese",parcijalni,gotova pregrada
850129,električna montaža,Equipment,General,machine-shift,10.99,10.99,10.99,10.99,1,EUR,49.45,4.5,3,3,建筑工程,Opći radovi instalacije - Vol.4 Instalacija električne opreme,,električna energija
080031,Čelik u obliku slova U CS60-2A,Material,Steel & Metal,pcs,0.06,0.06,0.06,0.06,1,EUR,0.08,1.3502,3,3,建筑工程,radovi na stropovima,suspendirani strop,stropna greda
080024,U -oblikovani lagani čelični nosač CB38-2,Material,Steel & Metal,pcs,0.1,0.1,0.1,0.1,1,EUR,0.08,0.8484,3,3,建筑工程,radovi na stropovima,suspendirani strop,stropna greda
090193,čavao AM8,Material,Fasteners,pcs,0.04,0.04,0.04,0.04,1,EUR,0.05,1.04,3,3,建筑工程,Opći radovi instalacije - Vol.7 Ventilacija i klimatizacija,,
110278,čelik povezivanje strukturna debljina tip premaza,Material,Steel & Metal,kg,0.35,0.35,0.35,0.35,1,EUR,4.92,14.204,3,3,建筑工程,"radovi slikanja, premazivanja i lijepljenja papira",premazivanje sprejem i četkom,metalna strukturna četkasta prevlaka
110279,čelično vezivni strukturni premaz,Material,Steel & Metal,kg,0.87,0.87,0.87,0.87,1,EUR,5.92,6.7757,3,3,建筑工程,"radovi slikanja, premazivanja i lijepljenja papira",premazivanje sprejem i četkom,metalna strukturna četkasta prevlaka
110280,čelično vezivni strukturni premaz,Material,Steel & Metal,kg,2.15,2.15,2.15,2.15,1,EUR,4.86,2.2636,3,3,建筑工程,"radovi slikanja, premazivanja i lijepljenja papira",premazivanje sprejem i četkom,metalna strukturna četkasta prevlaka
110222,razrjeđivač za poliuretanski emajl,Material,Paint & Coatings,kg,2.02,2.02,2.02,2.02,1,EUR,0.08,0.0412,3,3,建筑工程,"radovi slikanja, premazivanja i lijepljenja papira",premazivanje sprejem i četkom,sloj završne obrade stropa
030132,površina od nehrđajućeg čelika širine 600mm,Material,Steel & Metal,m,124.71,124.71,124.71,124.71,1,EUR,124.71,1.0,3,3,建筑工程,ostali dekorativni radovi,,
030131,kamen površina širina 600mm,Material,General,m,152.43,152.43,152.43,152.43,1,EUR,152.43,1.0,3,3,建筑工程,ostali dekorativni radovi,,
030130,mramorna površina širine 600mm,Material,General,m,131.64,131.64,131.64,131.64,1,EUR,131.64,1.0,3,3,建筑工程,ostali dekorativni radovi,,
060098,kamen površina,Material,General,m2,55.43,55.43,55.43,55.43,1,EUR,48.47,0.8745,3,3,建筑工程,ostali dekorativni radovi,,
030160,1050×3600×450,Material,General,pcs,900.7,900.7,900.7,900.7,1,EUR,900.7,1.0,3,3,建筑工程,ostali dekorativni radovi,,
080020,U -oblikovani lagani čelični nosač CS50-L,Material,Steel & Metal,pcs,0.22,0.22,0.22,0.22,1,EUR,0.04,0.1963,3,3,建筑工程,radovi na stropovima,suspendirani strop,stropna greda
080023,U -oblikovani lagani čelični nosač CB60-3,Material,Steel & Metal,pcs,0.07,0.07,0.07,0.07,1,EUR,0.49,6.7894,3,3,建筑工程,radovi na stropovima,suspendirani strop,stropna greda
080013,U -oblikovani lagani čelični nosač CB60×27,Material,Steel & Metal,m,0.87,0.87,0.87,0.87,1,EUR,3.75,4.2965,3,3,建筑工程,radovi na stropovima,suspendirani strop,stropna greda
850128,električna energija,Equipment,General,machine-shift,2.95,2.95,2.95,2.95,1,EUR,10.33,3.5,3,3,建筑工程,Opći radovi instalacije - Vol.4 Instalacija električne opreme,,električna energija
280231,spoj 20,Material,General,pcs,0.05,0.05,0.05,0.05,1,EUR,0.1,1.864,3,3,建筑工程,Opći radovi instalacije - Vol.4 Instalacija električne opreme,oblikovanje,dodatno oblikovanje električne energije
090510,cinkovana matica za zaključavanje (metal) 20,Material,Steel & Metal,pcs,0.05,0.05,0.05,0.05,1,EUR,0.12,2.3507,3,3,建筑工程,Opći radovi instalacije - Vol.4 Instalacija električne opreme,oblikovanje,dodatno oblikovanje električne energije
280352,metalna spojka 20,Material,Steel & Metal,pcs,0.17,0.17,0.17,0.17,1,EUR,0.26,1.5207,3,3,建筑工程,Opći radovi instalacije - Vol.4 Instalacija električne opreme,oblikovanje,dodatno oblikovanje električne energije
100201,modificirani bitumen,Material,Waterproofing,t,95.38,95.38,95.38,95.38,1,EUR,1.05,0.011,3,3,建筑工程,radovi završne obrade poda,dekorativni koraci,
810143,1: 1: 2.5 kamen obični kamen,Material,General,m3,52.59,52.59,52.59,52.59,1,EUR,0.86,0.0163,3,3,建筑工程,radovi završne obrade poda,dekorativni koraci,
350007,kalup BVR-6,Material,General,m,0.58,0.58,0.58,0.58,1,EUR,0.59,1.02,3,3,建筑工程,Opći radovi instalacije - Vol.11 Oprema i linije za komunikaciju,kalupiranje (SLC),
350072,dvostruko oblikovanje RVS2×1.0mm,Material,General,m,0.34,0.34,0.34,0.34,1,EUR,1.4,4.08,3,3,建筑工程,Opći radovi instalacije - Vol.11 Oprema i linije za komunikaciju,,
350070,dvostruko oblikovanje RVS2×0.5mm,Material,General,m,0.17,0.17,0.17,0.17,1,EUR,0.71,4.08,3,3,建筑工程,Opći radovi instalacije - Vol.11 Oprema i linije za komunikaciju,,
120071,vodonepropusni zaustavnik s,Material,Water,m,4.49,4.49,4.49,4.49,1,EUR,4.71,1.05,3,3,建筑工程,radovi na krovovima i hidroizolaciji,"vodonepropusnost podruma i poda, otpornost na vlagu",vodonepropusni zaustavnik s
280164,metalna osnova 30,Material,Steel & Metal,pcs,0.27,0.27,0.27,0.27,1,EUR,0.28,1.03,3,3,建筑工程,Opći radovi instalacije - Vol.4 Instalacija električne opreme,,
280193,metal BP-30,Material,Steel & Metal,pcs,0.16,0.16,0.16,0.16,1,EUR,0.32,2.06,3,3,建筑工程,Opći radovi instalacije - Vol.4 Instalacija električne opreme,,
280428,kalup 30,Material,General,pcs,1.44,1.44,1.44,1.44,1,EUR,2.97,2.06,3,3,建筑工程,Opći radovi instalacije - Vol.4 Instalacija električne opreme,,
080246,parcijalni,Material,General,m2,55.43,55.43,55.43,55.43,1,EUR,55.43,1.0,3,3,建筑工程,"završne obrade zidova i stupova, pregrade i zavjese",parcijalni,gotova pregrada
060043,savijena ploča,Material,General,m2,20.79,20.79,20.79,20.79,1,EUR,20.99,1.01,3,3,建筑工程,"završne obrade zidova i stupova, pregrade i zavjese",zidna obloga,dekorativna ploča za zidne površine
080739,dekorativna ploča aluminijska ploča poliuretanski kompozit dekorativna ploča,Material,General,m2,52.66,52.66,52.66,52.66,1,EUR,55.29,1.05,3,3,建筑工程,"završne obrade zidova i stupova, pregrade i zavjese",zidna obloga,dekorativna ploča za zidne površine
800034,DC aparat za zavarivanje 20kW,Equipment,Welding Equip.,machine-shift,3.38,3.38,3.38,3.38,1,EUR,0.29,0.0853,3,3,建筑工程,Opći radovi instalacije - Vol.6 Instrumentacija za automatizaciju i kontrolu,,
110738,acetilen,Material,Chemicals,kg,1.22,1.22,1.22,1.22,1,EUR,0.01,0.0062,3,3,建筑工程,Opći radovi instalacije - Vol.6 Instrumentacija za automatizaciju i kontrolu,,
190001,15,Material,General,pcs,3.51,3.51,3.51,3.51,1,EUR,3.56,1.0167,3,3,建筑工程,Opći radovi instalacije - Vol.9 Zaštita od požara,,
100031,bitumen,Material,Waterproofing,kg,0.42,0.42,0.42,0.42,1,EUR,1.82,4.375,3,3,建筑工程,Opći radovi instalacije - Vol.7 Ventilacija i klimatizacija,zid,
030146,1100×6950×1200,Material,General,pcs,2702.09,2702.09,2702.09,2702.09,1,EUR,2702.09,1.0,3,3,建筑工程,ostali dekorativni radovi,,
030162,1100×3600×950,Material,General,pcs,1396.77,1396.77,1396.77,1396.77,1,EUR,1396.77,1.0,3,3,建筑工程,ostali dekorativni radovi,,
030161,1100×3260×800,Material,General,pcs,1080.84,1080.84,1080.84,1080.84,1,EUR,1080.84,1.0,3,3,建筑工程,ostali dekorativni radovi,,
050028,keramička ploča 1000×800,Material,General,m2,12.47,12.47,12.47,12.47,1,EUR,12.97,1.04,3,3,建筑工程,"završne obrade zidova i stupova, pregrade i zavjese",zidna obloga,dekorativna ploča za zidne površine
110455,ljepilo od vodnog stakla,Material,Glass,m3,346.42,346.42,346.42,346.42,1,EUR,0.73,0.0021,3,3,建筑工程,radovi toplinske i akustične izolacije i antikorozivne zaštite,sloj zaštitnog sloja protiv korozije,antikorozivni sloj završnog betona
040051,šljunak (0.5 3.2),Material,Aggregates,kg,0.01,0.01,0.01,0.01,1,EUR,0.44,53.436,3,3,建筑工程,radovi toplinske i akustične izolacije i antikorozivne zaštite,sloj zaštitnog sloja protiv korozije,antikorozivni sloj završnog betona
050029,keramička ploča površine 1200×1000,Material,General,m2,15.24,15.24,15.24,15.24,1,EUR,15.85,1.04,3,3,建筑工程,"završne obrade zidova i stupova, pregrade i zavjese",zidna obloga,dekorativna ploča za zidne površine
110527,fenolna gotova boja,Material,Paint & Coatings,kg,5.27,5.27,5.27,5.27,1,EUR,0.63,0.12,3,3,建筑工程,Opći radovi instalacije - Vol.6 Instrumentacija za automatizaciju i kontrolu,,
050073,staklo 12mm,Material,Glass,m2,29.93,29.93,29.93,29.93,1,EUR,31.74,1.0604,3,3,建筑工程,"završne obrade zidova i stupova, pregrade i zavjese",parcijalni,staklena pregrada
091521,6×120 vijak,Material,Fasteners,pcs,0.21,0.21,0.21,0.21,1,EUR,1.71,8.24,3,3,建筑工程,radovi na krovovima i hidroizolaciji,vodonepropusnost krova i sitni materijali,krov
091520,traka duljine 900,Material,General,pcs,4.16,4.16,4.16,4.16,1,EUR,4.28,1.03,3,3,建筑工程,radovi na krovovima i hidroizolaciji,vodonepropusnost krova i sitni materijali,krov
010688,0.7 debljine 26 pocinčani čelični lim,Material,Steel & Metal,m2,2.08,2.08,2.08,2.08,1,EUR,0.8,0.386,3,3,建筑工程,radovi na krovovima i hidroizolaciji,vodonepropusnost krova i sitni materijali,krov
010687,aluminijska ploča debljine 1.2,Material,General,m2,9.09,9.09,9.09,9.09,1,EUR,8.54,0.939,3,3,建筑工程,radovi na krovovima i hidroizolaciji,vodonepropusnost krova i sitni materijali,krov
010127,aluminijska ploča 0.8,Material,General,m2,5.28,5.28,5.28,5.28,1,EUR,7.57,1.434,3,3,建筑工程,radovi na krovovima i hidroizolaciji,vodonepropusnost krova i sitni materijali,krov
080206,vodoravna nosač za spušteni strop 38×15,Material,General,m,0.59,0.59,0.59,0.59,1,EUR,0.73,1.2367,3,3,建筑工程,radovi na stropovima,suspendirani strop,stropna greda
080035,U profil laganog čeličnog okvira CB50-1P,Material,Steel & Metal,pcs,0.12,0.12,0.12,0.12,1,EUR,0.28,2.3566,3,3,建筑工程,radovi na stropovima,suspendirani strop,stropna greda
090682,s vijkom M16×60,Material,Fasteners,set,0.4,0.4,0.4,0.4,1,EUR,6.47,16.32,3,3,建筑工程,Opći radovi instalacije - Vol.6 Instrumentacija za automatizaciju i kontrolu,,
850170,BM-2061000M,Equipment,General,machine-shift,3.24,3.24,3.24,3.24,1,EUR,0.81,0.25,3,3,建筑工程,Opći radovi instalacije - Vol.5 Sustavi zgrade inteligencije,,"instalacija, pojedinačna"
110283,kit,Material,General,kg,1.31,1.31,1.31,1.31,1,EUR,3.92,3.0,3,3,建筑工程,Opći radovi instalacije - Vol.5 Sustavi zgrade inteligencije,,"instalacija, pojedinačna"
030159,1050×4450×450,Material,General,pcs,1122.41,1122.41,1122.41,1122.41,1,EUR,1122.41,1.0,3,3,建筑工程,ostali dekorativni radovi,,
030158,1150×4300×700,Material,General,pcs,1316.4,1316.4,1316.4,1316.4,1,EUR,1316.4,1.0,3,3,建筑工程,ostali dekorativni radovi,,
030157,1150×4400×600,Material,General,pcs,1101.62,1101.62,1101.62,1101.62,1,EUR,1101.62,1.0,3,3,建筑工程,ostali dekorativni radovi,,
030156,1150×4860×550,Material,General,pcs,1219.4,1219.4,1219.4,1219.4,1,EUR,1219.4,1.0,3,3,建筑工程,ostali dekorativni radovi,,
030155,1150×13400×500,Material,General,pcs,3353.36,3353.36,3353.36,3353.36,1,EUR,3353.36,1.0,3,3,建筑工程,ostali dekorativni radovi,,
030154,1600×4500×620,Material,General,pcs,1371.83,1371.83,1371.83,1371.83,1,EUR,1371.83,1.0,3,3,建筑工程,ostali dekorativni radovi,,
030153,1100×6400×500,Material,General,pcs,1593.54,1593.54,1593.54,1593.54,1,EUR,1593.54,1.0,3,3,建筑工程,ostali dekorativni radovi,,
030152,1150×5540×600,Material,General,pcs,1382.92,1382.92,1382.92,1382.92,1,EUR,1382.92,1.0,3,3,建筑工程,ostali dekorativni radovi,,
030151,1150×7000×500,Material,General,pcs,1745.97,1745.97,1745.97,1745.97,1,EUR,1745.97,1.0,3,3,建筑工程,ostali dekorativni radovi,,
030150,1150×5035×500,Material,General,pcs,1260.98,1260.98,1260.98,1260.98,1,EUR,1260.98,1.0,3,3,建筑工程,ostali dekorativni radovi,,
030149,1100×5320×550,Material,General,pcs,1330.26,1330.26,1330.26,1330.26,1,EUR,1330.26,1.0,3,3,建筑工程,ostali dekorativni radovi,,
030148,1100×5950×550,Material,General,pcs,1482.69,1482.69,1482.69,1482.69,1,EUR,1482.69,1.0,3,3,建筑工程,ostali dekorativni radovi,,
030147,1100×5960×1200,Material,General,pcs,2314.1,2314.1,2314.1,2314.1,1,EUR,2314.1,1.0,3,3,建筑工程,ostali dekorativni radovi,,
080128,aluminijski profil za ovjes stropa LB50×26,Material,General,m,0.71,0.71,0.71,0.71,1,EUR,0.81,1.1484,3,3,建筑工程,radovi na stropovima,suspendirani strop,stropna greda
800153,ploča 20×2500,Equipment,General,machine-shift,14.09,14.09,14.09,14.09,1,EUR,0.02,0.0011,3,3,建筑工程,radovi na krovovima i hidroizolaciji,"vodonepropusnost podruma i poda, otpornost na vlagu",vodonepropusni zaustavnik s
850094,VIDAR,Equipment,General,machine-shift,36.8,36.8,36.8,36.8,1,EUR,24.54,0.6667,3,3,建筑工程,Opći radovi instalacije - Vol.4 Instalacija električne opreme,visinska električna instalacija,"električna energija, komad"
210088,nehrđajući čelik,Material,Steel & Metal,pcs,16.63,16.63,16.63,16.63,1,EUR,16.63,1.0,3,3,建筑工程,ostali dekorativni radovi,,
090450,nehrđajući čelik,Material,Steel & Metal,set,5.54,5.54,5.54,5.54,1,EUR,5.54,1.0,3,3,建筑工程,ostali dekorativni radovi,,
280075,kalup 700,Material,General,pcs,3.6,3.6,3.6,3.6,1,EUR,3.6,1.0,3,3,建筑工程,Opći radovi instalacije - Vol.4 Instalacija električne opreme,ugradnja kalupa,
120031,5,Material,General,m,0.02,0.02,0.02,0.02,1,EUR,0.03,2.02,3,3,建筑工程,Opći radovi instalacije - Vol.11 Oprema i linije za komunikaciju,,
330020,10m jednokratni,Material,General,pcs,22.0,22.0,22.0,22.0,1,EUR,22.44,1.02,3,3,建筑工程,Opći radovi instalacije - Vol.11 Oprema i linije za komunikaciju,,
060037,mramor,Material,General,pcs,29.1,29.1,29.1,29.1,1,EUR,21.15,0.7267,3,3,建筑工程,ostali dekorativni radovi,"rukohvat, ograda, dekorativna ploča za ogradu",kamena ograda i rukohvat
060041,mramorni rukohvat (zakrivljeni),Material,General,m,19.84,19.84,19.84,19.84,1,EUR,24.8,1.25,3,3,建筑工程,ostali dekorativni radovi,"rukohvat, ograda, dekorativna ploča za ogradu",kamena ograda i rukohvat
060040,mramorni rukohvat (ravan),Material,General,m,14.55,14.55,14.55,14.55,1,EUR,17.02,1.17,3,3,建筑工程,ostali dekorativni radovi,"rukohvat, ograda, dekorativna ploča za ogradu",kamena ograda i rukohvat
390137,-oblik krovište ravni,Material,General,m3,345.04,345.04,345.04,345.04,1,EUR,345.04,1.0,3,3,建筑工程,betonski i armirano-betonski radovi,prednapređeni betonski panel,
390029,ploča,Material,General,m3,187.07,187.07,187.07,187.07,1,EUR,187.07,1.0,3,3,建筑工程,betonski i armirano-betonski radovi,prednapređeni betonski panel,
390017,tip krovišta,Material,General,m3,249.42,249.42,249.42,249.42,1,EUR,249.42,1.0,3,3,建筑工程,betonski i armirano-betonski radovi,prednapređeni betonski panel,
850113,YS44F,Equipment,General,machine-shift,3.38,3.38,3.38,3.38,1,EUR,13.51,4.0,3,3,建筑工程,Opći radovi instalacije - Vol.5 Sustavi zgrade inteligencije,,
090298,strip,Material,General,kg,4.07,4.07,4.07,4.07,1,EUR,1.14,0.2801,3,3,建筑工程,"završne obrade zidova i stupova, pregrade i zavjese",zidna obloga,dekorativna ploča za zidne površine
080204,aluminium slab,Material,General,m2,19.4,19.4,19.4,19.4,1,EUR,20.37,1.05,3,3,建筑工程,"završne obrade zidova i stupova, pregrade i zavjese",zidna obloga,dekorativna ploča za zidne površine
080193,aluminium slab,Material,General,m2,15.24,15.24,15.24,15.24,1,EUR,16.0,1.05,3,3,建筑工程,"završne obrade zidova i stupova, pregrade i zavjese",zidna obloga,dekorativna ploča za zidne površine
010392,aluminium slab,Material,General,m2,55.43,55.43,55.43,55.43,1,EUR,58.2,1.05,3,3,建筑工程,"završne obrade zidova i stupova, pregrade i zavjese",zidna obloga,dekorativna ploča za zidne površine
810108,morter,Material,Concrete & Cement,m3,205.03,205.03,205.03,205.03,1,EUR,6.21,0.0303,3,3,建筑工程,radovi toplinske i akustične izolacije i antikorozivne zaštite,sloj zaštitnog sloja protiv korozije,antikorozivni sloj žbuke
110274,kamen,Material,General,kg,0.29,0.29,0.29,0.29,1,EUR,9.7,33.3174,3,3,建筑工程,radovi toplinske i akustične izolacije i antikorozivne zaštite,sloj zaštitnog sloja protiv korozije,antikorozivni sloj žbuke
810111,vodeno staklo beton,Material,Concrete & Cement,m3,176.58,176.58,176.58,176.58,1,EUR,5.85,0.0332,3,3,建筑工程,radovi toplinske i akustične izolacije i antikorozivne zaštite,sloj zaštitnog sloja protiv korozije,antikorozivni sloj završnog betona
460105,čelična ploča 0.5,Material,Steel & Metal,kg,4.99,4.99,4.99,4.99,1,EUR,0.75,0.15,3,3,建筑工程,Opći radovi instalacije - Vol.6 Instrumentacija za automatizaciju i kontrolu,,
100461,ljepilo debljine 2,Material,General,m2,4.16,4.16,4.16,4.16,1,EUR,0.55,0.133,3,3,建筑工程,radovi na krovovima i hidroizolaciji,vodonepropusnost krova i sitni materijali,krov
100101,E44,Material,General,kg,3.81,3.81,3.81,3.81,1,EUR,0.12,0.0304,3,3,建筑工程,radovi na krovovima i hidroizolaciji,"vodonepropusnost podruma i poda, otpornost na vlagu",vodonepropusni zaustavnik s
010041,obična čelična ploča 3,Material,Steel & Metal,m2,18.46,18.46,18.46,18.46,1,EUR,9.52,0.516,3,3,建筑工程,radovi na krovovima i hidroizolaciji,"vodonepropusnost podruma i poda, otpornost na vlagu",vodonepropusni zaustavnik s
010017,kutni čelik 63 izvan,Material,Steel & Metal,kg,0.52,0.52,0.52,0.52,1,EUR,9.25,17.8,3,3,建筑工程,Opći radovi instalacije - Vol.4 Instalacija električne opreme,ugradnja nosača i izrada,instalacija
300037,vrućecinkovani kutni čelik za podupiranje 50×50×5×770,Material,Steel & Metal,pcs,2.02,2.02,2.02,2.02,1,EUR,2.71,1.3373,3,3,建筑工程,Opći radovi instalacije - Vol.4 Instalacija električne opreme,,instalacija
090139,cinkano s vijcima 16×(275 300),Material,Fasteners,set,0.73,0.73,0.73,0.73,1,EUR,1.97,2.72,3,3,建筑工程,Opći radovi instalacije - Vol.4 Instalacija električne opreme,,instalacija
300017,galvanizirani dvostruki 65×6×830,Material,General,pair,3.38,3.38,3.38,3.38,1,EUR,6.8,2.01,3,3,建筑工程,Opći radovi instalacije - Vol.4 Instalacija električne opreme,,instalacija
390167,predgotovljeni beton 390×390,Material,Concrete & Cement,m2,41.57,41.57,41.57,41.57,1,EUR,42.4,1.02,3,3,建筑工程,betonski i armirano-betonski radovi,konstrukcijska,
390150,ploča zida od keramzit betona,Material,Concrete & Cement,m3,184.3,184.3,184.3,184.3,1,EUR,184.3,1.0,3,3,建筑工程,betonski i armirano-betonski radovi,konstrukcijska,
390020,betonska zidna ploča,Material,Concrete & Cement,m3,169.05,169.05,169.05,169.05,1,EUR,169.05,1.0,3,3,建筑工程,betonski i armirano-betonski radovi,konstrukcijska,
050014,s staklom 3mm,Equipment,General,m2,12.97,12.97,12.97,12.97,1,EUR,42.41,3.27,3,3,建筑工程,ostali dekorativni radovi,,okvir
030123,drvena obloga,Material,Wood & Timber,m2,3.33,3.33,3.33,3.33,1,EUR,16.0,4.8107,3,3,建筑工程,ostali dekorativni radovi,,
280136,kalup 20A,Material,General,pcs,0.03,0.03,0.03,0.03,1,EUR,0.05,2.03,3,3,建筑工程,Opći radovi instalacije - Vol.11 Oprema i linije za komunikaciju,,
850079,električna energija,Equipment,General,machine-shift,3.3,3.3,3.3,3.3,1,EUR,11.53,3.5,3,3,建筑工程,Opći radovi instalacije - Vol.11 Oprema i linije za komunikaciju,,
090893,električna energija 65,Material,General,pcs,0.17,0.17,0.17,0.17,1,EUR,1.19,7.0,3,3,建筑工程,Opći radovi instalacije - Vol.11 Oprema i linije za komunikaciju,,električna energija ()
090871,električna energija 55,Material,General,pcs,0.14,0.14,0.14,0.14,1,EUR,1.0,7.0,3,3,建筑工程,Opći radovi instalacije - Vol.11 Oprema i linije za komunikaciju,,električna energija ()
290065,(s vratima),Material,General,pcs,0.21,0.21,0.21,0.21,1,EUR,0.21,1.01,3,3,建筑工程,Opći radovi instalacije - Vol.11 Oprema i linije za komunikaciju,,električna energija ()
290086,(s vratima),Material,General,pcs,0.43,0.43,0.43,0.43,1,EUR,0.43,1.01,3,3,建筑工程,Opći radovi instalacije - Vol.11 Oprema i linije za komunikaciju,,električna energija ()
800114,bušenje 300 400,Equipment,General,machine-shift,50.97,50.97,50.97,50.97,1,EUR,3.6,0.0707,3,3,建筑工程,tretman tla i potpora padinama,"voda, vodovod",
100111,ljepilo za vodonepropusnu traku,Material,Water,m,8.59,8.59,8.59,8.59,1,EUR,9.02,1.05,3,3,建筑工程,radovi na krovovima i hidroizolaciji,"vodonepropusnost podruma i poda, otpornost na vlagu",vodonepropusni zaustavnik s
080241,aluminijska legura zidna ploča FK1-B,Material,General,m2,16.79,16.79,16.79,16.79,1,EUR,0.84,0.05,3,3,建筑工程,radovi na stropovima,suspendirani strop,sloj završne obloge stropa
080240,aluminium alloy slab,Material,General,m2,14.79,14.79,14.79,14.79,1,EUR,15.08,1.02,3,3,建筑工程,radovi na stropovima,suspendirani strop,sloj završne obloge stropa
080239,ugradnja aluminijske legure,Material,General,m2,13.86,13.86,13.86,13.86,1,EUR,14.13,1.02,3,3,建筑工程,radovi na stropovima,suspendirani strop,sloj završne obloge stropa
080223,oblikovanje,Material,General,m,0.17,0.17,0.17,0.17,1,EUR,0.3,1.8036,3,3,建筑工程,radovi na stropovima,suspendirani strop,sloj završne obloge stropa
090482,okvir od nehrđajućeg čelika,Material,Steel & Metal,set,3.17,3.17,3.17,3.17,1,EUR,3.17,1.0,3,3,建筑工程,ostali dekorativni radovi,,
090481,okvir,Material,General,set,1.97,1.97,1.97,1.97,1,EUR,1.97,1.0,3,3,建筑工程,ostali dekorativni radovi,,
090377,nehrđajući čelik (),Material,Steel & Metal,set,20.08,20.08,20.08,20.08,1,EUR,20.08,1.0,3,3,建筑工程,ostali dekorativni radovi,,
400017,C10 kameni beton,Material,Concrete & Cement,m3,50.58,50.58,50.58,50.58,1,EUR,51.08,1.01,3,3,建筑工程,betonski i armirano-betonski radovi,betonski sloj za zasipanje na licu mjesta,sloj za izravnavanje poda
400005,C10 gotovi beton,Material,Concrete & Cement,m3,48.5,48.5,48.5,48.5,1,EUR,48.98,1.01,3,3,建筑工程,betonski i armirano-betonski radovi,betonski sloj za zasipanje na licu mjesta,sloj za izravnavanje poda
091398,čelična žica 12,Material,Steel & Metal,pcs,1.65,1.65,1.65,1.65,1,EUR,29.98,18.18,3,3,建筑工程,Opći radovi instalacije - Vol.5 Sustavi zgrade inteligencije,,
120065,poli s,Material,General,jedinica,0.93,0.93,0.93,0.93,1,EUR,0.26,0.2833,3,3,建筑工程,Opći radovi instalacije - Vol.5 Sustavi zgrade inteligencije,,
090633,3,Material,General,set,16.31,16.31,16.31,16.31,1,EUR,32.62,2.0,3,3,建筑工程,betonski i armirano-betonski radovi,radovi od armiranog čelika,
090280,jedan,Material,General,set,3.87,3.87,3.87,3.87,1,EUR,7.73,2.0,3,3,建筑工程,betonski i armirano-betonski radovi,radovi od armiranog čelika,
010139,ploča,Material,General,set,1.61,1.61,1.61,1.61,1,EUR,3.21,2.0,3,3,建筑工程,betonski i armirano-betonski radovi,radovi od armiranog čelika,
800365,gusjeničar dizalica 40t,Equipment,Cranes,machine-shift,146.94,146.94,146.94,146.94,1,EUR,7.35,0.05,3,3,建筑工程,betonski i armirano-betonski radovi,radovi od armiranog čelika,
090136,galvanizirano s vijcima 16×(110 150),Material,Fasteners,set,0.62,0.62,0.62,0.62,1,EUR,0.63,1.02,3,3,建筑工程,Opći radovi instalacije - Vol.4 Instalacija električne opreme,,instalacija
100290,metal stone 50,Material,Steel & Metal,pcs,5.04,5.04,5.04,5.04,1,EUR,10.39,2.06,3,3,建筑工程,"Opći radovi instalacije - Vol.10 Opskrba vodom, odvodnja, grijanje, plin",,instalacija
180123,ravno (1.0MPa) 50,Material,General,pcs,2.42,2.42,2.42,2.42,1,EUR,3.23,1.3333,3,3,建筑工程,"Opći radovi instalacije - Vol.10 Opskrba vodom, odvodnja, grijanje, plin",,instalacija
180139,ravno (1.6MPa) 25,Material,General,pcs,1.26,1.26,1.26,1.26,1,EUR,2.95,2.3333,3,3,建筑工程,"Opći radovi instalacije - Vol.10 Opskrba vodom, odvodnja, grijanje, plin","voda, voda",vodovodna instalacija
390122,pilota 1000,Material,General,m,110.85,110.85,110.85,110.85,1,EUR,113.07,1.02,3,3,建筑工程,radovi na zabijanju,,
390121,pilota 800,Material,General,m,69.28,69.28,69.28,69.28,1,EUR,70.67,1.02,3,3,建筑工程,radovi na zabijanju,,
390120,pilota 600,Material,General,m,38.11,38.11,38.11,38.11,1,EUR,38.87,1.02,3,3,建筑工程,radovi na zabijanju,,
180148,ravno (1.6MPa) 200,Material,General,pcs,12.67,12.67,12.67,12.67,1,EUR,16.89,1.3333,3,3,建筑工程,"Opći radovi instalacije - Vol.10 Opskrba vodom, odvodnja, grijanje, plin",voda,voda ()
810087,beton od keramzita CL10,Material,Concrete & Cement,m3,48.35,48.35,48.35,48.35,1,EUR,48.83,1.01,3,3,建筑工程,betonski i armirano-betonski radovi,betonski sloj za zasipanje na licu mjesta,sloj za izravnavanje poda
110606,premaz,Material,General,kg,0.8,0.8,0.8,0.8,1,EUR,1.0,1.25,3,3,建筑工程,"radovi slikanja, premazivanja i lijepljenja papira",boja za drvene površine,"drvena ploča, vlaknasta ploča, boja za strop od šperploče"
110604,() završni sloj,Material,General,kg,4.16,4.16,4.16,4.16,1,EUR,3.2,0.77,3,3,建筑工程,"radovi slikanja, premazivanja i lijepljenja papira",boja za drvene površine,"drvena ploča, vlaknasta ploča, boja za strop od šperploče"
030173,1100×5840×1080,Material,General,pcs,2286.38,2286.38,2286.38,2286.38,1,EUR,2286.38,1.0,3,3,建筑工程,ostali dekorativni radovi,,
030172,1300×7200×950,Material,General,pcs,2397.24,2397.24,2397.24,2397.24,1,EUR,2397.24,1.0,3,3,建筑工程,ostali dekorativni radovi,,
030171,1100×4000×450,Material,General,pcs,997.69,997.69,997.69,997.69,1,EUR,997.69,1.0,3,3,建筑工程,ostali dekorativni radovi,,
030170,1100×12200×550,Material,General,pcs,3048.51,3048.51,3048.51,3048.51,1,EUR,3048.51,1.0,3,3,建筑工程,ostali dekorativni radovi,,
030169,1150×11500×500,Material,General,pcs,2909.94,2909.94,2909.94,2909.94,1,EUR,2909.94,1.0,3,3,建筑工程,ostali dekorativni radovi,,
030168,1150×3700×650 okrugli,Material,General,pcs,1662.82,1662.82,1662.82,1662.82,1,EUR,1662.82,1.0,3,3,建筑工程,ostali dekorativni radovi,,
030167,1100×6700×550,Material,General,pcs,1676.68,1676.68,1676.68,1676.68,1,EUR,1676.68,1.0,3,3,建筑工程,ostali dekorativni radovi,,
030166,1150×3900×700,Material,General,pcs,1080.84,1080.84,1080.84,1080.84,1,EUR,1080.84,1.0,3,3,建筑工程,ostali dekorativni radovi,,
030165,1150×5400×1250,Material,General,pcs,2244.81,2244.81,2244.81,2244.81,1,EUR,2244.81,1.0,3,3,建筑工程,ostali dekorativni radovi,,
030164,1150×4050×850,Material,General,pcs,1357.97,1357.97,1357.97,1357.97,1,EUR,1357.97,1.0,3,3,建筑工程,ostali dekorativni radovi,,
030163,1150×4200×800,Material,General,pcs,1635.11,1635.11,1635.11,1635.11,1,EUR,1635.11,1.0,3,3,建筑工程,ostali dekorativni radovi,,
090943,24 nehrđajući čelik (),Material,Steel & Metal,m,24.94,24.94,24.94,24.94,1,EUR,19.46,0.78,3,3,建筑工程,"završne obrade zidova i stupova, pregrade i zavjese",radovi na zavjesnim zidovima,stakleni zavjesni zid
090942,250 (jedan),Material,General,set,8.31,8.31,8.31,8.31,1,EUR,0.83,0.1,3,3,建筑工程,"završne obrade zidova i stupova, pregrade i zavjese",radovi na zavjesnim zidovima,stakleni zavjesni zid
090711,cinkani čelik,Material,Steel & Metal,pcs,1.11,1.11,1.11,1.11,1,EUR,7.15,6.449,3,3,建筑工程,radovi na stropovima,radovi na stropovima,
080323,nehrđajući čelik,Material,Steel & Metal,set,20.79,20.79,20.79,20.79,1,EUR,24.32,1.17,3,3,建筑工程,radovi na stropovima,radovi na stropovima,
080202,aluminijska legura,Material,General,m,0.52,0.52,0.52,0.52,1,EUR,0.97,1.85,3,3,建筑工程,radovi na stropovima,radovi na stropovima,
060036,mramorna ograda ploča (zakrivljena),Material,General,m2,50.26,50.26,50.26,50.26,1,EUR,46.24,0.92,3,3,建筑工程,ostali dekorativni radovi,"rukohvat, ograda, dekorativna ploča za ogradu",kamena ograda i rukohvat
060035,mramorna ploča za ogradu (ravna),Material,General,m2,27.02,27.02,27.02,27.02,1,EUR,23.24,0.86,3,3,建筑工程,ostali dekorativni radovi,"rukohvat, ograda, dekorativna ploča za ogradu",kamena ograda i rukohvat
090371,ograda 20,Material,General,m,10.03,10.03,10.03,10.03,1,EUR,65.49,6.528,3,3,建筑工程,ostali dekorativni radovi,"rukohvat, ograda, dekorativna ploča za ogradu","metalna ograda, rukohvat, ploča ograde"
090941,250 (),Material,General,set,11.09,11.09,11.09,11.09,1,EUR,2.66,0.24,3,3,建筑工程,"završne obrade zidova i stupova, pregrade i zavjese",radovi na zavjesnim zidovima,stakleni zavjesni zid
090940,250 (),Material,General,set,16.63,16.63,16.63,16.63,1,EUR,5.38,0.3233,3,3,建筑工程,"završne obrade zidova i stupova, pregrade i zavjese",radovi na zavjesnim zidovima,stakleni zavjesni zid
080283,strukturno lijepljenje čeličnog nosača,Material,Steel & Metal,kg,0.94,0.94,0.94,0.94,1,EUR,30.0,31.8333,3,3,建筑工程,"završne obrade zidova i stupova, pregrade i zavjese",radovi na zavjesnim zidovima,stakleni zavjesni zid
280255,cinkani spoj za električne kanale 32,Material,General,pcs,0.23,0.23,0.23,0.23,1,EUR,0.04,0.1648,3,3,建筑工程,Opći radovi instalacije - Vol.4 Instalacija električne opreme,,
010120,galvanizirani električni kanal 50,Material,General,m,2.9,2.9,2.9,2.9,1,EUR,2.98,1.03,3,3,建筑工程,Opći radovi instalacije - Vol.4 Instalacija električne opreme,,
010119,galvanizirani električni kanal 40,Material,General,m,1.94,1.94,1.94,1.94,1,EUR,2.0,1.03,3,3,建筑工程,Opći radovi instalacije - Vol.4 Instalacija električne opreme,,
080137,nosač spuštenog stropa LB10×8,Material,General,m,0.69,0.69,0.69,0.69,1,EUR,9.54,13.9017,3,3,建筑工程,radovi na stropovima,suspendirani strop,visilni strop
080136,nosač spuštenog stropa LB13×22,Material,General,m,0.86,0.86,0.86,0.86,1,EUR,1.67,1.9433,3,3,建筑工程,radovi na stropovima,suspendirani strop,visilni strop
080078,Čelični nosač u obliku slova T CL15×35,Material,Steel & Metal,m,0.61,0.61,0.61,0.61,1,EUR,0.44,0.7185,3,3,建筑工程,radovi na stropovima,suspendirani strop,visilni strop
080211,traka od aluminijske legure za letvu LB50-2,Material,General,pcs,0.08,0.08,0.08,0.08,1,EUR,0.1,1.19,3,3,建筑工程,radovi na stropovima,suspendirani strop,stropna greda
080210,aluminijski legirani traka za letvu LB50-1P,Material,General,pcs,0.08,0.08,0.08,0.08,1,EUR,0.1,1.19,3,3,建筑工程,radovi na stropovima,suspendirani strop,stropna greda
080133,dužina trake za letvu za spušteni strop 100×36,Material,General,set,0.2,0.2,0.2,0.2,1,EUR,0.08,0.425,3,3,建筑工程,radovi na stropovima,suspendirani strop,stropna greda
080132,dužina trake za letvu za spušteni strop 100×36,Material,General,m,0.82,0.82,0.82,0.82,1,EUR,0.45,0.5477,3,3,建筑工程,radovi na stropovima,suspendirani strop,stropna greda
380034,čelik,Material,Steel & Metal,t,872.98,872.98,872.98,872.98,1,EUR,872.98,1.0,3,3,建筑工程,radovi metalnih konstrukcija,čelična konstrukcija,
380033,čelična gazišta,Material,Steel & Metal,t,990.77,990.77,990.77,990.77,1,EUR,990.77,1.0,3,3,建筑工程,radovi metalnih konstrukcija,čelična konstrukcija,
380032,čelična gazišta,Material,Steel & Metal,t,921.48,921.48,921.48,921.48,1,EUR,921.48,1.0,3,3,建筑工程,radovi metalnih konstrukcija,čelična konstrukcija,
050033,19mm kaljeno staklo,Material,Glass,m2,55.43,55.43,55.43,55.43,1,EUR,13.3,0.24,3,3,建筑工程,"završne obrade zidova i stupova, pregrade i zavjese",radovi na zavjesnim zidovima,stakleni zavjesni zid
090947,18 (),Material,General,set,22.17,22.17,22.17,22.17,1,EUR,2.44,0.11,3,3,建筑工程,"završne obrade zidova i stupova, pregrade i zavjese",radovi na zavjesnim zidovima,stakleni zavjesni zid
090946,24 (),Material,General,set,30.49,30.49,30.49,30.49,1,EUR,2.74,0.09,3,3,建筑工程,"završne obrade zidova i stupova, pregrade i zavjese",radovi na zavjesnim zidovima,stakleni zavjesni zid
090945,16 nehrđajući čelik (),Material,Steel & Metal,m,8.31,8.31,8.31,8.31,1,EUR,6.6,0.7933,3,3,建筑工程,"završne obrade zidova i stupova, pregrade i zavjese",radovi na zavjesnim zidovima,stakleni zavjesni zid
090944,18 nehrđajući čelik (),Material,Steel & Metal,m,16.63,16.63,16.63,16.63,1,EUR,14.88,0.895,3,3,建筑工程,"završne obrade zidova i stupova, pregrade i zavjese",radovi na zavjesnim zidovima,stakleni zavjesni zid
090090,cinkovana maticu za zaključavanje 100,Material,Fasteners,pcs,0.28,0.28,0.28,0.28,1,EUR,0.04,0.1545,3,3,建筑工程,Opći radovi instalacije - Vol.4 Instalacija električne opreme,,galvanizirana čelična cijev
090089,cinkovana matica za zaključavanje 80,Material,Fasteners,pcs,0.24,0.24,0.24,0.24,1,EUR,0.04,0.1545,3,3,建筑工程,Opći radovi instalacije - Vol.4 Instalacija električne opreme,,galvanizirana čelična cijev
050074,s ljepilom za staklo,Material,Glass,m2,76.21,76.21,76.21,76.21,1,EUR,76.97,1.01,3,3,建筑工程,radovi na stropovima,radovi na stropovima,
080264,vrpca tip,Material,General,m2,36.03,36.03,36.03,36.03,1,EUR,40.78,1.1319,3,3,建筑工程,radovi na stropovima,suspendirani strop,visilni strop
130097,ploča 50mm,Material,General,m2,20.51,20.51,20.51,20.51,1,EUR,21.33,1.04,3,3,建筑工程,radovi toplinske i akustične izolacije i antikorozivne zaštite,,površina poda
030113,električna polistirenska ploča 5mm,Material,General,m2,4.57,4.57,4.57,4.57,1,EUR,4.66,1.02,3,3,建筑工程,radovi toplinske i akustične izolacije i antikorozivne zaštite,,površina poda
030112,samoljepiva ploča 5mm,Material,General,m2,4.99,4.99,4.99,4.99,1,EUR,5.09,1.02,3,3,建筑工程,radovi toplinske i akustične izolacije i antikorozivne zaštite,,površina poda
010170,0.5,Material,General,kg,6.93,6.93,6.93,6.93,1,EUR,34.13,4.9262,3,3,建筑工程,"završne obrade zidova i stupova, pregrade i zavjese",stup (greda) okrenut,dekorativna površina stupa (greda)
090059,matica 8,Material,Fasteners,pcs,0.01,0.01,0.01,0.01,1,EUR,0.01,0.727,3,3,建筑工程,radovi na stropovima,suspendirani strop,visilni strop
080235,nositelj,Material,General,set,1.39,1.39,1.39,1.39,1,EUR,3.52,2.5424,3,3,建筑工程,radovi na stropovima,suspendirani strop,visilni strop
080226,ploča 600×250,Material,General,pcs,2.77,2.77,2.77,2.77,1,EUR,13.99,5.0492,3,3,建筑工程,radovi na stropovima,suspendirani strop,visilni strop
010048,cinkovana čelična cijev 20,Material,Steel & Metal,kg,0.71,0.71,0.71,0.71,1,EUR,0.06,0.0816,3,3,建筑工程,radovi na stropovima,suspendirani strop,visilni strop
080222,3 čelična žica,Material,Steel & Metal,pcs,0.05,0.05,0.05,0.05,1,EUR,0.11,2.008,3,3,建筑工程,radovi na stropovima,suspendirani strop,visilni strop
090073,matica za zaključavanje 15,Material,Fasteners,pcs,0.04,0.04,0.04,0.04,1,EUR,0.01,0.2232,3,3,建筑工程,Opći radovi instalacije - Vol.4 Instalacija električne opreme,,zavarivanje čelične cijevi
810004,1: 2 cementni mort,Material,Concrete & Cement,m3,44.14,44.14,44.14,44.14,1,EUR,0.11,0.0024,3,3,建筑工程,"završne obrade zidova i stupova, pregrade i zavjese",,zidna površinska fugiranja
850014,SR43,Equipment,General,machine-shift,2.85,2.85,2.85,2.85,1,EUR,1.61,0.5667,3,3,建筑工程,Opći radovi instalacije - Vol.11 Oprema i linije za komunikaciju,električna energija (),
800586,YJ-340,Equipment,General,machine-shift,7.64,7.64,7.64,7.64,1,EUR,0.51,0.0667,3,3,建筑工程,tretman tla i potpora padinama,temeljna jama,sekcija čeličnih pilota
030175,1100×4380×550,Material,General,pcs,1094.69,1094.69,1094.69,1094.69,1,EUR,1094.69,1.0,3,3,建筑工程,ostali dekorativni radovi,,
030174,1100×3600×600,Material,General,pcs,900.7,900.7,900.7,900.7,1,EUR,900.7,1.0,3,3,建筑工程,ostali dekorativni radovi,,
170015,PVC-U voda 100,Material,Water,m,3.58,3.58,3.58,3.58,1,EUR,2.82,0.79,3,3,建筑工程,"Opći radovi instalacije - Vol.10 Opskrba vodom, odvodnja, grijanje, plin",,
800332,90t,Equipment,General,machine-shift,3.92,3.92,3.92,3.92,1,EUR,0.28,0.071,3,3,建筑工程,betonski i armirano-betonski radovi,radovi od armiranog čelika,
800131,65t unutar,Equipment,General,machine-shift,2.94,2.94,2.94,2.94,1,EUR,0.17,0.058,3,3,建筑工程,betonski i armirano-betonski radovi,radovi od armiranog čelika,
850109,jednofazna struja,Equipment,General,machine-shift,4.16,4.16,4.16,4.16,1,EUR,17.74,4.2667,3,3,建筑工程,Opći radovi instalacije - Vol.4 Instalacija električne opreme,,
280409,JDG(KBG) spojka 50,Material,General,pcs,0.73,0.73,0.73,0.73,1,EUR,0.12,0.1648,3,3,建筑工程,Opći radovi instalacije - Vol.4 Instalacija električne opreme,,() čelična cijev
280408,Spoj JDG(KBG) 40,Material,General,pcs,0.54,0.54,0.54,0.54,1,EUR,0.09,0.1648,3,3,建筑工程,Opći radovi instalacije - Vol.4 Instalacija električne opreme,,() čelična cijev
280410,JDG(KBG) spojka 15,Material,General,pcs,0.33,0.33,0.33,0.33,1,EUR,0.14,0.412,3,3,建筑工程,Opći radovi instalacije - Vol.4 Instalacija električne opreme,,() čelična cijev
280263,spojnica pocinčane čelične cijevi 50,Material,Steel & Metal,pcs,0.58,0.58,0.58,0.58,1,EUR,0.1,0.1648,3,3,建筑工程,Opći radovi instalacije - Vol.4 Instalacija električne opreme,,galvanizirana čelična cijev
280262,spojnica pocinčane čelične cijevi 40,Material,Steel & Metal,pcs,0.4,0.4,0.4,0.4,1,EUR,0.07,0.1648,3,3,建筑工程,Opći radovi instalacije - Vol.4 Instalacija električne opreme,,galvanizirana čelična cijev
070086,aluminijska ploča širine 40mm,Material,General,m,1.11,1.11,1.11,1.11,1,EUR,1.14,1.03,3,3,建筑工程,ostali dekorativni radovi,ukrasni kalup,metalna dekorativna lajsna
070085,dekorativna lajsna ploča 30mm izvan,Material,General,m,2.7,2.7,2.7,2.7,1,EUR,2.78,1.03,3,3,建筑工程,ostali dekorativni radovi,ukrasni kalup,metalna dekorativna lajsna
010107,bez čelične cijevi 426×8,Material,Steel & Metal,m,52.78,52.78,52.78,52.78,1,EUR,23.93,0.4533,3,3,建筑工程,"Opći radovi instalacije - Vol.10 Opskrba vodom, odvodnja, grijanje, plin",izrada i ugradnja,izrada vodonepropusnosti
010106,bez čelične cijevi 377×8,Material,Steel & Metal,m,46.6,46.6,46.6,46.6,1,EUR,21.13,0.4533,3,3,建筑工程,"Opći radovi instalacije - Vol.10 Opskrba vodom, odvodnja, grijanje, plin",izrada i ugradnja,izrada vodonepropusnosti
010103,čelična cijev bez 273×6,Material,Steel & Metal,m,24.97,24.97,24.97,24.97,1,EUR,11.32,0.4533,3,3,建筑工程,"Opći radovi instalacije - Vol.10 Opskrba vodom, odvodnja, grijanje, plin",izrada i ugradnja,izrada vodonepropusnosti
010076,zavarivanje čelične cijevi 200,Material,Steel & Metal,m,12.5,12.5,12.5,12.5,1,EUR,5.67,0.4533,3,3,建筑工程,"Opći radovi instalacije - Vol.10 Opskrba vodom, odvodnja, grijanje, plin",izrada i ugradnja,izrada vodonepropusnosti
800232,električni dvostruki nosač dizalica 5t,Equipment,Cranes,machine-shift,33.24,33.24,33.24,33.24,1,EUR,1.21,0.0363,3,3,建筑工程,"Opći radovi instalacije - Vol.10 Opskrba vodom, odvodnja, grijanje, plin",,
800049,108,Equipment,General,machine-shift,5.89,5.89,5.89,5.89,1,EUR,0.03,0.0055,3,3,建筑工程,"Opći radovi instalacije - Vol.10 Opskrba vodom, odvodnja, grijanje, plin",čelik kompozitni,
070084,ukrasna lajsna ploča 30mm unutar,Material,General,m,1.62,1.62,1.62,1.62,1,EUR,1.67,1.03,3,3,建筑工程,ostali dekorativni radovi,ukrasni kalup,metalna dekorativna lajsna
030145,750×4400×700 profil u obliku kalupa,Material,General,pcs,1829.11,1829.11,1829.11,1829.11,1,EUR,1829.11,1.0,3,3,建筑工程,ostali dekorativni radovi,,
030144,1100×6100×800,Material,General,pcs,2535.81,2535.81,2535.81,2535.81,1,EUR,2535.81,1.0,3,3,建筑工程,ostali dekorativni radovi,,
030176,1100×4200×600,Material,General,pcs,1163.98,1163.98,1163.98,1163.98,1,EUR,1163.98,1.0,3,3,建筑工程,ostali dekorativni radovi,,
100282,ljepilni trak,Material,General,kg,4.43,4.43,4.43,4.43,1,EUR,11.22,2.5305,3,3,建筑工程,radovi na stropovima,radovi na stropovima,
090208,galvanizirani električni 3×35,Material,General,pcs,0.19,0.19,0.19,0.19,1,EUR,0.38,2.0,3,3,建筑工程,Opći radovi instalacije - Vol.11 Oprema i linije za komunikaciju,,električna energija ()
300111,oblikovanje,Material,General,pair,2.02,2.02,2.02,2.02,1,EUR,8.17,4.04,3,3,建筑工程,Opći radovi instalacije - Vol.11 Oprema i linije za komunikaciju,,
280560,dvostruka ploča,Material,General,pair,0.63,0.63,0.63,0.63,1,EUR,3.82,6.06,3,3,建筑工程,Opći radovi instalacije - Vol.11 Oprema i linije za komunikaciju,,
280398,jedna ploča,Material,General,set,1.44,1.44,1.44,1.44,1,EUR,32.02,22.22,3,3,建筑工程,Opći radovi instalacije - Vol.11 Oprema i linije za komunikaciju,,
010109,čelična cijev bez 478×9,Material,Steel & Metal,m,66.93,66.93,66.93,66.93,1,EUR,30.34,0.4533,3,3,建筑工程,"Opći radovi instalacije - Vol.10 Opskrba vodom, odvodnja, grijanje, plin",izrada i ugradnja,izrada vodonepropusnosti
020095,cementni okvirni ploča,Material,Concrete & Cement,pcs,11.09,11.09,11.09,11.09,1,EUR,44.01,3.97,3,3,建筑工程,radovi na krovovima i hidroizolaciji,,profil i ostali elementi krova
100257,modificirani bitumenski kompozit () debljine 4mm,Material,Waterproofing,m2,11.78,11.78,11.78,11.78,1,EUR,14.99,1.273,3,3,建筑工程,radovi na krovovima i hidroizolaciji,vodonepropusnost krova i sitni materijali,vodonepropusna membrana za krov
110311,ljepilo,Material,General,kg,4.6,4.6,4.6,4.6,1,EUR,4.53,0.985,3,3,建筑工程,radovi na krovovima i hidroizolaciji,"vodonepropusnost podruma i poda, otpornost na vlagu",vodonepropusni zaustavnik s
100198,ljepilo 2mm,Material,General,m2,4.46,4.46,4.46,4.46,1,EUR,1.43,0.32,3,3,建筑工程,radovi na krovovima i hidroizolaciji,"vodonepropusnost podruma i poda, otpornost na vlagu",vodonepropusni zaustavnik s
090301,strip,Material,General,kg,6.93,6.93,6.93,6.93,1,EUR,0.99,0.143,3,3,建筑工程,radovi na krovovima i hidroizolaciji,"vodonepropusnost podruma i poda, otpornost na vlagu",vodonepropusni zaustavnik s
110445,poli vodonepropusna membrana 1.5mm,Material,Waterproofing,m2,7.62,7.62,7.62,7.62,1,EUR,8.28,1.0863,3,3,建筑工程,radovi na krovovima i hidroizolaciji,vodonepropusnost krova i sitni materijali,vodonepropusna membrana za krov
110184,CY-409 ljepilo,Material,General,kg,1.66,1.66,1.66,1.66,1,EUR,0.91,0.549,3,3,建筑工程,radovi na krovovima i hidroizolaciji,vodonepropusnost krova i sitni materijali,vodonepropusna membrana za krov
100108,bitumenski ljepilo,Material,Waterproofing,kg,0.88,0.88,0.88,0.88,1,EUR,0.05,0.0546,3,3,建筑工程,radovi na krovovima i hidroizolaciji,vodonepropusnost krova i sitni materijali,vodonepropusna membrana za krov
160255,čelik 492×192,Material,Steel & Metal,pcs,16.63,16.63,16.63,16.63,1,EUR,33.26,2.0,3,3,建筑工程,radovi na krovovima i hidroizolaciji,,profil i ostali elementi krova
080021,U profil laganog čelika CS60-L,Material,Steel & Metal,pcs,0.21,0.21,0.21,0.21,1,EUR,0.05,0.2133,3,3,建筑工程,radovi na stropovima,ukrasni strop,s
010130,ploča,Material,General,kg,8.52,8.52,8.52,8.52,1,EUR,69.11,8.11,3,3,建筑工程,radovi na krovovima i hidroizolaciji,"vodonepropusnost podruma i poda, otpornost na vlagu",vodonepropusni zaustavnik s
210066,voda 50,Material,Water,pcs,2.51,2.51,2.51,2.51,1,EUR,2.52,1.005,3,3,建筑工程,"Opći radovi instalacije - Vol.10 Opskrba vodom, odvodnja, grijanje, plin",,
060200,električna energija,Material,General,m,3.46,3.46,3.46,3.46,1,EUR,3.57,1.03,3,3,建筑工程,radovi završne obrade poda,lajsna,
110221,poliuretanski emajl,Material,Paint & Coatings,kg,3.23,3.23,3.23,3.23,1,EUR,0.83,0.2575,3,3,建筑工程,"radovi slikanja, premazivanja i lijepljenja papira",premazivanje sprejem i četkom,sloj završne obrade stropa
110164,ljepilo,Material,General,kg,1.11,1.11,1.11,1.11,1,EUR,0.0,0.0037,3,3,建筑工程,"radovi slikanja, premazivanja i lijepljenja papira",boja za drvene površine,drvena podloga ploče
810237,"cement, ugljen, čelik 2500kg/m3",Material,Concrete & Cement,m3,24.94,24.94,24.94,24.94,1,EUR,25.32,1.015,3,3,建筑工程,zemljani radovi i radovi s kamenom,zaobljavanje,nasipavanje temelja
800405,prskanje na visini,Equipment,General,machine-shift,34.0,34.0,34.0,34.0,1,EUR,2.48,0.073,3,3,建筑工程,tretman tla i potpora padinama,,
150172,drvna građa,Material,Wood & Timber,kg,0.35,0.35,0.35,0.35,1,EUR,0.16,0.473,3,3,建筑工程,tretman tla i potpora padinama,,
800095,bušenje (500 unutar) kompozit,Equipment,General,machine-shift,63.05,63.05,63.05,63.05,1,EUR,4.93,0.0782,3,3,建筑工程,tretman tla i potpora padinama,,
040026,šljunak (kompozit),Material,Aggregates,kg,0.01,0.01,0.01,0.01,1,EUR,13.69,1411.5,3,3,建筑工程,tretman tla i potpora padinama,zid i premazivanje četkom,
110765,H8701 premaz,Material,General,kg,3.33,3.33,3.33,3.33,1,EUR,0.98,0.294,3,3,建筑工程,"Opći radovi instalacije - Vol.12 Slikarstvo, antikorozivna zaštita, toplinska iz",,H8701 antikorozivni premaz
110766,NSJ-II antikorozivni premaz,Material,General,kg,4.85,4.85,4.85,4.85,1,EUR,1.0,0.2067,3,3,建筑工程,"Opći radovi instalacije - Vol.12 Slikarstvo, antikorozivna zaštita, toplinska iz",,
120025,plastični list,Material,General,m2,0.93,0.93,0.93,0.93,1,EUR,1.3,1.4,3,3,建筑工程,"Opći radovi instalacije - Vol.12 Slikarstvo, antikorozivna zaštita, toplinska iz",,
030021,ploča s uzorkom od drva,Material,Wood & Timber,m2,27.71,27.71,27.71,27.71,1,EUR,29.1,1.05,3,3,建筑工程,radovi završne obrade poda,završni sloj,timber ground slab
060023,kameni stepenici,Material,General,m2,43.65,43.65,43.65,43.65,1,EUR,68.49,1.569,3,3,建筑工程,radovi završne obrade poda,dekorativni koraci,
120248,kamen,Material,General,pcs,38.8,38.8,38.8,38.8,1,EUR,39.19,1.01,3,3,建筑工程,Opći radovi instalacije - Vol.11 Oprema i linije za komunikaciju,"tlo, i (031103032)",
350061,kalup RV500V16mm,Material,General,m,1.8,1.8,1.8,1.8,1,EUR,9.19,5.1,3,3,建筑工程,Opći radovi instalacije - Vol.11 Oprema i linije za komunikaciju,"tlo, i (031103032)",
100366,mrežna tkanina,Material,General,m,0.02,0.02,0.02,0.02,1,EUR,0.04,1.9,2,2,建筑工程,Opći radovi instalacije - Vol.7 Ventilacija i klimatizacija,,
110756,fluorokarbonna boja,Material,Paint & Coatings,kg,10.81,10.81,10.81,10.81,1,EUR,2.16,0.2,2,2,建筑工程,"radovi slikanja, premazivanja i lijepljenja papira",premazivanje sprejem i četkom,sloj premaza za završnu obradu zidova
110461,beton čistog tipa,Material,Concrete & Cement,kg,3.64,3.64,3.64,3.64,1,EUR,0.55,0.15,2,2,建筑工程,"radovi slikanja, premazivanja i lijepljenja papira",premazivanje sprejem i četkom,sloj premaza za završnu obradu zidova
110462,beton čistog tipa,Material,Concrete & Cement,kg,5.76,5.76,5.76,5.76,1,EUR,0.86,0.15,2,2,建筑工程,"radovi slikanja, premazivanja i lijepljenja papira",premazivanje sprejem i četkom,sloj premaza za završnu obradu zidova
040087,cementni drobljeni kamen,Material,Concrete & Cement,t,20.05,20.05,20.05,20.05,1,EUR,9.85,0.4914,2,2,建筑工程,Opći radovi instalacije - Vol.11 Oprema i linije za komunikaciju,pilota,vodena kolona
390104,električna hrpa 120×120×1200,Material,General,pcs,5.29,5.29,5.29,5.29,1,EUR,5.4,1.02,2,2,建筑工程,Opći radovi instalacije - Vol.11 Oprema i linije za komunikaciju,pilota,vodena kolona
030042,drvena lajsna,Material,Wood & Timber,m,2.66,2.66,2.66,2.66,1,EUR,2.74,1.03,2,2,建筑工程,radovi završne obrade poda,lajsna,
100206,kamen bitumen staklo,Material,Waterproofing,m2,2.77,2.77,2.77,2.77,1,EUR,3.88,1.4,2,2,建筑工程,"Opći radovi instalacije - Vol.12 Slikarstvo, antikorozivna zaštita, toplinska iz",,
150124,vreća,Material,General,m2,0.87,0.87,0.87,0.87,1,EUR,1.22,1.4,2,2,建筑工程,"Opći radovi instalacije - Vol.12 Slikarstvo, antikorozivna zaštita, toplinska iz",,
800169,prijevoz mulja 4000L,Equipment,General,machine-shift,127.61,127.61,127.61,127.61,1,EUR,0.71,0.0056,2,2,建筑工程,zemljani radovi i radovi s kamenom,transport,prijevoz mulja
800207,ploča 20×2500,Equipment,General,machine-shift,10.68,10.68,10.68,10.68,1,EUR,0.07,0.007,2,2,建筑工程,"Opći radovi instalacije - Vol.12 Slikarstvo, antikorozivna zaštita, toplinska iz",izrada i ugradnja,
110325,38%,Material,General,kg,0.05,0.05,0.05,0.05,1,EUR,0.0,0.078,2,2,建筑工程,"Opći radovi instalacije - Vol.12 Slikarstvo, antikorozivna zaštita, toplinska iz",,
390001,pravokutni stup,Material,General,m3,294.53,294.53,294.53,294.53,1,EUR,294.53,1.0,2,2,建筑工程,betonski i armirano-betonski radovi,prefabricirani betonski stup,
090170,uzemni vijak 20×200,Material,Fasteners,set,0.67,0.67,0.67,0.67,1,EUR,2.73,4.08,2,2,建筑工程,Opći radovi instalacije - Vol.7 Ventilacija i klimatizacija,instalacija,miješana () instalacija
020105,blok,Material,General,m3,52.66,52.66,52.66,52.66,1,EUR,37.54,0.713,2,2,建筑工程,zidarski radovi,zidarska opeka,
030117,drvena traka 100×15,Material,Wood & Timber,m2,11.09,11.09,11.09,11.09,1,EUR,12.19,1.1,2,2,建筑工程,"završne obrade zidova i stupova, pregrade i zavjese",parcijalni,parcijalni
090409,prozor,Material,Glass,m2,0.42,0.42,0.42,0.42,1,EUR,0.01,0.014,2,2,建筑工程,radovi na drvenim konstrukcijama,strukturno drvo,
030232,"drvena ploča, ploča",Material,Wood & Timber,m3,263.28,263.28,263.28,263.28,1,EUR,5.19,0.0197,2,2,建筑工程,radovi na drvenim konstrukcijama,strukturno drvo,
350032,profil 35mm2,Material,General,m,2.19,2.19,2.19,2.19,1,EUR,3.28,1.5,2,2,建筑工程,Opći radovi instalacije - Vol.4 Instalacija električne opreme,instalacija,
370079,s staklenim vratima,Material,Glass,m2,152.43,152.43,152.43,152.43,1,EUR,152.43,1.0,2,2,建筑工程,radovi na vratima i prozorima,vrata,
370077,bez staklenih vrata,Material,Glass,m2,138.57,138.57,138.57,138.57,1,EUR,138.57,1.0,2,2,建筑工程,radovi na vratima i prozorima,vrata,
020203,cement P.O32.5,Material,Concrete & Cement,kg,0.07,0.07,0.07,0.07,1,EUR,70.77,982.139,2,2,建筑工程,pripreme i mjere na gradilištu,"voda, vodovod",
800628,potopna pumpa 6 10t/h-20m,Equipment,Pumps,machine-shift,0.93,0.93,0.93,0.93,1,EUR,2.23,2.4062,2,2,建筑工程,pripreme i mjere na gradilištu,"voda, vodovod",voda
170654,promjer 48mm,Material,General,pcs,2.08,2.08,2.08,2.08,1,EUR,0.27,0.1306,2,2,建筑工程,pripreme i mjere na gradilištu,"voda, vodovod",vrt
180883,i vijak 100mm,Material,Fasteners,set,6.93,6.93,6.93,6.93,1,EUR,0.41,0.0594,2,2,建筑工程,pripreme i mjere na gradilištu,"voda, vodovod",vrt
010410,čelična cijev 40×20×2,Material,Steel & Metal,kg,3.05,3.05,3.05,3.05,1,EUR,19.91,6.5296,2,2,建筑工程,"završne obrade zidova i stupova, pregrade i zavjese",parcijalni,parcijalni
090196,šarka,Material,General,pair,0.69,0.69,0.69,0.69,1,EUR,2.08,3.0,2,2,建筑工程,"završne obrade zidova i stupova, pregrade i zavjese",parcijalni,gotova pregrada
030118,drvna građa,Material,Wood & Timber,m2,4.16,4.16,4.16,4.16,1,EUR,0.83,0.2,2,2,建筑工程,"završne obrade zidova i stupova, pregrade i zavjese",parcijalni,gotova pregrada
210035,voda s 50,Material,Water,set,1.35,1.35,1.35,1.35,1,EUR,1.35,1.0,2,2,建筑工程,"Opći radovi instalacije - Vol.10 Opskrba vodom, odvodnja, grijanje, plin",,
800048,rezanje 159,Equipment,General,machine-shift,1.87,1.87,1.87,1.87,1,EUR,0.11,0.0575,2,2,建筑工程,"Opći radovi instalacije - Vol.10 Opskrba vodom, odvodnja, grijanje, plin",,
180043,galvanizirano 15,Material,General,pcs,0.14,0.14,0.14,0.14,1,EUR,0.42,3.03,2,2,建筑工程,"Opći radovi instalacije - Vol.10 Opskrba vodom, odvodnja, grijanje, plin",,
210030,prskanje 15,Material,General,pcs,4.0,4.0,4.0,4.0,1,EUR,4.04,1.01,2,2,建筑工程,"Opći radovi instalacije - Vol.10 Opskrba vodom, odvodnja, grijanje, plin",,
280182,metal 38,Material,Steel & Metal,m,7.26,7.26,7.26,7.26,1,EUR,7.84,1.08,2,2,建筑工程,Opći radovi instalacije - Vol.4 Instalacija električne opreme,,
280217,metal SP-30,Material,Steel & Metal,pcs,0.08,0.08,0.08,0.08,1,EUR,0.17,2.074,2,2,建筑工程,Opći radovi instalacije - Vol.4 Instalacija električne opreme,,
280216,metal SP-24,Material,Steel & Metal,pcs,0.06,0.06,0.06,0.06,1,EUR,0.12,2.074,2,2,建筑工程,Opći radovi instalacije - Vol.4 Instalacija električne opreme,,
280180,metal 24,Material,Steel & Metal,m,5.45,5.45,5.45,5.45,1,EUR,5.88,1.08,2,2,建筑工程,Opći radovi instalacije - Vol.4 Instalacija električne opreme,,
280215,metal SP-17,Material,Steel & Metal,pcs,0.05,0.05,0.05,0.05,1,EUR,0.11,2.074,2,2,建筑工程,Opći radovi instalacije - Vol.4 Instalacija električne opreme,,
280179,metal 17,Material,Steel & Metal,m,4.27,4.27,4.27,4.27,1,EUR,4.61,1.08,2,2,建筑工程,Opći radovi instalacije - Vol.4 Instalacija električne opreme,,
280214,metal SP-15,Material,Steel & Metal,pcs,0.05,0.05,0.05,0.05,1,EUR,0.11,2.074,2,2,建筑工程,Opći radovi instalacije - Vol.4 Instalacija električne opreme,,
280178,metal 15,Material,Steel & Metal,m,3.26,3.26,3.26,3.26,1,EUR,3.52,1.08,2,2,建筑工程,Opći radovi instalacije - Vol.4 Instalacija električne opreme,,
280213,metal SP-12,Material,Steel & Metal,pcs,0.05,0.05,0.05,0.05,1,EUR,0.1,2.074,2,2,建筑工程,Opći radovi instalacije - Vol.4 Instalacija električne opreme,,
280177,metal 12,Material,Steel & Metal,m,2.65,2.65,2.65,2.65,1,EUR,2.86,1.08,2,2,建筑工程,Opći radovi instalacije - Vol.4 Instalacija električne opreme,,
280212,metal SP-10,Material,Steel & Metal,pcs,0.05,0.05,0.05,0.05,1,EUR,0.1,2.074,2,2,建筑工程,Opći radovi instalacije - Vol.4 Instalacija električne opreme,,
280176,metal 10,Material,Steel & Metal,m,2.04,2.04,2.04,2.04,1,EUR,2.2,1.08,2,2,建筑工程,Opći radovi instalacije - Vol.4 Instalacija električne opreme,,
150173,fiksiranje,Material,General,m,0.28,0.28,0.28,0.28,1,EUR,1.1,3.969,2,2,建筑工程,radovi na krovovima i hidroizolaciji,,vezivanje konstrukcijskog krova
120119,PCF C,Material,General,m2,22.17,22.17,22.17,22.17,1,EUR,30.93,1.395,2,2,建筑工程,radovi na krovovima i hidroizolaciji,,vezivanje konstrukcijskog krova
080269,aluminium alloy slab,Material,General,m,9.7,9.7,9.7,9.7,1,EUR,9.7,1.0,2,2,建筑工程,radovi na krovovima i hidroizolaciji,,vezivanje konstrukcijskog krova
070015,drvo 100mm izvan,Material,Wood & Timber,pcs,3.46,3.46,3.46,3.46,1,EUR,3.74,1.08,2,2,建筑工程,ostali dekorativni radovi,ukrasni kalup,ukrasni drveni profil
070016,drvo 100mm unutar,Material,Wood & Timber,pcs,1.55,1.55,1.55,1.55,1,EUR,1.68,1.08,2,2,建筑工程,ostali dekorativni radovi,ukrasni kalup,ukrasni drveni profil
280184,metal 63,Material,Steel & Metal,m,10.1,10.1,10.1,10.1,1,EUR,10.91,1.08,2,2,建筑工程,Opći radovi instalacije - Vol.4 Instalacija električne opreme,,
280418,metal SP-50,Material,Steel & Metal,pcs,0.22,0.22,0.22,0.22,1,EUR,0.45,2.074,2,2,建筑工程,Opći radovi instalacije - Vol.4 Instalacija električne opreme,,
280429,kalup 38,Material,General,pcs,2.37,2.37,2.37,2.37,1,EUR,4.91,2.074,2,2,建筑工程,Opći radovi instalacije - Vol.4 Instalacija električne opreme,,
280417,metal SP-38,Material,Steel & Metal,pcs,0.15,0.15,0.15,0.15,1,EUR,0.32,2.074,2,2,建筑工程,Opći radovi instalacije - Vol.4 Instalacija električne opreme,,
280098,S1-S4,Material,General,pcs,0.22,0.22,0.22,0.22,1,EUR,0.23,1.02,2,2,建筑工程,Opći radovi instalacije - Vol.4 Instalacija električne opreme,ugradnja kalupa,
280073,oblikovanje 86HS,Material,General,pcs,0.22,0.22,0.22,0.22,1,EUR,0.23,1.02,2,2,建筑工程,Opći radovi instalacije - Vol.4 Instalacija električne opreme,ugradnja kalupa,
010233,kutni čelik,Material,Steel & Metal,kg,0.61,0.61,0.61,0.61,1,EUR,7.7,12.6574,2,2,建筑工程,radovi na stropovima,ukrasni strop,nadstrešnica
110056,ljepilo,Material,General,kg,1.14,1.14,1.14,1.14,1,EUR,0.01,0.0094,2,2,建筑工程,Opći radovi instalacije - Vol.4 Instalacija električne opreme,,PVC
280277,PVC spoj i brava 70,Material,General,set,1.24,1.24,1.24,1.24,1,EUR,0.19,0.1545,2,2,建筑工程,Opći radovi instalacije - Vol.4 Instalacija električne opreme,,PVC
280229,PVC spojka 70,Material,General,pcs,0.61,0.61,0.61,0.61,1,EUR,0.09,0.1545,2,2,建筑工程,Opći radovi instalacije - Vol.4 Instalacija električne opreme,,PVC
210037,voda s 100,Material,Water,set,4.52,4.52,4.52,4.52,1,EUR,4.52,1.0,2,2,建筑工程,"Opći radovi instalacije - Vol.10 Opskrba vodom, odvodnja, grijanje, plin",,
280081,metal 40,Material,Steel & Metal,m,1.33,1.33,1.33,1.33,1,EUR,1.37,1.03,2,2,建筑工程,Opći radovi instalacije - Vol.4 Instalacija električne opreme,,
280080,metal 32,Material,Steel & Metal,m,1.1,1.1,1.1,1.1,1,EUR,1.14,1.03,2,2,建筑工程,Opći radovi instalacije - Vol.4 Instalacija električne opreme,,
280040,metal 25,Material,Steel & Metal,pcs,0.06,0.06,0.06,0.06,1,EUR,0.13,2.074,2,2,建筑工程,Opći radovi instalacije - Vol.4 Instalacija električne opreme,,
280079,metal 25,Material,Steel & Metal,m,0.76,0.76,0.76,0.76,1,EUR,0.78,1.03,2,2,建筑工程,Opći radovi instalacije - Vol.4 Instalacija električne opreme,,
280038,metal 15,Material,Steel & Metal,pcs,0.05,0.05,0.05,0.05,1,EUR,0.11,2.074,2,2,建筑工程,Opći radovi instalacije - Vol.4 Instalacija električne opreme,,
070138,aluminij duljine 100mm iznad,Material,General,pcs,1.52,1.52,1.52,1.52,1,EUR,1.57,1.03,2,2,建筑工程,ostali dekorativni radovi,ukrasni kalup,ukrasni aluminijski profil
070137,aluminijska dužina 100mm unutar,Material,General,pcs,1.0,1.0,1.0,1.0,1,EUR,1.03,1.03,2,2,建筑工程,ostali dekorativni radovi,ukrasni kalup,ukrasni aluminijski profil
280077,metal 15,Material,Steel & Metal,m,0.41,0.41,0.41,0.41,1,EUR,0.42,1.03,2,2,建筑工程,Opći radovi instalacije - Vol.4 Instalacija električne opreme,,
080277,ploča,Material,General,m2,24.94,24.94,24.94,24.94,1,EUR,24.94,1.0,2,2,建筑工程,"završne obrade zidova i stupova, pregrade i zavjese",radovi na zavjesnim zidovima,s okvirom za zavjesnu stijenu
080256,aluminijska jednokratna ploča,Material,General,m2,48.5,48.5,48.5,48.5,1,EUR,48.5,1.0,2,2,建筑工程,"završne obrade zidova i stupova, pregrade i zavjese",radovi na zavjesnim zidovima,s okvirom za zavjesnu stijenu
070110,ukrasni stup od gotovog drvenog proizvoda 350,Material,Wood & Timber,pcs,251.47,251.47,251.47,251.47,1,EUR,251.47,1.0,2,2,建筑工程,"završne obrade zidova i stupova, pregrade i zavjese",stup (greda) okrenut,ukrasni stupac gotovog proizvoda
070109,gotov proizvod gipsana ukrasna kolona 350,Material,General,pcs,25.15,25.15,25.15,25.15,1,EUR,25.15,1.0,2,2,建筑工程,"završne obrade zidova i stupova, pregrade i zavjese",stup (greda) okrenut,ukrasni stupac gotovog proizvoda
190005,20,Material,General,pcs,4.93,4.93,4.93,4.93,1,EUR,4.98,1.01,2,2,建筑工程,"Opći radovi instalacije - Vol.10 Opskrba vodom, odvodnja, grijanje, plin","voda, voda",vodovodna instalacija
010087,čelična cijev 530×10,Material,Steel & Metal,m,108.8,108.8,108.8,108.8,1,EUR,57.67,0.53,2,2,建筑工程,"Opći radovi instalacije - Vol.10 Opskrba vodom, odvodnja, grijanje, plin",izrada i ugradnja,izrada vodonepropusnosti
800605,električna energija,Equipment,General,machine-shift,1.59,1.59,1.59,1.59,1,EUR,0.58,0.3667,2,2,建筑工程,radovi na krovovima i hidroizolaciji,,vezivanje konstrukcijskog krova
800584,40 (),Equipment,General,machine-shift,0.55,0.55,0.55,0.55,1,EUR,0.02,0.0333,2,2,建筑工程,radovi na krovovima i hidroizolaciji,,vezivanje konstrukcijskog krova
120028,temeljna ploča,Material,General,m2,2.44,2.44,2.44,2.44,1,EUR,2.56,1.05,2,2,建筑工程,radovi završne obrade poda,završni sloj,
800199,električna vitla (jednostruka) 3t,Equipment,Hoists,machine-shift,14.76,14.76,14.76,14.76,1,EUR,4.13,0.28,2,2,建筑工程,"Opći radovi instalacije - Vol.10 Opskrba vodom, odvodnja, grijanje, plin",instalacija,
170074,PVC 70,Material,General,m,1.8,1.8,1.8,1.8,1,EUR,1.89,1.05,2,2,建筑工程,Opći radovi instalacije - Vol.4 Instalacija električne opreme,,PVC
170073,PVC 50,Material,General,m,1.22,1.22,1.22,1.22,1,EUR,1.28,1.05,2,2,建筑工程,Opći radovi instalacije - Vol.4 Instalacija električne opreme,,PVC
170072,PVC 40,Material,General,m,0.86,0.86,0.86,0.86,1,EUR,0.9,1.05,2,2,建筑工程,Opći radovi instalacije - Vol.4 Instalacija električne opreme,,PVC
170071,PVC 32,Material,General,m,0.67,0.67,0.67,0.67,1,EUR,0.7,1.05,2,2,建筑工程,Opći radovi instalacije - Vol.4 Instalacija električne opreme,,PVC
170070,PVC 25,Material,General,m,0.37,0.37,0.37,0.37,1,EUR,0.39,1.05,2,2,建筑工程,Opći radovi instalacije - Vol.4 Instalacija električne opreme,,PVC
280224,PVC spojka 20,Material,General,pcs,0.08,0.08,0.08,0.08,1,EUR,0.01,0.1751,2,2,建筑工程,Opći radovi instalacije - Vol.4 Instalacija električne opreme,,PVC
170069,PVC 20,Material,General,m,0.32,0.32,0.32,0.32,1,EUR,0.33,1.05,2,2,建筑工程,Opći radovi instalacije - Vol.4 Instalacija električne opreme,,PVC
070004,drvena traka ploče 50mm preko,Material,Wood & Timber,m,1.66,1.66,1.66,1.66,1,EUR,1.8,1.08,2,2,建筑工程,ostali dekorativni radovi,ukrasni kalup,ukrasni drveni profil
070003,drvena traka 50mm unutra,Material,Wood & Timber,m,0.75,0.75,0.75,0.75,1,EUR,0.81,1.08,2,2,建筑工程,ostali dekorativni radovi,ukrasni kalup,ukrasni drveni profil
280025,oblikovanje,Material,General,pcs,3.74,3.74,3.74,3.74,1,EUR,3.82,1.02,2,2,建筑工程,Opći radovi instalacije - Vol.4 Instalacija električne opreme,ugradnja kalupa,
800203,električna energija 100 izvan,Equipment,General,machine-shift,11.64,11.64,11.64,11.64,1,EUR,0.88,0.076,2,2,建筑工程,"Opći radovi instalacije - Vol.10 Opskrba vodom, odvodnja, grijanje, plin",,
280223,PVC spojka 15,Material,General,pcs,0.07,0.07,0.07,0.07,1,EUR,0.01,0.1751,2,2,建筑工程,Opći radovi instalacije - Vol.4 Instalacija električne opreme,,PVC
170068,PVC 15,Material,General,m,0.25,0.25,0.25,0.25,1,EUR,0.26,1.05,2,2,建筑工程,Opći radovi instalacije - Vol.4 Instalacija električne opreme,,PVC
280065,(čelična cijev) 80,Material,Steel & Metal,pcs,0.11,0.11,0.11,0.11,1,EUR,0.02,0.1545,2,2,建筑工程,Opći radovi instalacije - Vol.4 Instalacija električne opreme,,galvanizirana čelična cijev
280245,zavarivanje čelične cijevi spoj 40,Material,Steel & Metal,pcs,0.35,0.35,0.35,0.35,1,EUR,0.06,0.1648,2,2,建筑工程,Opći radovi instalacije - Vol.4 Instalacija električne opreme,,zavarivanje čelične cijevi
090081,matica za zaključavanje 100,Material,Fasteners,pcs,0.2,0.2,0.2,0.2,1,EUR,0.03,0.1545,2,2,建筑工程,Opći radovi instalacije - Vol.4 Instalacija električne opreme,,zavarivanje čelične cijevi
090115,s vijcima 27×(120 140),Material,Fasteners,set,1.16,1.16,1.16,1.16,1,EUR,21.5,18.54,2,2,建筑工程,"Opći radovi instalacije - Vol.10 Opskrba vodom, odvodnja, grijanje, plin",instalacija,voda ()
100216,ljepivi blok 182×148×14,Material,General,pcs,1.69,1.69,1.69,1.69,1,EUR,14.49,8.57,2,2,建筑工程,Opći radovi instalacije - Vol.11 Oprema i linije za komunikaciju,,
110442,premaz (kalupiranje i brušenje),Material,General,kg,8.04,8.04,8.04,8.04,1,EUR,1.62,0.202,2,2,建筑工程,radovi na krovovima i hidroizolaciji,,profil i ostali elementi krova
060007,pločice od kamena za pod,Material,General,m2,8.11,8.11,8.11,8.11,1,EUR,8.27,1.02,2,2,建筑工程,radovi na krovovima i hidroizolaciji,,profil i ostali elementi krova
310007,kalup J-2,Material,General,pcs,2.44,2.44,2.44,2.44,1,EUR,4.93,2.02,2,2,建筑工程,Opći radovi instalacije - Vol.4 Instalacija električne opreme,,ugradnja kalupa i izrada čelika
170013,PVC-U voda 50,Material,Water,m,1.26,1.26,1.26,1.26,1,EUR,0.92,0.731,2,2,建筑工程,"Opći radovi instalacije - Vol.10 Opskrba vodom, odvodnja, grijanje, plin",,
170230,kompozitni 100,Material,General,m,28.68,28.68,28.68,28.68,1,EUR,29.19,1.0175,2,2,建筑工程,"Opći radovi instalacije - Vol.10 Opskrba vodom, odvodnja, grijanje, plin",čelik kompozitni,
170229,kompozitni 80,Material,General,m,23.28,23.28,23.28,23.28,1,EUR,23.69,1.0175,2,2,建筑工程,"Opći radovi instalacije - Vol.10 Opskrba vodom, odvodnja, grijanje, plin",čelik kompozitni,
170228,kompozitni 70,Material,General,m,17.32,17.32,17.32,17.32,1,EUR,17.62,1.0175,2,2,建筑工程,"Opći radovi instalacije - Vol.10 Opskrba vodom, odvodnja, grijanje, plin",čelik kompozitni,
170227,kompozit 50,Material,General,m,13.66,13.66,13.66,13.66,1,EUR,13.9,1.0175,2,2,建筑工程,"Opći radovi instalacije - Vol.10 Opskrba vodom, odvodnja, grijanje, plin",čelik kompozitni,
170226,kompozitni 40,Material,General,m,9.85,9.85,9.85,9.85,1,EUR,10.02,1.0175,2,2,建筑工程,"Opći radovi instalacije - Vol.10 Opskrba vodom, odvodnja, grijanje, plin",čelik kompozitni,
170016,PVC-U voda 125,Material,Water,m,4.38,4.38,4.38,4.38,1,EUR,4.17,0.952,2,2,建筑工程,"Opći radovi instalacije - Vol.10 Opskrba vodom, odvodnja, grijanje, plin",,
070044,PVC površina 100mm izvan,Material,General,pcs,2.99,2.99,2.99,2.99,1,EUR,3.08,1.03,2,2,建筑工程,ostali dekorativni radovi,ukrasni kalup,ukrasni kalup
120140,temeljna ploča 0.20m2 izvan,Material,General,m2,11.09,11.09,11.09,11.09,1,EUR,11.31,1.02,2,2,建筑工程,radovi završne obrade poda,završni sloj,
070043,PVC površina 100mm unutar,Material,General,pcs,1.39,1.39,1.39,1.39,1,EUR,1.43,1.03,2,2,建筑工程,ostali dekorativni radovi,ukrasni kalup,ukrasni kalup
850132,AD2291Z,Equipment,General,machine-shift,3.7,3.7,3.7,3.7,1,EUR,1.0,0.27,2,2,建筑工程,Opći radovi instalacije - Vol.4 Instalacija električne opreme,električna energija,"10kV, jednofazni"
170014,PVC-U voda 75,Material,Water,m,2.19,2.19,2.19,2.19,1,EUR,2.12,0.9685,2,2,建筑工程,"Opći radovi instalacije - Vol.10 Opskrba vodom, odvodnja, grijanje, plin",,
150123,električna energija 24AH,Material,General,pcs,101.16,101.16,101.16,101.16,1,EUR,4.05,0.04,2,2,建筑工程,Opći radovi instalacije - Vol.9 Zaštita od požara,,
010196,čelična ploča 2.5,Material,Steel & Metal,m2,28.93,28.93,28.93,28.93,1,EUR,0.45,0.0156,2,2,建筑工程,Opći radovi instalacije - Vol.9 Zaštita od požara,,
010197,čelična cijev 10,Material,Steel & Metal,m,3.53,3.53,3.53,3.53,1,EUR,2.18,0.618,2,2,建筑工程,Opći radovi instalacije - Vol.9 Zaštita od požara,,
130064,stak od kamene vune,Material,Glass,m3,58.2,58.2,58.2,58.2,1,EUR,3.33,0.0572,2,2,建筑工程,radovi toplinske i akustične izolacije i antikorozivne zaštite,,strop
020006,dodatni beton,Material,Concrete & Cement,m3,48.5,48.5,48.5,48.5,1,EUR,49.47,1.02,2,2,建筑工程,zidarski radovi,zidarska opeka,
090098,s vijcima 10×(40 60),Material,Fasteners,set,0.06,0.06,0.06,0.06,1,EUR,0.16,2.5,2,2,建筑工程,Opći radovi instalacije - Vol.9 Zaštita od požara,,
070106,gotova drvena stup visine 500mm unutar,Material,Wood & Timber,pcs,191.63,191.63,191.63,191.63,1,EUR,191.63,1.0,2,2,建筑工程,"završne obrade zidova i stupova, pregrade i zavjese",stup (greda) okrenut,ukrasni stupac gotovog proizvoda
070105,gotova drvena stup visine 350mm unutar,Material,Wood & Timber,pcs,94.42,94.42,94.42,94.42,1,EUR,94.42,1.0,2,2,建筑工程,"završne obrade zidova i stupova, pregrade i zavjese",stup (greda) okrenut,ukrasni stupac gotovog proizvoda
091068,čelični lim,Material,Steel & Metal,m2,24.94,24.94,24.94,24.94,1,EUR,24.94,1.0,2,2,建筑工程,"završne obrade zidova i stupova, pregrade i zavjese",stup (greda) okrenut,dekorativna površina stupa (greda)
010391,čelični lim,Material,Steel & Metal,m2,90.07,90.07,90.07,90.07,1,EUR,104.71,1.1625,2,2,建筑工程,"završne obrade zidova i stupova, pregrade i zavjese",stup (greda) okrenut,dekorativna površina stupa (greda)
080233,metalni okrugli 200,Material,Steel & Metal,pcs,0.84,0.84,0.84,0.84,1,EUR,21.41,25.5,2,2,建筑工程,radovi na stropovima,suspendirani strop,visilni strop
080231,metalni okrugli 150,Material,Steel & Metal,pcs,0.7,0.7,0.7,0.7,1,EUR,31.91,45.33,2,2,建筑工程,radovi na stropovima,suspendirani strop,visilni strop
280246,zavarivanje čelične cijevi spoj 50,Material,Steel & Metal,pcs,0.51,0.51,0.51,0.51,1,EUR,0.08,0.1648,2,2,建筑工程,Opći radovi instalacije - Vol.4 Instalacija električne opreme,,zavarivanje čelične cijevi
050009,proizvod od stakla s završnom obradom,Material,Glass,m2,48.5,48.5,48.5,48.5,1,EUR,49.95,1.03,2,2,建筑工程,"završne obrade zidova i stupova, pregrade i zavjese",stup (greda) okrenut,dekorativna površina stupa (greda)
030057,površinska ploča,Material,General,m2,3.6,3.6,3.6,3.6,1,EUR,4.11,1.1415,2,2,建筑工程,"završne obrade zidova i stupova, pregrade i zavjese",stup (greda) okrenut,dekorativna površina stupa (greda)
180146,ravno (1.6MPa) 125,Material,General,pcs,7.48,7.48,7.48,7.48,1,EUR,14.97,2.0,2,2,建筑工程,"Opći radovi instalacije - Vol.10 Opskrba vodom, odvodnja, grijanje, plin",voda,voda ()
180637,cinkani spoj (složeni),Material,General,pcs,1.59,1.59,1.59,1.59,1,EUR,0.35,0.221,2,2,建筑工程,"Opći radovi instalacije - Vol.10 Opskrba vodom, odvodnja, grijanje, plin",,instalacija
090103,s vijcima 12×(65 80),Material,Fasteners,set,0.09,0.09,0.09,0.09,1,EUR,0.22,2.403,2,2,建筑工程,"Opći radovi instalacije - Vol.10 Opskrba vodom, odvodnja, grijanje, plin",,instalacija
020015,prefabricirani beton,Material,Concrete & Cement,m3,59.58,59.58,59.58,59.58,1,EUR,1.01,0.0169,2,2,建筑工程,"Opći radovi instalacije - Vol.10 Opskrba vodom, odvodnja, grijanje, plin",,instalacija
010049,cinkovana čelična cijev 25,Material,Steel & Metal,kg,0.68,0.68,0.68,0.68,1,EUR,0.45,0.662,2,2,建筑工程,ostali dekorativni radovi,"rukohvat, ograda, dekorativna ploča za ogradu",drvena rukohvat na zidu
090410,galvanizirano 80,Material,General,pcs,0.6,0.6,0.6,0.6,1,EUR,0.71,1.1935,2,2,建筑工程,ostali dekorativni radovi,"rukohvat, ograda, dekorativna ploča za ogradu",drvena rukohvat na zidu
030062,drvena rukohvat (ravan) 105×65,Material,Wood & Timber,m,13.73,13.73,13.73,13.73,1,EUR,15.52,1.13,2,2,建筑工程,ostali dekorativni radovi,"rukohvat, ograda, dekorativna ploča za ogradu",drvena rukohvat na zidu
030051,drvena ograda 40,Material,Wood & Timber,m,2.26,2.26,2.26,2.26,1,EUR,9.54,4.2218,2,2,建筑工程,ostali dekorativni radovi,"rukohvat, ograda, dekorativna ploča za ogradu","drvena rukohvat, ograda, ploča ograde"
100281,brtvilo,Material,Rubber,pcs,3.88,3.88,3.88,3.88,1,EUR,0.31,0.08,2,2,建筑工程,"završne obrade zidova i stupova, pregrade i zavjese",radovi na zavjesnim zidovima,stakleni zavjesni zid
090080,zakretna matica 80,Material,Fasteners,pcs,0.17,0.17,0.17,0.17,1,EUR,0.03,0.1545,2,2,建筑工程,Opći radovi instalacije - Vol.4 Instalacija električne opreme,,zavarivanje čelične cijevi
090085,cinkana maticu za zaključavanje 32,Material,Fasteners,pcs,0.11,0.11,0.11,0.11,1,EUR,0.02,0.1545,2,2,建筑工程,Opći radovi instalacije - Vol.4 Instalacija električne opreme,,galvanizirana čelična cijev
090084,galvanizirana matica za zaključavanje 25,Material,Fasteners,pcs,0.09,0.09,0.09,0.09,1,EUR,0.01,0.1545,2,2,建筑工程,Opći radovi instalacije - Vol.4 Instalacija električne opreme,,galvanizirana čelična cijev
090074,matica za zaključavanje 20,Material,Fasteners,pcs,0.05,0.05,0.05,0.05,1,EUR,0.06,1.1898,2,2,建筑工程,Opći radovi instalacije - Vol.4 Instalacija električne opreme,ugradnja kalupa,zavarivanje čelične cijevi
280058,(čelična cijev) 15,Material,Steel & Metal,pcs,0.02,0.02,0.02,0.02,1,EUR,0.0,0.1545,2,2,建筑工程,Opći radovi instalacije - Vol.4 Instalacija električne opreme,,zavarivanje čelične cijevi
850046,FLUK2000,Equipment,General,machine-shift,19.09,19.09,19.09,19.09,1,EUR,0.6,0.0312,2,2,建筑工程,Opći radovi instalacije - Vol.5 Sustavi zgrade inteligencije,,
850026,mreža FWKE,Equipment,General,machine-shift,12.95,12.95,12.95,12.95,1,EUR,194.28,15.0,2,2,建筑工程,Opći radovi instalacije - Vol.5 Sustavi zgrade inteligencije,mreža,
090292,50g/,Material,General,kg,4.99,4.99,4.99,4.99,1,EUR,0.1,0.02,2,2,建筑工程,Opći radovi instalacije - Vol.5 Sustavi zgrade inteligencije,,instalacija
010535,s 200mm×0.2mm,Material,General,m,2.77,2.77,2.77,2.77,1,EUR,41.57,15.0,2,2,建筑工程,Opći radovi instalacije - Vol.4 Instalacija električne opreme,električna energija,
800071,stroj za prskani beton,Equipment,General,machine-shift,2.69,2.69,2.69,2.69,1,EUR,0.02,0.009,2,2,建筑工程,radovi toplinske i akustične izolacije i antikorozivne zaštite,,strop
150182,bez završnog sloja,Equipment,General,kg,0.28,0.28,0.28,0.28,1,EUR,0.14,0.498,2,2,建筑工程,radovi toplinske i akustične izolacije i antikorozivne zaštite,,strop
150181,no,Equipment,General,kg,0.36,0.36,0.36,0.36,1,EUR,2.7,7.5,2,2,建筑工程,radovi toplinske i akustične izolacije i antikorozivne zaštite,,strop
110454,vodootporni ljepilo,Material,Water,kg,0.07,0.07,0.07,0.07,1,EUR,0.06,0.75,2,2,建筑工程,radovi toplinske i akustične izolacije i antikorozivne zaštite,,strop
800274,dizalica 6t,Equipment,Cranes,machine-shift,49.4,49.4,49.4,49.4,1,EUR,9.88,0.2,2,2,建筑工程,"Opći radovi instalacije - Vol.10 Opskrba vodom, odvodnja, grijanje, plin",vodovodna instalacija,
170556,PVC-U vodonepropusna traka 50,Material,Water,pcs,0.26,0.26,0.26,0.26,1,EUR,0.26,1.01,2,2,建筑工程,"Opći radovi instalacije - Vol.10 Opskrba vodom, odvodnja, grijanje, plin",,
100292,metal kamen 100,Material,Steel & Metal,pcs,11.0,11.0,11.0,11.0,1,EUR,22.66,2.06,2,2,建筑工程,"Opći radovi instalacije - Vol.10 Opskrba vodom, odvodnja, grijanje, plin",,instalacija
180131,ravno (1.0MPa) 300,Material,General,pcs,25.36,25.36,25.36,25.36,1,EUR,25.36,1.0,2,2,建筑工程,"Opći radovi instalacije - Vol.10 Opskrba vodom, odvodnja, grijanje, plin",,instalacija
800198,električna vitla (jednostruka) 1t,Equipment,Hoists,machine-shift,14.13,14.13,14.13,14.13,1,EUR,47.63,3.37,2,2,建筑工程,"Opći radovi instalacije - Vol.10 Opskrba vodom, odvodnja, grijanje, plin",voda,vodovodna instalacija
180141,ravno (1.6MPa) 40,Material,General,pcs,2.27,2.27,2.27,2.27,1,EUR,3.41,1.5,2,2,建筑工程,"Opći radovi instalacije - Vol.10 Opskrba vodom, odvodnja, grijanje, plin","voda, voda",vodovodna instalacija
180152,ravno (1.6MPa) 400,Material,General,pcs,50.72,50.72,50.72,50.72,1,EUR,76.07,1.5,2,2,建筑工程,"Opći radovi instalacije - Vol.10 Opskrba vodom, odvodnja, grijanje, plin",voda,voda ()
180150,ravno (1.6MPa) 300,Material,General,pcs,25.61,25.61,25.61,25.61,1,EUR,38.41,1.5,2,2,建筑工程,"Opći radovi instalacije - Vol.10 Opskrba vodom, odvodnja, grijanje, plin",voda,voda ()
010148,čelična ploča 300×300×6,Material,Steel & Metal,kg,0.76,0.76,0.76,0.76,1,EUR,3.4,4.5,2,2,建筑工程,Opći radovi instalacije - Vol.4 Instalacija električne opreme,,instalacija
300025,galvanizirani kutni čelik 63×63×6×1400,Material,Steel & Metal,pcs,5.88,5.88,5.88,5.88,1,EUR,5.89,1.003,2,2,建筑工程,Opći radovi instalacije - Vol.4 Instalacija električne opreme,,instalacija
300011,vrućecinkovani ravni čelik 65×8×480,Material,Steel & Metal,pcs,0.32,0.32,0.32,0.32,1,EUR,0.97,3.015,2,2,建筑工程,Opći radovi instalacije - Vol.4 Instalacija električne opreme,,instalacija
300005,cinkovani okrugli štap 16×670,Material,General,pair,0.93,0.93,0.93,0.93,1,EUR,0.94,1.005,2,2,建筑工程,Opći radovi instalacije - Vol.4 Instalacija električne opreme,,instalacija
010004,s armiranom mrežom,Material,Steel & Metal,kg,0.7,0.7,0.7,0.7,1,EUR,702.54,1000.0,2,2,建筑工程,betonski i armirano-betonski radovi,radovi od armiranog čelika,
090962,lock,Material,General,komad,3.46,3.46,3.46,3.46,1,EUR,5.23,1.51,2,2,建筑工程,ostali dekorativni radovi,,
100027,ljepilo,Material,General,m,3.2,3.2,3.2,3.2,1,EUR,3.3,1.03,2,2,建筑工程,radovi završne obrade poda,lajsna,
120101,oksidacijski ljepilo promjer 8 debljina 1.5,Material,Chemicals,m,0.88,0.88,0.88,0.88,1,EUR,2.64,3.0,2,2,建筑工程,Opći radovi instalacije - Vol.11 Oprema i linije za komunikaciju,,
300033,galvanizirani kutni čelik 75×75×6×2100,Material,Steel & Metal,pcs,11.64,11.64,11.64,11.64,1,EUR,23.35,2.006,2,2,建筑工程,Opći radovi instalacije - Vol.4 Instalacija električne opreme,,instalacija
090967,ručnjak od nehrđajućeg čelika,Material,Steel & Metal,pcs,62.36,62.36,62.36,62.36,1,EUR,62.36,1.0,2,2,建筑工程,ostali dekorativni radovi,,rukohvat
090488,nehrđajući čelik,Material,Steel & Metal,set,12.47,12.47,12.47,12.47,1,EUR,12.47,1.0,2,2,建筑工程,ostali dekorativni radovi,,
090975,okvir,Material,General,set,55.43,55.43,55.43,55.43,1,EUR,55.43,1.0,2,2,建筑工程,ostali dekorativni radovi,,okvir
090976,okvir od nehrđajućeg čelika,Material,Steel & Metal,set,20.79,20.79,20.79,20.79,1,EUR,20.79,1.0,2,2,建筑工程,ostali dekorativni radovi,,okvir
090689,ploča od aluminijske legure mreže,Material,General,m2,11.42,11.42,11.42,11.42,1,EUR,6.85,0.6,2,2,建筑工程,ostali dekorativni radovi,,metal
090401,profil od aluminijske legure,Material,General,m,3.38,3.38,3.38,3.38,1,EUR,15.44,4.567,2,2,建筑工程,ostali dekorativni radovi,,metal
030075,drvena površina,Material,Wood & Timber,m,9.62,9.62,9.62,9.62,1,EUR,9.71,1.01,2,2,建筑工程,ostali dekorativni radovi,,prednja ploča
010159,čelik 168×7,Material,Steel & Metal,m,30.67,30.67,30.67,30.67,1,EUR,0.95,0.031,2,2,建筑工程,Opći radovi instalacije - Vol.4 Instalacija električne opreme,,galvanizirana čelična cijev
010158,čelik 143×4.5,Material,Steel & Metal,m,16.77,16.77,16.77,16.77,1,EUR,0.52,0.031,2,2,建筑工程,Opći radovi instalacije - Vol.4 Instalacija električne opreme,,galvanizirana čelična cijev
010157,čelik 121×4,Material,Steel & Metal,m,15.23,15.23,15.23,15.23,1,EUR,0.47,0.031,2,2,建筑工程,Opći radovi instalacije - Vol.4 Instalacija električne opreme,,galvanizirana čelična cijev
090172,uzemni vijak 25×250,Material,Fasteners,set,1.04,1.04,1.04,1.04,1,EUR,10.69,10.3,2,2,建筑工程,"Opći radovi instalacije - Vol.10 Opskrba vodom, odvodnja, grijanje, plin",instalacija,
030074,drvena ploča,Material,Wood & Timber,m2,11.47,11.47,11.47,11.47,1,EUR,5.28,0.46,2,2,建筑工程,ostali dekorativni radovi,,prednja ploča
080216,duljina nosača,Material,General,pcs,0.16,0.16,0.16,0.16,1,EUR,0.03,0.1963,2,2,建筑工程,radovi na stropovima,suspendirani strop,stropna greda
080053,V-oblikovani lagani čelični nosač VB20-1,Material,Steel & Metal,pcs,0.06,0.06,0.06,0.06,1,EUR,0.08,1.3747,2,2,建筑工程,radovi na stropovima,suspendirani strop,stropna greda
840008,pilota,Material,General,kg,0.58,0.58,0.58,0.58,1,EUR,0.24,0.413,2,2,建筑工程,tretman tla i potpora padinama,,
390169,ploča,Material,General,m3,263.28,263.28,263.28,263.28,1,EUR,263.28,1.0,2,2,建筑工程,betonski i armirano-betonski radovi,predgotovljene betonske stepenice,
390168,korak stepenica,Material,General,m3,295.61,295.61,295.61,295.61,1,EUR,295.61,1.0,2,2,建筑工程,betonski i armirano-betonski radovi,predgotovljene betonske stepenice,
010480,armirani čelik (kompozitni),Material,Steel & Metal,kg,0.48,0.48,0.48,0.48,1,EUR,489.84,1010.0,2,2,建筑工程,betonski i armirano-betonski radovi,radovi od armiranog čelika,
080049,V-oblikovani lagani čelični nosač VB49-3,Material,Steel & Metal,pcs,0.08,0.08,0.08,0.08,1,EUR,0.39,4.7975,2,2,建筑工程,radovi na stropovima,suspendirani strop,stropna greda
090483,nehrđajući čelik,Material,Steel & Metal,set,4.16,4.16,4.16,4.16,1,EUR,4.16,1.0,2,2,建筑工程,ostali dekorativni radovi,,
100279,traka za zaustavljanje vode 20×30,Material,Water,m,2.77,2.77,2.77,2.77,1,EUR,8.07,2.9105,2,2,建筑工程,radovi na krovovima i hidroizolaciji,"vodonepropusnost podruma i poda, otpornost na vlagu",vodonepropusna žbuka za pod
100277,traka za brtvljenje protiv vode 10×10,Material,Water,m,1.11,1.11,1.11,1.11,1,EUR,1.51,1.3595,2,2,建筑工程,radovi na krovovima i hidroizolaciji,"vodonepropusnost podruma i poda, otpornost na vlagu",vodonepropusna žbuka za pod
080164,traka od aluminijske legure širine 100mm,Material,General,m2,6.65,6.65,6.65,6.65,1,EUR,12.94,1.9456,2,2,建筑工程,"završne obrade zidova i stupova, pregrade i zavjese",parcijalni,metalna pregrada
080041,V tip lake čelični nosač VB49×19,Material,Steel & Metal,m,0.57,0.57,0.57,0.57,1,EUR,2.09,3.6455,2,2,建筑工程,radovi na stropovima,suspendirani strop,stropna greda
090380,okvir od nehrđajućeg čelika,Material,Steel & Metal,set,6.37,6.37,6.37,6.37,1,EUR,6.37,1.0,2,2,建筑工程,ostali dekorativni radovi,,
090448,okvir,Material,General,set,8.31,8.31,8.31,8.31,1,EUR,8.31,1.0,2,2,建筑工程,ostali dekorativni radovi,,
310036,i vijak WX-01,Material,Fasteners,set,1.17,1.17,1.17,1.17,1,EUR,1.2,1.03,2,2,建筑工程,Opći radovi instalacije - Vol.4 Instalacija električne opreme,"oblikovanje i izrada, ugradnja",
090156,vijak 16×250,Material,Fasteners,set,1.66,1.66,1.66,1.66,1,EUR,1.7,1.02,2,2,建筑工程,Opći radovi instalacije - Vol.4 Instalacija električne opreme,"oblikovanje i izrada, ugradnja",ugradnja kalupa i izrada čelika
090155,vijak 14×270,Material,Fasteners,set,1.37,1.37,1.37,1.37,1,EUR,1.4,1.02,2,2,建筑工程,Opći radovi instalacije - Vol.4 Instalacija električne opreme,"oblikovanje i izrada, ugradnja",
150196,kamen 2.5,Material,General,m2,3.6,3.6,3.6,3.6,1,EUR,1.98,0.55,2,2,建筑工程,Opći radovi instalacije - Vol.4 Instalacija električne opreme,suha električna energija,
350067,kalup BX-16,Material,General,m,1.51,1.51,1.51,1.51,1,EUR,34.74,23.0,2,2,建筑工程,Opći radovi instalacije - Vol.4 Instalacija električne opreme,suha električna energija,
850139,složena visina CZS,Equipment,General,machine-shift,10.84,10.84,10.84,10.84,1,EUR,24.38,2.25,2,2,建筑工程,Opći radovi instalacije - Vol.4 Instalacija električne opreme,električna energija,visinska električna instalacija
850008,HP-54512B,Equipment,General,machine-shift,29.54,29.54,29.54,29.54,1,EUR,339.74,11.5,2,2,建筑工程,Opći radovi instalacije - Vol.4 Instalacija električne opreme,električna energija,visinska električna instalacija
010147,čelična ploča 6,Material,Steel & Metal,kg,1.03,1.03,1.03,1.03,1,EUR,4.29,4.16,2,2,建筑工程,Opći radovi instalacije - Vol.4 Instalacija električne opreme,,instalacija
090974,ručnjak od nehrđajućeg čelika,Material,Steel & Metal,pcs,29.1,29.1,29.1,29.1,1,EUR,29.1,1.0,2,2,建筑工程,ostali dekorativni radovi,,rukohvat
150187,električna energija,Material,General,set,11085.5,11085.5,11085.5,11085.5,1,EUR,11085.5,1.0,2,2,建筑工程,ostali dekorativni radovi,,metal
300072,čelična cijev,Material,Steel & Metal,pcs,15.01,15.01,15.01,15.01,1,EUR,15.01,1.0,2,2,建筑工程,Opći radovi instalacije - Vol.4 Instalacija električne opreme,,izrada
390170,betonska ploča 550×250×30,Material,Concrete & Cement,pcs,0.67,0.67,0.67,0.67,1,EUR,1.46,2.16,2,2,建筑工程,Opći radovi instalacije - Vol.4 Instalacija električne opreme,"polaganje električne instalacije, ploča (opeka) i ploča",
280542,električna energija s,Material,General,m,1.11,1.11,1.11,1.11,1,EUR,1.16,1.05,2,2,建筑工程,Opći radovi instalacije - Vol.4 Instalacija električne opreme,"polaganje električne instalacije, ploča (opeka) i ploča",
180215,spojnica pocinčane čelične cijevi () 100,Material,Steel & Metal,pcs,3.71,3.71,3.71,3.71,1,EUR,1.62,0.437,2,2,建筑工程,Opći radovi instalacije - Vol.9 Zaštita od požara,,
180009,galvanizirano 25,Material,General,pcs,0.23,0.23,0.23,0.23,1,EUR,0.19,0.805,2,2,建筑工程,Opći radovi instalacije - Vol.7 Ventilacija i klimatizacija,,
080752,složeni nosač,Material,General,m3,318.71,318.71,318.71,318.71,1,EUR,1.05,0.0033,2,2,建筑工程,"završne obrade zidova i stupova, pregrade i zavjese",zidna obloga,dekorativna ploča za zidne površine
080751,kutni čelik 75×50×5,Material,Steel & Metal,kg,0.64,0.64,0.64,0.64,1,EUR,0.68,1.0709,2,2,建筑工程,"završne obrade zidova i stupova, pregrade i zavjese",zidna obloga,dekorativna ploča za zidne površine
080750,kutni čelični nosač 50×50×4,Material,Steel & Metal,kg,0.64,0.64,0.64,0.64,1,EUR,2.87,4.4967,2,2,建筑工程,"završne obrade zidova i stupova, pregrade i zavjese",zidna obloga,dekorativna ploča za zidne površine
080749,aluminijski legirani vodoravni nosač U tipa 60×30,Material,General,m,0.74,0.74,0.74,0.74,1,EUR,2.35,3.1823,2,2,建筑工程,"završne obrade zidova i stupova, pregrade i zavjese",zidna obloga,dekorativna ploča za zidne površine
080224,ukrasna drvena ploča,Material,Wood & Timber,m2,27.71,27.71,27.71,27.71,1,EUR,29.65,1.07,2,2,建筑工程,"završne obrade zidova i stupova, pregrade i zavjese",zidna obloga,dekorativna ploča za zidne površine
810175,polimerni cementni perlita mort,Material,Concrete & Cement,m3,90.07,90.07,90.07,90.07,1,EUR,3.21,0.0356,2,2,建筑工程,radovi toplinske i akustične izolacije i antikorozivne zaštite,,
390131,posebno oblikovani stupac,Material,General,m3,374.14,374.14,374.14,374.14,1,EUR,374.14,1.0,2,2,建筑工程,betonski i armirano-betonski radovi,prefabricirani betonski stup,
850221,kalup XJ-02,Equipment,General,machine-shift,7.49,7.49,7.49,7.49,1,EUR,9.55,1.275,2,2,建筑工程,Opći radovi instalacije - Vol.6 Instrumentacija za automatizaciju i kontrolu,mreža i,mreža
120155,čelični lim,Material,Steel & Metal,m2,55.43,55.43,55.43,55.43,1,EUR,116.4,2.1,2,2,建筑工程,"završne obrade zidova i stupova, pregrade i zavjese",parcijalni,metalna pregrada
170099,staklo čelik 50,Material,Steel & Metal,pcs,0.8,0.8,0.8,0.8,1,EUR,0.81,1.01,2,2,建筑工程,radovi na krovovima i hidroizolaciji,vodonepropusnost krova i sitni materijali,vodonepropusni krov
170098,staklo čelik 90° 50,Material,Steel & Metal,pcs,0.67,0.67,0.67,0.67,1,EUR,0.68,1.01,2,2,建筑工程,radovi na krovovima i hidroizolaciji,vodonepropusnost krova i sitni materijali,vodonepropusni krov
080046,V -oblikovani lagani čelični nosač VB49-L,Material,Steel & Metal,pcs,0.1,0.1,0.1,0.1,1,EUR,0.03,0.3367,2,2,建筑工程,radovi na stropovima,suspendirani strop,stropna greda
080045,V-oblikovani lagani čelični nosač VL25×20,Material,Steel & Metal,m,0.5,0.5,0.5,0.5,1,EUR,0.35,0.7067,2,2,建筑工程,radovi na stropovima,suspendirani strop,stropna greda
080044,V-oblikovani lagani čelični nosač VB20×37,Material,Steel & Metal,m,0.38,0.38,0.38,0.38,1,EUR,0.47,1.2367,2,2,建筑工程,radovi na stropovima,suspendirani strop,stropna greda
280199,metal BP-101,Material,Steel & Metal,pcs,0.74,0.74,0.74,0.74,1,EUR,1.52,2.06,2,2,建筑工程,Opći radovi instalacije - Vol.4 Instalacija električne opreme,,
280434,kalup 101,Material,General,pcs,11.49,11.49,11.49,11.49,1,EUR,23.66,2.06,2,2,建筑工程,Opći radovi instalacije - Vol.4 Instalacija električne opreme,,
280197,metal BP-76,Material,Steel & Metal,pcs,0.51,0.51,0.51,0.51,1,EUR,1.06,2.06,2,2,建筑工程,Opći radovi instalacije - Vol.4 Instalacija električne opreme,,
280432,kalup 76,Material,General,pcs,6.03,6.03,6.03,6.03,1,EUR,12.42,2.06,2,2,建筑工程,Opći radovi instalacije - Vol.4 Instalacija električne opreme,,
280195,metal BP-50,Material,Steel & Metal,pcs,0.29,0.29,0.29,0.29,1,EUR,0.59,2.06,2,2,建筑工程,Opći radovi instalacije - Vol.4 Instalacija električne opreme,,
280430,kalup 50,Material,General,pcs,2.7,2.7,2.7,2.7,1,EUR,5.57,2.06,2,2,建筑工程,Opći radovi instalacije - Vol.4 Instalacija električne opreme,,
370203,metalna pregrada,Material,Steel & Metal,m2,41.57,41.57,41.57,41.57,1,EUR,42.4,1.02,2,2,建筑工程,"završne obrade zidova i stupova, pregrade i zavjese",parcijalni,parcijalni
370202,metalna pregrada,Material,Steel & Metal,m2,62.36,62.36,62.36,62.36,1,EUR,63.6,1.02,2,2,建筑工程,"završne obrade zidova i stupova, pregrade i zavjese",parcijalni,parcijalni
390126,oblikovanje ploče,Material,General,m3,198.43,198.43,198.43,198.43,1,EUR,198.43,1.0,2,2,建筑工程,betonski i armirano-betonski radovi,prednapređeni betonski panel,
390125,armatura za ploču od mreže,Material,General,m3,210.62,210.62,210.62,210.62,1,EUR,210.62,1.0,2,2,建筑工程,betonski i armirano-betonski radovi,prednapređeni betonski panel,
010577,vrućezinčani profilirani čelik,Material,Steel & Metal,kg,0.78,0.78,0.78,0.78,1,EUR,829.89,1060.0,2,2,建筑工程,"završne obrade zidova i stupova, pregrade i zavjese",zidna obloga,dekorativna ploča za zidne površine
010394,profil od nehrđajućeg čelika,Material,Steel & Metal,kg,3.46,3.46,3.46,3.46,1,EUR,3672.07,1060.0,2,2,建筑工程,"završne obrade zidova i stupova, pregrade i zavjese",zidna obloga,dekorativna ploča za zidne površine
010532,obična čelična ploča 0 3 8 20,Material,Steel & Metal,kg,0.71,0.71,0.71,0.71,1,EUR,0.14,0.2,2,2,建筑工程,Opći radovi instalacije - Vol.9 Zaštita od požara,,
091441,čelični elektrod za zavarivanje,Material,Steel & Metal,kg,2.77,2.77,2.77,2.77,1,EUR,0.46,0.165,2,2,建筑工程,Opći radovi instalacije - Vol.9 Zaštita od požara,,
010168,bez čelične cijevi 22×2.5,Material,Steel & Metal,m,1.19,1.19,1.19,1.19,1,EUR,0.01,0.01,2,2,建筑工程,Opći radovi instalacije - Vol.9 Zaštita od požara,,
090102,s vijcima 12×(40 60),Material,Fasteners,set,0.07,0.07,0.07,0.07,1,EUR,0.31,4.12,2,2,建筑工程,Opći radovi instalacije - Vol.9 Zaštita od požara,izrada i ugradnja,izrada vodonepropusnosti
030055,drvena površinska ploča,Material,Wood & Timber,m2,6.24,6.24,6.24,6.24,1,EUR,14.97,2.4,2,2,建筑工程,"završne obrade zidova i stupova, pregrade i zavjese",parcijalni,gotova pregrada
800181,električna vitla (jednostruka) 3t,Equipment,Hoists,machine-shift,14.84,14.84,14.84,14.84,1,EUR,1.48,0.1,2,2,建筑工程,Opći radovi instalacije - Vol.4 Instalacija električne opreme,električna instalacija,
150058,s staklom,Equipment,General,pcs,1.18,1.18,1.18,1.18,1,EUR,1.18,1.0,2,2,建筑工程,ostali dekorativni radovi,,
010362,cinkovana čelična cijev (složena),Material,Steel & Metal,kg,0.67,0.67,0.67,0.67,1,EUR,0.35,0.52,2,2,建筑工程,Opći radovi instalacije - Vol.7 Ventilacija i klimatizacija,,
050017,stakleni ogledalo (5mm),Material,Glass,m2,10.39,10.39,10.39,10.39,1,EUR,15.56,1.497,2,2,建筑工程,ostali dekorativni radovi,,staklo s ogledalnim završetkom
030128,plywood 18mm,Material,Wood & Timber,m2,5.27,5.27,5.27,5.27,1,EUR,24.41,4.6365,2,2,建筑工程,ostali dekorativni radovi,,
030133,visina 500mm,Material,General,m,76.21,76.21,76.21,76.21,1,EUR,76.21,1.0,2,2,建筑工程,ostali dekorativni radovi,,
070126,okrugli lajsna,Material,General,m,0.28,0.28,0.28,0.28,1,EUR,0.84,3.0175,2,2,建筑工程,ostali dekorativni radovi,,
070125,drvena lajsna,Material,Wood & Timber,m,0.48,0.48,0.48,0.48,1,EUR,1.48,3.0595,2,2,建筑工程,ostali dekorativni radovi,,
370148,vrata,Material,General,m2,108.08,108.08,108.08,108.08,1,EUR,108.08,1.0,2,2,建筑工程,radovi na vratima i prozorima,metalna vrata,
060052,brušenje granita,Material,General,m2,30.49,30.49,30.49,30.49,1,EUR,34.51,1.132,2,2,建筑工程,radovi završne obrade poda,ukrasno,
060018,ploča od granita posebnog oblika,Material,General,m2,49.46,49.46,49.46,49.46,1,EUR,58.78,1.1886,2,2,建筑工程,radovi završne obrade poda,ukrasno,
120018,3 5 debljina,Material,General,m2,0.58,0.58,0.58,0.58,1,EUR,0.59,1.01,2,2,建筑工程,radovi završne obrade poda,završni sloj,timber ground slab
030023,kompozitna drvena podna ploča,Material,Wood & Timber,m2,12.54,12.54,12.54,12.54,1,EUR,13.17,1.05,2,2,建筑工程,radovi završne obrade poda,završni sloj,timber ground slab
800159,stolna brusilica,Equipment,General,machine-shift,0.16,0.16,0.16,0.16,1,EUR,0.05,0.291,2,2,建筑工程,radovi metalnih konstrukcija,metalno vezivanje konstrukcijsko na licu mjesta i ostali predmeti,
280364,metalna osnova 101,Material,Steel & Metal,pcs,1.2,1.2,1.2,1.2,1,EUR,1.24,1.03,2,2,建筑工程,Opći radovi instalacije - Vol.4 Instalacija električne opreme,,
020106,blok posebnog oblika,Material,General,m3,58.2,58.2,58.2,58.2,1,EUR,9.72,0.167,2,2,建筑工程,zidarski radovi,zidarska opeka,
110168,brtvilo tipa KS,Material,Rubber,kg,2.13,2.13,2.13,2.13,1,EUR,0.16,0.075,2,2,建筑工程,Opći radovi instalacije - Vol.7 Ventilacija i klimatizacija,,izrada i ugradnja
090094,s vijcima 8×(16 25),Material,Fasteners,set,0.02,0.02,0.02,0.02,1,EUR,0.14,5.535,2,2,建筑工程,Opći radovi instalacije - Vol.7 Ventilacija i klimatizacija,,"ugradnja čelične ploče (3mm debljine, zavarivanje)"
110076,dvostruki A poli,Material,General,kg,5.83,5.83,5.83,5.83,1,EUR,2.13,0.3645,2,2,建筑工程,radovi toplinske i akustične izolacije i antikorozivne zaštite,antikorozivni,razdjelni sloj
030020,drvena lajsna,Material,Wood & Timber,m,3.42,3.42,3.42,3.42,1,EUR,4.04,1.18,2,2,建筑工程,radovi završne obrade poda,završni sloj stepeništa,
060014,mramorna gazišta,Material,General,m2,45.95,45.95,45.95,45.95,1,EUR,66.49,1.447,2,2,建筑工程,radovi završne obrade poda,završni sloj stepeništa,
800530,s jednim bagerom 0.3m3,Equipment,Excavators,machine-shift,53.03,53.03,53.03,53.03,1,EUR,0.91,0.0172,2,2,建筑工程,zemljani radovi i radovi s kamenom,,iskop općih zemljanih radova
100197,bitumen,Material,Waterproofing,kg,0.91,0.91,0.91,0.91,1,EUR,0.17,0.183,2,2,建筑工程,"Opći radovi instalacije - Vol.12 Slikarstvo, antikorozivna zaštita, toplinska iz",,
110025,fenolna boja,Material,Paint & Coatings,kg,3.19,3.19,3.19,3.19,1,EUR,0.22,0.068,2,2,建筑工程,"Opći radovi instalacije - Vol.12 Slikarstvo, antikorozivna zaštita, toplinska iz",pravokutno četkanje,
110092,razrjeđivač,Material,General,kg,3.98,3.98,3.98,3.98,1,EUR,0.14,0.035,2,2,建筑工程,"Opći radovi instalacije - Vol.12 Slikarstvo, antikorozivna zaštita, toplinska iz",pravokutno četkanje,
110319,temeljni sloj,Material,Paint & Coatings,kg,4.0,4.0,4.0,4.0,1,EUR,0.41,0.103,2,2,建筑工程,"Opći radovi instalacije - Vol.12 Slikarstvo, antikorozivna zaštita, toplinska iz",pravokutno četkanje,
090167,uzemni vijak 12×150,Material,Fasteners,set,0.14,0.14,0.14,0.14,1,EUR,0.72,5.14,2,2,建筑工程,Opći radovi instalacije - Vol.4 Instalacija električne opreme,instalacija,miješana () instalacija
370147,čelična vrata,Material,Steel & Metal,m2,103.93,103.93,103.93,103.93,1,EUR,103.93,1.0,2,2,建筑工程,radovi na vratima i prozorima,metalna vrata,
091473,ekspanzijski vijak,Material,Fasteners,set,0.03,0.03,0.03,0.03,1,EUR,0.09,3.36,2,2,建筑工程,radovi na krovovima i hidroizolaciji,"vodonepropusna površina zida, otpornost na vlagu",vodonepropusna membrana za zidne površine
120123,visokopolimerni vodonepropusni sloj (samoljepljivi) debljine 1.2mm,Material,Waterproofing,m2,7.48,7.48,7.48,7.48,1,EUR,8.91,1.191,2,2,建筑工程,radovi na krovovima i hidroizolaciji,"vodonepropusna površina zida, otpornost na vlagu",vodonepropusna membrana za zidne površine
100392,polimerni hidroizolacijski sloj debljine 0.6mm,Material,Waterproofing,m2,1.66,1.66,1.66,1.66,1,EUR,1.98,1.191,2,2,建筑工程,radovi na krovovima i hidroizolaciji,"vodonepropusna površina zida, otpornost na vlagu",vodonepropusna membrana za zidne površine
280043,metal 50,Material,Steel & Metal,pcs,0.1,0.1,0.1,0.1,1,EUR,0.21,2.074,2,2,建筑工程,Opći radovi instalacije - Vol.4 Instalacija električne opreme,,
280082,metal 50,Material,Steel & Metal,m,1.79,1.79,1.79,1.79,1,EUR,1.84,1.03,2,2,建筑工程,Opći radovi instalacije - Vol.4 Instalacija električne opreme,,
280042,metal 40,Material,Steel & Metal,pcs,0.09,0.09,0.09,0.09,1,EUR,0.18,2.074,2,2,建筑工程,Opći radovi instalacije - Vol.4 Instalacija električne opreme,,
290228,fiksiranje kalupa pocinčano,Material,General,pcs,0.42,0.42,0.42,0.42,1,EUR,0.43,1.03,2,2,建筑工程,Opći radovi instalacije - Vol.4 Instalacija električne opreme,ugradnja kalupa,
280076,kalup 1500,Material,General,pcs,6.65,6.65,6.65,6.65,1,EUR,6.65,1.0,2,2,建筑工程,Opći radovi instalacije - Vol.4 Instalacija električne opreme,ugradnja kalupa,
280074,kalup 300,Material,General,pcs,3.05,3.05,3.05,3.05,1,EUR,3.05,1.0,2,2,建筑工程,Opći radovi instalacije - Vol.4 Instalacija električne opreme,ugradnja kalupa,
280422,metal SP-101,Material,Steel & Metal,pcs,0.65,0.65,0.65,0.65,1,EUR,1.35,2.074,2,2,建筑工程,Opći radovi instalacije - Vol.4 Instalacija električne opreme,,
280421,metal SP-83,Material,Steel & Metal,pcs,0.5,0.5,0.5,0.5,1,EUR,1.04,2.074,2,2,建筑工程,Opći radovi instalacije - Vol.4 Instalacija električne opreme,,
280186,metal 83,Material,Steel & Metal,m,17.15,17.15,17.15,17.15,1,EUR,18.53,1.08,2,2,建筑工程,Opći radovi instalacije - Vol.4 Instalacija električne opreme,,
280420,metal SP-76,Material,Steel & Metal,pcs,0.41,0.41,0.41,0.41,1,EUR,0.84,2.074,2,2,建筑工程,Opći radovi instalacije - Vol.4 Instalacija električne opreme,,
280419,metal SP-63,Material,Steel & Metal,pcs,0.3,0.3,0.3,0.3,1,EUR,0.61,2.074,2,2,建筑工程,Opći radovi instalacije - Vol.4 Instalacija električne opreme,,
110484,boja,Material,Paint & Coatings,kg,3.88,3.88,3.88,3.88,1,EUR,0.86,0.2228,2,2,建筑工程,"radovi slikanja, premazivanja i lijepljenja papira",boja za metalne površine,boja za metalne površine
370242,električna čelična vrata,Material,Steel & Metal,set,1247.12,1247.12,1247.12,1247.12,1,EUR,1247.12,1.0,2,2,建筑工程,radovi na vratima i prozorima,instalacija hardvera,
370241,električna čelična vrata,Material,Steel & Metal,set,1662.82,1662.82,1662.82,1662.82,1,EUR,1662.82,1.0,2,2,建筑工程,radovi na vratima i prozorima,instalacija hardvera,
020108,žbukanje posebnih oblika blokova,Material,General,m3,69.28,69.28,69.28,69.28,1,EUR,13.16,0.19,2,2,建筑工程,zidarski radovi,zidarska opeka,
020107,blok za žbuku,Material,General,m3,67.9,67.9,67.9,67.9,1,EUR,54.93,0.809,2,2,建筑工程,zidarski radovi,zidarska opeka,
310095,575×150,Material,General,pcs,4.43,4.43,4.43,4.43,1,EUR,8.87,2.0,1,1,建筑工程,"Opći radovi instalacije - Vol.12 Slikarstvo, antikorozivna zaštita, toplinska iz",,električne instalacije izrade
120076,mreža 60,Material,General,m2,0.32,0.32,0.32,0.32,1,EUR,0.01,0.017,1,1,建筑工程,"Opći radovi instalacije - Vol.12 Slikarstvo, antikorozivna zaštita, toplinska iz",,
010126,aluminijska ploča 0.5,Material,General,m2,3.35,3.35,3.35,3.35,1,EUR,4.02,1.2,1,1,建筑工程,"Opći radovi instalacije - Vol.12 Slikarstvo, antikorozivna zaštita, toplinska iz",,
020084,cementna morta ploča,Material,Concrete & Cement,m,8.19,8.19,8.19,8.19,1,EUR,8.52,1.04,1,1,建筑工程,zidarski radovi,zidarska opeka,
150260,200×200,Material,General,pcs,16.63,16.63,16.63,16.63,1,EUR,6.15,0.37,1,1,建筑工程,zidarski radovi,zidarska opeka,
180012,galvanizirano 50,Material,General,pcs,0.69,0.69,0.69,0.69,1,EUR,0.69,1.0,1,1,建筑工程,Opći radovi instalacije - Vol.7 Ventilacija i klimatizacija,,izrada i ugradnja
180006,galvanizirano 50,Material,General,pcs,0.55,0.55,0.55,0.55,1,EUR,0.56,1.01,1,1,建筑工程,Opći radovi instalacije - Vol.7 Ventilacija i klimatizacija,,izrada i ugradnja
800029,običan 630,Equipment,General,machine-shift,16.18,16.18,16.18,16.18,1,EUR,0.81,0.05,1,1,建筑工程,Opći radovi instalacije - Vol.7 Ventilacija i klimatizacija,,izrada i ugradnja
800438,30kW,Equipment,General,machine-shift,2.24,2.24,2.24,2.24,1,EUR,0.0,0.001,1,1,建筑工程,Opći radovi instalacije - Vol.7 Ventilacija i klimatizacija,,
090507,uzemni vijak 10×100,Material,Fasteners,set,0.08,0.08,0.08,0.08,1,EUR,0.34,4.16,1,1,建筑工程,Opći radovi instalacije - Vol.7 Ventilacija i klimatizacija,,izrada i ugradnja nosača
090190,8,Material,General,pcs,0.14,0.14,0.14,0.14,1,EUR,0.54,4.0,1,1,建筑工程,Opći radovi instalacije - Vol.7 Ventilacija i klimatizacija,,izrada i ugradnja nosača
030227,bojanje površine ploče,Material,Paint & Coatings,m2,13.16,13.16,13.16,13.16,1,EUR,85.07,6.462,1,1,建筑工程,ostali dekorativni radovi,,okvir
070132,drvena lajsna 10×30,Material,Wood & Timber,m,0.69,0.69,0.69,0.69,1,EUR,3.16,4.56,1,1,建筑工程,ostali dekorativni radovi,,
070131,drvena lajsna 10×20,Material,Wood & Timber,m,0.28,0.28,0.28,0.28,1,EUR,6.58,23.744,1,1,建筑工程,ostali dekorativni radovi,,
070123,drvena lajsna 10×20,Material,Wood & Timber,m,0.62,0.62,0.62,0.62,1,EUR,8.14,13.0504,1,1,建筑工程,ostali dekorativni radovi,,
050035,staklo,Material,Glass,m2,27.71,27.71,27.71,27.71,1,EUR,19.42,0.7007,1,1,建筑工程,ostali dekorativni radovi,,
090964,nehrđajući čelik promjera 100,Material,Steel & Metal,pcs,4.85,4.85,4.85,4.85,1,EUR,16.32,3.366,1,1,建筑工程,ostali dekorativni radovi,,
090963,nehrđajući čelik promjera 50,Material,Steel & Metal,pcs,1.39,1.39,1.39,1.39,1,EUR,4.66,3.366,1,1,建筑工程,ostali dekorativni radovi,,
090957,nehrđajući čelik 60,Material,Steel & Metal,m,6.93,6.93,6.93,6.93,1,EUR,13.82,1.9943,1,1,建筑工程,ostali dekorativni radovi,,
030129,kvadratni drveni gredica 25×35,Material,Wood & Timber,m,0.5,0.5,0.5,0.5,1,EUR,16.25,32.571,1,1,建筑工程,ostali dekorativni radovi,,
080163,aluminium slab,Material,General,m2,10.81,10.81,10.81,10.81,1,EUR,27.84,2.576,1,1,建筑工程,ostali dekorativni radovi,,
290084,električni okvirni čavao M16,Material,Fasteners,set,1.18,1.18,1.18,1.18,1,EUR,1.2,1.02,1,1,建筑工程,Opći radovi instalacije - Vol.11 Oprema i linije za komunikaciju,okvir za kalupljenje,
850041,AV33119,Equipment,General,machine-shift,24.64,24.64,24.64,24.64,1,EUR,0.74,0.03,1,1,建筑工程,Opći radovi instalacije - Vol.11 Oprema i linije za komunikaciju,,
330033,dodatno,Material,General,pcs,0.21,0.21,0.21,0.21,1,EUR,0.31,1.5,1,1,建筑工程,Opći radovi instalacije - Vol.11 Oprema i linije za komunikaciju,,
120053,ploča,Material,General,m2,11.09,11.09,11.09,11.09,1,EUR,12.19,1.1,1,1,建筑工程,radovi na krovovima i hidroizolaciji,,ploča krov
100162,Ljepljiva traka tipa P,Material,General,m,0.54,0.54,0.54,0.54,1,EUR,1.62,3.0128,1,1,建筑工程,radovi na krovovima i hidroizolaciji,,ploča krov
090413,nehrđajući čelik 50×50,Material,Steel & Metal,m,0.42,0.42,0.42,0.42,1,EUR,0.62,1.4777,1,1,建筑工程,radovi na krovovima i hidroizolaciji,,ploča krov
180246,zavarivanje čelične cijevi spoj () 70,Material,Steel & Metal,pcs,0.99,0.99,0.99,0.99,1,EUR,0.25,0.253,1,1,建筑工程,"Opći radovi instalacije - Vol.10 Opskrba vodom, odvodnja, grijanje, plin",zavarivanje čelične cijevi,zavarivanje čelične cijevi ()
180237,spojnica pocinčane čelične cijevi () 100,Material,Steel & Metal,pcs,3.02,3.02,3.02,3.02,1,EUR,0.71,0.235,1,1,建筑工程,"Opći radovi instalacije - Vol.10 Opskrba vodom, odvodnja, grijanje, plin",,
180236,spojnica pocinčane čelične cijevi () 80,Material,Steel & Metal,pcs,1.94,1.94,1.94,1.94,1,EUR,0.48,0.249,1,1,建筑工程,"Opći radovi instalacije - Vol.10 Opskrba vodom, odvodnja, grijanje, plin",,
180235,spojnica pocinčanog čeličnog cijevi () 70,Material,Steel & Metal,pcs,1.24,1.24,1.24,1.24,1,EUR,0.31,0.253,1,1,建筑工程,"Opći radovi instalacije - Vol.10 Opskrba vodom, odvodnja, grijanje, plin",,
350298,kalup ZR-BV1.5,Material,General,m,0.16,0.16,0.16,0.16,1,EUR,0.07,0.458,1,1,建筑工程,Opći radovi instalacije - Vol.9 Zaštita od požara,ugradnja,
091232,cinkovani čavao za drvo,Material,Wood & Timber,pcs,0.07,0.07,0.07,0.07,1,EUR,0.14,2.04,1,1,建筑工程,Opći radovi instalacije - Vol.9 Zaštita od požara,,
850151,dodatno,Equipment,General,machine-shift,0.8,0.8,0.8,0.8,1,EUR,0.02,0.03,1,1,建筑工程,Opći radovi instalacije - Vol.9 Zaštita od požara,,
400035,ravna žbuka DSLF,Material,Concrete & Cement,m3,776.03,776.03,776.03,776.03,1,EUR,15.68,0.0202,1,1,建筑工程,radovi završne obrade poda,,izravnavajući sloj
800220,60MPa,Equipment,General,machine-shift,2.16,2.16,2.16,2.16,1,EUR,0.08,0.036,1,1,建筑工程,Opći radovi instalacije - Vol.9 Zaštita od požara,,
030009,ploča,Material,General,m2,4.85,4.85,4.85,4.85,1,EUR,4.27,0.881,1,1,建筑工程,"završne obrade zidova i stupova, pregrade i zavjese",stup (greda) okrenut,dekorativna površina stupa (greda)
850043,FTA410,Equipment,General,machine-shift,19.09,19.09,19.09,19.09,1,EUR,1.53,0.08,1,1,建筑工程,Opći radovi instalacije - Vol.5 Sustavi zgrade inteligencije,,
850105,električna energija,Equipment,General,machine-shift,4.27,4.27,4.27,4.27,1,EUR,2.13,0.5,1,1,建筑工程,Opći radovi instalacije - Vol.4 Instalacija električne opreme,oblikovanje,
080747,vodoravna aluminijska legura letvica 40×40×4,Material,General,kg,3.88,3.88,3.88,3.88,1,EUR,17.4,4.485,1,1,建筑工程,"završne obrade zidova i stupova, pregrade i zavjese",zidna obloga,dekorativna ploča za zidne površine
060080,bojni panel,Material,Paint & Coatings,m2,15.24,15.24,15.24,15.24,1,EUR,15.55,1.02,1,1,建筑工程,"završne obrade zidova i stupova, pregrade i zavjese",zidna obloga,dekorativna ploča za zidne površine
120029,zaptivanje,Material,Rubber,pcs,0.0,0.0,0.0,0.0,1,EUR,0.02,4.16,1,1,建筑工程,Opći radovi instalacije - Vol.7 Ventilacija i klimatizacija,instalacija,
091459,drvo 50×50×50,Material,Wood & Timber,pcs,0.17,0.17,0.17,0.17,1,EUR,0.67,4.0,1,1,建筑工程,Opći radovi instalacije - Vol.7 Ventilacija i klimatizacija,i instalacija,instalacija
160111,100,Material,General,pcs,3.6,3.6,3.6,3.6,1,EUR,0.08,0.022,1,1,建筑工程,"Opći radovi instalacije - Vol.10 Opskrba vodom, odvodnja, grijanje, plin",,
160110,75,Material,General,pcs,3.05,3.05,3.05,3.05,1,EUR,0.07,0.022,1,1,建筑工程,"Opći radovi instalacije - Vol.10 Opskrba vodom, odvodnja, grijanje, plin",,
850104,električna energija,Equipment,General,machine-shift,1.08,1.08,1.08,1.08,1,EUR,1.63,1.5,1,1,建筑工程,Opći radovi instalacije - Vol.4 Instalacija električne opreme,,
850106,električna energija električna energija (),Equipment,General,machine-shift,3.89,3.89,3.89,3.89,1,EUR,7.79,2.0,1,1,建筑工程,Opći radovi instalacije - Vol.4 Instalacija električne opreme,,
850131,kompozitni HDBS-50,Equipment,General,machine-shift,4.32,4.32,4.32,4.32,1,EUR,1.73,0.4,1,1,建筑工程,Opći radovi instalacije - Vol.4 Instalacija električne opreme,električna energija,"10kV, jednofazni"
140012,armirani beton 800,Material,Concrete & Cement,m,23.13,23.13,23.13,23.13,1,EUR,23.13,1.0,1,1,建筑工程,Opći radovi instalacije - Vol.4 Instalacija električne opreme,vrt,vrt
810001,M10 cementni mort,Material,Concrete & Cement,m3,34.32,34.32,34.32,34.32,1,EUR,7.55,0.22,1,1,建筑工程,Opći radovi instalacije - Vol.4 Instalacija električne opreme,vrt,vrt
160125,gazna ploča (),Material,General,pcs,8.36,8.36,8.36,8.36,1,EUR,25.07,3.0,1,1,建筑工程,Opći radovi instalacije - Vol.4 Instalacija električne opreme,vrt,vrt
280551,CPVC 160,Material,General,m,5.82,5.82,5.82,5.82,1,EUR,6.11,1.05,1,1,建筑工程,Opći radovi instalacije - Vol.4 Instalacija električne opreme,,CPVC
280550,CPVC 140,Material,General,m,4.43,4.43,4.43,4.43,1,EUR,4.66,1.05,1,1,建筑工程,Opći radovi instalacije - Vol.4 Instalacija električne opreme,,CPVC
160218,ljepilo 100,Material,General,pcs,1.26,1.26,1.26,1.26,1,EUR,0.21,0.17,1,1,建筑工程,"Opći radovi instalacije - Vol.10 Opskrba vodom, odvodnja, grijanje, plin",,
160231,100,Material,General,m,17.79,17.79,17.79,17.79,1,EUR,17.79,1.0,1,1,建筑工程,"Opći radovi instalacije - Vol.10 Opskrba vodom, odvodnja, grijanje, plin",,
160217,ljepilo 75,Material,General,pcs,1.16,1.16,1.16,1.16,1,EUR,0.2,0.17,1,1,建筑工程,"Opći radovi instalacije - Vol.10 Opskrba vodom, odvodnja, grijanje, plin",,
160230,75,Material,General,m,15.38,15.38,15.38,15.38,1,EUR,15.38,1.0,1,1,建筑工程,"Opći radovi instalacije - Vol.10 Opskrba vodom, odvodnja, grijanje, plin",,
180248,zavarivanje čelične cijevi spoj () 100,Material,Steel & Metal,pcs,2.47,2.47,2.47,2.47,1,EUR,0.58,0.235,1,1,建筑工程,"Opći radovi instalacije - Vol.10 Opskrba vodom, odvodnja, grijanje, plin",zavarivanje čelične cijevi,zavarivanje čelične cijevi ()
180247,zavarivanje čelične cijevi spoj () 80,Material,Steel & Metal,pcs,1.51,1.51,1.51,1.51,1,EUR,0.38,0.249,1,1,建筑工程,"Opći radovi instalacije - Vol.10 Opskrba vodom, odvodnja, grijanje, plin",zavarivanje čelične cijevi,zavarivanje čelične cijevi ()
160077,vodena spojka () 200,Material,Water,pcs,9.26,9.26,9.26,9.26,1,EUR,4.51,0.487,1,1,建筑工程,"Opći radovi instalacije - Vol.10 Opskrba vodom, odvodnja, grijanje, plin",,
160051,voda 200,Material,Water,m,12.29,12.29,12.29,12.29,1,EUR,12.05,0.98,1,1,建筑工程,"Opći radovi instalacije - Vol.10 Opskrba vodom, odvodnja, grijanje, plin",,
160113,150,Material,General,pcs,4.57,4.57,4.57,4.57,1,EUR,0.26,0.056,1,1,建筑工程,"Opći radovi instalacije - Vol.10 Opskrba vodom, odvodnja, grijanje, plin",,
160076,vodena spojka () 150,Material,Water,pcs,5.96,5.96,5.96,5.96,1,EUR,4.25,0.713,1,1,建筑工程,"Opći radovi instalacije - Vol.10 Opskrba vodom, odvodnja, grijanje, plin",,
160050,voda 150,Material,Water,m,7.68,7.68,7.68,7.68,1,EUR,7.37,0.96,1,1,建筑工程,"Opći radovi instalacije - Vol.10 Opskrba vodom, odvodnja, grijanje, plin",,
160049,voda 125,Material,Water,m,5.94,5.94,5.94,5.94,1,EUR,5.71,0.96,1,1,建筑工程,"Opći radovi instalacije - Vol.10 Opskrba vodom, odvodnja, grijanje, plin",,
160048,voda 100,Material,Water,m,4.52,4.52,4.52,4.52,1,EUR,3.98,0.88,1,1,建筑工程,"Opći radovi instalacije - Vol.10 Opskrba vodom, odvodnja, grijanje, plin",,
160047,voda 75,Material,Water,m,3.46,3.46,3.46,3.46,1,EUR,3.19,0.92,1,1,建筑工程,"Opći radovi instalacije - Vol.10 Opskrba vodom, odvodnja, grijanje, plin",,
160046,voda 50,Material,Water,m,2.97,2.97,2.97,2.97,1,EUR,2.79,0.94,1,1,建筑工程,"Opći radovi instalacije - Vol.10 Opskrba vodom, odvodnja, grijanje, plin",,
180226,zavarivanje čelične cijevi spoj () 100,Material,Steel & Metal,pcs,2.91,2.91,2.91,2.91,1,EUR,1.23,0.422,1,1,建筑工程,"Opći radovi instalacije - Vol.10 Opskrba vodom, odvodnja, grijanje, plin",zavarivanje čelične cijevi,zavarivanje čelične cijevi ()
180225,zavarivanje čelične cijevi spoj () 80,Material,Steel & Metal,pcs,1.69,1.69,1.69,1.69,1,EUR,0.71,0.418,1,1,建筑工程,"Opći radovi instalacije - Vol.10 Opskrba vodom, odvodnja, grijanje, plin",zavarivanje čelične cijevi,zavarivanje čelične cijevi ()
180224,zavarivanje čelične cijevi spoj () 70,Material,Steel & Metal,pcs,1.16,1.16,1.16,1.16,1,EUR,0.65,0.564,1,1,建筑工程,"Opći radovi instalacije - Vol.10 Opskrba vodom, odvodnja, grijanje, plin",zavarivanje čelične cijevi,zavarivanje čelične cijevi ()
180214,spojnica pocinčane čelične cijevi () 80,Material,Steel & Metal,pcs,2.11,2.11,2.11,2.11,1,EUR,0.85,0.404,1,1,建筑工程,"Opći radovi instalacije - Vol.10 Opskrba vodom, odvodnja, grijanje, plin",,
180213,spojnica pocinčanog čeličnog cijevi () 70,Material,Steel & Metal,pcs,1.58,1.58,1.58,1.58,1,EUR,0.84,0.533,1,1,建筑工程,"Opći radovi instalacije - Vol.10 Opskrba vodom, odvodnja, grijanje, plin",,
170231,kompozitni 125,Material,General,m,39.21,39.21,39.21,39.21,1,EUR,39.8,1.015,1,1,建筑工程,"Opći radovi instalacije - Vol.10 Opskrba vodom, odvodnja, grijanje, plin",čelik kompozitni,
160112,125,Material,General,pcs,4.02,4.02,4.02,4.02,1,EUR,0.09,0.022,1,1,建筑工程,"Opći radovi instalacije - Vol.10 Opskrba vodom, odvodnja, grijanje, plin",,
160101,voda 150,Material,Water,m,16.17,16.17,16.17,16.17,1,EUR,15.52,0.96,1,1,建筑工程,"Opći radovi instalacije - Vol.10 Opskrba vodom, odvodnja, grijanje, plin",,Vrsta vode ( )
160082,vodena spojka () 125,Material,Water,pcs,8.12,8.12,8.12,8.12,1,EUR,6.76,0.833,1,1,建筑工程,"Opći radovi instalacije - Vol.10 Opskrba vodom, odvodnja, grijanje, plin",,Vrsta vode ( )
160100,voda 125,Material,Water,m,13.97,13.97,13.97,13.97,1,EUR,13.41,0.96,1,1,建筑工程,"Opći radovi instalacije - Vol.10 Opskrba vodom, odvodnja, grijanje, plin",,Vrsta vode ( )
160105,voda 100,Material,Water,pcs,0.82,0.82,0.82,0.82,1,EUR,2.4,2.914,1,1,建筑工程,"Opći radovi instalacije - Vol.10 Opskrba vodom, odvodnja, grijanje, plin",,Vrsta vode ( )
160081,vodena spojka () 100,Material,Water,pcs,4.89,4.89,4.89,4.89,1,EUR,6.52,1.333,1,1,建筑工程,"Opći radovi instalacije - Vol.10 Opskrba vodom, odvodnja, grijanje, plin",,Vrsta vode ( )
160099,voda 100,Material,Water,m,10.48,10.48,10.48,10.48,1,EUR,9.22,0.88,1,1,建筑工程,"Opći radovi instalacije - Vol.10 Opskrba vodom, odvodnja, grijanje, plin",,Vrsta vode ( )
160104,voda 75,Material,Water,pcs,0.71,0.71,0.71,0.71,1,EUR,1.9,2.69,1,1,建筑工程,"Opći radovi instalacije - Vol.10 Opskrba vodom, odvodnja, grijanje, plin",,Vrsta vode ( )
160080,vodena spojka () 75,Material,Water,pcs,3.17,3.17,3.17,3.17,1,EUR,3.97,1.251,1,1,建筑工程,"Opći radovi instalacije - Vol.10 Opskrba vodom, odvodnja, grijanje, plin",,Vrsta vode ( )
160098,voda 75,Material,Water,m,7.86,7.86,7.86,7.86,1,EUR,7.23,0.92,1,1,建筑工程,"Opći radovi instalacije - Vol.10 Opskrba vodom, odvodnja, grijanje, plin",,Vrsta vode ( )
160103,voda 50,Material,Water,pcs,0.59,0.59,0.59,0.59,1,EUR,1.49,2.528,1,1,建筑工程,"Opći radovi instalacije - Vol.10 Opskrba vodom, odvodnja, grijanje, plin",,Vrsta vode ( )
160079,vodena spojka () 50,Material,Water,pcs,1.97,1.97,1.97,1.97,1,EUR,2.26,1.151,1,1,建筑工程,"Opći radovi instalacije - Vol.10 Opskrba vodom, odvodnja, grijanje, plin",,Vrsta vode ( )
160097,voda 50,Material,Water,m,5.11,5.11,5.11,5.11,1,EUR,4.81,0.94,1,1,建筑工程,"Opći radovi instalacije - Vol.10 Opskrba vodom, odvodnja, grijanje, plin",,Vrsta vode ( )
160115,250,Material,General,pcs,6.32,6.32,6.32,6.32,1,EUR,0.18,0.028,1,1,建筑工程,"Opći radovi instalacije - Vol.10 Opskrba vodom, odvodnja, grijanje, plin",,
160078,vodena spojka () 250,Material,Water,pcs,12.98,12.98,12.98,12.98,1,EUR,5.45,0.42,1,1,建筑工程,"Opći radovi instalacije - Vol.10 Opskrba vodom, odvodnja, grijanje, plin",,
160052,voda 250,Material,Water,m,17.57,17.57,17.57,17.57,1,EUR,17.22,0.98,1,1,建筑工程,"Opći radovi instalacije - Vol.10 Opskrba vodom, odvodnja, grijanje, plin",,
160114,200,Material,General,pcs,5.27,5.27,5.27,5.27,1,EUR,0.29,0.056,1,1,建筑工程,"Opći radovi instalacije - Vol.10 Opskrba vodom, odvodnja, grijanje, plin",,
170570,PVC-U voda () 15,Material,Water,pcs,0.12,0.12,0.12,0.12,1,EUR,0.19,1.55,1,1,建筑工程,"Opći radovi instalacije - Vol.10 Opskrba vodom, odvodnja, grijanje, plin",voda,voda ()
170558,PVC-U voda 15,Material,Water,m,0.68,0.68,0.68,0.68,1,EUR,0.69,1.02,1,1,建筑工程,"Opći radovi instalacije - Vol.10 Opskrba vodom, odvodnja, grijanje, plin",voda,voda ()
160241,W tip bez vode 250,Material,Water,m,30.97,30.97,30.97,30.97,1,EUR,29.24,0.944,1,1,建筑工程,"Opći radovi instalacije - Vol.10 Opskrba vodom, odvodnja, grijanje, plin",,W tip bez vode ()
160246,W tip bez vode () 200,Material,Water,pcs,12.11,12.11,12.11,12.11,1,EUR,4.08,0.337,1,1,建筑工程,"Opći radovi instalacije - Vol.10 Opskrba vodom, odvodnja, grijanje, plin",,W tip bez vode ()
160240,W tip bez vode 200,Material,Water,m,21.82,21.82,21.82,21.82,1,EUR,21.34,0.978,1,1,建筑工程,"Opći radovi instalacije - Vol.10 Opskrba vodom, odvodnja, grijanje, plin",,W tip bez vode ()
160245,W tip bez vode () 150,Material,Water,pcs,8.01,8.01,8.01,8.01,1,EUR,4.11,0.513,1,1,建筑工程,"Opći radovi instalacije - Vol.10 Opskrba vodom, odvodnja, grijanje, plin",,W tip bez vode ()
160239,W tip bez vode 150,Material,Water,m,13.51,13.51,13.51,13.51,1,EUR,13.12,0.971,1,1,建筑工程,"Opći radovi instalacije - Vol.10 Opskrba vodom, odvodnja, grijanje, plin",,W tip bez vode ()
160244,W tip bez vode () 100,Material,Water,pcs,4.77,4.77,4.77,4.77,1,EUR,4.54,0.953,1,1,建筑工程,"Opći radovi instalacije - Vol.10 Opskrba vodom, odvodnja, grijanje, plin",,W tip bez vode ()
160238,W tip bez vode 100,Material,Water,m,9.56,9.56,9.56,9.56,1,EUR,8.79,0.919,1,1,建筑工程,"Opći radovi instalacije - Vol.10 Opskrba vodom, odvodnja, grijanje, plin",,W tip bez vode ()
160243,W tip bez vode () 75,Material,Water,pcs,2.88,2.88,2.88,2.88,1,EUR,2.45,0.851,1,1,建筑工程,"Opći radovi instalacije - Vol.10 Opskrba vodom, odvodnja, grijanje, plin",,W tip bez vode ()
160237,W tip bez vode 75,Material,Water,m,6.98,6.98,6.98,6.98,1,EUR,6.59,0.943,1,1,建筑工程,"Opći radovi instalacije - Vol.10 Opskrba vodom, odvodnja, grijanje, plin",,W tip bez vode ()
160242,W tip bez vode () 50,Material,Water,pcs,1.66,1.66,1.66,1.66,1,EUR,1.15,0.691,1,1,建筑工程,"Opći radovi instalacije - Vol.10 Opskrba vodom, odvodnja, grijanje, plin",,W tip bez vode ()
160236,W tip bez vode 50,Material,Water,m,4.78,4.78,4.78,4.78,1,EUR,4.49,0.939,1,1,建筑工程,"Opći radovi instalacije - Vol.10 Opskrba vodom, odvodnja, grijanje, plin",,W tip bez vode ()
160084,vodena spojka () 200,Material,Water,pcs,13.22,13.22,13.22,13.22,1,EUR,6.44,0.487,1,1,建筑工程,"Opći radovi instalacije - Vol.10 Opskrba vodom, odvodnja, grijanje, plin",,Vrsta vode ( )
160102,voda 200,Material,Water,m,26.61,26.61,26.61,26.61,1,EUR,26.07,0.98,1,1,建筑工程,"Opći radovi instalacije - Vol.10 Opskrba vodom, odvodnja, grijanje, plin",,Vrsta vode ( )
160083,vodena spojka () 150,Material,Water,pcs,9.59,9.59,9.59,9.59,1,EUR,6.84,0.713,1,1,建筑工程,"Opći radovi instalacije - Vol.10 Opskrba vodom, odvodnja, grijanje, plin",,Vrsta vode ( )
170055,PVC-U voda () 75,Material,Water,pcs,1.3,1.3,1.3,1.3,1,EUR,1.5,1.158,1,1,建筑工程,"Opći radovi instalacije - Vol.10 Opskrba vodom, odvodnja, grijanje, plin",,
170054,PVC-U voda () 50,Material,Water,pcs,0.54,0.54,0.54,0.54,1,EUR,0.51,0.942,1,1,建筑工程,"Opći radovi instalacije - Vol.10 Opskrba vodom, odvodnja, grijanje, plin",,
170569,PVC-U voda 200,Material,Water,m,19.68,19.68,19.68,19.68,1,EUR,20.07,1.02,1,1,建筑工程,"Opći radovi instalacije - Vol.10 Opskrba vodom, odvodnja, grijanje, plin",voda,voda ()
170568,PVC-U voda 150,Material,Water,m,18.8,18.8,18.8,18.8,1,EUR,19.18,1.02,1,1,建筑工程,"Opći radovi instalacije - Vol.10 Opskrba vodom, odvodnja, grijanje, plin",voda,voda ()
170567,PVC-U voda 125,Material,Water,m,11.54,11.54,11.54,11.54,1,EUR,11.77,1.02,1,1,建筑工程,"Opći radovi instalacije - Vol.10 Opskrba vodom, odvodnja, grijanje, plin",voda,voda ()
170578,PVC-U voda () 100,Material,Water,pcs,5.21,5.21,5.21,5.21,1,EUR,1.78,0.342,1,1,建筑工程,"Opći radovi instalacije - Vol.10 Opskrba vodom, odvodnja, grijanje, plin",voda,voda ()
170566,PVC-U voda 100,Material,Water,m,8.19,8.19,8.19,8.19,1,EUR,8.35,1.02,1,1,建筑工程,"Opći radovi instalacije - Vol.10 Opskrba vodom, odvodnja, grijanje, plin",voda,voda ()
170577,PVC-U voda () 80,Material,Water,pcs,2.94,2.94,2.94,2.94,1,EUR,1.06,0.362,1,1,建筑工程,"Opći radovi instalacije - Vol.10 Opskrba vodom, odvodnja, grijanje, plin",voda,voda ()
170565,PVC-U voda 80,Material,Water,m,6.79,6.79,6.79,6.79,1,EUR,6.93,1.02,1,1,建筑工程,"Opći radovi instalacije - Vol.10 Opskrba vodom, odvodnja, grijanje, plin",voda,voda ()
170576,PVC-U voda () 70,Material,Water,pcs,1.84,1.84,1.84,1.84,1,EUR,0.9,0.491,1,1,建筑工程,"Opći radovi instalacije - Vol.10 Opskrba vodom, odvodnja, grijanje, plin",voda,voda ()
170564,PVC-U voda 70,Material,Water,m,4.77,4.77,4.77,4.77,1,EUR,4.86,1.02,1,1,建筑工程,"Opći radovi instalacije - Vol.10 Opskrba vodom, odvodnja, grijanje, plin",voda,voda ()
170563,PVC-U voda 50,Material,Water,m,3.49,3.49,3.49,3.49,1,EUR,3.56,1.02,1,1,建筑工程,"Opći radovi instalacije - Vol.10 Opskrba vodom, odvodnja, grijanje, plin",voda,voda ()
170562,PVC-U voda 40,Material,Water,m,2.13,2.13,2.13,2.13,1,EUR,2.18,1.02,1,1,建筑工程,"Opći radovi instalacije - Vol.10 Opskrba vodom, odvodnja, grijanje, plin",voda,voda ()
170561,PVC-U voda 32,Material,Water,m,1.51,1.51,1.51,1.51,1,EUR,1.54,1.02,1,1,建筑工程,"Opći radovi instalacije - Vol.10 Opskrba vodom, odvodnja, grijanje, plin",voda,voda ()
170560,PVC-U voda 25,Material,Water,m,1.37,1.37,1.37,1.37,1,EUR,1.4,1.02,1,1,建筑工程,"Opći radovi instalacije - Vol.10 Opskrba vodom, odvodnja, grijanje, plin",voda,voda ()
170559,PVC-U voda 20,Material,Water,m,0.89,0.89,0.89,0.89,1,EUR,0.9,1.02,1,1,建筑工程,"Opći radovi instalacije - Vol.10 Opskrba vodom, odvodnja, grijanje, plin",voda,voda ()
280547,čelična cijev 150,Material,Steel & Metal,m,17.46,17.46,17.46,17.46,1,EUR,17.98,1.03,1,1,建筑工程,Opći radovi instalacije - Vol.4 Instalacija električne opreme,,čelična cijev
280546,čelična cijev 125,Material,Steel & Metal,m,14.97,14.97,14.97,14.97,1,EUR,15.41,1.03,1,1,建筑工程,Opći radovi instalacije - Vol.4 Instalacija električne opreme,,čelična cijev
280545,čelična cijev 100,Material,Steel & Metal,m,12.06,12.06,12.06,12.06,1,EUR,12.42,1.03,1,1,建筑工程,Opći radovi instalacije - Vol.4 Instalacija električne opreme,,čelična cijev
290047,visoka cementna električna 200,Material,Concrete & Cement,m,7.11,7.11,7.11,7.11,1,EUR,7.32,1.03,1,1,建筑工程,Opći radovi instalacije - Vol.4 Instalacija električne opreme,,cement
290044,visina cement električna 150,Material,Concrete & Cement,m,4.32,4.32,4.32,4.32,1,EUR,4.45,1.03,1,1,建筑工程,Opći radovi instalacije - Vol.4 Instalacija električne opreme,,cement
290043,visoka cementna električna 125,Material,Concrete & Cement,m,3.73,3.73,3.73,3.73,1,EUR,3.84,1.03,1,1,建筑工程,Opći radovi instalacije - Vol.4 Instalacija električne opreme,,cement
290042,visina cement električna 100,Material,Concrete & Cement,m,3.38,3.38,3.38,3.38,1,EUR,3.48,1.03,1,1,建筑工程,Opći radovi instalacije - Vol.4 Instalacija električne opreme,,cement
090157,vijak 20×300,Material,Fasteners,set,2.63,2.63,2.63,2.63,1,EUR,2.69,1.02,1,1,建筑工程,Opći radovi instalacije - Vol.4 Instalacija električne opreme,,ugradnja kalupa i izrada čelika
090153,vijak 12×200,Material,Fasteners,set,0.69,0.69,0.69,0.69,1,EUR,0.71,1.02,1,1,建筑工程,Opći radovi instalacije - Vol.4 Instalacija električne opreme,,ugradnja kalupa i izrada čelika
280360,vodonepropusnost 100,Material,Waterproofing,pcs,8.62,8.62,8.62,8.62,1,EUR,8.88,1.03,1,1,建筑工程,Opći radovi instalacije - Vol.4 Instalacija električne opreme,postavljanje hidroizolacije,
280345,vodonepropusnost 80,Material,Waterproofing,pcs,7.18,7.18,7.18,7.18,1,EUR,7.39,1.03,1,1,建筑工程,Opći radovi instalacije - Vol.4 Instalacija električne opreme,postavljanje hidroizolacije,
280403,vodonepropusnost 50,Material,Waterproofing,pcs,1.8,1.8,1.8,1.8,1,EUR,1.86,1.03,1,1,建筑工程,Opći radovi instalacije - Vol.4 Instalacija električne opreme,postavljanje hidroizolacije,
170105,PVC-U voda () 150,Material,Water,pcs,6.67,6.67,6.67,6.67,1,EUR,5.59,0.839,1,1,建筑工程,"Opći radovi instalacije - Vol.10 Opskrba vodom, odvodnja, grijanje, plin",,
170104,PVC-U voda 150,Material,Water,m,8.16,8.16,8.16,8.16,1,EUR,7.62,0.934,1,1,建筑工程,"Opći radovi instalacije - Vol.10 Opskrba vodom, odvodnja, grijanje, plin",,
170057,PVC-U voda () 125,Material,Water,pcs,4.59,4.59,4.59,4.59,1,EUR,4.41,0.961,1,1,建筑工程,"Opći radovi instalacije - Vol.10 Opskrba vodom, odvodnja, grijanje, plin",,
170056,PVC-U voda () 100,Material,Water,pcs,2.7,2.7,2.7,2.7,1,EUR,3.58,1.324,1,1,建筑工程,"Opći radovi instalacije - Vol.10 Opskrba vodom, odvodnja, grijanje, plin",,
170007,PVC-U voda 75,Material,Water,m,4.32,4.32,4.32,4.32,1,EUR,1.3,0.3,1,1,建筑工程,"Opći radovi instalacije - Vol.10 Opskrba vodom, odvodnja, grijanje, plin",,izrada i ugradnja
170005,PVC-U voda 50,Material,Water,m,1.72,1.72,1.72,1.72,1,EUR,0.52,0.3,1,1,建筑工程,"Opći radovi instalacije - Vol.10 Opskrba vodom, odvodnja, grijanje, plin",,izrada i ugradnja
170003,PVC-U voda 32,Material,Water,m,1.09,1.09,1.09,1.09,1,EUR,0.33,0.3,1,1,建筑工程,"Opći radovi instalacije - Vol.10 Opskrba vodom, odvodnja, grijanje, plin",,izrada i ugradnja
280402,vodonepropusnost 32,Material,Waterproofing,pcs,0.86,0.86,0.86,0.86,1,EUR,0.88,1.03,1,1,建筑工程,Opći radovi instalacije - Vol.4 Instalacija električne opreme,postavljanje hidroizolacije,
280401,vodonepropusnost 20,Material,Waterproofing,pcs,0.67,0.67,0.67,0.67,1,EUR,0.69,1.03,1,1,建筑工程,Opći radovi instalacije - Vol.4 Instalacija električne opreme,postavljanje hidroizolacije,
280108,oblikovanje,Material,General,pcs,0.15,0.15,0.15,0.15,1,EUR,0.15,1.02,1,1,建筑工程,Opći radovi instalacije - Vol.4 Instalacija električne opreme,ugradnja kalupa,
280051,15 25,Material,General,pcs,0.02,0.02,0.02,0.02,1,EUR,0.04,2.225,1,1,建筑工程,Opći radovi instalacije - Vol.4 Instalacija električne opreme,ugradnja kalupa,
800209,vertikalni 50,Equipment,General,machine-shift,14.84,14.84,14.84,14.84,1,EUR,1.42,0.0958,1,1,建筑工程,"Opći radovi instalacije - Vol.10 Opskrba vodom, odvodnja, grijanje, plin",,
180885,spojnica pocinčane čelične cijevi () 15,Material,Steel & Metal,pcs,0.12,0.12,0.12,0.12,1,EUR,0.16,1.31,1,1,建筑工程,"Opći radovi instalacije - Vol.10 Opskrba vodom, odvodnja, grijanje, plin",,
170225,kompozitni 32,Material,General,m,7.03,7.03,7.03,7.03,1,EUR,7.17,1.02,1,1,建筑工程,"Opći radovi instalacije - Vol.10 Opskrba vodom, odvodnja, grijanje, plin",čelik kompozitni,
170224,kompozitni 25,Material,General,m,4.91,4.91,4.91,4.91,1,EUR,5.0,1.02,1,1,建筑工程,"Opći radovi instalacije - Vol.10 Opskrba vodom, odvodnja, grijanje, plin",čelik kompozitni,
170223,kompozitni 20,Material,General,m,3.52,3.52,3.52,3.52,1,EUR,3.59,1.02,1,1,建筑工程,"Opći radovi instalacije - Vol.10 Opskrba vodom, odvodnja, grijanje, plin",čelik kompozitni,
170222,kompozitni 15,Material,General,m,2.08,2.08,2.08,2.08,1,EUR,2.12,1.02,1,1,建筑工程,"Opći radovi instalacije - Vol.10 Opskrba vodom, odvodnja, grijanje, plin",čelik kompozitni,
170017,PVC-U voda 200,Material,Water,m,8.73,8.73,8.73,8.73,1,EUR,8.3,0.951,1,1,建筑工程,"Opći radovi instalacije - Vol.10 Opskrba vodom, odvodnja, grijanje, plin",,
280549,CPVC 110,Material,General,m,3.05,3.05,3.05,3.05,1,EUR,3.2,1.05,1,1,建筑工程,Opći radovi instalacije - Vol.4 Instalacija električne opreme,,CPVC
280548,CPVC 90,Material,General,m,2.08,2.08,2.08,2.08,1,EUR,2.18,1.05,1,1,建筑工程,Opći radovi instalacije - Vol.4 Instalacija električne opreme,,CPVC
190224,20,Material,General,pcs,5.32,5.32,5.32,5.32,1,EUR,5.37,1.01,1,1,建筑工程,"Opći radovi instalacije - Vol.10 Opskrba vodom, odvodnja, grijanje, plin",,
190004,15,Material,General,pcs,4.24,4.24,4.24,4.24,1,EUR,4.28,1.01,1,1,建筑工程,"Opći radovi instalacije - Vol.10 Opskrba vodom, odvodnja, grijanje, plin",,
190223,15,Material,General,pcs,4.32,4.32,4.32,4.32,1,EUR,4.37,1.01,1,1,建筑工程,"Opći radovi instalacije - Vol.10 Opskrba vodom, odvodnja, grijanje, plin",,
170110,250,Material,General,pcs,1.77,1.77,1.77,1.77,1,EUR,3.55,2.0,1,1,建筑工程,"Opći radovi instalacije - Vol.10 Opskrba vodom, odvodnja, grijanje, plin",,
170109,200,Material,General,pcs,1.48,1.48,1.48,1.48,1,EUR,2.97,2.0,1,1,建筑工程,"Opći radovi instalacije - Vol.10 Opskrba vodom, odvodnja, grijanje, plin",,
170108,150,Material,General,pcs,1.23,1.23,1.23,1.23,1,EUR,2.46,2.0,1,1,建筑工程,"Opći radovi instalacije - Vol.10 Opskrba vodom, odvodnja, grijanje, plin",,
170107,100,Material,General,pcs,0.95,0.95,0.95,0.95,1,EUR,1.89,2.0,1,1,建筑工程,"Opći radovi instalacije - Vol.10 Opskrba vodom, odvodnja, grijanje, plin",,
170106,75,Material,General,pcs,0.76,0.76,0.76,0.76,1,EUR,1.52,2.0,1,1,建筑工程,"Opći radovi instalacije - Vol.10 Opskrba vodom, odvodnja, grijanje, plin",,
170181,200,Material,General,pcs,14.98,14.98,14.98,14.98,1,EUR,14.98,1.0,1,1,建筑工程,"Opći radovi instalacije - Vol.10 Opskrba vodom, odvodnja, grijanje, plin",instalacija,
170180,160,Material,General,pcs,11.31,11.31,11.31,11.31,1,EUR,11.31,1.0,1,1,建筑工程,"Opći radovi instalacije - Vol.10 Opskrba vodom, odvodnja, grijanje, plin",instalacija,
170178,110,Material,General,pcs,6.36,6.36,6.36,6.36,1,EUR,6.36,1.0,1,1,建筑工程,"Opći radovi instalacije - Vol.10 Opskrba vodom, odvodnja, grijanje, plin",instalacija,
170177,75,Material,General,pcs,4.95,4.95,4.95,4.95,1,EUR,4.95,1.0,1,1,建筑工程,"Opći radovi instalacije - Vol.10 Opskrba vodom, odvodnja, grijanje, plin",instalacija,
170176,50,Material,General,pcs,3.53,3.53,3.53,3.53,1,EUR,3.53,1.0,1,1,建筑工程,"Opći radovi instalacije - Vol.10 Opskrba vodom, odvodnja, grijanje, plin",instalacija,
170012,PVC-U voda 225,Material,Water,m,26.74,26.74,26.74,26.74,1,EUR,8.02,0.3,1,1,建筑工程,"Opći radovi instalacije - Vol.10 Opskrba vodom, odvodnja, grijanje, plin",,izrada i ugradnja
170011,PVC-U voda 160,Material,Water,m,11.22,11.22,11.22,11.22,1,EUR,3.37,0.3,1,1,建筑工程,"Opći radovi instalacije - Vol.10 Opskrba vodom, odvodnja, grijanje, plin",,izrada i ugradnja
170010,PVC-U voda 140,Material,Water,m,8.47,8.47,8.47,8.47,1,EUR,2.54,0.3,1,1,建筑工程,"Opći radovi instalacije - Vol.10 Opskrba vodom, odvodnja, grijanje, plin",,izrada i ugradnja
180194,300,Material,General,pcs,26.19,26.19,26.19,26.19,1,EUR,104.76,4.0,1,1,建筑工程,"Opći radovi instalacije - Vol.10 Opskrba vodom, odvodnja, grijanje, plin",,instalacija kvadratne izrade ()
280425,kalup 15,Material,General,pcs,0.92,0.92,0.92,0.92,1,EUR,1.14,1.236,1,1,建筑工程,Opći radovi instalacije - Vol.4 Instalacija električne opreme,,
280431,kalup 63,Material,General,pcs,5.32,5.32,5.32,5.32,1,EUR,6.58,1.236,1,1,建筑工程,Opći radovi instalacije - Vol.4 Instalacija električne opreme,,
280026,podni profil,Material,General,pcs,6.73,6.73,6.73,6.73,1,EUR,6.87,1.02,1,1,建筑工程,Opći radovi instalacije - Vol.4 Instalacija električne opreme,ugradnja kalupa,
110447,10mm×30mm traka za vodonepropusno lijepljenje,Material,Water,m,3.05,3.05,3.05,3.05,1,EUR,3.2,1.05,1,1,建筑工程,radovi na krovovima i hidroizolaciji,"vodonepropusnost podruma i poda, otpornost na vlagu",vodonepropusni zaustavnik s
091220,čavao od čelika,Material,Steel & Metal,pcs,0.08,0.08,0.08,0.08,1,EUR,0.19,2.3,1,1,建筑工程,radovi na krovovima i hidroizolaciji,"vodonepropusnost podruma i poda, otpornost na vlagu",vodonepropusni zaustavnik s
180193,250,Material,General,pcs,16.56,16.56,16.56,16.56,1,EUR,66.24,4.0,1,1,建筑工程,"Opći radovi instalacije - Vol.10 Opskrba vodom, odvodnja, grijanje, plin",,instalacija kvadratne izrade ()
180191,200,Material,General,pcs,8.38,8.38,8.38,8.38,1,EUR,33.53,4.0,1,1,建筑工程,"Opći radovi instalacije - Vol.10 Opskrba vodom, odvodnja, grijanje, plin",,instalacija kvadratne izrade ()
180190,150,Material,General,pcs,5.43,5.43,5.43,5.43,1,EUR,21.73,4.0,1,1,建筑工程,"Opći radovi instalacije - Vol.10 Opskrba vodom, odvodnja, grijanje, plin",,instalacija kvadratne izrade ()
180189,125,Material,General,pcs,3.27,3.27,3.27,3.27,1,EUR,13.08,4.0,1,1,建筑工程,"Opći radovi instalacije - Vol.10 Opskrba vodom, odvodnja, grijanje, plin",,instalacija kvadratne izrade ()
180188,100,Material,General,pcs,1.8,1.8,1.8,1.8,1,EUR,7.21,4.0,1,1,建筑工程,"Opći radovi instalacije - Vol.10 Opskrba vodom, odvodnja, grijanje, plin",,instalacija kvadratne izrade ()
180187,80,Material,General,pcs,1.01,1.01,1.01,1.01,1,EUR,4.06,4.0,1,1,建筑工程,"Opći radovi instalacije - Vol.10 Opskrba vodom, odvodnja, grijanje, plin",,instalacija kvadratne izrade ()
180186,70,Material,General,pcs,0.73,0.73,0.73,0.73,1,EUR,2.92,4.0,1,1,建筑工程,"Opći radovi instalacije - Vol.10 Opskrba vodom, odvodnja, grijanje, plin",,instalacija kvadratne izrade ()
180185,50,Material,General,pcs,0.5,0.5,0.5,0.5,1,EUR,2.0,4.0,1,1,建筑工程,"Opći radovi instalacije - Vol.10 Opskrba vodom, odvodnja, grijanje, plin",,instalacija kvadratne izrade ()
200011,vrata 10,Material,General,pcs,0.47,0.47,0.47,0.47,1,EUR,0.47,1.01,1,1,建筑工程,"Opći radovi instalacije - Vol.10 Opskrba vodom, odvodnja, grijanje, plin",,
190207,25,Material,General,pcs,6.93,6.93,6.93,6.93,1,EUR,7.0,1.01,1,1,建筑工程,"Opći radovi instalacije - Vol.10 Opskrba vodom, odvodnja, grijanje, plin",,
280059,(čelična cijev) 20,Material,Steel & Metal,pcs,0.02,0.02,0.02,0.02,1,EUR,0.0,0.1545,1,1,建筑工程,Opći radovi instalacije - Vol.4 Instalacija električne opreme,,galvanizirana čelična cijev
280066,(čelična cijev) 100,Material,Steel & Metal,pcs,0.15,0.15,0.15,0.15,1,EUR,0.02,0.1545,1,1,建筑工程,Opći radovi instalacije - Vol.4 Instalacija električne opreme,,galvanizirana čelična cijev
280041,metal 32,Material,Steel & Metal,pcs,0.08,0.08,0.08,0.08,1,EUR,0.1,1.236,1,1,建筑工程,Opći radovi instalacije - Vol.4 Instalacija električne opreme,,
090569,PVC,Material,General,pcs,3.78,3.78,3.78,3.78,1,EUR,0.04,0.0102,1,1,建筑工程,Opći radovi instalacije - Vol.4 Instalacija električne opreme,,PVC
280305,PVC 70,Material,General,pcs,0.15,0.15,0.15,0.15,1,EUR,0.02,0.1545,1,1,建筑工程,Opći radovi instalacije - Vol.4 Instalacija električne opreme,,PVC
280105,(električna energija) 70,Material,General,pcs,0.07,0.07,0.07,0.07,1,EUR,0.05,0.6789,1,1,建筑工程,Opći radovi instalacije - Vol.4 Instalacija električne opreme,,PVC
280298,Spojka tipa PVCT 70,Material,General,pcs,0.21,0.21,0.21,0.21,1,EUR,0.0,0.0204,1,1,建筑工程,Opći radovi instalacije - Vol.4 Instalacija električne opreme,,PVC
280291,PVC 70,Material,General,pcs,0.44,0.44,0.44,0.44,1,EUR,0.09,0.204,1,1,建筑工程,Opći radovi instalacije - Vol.4 Instalacija električne opreme,,PVC
280284,PVC 70,Material,General,pcs,0.14,0.14,0.14,0.14,1,EUR,0.01,0.0408,1,1,建筑工程,Opći radovi instalacije - Vol.4 Instalacija električne opreme,,PVC
180003,galvanizirano 25,Material,General,pcs,0.17,0.17,0.17,0.17,1,EUR,0.1,0.6,1,1,建筑工程,"Opći radovi instalacije - Vol.10 Opskrba vodom, odvodnja, grijanje, plin",,
180002,galvanizirano 20,Material,General,pcs,0.11,0.11,0.11,0.11,1,EUR,0.06,0.6,1,1,建筑工程,"Opći radovi instalacije - Vol.10 Opskrba vodom, odvodnja, grijanje, plin",,
180008,galvanizirano 20,Material,General,pcs,0.15,0.15,0.15,0.15,1,EUR,0.09,0.6,1,1,建筑工程,"Opći radovi instalacije - Vol.10 Opskrba vodom, odvodnja, grijanje, plin",,
180032,galvanizirano 20,Material,General,pcs,0.3,0.3,0.3,0.3,1,EUR,0.09,0.3,1,1,建筑工程,"Opći radovi instalacije - Vol.10 Opskrba vodom, odvodnja, grijanje, plin",,
210068,voda 100,Material,Water,pcs,3.17,3.17,3.17,3.17,1,EUR,3.19,1.005,1,1,建筑工程,"Opći radovi instalacije - Vol.10 Opskrba vodom, odvodnja, grijanje, plin",,
180196,426,Material,General,pcs,60.42,60.42,60.42,60.42,1,EUR,241.66,4.0,1,1,建筑工程,"Opći radovi instalacije - Vol.10 Opskrba vodom, odvodnja, grijanje, plin",,instalacija kvadratne izrade ()
180195,377,Material,General,pcs,43.79,43.79,43.79,43.79,1,EUR,175.15,4.0,1,1,建筑工程,"Opći radovi instalacije - Vol.10 Opskrba vodom, odvodnja, grijanje, plin",,instalacija kvadratne izrade ()
280256,cinkani spoj za električne kanale 40,Material,General,pcs,0.4,0.4,0.4,0.4,1,EUR,0.07,0.1648,1,1,建筑工程,Opći radovi instalacije - Vol.4 Instalacija električne opreme,,
090076,matica za zaključavanje 32,Material,Fasteners,pcs,0.07,0.07,0.07,0.07,1,EUR,0.01,0.1545,1,1,建筑工程,Opći radovi instalacije - Vol.4 Instalacija električne opreme,,zavarivanje čelične cijevi
090075,matica za zaključavanje 25,Material,Fasteners,pcs,0.06,0.06,0.06,0.06,1,EUR,0.01,0.1545,1,1,建筑工程,Opći radovi instalacije - Vol.4 Instalacija električne opreme,,zavarivanje čelične cijevi
800533,čavli,Equipment,General,machine-shift,10.6,10.6,10.6,10.6,1,EUR,0.01,0.001,1,1,建筑工程,radovi metalnih konstrukcija,"čelična ploča, zidna ploča",
010098,čelična cijev 159×4.5,Material,Steel & Metal,m,11.13,11.13,11.13,11.13,1,EUR,3.34,0.3,1,1,建筑工程,"Opći radovi instalacije - Vol.10 Opskrba vodom, odvodnja, grijanje, plin",,
010095,čelična cijev bez 108×3,Material,Steel & Metal,m,5.06,5.06,5.06,5.06,1,EUR,1.52,0.3,1,1,建筑工程,"Opći radovi instalacije - Vol.10 Opskrba vodom, odvodnja, grijanje, plin",,
110516,bez poli (PVC) premaza,Material,General,m2,4.43,4.43,4.43,4.43,1,EUR,4.66,1.05,1,1,建筑工程,radovi završne obrade poda,završni sloj,
280415,JDG(KBG) spojka 50,Material,General,pcs,0.86,0.86,0.86,0.86,1,EUR,0.15,0.1751,1,1,建筑工程,Opći radovi instalacije - Vol.4 Instalacija električne opreme,,() čelična cijev
280414,Spoj JDG(KBG) 40,Material,General,pcs,0.64,0.64,0.64,0.64,1,EUR,0.11,0.1751,1,1,建筑工程,Opći radovi instalacije - Vol.4 Instalacija električne opreme,,() čelična cijev
280413,Spoj JDG(KBG) 32,Material,General,pcs,0.53,0.53,0.53,0.53,1,EUR,0.14,0.2575,1,1,建筑工程,Opći radovi instalacije - Vol.4 Instalacija električne opreme,,() čelična cijev
280412,JDG(KBG) spojka 25,Material,General,pcs,0.4,0.4,0.4,0.4,1,EUR,0.1,0.2575,1,1,建筑工程,Opći radovi instalacije - Vol.4 Instalacija električne opreme,,() čelična cijev
280411,JDG(KBG) spojka 20,Material,General,pcs,0.36,0.36,0.36,0.36,1,EUR,0.15,0.412,1,1,建筑工程,Opći radovi instalacije - Vol.4 Instalacija električne opreme,,() čelična cijev
280228,PVC spojka 50,Material,General,pcs,0.47,0.47,0.47,0.47,1,EUR,0.07,0.1545,1,1,建筑工程,Opći radovi instalacije - Vol.4 Instalacija električne opreme,,PVC
280227,PVC spojka 40,Material,General,pcs,0.33,0.33,0.33,0.33,1,EUR,0.05,0.1545,1,1,建筑工程,Opći radovi instalacije - Vol.4 Instalacija električne opreme,,PVC
280226,PVC spojka 32,Material,General,pcs,0.19,0.19,0.19,0.19,1,EUR,0.03,0.1545,1,1,建筑工程,Opći radovi instalacije - Vol.4 Instalacija električne opreme,,PVC
280225,PVC spojka 25,Material,General,pcs,0.12,0.12,0.12,0.12,1,EUR,0.02,0.1545,1,1,建筑工程,Opći radovi instalacije - Vol.4 Instalacija električne opreme,,PVC
320006,ljepilo (10kV)10,Material,General,pair,3.56,3.56,3.56,3.56,1,EUR,14.24,4.0,1,1,建筑工程,Opći radovi instalacije - Vol.4 Instalacija električne opreme,,10kV
180178,(1.6MPa) 40,Material,General,pcs,2.18,2.18,2.18,2.18,1,EUR,4.35,2.0,1,1,建筑工程,"Opći radovi instalacije - Vol.10 Opskrba vodom, odvodnja, grijanje, plin",ugradnja kalupa,
180020,galvanizirani spoj 25,Material,General,pcs,0.71,0.71,0.71,0.71,1,EUR,2.15,3.03,1,1,建筑工程,"Opći radovi instalacije - Vol.10 Opskrba vodom, odvodnja, grijanje, plin",ugradnja kalupa,
180176,(1.6MPa) 25,Material,General,pcs,1.26,1.26,1.26,1.26,1,EUR,1.28,1.01,1,1,建筑工程,"Opći radovi instalacije - Vol.10 Opskrba vodom, odvodnja, grijanje, plin","voda, voda",vodovodna instalacija
190006,25,Material,General,pcs,6.79,6.79,6.79,6.79,1,EUR,6.86,1.01,1,1,建筑工程,"Opći radovi instalacije - Vol.10 Opskrba vodom, odvodnja, grijanje, plin","voda, voda",vodovodna instalacija
180175,(1.6MPa) 20,Material,General,pcs,1.2,1.2,1.2,1.2,1,EUR,1.21,1.01,1,1,建筑工程,"Opći radovi instalacije - Vol.10 Opskrba vodom, odvodnja, grijanje, plin","voda, voda",vodovodna instalacija
180155,ravno (1.6MPa) 600,Material,General,pcs,146.12,146.12,146.12,146.12,1,EUR,292.24,2.0,1,1,建筑工程,"Opći radovi instalacije - Vol.10 Opskrba vodom, odvodnja, grijanje, plin",voda,voda ()
180154,ravno (1.6MPa) 500,Material,General,pcs,101.43,101.43,101.43,101.43,1,EUR,202.86,2.0,1,1,建筑工程,"Opći radovi instalacije - Vol.10 Opskrba vodom, odvodnja, grijanje, plin",voda,voda ()
090112,s vijcima 22×(85 100),Material,Fasteners,set,0.39,0.39,0.39,0.39,1,EUR,9.59,24.72,1,1,建筑工程,"Opći radovi instalacije - Vol.10 Opskrba vodom, odvodnja, grijanje, plin",voda,voda ()
090110,s vijcima 20×(65 80),Material,Fasteners,set,0.27,0.27,0.27,0.27,1,EUR,6.75,24.72,1,1,建筑工程,"Opći radovi instalacije - Vol.10 Opskrba vodom, odvodnja, grijanje, plin",voda,voda ()
800180,električna vitla (jednostruka) 1t,Equipment,Hoists,machine-shift,14.13,14.13,14.13,14.13,1,EUR,1.17,0.083,1,1,建筑工程,"Opći radovi instalacije - Vol.10 Opskrba vodom, odvodnja, grijanje, plin",,instalacija
800176,kamion dizalica 12t,Equipment,Cranes,machine-shift,93.98,93.98,93.98,93.98,1,EUR,117.47,1.25,1,1,建筑工程,"Opći radovi instalacije - Vol.10 Opskrba vodom, odvodnja, grijanje, plin",,instalacija
030005,drvo 250×200×2500,Material,Wood & Timber,pcs,18.15,18.15,18.15,18.15,1,EUR,0.87,0.048,1,1,建筑工程,"Opći radovi instalacije - Vol.10 Opskrba vodom, odvodnja, grijanje, plin",,instalacija
010104,čelična cijev bez 273×7,Material,Steel & Metal,m,29.02,29.02,29.02,29.02,1,EUR,12.48,0.43,1,1,建筑工程,"Opći radovi instalacije - Vol.10 Opskrba vodom, odvodnja, grijanje, plin",,
010100,čelična cijev bez 219×6,Material,Steel & Metal,m,19.5,19.5,19.5,19.5,1,EUR,6.24,0.32,1,1,建筑工程,"Opći radovi instalacije - Vol.10 Opskrba vodom, odvodnja, grijanje, plin",,
280257,vrućezavareni spoj za električne kanale 50,Material,General,pcs,0.44,0.44,0.44,0.44,1,EUR,0.07,0.1648,1,1,建筑工程,Opći radovi instalacije - Vol.4 Instalacija električne opreme,,
100289,metal kamen 25,Material,Steel & Metal,pcs,2.02,2.02,2.02,2.02,1,EUR,4.17,2.06,1,1,建筑工程,"Opći radovi instalacije - Vol.10 Opskrba vodom, odvodnja, grijanje, plin",,instalacija
600139,ravno (1.6MPa) 25,Material,General,pcs,0.86,0.86,0.86,0.86,1,EUR,0.86,1.0,1,1,建筑工程,"Opći radovi instalacije - Vol.10 Opskrba vodom, odvodnja, grijanje, plin",,instalacija
180179,(1.6MPa) 50,Material,General,pcs,2.84,2.84,2.84,2.84,1,EUR,5.68,2.0,1,1,建筑工程,"Opći radovi instalacije - Vol.10 Opskrba vodom, odvodnja, grijanje, plin",ugradnja kalupa,
320016,YS241-01-05(900×1000),Material,General,pcs,3.55,3.55,3.55,3.55,1,EUR,53.21,15.0,1,1,建筑工程,Opći radovi instalacije - Vol.4 Instalacija električne opreme,,10kV
320015,145(368×117×105),Material,General,pcs,1.5,1.5,1.5,1.5,1,EUR,2.99,2.0,1,1,建筑工程,Opći radovi instalacije - Vol.4 Instalacija električne opreme,,10kV
320014,LRG(P-20 vertikalno),Material,General,pcs,2.51,2.51,2.51,2.51,1,EUR,7.52,3.0,1,1,建筑工程,Opći radovi instalacije - Vol.4 Instalacija električne opreme,,10kV
320013,električna energija,Material,General,komad,0.75,0.75,0.75,0.75,1,EUR,3.01,4.0,1,1,建筑工程,Opći radovi instalacije - Vol.4 Instalacija električne opreme,,10kV
150226,s V82040,Material,General,pair,0.19,0.19,0.19,0.19,1,EUR,0.75,4.0,1,1,建筑工程,Opći radovi instalacije - Vol.4 Instalacija električne opreme,,10kV
150235,električna energija s,Material,General,pair,0.17,0.17,0.17,0.17,1,EUR,0.35,2.0,1,1,建筑工程,Opći radovi instalacije - Vol.4 Instalacija električne opreme,,10kV
150225,zrcalo V82040,Material,General,pair,0.09,0.09,0.09,0.09,1,EUR,0.35,4.0,1,1,建筑工程,Opći radovi instalacije - Vol.4 Instalacija električne opreme,,10kV
150224,51581,Material,General,komad,1.44,1.44,1.44,1.44,1,EUR,5.76,4.0,1,1,建筑工程,Opći radovi instalacije - Vol.4 Instalacija električne opreme,,10kV
320012,D3LYB,Material,General,pair,7.77,7.77,7.77,7.77,1,EUR,31.09,4.0,1,1,建筑工程,Opći radovi instalacije - Vol.4 Instalacija električne opreme,,10kV
320011,T32,Material,General,pcs,0.25,0.25,0.25,0.25,1,EUR,1.24,5.0,1,1,建筑工程,Opći radovi instalacije - Vol.4 Instalacija električne opreme,,10kV
320010,GB116-GC,Material,General,pcs,0.18,0.18,0.18,0.18,1,EUR,0.9,5.0,1,1,建筑工程,Opći radovi instalacije - Vol.4 Instalacija električne opreme,,10kV
320008,() YS103-12-02,Material,General,pair,2.94,2.94,2.94,2.94,1,EUR,2.94,1.0,1,1,建筑工程,Opći radovi instalacije - Vol.4 Instalacija električne opreme,,10kV
320007,ljepilo (8kV)10,Material,General,pair,1.33,1.33,1.33,1.33,1,EUR,1.33,1.0,1,1,建筑工程,Opći radovi instalacije - Vol.4 Instalacija električne opreme,,10kV
300091,cinkovani kutni čelik 16×550,Material,Steel & Metal,pair,0.78,0.78,0.78,0.78,1,EUR,1.57,2.01,1,1,建筑工程,Opći radovi instalacije - Vol.4 Instalacija električne opreme,,
090140,galvanizirano s vijcima 16×(400 450),Material,Fasteners,set,0.87,0.87,0.87,0.87,1,EUR,3.56,4.08,1,1,建筑工程,Opći radovi instalacije - Vol.4 Instalacija električne opreme,,
300089,vrućecinkovani kutni čelik 63×6×2700,Material,Steel & Metal,pcs,11.97,11.97,11.97,11.97,1,EUR,24.02,2.006,1,1,建筑工程,Opći radovi instalacije - Vol.4 Instalacija električne opreme,,
300090,cinkovani kutni čelik 63×63×6×570,Material,Steel & Metal,pcs,3.12,3.12,3.12,3.12,1,EUR,3.13,1.003,1,1,建筑工程,Opći radovi instalacije - Vol.4 Instalacija električne opreme,,električna instalacija
300067,vrućecinkovani kutni čelik za podupiranje 50×50×5×1760,Material,Steel & Metal,pcs,4.73,4.73,4.73,4.73,1,EUR,9.48,2.006,1,1,建筑工程,Opći radovi instalacije - Vol.4 Instalacija električne opreme,,električna instalacija
300087,galvanizirani kutni čelik 50×5×1100,Material,Steel & Metal,pcs,4.39,4.39,4.39,4.39,1,EUR,4.41,1.003,1,1,建筑工程,Opći radovi instalacije - Vol.4 Instalacija električne opreme,,električna instalacija
300026,cinkovani kutni čelik 63×63×6×1500,Material,Steel & Metal,pcs,6.3,6.3,6.3,6.3,1,EUR,6.32,1.003,1,1,建筑工程,Opći radovi instalacije - Vol.4 Instalacija električne opreme,,električna instalacija
300088,vrućezavareni kutni čelik 50×5×1760,Material,Steel & Metal,pcs,7.03,7.03,7.03,7.03,1,EUR,14.09,2.006,1,1,建筑工程,Opći radovi instalacije - Vol.4 Instalacija električne opreme,,električna instalacija
090532,letvica 40×5×60,Material,General,pcs,0.1,0.1,0.1,0.1,1,EUR,0.41,4.08,1,1,建筑工程,Opći radovi instalacije - Vol.4 Instalacija električne opreme,,
300009,ploča 40×4×230,Material,General,pcs,0.28,0.28,0.28,0.28,1,EUR,0.57,2.01,1,1,建筑工程,Opći radovi instalacije - Vol.4 Instalacija električne opreme,,instalacija
310009,ED-1,Material,General,pcs,0.21,0.21,0.21,0.21,1,EUR,0.21,1.005,1,1,建筑工程,Opći radovi instalacije - Vol.4 Instalacija električne opreme,,instalacija
320024,P 10,Material,General,set,1.8,1.8,1.8,1.8,1,EUR,1.81,1.005,1,1,建筑工程,Opći radovi instalacije - Vol.4 Instalacija električne opreme,,instalacija
110737,polimer,Material,General,g,0.02,0.02,0.02,0.02,1,EUR,0.39,20.0,1,1,建筑工程,"Opći radovi instalacije - Vol.10 Opskrba vodom, odvodnja, grijanje, plin",instalacija,
390037,cementna ploča 900×700×80,Material,Concrete & Cement,pcs,6.51,6.51,6.51,6.51,1,EUR,6.51,1.0,1,1,建筑工程,"Opći radovi instalacije - Vol.10 Opskrba vodom, odvodnja, grijanje, plin",zidarstvo,
390035,cementna ploča 600×600×60,Material,Concrete & Cement,pcs,2.8,2.8,2.8,2.8,1,EUR,2.8,1.0,1,1,建筑工程,"Opći radovi instalacije - Vol.10 Opskrba vodom, odvodnja, grijanje, plin",zidarstvo,
390032,cementna ploča 500×500×60,Material,Concrete & Cement,pcs,1.94,1.94,1.94,1.94,1,EUR,1.94,1.0,1,1,建筑工程,"Opći radovi instalacije - Vol.10 Opskrba vodom, odvodnja, grijanje, plin",zidarstvo,
300074,galvanizirano tlo 25,Material,General,pcs,8.24,8.24,8.24,8.24,1,EUR,8.57,1.04,1,1,建筑工程,Opći radovi instalacije - Vol.4 Instalacija električne opreme,,
300073,galvanizirano tlo 19,Material,General,pcs,5.49,5.49,5.49,5.49,1,EUR,5.71,1.04,1,1,建筑工程,Opći radovi instalacije - Vol.4 Instalacija električne opreme,,
010052,cinkovana čelična cijev 50,Material,Steel & Metal,kg,0.66,0.66,0.66,0.66,1,EUR,8.78,13.31,1,1,建筑工程,Opći radovi instalacije - Vol.4 Instalacija električne opreme,,
090180,čavao (6 12)×(12 80),Equipment,General,pcs,0.01,0.01,0.01,0.01,1,EUR,0.03,4.08,1,1,建筑工程,Opći radovi instalacije - Vol.4 Instalacija električne opreme,električna instalacija,
090857,cinkovani čavao s M16×60,Material,Fasteners,set,0.19,0.19,0.19,0.19,1,EUR,0.39,2.02,1,1,建筑工程,Opći radovi instalacije - Vol.11 Oprema i linije za komunikaciju,dodatni stupac,
800120,bušenje DHR80A,Equipment,General,machine-shift,251.75,251.75,251.75,251.75,1,EUR,3.02,0.012,1,1,建筑工程,tretman tla i potpora padinama,temeljna jama,čavli
120036,10,Material,General,m,0.04,0.04,0.04,0.04,1,EUR,0.03,0.735,1,1,建筑工程,tretman tla i potpora padinama,temeljna jama,čavli
310013,P-6,Material,General,pcs,0.8,0.8,0.8,0.8,1,EUR,0.8,1.005,1,1,建筑工程,Opći radovi instalacije - Vol.4 Instalacija električne opreme,,instalacija
310027,električna energija,Material,General,pcs,22.17,22.17,22.17,22.17,1,EUR,22.28,1.005,1,1,建筑工程,Opći radovi instalacije - Vol.4 Instalacija električne opreme,,instalacija
310026,visina P-20,Material,General,pcs,7.62,7.62,7.62,7.62,1,EUR,7.66,1.005,1,1,建筑工程,Opći radovi instalacije - Vol.4 Instalacija električne opreme,,instalacija
310025,visina P-15,Material,General,pcs,4.02,4.02,4.02,4.02,1,EUR,4.04,1.005,1,1,建筑工程,Opći radovi instalacije - Vol.4 Instalacija električne opreme,,instalacija
300032,cinkovani kutni čelik 75×75×6×850,Material,Steel & Metal,pcs,4.93,4.93,4.93,4.93,1,EUR,9.9,2.006,1,1,建筑工程,Opći radovi instalacije - Vol.4 Instalacija električne opreme,,instalacija
010367,galvanizirani čelični lim,Material,Steel & Metal,kg,1.34,1.34,1.34,1.34,1,EUR,0.66,0.4898,1,1,建筑工程,Opći radovi instalacije - Vol.4 Instalacija električne opreme,,izrada i ugradnja temeljnog sloja
280359,aluminijski kalup DTL/JY-2,Material,General,pcs,9.02,9.02,9.02,9.02,1,EUR,36.62,4.06,1,1,建筑工程,Opći radovi instalacije - Vol.4 Instalacija električne opreme,,
350023,kalup BX-16,Material,General,m,1.9,1.9,1.9,1.9,1,EUR,3.85,2.03,1,1,建筑工程,Opći radovi instalacije - Vol.4 Instalacija električne opreme,,
300008,cinkovani ravni čelik 65×6×800,Material,Steel & Metal,pair,2.08,2.08,2.08,2.08,1,EUR,4.18,2.01,1,1,建筑工程,Opći radovi instalacije - Vol.4 Instalacija električne opreme,,
280175,s,Material,General,jedinica,0.73,0.73,0.73,0.73,1,EUR,0.16,0.22,1,1,建筑工程,Opći radovi instalacije - Vol.4 Instalacija električne opreme,,
091420,vijak za proširenje pocinčani 14,Material,Fasteners,set,0.57,0.57,0.57,0.57,1,EUR,0.82,1.43,1,1,建筑工程,Opći radovi instalacije - Vol.4 Instalacija električne opreme,,
310045,ljepilo s 25×10,Material,General,jedinica,0.2,0.2,0.2,0.2,1,EUR,0.07,0.333,1,1,建筑工程,Opći radovi instalacije - Vol.4 Instalacija električne opreme,oblikovanje,
280119,4,Material,General,pcs,0.4,0.4,0.4,0.4,1,EUR,0.82,2.03,1,1,建筑工程,Opći radovi instalacije - Vol.4 Instalacija električne opreme,oblikovanje,
350027,kalup BVR-4,Material,General,m,0.4,0.4,0.4,0.4,1,EUR,0.73,1.8324,1,1,建筑工程,Opći radovi instalacije - Vol.4 Instalacija električne opreme,oblikovanje,
280126,70,Material,General,pcs,2.95,2.95,2.95,2.95,1,EUR,1.5,0.5075,1,1,建筑工程,Opći radovi instalacije - Vol.4 Instalacija električne opreme,oblikovanje,
280125,50,Material,General,pcs,2.29,2.29,2.29,2.29,1,EUR,1.16,0.5075,1,1,建筑工程,Opći radovi instalacije - Vol.4 Instalacija električne opreme,oblikovanje,
280124,35,Material,General,pcs,1.44,1.44,1.44,1.44,1,EUR,0.73,0.5075,1,1,建筑工程,Opći radovi instalacije - Vol.4 Instalacija električne opreme,oblikovanje,
280123,25,Material,General,pcs,1.07,1.07,1.07,1.07,1,EUR,0.55,0.5075,1,1,建筑工程,Opći radovi instalacije - Vol.4 Instalacija električne opreme,oblikovanje,
090353,aluminijska legura podna ploča,Material,General,m2,67.19,67.19,67.19,67.19,1,EUR,68.54,1.02,1,1,建筑工程,radovi završne obrade poda,završni sloj,električna temeljna ploča
280168,metalna uzemljenje 76,Material,Steel & Metal,pcs,1.58,1.58,1.58,1.58,1,EUR,1.63,1.03,1,1,建筑工程,Opći radovi instalacije - Vol.4 Instalacija električne opreme,,
080304,parcijalni,Material,General,m2,27.71,27.71,27.71,27.71,1,EUR,29.1,1.05,1,1,建筑工程,"završne obrade zidova i stupova, pregrade i zavjese",parcijalni,parcijalni
310037,kalup J2,Material,General,pcs,1.51,1.51,1.51,1.51,1,EUR,1.54,1.02,1,1,建筑工程,Opći radovi instalacije - Vol.4 Instalacija električne opreme,"oblikovanje i izrada, ugradnja",
310038,kalup J4.5,Material,General,pcs,2.16,2.16,2.16,2.16,1,EUR,2.2,1.02,1,1,建筑工程,Opći radovi instalacije - Vol.4 Instalacija električne opreme,"oblikovanje i izrada, ugradnja",
300071,okrugla šipka,Material,General,pcs,6.97,6.97,6.97,6.97,1,EUR,6.97,1.0,1,1,建筑工程,Opći radovi instalacije - Vol.4 Instalacija električne opreme,,izrada
170065,65,Material,General,m,1.55,1.55,1.55,1.55,1,EUR,2.17,1.4,1,1,建筑工程,Opći radovi instalacije - Vol.4 Instalacija električne opreme,,
050023,staklena traka s ogledalnim završetkom,Material,Glass,m,1.07,1.07,1.07,1.07,1,EUR,1.1,1.03,1,1,建筑工程,ostali dekorativni radovi,ukrasni kalup,stakleni profil s ogledalnim završetkom
090583,čavli,Material,Fasteners,pcs,0.02,0.02,0.02,0.02,1,EUR,0.29,13.03,1,1,建筑工程,radovi na stropovima,ukrasni strop,nadstrešnica
080290,aluminijska legura,Material,General,m2,8.31,8.31,8.31,8.31,1,EUR,8.73,1.05,1,1,建筑工程,radovi na stropovima,ukrasni strop,nadstrešnica
080289,alu konstrukcijski profil 60×30×1.5,Material,General,m,3.05,3.05,3.05,3.05,1,EUR,4.35,1.4257,1,1,建筑工程,radovi na stropovima,ukrasni strop,nadstrešnica
300046,kalup 2000,Material,General,pcs,1.31,1.31,1.31,1.31,1,EUR,1.31,1.0,1,1,建筑工程,Opći radovi instalacije - Vol.11 Oprema i linije za komunikaciju,,
010034,obična čelična ploča 31,Material,Steel & Metal,kg,0.6,0.6,0.6,0.6,1,EUR,18.64,30.925,1,1,建筑工程,tretman tla i potpora padinama,temeljna jama,()
370218,fiksiranje prozora,Material,Glass,m2,83.14,83.14,83.14,83.14,1,EUR,83.14,1.0,1,1,建筑工程,radovi na vratima i prozorima,metalni prozor,
060099,mramorna površina,Material,General,m2,69.28,69.28,69.28,69.28,1,EUR,72.75,1.05,1,1,建筑工程,ostali dekorativni radovi,,
120138,ploča,Material,General,m2,16.63,16.63,16.63,16.63,1,EUR,9.98,0.6,1,1,建筑工程,ostali dekorativni radovi,,ploča
110515,prskanje,Material,General,m2,6.24,6.24,6.24,6.24,1,EUR,6.55,1.05,1,1,建筑工程,ostali dekorativni radovi,,završni sloj
350307,ljepilo za lajsne 2×16/0.15,Material,General,m,0.62,0.62,0.62,0.62,1,EUR,6.24,10.0,1,1,建筑工程,Opći radovi instalacije - Vol.4 Instalacija električne opreme,električna instalacija,
120079,0.5 1.0,Material,General,kg,8.02,8.02,8.02,8.02,1,EUR,0.08,0.01,1,1,建筑工程,Opći radovi instalacije - Vol.4 Instalacija električne opreme,električne instalacije,
090126,cinkano s vijcima 10×(65 80),Material,Fasteners,set,0.11,0.11,0.11,0.11,1,EUR,0.44,4.08,1,1,建筑工程,Opći radovi instalacije - Vol.4 Instalacija električne opreme,ugradnja,instalacija
100367,ljepilo 3mm,Material,General,kg,1.14,1.14,1.14,1.14,1,EUR,1.33,1.168,1,1,建筑工程,Opći radovi instalacije - Vol.4 Instalacija električne opreme,,
120032,6,Material,General,m,0.02,0.02,0.02,0.02,1,EUR,0.01,0.5,1,1,建筑工程,Opći radovi instalacije - Vol.4 Instalacija električne opreme,,
800019,ravno 16m,Equipment,General,machine-shift,74.58,74.58,74.58,74.58,1,EUR,12.43,0.1667,1,1,建筑工程,Opći radovi instalacije - Vol.4 Instalacija električne opreme,električna instalacija,
010036,galvanizirani čelični lim 0.7 0.9,Material,Steel & Metal,kg,0.76,0.76,0.76,0.76,1,EUR,12.44,16.44,1,1,建筑工程,Opći radovi instalacije - Vol.7 Ventilacija i klimatizacija,,
310094,profilirana stup 16,Material,General,pcs,1.25,1.25,1.25,1.25,1,EUR,1.87,1.5,1,1,建筑工程,"Opći radovi instalacije - Vol.12 Slikarstvo, antikorozivna zaštita, toplinska iz",,električne instalacije izrade
310093,kalupna stup 8,Material,General,pcs,0.62,0.62,0.62,0.62,1,EUR,0.22,0.35,1,1,建筑工程,"Opći radovi instalacije - Vol.12 Slikarstvo, antikorozivna zaštita, toplinska iz",,električne instalacije izrade
010163,bez čelične cijevi 89×4,Material,Steel & Metal,m,6.94,6.94,6.94,6.94,1,EUR,0.69,0.1,1,1,建筑工程,"Opći radovi instalacije - Vol.12 Slikarstvo, antikorozivna zaštita, toplinska iz",,električne instalacije izrade
100368,HOREQ-D8 traka,Material,General,m,13.86,13.86,13.86,13.86,1,EUR,14.27,1.03,1,1,建筑工程,radovi na vratima i prozorima,vrata i prozori,
050036,brušenje stakla,Material,Glass,m2,6.93,6.93,6.93,6.93,1,EUR,2.23,0.322,1,1,建筑工程,ostali dekorativni radovi,,
090433,vrata,Material,General,m,3.33,3.33,3.33,3.33,1,EUR,3.33,1.0,1,1,建筑工程,ostali dekorativni radovi,,zid
100284,dvostruki silikonski brtvilo s,Material,Rubber,m,0.04,0.04,0.04,0.04,1,EUR,0.36,8.596,1,1,建筑工程,ostali dekorativni radovi,,
090951,nehrđajući čelik,Material,Steel & Metal,pcs,0.25,0.25,0.25,0.25,1,EUR,5.52,22.12,1,1,建筑工程,ostali dekorativni radovi,,
070129,ravna lajsna 20×5,Material,General,m,0.42,0.42,0.42,0.42,1,EUR,6.71,16.142,1,1,建筑工程,ostali dekorativni radovi,,
070128,dekorativni profil 50mm,Material,General,m,0.35,0.35,0.35,0.35,1,EUR,0.53,1.53,1,1,建筑工程,ostali dekorativni radovi,,
050037,staklo s ogledalom (gotov proizvod) 5mm,Material,Glass,m2,7.07,7.07,7.07,7.07,1,EUR,21.38,3.026,1,1,建筑工程,ostali dekorativni radovi,,
070127,drvena lajsna 10×10,Material,Wood & Timber,m,0.42,0.42,0.42,0.42,1,EUR,2.04,4.917,1,1,建筑工程,ostali dekorativni radovi,,
070124,drvna građa,Material,Wood & Timber,m2,2.77,2.77,2.77,2.77,1,EUR,0.95,0.344,1,1,建筑工程,ostali dekorativni radovi,,
030125,plywood 15mm,Material,Wood & Timber,m2,4.85,4.85,4.85,4.85,1,EUR,16.3,3.36,1,1,建筑工程,ostali dekorativni radovi,,
050010,staklo 3mm,Material,Glass,m2,2.08,2.08,2.08,2.08,1,EUR,2.88,1.386,1,1,建筑工程,ostali dekorativni radovi,,okvir
080746,kutni čelik 50×80×5,Material,Steel & Metal,kg,0.64,0.64,0.64,0.64,1,EUR,1.97,3.0895,1,1,建筑工程,"završne obrade zidova i stupova, pregrade i zavjese",zidna obloga,dekorativna ploča za zidne površine
080745,kutni čelik 50×50×4,Material,Steel & Metal,kg,0.64,0.64,0.64,0.64,1,EUR,0.7,1.0988,1,1,建筑工程,"završne obrade zidova i stupova, pregrade i zavjese",zidna obloga,dekorativna ploča za zidne površine
080744,letvica 60×80×4,Material,General,kg,0.64,0.64,0.64,0.64,1,EUR,7.47,11.726,1,1,建筑工程,"završne obrade zidova i stupova, pregrade i zavjese",zidna obloga,dekorativna ploča za zidne površine
060091,granitna aluminijska kompozitna ploča,Material,General,m2,52.66,52.66,52.66,52.66,1,EUR,56.34,1.07,1,1,建筑工程,"završne obrade zidova i stupova, pregrade i zavjese",zidna obloga,dekorativna ploča za zidne površine
091021,cinkano s vijcima 14×(65 80),Material,Fasteners,set,0.23,0.23,0.23,0.23,1,EUR,0.94,4.08,1,1,建筑工程,Opći radovi instalacije - Vol.7 Ventilacija i klimatizacija,i instalacija,instalacija
091020,cinkano s vijcima 12×(85 100),Material,Fasteners,set,0.19,0.19,0.19,0.19,1,EUR,0.8,4.16,1,1,建筑工程,Opći radovi instalacije - Vol.7 Ventilacija i klimatizacija,i instalacija,instalacija
091479,cinkano s vijcima 10×(110 120),Material,Fasteners,set,0.15,0.15,0.15,0.15,1,EUR,3.14,20.8,1,1,建筑工程,Opći radovi instalacije - Vol.7 Ventilacija i klimatizacija,i instalacija,instalacija
090097,cinkani vijak 10×30,Material,Fasteners,pcs,0.03,0.03,0.03,0.03,1,EUR,0.12,4.12,1,1,建筑工程,Opći radovi instalacije - Vol.9 Zaštita od požara,,
180034,galvanizirani 32,Material,General,pcs,0.72,0.72,0.72,0.72,1,EUR,0.73,1.01,1,1,建筑工程,Opći radovi instalacije - Vol.9 Zaštita od požara,,
190209,(1.6MPa)DN32,Material,General,pcs,10.92,10.92,10.92,10.92,1,EUR,22.06,2.02,1,1,建筑工程,Opći radovi instalacije - Vol.9 Zaštita od požara,,
240006,vodena spojka DN32,Material,Water,pcs,0.62,0.62,0.62,0.62,1,EUR,0.63,1.01,1,1,建筑工程,Opći radovi instalacije - Vol.9 Zaštita od požara,,
190208,(1.6MPa)DN25,Material,General,pcs,6.3,6.3,6.3,6.3,1,EUR,12.74,2.02,1,1,建筑工程,Opći radovi instalacije - Vol.9 Zaštita od požara,,
240005,vodena spojka DN25,Material,Water,pcs,0.44,0.44,0.44,0.44,1,EUR,0.45,1.01,1,1,建筑工程,Opći radovi instalacije - Vol.9 Zaštita od požara,,
010284,kanalni čelik 6.3,Material,Steel & Metal,kg,0.57,0.57,0.57,0.57,1,EUR,0.4,0.69,1,1,建筑工程,Opći radovi instalacije - Vol.7 Ventilacija i klimatizacija,,instalacija
090169,uzemni vijak 16×180,Material,Fasteners,set,0.33,0.33,0.33,0.33,1,EUR,1.36,4.08,1,1,建筑工程,Opći radovi instalacije - Vol.7 Ventilacija i klimatizacija,instalacija,miješana () instalacija
091018,uzemni vijak 14×(150 300),Material,Fasteners,set,0.48,0.48,0.48,0.48,1,EUR,1.98,4.08,1,1,建筑工程,Opći radovi instalacije - Vol.7 Ventilacija i klimatizacija,instalacija,miješana () instalacija
