resource_code,name,type,category,unit,price_avg,price_min,price_max,price_median,price_variants,currency,avg_cost_per_use,avg_qty_per_use,usage_count,used_in_work_items,parent_category,parent_collection,parent_department,parent_section
870005,zusammengesetzter Arbeitstag,Labor,Labor,work-day,16.45,16.45,16.45,16.45,1,EUR,93.85,5.7067,7704,7704,建筑工程,Allgemeine Installationsarbeiten - Bd.4 Elektrogeräteinstallation,Trockeninstallation,Installation
840023,Sonstige Werkzeugkosten,Equipment,General,CNY,0.0,0.0,0.0,0.0,0,EUR,2.49,13.1468,5840,5840,建筑工程,Erdarbeiten und Felsarbeiten,Felsarbeiten,Aushub von allgemeinem Erdreich
840004,Kosten für sonstige Materialien,Material,General,CNY,0.0,0.0,0.0,0.0,0,EUR,1.46,6.9714,5546,5546,建筑工程,Erdarbeiten und Felsarbeiten,Auffüllung,Fundamentverfüllung
870003,zusammengesetzter Arbeitstag,Labor,Labor,work-day,18.37,18.37,18.37,18.37,1,EUR,4.71,0.2564,1585,1585,建筑工程,Tür- und Fensterarbeiten,Metalltür,Decke
870002,zusammengesetzter Arbeitstag,Labor,Labor,work-day,17.39,17.39,17.39,17.39,1,EUR,26.4,1.5184,814,814,建筑工程,Bodenbehandlung und Böschungsstützung,Baugrube,()
100321,Diesel,Material,General,kg,1.88,1.88,1.88,1.88,1,EUR,11.27,6.0055,718,718,建筑工程,Erdarbeiten und Felsarbeiten,Felsarbeiten,Aushub von allgemeinem Erdreich
090290,Schweißelektrode (Verbund),Material,Welding Consumables,kg,1.63,1.63,1.63,1.63,1,EUR,2.89,1.7775,690,690,建筑工程,Bodenbehandlung und Böschungsstützung,Baugrube,Sektion Stahlpfahl
870004,zusammengesetzter Arbeitstag,Labor,Labor,work-day,21.73,21.73,21.73,21.73,1,EUR,18.86,0.8678,589,589,建筑工程,Bodenbelagsarbeiten,Bodenfliesenverlegung,Boden
110057,Trockner,Material,General,kg,3.97,3.97,3.97,3.97,1,EUR,0.01,0.0026,542,542,建筑工程,"Maler-, Beschichtungs- und Tapezierarbeiten","Holzhandlauf und andere Elemente, Plattenleisten und Formteile, Anstrich",Metalltür- und Fensteranstrich
800138,Mörtelmischer 200L,Equipment,General,machine-shift,2.3,2.3,2.3,2.3,1,EUR,0.02,0.0086,530,530,建筑工程,Bodenbehandlung und Böschungsstützung,Baugrube,Nagel
870006,zusammengesetzter Arbeitstag,Labor,Labor,work-day,20.19,20.19,20.19,20.19,1,EUR,573.66,28.4191,414,414,建筑工程,Allgemeine Installationsarbeiten - Bd.4 Elektrogeräteinstallation,Höhenstrom,Strom
850108,Strom,Equipment,General,machine-shift,3.8,3.8,3.8,3.8,1,EUR,24.48,6.4467,399,399,建筑工程,Allgemeine Installationsarbeiten - Vol.5 Gebäudeleittechnik,Installation,Installation
030001,geschnittenes Holz,Material,Wood & Timber,m3,397.03,397.03,397.03,397.03,1,EUR,5.41,0.0136,392,392,建筑工程,Bodenbehandlung und Böschungsstützung,Fertigteilsäule,Profil und andere Dachteile
800011,Schweißgerät (Verbund),Equipment,Welding Equip.,machine-shift,3.89,3.89,3.89,3.89,1,EUR,0.69,0.1773,389,389,建筑工程,Pfahlgründungsarbeiten,Bohrpfahl,Profil und andere Dachteile
110120,Acetylen-Gas,Material,Chemicals,m3,5.85,5.85,5.85,5.85,1,EUR,2.51,0.4285,324,324,建筑工程,Bodenbehandlung und Böschungsstützung,Baugrube,()
110499,Acrylfarbenverdünner,Material,Paint & Coatings,kg,3.05,3.05,3.05,3.05,1,EUR,0.11,0.0374,321,321,建筑工程,"Maler-, Beschichtungs- und Tapezierarbeiten","Holzhandlauf und andere Elemente, Plattenleisten und Formteile, Anstrich",Metalltür- und Fensteranstrich
110121,Sauerstoff,Material,Chemicals,m3,0.75,0.75,0.75,0.75,1,EUR,0.6,0.7981,315,315,建筑工程,Bodenbehandlung und Böschungsstützung,Baugrube,()
840021,Materialkosten,Material,General,CNY,0.0,0.0,0.0,0.0,0,EUR,5.58,26.686,269,269,建筑工程,Allgemeine Installationsarbeiten - Vol.6 Automatisierungssteuerungsinstrumentier,und mit,einzeln
800045,Bohrhammer 520W,Equipment,General,machine-shift,0.83,0.83,0.83,0.83,1,EUR,0.09,0.1064,222,222,建筑工程,Tür- und Fensterarbeiten,Metalltür,Dekorativer Wandputz
850002,34401A,Equipment,General,machine-shift,3.66,3.66,3.66,3.66,1,EUR,7.4,2.0225,219,219,建筑工程,Allgemeine Installationsarbeiten - Bd.4 Elektrogeräteinstallation,Höhenstrom,Höhenstrom
870001,zusammengesetzter Arbeitstag,Labor,Labor,work-day,15.53,15.53,15.53,15.53,1,EUR,14.44,0.9299,206,206,建筑工程,Erdarbeiten und Felsarbeiten,Felsarbeiten,Aushub von allgemeinem Erdreich
800102,LKW-Kran 16t,Equipment,Cranes,machine-shift,191.24,191.24,191.24,191.24,1,EUR,9.18,0.048,198,198,建筑工程,Bodenbehandlung und Böschungsstützung,Baugrube,Sektion Stahlpfahl
850125,F-87,Equipment,General,machine-shift,1.42,1.42,1.42,1.42,1,EUR,11.99,8.4372,185,185,建筑工程,Allgemeine Installationsarbeiten - Bd.4 Elektrogeräteinstallation,Strom,Strom
800073,Steinschneider,Equipment,General,machine-shift,4.85,4.85,4.85,4.85,1,EUR,0.07,0.0135,179,179,建筑工程,Dach- und Abdichtungsarbeiten,Korrosionsschutzbeschichtungsschicht,Profil und andere Dachteile
280120,6,Material,General,pcs,0.71,0.71,0.71,0.71,1,EUR,1.44,2.03,173,173,建筑工程,Allgemeine Installationsarbeiten - Bd.4 Elektrogeräteinstallation,Strominstallation,Mesh-Installation
010023,verzinkter Flachstahl,Material,Steel & Metal,kg,1.09,1.09,1.09,1.09,1,EUR,2.87,2.6293,165,165,建筑工程,Allgemeine Installationsarbeiten - Bd.4 Elektrogeräteinstallation,Trockeninstallation,Installation
800186,Handbohrmaschine 0.5kW,Equipment,General,machine-shift,0.24,0.24,0.24,0.24,1,EUR,0.02,0.0667,158,158,建筑工程,Tür- und Fensterarbeiten,Metalltür,Steinplattenbalkenoberfläche
100040,Lackweißgeist,Material,Paint & Coatings,kg,3.76,3.76,3.76,3.76,1,EUR,0.11,0.0282,158,158,建筑工程,Bodenbelagsarbeiten,"Holzhandlauf und andere Elemente, Plattenleisten und Formteile, Anstrich",Metalltür- und Fensteranstrich
800033,Wechselstrom-Schweißgerät 32kVA,Equipment,Welding Equip.,machine-shift,3.13,3.13,3.13,3.13,1,EUR,1.8,0.5747,157,157,建筑工程,Bodenbehandlung und Böschungsstützung,Baugrube,Sektion Stahlpfahl
800148,Elektrobohrmaschine 1kW,Equipment,General,machine-shift,0.96,0.96,0.96,0.96,1,EUR,0.21,0.2165,152,152,建筑工程,Tür- und Fensterarbeiten,"Tür, Tür",Säulen- (Träger-) Oberflächendekoration
110060,Silikondichtstoff (Dichtstoff),Material,Rubber,pcs,1.42,1.42,1.42,1.42,1,EUR,0.88,0.6182,149,149,建筑工程,Tür- und Fensterarbeiten,Sockelleiste,Steinsäulenoberfläche
800278,Lastwagen 15t,Equipment,Trucks,machine-shift,82.1,82.1,82.1,82.1,1,EUR,3.28,0.04,145,145,建筑工程,Vorleistungen und Baustelleneinrichtung,Ortbeton-Schalung und Konsolen,Gerüstbau
150007,Strom,Material,General,kWh,0.27,0.27,0.27,0.27,1,EUR,2.17,8.1654,143,143,建筑工程,Bodenbehandlung und Böschungsstützung,Baugrube,Fundamentmauer
840027,amortisierte Materialkosten,Material,General,CNY,0.0,0.0,0.0,0.0,0,EUR,14.41,68.9437,142,142,建筑工程,Vorleistungen und Baustelleneinrichtung,Ortbeton-Schalung und Konsolen,Gerüstbau
840028,Mietmaterialkosten,Material,General,CNY,0.0,0.0,0.0,0.0,0,EUR,4.02,19.2429,142,142,建筑工程,Vorleistungen und Baustelleneinrichtung,Ortbeton-Schalung und Konsolen,Gerüstbau
350011,Formteil BV-6,Material,General,m,0.83,0.83,0.83,0.83,1,EUR,1.7,2.0601,140,140,建筑工程,Allgemeine Installationsarbeiten - Vol.5 Gebäudeleittechnik,Installation,Mesh-Installation
800007,Lastwagen 5t,Equipment,Trucks,machine-shift,40.43,40.43,40.43,40.43,1,EUR,3.2,0.079,140,140,建筑工程,Allgemeine Installationsarbeiten - Bd.4 Elektrogeräteinstallation,Höhen-Elektroinstallation,Installation
090263,Eisenbeschläge,Material,Steel & Metal,kg,0.94,0.94,0.94,0.94,1,EUR,23.39,24.8784,137,137,建筑工程,Pfahlgründungsarbeiten,Blockmauerwerk,Dachwasser
280122,16,Material,General,pcs,1.42,1.42,1.42,1.42,1,EUR,3.65,2.5775,135,135,建筑工程,Allgemeine Installationsarbeiten - Bd.4 Elektrogeräteinstallation,Strominstallation,Elektroeinbettung
090045,verzinkt 8,Material,General,pcs,0.0,0.0,0.0,0.0,1,EUR,0.01,4.8598,130,130,建筑工程,Allgemeine Installationsarbeiten - Bd.4 Elektrogeräteinstallation,Strominstallation,Installation
800014,elektrische Winde einzeln 5t,Equipment,Hoists,machine-shift,23.57,23.57,23.57,23.57,1,EUR,9.44,0.4007,129,129,建筑工程,Allgemeine Installationsarbeiten - Vol.7 Lüftung und Klimatisierung,und Installation,Installation
850009,Elektrizität 3141,Equipment,General,machine-shift,1.31,1.31,1.31,1.31,1,EUR,0.61,0.4694,128,128,建筑工程,Allgemeine Installationsarbeiten - Bd.4 Elektrogeräteinstallation,Strom,Strom
090029,verzinkt 8,Material,General,pcs,0.02,0.02,0.02,0.02,1,EUR,0.22,9.541,127,127,建筑工程,Deckenarbeiten,Decke abgehängte Decke,Deckenprofil
090030,verzinkt 10,Material,General,pcs,0.02,0.02,0.02,0.02,1,EUR,0.24,10.4954,121,121,建筑工程,Allgemeine Installationsarbeiten - Bd.4 Elektrogeräteinstallation,Höhe Installation,Installation
110152,Kontaktklebstoff,Material,General,kg,2.82,2.82,2.82,2.82,1,EUR,0.82,0.2894,120,120,建筑工程,Tür- und Fensterarbeiten,Fensterplatte,Dach ()
110321,Wasser,Material,Water,kg,1.34,1.34,1.34,1.34,1,EUR,0.07,0.0545,117,117,建筑工程,Allgemeine Installationsarbeiten - Vol.5 Gebäudeleittechnik,Installation,Installation
010138,Unterlegplatte,Material,General,kg,0.96,0.96,0.96,0.96,1,EUR,2.08,2.1702,116,116,建筑工程,Pfahlgründungsarbeiten,Fertigteilsäule,Profil und andere Dachteile
020003,weißer Zement,Material,Concrete & Cement,kg,0.2,0.2,0.2,0.2,1,EUR,0.12,0.6026,116,116,建筑工程,"Wand- und Säulenbekleidungen, Trennwände und Vorhangfassaden",Wandverkleidungsschicht,Steinplatten-Wandoberfläche
010016,Winkelstahl 63 innen,Material,Steel & Metal,kg,0.77,0.77,0.77,0.77,1,EUR,4.38,5.71,115,115,建筑工程,Dach- und Abdichtungsarbeiten,Säulen- (Träger-) Verkleidung,Profil und andere Dachteile
150122,Steinschneidklinge,Equipment,General,pcs,1.67,1.67,1.67,1.67,1,EUR,0.06,0.0338,113,113,建筑工程,"Wand- und Säulenbekleidungen, Trennwände und Vorhangfassaden",Wandverkleidungsschicht,Steinplatten-Wandoberfläche
090174,Unterlegplatte,Material,General,kg,0.79,0.79,0.79,0.79,1,EUR,2.84,3.5739,113,113,建筑工程,Allgemeine Installationsarbeiten - Bd.4 Elektrogeräteinstallation,Trockeninstallation,Installation
110570,ölbasierte Acrylholzgrundierung,Material,Wood & Timber,kg,3.34,3.34,3.34,3.34,1,EUR,0.37,0.1094,112,112,建筑工程,"Maler-, Beschichtungs- und Tapezierarbeiten","Holzhandlauf und andere Elemente, Plattenleisten und Formteile, Anstrich",Holzhandlaufanstrich
110769,Nitrozellulose-Holzgrundierungverdünner,Material,Wood & Timber,kg,7.31,7.31,7.31,7.31,1,EUR,0.13,0.0184,112,112,建筑工程,"Maler-, Beschichtungs- und Tapezierarbeiten","Holzhandlauf und andere Elemente, Plattenleisten und Formteile, Anstrich",Holzhandlaufanstrich
350237,Fundamentierung,Material,General,m,3.13,3.13,3.13,3.13,1,EUR,2.07,0.659,111,111,建筑工程,Allgemeine Installationsarbeiten - Bd.4 Elektrogeräteinstallation,Strominstallation,Elektroeinbettung
110172,Benzin,Material,General,kg,1.97,1.97,1.97,1.97,1,EUR,33.29,16.8779,109,109,建筑工程,Bodenbehandlung und Böschungsstützung,Dachabdichtung und Zubehör,Dachabdichtung mit Dachbahn
400034,DS-Mörtel,Material,Concrete & Cement,m3,95.91,95.91,95.91,95.91,1,EUR,2.57,0.0268,107,107,建筑工程,Mauerwerksarbeiten,Schichtabdeckung,Profil und andere Dachteile
110593,Polyurethan-Grundierungverdünner,Material,Paint & Coatings,kg,3.05,3.05,3.05,3.05,1,EUR,0.07,0.0225,106,106,建筑工程,"Maler-, Beschichtungs- und Tapezierarbeiten","Holzhandlauf und andere Elemente, Plattenleisten und Formteile, Anstrich",Metalltür- und Fensteranstrich
110132,Latex,Material,General,kg,1.36,1.36,1.36,1.36,1,EUR,1.26,0.9292,106,106,建筑工程,Holzbauarbeiten,Holztragwerk,Wandoberflächen-Dekorplatte
020001,Zement (Komposit),Material,Concrete & Cement,kg,0.08,0.08,0.08,0.08,1,EUR,2.67,31.9707,101,101,建筑工程,Pfahlgründungsarbeiten,Bohrpfahl,Korrosionsschutz-Mörtelbeschichtung
090503,verzinkter Nagel M6,Equipment,General,set,0.09,0.09,0.09,0.09,1,EUR,0.37,3.9667,100,100,建筑工程,Allgemeine Installationsarbeiten - Vol.5 Gebäudeleittechnik,Installation,Strominstallation
830075,Verbund-Sperrholz-Schalung,Material,Wood & Timber,m2,6.27,6.27,6.27,6.27,1,EUR,0.58,0.0922,99,99,建筑工程,Vorleistungen und Baustelleneinrichtung,Ortbeton-Schalung und Konsolen,Fundament
110360,Kohleteer-Grundierung,Material,Paint & Coatings,kg,3.36,3.36,3.36,3.36,1,EUR,0.42,0.1245,99,99,建筑工程,"Allgemeine Montagearbeiten - Bd.12 Malerarbeiten, Korrosionsschutz, Wärmedämmung",Korrosionsschutz,Streichen Beschichtung gewöhnlich Korrosionsschutz
040025,Sand,Material,Aggregates,kg,0.01,0.01,0.01,0.01,1,EUR,1.11,75.7993,99,99,建筑工程,Bodenbehandlung und Böschungsstützung,Steinmauerwerk,Profil und andere Dachteile
110361,Kohlenbitumen-Deckanstrich,Material,Waterproofing,kg,3.36,3.36,3.36,3.36,1,EUR,3.4,1.0119,99,99,建筑工程,"Allgemeine Montagearbeiten - Bd.12 Malerarbeiten, Korrosionsschutz, Wärmedämmung",Korrosionsschutz,Streichen Beschichtung gewöhnlich Korrosionsschutz
090278,Legierter Stahlbohrer,Material,Steel & Metal,pcs,6.27,6.27,6.27,6.27,1,EUR,1.2,0.1911,98,98,建筑工程,"Wand- und Säulenbekleidungen, Trennwände und Vorhangfassaden",Wandverkleidungsschicht,Steinplatten-Wandoberfläche
850194,Verbund 2422,Equipment,General,machine-shift,6.37,6.37,6.37,6.37,1,EUR,29.34,4.6033,98,98,建筑工程,Allgemeine Installationsarbeiten - Vol.6 Automatisierungssteuerungsinstrumentier,und,(DCS)
090495,verzinkt 10,Material,General,pcs,0.01,0.01,0.01,0.01,1,EUR,0.03,5.1336,97,97,建筑工程,Allgemeine Installationsarbeiten - Bd.4 Elektrogeräteinstallation,Höhe Installation,Installation
840006,Wasser,Material,Water,t,1.3,1.3,1.3,1.3,1,EUR,0.72,0.553,96,96,建筑工程,Bodenbehandlung und Böschungsstützung,Baugrube,Sektion Stahlpfahl
850201,Elektrizität SB861,Equipment,General,machine-shift,9.21,9.21,9.21,9.21,1,EUR,5.2,0.5644,96,96,建筑工程,Allgemeine Installationsarbeiten - Vol.6 Automatisierungssteuerungsinstrumentier,und,einzeln
400043,Klebstoff DTA-Mörtel,Material,Concrete & Cement,m3,459.71,459.71,459.71,459.71,1,EUR,3.05,0.0066,96,96,建筑工程,Tür- und Fensterarbeiten,Tür- und Fensterrahmen,Profil und andere Dachteile
800185,Elektroschneider,Equipment,General,machine-shift,5.81,5.81,5.82,5.81,2,EUR,0.27,0.0472,95,95,建筑工程,"Wand- und Säulenbekleidungen, Trennwände und Vorhangfassaden",Wandverkleidung,Wandoberflächen-Dekorplatte
090233,verzinkter Eisendraht 8 12,Material,Steel & Metal,kg,1.31,1.31,1.31,1.31,1,EUR,2.16,1.6515,95,95,建筑工程,Beton- und Stahlbetonarbeiten,Gießen-in-situ Betonschicht,Holzbodenplatte
110546,Verdünner,Material,General,kg,7.1,7.1,7.1,7.1,1,EUR,0.73,0.1031,93,93,建筑工程,"Allgemeine Montagearbeiten - Bd.12 Malerarbeiten, Korrosionsschutz, Wärmedämmung",Korrosionsschutz,Anstrich
850180,DF-1,Equipment,General,machine-shift,2.64,2.64,2.64,2.64,1,EUR,14.05,5.3229,93,93,建筑工程,Allgemeine Installationsarbeiten - Vol.6 Automatisierungssteuerungsinstrumentier,Masche und,Netz
110586,Alkyd-Emailverdünner,Material,Paint & Coatings,kg,2.24,2.24,2.24,2.24,1,EUR,0.04,0.016,90,90,建筑工程,"Maler-, Beschichtungs- und Tapezierarbeiten","Holzhandlauf und andere Elemente, Plattenleisten und Formteile, Anstrich",Holzhandlaufanstrich
110585,Alkyd-Emaille,Material,Paint & Coatings,kg,3.39,3.39,3.39,3.39,1,EUR,0.52,0.1542,90,90,建筑工程,"Maler-, Beschichtungs- und Tapezierarbeiten","Holzhandlauf und andere Elemente, Plattenleisten und Formteile, Anstrich",Holzhandlaufanstrich
110174,200 Benzin,Material,General,kg,1.31,1.31,1.31,1.31,1,EUR,0.07,0.0541,90,90,建筑工程,Allgemeine Installationsarbeiten - Bd.4 Elektrogeräteinstallation,rechteckiges Bürsten,Wasserspiegel
110547,Polyverdünner,Material,Paint & Coatings,kg,2.82,2.82,2.82,2.82,1,EUR,0.13,0.0467,90,90,建筑工程,"Allgemeine Montagearbeiten - Bd.12 Malerarbeiten, Korrosionsschutz, Wärmedämmung",,Polyfarben
110589,Polyurethan-Verdünner für Decklack,Material,General,kg,3.05,3.05,3.05,3.05,1,EUR,0.07,0.0234,88,88,建筑工程,"Maler-, Beschichtungs- und Tapezierarbeiten","Holzhandlauf und andere Elemente, Plattenleisten und Formteile, Anstrich",Metalltür- und Fensteranstrich
110583,Alkyd-Emaille,Material,Paint & Coatings,kg,3.66,3.66,3.66,3.66,1,EUR,0.46,0.1266,86,86,建筑工程,"Maler-, Beschichtungs- und Tapezierarbeiten","Holzhandlauf und andere Elemente, Plattenleisten und Formteile, Anstrich",Holzhandlaufanstrich
110568,Alkyd-Grundierung,Material,Paint & Coatings,kg,2.72,2.72,2.72,2.72,1,EUR,0.25,0.0912,86,86,建筑工程,"Maler-, Beschichtungs- und Tapezierarbeiten","Holzhandlauf und andere Elemente, Plattenleisten und Formteile, Anstrich",Holzhandlaufanstrich
850205,Elektrizität PZ38,Equipment,General,machine-shift,0.99,0.99,0.99,0.99,1,EUR,5.56,5.6206,86,86,建筑工程,Allgemeine Installationsarbeiten - Vol.6 Automatisierungssteuerungsinstrumentier,Masche und,Netz
110584,Alkyd-Emailverdünner,Material,Paint & Coatings,kg,2.24,2.24,2.24,2.24,1,EUR,0.03,0.0145,86,86,建筑工程,"Maler-, Beschichtungs- und Tapezierarbeiten","Holzhandlauf und andere Elemente, Plattenleisten und Formteile, Anstrich",Holzhandlaufanstrich
110564,ölbasierter Klarlackgrundierung,Material,Paint & Coatings,kg,4.24,4.24,4.24,4.24,1,EUR,0.26,0.0608,86,86,建筑工程,"Maler-, Beschichtungs- und Tapezierarbeiten","Holzhandlauf und andere Elemente, Plattenleisten und Formteile, Anstrich",Holzhandlaufanstrich
010001,Bewehrungsstahl 10 innen,Material,Steel & Metal,kg,0.79,0.79,0.79,0.79,1,EUR,49.06,62.2772,85,85,建筑工程,Bodenbehandlung und Böschungsstützung,Baugrube,Nagel
850258,Verbund D-063,Equipment,General,machine-shift,2.29,2.29,2.29,2.29,1,EUR,2.09,0.9118,85,85,建筑工程,Allgemeine Installationsarbeiten - Vol.6 Automatisierungssteuerungsinstrumentier,Schloss,einzeln
010014,Rundstab 10 innen,Material,General,kg,0.76,0.76,0.76,0.76,1,EUR,0.81,1.0639,84,84,建筑工程,sonstige Dekorationsarbeiten,Formteilemontage,(Substrat)
110581,Phenolharz Fertigfarbe,Material,Paint & Coatings,kg,3.66,3.66,3.66,3.66,1,EUR,0.5,0.1379,84,84,建筑工程,"Maler-, Beschichtungs- und Tapezierarbeiten","Holzhandlauf und andere Elemente, Plattenleisten und Formteile, Anstrich",Holzhandlaufanstrich
110579,Phenolharz-Emaille,Material,Paint & Coatings,kg,3.03,3.03,3.03,3.03,1,EUR,0.41,0.1351,84,84,建筑工程,"Maler-, Beschichtungs- und Tapezierarbeiten","Holzhandlauf und andere Elemente, Plattenleisten und Formteile, Anstrich",Holzhandlaufanstrich
110572,Nitrozellulose-Holzgrundierung,Material,Wood & Timber,kg,3.87,3.87,3.87,3.87,1,EUR,0.26,0.0666,84,84,建筑工程,"Maler-, Beschichtungs- und Tapezierarbeiten","Holzhandlauf und andere Elemente, Plattenleisten und Formteile, Anstrich",Holzhandlaufanstrich
110580,Phenolharzlackverdünner,Material,Paint & Coatings,kg,3.24,3.24,3.24,3.24,1,EUR,0.07,0.0204,84,84,建筑工程,"Maler-, Beschichtungs- und Tapezierarbeiten","Holzhandlauf und andere Elemente, Plattenleisten und Formteile, Anstrich",Holzhandlaufanstrich
110573,Polyurethan-Holzgrundierung,Material,Wood & Timber,kg,4.7,4.7,4.7,4.7,1,EUR,0.37,0.0788,84,84,建筑工程,"Maler-, Beschichtungs- und Tapezierarbeiten","Holzhandlauf und andere Elemente, Plattenleisten und Formteile, Anstrich",Holzhandlaufanstrich
030007,Sperrholz 5mm,Material,Wood & Timber,m2,3.18,3.18,3.18,3.18,1,EUR,3.32,1.0453,84,84,建筑工程,"Wand- und Säulenbekleidungen, Trennwände und Vorhangfassaden",Wandverkleidung,Wandoberflächen-Dekorplatte
110582,Phenolharz Fertigmischverdünner,Material,Paint & Coatings,kg,3.03,3.03,3.03,3.03,1,EUR,0.09,0.029,84,84,建筑工程,"Maler-, Beschichtungs- und Tapezierarbeiten","Holzhandlauf und andere Elemente, Plattenleisten und Formteile, Anstrich",Holzhandlaufanstrich
090176,Unterlegplatte,Material,General,kg,0.79,0.79,0.79,0.79,1,EUR,15.39,19.381,82,82,建筑工程,Allgemeine Installationsarbeiten - Vol.7 Lüftung und Klimatisierung,Installation,Wasserinstallation
110569,Alkyd-Grundierung Verdünner,Material,Paint & Coatings,kg,3.03,3.03,3.03,3.03,1,EUR,0.03,0.0087,82,82,建筑工程,"Maler-, Beschichtungs- und Tapezierarbeiten","Holzhandlauf und andere Elemente, Plattenleisten und Formteile, Anstrich",Holzhandlaufanstrich
090160,Dübel 10,Material,Fasteners,set,0.52,0.52,0.52,0.52,1,EUR,2.93,5.6749,82,82,建筑工程,Deckenarbeiten,Decke abgehängte Decke,Deckenprofil
090175,Flache Distanzplatte,Material,General,kg,0.79,0.79,0.79,0.79,1,EUR,11.96,15.0586,82,82,建筑工程,Allgemeine Installationsarbeiten - Vol.7 Lüftung und Klimatisierung,Installation,Wasserinstallation
800024,Luftkompressor 6m3/min,Equipment,Compressors,machine-shift,6.79,6.79,6.79,6.79,1,EUR,0.36,0.0523,81,81,建筑工程,Metallbauarbeiten,Stahlrahmenrahmen,Dachabdichtung mit Dachbahn
330026,Formteil,Material,General,Einheit,31.34,31.34,31.34,31.34,1,EUR,0.69,0.0222,81,81,建筑工程,Allgemeine Installationsarbeiten - Vol.5 Gebäudeleittechnik,Installation,Formteil
110565,wasserbasierte klare Versiegelungsgrundierung,Material,Paint & Coatings,kg,3.87,3.87,3.87,3.87,1,EUR,0.13,0.0325,78,78,建筑工程,"Maler-, Beschichtungs- und Tapezierarbeiten","Holzhandlauf und andere Elemente, Plattenleisten und Formteile, Anstrich",Holzhandlaufanstrich
090273,Eisenbeschläge,Material,Steel & Metal,kg,0.86,0.86,0.86,0.86,1,EUR,18.04,21.0596,77,77,建筑工程,Beton- und Stahlbetonarbeiten,Bewehrungsarbeiten,GRC Zierleiste
110561,Holzspachtel,Material,Wood & Timber,kg,1.25,1.25,1.25,1.25,1,EUR,0.35,0.2795,76,76,建筑工程,"Maler-, Beschichtungs- und Tapezierarbeiten","Holzhandlauf und andere Elemente, Plattenleisten und Formteile, Anstrich",Holzhandlaufanstrich
110576,ölbasierter Acryl-Deckanstrich,Material,General,kg,5.85,5.85,5.85,5.85,1,EUR,0.78,0.1338,76,76,建筑工程,"Maler-, Beschichtungs- und Tapezierarbeiten","Holzhandlauf und andere Elemente, Plattenleisten und Formteile, Anstrich",Metalltür- und Fensteranstrich
110500,Polyurethan-Holzoberflächenlack,Material,Wood & Timber,kg,7.73,7.73,7.73,7.73,1,EUR,0.84,0.108,76,76,建筑工程,"Maler-, Beschichtungs- und Tapezierarbeiten","Holzhandlauf und andere Elemente, Plattenleisten und Formteile, Anstrich",Holzhandlaufanstrich
110567,Phenolharz-Grundierungverdünner,Material,Paint & Coatings,kg,2.82,2.82,2.82,2.82,1,EUR,0.04,0.0133,76,76,建筑工程,"Maler-, Beschichtungs- und Tapezierarbeiten","Holzhandlauf und andere Elemente, Plattenleisten und Formteile, Anstrich",Holzhandlaufanstrich
110248,Verdünner,Material,General,kg,2.74,2.74,2.74,2.74,1,EUR,0.16,0.0579,75,75,建筑工程,"Allgemeine Montagearbeiten - Bd.12 Malerarbeiten, Korrosionsschutz, Wärmedämmung",,H8701 Korrosionsschutzbeschichtung
110020,Anti-Rost-Lackierung,Material,Paint & Coatings,kg,3.41,3.41,3.41,3.41,1,EUR,0.14,0.0421,74,74,建筑工程,"Maler-, Beschichtungs- und Tapezierarbeiten",Metalloberflächenanstrich,Metalltür- und Fensteranstrich
400031,Putzmörtel DP-MR,Material,Concrete & Cement,m3,92.36,92.36,92.36,92.36,1,EUR,0.61,0.0066,73,73,建筑工程,Dach- und Abdichtungsarbeiten,"Wandflächenabdichtung, Feuchtigkeitsschutz",Wandoberflächenmörtel Abdichtung (Feuchtigkeitsschutz)
800010,Faserverbundwerkstoff,Equipment,General,machine-shift,87.2,87.2,87.2,87.2,1,EUR,13.67,0.1568,73,73,建筑工程,Allgemeine Installationsarbeiten - Vol.7 Lüftung und Klimatisierung,und Installation,Installation
110566,phenolischer Grundierungslack,Material,Paint & Coatings,kg,2.36,2.36,2.36,2.36,1,EUR,0.16,0.0676,72,72,建筑工程,"Maler-, Beschichtungs- und Tapezierarbeiten","Holzhandlauf und andere Elemente, Plattenleisten und Formteile, Anstrich",Holzhandlaufanstrich
830076,Stahlgerüst,Material,Steel & Metal,m2-day,0.07,0.07,0.07,0.07,1,EUR,0.87,11.8833,71,71,建筑工程,Vorleistungen und Baustelleneinrichtung,Ortbeton-Schalung und Konsolen,Fundament
090188,Nagel,Material,Fasteners,pcs,0.01,0.01,0.01,0.01,1,EUR,0.06,6.8854,70,70,建筑工程,Metallbauarbeiten,"Stahlplatten-Bodenplatte, Wandplatte",und
110587,Nitrozellulose-Holzoberflächenlack,Material,Wood & Timber,kg,4.28,4.28,4.28,4.28,1,EUR,0.5,0.1175,70,70,建筑工程,"Maler-, Beschichtungs- und Tapezierarbeiten","Holzhandlauf und andere Elemente, Plattenleisten und Formteile, Anstrich",Holzhandlaufanstrich
090121,verzinkt mit Bolzen 8×(30 60),Material,Fasteners,set,0.09,0.09,0.09,0.09,1,EUR,0.73,8.5273,70,70,建筑工程,Dach- und Abdichtungsarbeiten,Installation,Verbindung der Tragkonstruktion des Daches
110588,Nitrozellulose-Holzoberflächenlackverdünner,Material,Wood & Timber,kg,3.45,3.45,3.45,3.45,1,EUR,0.05,0.0147,70,70,建筑工程,"Maler-, Beschichtungs- und Tapezierarbeiten","Holzhandlauf und andere Elemente, Plattenleisten und Formteile, Anstrich",Holzhandlaufanstrich
090159,Dübel 8,Material,Fasteners,set,0.24,0.24,0.24,0.24,1,EUR,1.11,4.6487,69,69,建筑工程,Dach- und Abdichtungsarbeiten,Dachabdichtung und Zubehör,Dach ()
030011,Betonplatte,Material,General,m2,7.31,7.31,7.31,7.31,1,EUR,21.49,2.9382,68,68,建筑工程,Tür- und Fensterarbeiten,Tür- und Fensterrahmen,Wandoberflächen-Dekorplatte
090125,verzinkt mit Bolzen 10×(40 60),Material,Fasteners,set,0.13,0.13,0.13,0.13,1,EUR,0.6,4.5012,67,67,建筑工程,Allgemeine Installationsarbeiten - Bd.4 Elektrogeräteinstallation,Installation,Installation
030053,Quadratholz,Material,Wood & Timber,m3,397.03,397.03,397.03,397.03,1,EUR,30.52,0.0769,67,67,建筑工程,Beton- und Stahlbetonarbeiten,Fertigteilträger aus Beton,Wandoberflächen-Dekorplatte
130001,Glas,Material,Glass,m2,0.59,0.59,0.59,0.59,1,EUR,1.38,2.3665,65,65,建筑工程,Dach- und Abdichtungsarbeiten,Wandverkleidung,Profil und andere Dachteile
010018,Flachstahl 60 innen,Material,Steel & Metal,kg,0.77,0.77,0.77,0.77,1,EUR,1.46,1.9068,65,65,建筑工程,Dach- und Abdichtungsarbeiten,Säulen- (Träger-) Verkleidung,Profil und andere Dachteile
110199,Klebstofftyp,Material,General,kg,0.42,0.42,0.42,0.42,1,EUR,1.82,4.3518,64,64,建筑工程,"Wand- und Säulenbekleidungen, Trennwände und Vorhangfassaden",Wandverkleidungsschicht,Dekorativer Wandputz
350029,Formteil BV-16,Material,General,m,1.85,1.85,1.85,1.85,1,EUR,2.52,1.3652,64,64,建筑工程,Allgemeine Installationsarbeiten - Vol.5 Gebäudeleittechnik,Installation,"Rahmen, Montage"
400045,Oberflächenmörtel DB,Material,Concrete & Cement,m3,95.91,95.91,95.91,95.91,1,EUR,0.12,0.0013,64,64,建筑工程,Wärmedämm- und Korrosionsschutzarbeiten,Dekorativ,Decke
010030,gewöhnliche Stahlplatte 3.5 4.0,Material,Steel & Metal,kg,0.92,0.92,0.92,0.92,1,EUR,0.78,0.845,63,63,建筑工程,Allgemeine Installationsarbeiten - Bd.4 Elektrogeräteinstallation,Installation,Formteil- und Stahlbauinstallation
120010,Poly mit d 20,Material,General,m,0.07,0.07,0.07,0.07,1,EUR,0.13,1.8839,62,62,建筑工程,Allgemeine Installationsarbeiten - Vol.9 Brandschutz,Schweißen von Stahlrohren,Schweißen von Stahlrohren ()
850196,NF-1513A,Equipment,General,machine-shift,1.85,1.85,1.85,1.85,1,EUR,1.76,0.949,62,62,建筑工程,Allgemeine Installationsarbeiten - Vol.6 Automatisierungssteuerungsinstrumentier,und,(DCS)
850256,Stromzusammensetzung,Equipment,General,machine-shift,2.47,2.47,2.47,2.47,1,EUR,2.07,0.8372,62,62,建筑工程,Allgemeine Installationsarbeiten - Vol.6 Automatisierungssteuerungsinstrumentier,und,einzeln
800238,7.5kW,Equipment,General,machine-shift,1.07,1.07,1.07,1.07,1,EUR,0.07,0.0652,61,61,建筑工程,Wärmedämm- und Korrosionsschutzarbeiten,Korrosionsschutzbeschichtungsschicht,Glasstahl-Antikorrosionsbeschichtung
800002,LKW-Kran 8t,Equipment,Cranes,machine-shift,102.52,102.52,102.52,102.52,1,EUR,20.12,0.1963,61,61,建筑工程,Allgemeine Installationsarbeiten - Bd.4 Elektrogeräteinstallation,Höhen-Elektroinstallation,Bohrung
400054,Mauerwerksmörtel DM5.0-HR,Material,Concrete & Cement,m3,95.91,95.91,95.91,95.91,1,EUR,7.6,0.0793,59,59,建筑工程,Mauerwerksarbeiten,Blockmauerwerk,
130040,alkaliresistentes Beschichtungs-Glasfasernetz,Material,Glass,m2,0.42,0.42,0.42,0.42,1,EUR,0.44,1.0472,59,59,建筑工程,Dach- und Abdichtungsarbeiten,Säulen- (Träger-) Oberflächenverputz,Decke
110498,Acryl-Holzoberflächenlack,Material,Wood & Timber,kg,6.27,6.27,6.27,6.27,1,EUR,0.8,0.127,58,58,建筑工程,"Maler-, Beschichtungs- und Tapezierarbeiten","Holzhandlauf und andere Elemente, Plattenleisten und Formteile, Anstrich",Holzhandlaufanstrich
110398,Emaille,Material,Paint & Coatings,kg,7.15,7.15,7.15,7.15,1,EUR,2.13,0.2986,58,58,建筑工程,"Allgemeine Montagearbeiten - Bd.12 Malerarbeiten, Korrosionsschutz, Wärmedämmung",,Anstrich
850197,PM6665/036,Equipment,General,machine-shift,8.75,8.75,8.75,8.75,1,EUR,5.95,0.6801,58,58,建筑工程,Allgemeine Installationsarbeiten - Vol.6 Automatisierungssteuerungsinstrumentier,und,einzeln
110166,Klebstoff,Material,General,kg,0.48,0.48,0.48,0.48,1,EUR,0.07,0.1525,57,57,建筑工程,Tür- und Fensterarbeiten,Tür- und Fensterrahmen,Korrosionsschutz-Mörtelbeschichtung
100080,Polyurethan-Wasserdichtungsbeschichtung,Material,Waterproofing,kg,3.34,3.34,3.34,3.34,1,EUR,1.59,0.4753,57,57,建筑工程,Dach- und Abdichtungsarbeiten,Dachabdichtung und Zubehör,Dachabdichtung mit Dachbahn
030093,Holz,Material,Wood & Timber,m3,397.03,397.03,397.03,397.03,1,EUR,2.22,0.0056,57,57,建筑工程,Metallbauarbeiten,Stahlrahmenrahmen,Profil und andere Dachteile
110142,Klebstoff,Material,General,kg,2.65,2.65,2.65,2.65,1,EUR,0.72,0.2696,56,56,建筑工程,Dach- und Abdichtungsarbeiten,Dachabdichtung und Zubehör,Profil und andere Dachteile
800147,Holzbearbeitungssäge (Verbund),Equipment,General,machine-shift,1.9,1.9,1.9,1.9,1,EUR,0.02,0.0119,54,54,建筑工程,Bodenbelagsarbeiten,Oberflächenabschlusslage,Holzbodenplatte
090707,mit Schraube M8×14,Material,Fasteners,set,0.23,0.23,0.23,0.23,1,EUR,0.92,3.985,54,54,建筑工程,Allgemeine Installationsarbeiten - Vol.6 Automatisierungssteuerungsinstrumentier,und mit,einzeln
830079,Wasser-Dekorbeton Schalung,Material,Concrete & Cement,m2,12.54,12.54,12.54,12.54,1,EUR,3.29,0.2625,54,54,建筑工程,Vorleistungen und Baustelleneinrichtung,Ortbeton-Schalung und Konsolen,Spalte
110578,Acryl-Polyurethan-Grundierung,Material,Paint & Coatings,kg,4.47,4.47,4.47,4.47,1,EUR,0.26,0.0579,54,54,建筑工程,"Maler-, Beschichtungs- und Tapezierarbeiten","Holzhandlauf und andere Elemente, Plattenleisten und Formteile, Anstrich",Holzhandlaufanstrich
350028,Formteil BV-1.5,Material,General,m,0.23,0.23,0.23,0.23,1,EUR,0.83,3.5872,54,54,建筑工程,Allgemeine Installationsarbeiten - Vol.5 Gebäudeleittechnik,,"Installation, einzeln"
150300,Typ,Material,General,pcs,0.1,0.1,0.1,0.1,1,EUR,0.63,6.0418,53,53,建筑工程,Allgemeine Installationsarbeiten - Bd.4 Elektrogeräteinstallation,Formteilemontage,PVC
800018,(Verbund),Equipment,General,machine-shift,1.77,1.77,1.77,1.77,1,EUR,0.01,0.0083,53,53,建筑工程,Allgemeine Installationsarbeiten - Vol.7 Lüftung und Klimatisierung,Installation,verzinktes Stahlrohr (Schweißen)
400009,C30 Fertigbeton,Material,Concrete & Cement,m3,85.67,85.67,85.67,85.67,1,EUR,81.51,0.9513,52,52,建筑工程,Bodenbehandlung und Böschungsstützung,Baugrube,Fundamentmauer
110234,lösemittelhaltiger Verdünner,Material,General,kg,2.32,2.32,2.32,2.32,1,EUR,0.05,0.0236,52,52,建筑工程,"Maler-, Beschichtungs- und Tapezierarbeiten",Holzoberflächenfarbe,Holzabhängedecke Deckenanstrich
110108,Stein,Material,General,kg,0.29,0.29,0.29,0.29,1,EUR,0.08,0.2716,52,52,建筑工程,Wärmedämm- und Korrosionsschutzarbeiten,Korrosionsschutzbeschichtungsschicht,Glasstahl-Antikorrosionsbeschichtung
110016,Fertigfarbe,Material,Paint & Coatings,kg,2.59,2.59,2.59,2.59,1,EUR,0.06,0.0249,51,51,建筑工程,Allgemeine Installationsarbeiten - Bd.4 Elektrogeräteinstallation,"Stromversorgung, Installation",Elektroeinbettung
010033,gewöhnliche Stahlplatte 16 20,Material,Steel & Metal,kg,0.94,0.94,0.94,0.94,1,EUR,6.96,7.4172,51,51,建筑工程,Bodenbehandlung und Böschungsstützung,Baugrube,()
090496,verzinkt 12,Material,General,pcs,0.01,0.01,0.01,0.01,1,EUR,0.04,6.5484,51,51,建筑工程,Allgemeine Installationsarbeiten - Bd.4 Elektrogeräteinstallation,Höhen-Elektroinstallation,
110097,Klebstofftyp,Material,General,kg,0.28,0.28,0.28,0.28,1,EUR,0.08,0.2982,51,51,建筑工程,"Wand- und Säulenbekleidungen, Trennwände und Vorhangfassaden",Wandverkleidung,Wandoberflächen-Dekorplatte
120030,Sonderform 5,Material,General,m,0.05,0.05,0.05,0.05,1,EUR,0.14,2.6272,50,50,建筑工程,Allgemeine Installationsarbeiten - Bd.4 Elektrogeräteinstallation,"Stromversorgung, Installation",
090120,verzinkt mit Bolzen 8×(16 25),Material,Fasteners,set,0.05,0.05,0.05,0.05,1,EUR,0.29,5.5211,50,50,建筑工程,Allgemeine Installationsarbeiten - Vol.5 Gebäudeleittechnik,Netz,Installation
100098,Glas,Material,Glass,m2,0.63,0.63,0.63,0.63,1,EUR,0.91,1.4528,50,50,建筑工程,Dach- und Abdichtungsarbeiten,"Keller- und Bodenabdichtung, Feuchtigkeitsschutz",Bodenmembran-Abdichtung
800050,Schweißelektrode trocken 600×500×750,Equipment,Welding Equip.,machine-shift,4.7,4.7,4.7,4.7,1,EUR,1.64,0.3483,50,50,建筑工程,Metallbauarbeiten,Stahlrahmenrahmen,
091056,verzinkter Spreizdübel 8,Material,Fasteners,set,0.59,0.59,0.59,0.59,1,EUR,1.49,2.5218,50,50,建筑工程,Allgemeine Installationsarbeiten - Bd.4 Elektrogeräteinstallation,Installation,Installation
010154,Stahldraht,Material,Steel & Metal,kg,1.62,1.62,1.62,1.62,1,EUR,0.64,0.3987,49,49,建筑工程,Beton- und Stahlbetonarbeiten,Fertigteilsäule,
090338,Edelstahl,Material,Steel & Metal,pcs,0.54,0.54,0.54,0.54,1,EUR,5.69,10.4682,49,49,建筑工程,"Wand- und Säulenbekleidungen, Trennwände und Vorhangfassaden",Wandverkleidung,Wandoberflächen-Dekorplatte
110575,fluorcarbonhaltiger Öllack,Material,General,kg,5.98,5.98,5.98,5.98,1,EUR,1.33,0.223,48,48,建筑工程,"Maler-, Beschichtungs- und Tapezierarbeiten","Holzhandlauf und andere Elemente, Plattenleisten und Formteile, Anstrich",Holzhandlaufanstrich
800231,Schweißelektrode,Equipment,Welding Equip.,machine-shift,3.18,3.18,3.18,3.18,1,EUR,1.1,0.3464,48,48,建筑工程,Metallbauarbeiten,Stahlrahmenrahmen,
110059,(Korrosionsschutz),Material,General,kg,0.29,0.29,0.29,0.29,1,EUR,0.07,0.2438,47,47,建筑工程,Bodenbelagsarbeiten,Bodenfliesenverlegung,Holzbodenplatte
800006,Lastwagen 4t,Equipment,Trucks,machine-shift,37.55,37.55,37.55,37.55,1,EUR,19.93,0.5307,47,47,建筑工程,Allgemeine Installationsarbeiten - Bd.4 Elektrogeräteinstallation,"Stromversorgung, Installation","Installation, einzeln"
800184,Bewehrungsschneider,Equipment,General,machine-shift,2.99,2.99,2.99,2.99,1,EUR,0.59,0.1981,47,47,建筑工程,Beton- und Stahlbetonarbeiten,Bewehrungsarbeiten,Profil und andere Dachteile
250051,"(mit, mit) 0 1.6MPa",Material,General,set,31.99,31.99,31.99,31.99,1,EUR,1.44,0.045,47,47,建筑工程,Allgemeine Installationsarbeiten - Vol.9 Brandschutz,Schweißen von Stahlrohren,verzinktes Stahlrohr (Schweißen)
100035,Klebstoffplatte 3 5,Material,General,kg,1.78,1.78,1.78,1.78,1,EUR,0.84,0.4698,46,46,建筑工程,Allgemeine Installationsarbeiten - Vol.7 Lüftung und Klimatisierung,und Installation,Installation
110024,Phenolharz-Emaille,Material,Paint & Coatings,kg,3.62,3.62,3.62,3.62,1,EUR,0.21,0.0576,45,45,建筑工程,Allgemeine Installationsarbeiten - Bd.4 Elektrogeräteinstallation,Höhen-Elektroinstallation,Elektroeinbettung
810233,1: 1 Zementmörtel,Material,Concrete & Cement,m3,99.47,99.47,99.47,99.47,1,EUR,0.4,0.0041,44,44,建筑工程,"Wand- und Säulenbekleidungen, Trennwände und Vorhangfassaden",Säulen- (Träger-) Oberflächenverputz,Wandoberflächenverfugung
110577,mit Acryl-Decklack,Equipment,General,kg,4.26,4.26,4.26,4.26,1,EUR,0.63,0.1482,44,44,建筑工程,"Maler-, Beschichtungs- und Tapezierarbeiten","Holzhandlauf und andere Elemente, Plattenleisten und Formteile, Anstrich",Holzhandlaufanstrich
010002,Bewehrungsstahl 10 beyond,Material,Steel & Metal,kg,0.81,0.81,0.81,0.81,1,EUR,689.2,850.0543,43,43,建筑工程,Bodenbehandlung und Böschungsstützung,Baugrube,()
110039,Gips,Material,General,kg,0.13,0.13,0.13,0.13,1,EUR,0.06,0.4737,43,43,建筑工程,"Wand- und Säulenbekleidungen, Trennwände und Vorhangfassaden",Säulen- (Träger-) Verkleidung,fertige dekorative Säule
110064,Stein,Material,General,kg,0.17,0.17,0.17,0.17,1,EUR,0.35,2.0635,43,43,建筑工程,Wärmedämm- und Korrosionsschutzarbeiten,Korrosionsschutzbeschichtungsschicht,Korrosionsschutz-Betonabschlussbeschichtung
090820,Dübel M8×100,Material,Fasteners,pcs,0.46,0.46,0.46,0.46,1,EUR,3.22,7.0675,43,43,建筑工程,Tür- und Fensterarbeiten,Metalltür,
110563,Nitrocellulose-Transparente Versiegelungsgrundierung,Material,Paint & Coatings,kg,4.03,4.03,4.03,4.03,1,EUR,0.11,0.0278,42,42,建筑工程,"Maler-, Beschichtungs- und Tapezierarbeiten","Holzhandlauf und andere Elemente, Plattenleisten und Formteile, Anstrich",Holzhandlaufanstrich
110574,Acryl-Polyurethan-Decklack,Material,General,kg,4.91,4.91,4.91,4.91,1,EUR,0.67,0.1374,42,42,建筑工程,"Maler-, Beschichtungs- und Tapezierarbeiten","Holzhandlauf und andere Elemente, Plattenleisten und Formteile, Anstrich",Holzhandlaufanstrich
850020,ML9001A,Equipment,General,machine-shift,13.1,13.1,13.1,13.1,1,EUR,7.23,0.5523,42,42,建筑工程,Allgemeine Installationsarbeiten - Vol.5 Gebäudeleittechnik,Installation,"Trockenformmontage, einzeln"
090118,verzinkt mit Bolzen 6×(16 25),Material,Fasteners,set,0.02,0.02,0.02,0.02,1,EUR,0.15,6.9991,42,42,建筑工程,Allgemeine Installationsarbeiten - Vol.5 Gebäudeleittechnik,und Installation,Installation
030004,Holz,Material,Wood & Timber,m3,219.03,219.03,219.03,219.03,1,EUR,17.04,0.0778,41,41,建筑工程,Allgemeine Installationsarbeiten - Vol.7 Lüftung und Klimatisierung,Installation,Wasserinstallation
090490,verzinkt 6,Material,General,pcs,0.03,0.03,0.03,0.03,1,EUR,0.18,5.8516,41,41,建筑工程,Allgemeine Installationsarbeiten - Bd.4 Elektrogeräteinstallation,Strominstallation,Installation
090533,verzinkter Spreizdübel 10,Material,Fasteners,set,0.66,0.66,0.66,0.66,1,EUR,2.04,3.0711,40,40,建筑工程,Allgemeine Installationsarbeiten - Bd.4 Elektrogeräteinstallation,Strominstallation,Elektrowand (Säule)
090445,Edelstahl-Schweißdraht,Material,Steel & Metal,kg,17.01,17.01,17.01,17.01,1,EUR,37.64,2.2128,40,40,建筑工程,Dach- und Abdichtungsarbeiten,Dachabdichtung und Zubehör,Dachwasser
090031,verzinkt 12,Material,General,pcs,0.05,0.05,0.05,0.05,1,EUR,0.53,11.45,40,40,建筑工程,Allgemeine Installationsarbeiten - Bd.4 Elektrogeräteinstallation,Höhen-Elektroinstallation,
810140,Stahlbetonfundament,Material,Concrete & Cement,m3,474.34,474.34,474.34,474.34,1,EUR,2.11,0.0044,39,39,建筑工程,Vorleistungen und Baustelleneinrichtung,Vertikaler Transport,Vertikaler Transport
110069,Spachtelmasse,Material,General,kg,1.85,1.85,1.85,1.85,1,EUR,0.47,0.2536,39,39,建筑工程,Dach- und Abdichtungsarbeiten,Dachabdichtung und Zubehör,Dachbeschichtung Abdichtung
010013,Stahlprofil,Material,Steel & Metal,kg,0.77,0.77,0.77,0.77,1,EUR,23.77,30.9998,38,38,建筑工程,Allgemeine Installationsarbeiten - Bd.4 Elektrogeräteinstallation,Installation,Quadratische Fertigung Installation ()
400041,Klebemörtel DEA,Material,Concrete & Cement,m3,1100.09,1100.09,1100.09,1100.09,1,EUR,2.44,0.0022,37,37,建筑工程,Wärmedämm- und Korrosionsschutzarbeiten,,Decke
400044,Fugenfüllmörtel DTG,Material,Concrete & Cement,m3,1065.7,1065.7,1065.7,1065.7,1,EUR,3.42,0.0032,37,37,建筑工程,"Wand- und Säulenbekleidungen, Trennwände und Vorhangfassaden",Wandverkleidungsschicht,Zerkleinerte Steinwandoberfläche (011204002)
030006,Sperrholz 3mm,Material,Wood & Timber,m2,2.57,2.57,2.57,2.57,1,EUR,4.25,1.6518,37,37,建筑工程,"Wand- und Säulenbekleidungen, Trennwände und Vorhangfassaden",Wandverkleidung,Wandoberflächen-Dekorplatte
100025,Steinkleberplatte,Material,General,kg,1.78,1.78,1.78,1.78,1,EUR,2.93,1.6414,37,37,建筑工程,Allgemeine Installationsarbeiten - Vol.6 Automatisierungssteuerungsinstrumentier,Installation,Installation
400030,Putzmörtel DP-HR,Material,Concrete & Cement,m3,103.02,103.02,103.02,103.02,1,EUR,3.19,0.031,36,36,建筑工程,Bodenbehandlung und Böschungsstützung,Baugrube,"Spritzbeton, Zementmörtel"
090241,Stahlplattengewebe,Material,Steel & Metal,m2,1.72,1.72,1.72,1.72,1,EUR,1.77,1.0285,36,36,建筑工程,Bodenbehandlung und Böschungsstützung,Baugrube,"Spritzbeton, Zementmörtel"
110787,lösemittel für fluorcarbonhaltige Lacke auf Ölbasis,Material,Paint & Coatings,kg,2.93,2.93,2.93,2.93,1,EUR,0.07,0.025,36,36,建筑工程,"Maler-, Beschichtungs- und Tapezierarbeiten","Holzhandlauf und andere Elemente, Plattenleisten und Formteile, Anstrich",Holzhandlaufanstrich
110591,wasserbasierter Acrylfarbenverdünner,Material,Paint & Coatings,kg,2.82,2.82,2.82,2.82,1,EUR,0.03,0.0124,36,36,建筑工程,"Maler-, Beschichtungs- und Tapezierarbeiten",Holzoberflächenfarbe,"Holzplatte, Faserplatte, Sperrholz Deckenanstrich"
090066,verzinkte Mutter 8,Material,Fasteners,pcs,0.01,0.01,0.01,0.01,1,EUR,0.06,4.1302,36,36,建筑工程,Allgemeine Installationsarbeiten - Vol.7 Lüftung und Klimatisierung,und Installation,Installation
850210,Elektrizität ZX-54,Equipment,General,machine-shift,1.32,1.32,1.32,1.32,1,EUR,0.58,0.4396,36,36,建筑工程,Allgemeine Installationsarbeiten - Vol.6 Automatisierungssteuerungsinstrumentier,,einzeln
800064,150,Equipment,General,machine-shift,3.01,3.01,3.01,3.01,1,EUR,0.07,0.0227,36,36,建筑工程,Beton- und Stahlbetonarbeiten,Eisenbeschläge,Schweißen von Stahlrohren ()
800025,Luftkompressor 10m3/min,Equipment,Compressors,machine-shift,14.15,14.15,14.15,14.15,1,EUR,0.98,0.0696,36,36,建筑工程,Bodenbehandlung und Böschungsstützung,Baugrube,Fundamentmauer
810005,1: 2.5 Zementmörtel,Material,Concrete & Cement,m3,60.28,59.51,60.47,60.47,2,EUR,2.77,0.0459,35,35,建筑工程,"Wand- und Säulenbekleidungen, Trennwände und Vorhangfassaden",Säulen- (Träger-) Oberflächenverputz,Dekorativer Wandputz
010032,gewöhnliche Stahlplatte 8 15,Material,Steel & Metal,kg,0.95,0.95,0.95,0.95,1,EUR,9.41,9.9222,35,35,建筑工程,Allgemeine Installationsarbeiten - Bd.4 Elektrogeräteinstallation,Installation,Elektroinstallation Fertigung
400018,C15 Steinbeton,Material,Concrete & Cement,m3,78.36,78.36,78.36,78.36,1,EUR,6.77,0.0864,35,35,建筑工程,Dach- und Abdichtungsarbeiten,Dachabdichtung und Zubehör,Dachwasser
850257,Formteil,Equipment,General,machine-shift,8.07,8.07,8.07,8.07,1,EUR,1.03,0.1283,34,34,建筑工程,Allgemeine Installationsarbeiten - Vol.6 Automatisierungssteuerungsinstrumentier,Schloss,
090127,verzinkt mit Bolzen 10×(85 100),Material,Fasteners,set,0.19,0.19,0.19,0.19,1,EUR,1.21,6.3729,34,34,建筑工程,Allgemeine Installationsarbeiten - Bd.4 Elektrogeräteinstallation,Installation,"Rahmen, Montage"
110159,Korrosionsschutz,Material,General,kg,0.37,0.37,0.37,0.37,1,EUR,0.09,0.249,34,34,建筑工程,Holzbauarbeiten,Holztragwerk,Dach ()
090429,Dübel M8×110,Material,Fasteners,pcs,0.24,0.24,0.24,0.24,1,EUR,1.31,5.5306,34,34,建筑工程,Tür- und Fensterarbeiten,Holzfenster,
090494,verzinkt 6,Material,General,pcs,0.0,0.0,0.0,0.0,1,EUR,0.01,3.42,34,34,建筑工程,Allgemeine Installationsarbeiten - Bd.4 Elektrogeräteinstallation,Strominstallation,Installation
090119,verzinkt mit Bolzen 6×(30 50),Material,Fasteners,set,0.04,0.04,0.04,0.04,1,EUR,0.45,10.3269,33,33,建筑工程,Allgemeine Installationsarbeiten - Bd.4 Elektrogeräteinstallation,Strominstallation,Installation
850195,PJN5210S,Equipment,General,machine-shift,11.32,11.32,11.32,11.32,1,EUR,22.55,1.9917,33,33,建筑工程,Allgemeine Installationsarbeiten - Vol.6 Automatisierungssteuerungsinstrumentier,"Fundament (030608007, 030608008)",einzeln
810047,Zement,Material,Concrete & Cement,m3,123.62,123.62,123.62,123.62,1,EUR,0.21,0.0017,32,32,建筑工程,Beton- und Stahlbetonarbeiten,Bewehrungsarbeiten,Korrosionsschutz-Mörtelbeschichtung
080230,Aluminiumplatte 5mm,Material,General,m2,12.54,12.54,12.54,12.54,1,EUR,13.21,1.0537,32,32,建筑工程,Tür- und Fensterarbeiten,Fensterplatte,Wandoberflächen-Dekorplatte
091474,Schraube M14,Material,Fasteners,m,2.09,2.09,2.09,2.09,1,EUR,0.06,0.031,32,32,建筑工程,Vorleistungen und Baustelleneinrichtung,Ortbeton-Schalung und Konsolen,Träger
110228,Dichtstoff,Material,Rubber,kg,2.7,2.7,2.7,2.7,1,EUR,0.27,0.0992,32,32,建筑工程,Metallbauarbeiten,"Stahlplatten-Bodenplatte, Wandplatte",Profil und andere Dachteile
110549,Polyfarbenlack,Material,Paint & Coatings,kg,4.76,4.76,4.76,4.76,1,EUR,0.83,0.1734,32,32,建筑工程,"Allgemeine Montagearbeiten - Bd.12 Malerarbeiten, Korrosionsschutz, Wärmedämmung",,Polyfarben
800396,Luftkompressor 3m3/min,Equipment,Compressors,machine-shift,3.95,3.95,3.95,3.95,1,EUR,0.12,0.0312,32,32,建筑工程,Pfahlgründungsarbeiten,Bohrpfahl,H8701 Korrosionsschutzbeschichtung
090297,Streifen,Material,General,kg,1.25,1.25,1.25,1.25,1,EUR,0.33,0.261,31,31,建筑工程,Allgemeine Installationsarbeiten - Vol.6 Automatisierungssteuerungsinstrumentier,Erd- (Wasser-) Installation,Wasserinstallation
800072,Strom,Equipment,General,machine-shift,27.31,27.31,27.31,27.31,1,EUR,0.75,0.0274,31,31,建筑工程,"Wand- und Säulenbekleidungen, Trennwände und Vorhangfassaden",Vorhangfassadenarbeiten,mit Rahmen-Vorhangfassade
110136,Anstrich,Material,Paint & Coatings,kg,3.76,3.76,3.76,3.76,1,EUR,1.53,0.4071,31,31,建筑工程,"Maler-, Beschichtungs- und Tapezierarbeiten",Holzoberflächenfarbe,Metalltür- und Fensteranstrich
150163,Netz,Material,General,m2,2.47,2.47,2.47,2.47,1,EUR,37.32,15.135,31,31,建筑工程,Vorleistungen und Baustelleneinrichtung,,Gerüstbau
800074,Planierraupe Verbund,Equipment,Bulldozers,machine-shift,94.6,94.6,94.6,94.6,1,EUR,0.19,0.002,31,31,建筑工程,Erdarbeiten und Felsarbeiten,Transport,Aushub von allgemeinem Erdreich
080011,U-förmige Leichtstahlkonstruktion CB38×12,Material,Steel & Metal,m,1.04,1.04,1.04,1.04,1,EUR,1.49,1.4254,30,30,建筑工程,Deckenarbeiten,Decke abgehängte Decke,Deckenprofil
120170,Poly 50,Material,General,m,0.19,0.19,0.19,0.19,1,EUR,0.02,0.08,30,30,建筑工程,Dach- und Abdichtungsarbeiten,"Keller- und Bodenabdichtung, Feuchtigkeitsschutz",Bodenmembran-Abdichtung
040207,Verblendmauerwerk Standardziegel,Material,General,pcs,0.12,0.12,0.12,0.12,1,EUR,31.23,257.681,30,30,建筑工程,Mauerwerksarbeiten,"Wasser, Wasseranlagen",Bohrung
800560,Spritzgerät,Equipment,General,machine-shift,15.5,15.5,15.5,15.5,1,EUR,1.0,0.0645,30,30,建筑工程,"Allgemeine Montagearbeiten - Bd.12 Malerarbeiten, Korrosionsschutz, Wärmedämmung",,Spritzbeschichtung Typ Korrosionsschutz
280554,Formteil (Verbundwerkstoff),Material,General,m,0.42,0.42,0.42,0.42,1,EUR,0.1,0.2459,30,30,建筑工程,Allgemeine Installationsarbeiten - Vol.6 Automatisierungssteuerungsinstrumentier,,
110281,Phenolharz,Material,General,kg,4.47,4.47,4.47,4.47,1,EUR,1.15,0.258,30,30,建筑工程,"Allgemeine Montagearbeiten - Bd.12 Malerarbeiten, Korrosionsschutz, Wärmedämmung",,Phenolharzlack
110002,Alkyd-Verdünner,Material,General,kg,2.44,2.44,2.44,2.44,1,EUR,0.12,0.0481,30,30,建筑工程,"Maler-, Beschichtungs- und Tapezierarbeiten",Anstrich auf verputzter Oberfläche,Anstrich auf verputzter Oberfläche
060062,Metallverkleidung Fliese,Material,Steel & Metal,m2,16.72,16.72,16.72,16.72,1,EUR,17.34,1.0372,30,30,建筑工程,"Wand- und Säulenbekleidungen, Trennwände und Vorhangfassaden",Wandverkleidungsschicht,Blockverkleidete Wandoberfläche
080017,U-förmige Leichtstahlkonstruktion CB38-L,Material,Steel & Metal,pcs,0.3,0.3,0.3,0.3,1,EUR,0.07,0.2486,30,30,建筑工程,Deckenarbeiten,Decke abgehängte Decke,Deckenprofil
110590,wasserbasierte Acrylfarbe,Material,Paint & Coatings,kg,3.66,3.66,3.66,3.66,1,EUR,0.46,0.1268,30,30,建筑工程,"Maler-, Beschichtungs- und Tapezierarbeiten",Holzoberflächenfarbe,"Holzplatte, Faserplatte, Sperrholz Deckenanstrich"
400033,"Gipsputzmörtel DP-G, gebürstet",Material,Concrete & Cement,m3,96.12,96.12,96.12,96.12,1,EUR,0.44,0.0046,30,30,建筑工程,"Wand- und Säulenbekleidungen, Trennwände und Vorhangfassaden",Säulen- (Träger-) Oberflächenverputz,allgemeiner Putz an Träger- und Stützflächen
400012,C20 Steinbeton,Material,Concrete & Cement,m3,81.49,81.49,81.49,81.49,1,EUR,1.08,0.0132,30,30,建筑工程,Mauerwerksarbeiten,Blockmauerwerk,Ausgleichsschicht
110244,Wasserglas,Material,Glass,kg,0.17,0.17,0.17,0.17,1,EUR,0.59,3.5049,30,30,建筑工程,Bodenbehandlung und Böschungsstützung,Korrosionsschutzbeschichtungsschicht,Blockverkleidung Korrosionsschutzbeschichtung
080032,U-förmige Leichtstahlkonstruktion CB38-1,Material,Steel & Metal,pcs,0.2,0.2,0.2,0.2,1,EUR,0.28,1.4164,30,30,建筑工程,Deckenarbeiten,Decke abgehängte Decke,Deckenprofil
110550,Poly-Lackdeckanstrich,Material,Paint & Coatings,kg,5.02,5.02,5.02,5.02,1,EUR,0.69,0.1375,29,29,建筑工程,"Allgemeine Montagearbeiten - Bd.12 Malerarbeiten, Korrosionsschutz, Wärmedämmung",,Polyfarben
090124,verzinkt mit Bolzen 10×(20 35),Material,Fasteners,set,0.09,0.09,0.09,0.09,1,EUR,0.4,4.2992,29,29,建筑工程,Allgemeine Installationsarbeiten - Bd.4 Elektrogeräteinstallation,Höhe Installation,Elektroinstallation Fertigung
090260,Nagel,Material,Fasteners,kg,1.46,1.46,1.46,1.46,1,EUR,0.77,0.5269,29,29,建筑工程,Beton- und Stahlbetonarbeiten,eingegossener Ortbetontragwerk,
110205,wasserbasierte Grundierung (normal),Material,Paint & Coatings,kg,1.4,1.4,1.4,1.4,1,EUR,0.19,0.1371,29,29,建筑工程,"Maler-, Beschichtungs- und Tapezierarbeiten",Spritz- und Bürstenbeschichtung,Wandoberflächenbeschichtungsschicht
130100,EPS-Platte,Material,Wood & Timber,m3,89.85,89.85,89.85,89.85,1,EUR,12.04,0.134,29,29,建筑工程,Mauerwerksarbeiten,Schichtabdeckung,Dach ()
110548,Polyfarben-Grundierung,Material,Paint & Coatings,kg,4.37,4.37,4.37,4.37,1,EUR,0.81,0.1858,29,29,建筑工程,"Allgemeine Montagearbeiten - Bd.12 Malerarbeiten, Korrosionsschutz, Wärmedämmung",,Polyfarben
090165,verzinkter Spreizdübel 12,Material,Fasteners,set,0.79,0.79,0.79,0.79,1,EUR,1.55,1.9727,29,29,建筑工程,Allgemeine Installationsarbeiten - Vol.7 Lüftung und Klimatisierung,zusätzliche Spalte,"Rechteckige Stahlplattenmontage (1.2mm innen, )"
800289,Kipper 15t,Equipment,Trucks,machine-shift,111.36,111.36,111.36,111.36,1,EUR,1.04,0.0094,28,28,建筑工程,Erdarbeiten und Felsarbeiten,Transport,Aushub von allgemeinem Erdreich
850005,Erdung Strom GCT,Equipment,General,machine-shift,2.19,2.19,2.19,2.19,1,EUR,0.48,0.2198,28,28,建筑工程,Allgemeine Installationsarbeiten - Bd.4 Elektrogeräteinstallation,Boden,
800028,gewöhnlich 400,Equipment,General,machine-shift,21.92,21.92,21.92,21.92,1,EUR,2.07,0.0944,28,28,建筑工程,Allgemeine Installationsarbeiten - Vol.7 Lüftung und Klimatisierung,Fertigungseinbau,Abdichtungsfertigung
830077,geformte Stahlverschalung,Material,Steel & Metal,m2-day,0.53,0.53,0.53,0.53,1,EUR,5.43,10.1934,28,28,建筑工程,Vorleistungen und Baustelleneinrichtung,Ortbeton-Schalung und Konsolen,Spalte
800046,Schnittmesser,Equipment,General,machine-shift,5.33,5.33,5.33,5.33,1,EUR,0.45,0.0851,28,28,建筑工程,Pfahlgründungsarbeiten,Bodenfliesenverlegung,Wandoberflächen-Dekorplatte
110103,Bitumenfarbe,Material,Paint & Coatings,kg,2.38,2.38,2.38,2.38,1,EUR,0.21,0.0897,28,28,建筑工程,Pfahlgründungsarbeiten,Formteilemontage,
130095,EPS-Platte,Material,Wood & Timber,m3,131.65,131.65,131.65,131.65,1,EUR,3.85,0.0293,28,28,建筑工程,Wärmedämm- und Korrosionsschutzarbeiten,,Decke
810177,Poly-Zementmörtel,Material,Concrete & Cement,m3,94.03,94.03,94.03,94.03,1,EUR,0.36,0.0038,28,28,建筑工程,"Wand- und Säulenbekleidungen, Trennwände und Vorhangfassaden",Säulen- (Träger-) Oberflächenverputz,allgemeiner Putz an Träger- und Stützflächen
150061,Kohle,Material,General,t,158.81,158.81,158.81,158.81,1,EUR,1.61,0.0101,27,27,建筑工程,"Allgemeine Montagearbeiten - Bd.12 Malerarbeiten, Korrosionsschutz, Wärmedämmung",Sprühverfahren,Steinspritzverfahren
150021,Holz,Material,Wood & Timber,kg,0.04,0.04,0.04,0.04,1,EUR,0.03,0.9259,27,27,建筑工程,"Allgemeine Montagearbeiten - Bd.12 Malerarbeiten, Korrosionsschutz, Wärmedämmung",Sprühverfahren,Steinspritzverfahren
030003,Holzrahmen,Material,Wood & Timber,m3,350.32,350.32,350.32,350.32,1,EUR,4.76,0.0136,27,27,建筑工程,Beton- und Stahlbetonarbeiten,eingegossener Ortbetontragwerk,Wasserabdichtung mit
800008,Lastwagen 8t,Equipment,Trucks,machine-shift,49.63,49.63,49.63,49.63,1,EUR,10.18,0.2052,27,27,建筑工程,Allgemeine Installationsarbeiten - Vol.7 Lüftung und Klimatisierung,Wasser,Installation
100140,Sandstrahlkleber 40,Material,Aggregates,m,13.04,13.04,13.04,13.04,1,EUR,0.65,0.0501,26,26,建筑工程,Metallbauarbeiten,Metallverbindung tragend vor Ort und sonstige Positionen,Steinspritzverfahren
090309,Sandstrahlen,Material,Aggregates,pcs,11.56,11.56,11.56,11.56,1,EUR,0.24,0.0205,26,26,建筑工程,Metallbauarbeiten,Metallverbindung tragend vor Ort und sonstige Positionen,Steinspritzverfahren
150089,132 1,Material,General,Kasten,39.24,39.24,39.24,39.24,1,EUR,16.69,0.4253,26,26,建筑工程,Allgemeine Installationsarbeiten - Vol.5 Gebäudeleittechnik,Netz,Installation
090054,Expansionsbolzen 6,Material,Fasteners,set,0.15,0.15,0.15,0.15,1,EUR,0.49,3.2741,26,26,建筑工程,Dach- und Abdichtungsarbeiten,Dachabdichtung und Zubehör,Dachwasser
100288,Klebstoffplatte 6,Material,General,kg,0.94,0.94,0.94,0.94,1,EUR,0.46,0.4936,26,26,建筑工程,Allgemeine Installationsarbeiten - Vol.7 Lüftung und Klimatisierung,Installation,Installation
110599,Verdünner für Klebstofffarbe,Material,Paint & Coatings,kg,3.34,3.34,3.34,3.34,1,EUR,0.11,0.0325,26,26,建筑工程,"Maler-, Beschichtungs- und Tapezierarbeiten",Metalloberflächenanstrich,Metalltür- und Fensteranstrich
090130,verzinkt mit Bolzen 12×(65 80),Material,Fasteners,set,0.2,0.2,0.2,0.2,1,EUR,0.93,4.7559,25,25,建筑工程,Allgemeine Installationsarbeiten - Bd.4 Elektrogeräteinstallation,Höhen-Elektroinstallation,
090300,Schweißdraht,Material,Welding Consumables,kg,7.94,7.94,7.94,7.94,1,EUR,0.17,0.0211,25,25,建筑工程,sonstige Dekorationsarbeiten,"Handlauf, Geländer, Geländerscheibe dekorativ","Metallhandlauf, Geländer, Geländerscheibe"
091525,mit Schraube M12×(20 100),Material,Fasteners,set,0.31,0.31,0.31,0.31,1,EUR,2.77,8.84,25,25,建筑工程,Allgemeine Installationsarbeiten - Vol.6 Automatisierungssteuerungsinstrumentier,,
080012,U-förmige Leichtstahlkonstruktion CB50×20,Material,Steel & Metal,m,0.92,0.92,0.92,0.92,1,EUR,4.14,4.4988,25,25,建筑工程,Deckenarbeiten,Decke abgehängte Decke,Deckenprofil
840007,Strom,Material,General,kWh,0.2,0.2,0.2,0.2,1,EUR,3.53,17.2141,25,25,建筑工程,Gebühren für Wasser- und Stromversorgung auf der Baustelle,Arbeiten,Wasser
060027,Ziegelstein,Material,General,m2,8.78,8.78,8.78,8.78,1,EUR,8.65,0.9861,25,25,建筑工程,Wärmedämm- und Korrosionsschutzarbeiten,Korrosionsschutzbeschichtungsschicht,Blockverkleidung Korrosionsschutzbeschichtung
090181,verzinkter Nagel (2 5)×(4 50),Equipment,General,pcs,0.01,0.01,0.01,0.01,1,EUR,0.03,2.9176,25,25,建筑工程,Allgemeine Installationsarbeiten - Bd.4 Elektrogeräteinstallation,Formteilemontage,Strom
010029,gewöhnliche Stahlplatte 2.6 3.2,Material,Steel & Metal,kg,0.92,0.92,0.92,0.92,1,EUR,8.11,8.7994,25,25,建筑工程,Allgemeine Installationsarbeiten - Vol.7 Lüftung und Klimatisierung,Wand,
091531,2,Material,General,m,0.25,0.25,0.25,0.25,1,EUR,0.02,0.084,25,25,建筑工程,Allgemeine Installationsarbeiten - Vol.6 Automatisierungssteuerungsinstrumentier,,
060095,fertige Natursteinplatte 20mm,Material,General,m2,33.43,33.43,33.43,33.43,1,EUR,34.44,1.0301,24,24,建筑工程,"Wand- und Säulenbekleidungen, Trennwände und Vorhangfassaden",Wandverkleidungsschicht,Steinplatten-Wandoberfläche
100376,modifizierte Bitumen-Dichtungsbeschichtung,Material,Waterproofing,kg,1.57,1.57,1.57,1.57,1,EUR,1.45,0.925,24,24,建筑工程,Dach- und Abdichtungsarbeiten,Dachabdichtung und Zubehör,Dachabdichtung mit Dachbahn
850117,Höhenstrom 3124,Equipment,General,machine-shift,11.43,11.43,11.43,11.43,1,EUR,11.97,1.0473,24,24,建筑工程,Allgemeine Installationsarbeiten - Bd.4 Elektrogeräteinstallation,Höhenstrom,Höhenstrom
010361,Schweißstahlrohr (Verbund),Material,Steel & Metal,kg,0.95,0.95,0.95,0.95,1,EUR,0.17,0.1808,24,24,建筑工程,Vorleistungen und Baustelleneinrichtung,"Wasser, Wasseranlagen",Bohrung
110188,ZL Poly,Material,General,m3,108.66,108.66,108.66,108.66,1,EUR,2.29,0.0211,24,24,建筑工程,Wärmedämm- und Korrosionsschutzarbeiten,,Decke
130037,ZL-Klebstoff,Material,General,kg,0.33,0.33,0.33,0.33,1,EUR,0.09,0.2569,24,24,建筑工程,Wärmedämm- und Korrosionsschutzarbeiten,,Decke
091526,mit Schraube M10×(20 50),Material,Fasteners,set,0.19,0.19,0.19,0.19,1,EUR,1.22,6.5123,24,24,建筑工程,Allgemeine Installationsarbeiten - Vol.6 Automatisierungssteuerungsinstrumentier,,
010393,Edelstahl,Material,Steel & Metal,kg,5.22,5.22,5.22,5.22,1,EUR,3.79,0.7251,24,24,建筑工程,"Wand- und Säulenbekleidungen, Trennwände und Vorhangfassaden",Trennwand,Metalltrennwand
810132,Abstreichen von Gipsmörtel 1:2,Material,Concrete & Cement,m3,169.16,169.16,169.16,169.16,1,EUR,0.53,0.0031,24,24,建筑工程,"Wand- und Säulenbekleidungen, Trennwände und Vorhangfassaden",Säulen- (Träger-) Oberflächenverputz,allgemeiner Putz an Träger- und Stützflächen
110003,Alkyd-Anti-Rost-Lack,Material,Paint & Coatings,kg,3.43,3.43,3.43,3.43,1,EUR,0.66,0.192,24,24,建筑工程,Dach- und Abdichtungsarbeiten,Dachabdichtung und Zubehör,Dach ()
850204,PASHEN,Equipment,General,machine-shift,1.39,1.39,1.39,1.39,1,EUR,4.93,3.5408,24,24,建筑工程,Allgemeine Installationsarbeiten - Vol.6 Automatisierungssteuerungsinstrumentier,"Fundament (030608007, 030608008)",(DCS)
850019,GX12M1,Equipment,General,machine-shift,1.6,1.6,1.6,1.6,1,EUR,1.02,0.6364,23,23,建筑工程,Allgemeine Installationsarbeiten - Vol.5 Gebäudeleittechnik,Installation,
080019,U-förmige Leichtstahl-Unterkonstruktion CB60-L,Material,Steel & Metal,pcs,0.17,0.17,0.17,0.17,1,EUR,0.17,1.0464,23,23,建筑工程,Deckenarbeiten,Decke abgehängte Decke,Deckenprofil
110215,haftender Baustoff,Material,General,kg,9.13,9.13,9.13,9.13,1,EUR,1.55,0.1701,23,23,建筑工程,Beton- und Stahlbetonarbeiten,Eisenbeschläge,Profil und andere Dachteile
080748,30×30 Aluminiumplatte,Material,General,pcs,0.1,0.1,0.1,0.1,1,EUR,0.84,8.0057,23,23,建筑工程,"Wand- und Säulenbekleidungen, Trennwände und Vorhangfassaden",Wandverkleidung,Wandoberflächen-Dekorplatte
800144,Flachplatten-Vibrator,Equipment,General,machine-shift,0.28,0.28,0.28,0.28,1,EUR,0.0,0.0118,23,23,建筑工程,Mauerwerksarbeiten,Schichtabdeckung,Ausgleichsschicht
850134,DM3-802H,Equipment,General,machine-shift,1.97,1.97,1.97,1.97,1,EUR,3.63,1.8363,23,23,建筑工程,Allgemeine Installationsarbeiten - Bd.4 Elektrogeräteinstallation,Höhenstrom,Strom
110219,Verklebung struktureller Dichtstoff,Material,Rubber,kg,10.03,10.03,10.03,10.03,1,EUR,7.27,0.7247,23,23,建筑工程,"Wand- und Säulenbekleidungen, Trennwände und Vorhangfassaden",Wandverkleidung,Wandoberflächen-Dekorplatte
090128,verzinkt mit Bolzen 12×(20 35),Material,Fasteners,set,0.14,0.14,0.14,0.14,1,EUR,0.68,4.795,23,23,建筑工程,Allgemeine Installationsarbeiten - Vol.7 Lüftung und Klimatisierung,Installation,Installation
110207,wasserbasierte (Schicht) Beschichtung,Material,Water,kg,6.69,6.69,6.69,6.69,1,EUR,1.68,0.2515,23,23,建筑工程,"Maler-, Beschichtungs- und Tapezierarbeiten",Spritz- und Bürstenbeschichtung,Wandoberflächenbeschichtungsschicht
080015,U-förmige Leichtstahlkonstruktion CS60×27,Material,Steel & Metal,m,2.47,2.47,2.47,2.47,1,EUR,6.79,2.7555,23,23,建筑工程,Deckenarbeiten,Decke abgehängte Decke,Deckenprofil
110170,Kohle,Material,General,kg,1.76,1.76,1.76,1.76,1,EUR,9.26,5.2493,22,22,建筑工程,Bodenbelagsarbeiten,Wandverkleidung,Wandoberflächen-Dekorplatte
090492,verzinkt 16,Material,General,pcs,0.08,0.08,0.08,0.08,1,EUR,1.06,14.0945,22,22,建筑工程,Allgemeine Installationsarbeiten - Bd.4 Elektrogeräteinstallation,Art der Elektroinstallation,Installation
110220,Wasserspachtel,Material,Water,kg,0.3,0.3,0.3,0.3,1,EUR,0.4,1.3631,22,22,建筑工程,"Maler-, Beschichtungs- und Tapezierarbeiten",Holzoberflächenfarbe,"Holzwand, Holzwandfarbe"
080285,Kiel,Material,General,kg,5.85,5.85,5.85,5.85,1,EUR,68.12,11.6432,22,22,建筑工程,"Wand- und Säulenbekleidungen, Trennwände und Vorhangfassaden",Vorhangfassadenarbeiten,mit Rahmen-Vorhangfassade
080279,Aluminiumprofil,Material,General,kg,5.85,5.85,5.85,5.85,1,EUR,12.89,2.2032,22,22,建筑工程,"Wand- und Säulenbekleidungen, Trennwände und Vorhangfassaden",Vorhangfassadenarbeiten,Glasfassade
010152,I-Träger Stahl,Material,Steel & Metal,kg,1.0,1.0,1.0,1.0,1,EUR,29.67,29.5771,22,22,建筑工程,Bodenbehandlung und Böschungsstützung,Baugrube,()
080288,Kiel,Material,General,kg,5.85,5.85,5.85,5.85,1,EUR,42.26,7.2227,22,22,建筑工程,"Wand- und Säulenbekleidungen, Trennwände und Vorhangfassaden",Vorhangfassadenarbeiten,mit Rahmen-Vorhangfassade
800596,16-300mm,Equipment,General,machine-shift,7.46,7.46,7.46,7.46,1,EUR,0.75,0.1,22,22,建筑工程,Allgemeine Installationsarbeiten - Vol.5 Gebäudeleittechnik,Installation,Installation
460104,A4,Material,General,Einheit,6.27,6.27,6.27,6.27,1,EUR,0.53,0.0846,22,22,建筑工程,Allgemeine Installationsarbeiten - Vol.5 Gebäudeleittechnik,Netz,Installation
110022,Phenolharz Fertigfarbe,Material,Paint & Coatings,kg,3.41,3.41,3.41,3.41,1,EUR,0.49,0.1425,22,22,建筑工程,"Allgemeine Montagearbeiten - Bd.12 Malerarbeiten, Korrosionsschutz, Wärmedämmung",rechteckiges Bürsten,Wasserspiegel
010020,Kanalstahl 16 innen,Material,Steel & Metal,kg,0.78,0.78,0.78,0.78,1,EUR,8.59,10.9877,21,21,建筑工程,Beton- und Stahlbetonarbeiten,Bewehrungsarbeiten,Glaswand
110023,Phenolharzlack,Material,Paint & Coatings,kg,2.65,2.65,2.65,2.65,1,EUR,0.16,0.0613,21,21,建筑工程,"Maler-, Beschichtungs- und Tapezierarbeiten",Holzoberflächenfarbe,Holzgrundanstrich
850116,YDQ,Equipment,General,machine-shift,4.01,4.01,4.01,4.01,1,EUR,2.89,0.7201,21,21,建筑工程,Allgemeine Installationsarbeiten - Bd.4 Elektrogeräteinstallation,Strom,Stromversorgung
850203,2656,Equipment,General,machine-shift,19.08,19.08,19.08,19.08,1,EUR,30.45,1.5964,21,21,建筑工程,Allgemeine Installationsarbeiten - Vol.6 Automatisierungssteuerungsinstrumentier,"Fundament (030608007, 030608008)",(DCS)
850006,ND2,Equipment,General,machine-shift,1.51,1.51,1.51,1.51,1,EUR,1.61,1.0667,21,21,建筑工程,Allgemeine Installationsarbeiten - Vol.5 Gebäudeleittechnik,Installation,Strom
030124,Sperrholz 9mm,Material,Wood & Timber,m2,5.22,5.22,5.22,5.22,1,EUR,11.92,2.2814,21,21,建筑工程,"Wand- und Säulenbekleidungen, Trennwände und Vorhangfassaden",Säulen- (Träger-) Verkleidung,Säulen- (Träger-) Oberflächendekoration
850088,Elektrizität ST9040,Equipment,General,machine-shift,14.29,14.29,14.29,14.29,1,EUR,38.35,2.6829,21,21,建筑工程,Allgemeine Installationsarbeiten - Bd.4 Elektrogeräteinstallation,Höhenstrom,Höhenstrom
010028,gewöhnliche Stahlplatte 2 2.5,Material,Steel & Metal,kg,1.13,1.13,1.13,1.13,1,EUR,5.33,4.6972,21,21,建筑工程,Dach- und Abdichtungsarbeiten,Installation,Profil und andere Dachteile
850017,KSG-4110,Equipment,General,machine-shift,6.22,6.22,6.22,6.22,1,EUR,3.83,0.6147,21,21,建筑工程,Allgemeine Installationsarbeiten - Bd.11 Kommunikationsausrüstung und Leitungen,Formteil,
850015,Höhe XB30,Equipment,General,machine-shift,0.69,0.69,0.69,0.69,1,EUR,0.81,1.1778,21,21,建筑工程,Allgemeine Installationsarbeiten - Bd.11 Kommunikationsausrüstung und Leitungen,Formteil,
040095,Stein,Material,General,m3,39.7,39.7,39.7,39.7,1,EUR,1.85,0.0467,21,21,建筑工程,Metallbauarbeiten,Metallverbindung tragend vor Ort und sonstige Positionen,Steinspritzverfahren
090331,Scharniere,Material,General,pcs,1.04,1.04,1.04,1.04,1,EUR,2.04,1.9544,21,21,建筑工程,Tür- und Fensterarbeiten,Dachabdichtung und Zubehör,Dach ()
080056,Träger TL23×23,Material,General,m,1.67,1.67,1.67,1.67,1,EUR,1.18,0.7067,20,20,建筑工程,Deckenarbeiten,Decke abgehängte Decke,Deckenprofil
110263,Steinbeschichtung,Material,General,kg,1.78,1.78,1.78,1.78,1,EUR,7.13,4.0126,20,20,建筑工程,"Maler-, Beschichtungs- und Tapezierarbeiten",Anstrich auf verputzter Oberfläche,Anstrich auf verputzter Oberfläche
110212,Spachtelmasse (),Material,General,kg,0.63,0.63,0.63,0.63,1,EUR,0.21,0.3359,20,20,建筑工程,"Maler-, Beschichtungs- und Tapezierarbeiten",Anstrich auf verputzter Oberfläche,vollflächiger Spachtelauftrag
800486,Luftkompressor 3m3/min,Equipment,Compressors,machine-shift,3.95,3.95,3.95,3.95,1,EUR,0.13,0.032,20,20,建筑工程,Dach- und Abdichtungsarbeiten,Dachabdichtung und Zubehör,Dachbeschichtung Abdichtung
110614,wasserbasierte Polyurethan-Grundierung,Material,Paint & Coatings,kg,3.76,3.76,3.76,3.76,1,EUR,0.4,0.1074,20,20,建筑工程,"Maler-, Beschichtungs- und Tapezierarbeiten",Holzoberflächenfarbe,Metalltür- und Fensteranstrich
280121,10,Material,General,pcs,1.01,1.01,1.01,1.01,1,EUR,1.98,1.9539,20,20,建筑工程,Allgemeine Installationsarbeiten - Bd.4 Elektrogeräteinstallation,Installation,Installation
110173,Benzin 60 70,Material,General,kg,1.58,1.58,1.58,1.58,1,EUR,0.79,0.4975,20,20,建筑工程,Allgemeine Installationsarbeiten - Bd.4 Elektrogeräteinstallation,Installation,
800135,Raupenkran 15t,Equipment,Cranes,machine-shift,108.05,108.05,108.05,108.05,1,EUR,57.3,0.5303,20,20,建筑工程,Bodenbehandlung und Böschungsstützung,Baugrube,Fundamentmauer
110028,Grundierung,Material,Paint & Coatings,kg,3.7,3.7,3.7,3.7,1,EUR,0.71,0.193,20,20,建筑工程,Wärmedämm- und Korrosionsschutzarbeiten,Korrosionsschutz,Korrosionsschutzbeschichtung
110027,Emaille,Material,Paint & Coatings,kg,5.22,5.22,5.22,5.22,1,EUR,1.79,0.3417,20,20,建筑工程,Wärmedämm- und Korrosionsschutzarbeiten,Korrosionsschutz,Korrosionsschutzbeschichtung
090354,Aluminiumlegierungsleiste,Material,General,m,1.06,1.06,1.06,1.06,1,EUR,3.19,2.9995,20,20,建筑工程,Dach- und Abdichtungsarbeiten,"Wandflächenabdichtung, Feuchtigkeitsschutz",Plattendach
280343,Formteil 1.0 2.5,Material,General,pcs,0.15,0.15,0.15,0.15,1,EUR,0.64,4.2122,20,20,建筑工程,Allgemeine Installationsarbeiten - Vol.9 Brandschutz,"Installation (030904004, 030904005)",
080022,U-förmige Leichtstahl-Unterkonstruktion CB50-3,Material,Steel & Metal,pcs,0.09,0.09,0.09,0.09,1,EUR,0.2,2.2913,19,19,建筑工程,Deckenarbeiten,Decke abgehängte Decke,Deckenprofil
800806,1.5kW,Equipment,General,machine-shift,2.84,2.84,2.84,2.84,1,EUR,1.72,0.605,19,19,建筑工程,Allgemeine Installationsarbeiten - Vol.5 Gebäudeleittechnik,,Installation
010022,verzinkter Winkelstahl,Material,Steel & Metal,kg,1.09,1.09,1.09,1.09,1,EUR,40.59,37.2098,19,19,建筑工程,Beton- und Stahlbetonarbeiten,Stahlbau,Deckenprofil
800561,Polyurethan 3-5kg/min,Equipment,General,machine-shift,10.7,10.7,10.7,10.7,1,EUR,0.07,0.0062,19,19,建筑工程,Dach- und Abdichtungsarbeiten,Dachabdichtung und Zubehör,Dachabdichtung mit Dachbahn
110031,Lack,Material,Paint & Coatings,kg,3.76,3.76,3.76,3.76,1,EUR,0.64,0.1697,19,19,建筑工程,Wärmedämm- und Korrosionsschutzarbeiten,Korrosionsschutz,Korrosionsschutzbeschichtung
010058,verzinktes Stahlrohr 50,Material,Steel & Metal,m,5.16,5.16,5.16,5.16,1,EUR,3.86,0.7482,19,19,建筑工程,Allgemeine Installationsarbeiten - Bd.4 Elektrogeräteinstallation,Wand und Bürstenbeschichtung,Elektroinstallation Fertigung
090460,Edelstahlnagel 4,Material,Steel & Metal,pcs,0.03,0.03,0.03,0.03,1,EUR,0.14,5.1757,19,19,建筑工程,"Wand- und Säulenbekleidungen, Trennwände und Vorhangfassaden",Säulen- (Träger-) Oberflächenfliesenverkleidung,Steinsäulenoberfläche
090108,mit Bolzen 16×(65 80),Material,Fasteners,set,0.26,0.26,0.26,0.26,1,EUR,18.5,70.2568,19,19,建筑工程,"Allgemeine Installationsarbeiten - Vol.10 Wasserversorgung, Entwässerung, Heizun",Fertigungseinbau,Abdichtungsfertigung
800075,Erdarbeiten Verbund,Equipment,General,machine-shift,186.41,186.41,186.41,186.41,1,EUR,1.19,0.0064,19,19,建筑工程,Erdarbeiten und Felsarbeiten,Transport,Aushub von allgemeinem Erdreich
110206,Schichtbeschichtung (Spritzbeschichtungsart),Material,General,kg,5.22,5.22,5.22,5.22,1,EUR,8.82,1.6875,19,19,建筑工程,"Maler-, Beschichtungs- und Tapezierarbeiten",Spritz- und Bürstenbeschichtung,Wandoberflächenbeschichtungsschicht
110208,wasserbasierter Deckanstrich (Typ),Material,Water,kg,5.85,5.85,5.85,5.85,1,EUR,1.37,0.234,19,19,建筑工程,"Maler-, Beschichtungs- und Tapezierarbeiten",Spritz- und Bürstenbeschichtung,Wandoberflächenbeschichtungsschicht
400059,Mauerwerksmörtel DM7.5-MR,Material,Concrete & Cement,m3,125.0,125.0,125.0,125.0,1,EUR,17.94,0.1435,19,19,建筑工程,Mauerwerksarbeiten,Blockmauerwerk,
110660,Polyurethan,Material,General,m3,3.76,3.76,3.76,3.76,1,EUR,6.03,1.6034,19,19,建筑工程,Dach- und Abdichtungsarbeiten,Dachabdichtung und Zubehör,Dachabdichtung mit Dachbahn
080040,U-förmige Leichtstahlkonstruktion CS60-1,Material,Steel & Metal,pcs,0.49,0.49,0.49,0.49,1,EUR,1.22,2.5017,19,19,建筑工程,Deckenarbeiten,Decke abgehängte Decke,Deckenprofil
850115,Höhe,Equipment,General,machine-shift,2.63,2.63,2.63,2.63,1,EUR,1.96,0.7433,19,19,建筑工程,Allgemeine Installationsarbeiten - Bd.4 Elektrogeräteinstallation,Strom,Stromversorgung
850261,7,Equipment,General,machine-shift,0.98,0.98,0.98,0.98,1,EUR,0.6,0.6073,19,19,建筑工程,Allgemeine Installationsarbeiten - Vol.5 Gebäudeleittechnik,,Installation
090498,verzinkt 16,Material,General,pcs,0.01,0.01,0.01,0.01,1,EUR,0.11,7.2126,19,19,建筑工程,Allgemeine Installationsarbeiten - Bd.4 Elektrogeräteinstallation,Art der Elektroinstallation,Installation
350301,Formteil ZR-RVS-2×1.5,Material,General,m,0.76,0.76,0.76,0.76,1,EUR,0.23,0.3,19,19,建筑工程,Allgemeine Installationsarbeiten - Vol.9 Brandschutz,"Installation (030904004, 030904005)",
110146,Gipskleber,Material,General,kg,0.22,0.22,0.22,0.22,1,EUR,0.1,0.4717,19,19,建筑工程,"Wand- und Säulenbekleidungen, Trennwände und Vorhangfassaden",Wandverkleidung,Wandoberflächen-Dekorplatte
090466,Edelstahlplatte 4mm,Material,Steel & Metal,pcs,0.85,0.85,0.85,0.85,1,EUR,4.4,5.1898,19,19,建筑工程,"Wand- und Säulenbekleidungen, Trennwände und Vorhangfassaden",Säulen- (Träger-) Oberflächenfliesenverkleidung,Steinsäulenoberfläche
110509,Acryl-Polyurethan-Metallfarbe (doppelt),Material,Steel & Metal,kg,10.45,10.45,10.45,10.45,1,EUR,4.62,0.4422,18,18,建筑工程,"Maler-, Beschichtungs- und Tapezierarbeiten",Holzoberflächenfarbe,Glaswandfarbe
110609,Acryl-Polyurethan-Farbe,Material,Paint & Coatings,kg,3.87,3.87,3.87,3.87,1,EUR,1.24,0.3199,18,18,建筑工程,"Maler-, Beschichtungs- und Tapezierarbeiten",Holzoberflächenfarbe,Glaswandfarbe
110613,Lack,Material,Paint & Coatings,kg,5.85,5.85,5.85,5.85,1,EUR,1.11,0.1892,18,18,建筑工程,"Maler-, Beschichtungs- und Tapezierarbeiten",Holzoberflächenfarbe,Glaswandfarbe
080761,Aluminiumlegierung-Oberflächenplatte mit Verriegelungstyp (Fugenbreite 200mm innen),Material,General,m,15.67,15.67,15.67,15.67,1,EUR,15.83,1.01,18,18,建筑工程,Dach- und Abdichtungsarbeiten,Bewegungsfuge,Bewegungsfuge an Wandoberfläche
110771,Acryl-Polyurethan-Lackverdünner,Material,Paint & Coatings,kg,1.74,1.74,1.74,1.74,1,EUR,0.04,0.0204,18,18,建筑工程,"Maler-, Beschichtungs- und Tapezierarbeiten",Holzoberflächenfarbe,Glaswandfarbe
800226,LKW-Kran 16t,Equipment,Cranes,machine-shift,154.25,154.25,154.25,154.25,1,EUR,73.15,0.4742,18,18,建筑工程,Beton- und Stahlbetonarbeiten,Bewehrungsarbeiten,Installation
050008,gehärtetes Glas (gebogen) 10mm,Material,Glass,m2,65.82,65.82,65.82,65.82,1,EUR,55.95,0.85,18,18,建筑工程,sonstige Dekorationsarbeiten,"Handlauf, Geländer, Geländerscheibe dekorativ",Rahmen
810006,1:3 Zementmörtel,Material,Concrete & Cement,m3,56.82,56.82,56.82,56.82,1,EUR,0.72,0.0127,18,18,建筑工程,"Wand- und Säulenbekleidungen, Trennwände und Vorhangfassaden",Säulen- (Träger-) Oberflächenverputz,vertikale Putz-Ausgleichsschicht
080760,Aluminiumlegierung-Oberflächenplatte mit Verriegelungstyp (Fugenbreite 100mm innen),Material,General,m,14.21,14.21,14.21,14.21,1,EUR,14.35,1.01,18,18,建筑工程,Dach- und Abdichtungsarbeiten,Bewegungsfuge,Bewegungsfuge an Wandoberfläche
130036,Polyplatte,Material,General,m3,123.29,123.29,123.29,123.29,1,EUR,6.21,0.0504,18,18,建筑工程,Beton- und Stahlbetonarbeiten,Bewehrungsarbeiten,Profil und andere Dachteile
800146,Elektroschleifer,Equipment,General,machine-shift,1.5,1.5,1.5,1.5,1,EUR,0.11,0.0742,18,18,建筑工程,Dach- und Abdichtungsarbeiten,"Wandflächenabdichtung, Feuchtigkeitsschutz",Wandoberflächenbeschichtung Abdichtung
100287,Aluminiumprofil Oberfläche,Material,General,m2,20.9,20.9,20.9,20.9,1,EUR,24.55,1.175,18,18,建筑工程,"Wand- und Säulenbekleidungen, Trennwände und Vorhangfassaden",Vorhangfassadenarbeiten,Glasfassade
390171,kein Betonschacht 400mm,Material,Concrete & Cement,m,6.27,6.27,6.27,6.27,1,EUR,3.89,0.6202,18,18,建筑工程,Vorleistungen und Baustelleneinrichtung,"Wasser, Wasseranlagen",Bohrung
040209,Stein,Material,General,kg,0.01,0.01,0.01,0.01,1,EUR,1.39,110.556,18,18,建筑工程,Vorleistungen und Baustelleneinrichtung,"Wasser, Wasseranlagen",Bohrung
080762,Schlossart Aluminiumlegierung Oberflächenplatte (Fugenbreite 200mm darüber hinaus),Material,General,m,17.55,17.55,17.55,17.55,1,EUR,17.73,1.01,18,18,建筑工程,Dach- und Abdichtungsarbeiten,Bewegungsfuge,Bewegungsfuge an Wandoberfläche
400055,Mauerwerksmörtel DM7.5-HR,Material,Concrete & Cement,m3,137.52,137.52,137.52,137.52,1,EUR,23.65,0.172,18,18,建筑工程,Mauerwerksarbeiten,,
080758,"Wand-, Boden- und Decken-Aluminiumlegierungsplatte (Fugenbreite 200mm innen)",Material,General,m,27.58,27.58,27.58,27.58,1,EUR,27.86,1.01,18,18,建筑工程,Dach- und Abdichtungsarbeiten,Bewegungsfuge,Bewegungsfuge an Wandoberfläche
080759,"Wand-, Boden-, Decken-Aluminiumlegierungsplatte (Fugenbreite 200mm darüber hinaus)",Material,General,m,30.3,30.3,30.3,30.3,1,EUR,30.6,1.01,18,18,建筑工程,Dach- und Abdichtungsarbeiten,Bewegungsfuge,Bewegungsfuge an Wandoberfläche
010389,Stahlblech 0.6mm,Material,Steel & Metal,m2,8.78,8.78,8.78,8.78,1,EUR,12.36,1.4078,18,18,建筑工程,Metallbauarbeiten,"Stahlplatten-Bodenplatte, Wandplatte",Profil und andere Dachteile
080757,"Wand-, Boden-, Decken-Aluminiumlegierungsplatte (Fugenbreite 100mm innen)",Material,General,m,25.49,25.49,25.49,25.49,1,EUR,25.75,1.01,18,18,建筑工程,Dach- und Abdichtungsarbeiten,Bewegungsfuge,Bewegungsfuge an Wandoberfläche
400007,C20 Fertigbeton,Material,Concrete & Cement,m3,78.36,78.36,78.36,78.36,1,EUR,50.99,0.6507,18,18,建筑工程,Beton- und Stahlbetonarbeiten,eingegossener Ortbetontragwerk,
080282,Vorhangfassade,Material,General,set,45.97,45.97,45.97,45.97,1,EUR,16.09,0.35,18,18,建筑工程,"Wand- und Säulenbekleidungen, Trennwände und Vorhangfassaden",Vorhangfassadenarbeiten,Glasfassade
090688,Dübelbolzen M8×80,Material,Fasteners,set,0.35,0.35,0.35,0.35,1,EUR,12.6,35.892,18,18,建筑工程,"Wand- und Säulenbekleidungen, Trennwände und Vorhangfassaden",Wandverkleidungsschicht,Steinplatten-Wandoberfläche
110095,Poly,Material,General,kg,1.36,1.36,1.36,1.36,1,EUR,1.43,1.0561,18,18,建筑工程,"Wand- und Säulenbekleidungen, Trennwände und Vorhangfassaden",Wandverkleidung,Wandoberflächen-Dekorplatte
010027,gewöhnliche Stahlplatte 1.6 1.9,Material,Steel & Metal,kg,1.13,1.13,1.13,1.13,1,EUR,0.58,0.5091,18,18,建筑工程,"Allgemeine Installationsarbeiten - Vol.10 Wasserversorgung, Entwässerung, Heizun",,
110139,Stromzusammensetzung,Material,General,kg,4.18,4.18,4.18,4.18,1,EUR,0.7,0.1667,18,18,建筑工程,Allgemeine Installationsarbeiten - Bd.4 Elektrogeräteinstallation,Höhe Installation,
850184,Mesh Mesh,Equipment,General,machine-shift,84.49,84.49,84.49,84.49,1,EUR,94.43,1.1176,18,18,建筑工程,Allgemeine Installationsarbeiten - Bd.11 Kommunikationsausrüstung und Leitungen,(Masche) Einzel (DTU NTU),
020201,Zement 42.5,Material,Concrete & Cement,kg,0.12,0.12,0.12,0.12,1,EUR,27.6,227.7453,18,18,建筑工程,Bodenbehandlung und Böschungsstützung,Baugrube,Sektion Stahlpfahl
040027,"Brechsand, Schotter",Material,Aggregates,m3,19.7,19.7,19.7,19.7,1,EUR,9.51,0.4824,17,17,建筑工程,Bodenbehandlung und Böschungsstützung,Schichtabdeckung,
850018,SD2460,Equipment,General,machine-shift,2.54,2.54,2.54,2.54,1,EUR,3.41,1.34,17,17,建筑工程,Allgemeine Installationsarbeiten - Bd.11 Kommunikationsausrüstung und Leitungen,GSM,
800157,Seilwinde (einfach) 1t innen,Equipment,Hoists,machine-shift,21.84,21.84,21.84,21.84,1,EUR,2.18,0.1,17,17,建筑工程,Allgemeine Installationsarbeiten - Bd.11 Kommunikationsausrüstung und Leitungen,,
090261,Rundnagel,Material,Fasteners,kg,1.46,1.46,1.46,1.46,1,EUR,0.1,0.0682,17,17,建筑工程,Allgemeine Installationsarbeiten - Bd.4 Elektrogeräteinstallation,Wand und Bürstenbeschichtung,
400008,C25 Fertigbeton,Material,Concrete & Cement,m3,81.49,81.49,81.49,81.49,1,EUR,75.78,0.9299,17,17,建筑工程,Pfahlgründungsarbeiten,Bohrpfahl,Profil und andere Dachteile
110218,Feuchtigkeitsbeständiger Grundanstrich,Material,Paint & Coatings,kg,3.76,3.76,3.76,3.76,1,EUR,0.84,0.2233,17,17,建筑工程,"Maler-, Beschichtungs- und Tapezierarbeiten",Anstrich auf verputzter Oberfläche,vollflächiger Spachtelauftrag
110334,Acryl-Höhenbeschichtung,Material,General,kg,3.76,3.76,3.76,3.76,1,EUR,2.69,0.7145,17,17,建筑工程,"Maler-, Beschichtungs- und Tapezierarbeiten",Spritz- und Bürstenbeschichtung,Wandoberflächenbeschichtungsschicht
460103,A3,Material,General,Einheit,13.58,13.58,13.58,13.58,1,EUR,4.11,0.3024,17,17,建筑工程,Allgemeine Installationsarbeiten - Vol.5 Gebäudeleittechnik,,Installation
110183,CY-401 Klebstoff,Material,General,kg,2.3,2.3,2.3,2.3,1,EUR,0.86,0.3749,17,17,建筑工程,Bodenbelagsarbeiten,Oberflächenabschlusslage,Holzbodenplatte
110213,Spachtelmasse,Material,General,kg,0.56,0.56,0.56,0.56,1,EUR,0.36,0.6455,17,17,建筑工程,"Maler-, Beschichtungs- und Tapezierarbeiten",Anstrich auf verputzter Oberfläche,Anstrich auf verputzter Oberfläche
110285,Alkydlack,Material,Paint & Coatings,kg,3.57,3.57,3.57,3.57,1,EUR,0.52,0.1454,17,17,建筑工程,"Maler-, Beschichtungs- und Tapezierarbeiten",rechteckiges Bürsten,
030109,Holzleiste 30×25,Material,Wood & Timber,m,0.94,0.94,0.94,0.94,1,EUR,1.56,1.6612,17,17,建筑工程,Dach- und Abdichtungsarbeiten,,
030110,Holz-Wasserleiste 30×20,Material,Wood & Timber,m,0.84,0.84,0.84,0.84,1,EUR,1.37,1.6375,17,17,建筑工程,Dach- und Abdichtungsarbeiten,,
091060,verzinktes quadratisches Stahlrohrband 25×25×1.5,Material,Steel & Metal,m,1.88,1.88,1.88,1.88,1,EUR,4.0,2.125,17,17,建筑工程,Dach- und Abdichtungsarbeiten,,
091061,verzinktes quadratisches Stahlrohr Wasserleiste 25×25×1.5,Material,Steel & Metal,m,1.88,1.88,1.88,1.88,1,EUR,2.4,1.2782,17,17,建筑工程,Dach- und Abdichtungsarbeiten,,
010015,Rundstab 10 überstehend,Material,General,kg,0.78,0.78,0.78,0.78,1,EUR,1.22,1.5747,17,17,建筑工程,sonstige Dekorationsarbeiten,"Handlauf, Geländer, Geländerscheibe dekorativ","Metallhandlauf, Geländer, Geländerscheibe"
010060,verzinktes Stahlrohr 80,Material,Steel & Metal,m,8.73,8.73,8.73,8.73,1,EUR,17.06,1.9535,17,17,建筑工程,Allgemeine Installationsarbeiten - Bd.4 Elektrogeräteinstallation,Wand und Bürstenbeschichtung,Elektroinstallation Fertigung
090341,Edelstahlplatte 1.2mm,Material,Steel & Metal,m2,66.87,66.87,66.87,66.87,1,EUR,129.15,1.9315,17,17,建筑工程,"Wand- und Säulenbekleidungen, Trennwände und Vorhangfassaden",Säulen- (Träger-) Verkleidung,Säulen- (Träger-) Oberflächendekoration
010061,verzinktes Stahlrohr 100,Material,Steel & Metal,m,11.43,11.43,11.43,11.43,1,EUR,11.28,0.9868,17,17,建筑工程,Allgemeine Installationsarbeiten - Bd.4 Elektrogeräteinstallation,Wand und Bürstenbeschichtung,Elektroinstallation Fertigung
810115,C25 Beton,Material,Concrete & Cement,m3,64.58,64.58,64.58,64.58,1,EUR,2.24,0.0346,16,16,建筑工程,Dach- und Abdichtungsarbeiten,Dachabdichtung und Zubehör,Profil und andere Dachteile
800051,Schneider 500,Equipment,General,machine-shift,2.08,2.08,2.08,2.08,1,EUR,0.17,0.0808,16,16,建筑工程,Metallbauarbeiten,"Stahlplatten-Bodenplatte, Wandplatte",Plattendach
090585,18 verzinktes Stahlgitter,Material,Steel & Metal,m2,1.62,1.62,1.62,1.62,1,EUR,1.68,1.04,16,16,建筑工程,Metallbauarbeiten,Metall,allgemeiner Putz an Träger- und Stützflächen
110453,Polyurethan-Feuchtigkeitsschutzgrundierung,Material,Paint & Coatings,kg,6.27,6.27,6.27,6.27,1,EUR,0.72,0.1153,16,16,建筑工程,Wärmedämm- und Korrosionsschutzarbeiten,,Decke
800103,LKW-Kran 20t,Equipment,Cranes,machine-shift,207.31,207.31,207.31,207.31,1,EUR,0.17,0.0008,16,16,建筑工程,Vorleistungen und Baustelleneinrichtung,Ortbeton-Schalung und Konsolen,Wand
800113,8t,Equipment,General,machine-shift,48.6,48.6,48.6,48.6,1,EUR,0.11,0.0023,16,16,建筑工程,Vorleistungen und Baustelleneinrichtung,Ortbeton-Schalung und Konsolen,Wand
010066,Schweißstahlrohr 20,Material,Steel & Metal,m,1.39,1.39,1.39,1.39,1,EUR,2.9,2.0888,16,16,建筑工程,Pfahlgründungsarbeiten,Bohrpfahl,Schweißen von Stahlrohren
080179,elektrische Aluminium-Dekorplatte,Material,General,m2,19.85,19.85,19.85,19.85,1,EUR,21.74,1.095,16,16,建筑工程,"Wand- und Säulenbekleidungen, Trennwände und Vorhangfassaden",Wandverkleidung,Wandoberflächen-Dekorplatte
800128,Sandstrahlen 3m3/min 5.5kW,Equipment,General,machine-shift,2.74,2.74,2.74,2.74,1,EUR,0.23,0.0858,16,16,建筑工程,Metallbauarbeiten,Metallverbindung tragend vor Ort und sonstige Positionen,Steinspritzverfahren
060004,Keramikmosaik (Mosaik),Material,General,m2,5.02,5.02,5.02,5.02,1,EUR,5.38,1.0723,16,16,建筑工程,Bodenbelagsarbeiten,Bodenfliesenverlegung,Blockverkleidung Säulenoberfläche
060044,Verkleidungsfliese 0.015m2 innen,Material,General,m2,6.27,6.27,6.27,6.27,1,EUR,6.17,0.9846,16,16,建筑工程,Bodenbelagsarbeiten,Dekorativ,Blockverkleidete Wandoberfläche
010174,Edelstahl,Material,Steel & Metal,m,14.75,14.75,14.75,14.75,1,EUR,7.96,0.5393,16,16,建筑工程,Bodenbelagsarbeiten,Treppenhaus-Finishschicht,Glaswand
030063,Holzplatte,Material,Wood & Timber,m2,5.85,5.85,5.85,5.85,1,EUR,37.71,6.4449,16,16,建筑工程,Tür- und Fensterarbeiten,Tür- und Fensterrahmen,Wand
800249,Bieger 40,Equipment,General,machine-shift,2.09,2.09,2.09,2.09,1,EUR,0.43,0.2065,16,16,建筑工程,Beton- und Stahlbetonarbeiten,Bewehrungsarbeiten,
400006,C15 Fertigbeton,Material,Concrete & Cement,m3,75.23,75.23,75.23,75.23,1,EUR,7.73,0.1028,16,16,建筑工程,Beton- und Stahlbetonarbeiten,Ortbeton Sauberkeitsschicht,Fundamentabdeckungsschicht
010133,galvanisiert,Material,General,m2,9.45,9.45,9.45,9.45,1,EUR,5.95,0.6297,16,16,建筑工程,Dach- und Abdichtungsarbeiten,Dachabdichtung und Zubehör,Dachwasser
010055,verzinktes Stahlrohr 25,Material,Steel & Metal,m,2.65,2.65,2.65,2.65,1,EUR,2.48,0.9331,16,16,建筑工程,Allgemeine Installationsarbeiten - Bd.4 Elektrogeräteinstallation,Wand und Bürstenbeschichtung,verzinktes Stahlrohr
050003,gehärtetes Glas 12mm,Material,Glass,m2,43.88,43.88,43.88,43.88,1,EUR,35.32,0.805,16,16,建筑工程,sonstige Dekorationsarbeiten,"Handlauf, Geländer, Geländerscheibe dekorativ","Metallhandlauf, Geländer, Geländerscheibe"
050045,Klebe-Glas,Material,Glass,m2,29.25,29.25,29.25,29.25,1,EUR,23.55,0.805,16,16,建筑工程,sonstige Dekorationsarbeiten,"Handlauf, Geländer, Geländerscheibe dekorativ","Metallhandlauf, Geländer, Geländerscheibe"
050046,Klebeglas (gebogen),Material,Glass,m2,45.97,45.97,45.97,45.97,1,EUR,37.01,0.805,16,16,建筑工程,sonstige Dekorationsarbeiten,"Handlauf, Geländer, Geländerscheibe dekorativ","Metallhandlauf, Geländer, Geländerscheibe"
100029,Steinbitumen,Material,Waterproofing,kg,0.92,0.92,0.92,0.92,1,EUR,5.6,6.0898,16,16,建筑工程,Dach- und Abdichtungsarbeiten,Dachabdichtung und Zubehör,Dach (Balkon) () Wasser
110458,Fluorkohlenstoff-Metalldachlack (doppelt),Material,Steel & Metal,kg,20.06,20.06,20.06,20.06,1,EUR,8.92,0.4446,15,15,建筑工程,"Maler-, Beschichtungs- und Tapezierarbeiten",Holzoberflächenfarbe,Glaswandfarbe
800036,500A,Equipment,General,machine-shift,8.25,8.25,8.25,8.25,1,EUR,12.46,1.509,15,15,建筑工程,Dach- und Abdichtungsarbeiten,Dachabdichtung und Zubehör,Dachabdichtung mit Dachbahn
110610,Fluorcarbonfarbe,Material,Paint & Coatings,kg,3.45,3.45,3.45,3.45,1,EUR,1.13,0.3278,15,15,建筑工程,"Maler-, Beschichtungs- und Tapezierarbeiten",Holzoberflächenfarbe,Glaswandfarbe
060002,Bodenfliese 0.16m2 innen,Material,General,m2,11.41,11.41,11.41,11.41,1,EUR,14.42,1.264,15,15,建筑工程,Bodenbelagsarbeiten,Bodenfliesenverlegung,
110017,Fertigfarbe,Material,Paint & Coatings,kg,3.64,3.64,3.64,3.64,1,EUR,0.09,0.024,15,15,建筑工程,"Maler-, Beschichtungs- und Tapezierarbeiten",Holzoberflächenfarbe,Holzgrundanstrich
100398,Fluorkohlenstoff-Metalllackverdünner,Material,Steel & Metal,kg,4.76,4.76,4.76,4.76,1,EUR,0.24,0.0498,15,15,建筑工程,"Maler-, Beschichtungs- und Tapezierarbeiten",Holzoberflächenfarbe,Glaswandfarbe
100397,Fluorkohlenstoff-Lackverdünner,Material,Paint & Coatings,kg,3.87,3.87,3.87,3.87,1,EUR,0.11,0.0273,15,15,建筑工程,"Maler-, Beschichtungs- und Tapezierarbeiten",Holzoberflächenfarbe,Glaswandfarbe
030010,Betonplatte,Material,General,m2,3.62,3.62,3.62,3.62,1,EUR,3.96,1.0958,15,15,建筑工程,"Wand- und Säulenbekleidungen, Trennwände und Vorhangfassaden",Wandverkleidung,Wandoberflächen-Dekorplatte
080184,Gipskartonplatte mit Papiervlies 12mm,Material,Wood & Timber,m2,2.63,2.63,2.63,2.63,1,EUR,2.46,0.9333,15,15,建筑工程,"Wand- und Säulenbekleidungen, Trennwände und Vorhangfassaden",Wandverkleidung,Wandoberflächen-Dekorplatte
800642,Turmdrehkran 250T M,Equipment,Cranes,machine-shift,234.22,234.22,234.22,234.22,1,EUR,2.61,0.0111,15,15,建筑工程,Vorleistungen und Baustelleneinrichtung,Vertikaler Transport,Vertikaler Transport
800578,Elektroinstallationen,Equipment,General,machine-shift,57.9,57.9,57.9,57.9,1,EUR,115.8,2.0,15,15,建筑工程,Allgemeine Installationsarbeiten - Bd.11 Kommunikationsausrüstung und Leitungen,keine Elektrizität,
800123,Druckluftkompressor Verbund,Equipment,Compressors,machine-shift,40.89,40.89,40.89,40.89,1,EUR,28.07,0.6863,15,15,建筑工程,Holzbauarbeiten,Holztragwerk,Korrosionsschutzbeschichtung
800641,Turmdrehkran 150T M,Equipment,Cranes,machine-shift,164.08,164.08,164.08,164.08,1,EUR,2.92,0.0178,15,15,建筑工程,Vorleistungen und Baustelleneinrichtung,Vertikaler Transport,Vertikaler Transport
090111,mit Bolzen 20×(85 100),Material,Fasteners,set,0.53,0.53,0.53,0.53,1,EUR,87.34,163.92,15,15,建筑工程,"Allgemeine Installationsarbeiten - Vol.10 Wasserversorgung, Entwässerung, Heizun",Fertigungseinbau,Abdichtungsfertigung
110216,ölfarbener Klarlack,Material,Paint & Coatings,kg,1.46,1.46,1.46,1.46,1,EUR,0.61,0.417,15,15,建筑工程,"Maler-, Beschichtungs- und Tapezierarbeiten",Spritz- und Bürstenbeschichtung,Wandoberflächenbeschichtungsschicht
310048,selbstklebender Klebstoff mit,Material,General,Einheit,0.75,0.75,0.75,0.75,1,EUR,0.1,0.1373,15,15,建筑工程,Allgemeine Installationsarbeiten - Bd.4 Elektrogeräteinstallation,Strominstallation,Elektroeinbettung
080734,Dekorative Aluminiumplatte,Material,General,m2,87.76,87.76,87.76,87.76,1,EUR,92.15,1.05,15,15,建筑工程,"Wand- und Säulenbekleidungen, Trennwände und Vorhangfassaden",Wandverkleidung,Wandoberflächen-Dekorplatte
810017,1: 1: 6 Verbundmörtel,Material,Concrete & Cement,m3,46.35,46.35,46.35,46.35,1,EUR,0.15,0.0033,15,15,建筑工程,"Wand- und Säulenbekleidungen, Trennwände und Vorhangfassaden",Säulen- (Träger-) Oberflächenverputz,allgemeiner Putz an Träger- und Stützflächen
090430,Edelstahl,Material,Steel & Metal,m,4.22,4.22,4.22,4.22,1,EUR,6.5,1.5396,15,15,建筑工程,Tür- und Fensterarbeiten,Säulen- (Träger-) Verkleidung,Säulen- (Träger-) Oberflächendekoration
090340,Spiegelglanz-Edelstahlplatte 0.8mm,Material,Steel & Metal,m2,58.51,58.51,58.51,58.51,1,EUR,79.64,1.3611,15,15,建筑工程,Tür- und Fensterarbeiten,Wandverkleidung,Wandoberflächen-Dekorplatte
010054,verzinktes Stahlrohr 20,Material,Steel & Metal,m,1.84,1.84,1.84,1.84,1,EUR,1.55,0.841,15,15,建筑工程,Allgemeine Installationsarbeiten - Bd.4 Elektrogeräteinstallation,,verzinktes Stahlrohr
150035,Streifen,Material,General,m,0.39,0.39,0.39,0.39,1,EUR,0.92,2.3803,15,15,建筑工程,Dach- und Abdichtungsarbeiten,Dachabdichtung und Zubehör,Profil und andere Dachteile
800651,elektrischer Strom gewöhnlich doppelt (100 innerhalb),Equipment,General,machine-shift,59.01,59.01,59.01,59.01,1,EUR,0.69,0.0116,15,15,建筑工程,Vorleistungen und Baustelleneinrichtung,Vertikaler Transport,Vertikaler Transport
110344,Polyurethan-Decklack,Material,General,kg,7.31,7.31,7.31,7.31,1,EUR,1.63,0.2228,14,14,建筑工程,"Maler-, Beschichtungs- und Tapezierarbeiten",Metalloberflächenanstrich,Metalltür- und Fensteranstrich
850089,Elektrizität JBC,Equipment,General,machine-shift,7.56,7.56,7.56,7.56,1,EUR,34.56,4.5693,14,14,建筑工程,Allgemeine Installationsarbeiten - Bd.4 Elektrogeräteinstallation,Höhenstrom,Strom
110065,Grundierung,Material,Paint & Coatings,kg,6.62,6.62,6.62,6.62,1,EUR,2.24,0.3379,14,14,建筑工程,"Allgemeine Montagearbeiten - Bd.12 Malerarbeiten, Korrosionsschutz, Wärmedämmung",rechteckiges Bürsten,Wasserspiegel
110775,Haftgrund,Material,Paint & Coatings,kg,7.15,7.15,7.15,7.15,1,EUR,1.88,0.2625,14,14,建筑工程,"Maler-, Beschichtungs- und Tapezierarbeiten",Metalloberflächenanstrich,Metalltür- und Fensteranstrich
170653,Wasser 1.5,Material,Water,m,1.25,1.25,1.25,1.25,1,EUR,1.13,0.9019,14,14,建筑工程,Vorleistungen und Baustelleneinrichtung,"Wasser, Wasseranlagen",Bohrung
380095,Stahlrohrgrube 370mm5mm Wandstärke,Material,Steel & Metal,m,66.87,66.87,66.87,66.87,1,EUR,0.53,0.008,14,14,建筑工程,Vorleistungen und Baustelleneinrichtung,"Wasser, Wasseranlagen",Bohrung
810141,Poly-Klebstoff,Material,General,m3,6444.35,6444.35,6444.35,6444.35,1,EUR,24.21,0.0038,14,14,建筑工程,Wärmedämm- und Korrosionsschutzarbeiten,Korrosionsschutzbeschichtungsschicht,korrosionsbeständige Klebeschicht
810100,Doppel-A-Typ Polykleber,Material,General,m3,6382.04,6382.04,6382.04,6382.04,1,EUR,23.98,0.0038,14,14,建筑工程,Wärmedämm- und Korrosionsschutzarbeiten,Korrosionsschutzbeschichtungsschicht,korrosionsbeständige Klebeschicht
110595,"Dicke Typ, Glasbeschichtung Lackverdünner",Material,Paint & Coatings,kg,5.22,5.22,5.22,5.22,1,EUR,0.08,0.0144,14,14,建筑工程,"Maler-, Beschichtungs- und Tapezierarbeiten",Metalloberflächenanstrich,Metalltür- und Fensteranstrich
110597,Typ Verdünner für Beschichtungslack,Material,Paint & Coatings,kg,5.43,5.43,5.43,5.43,1,EUR,0.06,0.0116,14,14,建筑工程,"Maler-, Beschichtungs- und Tapezierarbeiten",Metalloberflächenanstrich,Metalltür- und Fensteranstrich
110259,Beschichtung Beschichtung,Material,General,kg,2.09,2.09,2.09,2.09,1,EUR,0.23,0.1091,14,14,建筑工程,"Maler-, Beschichtungs- und Tapezierarbeiten",Spritz- und Bürstenbeschichtung,Wandoberflächenbeschichtungsschicht
040058,gewöhnlicher Stein,Material,General,kg,0.01,0.01,0.01,0.01,1,EUR,0.11,8.3764,14,14,建筑工程,"Wand- und Säulenbekleidungen, Trennwände und Vorhangfassaden",Putzarbeiten,Dekorativer Wandputz
110594,"Dicke Typ, Glasbeschichtungslack",Material,Paint & Coatings,kg,5.85,5.85,5.85,5.85,1,EUR,1.41,0.2413,14,14,建筑工程,"Maler-, Beschichtungs- und Tapezierarbeiten",Metalloberflächenanstrich,Metalltür- und Fensteranstrich
110596,Beschichtungsfarbe,Material,Paint & Coatings,kg,5.64,5.64,5.64,5.64,1,EUR,0.8,0.1414,14,14,建筑工程,"Maler-, Beschichtungs- und Tapezierarbeiten",Metalloberflächenanstrich,Metalltür- und Fensteranstrich
110598,Klebstoffbeschichtung Farbe,Material,Paint & Coatings,kg,3.76,3.76,3.76,3.76,1,EUR,0.84,0.2242,14,14,建筑工程,"Maler-, Beschichtungs- und Tapezierarbeiten",Metalloberflächenanstrich,Metalltür- und Fensteranstrich
110502,Klebstoff-Decklack,Material,General,kg,6.85,6.85,6.85,6.85,1,EUR,2.22,0.3245,14,14,建筑工程,"Maler-, Beschichtungs- und Tapezierarbeiten",Metalloberflächenanstrich,Metalltür- und Fensteranstrich
110470,Acryl-Wandfarbe (einlagig) Grundierung,Material,Paint & Coatings,kg,6.69,6.69,6.69,6.69,1,EUR,0.89,0.133,14,14,建筑工程,"Maler-, Beschichtungs- und Tapezierarbeiten",Holzoberflächenfarbe,Glaswandfarbe
110469,Acryl-Wandfarbe Typ (einzeln),Material,Paint & Coatings,kg,6.69,6.69,6.69,6.69,1,EUR,1.9,0.2841,14,14,建筑工程,"Maler-, Beschichtungs- und Tapezierarbeiten",Holzoberflächenfarbe,Glaswandfarbe
080190,Elektrizität Aluminium 25.4×2,Material,General,m,0.62,0.62,0.62,0.62,1,EUR,1.29,2.0582,14,14,建筑工程,"Wand- und Säulenbekleidungen, Trennwände und Vorhangfassaden",Wandverkleidung,Wandoberflächen-Dekorplatte
130038,Steinwollplatte,Material,Aggregates,m3,135.82,135.82,135.82,135.82,1,EUR,6.66,0.049,14,14,建筑工程,Wärmedämm- und Korrosionsschutzarbeiten,Deckenarbeiten,Decke
090347,Edelstahl-Handlauf 75,Material,Steel & Metal,m,31.24,31.24,31.24,31.24,1,EUR,35.3,1.13,14,14,建筑工程,sonstige Dekorationsarbeiten,"Handlauf, Geländer, Geländerscheibe dekorativ","Metallhandlauf, Geländer, Geländerscheibe"
091477,Bolzen T18,Material,Fasteners,m,4.18,4.18,4.18,4.18,1,EUR,0.09,0.022,14,14,建筑工程,Vorleistungen und Baustelleneinrichtung,Ortbeton-Schalung und Konsolen,Spalte
800609,Poly-Spritzmaschine,Equipment,General,machine-shift,8.36,8.36,8.36,8.36,1,EUR,0.01,0.0007,14,14,建筑工程,Dach- und Abdichtungsarbeiten,Dachabdichtung und Zubehör,Dachbeschichtung Abdichtung
090068,verzinkte Mutter 12,Material,Fasteners,pcs,0.07,0.07,0.07,0.07,1,EUR,0.03,0.4065,14,14,建筑工程,Allgemeine Installationsarbeiten - Vol.7 Lüftung und Klimatisierung,,"Rechteckige Stahlplattenmontage (1.2mm innen, )"
060028,Marmorstein,Material,General,m2,1.88,1.88,1.88,1.88,1,EUR,1.98,1.0521,14,14,建筑工程,Bodenbelagsarbeiten,Bodenfliesenverlegung,Zerkleinerte Steinwandoberfläche (011204002)
110471,Polyurethan-Wandfarbe (doppelt),Material,Paint & Coatings,kg,7.52,7.52,7.52,7.52,1,EUR,2.23,0.2969,14,14,建筑工程,"Maler-, Beschichtungs- und Tapezierarbeiten",Holzoberflächenfarbe,Glaswandfarbe
010576,Stahlstütze Abschnitt (zusätzlich),Material,Steel & Metal,kg,1.57,1.57,1.57,1.57,1,EUR,0.34,0.2193,14,14,建筑工程,Vorleistungen und Baustelleneinrichtung,Ortbeton-Schalung und Konsolen,Spalte
090370,Handlauf 75,Material,General,m,55.23,55.23,55.23,55.23,1,EUR,62.41,1.13,14,14,建筑工程,sonstige Dekorationsarbeiten,"Handlauf, Geländer, Geländerscheibe dekorativ","Metallhandlauf, Geländer, Geländerscheibe"
010070,geschweißtes Stahlrohr 50,Material,Steel & Metal,m,3.99,3.99,3.99,3.99,1,EUR,3.66,0.9176,14,14,建筑工程,Dach- und Abdichtungsarbeiten,Dachabdichtung und Zubehör,Dach ()
100097,Poly,Material,General,m2,0.43,0.43,0.43,0.43,1,EUR,0.6,1.3938,14,14,建筑工程,Dach- und Abdichtungsarbeiten,Dachabdichtung und Zubehör,Dachbeschichtung Abdichtung
100262,Polyurethan-Wasserdichtbeschichtung,Material,Waterproofing,kg,13.58,13.58,13.58,13.58,1,EUR,20.42,1.5036,14,14,建筑工程,Dach- und Abdichtungsarbeiten,Dachabdichtung und Zubehör,Dachbeschichtung Abdichtung
110472,Polyurethan-Wandfarbe (doppelt) Grundierung,Material,Paint & Coatings,kg,6.96,6.96,6.96,6.96,1,EUR,0.93,0.1335,14,14,建筑工程,"Maler-, Beschichtungs- und Tapezierarbeiten",Holzoberflächenfarbe,Glaswandfarbe
110261,Beschichtung Oberflächenbeschichtung,Material,General,kg,3.76,3.76,3.76,3.76,1,EUR,1.36,0.3623,14,14,建筑工程,"Maler-, Beschichtungs- und Tapezierarbeiten",Spritz- und Bürstenbeschichtung,Wandoberflächenbeschichtungsschicht
110260,Beschichtung Beschichtung,Material,General,kg,2.93,2.93,2.93,2.93,1,EUR,0.64,0.2183,14,14,建筑工程,"Maler-, Beschichtungs- und Tapezierarbeiten",Spritz- und Bürstenbeschichtung,Wandoberflächenbeschichtungsschicht
400032,Putzmörtel DP-LR,Material,Concrete & Cement,m3,99.47,99.47,99.47,99.47,1,EUR,0.31,0.0031,14,14,建筑工程,"Wand- und Säulenbekleidungen, Trennwände und Vorhangfassaden",Säulen- (Träger-) Oberflächenverputz,Wandoberflächenverfugung
800208,18m3/min,Equipment,General,machine-shift,4.07,4.07,4.07,4.07,1,EUR,0.33,0.0801,14,14,建筑工程,"Allgemeine Montagearbeiten - Bd.12 Malerarbeiten, Korrosionsschutz, Wärmedämmung",Sprühverfahren,Steinspritzverfahren
091169,verzinkter Stahldraht 8,Material,Steel & Metal,kg,1.4,1.4,1.4,1.4,1,EUR,2.81,2.0076,13,13,建筑工程,Allgemeine Installationsarbeiten - Bd.11 Kommunikationsausrüstung und Leitungen,Pfahl,Wasserpfahl
090920,Betonnagel,Material,Concrete & Cement,pcs,1.09,1.09,1.09,1.09,1,EUR,4.93,4.54,13,13,建筑工程,Dach- und Abdichtungsarbeiten,,
110770,gewöhnlicher Acrylfarbenverdünner,Material,Paint & Coatings,kg,1.63,1.63,1.63,1.63,1,EUR,0.03,0.021,13,13,建筑工程,"Maler-, Beschichtungs- und Tapezierarbeiten",Holzoberflächenfarbe,Glaswandfarbe
110466,gewöhnliche Acryl-Metallfarbe (einlagig),Material,Steel & Metal,kg,7.4,7.4,7.4,7.4,1,EUR,2.74,0.3706,13,13,建筑工程,"Maler-, Beschichtungs- und Tapezierarbeiten",Holzoberflächenfarbe,Glaswandfarbe
110608,gewöhnliche Acrylfarbe,Material,Paint & Coatings,kg,3.03,3.03,3.03,3.03,1,EUR,1.03,0.3413,13,13,建筑工程,"Maler-, Beschichtungs- und Tapezierarbeiten",Holzoberflächenfarbe,Glaswandfarbe
110474,Fluorkohlenstofffarbe (doppelt) Grundierung,Material,Paint & Coatings,kg,6.9,6.9,6.9,6.9,1,EUR,0.93,0.135,13,13,建筑工程,"Maler-, Beschichtungs- und Tapezierarbeiten",Holzoberflächenfarbe,Glaswandfarbe
110473,Fluorcarbonlack (doppelt),Material,Paint & Coatings,kg,6.27,6.27,6.27,6.27,1,EUR,1.26,0.2007,13,13,建筑工程,"Maler-, Beschichtungs- und Tapezierarbeiten",Holzoberflächenfarbe,Glaswandfarbe
110229,Klebstoff,Material,General,kg,3.13,3.13,3.13,3.13,1,EUR,0.2,0.0646,13,13,建筑工程,"Maler-, Beschichtungs- und Tapezierarbeiten",,
110480,kein Grundierungslösemittel,Equipment,General,kg,3.74,3.74,3.74,3.74,1,EUR,0.4,0.1078,13,13,建筑工程,"Maler-, Beschichtungs- und Tapezierarbeiten",Metalloberflächenanstrich,Metalltür- und Fensteranstrich
110492,kein Primer,Equipment,General,kg,6.33,6.33,6.33,6.33,1,EUR,1.42,0.2242,13,13,建筑工程,"Maler-, Beschichtungs- und Tapezierarbeiten",Metalloberflächenanstrich,Metalltür- und Fensteranstrich
090467,Edelstahlplatte 3mm,Material,Steel & Metal,pcs,1.59,1.59,1.59,1.59,1,EUR,13.29,8.3485,13,13,建筑工程,"Wand- und Säulenbekleidungen, Trennwände und Vorhangfassaden",Wandverkleidung,Wandoberflächen-Dekorplatte
110320,Kohle,Material,General,kg,0.21,0.21,0.21,0.21,1,EUR,0.07,0.3308,13,13,建筑工程,Wärmedämm- und Korrosionsschutzarbeiten,Korrosionsschutz,Trennschicht
010065,geschweißtes Stahlrohr 15,Material,Steel & Metal,m,1.07,1.07,1.07,1.07,1,EUR,1.01,0.9492,13,13,建筑工程,Allgemeine Installationsarbeiten - Bd.4 Elektrogeräteinstallation,Schweißen von Stahlrohren,Schweißen von Stahlrohren
110592,Verdünner für Dichtungsfarbe,Material,Paint & Coatings,kg,2.72,2.72,2.72,2.72,1,EUR,0.14,0.0509,13,13,建筑工程,"Maler-, Beschichtungs- und Tapezierarbeiten",Metalloberflächenanstrich,Metalltür- und Fensteranstrich
800347,Raupenkran 40t,Equipment,Cranes,machine-shift,229.54,229.54,229.54,229.54,1,EUR,8.56,0.0373,13,13,建筑工程,Vorleistungen und Baustelleneinrichtung,Vertikaler Transport,Vertikaler Transport
800117,Froschstampfer,Equipment,General,machine-shift,2.07,2.07,2.07,2.07,1,EUR,0.04,0.0213,13,13,建筑工程,Erdarbeiten und Felsarbeiten,Auffüllung,Fundamentverfüllung
080025,U-förmige Leichtstahlkonstruktion CB50-2,Material,Steel & Metal,pcs,0.13,0.13,0.13,0.13,1,EUR,0.45,3.3907,13,13,建筑工程,Deckenarbeiten,Decke abgehängte Decke,Deckenprofil
100090,Glas,Material,Glass,m2,0.59,0.59,0.59,0.59,1,EUR,1.1,1.8775,13,13,建筑工程,Dach- und Abdichtungsarbeiten,"Wandflächenabdichtung, Feuchtigkeitsschutz",Wandoberflächenbeschichtung Abdichtung
120061,Kunststoffplatte,Material,General,kg,2.93,2.93,2.93,2.93,1,EUR,6.46,2.2088,13,13,建筑工程,"Wand- und Säulenbekleidungen, Trennwände und Vorhangfassaden",Säulen- (Träger-) Verkleidung,Säulen- (Träger-) Oberflächendekoration
090447,verzinkter Eisendraht 18 22,Material,Steel & Metal,kg,1.15,1.15,1.15,1.15,1,EUR,4.68,4.0764,13,13,建筑工程,Beton- und Stahlbetonarbeiten,Bewehrungsarbeiten,Wandoberflächen-Dekorplatte
010075,Schweißstahlrohr 150,Material,Steel & Metal,m,15.13,15.13,15.13,15.13,1,EUR,10.3,0.6808,13,13,建筑工程,Bodenbehandlung und Böschungsstützung,Baugrube,Sektion Stahlpfahl
090034,8,Material,General,pcs,0.0,0.0,0.0,0.0,1,EUR,0.04,9.792,13,13,建筑工程,Allgemeine Installationsarbeiten - Vol.6 Automatisierungssteuerungsinstrumentier,und mit,
090036,12,Material,General,pcs,0.01,0.01,0.01,0.01,1,EUR,0.13,20.9829,13,13,建筑工程,Allgemeine Installationsarbeiten - Vol.6 Automatisierungssteuerungsinstrumentier,,
070001,Holzleisten,Material,Wood & Timber,m,0.27,0.27,0.27,0.27,1,EUR,0.05,0.1784,13,13,建筑工程,Bodenbelagsarbeiten,Oberflächenabschlusslage,Holzbodenplatte
800204,Kran 3t,Equipment,Cranes,machine-shift,49.27,49.27,49.27,49.27,1,EUR,65.17,1.3227,13,13,建筑工程,Allgemeine Installationsarbeiten - Vol.5 Gebäudeleittechnik,Installation,
850119,IGS Stromhöhe CTS-8,Equipment,General,machine-shift,1.55,1.55,1.55,1.55,1,EUR,1.43,0.9273,13,13,建筑工程,Allgemeine Installationsarbeiten - Bd.4 Elektrogeräteinstallation,Strom,"10kV, einpolig"
010053,verzinktes Stahlrohr 15,Material,Steel & Metal,m,1.42,1.42,1.42,1.42,1,EUR,1.67,1.1765,13,13,建筑工程,Allgemeine Installationsarbeiten - Bd.4 Elektrogeräteinstallation,,verzinktes Stahlrohr
110768,Versiegelungsgrundierung,Material,Paint & Coatings,kg,1.81,1.81,1.81,1.81,1,EUR,0.26,0.1415,12,12,建筑工程,"Maler-, Beschichtungs- und Tapezierarbeiten",Holzoberflächenfarbe,Glaswandfarbe
091445,Scharniere,Material,General,pair,1.46,1.46,1.46,1.46,1,EUR,5.15,3.5237,12,12,建筑工程,sonstige Dekorationsarbeiten,,
010140,verzinkte Rundstange 10 innen,Material,General,kg,1.26,1.26,1.26,1.26,1,EUR,1.01,0.8026,12,12,建筑工程,Allgemeine Installationsarbeiten - Bd.4 Elektrogeräteinstallation,Installation,Fundamentplatte Fertigung Installation
091468,verzinkter Spreizdübel 6,Material,Fasteners,set,0.25,0.25,0.25,0.25,1,EUR,1.02,4.08,12,12,建筑工程,Allgemeine Installationsarbeiten - Bd.4 Elektrogeräteinstallation,Installation,
060079,Sondergeformte Fertigsteinplatte 20mm Stärke,Material,General,m2,73.14,73.14,73.14,73.14,1,EUR,74.96,1.025,12,12,建筑工程,"Wand- und Säulenbekleidungen, Trennwände und Vorhangfassaden",Säulen- (Träger-) Oberflächenfliesenverkleidung,Steinsäulenoberfläche
060045,Verblendfliese 0.015m2 überstehend,Material,General,m2,7.31,7.31,7.31,7.31,1,EUR,6.93,0.9475,12,12,建筑工程,"Wand- und Säulenbekleidungen, Trennwände und Vorhangfassaden",Wandverkleidungsschicht,Blockverkleidete Wandoberfläche
110605,wasserbasierter Alkyd-Decklack,Material,Water,kg,5.85,5.85,5.85,5.85,1,EUR,0.75,0.1278,12,12,建筑工程,"Maler-, Beschichtungs- und Tapezierarbeiten",Holzoberflächenfarbe,"Holzplatte, Faserplatte, Sperrholz Deckenanstrich"
060093,fertige Natursteinplatte 5mm,Material,General,m2,75.23,75.23,75.23,75.23,1,EUR,75.48,1.0033,12,12,建筑工程,Tür- und Fensterarbeiten,Tür- und Fensterrahmen,
120026,mit 20×40,Material,General,Einheit,1.12,1.12,1.12,1.12,1,EUR,0.32,0.2817,12,12,建筑工程,Allgemeine Installationsarbeiten - Bd.4 Elektrogeräteinstallation,"Stromversorgung, Installation",
830078,"geformte Stahlverschalung (und Typ, Höhe, Bolzen)",Material,Steel & Metal,m2-day,0.31,0.31,0.31,0.31,1,EUR,1.77,5.6517,12,12,建筑工程,Vorleistungen und Baustelleneinrichtung,Ortbeton-Schalung und Konsolen,Wand
080736,Dekorative Platte aus Edelstahl,Material,Steel & Metal,m2,33.43,33.43,33.43,33.43,1,EUR,35.11,1.05,12,12,建筑工程,"Wand- und Säulenbekleidungen, Trennwände und Vorhangfassaden",Wandverkleidung,Wandoberflächen-Dekorplatte
080735,Dekorative Aluminiumplatte,Material,General,m2,94.03,94.03,94.03,94.03,1,EUR,98.73,1.05,12,12,建筑工程,"Wand- und Säulenbekleidungen, Trennwände und Vorhangfassaden",Wandverkleidung,Wandoberflächen-Dekorplatte
090137,verzinkt mit Bolzen 16×(150 250),Material,Fasteners,set,1.09,1.09,1.09,1.09,1,EUR,8.93,8.16,12,12,建筑工程,Allgemeine Installationsarbeiten - Bd.4 Elektrogeräteinstallation,Art der Elektroinstallation,
110137,Beschichtung,Material,General,kg,3.76,3.76,3.76,3.76,1,EUR,1.73,0.4608,12,12,建筑工程,"Maler-, Beschichtungs- und Tapezierarbeiten",Spritz- und Bürstenbeschichtung,Metallstruktur Bürstenbeschichtung
800569,Abwasserpumpe 150,Equipment,Pumps,machine-shift,5.85,5.85,5.85,5.85,1,EUR,0.28,0.0485,12,12,建筑工程,Bodenbehandlung und Böschungsstützung,"Wasser, Wasseranlagen",Wasser
110104,Kohleteerfarbe,Material,Paint & Coatings,kg,2.99,2.99,2.99,2.99,1,EUR,1.0,0.3354,12,12,建筑工程,"Allgemeine Montagearbeiten - Bd.12 Malerarbeiten, Korrosionsschutz, Wärmedämmung",rechteckiges Bürsten,
110601,wasserbasierte Fluorkohlenstofffarbe,Material,Paint & Coatings,kg,6.27,6.27,6.27,6.27,1,EUR,2.38,0.3803,12,12,建筑工程,"Maler-, Beschichtungs- und Tapezierarbeiten",Holzoberflächenfarbe,"Holzplatte, Faserplatte, Sperrholz Deckenanstrich"
100316,selbstklebende Abdichtungsbahn 1.5mm Dicke,Material,Waterproofing,m2,9.4,9.4,9.4,9.4,1,EUR,10.64,1.1311,12,12,建筑工程,Dach- und Abdichtungsarbeiten,Dachabdichtung und Zubehör,Dachabdichtung mit Dachbahn
110185,Klebstoff,Material,General,kg,1.37,1.37,1.37,1.37,1,EUR,0.26,0.1871,12,12,建筑工程,Dach- und Abdichtungsarbeiten,Dachabdichtung und Zubehör,Dachabdichtung mit Dachbahn
100375,Klebebahnen für Abdichtung () 1.5mm Dicke,Material,Waterproofing,m2,5.22,5.22,5.22,5.22,1,EUR,5.88,1.1251,12,12,建筑工程,Dach- und Abdichtungsarbeiten,Dachabdichtung und Zubehör,Dachabdichtung mit Dachbahn
130006,Glaswolle,Material,Glass,m3,43.88,43.88,43.88,43.88,1,EUR,1.61,0.0366,12,12,建筑工程,Wärmedämm- und Korrosionsschutzarbeiten,Wandverkleidung,Wandoberflächen-Dekorplatte
100264,haftende wasserdichte Beschichtung,Material,Waterproofing,kg,3.66,3.66,3.66,3.66,1,EUR,6.81,1.8614,12,12,建筑工程,Dach- und Abdichtungsarbeiten,Dachabdichtung und Zubehör,Dachbeschichtung Abdichtung
810168,Mörtel DM7.5-MR,Material,Concrete & Cement,m3,300.9,300.9,300.9,300.9,1,EUR,23.4,0.0778,12,12,建筑工程,Mauerwerksarbeiten,Blockmauerwerk,
100266,Polyzement (JS) Abdichtungsschicht,Material,Concrete & Cement,kg,2.57,2.57,2.57,2.57,1,EUR,5.56,2.1646,12,12,建筑工程,Dach- und Abdichtungsarbeiten,Dachabdichtung und Zubehör,Dachbeschichtung Abdichtung
810176,"Trockenmörtel, gemischt",Material,Concrete & Cement,m3,156.72,156.72,156.72,156.72,1,EUR,2.06,0.0131,12,12,建筑工程,Wärmedämm- und Korrosionsschutzarbeiten,,Wandoberfläche
810174,Mörtel,Material,Concrete & Cement,m3,188.06,188.06,188.06,188.06,1,EUR,5.38,0.0286,12,12,建筑工程,Wärmedämm- und Korrosionsschutzarbeiten,,Wandoberfläche
100263,Acryl-Wasserdichtbeschichtung,Material,Waterproofing,kg,3.03,3.03,3.03,3.03,1,EUR,7.1,2.3428,12,12,建筑工程,Dach- und Abdichtungsarbeiten,Dachabdichtung und Zubehör,Dachbeschichtung Abdichtung
150015,Aluminium,Material,General,pcs,0.08,0.08,0.08,0.08,1,EUR,0.08,1.0,12,12,建筑工程,Allgemeine Installationsarbeiten - Vol.9 Brandschutz,kein Netz,
010067,Schweißstahlrohr 25,Material,Steel & Metal,m,2.02,2.02,2.02,2.02,1,EUR,13.65,6.7555,12,12,建筑工程,Pfahlgründungsarbeiten,Bohrpfahl,Schweißen von Stahlrohren
080764,"Wand-, Bodenhaftfläche Platte (Fugenbreite 200mm innen)",Material,General,m,35.52,35.52,35.52,35.52,1,EUR,35.88,1.01,12,12,建筑工程,Dach- und Abdichtungsarbeiten,Bewegungsfuge,Bewegungsfuge an Wandoberfläche
400058,Mauerwerksmörtel DM5.0,Material,Concrete & Cement,m3,122.51,122.51,122.51,122.51,1,EUR,40.59,0.3313,12,12,建筑工程,Mauerwerksarbeiten,Steinmauerwerk,
040057,Bruchstein,Material,General,kg,0.01,0.01,0.01,0.01,1,EUR,29.53,2018.8182,12,12,建筑工程,Mauerwerksarbeiten,Steinmauerwerk,
010031,gewöhnliche Stahlplatte 4.1 7,Material,Steel & Metal,kg,0.94,0.94,0.94,0.94,1,EUR,8.97,9.5588,12,12,建筑工程,Allgemeine Installationsarbeiten - Vol.7 Lüftung und Klimatisierung,Halterung und Fertigung Montage,Klammerfertigung und -montage
090269,verzinkter Nagel,Material,Fasteners,kg,2.15,2.15,2.15,2.15,1,EUR,0.08,0.0358,12,12,建筑工程,Allgemeine Installationsarbeiten - Vol.7 Lüftung und Klimatisierung,,
080765,"Wand-, Bodenhaftfläche Plattenbelag (Fugenbreite 200mm darüber)",Material,General,m,39.7,39.7,39.7,39.7,1,EUR,40.1,1.01,12,12,建筑工程,Dach- und Abdichtungsarbeiten,Bewegungsfuge,Bewegungsfuge an Wandoberfläche
120050,Dekorplatte 0.8mm,Material,General,m2,13.06,13.06,13.06,13.06,1,EUR,18.7,1.4322,12,12,建筑工程,"Wand- und Säulenbekleidungen, Trennwände und Vorhangfassaden",Wandverkleidung,Wandoberflächen-Dekorplatte
800281,mit Einzelaushub 1.0m3,Equipment,General,machine-shift,190.99,190.99,190.99,190.99,1,EUR,0.73,0.0038,12,12,建筑工程,Erdarbeiten und Felsarbeiten,"Wasser, Wasseranlagen",Aushub von allgemeinem Erdreich
070002,Aluminiumlegierungsstreifen,Material,General,m,0.96,0.96,0.96,0.96,1,EUR,0.29,0.3042,12,12,建筑工程,Bodenbelagsarbeiten,Bodenfliesenverlegung,Boden
040023,Stein,Material,General,kg,0.05,0.05,0.05,0.05,1,EUR,11.81,245.6431,12,12,建筑工程,Erdarbeiten und Felsarbeiten,Auffüllung,Bodenverfüllung
110663,Zementbindung wasserdichte Beschichtung,Material,Concrete & Cement,kg,3.76,3.76,3.76,3.76,1,EUR,6.36,1.691,12,12,建筑工程,Dach- und Abdichtungsarbeiten,"Wandflächenabdichtung, Feuchtigkeitsschutz",Wandoberflächenbeschichtung Abdichtung
030090,Betonplatte,Material,General,m2,2.57,2.57,2.57,2.57,1,EUR,2.72,1.0575,12,12,建筑工程,Dach- und Abdichtungsarbeiten,Dachabdichtung und Zubehör,Dach ()
400042,Oberflächenmörtel DBI,Material,Concrete & Cement,m3,817.04,817.04,817.04,817.04,1,EUR,2.0,0.0024,12,12,建筑工程,Dach- und Abdichtungsarbeiten,abdichtende Schutzschicht,Decke
030070,Betonplatte,Material,General,m2,13.58,13.58,13.58,13.58,1,EUR,25.77,1.8975,12,12,建筑工程,"Wand- und Säulenbekleidungen, Trennwände und Vorhangfassaden",Wandverkleidung,Wandoberflächen-Dekorplatte
130101,Wasser,Material,Water,kg,5.22,5.22,5.22,5.22,1,EUR,0.22,0.0424,12,12,建筑工程,Wärmedämm- und Korrosionsschutzarbeiten,,Wandoberfläche
080763,"Wand-, Bodenhaftfläche Plattenbelag (Fugenbreite 100mm innen)",Material,General,m,33.43,33.43,33.43,33.43,1,EUR,33.77,1.01,12,12,建筑工程,Dach- und Abdichtungsarbeiten,Bewegungsfuge,Bewegungsfuge an Wandoberfläche
090067,verzinkte Mutter 10,Material,Fasteners,pcs,0.03,0.03,0.03,0.03,1,EUR,0.09,2.9718,12,12,建筑工程,Allgemeine Installationsarbeiten - Vol.7 Lüftung und Klimatisierung,Installation,"Rechteckige Stahlplattenmontage (1.2mm innen, )"
080280,Streifen,Material,General,m,1.67,1.67,1.67,1.67,1,EUR,0.63,0.375,12,12,建筑工程,"Wand- und Säulenbekleidungen, Trennwände und Vorhangfassaden",Vorhangfassadenarbeiten,Glasfassade
050032,Stahlkleber Glas,Material,Steel & Metal,m2,83.58,83.58,83.58,83.58,1,EUR,85.77,1.0262,12,12,建筑工程,"Wand- und Säulenbekleidungen, Trennwände und Vorhangfassaden",Vorhangfassadenarbeiten,Glasfassade
080116,T-Profil Leichtstahlprofil TB-1X,Material,Steel & Metal,pcs,0.08,0.08,0.08,0.08,1,EUR,0.16,1.9638,12,12,建筑工程,Deckenarbeiten,Decke abgehängte Decke,Deckenprofil
150166,(),Material,General,pcs,1.59,1.59,1.59,1.59,1,EUR,1.62,1.02,12,12,建筑工程,Allgemeine Installationsarbeiten - Vol.5 Gebäudeleittechnik,Installation,Strom
800154,AC-Schweißgerät 40kVA,Equipment,Welding Equip.,machine-shift,3.62,3.62,3.62,3.62,1,EUR,0.69,0.1909,12,12,建筑工程,Beton- und Stahlbetonarbeiten,Bewehrungsarbeiten,Wasserabdichtung mit
080730,Sauerstoff,Material,Chemicals,m,0.8,0.8,0.8,0.8,1,EUR,0.27,0.34,12,12,建筑工程,Allgemeine Installationsarbeiten - Vol.5 Gebäudeleittechnik,,
100273,modifizierte Bitumen-Poly-Wasserdichtungsbahn (selbstklebend) 3mm Dicke,Material,Waterproofing,m2,7.52,7.52,7.52,7.52,1,EUR,9.24,1.2279,12,12,建筑工程,Dach- und Abdichtungsarbeiten,Dachabdichtung und Zubehör,Dachabdichtung mit Dachbahn
080188,Betonplatte,Material,General,m2,7.15,7.15,7.15,7.15,1,EUR,7.48,1.046,12,12,建筑工程,"Wand- und Säulenbekleidungen, Trennwände und Vorhangfassaden",Wandverkleidung,Wandoberflächen-Dekorplatte
010056,verzinktes Stahlrohr 32,Material,Steel & Metal,m,3.43,3.43,3.43,3.43,1,EUR,3.52,1.0262,12,12,建筑工程,Allgemeine Installationsarbeiten - Bd.4 Elektrogeräteinstallation,,verzinktes Stahlrohr
130041,Glaswolleplatte,Material,Glass,m3,137.91,137.91,137.91,137.91,1,EUR,6.65,0.0482,12,12,建筑工程,Wärmedämm- und Korrosionsschutzarbeiten,,Decke
110600,wasserbasierter Polyurethan-Holzoberflächenlack,Material,Wood & Timber,kg,3.41,3.41,3.41,3.41,1,EUR,0.46,0.1339,12,12,建筑工程,"Maler-, Beschichtungs- und Tapezierarbeiten",Holzoberflächenfarbe,"Holzplatte, Faserplatte, Sperrholz Deckenanstrich"
090178,4,Material,General,set,0.03,0.03,0.03,0.03,1,EUR,0.06,2.06,11,11,建筑工程,"Allgemeine Installationsarbeiten - Vol.10 Wasserversorgung, Entwässerung, Heizun","Wasser, Wasser",Elektro- und Wasserinstallation
800522,600T Pfahl,Equipment,General,machine-shift,638.5,638.5,638.5,638.5,1,EUR,13.73,0.0215,11,11,建筑工程,Pfahlgründungsarbeiten,,
850107,Elektrizität JH5132,Equipment,General,machine-shift,2.72,2.72,2.72,2.72,1,EUR,2.72,1.0,11,11,建筑工程,Allgemeine Installationsarbeiten - Bd.4 Elektrogeräteinstallation,Strom,Strom
010073,Schweißen Stahlrohr 100,Material,Steel & Metal,m,9.03,9.03,9.03,9.03,1,EUR,8.44,0.9345,11,11,建筑工程,Allgemeine Installationsarbeiten - Bd.4 Elektrogeräteinstallation,Schweißen von Stahlrohren,Schweißen von Stahlrohren
090860,verzinkter Spreizdübel M12×110,Material,Fasteners,set,0.16,0.16,0.16,0.16,1,EUR,0.34,2.0975,11,11,建筑工程,Allgemeine Installationsarbeiten - Vol.9 Brandschutz,kein Netz,
130020,Polyplatte 50,Material,General,m2,4.6,4.6,4.6,4.6,1,EUR,2.48,0.54,11,11,建筑工程,Dach- und Abdichtungsarbeiten,Bewegungsfuge,Fugenfüllung
090550,Expansionsbolzen (Verbund),Material,Fasteners,set,0.5,0.5,0.5,0.5,1,EUR,2.34,4.6982,11,11,建筑工程,"Wand- und Säulenbekleidungen, Trennwände und Vorhangfassaden",Säulen- (Träger-) Verkleidung,Säulen- (Träger-) Oberflächendekoration
460101,"B0, A0",Material,General,Einheit,33.43,33.43,33.43,33.43,1,EUR,3.73,0.1115,11,11,建筑工程,Allgemeine Installationsarbeiten - Vol.5 Gebäudeleittechnik,,Installation
100115,Doppelseitiger Kleber mit,Material,General,m,0.48,0.48,0.48,0.48,1,EUR,2.36,4.8973,11,11,建筑工程,"Wand- und Säulenbekleidungen, Trennwände und Vorhangfassaden",Wandverkleidung,Wandoberflächen-Dekorplatte
090691,Edelstahlplatte 0.8mm,Material,Steel & Metal,m2,66.35,66.35,66.35,66.35,1,EUR,64.24,0.9683,11,11,建筑工程,Dach- und Abdichtungsarbeiten,Dachabdichtung und Zubehör,Dachwasser
800121,Betonmischer 500L,Equipment,General,machine-shift,3.39,3.39,3.39,3.39,1,EUR,0.03,0.0081,11,11,建筑工程,Beton- und Stahlbetonarbeiten,Ortbeton Sauberkeitsschicht,Sauberkeitsschicht
850078,Formteil,Equipment,General,machine-shift,74.06,74.06,74.06,74.06,1,EUR,20.42,0.2757,11,11,建筑工程,Allgemeine Installationsarbeiten - Bd.11 Kommunikationsausrüstung und Leitungen,Formteil,
350049,Doppelformung 0.5mm,Material,General,m,0.46,0.46,0.46,0.46,1,EUR,27.89,61.2225,11,11,建筑工程,Allgemeine Installationsarbeiten - Bd.11 Kommunikationsausrüstung und Leitungen,Formteil,
060059,Wandschale,Material,General,m2,18.81,18.81,18.81,18.81,1,EUR,18.02,0.958,11,11,建筑工程,"Wand- und Säulenbekleidungen, Trennwände und Vorhangfassaden",Wandverkleidungsschicht,Blockverkleidete Wandoberfläche
030017,Holzbodenplatte,Material,Wood & Timber,m2,9.38,9.38,9.38,9.38,1,EUR,9.85,1.05,11,11,建筑工程,Bodenbelagsarbeiten,Bodenfliesenverlegung,Holzbodenplatte
090275,Eisenbeschläge,Material,Steel & Metal,kg,0.9,0.9,0.9,0.9,1,EUR,0.65,0.7186,11,11,建筑工程,Holzbauarbeiten,Holztragwerk,
300109,Bodenform 12×100,Material,General,pcs,0.81,0.81,0.81,0.81,1,EUR,1.63,2.0,11,11,建筑工程,Allgemeine Installationsarbeiten - Bd.11 Kommunikationsausrüstung und Leitungen,,Installation Boden und sonstige Gegenstände
090184,Zementnagel,Material,Concrete & Cement,kg,2.05,2.05,2.05,2.05,1,EUR,0.11,0.053,11,11,建筑工程,Bodenbelagsarbeiten,Oberflächenabschlusslage,Boden
800395,Power-Buggy 1t,Equipment,General,machine-shift,26.35,26.35,26.35,26.35,1,EUR,1.82,0.0691,11,11,建筑工程,Bodenbehandlung und Böschungsstützung,Bohrpfahl,
040072,Stein,Material,General,kg,0.01,0.01,0.01,0.01,1,EUR,0.13,12.044,11,11,建筑工程,"Wand- und Säulenbekleidungen, Trennwände und Vorhangfassaden",Putzarbeiten,Dekorativer Wandputz
090229,verzinkter Flachstahl,Material,Steel & Metal,kg,0.84,0.84,0.84,0.84,1,EUR,0.43,0.5083,11,11,建筑工程,Allgemeine Installationsarbeiten - Bd.4 Elektrogeräteinstallation,Netz,
800001,LKW-Kran 5t,Equipment,Cranes,machine-shift,65.55,65.55,65.55,65.55,1,EUR,20.86,0.3182,11,11,建筑工程,Allgemeine Installationsarbeiten - Bd.4 Elektrogeräteinstallation,Installation,
010071,Schweißen Stahlrohr 70,Material,Steel & Metal,m,5.47,5.47,5.47,5.47,1,EUR,5.37,0.9809,11,11,建筑工程,Allgemeine Installationsarbeiten - Bd.4 Elektrogeräteinstallation,Schweißen von Stahlrohren,Schweißen von Stahlrohren
010074,Schweißen Stahlrohr 125,Material,Steel & Metal,m,12.6,12.6,12.6,12.6,1,EUR,12.39,0.9832,11,11,建筑工程,Allgemeine Installationsarbeiten - Bd.4 Elektrogeräteinstallation,Schweißen von Stahlrohren,Schweißen von Stahlrohren
850037,2Mb/s,Equipment,General,machine-shift,21.97,21.97,21.97,21.97,1,EUR,28.56,1.3,11,11,建筑工程,Allgemeine Installationsarbeiten - Bd.11 Kommunikationsausrüstung und Leitungen,(),
110030,Spachtelmasse,Material,General,kg,1.88,1.88,1.88,1.88,1,EUR,0.93,0.4952,11,11,建筑工程,"Maler-, Beschichtungs- und Tapezierarbeiten",Metalloberflächenanstrich,"Metalloberfläche, Stahlkonstruktionsanstrich"
850085,622Mb/s,Equipment,General,machine-shift,173.18,173.18,173.18,173.18,1,EUR,153.39,0.8857,11,11,建筑工程,Allgemeine Installationsarbeiten - Bd.11 Kommunikationsausrüstung und Leitungen,(),
110021,phenolharz-rostschutzfarbe,Material,Paint & Coatings,kg,2.55,2.55,2.55,2.55,1,EUR,0.49,0.1908,11,11,建筑工程,Allgemeine Installationsarbeiten - Vol.6 Automatisierungssteuerungsinstrumentier,rechteckiges Bürsten,
280397,Bodenformplatte,Material,General,set,3.47,3.47,3.47,3.47,1,EUR,3.5,1.01,11,11,建筑工程,Allgemeine Installationsarbeiten - Bd.11 Kommunikationsausrüstung und Leitungen,,Installation Boden und sonstige Gegenstände
350224,Formteil 7×1.2,Material,General,kg,6.58,6.58,6.58,6.58,1,EUR,1.32,0.2,11,11,建筑工程,Allgemeine Installationsarbeiten - Bd.11 Kommunikationsausrüstung und Leitungen,,Installation Boden und sonstige Gegenstände
090479,Aluminium,Material,General,m,0.61,0.61,0.61,0.61,1,EUR,4.57,7.5111,11,11,建筑工程,"Wand- und Säulenbekleidungen, Trennwände und Vorhangfassaden",Trennwand,Trennwand
040052,Stein,Material,General,kg,0.01,0.01,0.01,0.01,1,EUR,28.15,2245.0,11,11,建筑工程,Erdarbeiten und Felsarbeiten,Auffüllung,Fundamentverfüllung
110201,Dispersionsfarbe,Material,Paint & Coatings,kg,3.34,3.34,3.34,3.34,1,EUR,2.51,0.75,11,11,建筑工程,"Maler-, Beschichtungs- und Tapezierarbeiten",Spritz- und Bürstenbeschichtung,Wandoberflächenbeschichtungsschicht
090305,Dekorative Nagel,Material,Fasteners,kg,2.8,2.8,2.8,2.8,1,EUR,0.15,0.0523,11,11,建筑工程,"Wand- und Säulenbekleidungen, Trennwände und Vorhangfassaden",Trennwand,Trennwand
090123,verzinkt mit Bolzen 8×(110 120),Material,Fasteners,set,0.15,0.15,0.15,0.15,1,EUR,0.79,5.4036,11,11,建筑工程,Allgemeine Installationsarbeiten - Vol.5 Gebäudeleittechnik,Strominstallation,Installation
091088,verzinkter Holznagel 4×50,Material,Wood & Timber,pcs,0.01,0.01,0.01,0.01,1,EUR,0.05,3.7511,11,11,建筑工程,Allgemeine Installationsarbeiten - Vol.5 Gebäudeleittechnik,Installation,
110303,Klebstoff,Material,General,kg,0.74,0.74,0.74,0.74,1,EUR,0.38,0.5092,11,11,建筑工程,Beton- und Stahlbetonarbeiten,eingegossener Ortbetontragwerk,Fugenfüllung
810093,Wassersilikondichtstoff,Material,Water,m3,608.91,608.91,608.91,608.91,1,EUR,4.95,0.0081,11,11,建筑工程,Wärmedämm- und Korrosionsschutzarbeiten,Korrosionsschutzbeschichtungsschicht,Blockverkleidung Korrosionsschutzbeschichtung
090881,verzinkt mit Schraube M16×(70 75),Material,Fasteners,set,0.31,0.31,0.31,0.31,1,EUR,0.06,0.206,11,11,建筑工程,Allgemeine Installationsarbeiten - Vol.9 Brandschutz,kein Netz,
010057,verzinktes Stahlrohr 40,Material,Steel & Metal,m,4.05,4.05,4.05,4.05,1,EUR,4.16,1.0259,11,11,建筑工程,Allgemeine Installationsarbeiten - Bd.4 Elektrogeräteinstallation,,verzinktes Stahlrohr
350037,Formteil BV-1.0,Material,General,m,0.16,0.16,0.16,0.16,1,EUR,2.11,12.9564,11,11,建筑工程,Allgemeine Installationsarbeiten - Vol.9 Brandschutz,Wasser,
100032,Bitumenkleber,Material,Waterproofing,m3,441.05,441.05,441.05,441.05,1,EUR,2.66,0.006,11,11,建筑工程,Wärmedämm- und Korrosionsschutzarbeiten,Korrosionsschutzbeschichtungsschicht,Blockverkleidung Korrosionsschutzbeschichtung
010059,verzinktes Stahlrohr 70,Material,Steel & Metal,m,6.96,6.96,6.96,6.96,1,EUR,7.66,1.1014,11,11,建筑工程,Allgemeine Installationsarbeiten - Bd.4 Elektrogeräteinstallation,,Elektroinstallation Fertigung
040024,Kohle,Material,General,kg,0.01,0.01,0.01,0.01,1,EUR,0.97,77.386,11,11,建筑工程,Bodenbehandlung und Böschungsstützung,,
800392,Elektrovibrator 20 62kg/m,Equipment,General,machine-shift,2.82,2.82,2.82,2.82,1,EUR,0.09,0.031,11,11,建筑工程,Erdarbeiten und Felsarbeiten,Auffüllung,Fundamentverfüllung
110153,Klebstoff 325 200g,Material,General,Flasche,5.22,5.22,5.22,5.22,1,EUR,1.6,0.3055,11,11,建筑工程,Allgemeine Installationsarbeiten - Vol.9 Brandschutz,kein Netz,
850126,Höhe,Equipment,General,machine-shift,3.24,3.24,3.24,3.24,1,EUR,12.06,3.724,10,10,建筑工程,Allgemeine Installationsarbeiten - Bd.4 Elektrogeräteinstallation,Strom,Strom
810094,Klebstoff,Material,General,m3,4487.33,4487.33,4487.33,4487.33,1,EUR,31.52,0.007,10,10,建筑工程,Wärmedämm- und Korrosionsschutzarbeiten,Korrosionsschutzbeschichtungsschicht,Blockverkleidung Korrosionsschutzbeschichtung
080198,Aluminiumlegierungsstreifenplatte,Material,General,m2,18.81,18.81,18.81,18.81,1,EUR,18.05,0.96,10,10,建筑工程,"Wand- und Säulenbekleidungen, Trennwände und Vorhangfassaden",Wandverkleidung,Wandoberflächen-Dekorplatte
030013,Holzplatte,Material,Wood & Timber,m2,2.76,2.76,2.76,2.76,1,EUR,2.88,1.045,10,10,建筑工程,"Wand- und Säulenbekleidungen, Trennwände und Vorhangfassaden",Wandverkleidung,Wandoberflächen-Dekorplatte
100465,SBS modifizierte Bitumen-Dichtungsbahn () 3mm,Material,Waterproofing,m2,5.85,5.85,5.85,5.85,1,EUR,7.18,1.2279,10,10,建筑工程,Dach- und Abdichtungsarbeiten,Dachabdichtung und Zubehör,Dachabdichtung mit Dachbahn
120049,PVC-Dekorplatte 1.25mm,Material,General,m2,5.12,5.12,5.12,5.12,1,EUR,5.61,1.0955,10,10,建筑工程,"Wand- und Säulenbekleidungen, Trennwände und Vorhangfassaden",Wandverkleidung,Wandoberflächen-Dekorplatte
080026,U-Profil Stahl CB50-2A,Material,Steel & Metal,pcs,0.07,0.07,0.07,0.07,1,EUR,0.24,3.4257,10,10,建筑工程,Deckenarbeiten,Deckenverkleidung,mit
810178,Zusätzlicher Mörtel,Material,Concrete & Cement,m3,94.03,94.03,94.03,94.03,1,EUR,0.36,0.0038,10,10,建筑工程,"Wand- und Säulenbekleidungen, Trennwände und Vorhangfassaden",Säulen- (Träger-) Oberflächenverputz,allgemeiner Putz an Träger- und Stützflächen
110293,Beschichtung,Material,General,kg,4.64,4.64,4.64,4.64,1,EUR,1.01,0.2171,10,10,建筑工程,"Maler-, Beschichtungs- und Tapezierarbeiten",Spritz- und Bürstenbeschichtung,Wandoberflächenbeschichtungsschicht
850217,HD-260,Equipment,General,machine-shift,27.91,27.91,27.91,27.91,1,EUR,30.2,1.0822,10,10,建筑工程,Allgemeine Installationsarbeiten - Vol.6 Automatisierungssteuerungsinstrumentier,,
850220,Doppelte Form H6 0.1,Equipment,General,machine-shift,26.13,26.13,26.13,26.13,1,EUR,35.11,1.3433,10,10,建筑工程,Allgemeine Installationsarbeiten - Vol.6 Automatisierungssteuerungsinstrumentier,Masche und,Netz
010026,gewöhnliche Stahlplatte 1 1.5,Material,Steel & Metal,kg,1.2,1.2,1.2,1.2,1,EUR,18.69,15.5825,10,10,建筑工程,Allgemeine Installationsarbeiten - Vol.6 Automatisierungssteuerungsinstrumentier,Fertigungseinbau,
850212,Elektrizität ZX-25a,Equipment,General,machine-shift,1.95,1.95,1.95,1.95,1,EUR,0.18,0.0925,10,10,建筑工程,Allgemeine Installationsarbeiten - Vol.6 Automatisierungssteuerungsinstrumentier,,
091067,Netz,Material,General,m2,1.67,1.67,1.67,1.67,1,EUR,1.76,1.05,10,10,建筑工程,"Wand- und Säulenbekleidungen, Trennwände und Vorhangfassaden",,Dekorativer Wandputz
110607,ölbasierte Grundierung,Material,Paint & Coatings,kg,3.24,3.24,3.24,3.24,1,EUR,0.3,0.0925,10,10,建筑工程,"Maler-, Beschichtungs- und Tapezierarbeiten",Holzoberflächenfarbe,Glaswandfarbe
090408,verzinkt 50,Material,General,pcs,0.79,0.79,0.79,0.79,1,EUR,1.41,1.7948,10,10,建筑工程,sonstige Dekorationsarbeiten,"Handlauf, Geländer, Geländerscheibe dekorativ","Metallhandlauf, Geländer, Geländerscheibe"
090462,verzinktes Stahl-Drahtgeflecht,Material,Steel & Metal,m2,1.62,1.62,1.62,1.62,1,EUR,1.76,1.0845,10,10,建筑工程,Dach- und Abdichtungsarbeiten,,Wandoberfläche
110012,Bodenplattenanstrich,Material,Paint & Coatings,kg,2.93,2.93,2.93,2.93,1,EUR,0.51,0.1734,10,10,建筑工程,"Maler-, Beschichtungs- und Tapezierarbeiten",Holzoberflächenfarbe,Holzgrundanstrich
110130,Anstrich,Material,Paint & Coatings,kg,4.6,4.6,4.6,4.6,1,EUR,1.42,0.3086,10,10,建筑工程,"Maler-, Beschichtungs- und Tapezierarbeiten",Metalloberflächenanstrich,"Metalloberfläche, Stahlkonstruktionsanstrich"
110013,mit wasserverdünnbarem Bodenvorlack,Material,Paint & Coatings,kg,5.22,5.22,5.22,5.22,1,EUR,0.54,0.1037,10,10,建筑工程,"Maler-, Beschichtungs- und Tapezierarbeiten",Holzoberflächenfarbe,Holzgrundanstrich
110131,Anstrich,Material,Paint & Coatings,kg,3.13,3.13,3.13,3.13,1,EUR,0.11,0.0346,10,10,建筑工程,"Maler-, Beschichtungs- und Tapezierarbeiten",Metalloberflächenanstrich,"Metalloberfläche, Stahlkonstruktionsanstrich"
090345,Edelstahl 50,Material,Steel & Metal,pcs,4.62,4.62,4.62,4.62,1,EUR,6.25,1.3535,10,10,建筑工程,sonstige Dekorationsarbeiten,"Handlauf, Geländer, Geländerscheibe dekorativ","Metallhandlauf, Geländer, Geländerscheibe"
050013,Glas 8mm,Material,Glass,m2,9.4,9.4,9.4,9.4,1,EUR,11.88,1.263,10,10,建筑工程,sonstige Dekorationsarbeiten,,Rahmen
360045,Formteil 25 Formteil,Material,General,Stück,3.09,3.09,3.09,3.09,1,EUR,12.49,4.04,10,10,建筑工程,Allgemeine Installationsarbeiten - Bd.11 Kommunikationsausrüstung und Leitungen,Stromverteilung,Stromverteilung
110772,Acryl-Polyurethan-Metallfarbenverdünner,Material,Steel & Metal,kg,2.13,2.13,2.13,2.13,1,EUR,0.05,0.0258,10,10,建筑工程,"Maler-, Beschichtungs- und Tapezierarbeiten",Holzoberflächenfarbe,Glaswandfarbe
280559,Formteil,Material,General,pcs,0.17,0.17,0.17,0.17,1,EUR,34.1,204.0,10,10,建筑工程,Allgemeine Installationsarbeiten - Bd.11 Kommunikationsausrüstung und Leitungen,Stromverteilung,Stromverteilung
800068,C15,Equipment,General,machine-shift,0.73,0.73,0.73,0.73,1,EUR,0.11,0.15,10,10,建筑工程,Allgemeine Installationsarbeiten - Bd.11 Kommunikationsausrüstung und Leitungen,Stromverteilung,Stromverteilung
010173,Stahlrohr,Material,Steel & Metal,m,6.35,6.35,6.35,6.35,1,EUR,1.53,0.2413,10,10,建筑工程,Bodenbelagsarbeiten,Treppenhaus-Finishschicht,Metall-Wandhandlauf
090799,60%,Material,General,kg,16.97,16.97,16.97,16.97,1,EUR,6.58,0.388,10,10,建筑工程,Allgemeine Installationsarbeiten - Bd.11 Kommunikationsausrüstung und Leitungen,(Masche) Einzel (DTU NTU),
010141,verzinkte Rundstange 10 beyond,Material,General,kg,1.29,1.29,1.29,1.29,1,EUR,2.67,2.0716,10,10,建筑工程,Allgemeine Installationsarbeiten - Bd.4 Elektrogeräteinstallation,Netz,Wasserpfahl
090335,Holz,Material,Wood & Timber,pcs,0.63,0.63,0.63,0.63,1,EUR,2.15,3.4364,10,10,建筑工程,sonstige Dekorationsarbeiten,,Holz
100019,Klebstoff 15,Material,General,m,1.22,1.22,1.22,1.22,1,EUR,0.8,0.6548,10,10,建筑工程,"Allgemeine Installationsarbeiten - Vol.10 Wasserversorgung, Entwässerung, Heizun",Wasserinstallation,
800652,elektrischer Strom gewöhnlich doppelt (200 innerhalb),Equipment,General,machine-shift,82.79,82.79,82.79,82.79,1,EUR,0.69,0.0083,10,10,建筑工程,Vorleistungen und Baustelleneinrichtung,Vertikaler Transport,Vertikaler Transport
060026,Platte (Platte),Material,General,m2,8.36,8.36,8.36,8.36,1,EUR,8.71,1.0425,10,10,建筑工程,"Wand- und Säulenbekleidungen, Trennwände und Vorhangfassaden",Wandverkleidung,Wandoberflächen-Dekorplatte
090593,galvanisiert,Material,General,set,0.84,0.84,0.84,0.84,1,EUR,2.91,3.452,10,10,建筑工程,Allgemeine Installationsarbeiten - Bd.4 Elektrogeräteinstallation,Formteil,Installation
010068,Schweißstahlrohr 32,Material,Steel & Metal,m,2.61,2.61,2.61,2.61,1,EUR,2.49,0.952,10,10,建筑工程,Allgemeine Installationsarbeiten - Bd.4 Elektrogeräteinstallation,Schweißen von Stahlrohren,Schweißen von Stahlrohren
120169,Polyurethan,Material,General,m3,146.27,146.27,146.27,146.27,1,EUR,0.02,0.0002,10,10,建筑工程,Wärmedämm- und Korrosionsschutzarbeiten,,Boden
800023,Luftkompressor 1m3/min,Equipment,Compressors,machine-shift,3.51,3.51,3.51,3.51,1,EUR,1.83,0.5202,10,10,建筑工程,Erdarbeiten und Felsarbeiten,Felsarbeiten,
110434,Stein,Material,General,kg,1.3,1.3,1.3,1.3,1,EUR,3.01,2.3262,10,10,建筑工程,"Wand- und Säulenbekleidungen, Trennwände und Vorhangfassaden",Putzarbeiten,Allgemeines Verputzen
800213,Wasserpumpe 100,Equipment,Pumps,machine-shift,3.09,3.09,3.09,3.09,1,EUR,0.63,0.2052,10,10,建筑工程,"Allgemeine Installationsarbeiten - Vol.10 Wasserversorgung, Entwässerung, Heizun",,
810142,Klebstoff,Material,General,m3,2941.46,2941.46,2941.46,2941.46,1,EUR,20.59,0.007,10,10,建筑工程,Wärmedämm- und Korrosionsschutzarbeiten,Korrosionsschutzbeschichtungsschicht,Blockverkleidung Korrosionsschutzbeschichtung
850098,Elektrizität YY2814,Equipment,General,machine-shift,3.36,3.36,3.36,3.36,1,EUR,8.58,2.55,10,10,建筑工程,Allgemeine Installationsarbeiten - Bd.4 Elektrogeräteinstallation,Höhenstrom,Strom
091469,Leiste 2.5,Material,General,kg,45.97,45.97,45.97,45.97,1,EUR,23.61,0.5135,10,10,建筑工程,"Allgemeine Installationsarbeiten - Vol.10 Wasserversorgung, Entwässerung, Heizun",Installation,
800643,Turmdrehkran 300T M,Equipment,Cranes,machine-shift,273.03,273.03,273.03,273.03,1,EUR,2.6,0.0095,10,10,建筑工程,Vorleistungen und Baustelleneinrichtung,Vertikaler Transport,Vertikaler Transport
350217,Formteil BVR-16mm,Material,General,m,2.49,2.49,2.49,2.49,1,EUR,5.3,2.131,10,10,建筑工程,Allgemeine Installationsarbeiten - Bd.11 Kommunikationsausrüstung und Leitungen,Formteil,Montage des Formrahmens
180019,verzinkte Verbindung 20,Material,General,pcs,0.81,0.81,0.81,0.81,1,EUR,0.94,1.1543,10,10,建筑工程,Allgemeine Installationsarbeiten - Vol.5 Gebäudeleittechnik,Wasser,Wasser ()
130876,verzinktes Stahlblechgewebe,Material,Steel & Metal,m2,1.46,1.46,1.46,1.46,1,EUR,1.39,0.95,10,10,建筑工程,Allgemeine Installationsarbeiten - Vol.7 Lüftung und Klimatisierung,"Metallgewebeherstellung, Montage (030703007 030703010)",
050001,Glas 5mm,Material,Glass,m2,4.18,4.18,4.18,4.18,1,EUR,8.86,2.1211,10,10,建筑工程,"Wand- und Säulenbekleidungen, Trennwände und Vorhangfassaden",Trennwand,Glaswand
810025,1: 0.5: 3 Verbundmörtel,Material,Concrete & Cement,m3,56.1,56.1,56.1,56.1,1,EUR,0.23,0.004,10,10,建筑工程,"Wand- und Säulenbekleidungen, Trennwände und Vorhangfassaden",,
800040,Platte 6.3×2000,Equipment,General,machine-shift,4.83,4.83,4.83,4.83,1,EUR,0.02,0.0036,10,10,建筑工程,Allgemeine Installationsarbeiten - Vol.7 Lüftung und Klimatisierung,,
010072,geschweißtes Stahlrohr 80,Material,Steel & Metal,m,6.9,6.9,6.9,6.9,1,EUR,6.5,0.9433,9,9,建筑工程,Allgemeine Installationsarbeiten - Bd.4 Elektrogeräteinstallation,Schweißen von Stahlrohren,Schweißen von Stahlrohren
090268,Nagel 4,Material,Fasteners,set,0.02,0.02,0.02,0.02,1,EUR,0.04,2.194,9,9,建筑工程,Metallbauarbeiten,"Stahlplatten-Bodenplatte, Wandplatte",
090122,verzinkt mit Bolzen 8×(85 100),Material,Fasteners,set,0.14,0.14,0.14,0.14,1,EUR,3.09,22.7733,9,9,建筑工程,Allgemeine Installationsarbeiten - Bd.4 Elektrogeräteinstallation,Installation,Installation
100389,Fugendichtungsstreifen,Material,General,m,3.13,3.13,3.13,3.13,1,EUR,0.37,0.1184,9,9,建筑工程,"Wand- und Säulenbekleidungen, Trennwände und Vorhangfassaden",Wandverkleidung,Wandoberflächen-Dekorplatte
091463,Edelstahl,Material,Steel & Metal,kg,5.02,5.02,5.02,5.02,1,EUR,1.04,0.2078,9,9,建筑工程,"Wand- und Säulenbekleidungen, Trennwände und Vorhangfassaden",Wandverkleidung,Wandoberflächen-Dekorplatte
010069,Schweißen Stahlrohr 40,Material,Steel & Metal,m,3.13,3.13,3.13,3.13,1,EUR,2.96,0.9433,9,9,建筑工程,Allgemeine Installationsarbeiten - Bd.4 Elektrogeräteinstallation,Schweißen von Stahlrohren,Schweißen von Stahlrohren
150085,Formteil,Material,General,pcs,14.21,14.21,14.21,14.21,1,EUR,0.09,0.0063,9,9,建筑工程,Metallbauarbeiten,Metallverbindung tragend,
110559,PE 0.3mm Dicke,Material,General,m2,0.79,0.79,0.79,0.79,1,EUR,0.53,0.6625,9,9,建筑工程,Dach- und Abdichtungsarbeiten,Dachabdichtung und Zubehör,Profil und andere Dachteile
110197,Beschichtung,Material,General,kg,4.18,4.18,4.18,4.18,1,EUR,0.15,0.0354,9,9,建筑工程,Allgemeine Installationsarbeiten - Bd.4 Elektrogeräteinstallation,Netz,Herstellung
130887,Dicke),Material,General,m2,41.79,41.79,41.79,41.79,1,EUR,43.32,1.0367,9,9,建筑工程,Dach- und Abdichtungsarbeiten,Dachabdichtung und Zubehör,Profil und andere Dachteile
030016,Plattenstreifen 1000×30×8,Material,General,100 pcs,3.32,3.32,3.32,3.32,1,EUR,0.07,0.098,9,9,建筑工程,Holzbauarbeiten,Dachholzunterlage,Deckenabschlusslage
800640,Turmdrehkran 100T M,Equipment,Cranes,machine-shift,131.06,131.06,131.06,131.06,1,EUR,2.54,0.0194,9,9,建筑工程,Vorleistungen und Baustelleneinrichtung,Vertikaler Transport,Vertikaler Transport
800172,Raupenkran 25t,Equipment,Cranes,machine-shift,127.86,127.86,127.86,127.86,1,EUR,6.04,0.0472,9,9,建筑工程,Vorleistungen und Baustelleneinrichtung,Vertikaler Transport,Vertikaler Transport
110070,Flachbeschichtungsschicht,Material,General,kg,5.85,5.85,5.85,5.85,1,EUR,7.22,1.2344,9,9,建筑工程,Bodenbelagsarbeiten,Dekorative Stufen,
060011,Marmorplatte 0.25m2 innen,Material,General,m2,33.43,33.43,33.43,33.43,1,EUR,39.79,1.1902,9,9,建筑工程,Bodenbelagsarbeiten,Bodenfliesenverlegung,Steinsockel
110467,gewöhnliche Acryl-Metallfarbe (einlagig) Grundierung,Material,Steel & Metal,kg,5.85,5.85,5.85,5.85,1,EUR,0.1,0.0167,9,9,建筑工程,"Maler-, Beschichtungs- und Tapezierarbeiten",Holzoberflächenfarbe,Glaswandfarbe
110514,Klebstoff,Material,General,kg,2.82,2.82,2.82,2.82,1,EUR,0.83,0.2929,9,9,建筑工程,sonstige Dekorationsarbeiten,,Wand
150322,Sprühverfahren,Material,General,pcs,1.88,1.88,1.88,1.88,1,EUR,0.05,0.0285,9,9,建筑工程,"Maler-, Beschichtungs- und Tapezierarbeiten",Spritz- und Bürstenbeschichtung,Metallstruktur Bürstenbeschichtung
090453,Edelstahlstütze,Material,Steel & Metal,m,7.69,7.69,7.69,7.69,1,EUR,12.64,1.6438,9,9,建筑工程,sonstige Dekorationsarbeiten,,Rahmen
850074,PCM,Equipment,General,machine-shift,29.54,29.54,29.54,29.54,1,EUR,16.46,0.5571,9,9,建筑工程,Allgemeine Installationsarbeiten - Bd.11 Kommunikationsausrüstung und Leitungen,(),
800391,mit Bulldozer 105 kW,Equipment,Bulldozers,machine-shift,115.3,115.3,115.3,115.3,1,EUR,0.47,0.0041,9,9,建筑工程,Erdarbeiten und Felsarbeiten,Transport,(Stein) Transport
120088,Poly,Material,General,m3,135.82,135.82,135.82,135.82,1,EUR,0.45,0.0033,9,9,建筑工程,"Wand- und Säulenbekleidungen, Trennwände und Vorhangfassaden",Wandverkleidung,Wandoberflächen-Dekorplatte
110110,Polyurethan-Spachtelmasse,Material,General,kg,2.42,2.42,2.42,2.42,1,EUR,0.03,0.0108,9,9,建筑工程,Wärmedämm- und Korrosionsschutzarbeiten,Korrosionsschutz,Korrosionsschutzbeschichtung
060013,Sondergeformte Marmorplatte,Material,General,m2,67.1,67.1,67.1,67.1,1,EUR,46.35,0.6908,9,9,建筑工程,Bodenbelagsarbeiten,Bodenfliesenverlegung,Wand
090534,verzinkter Spreizdübel 16,Material,Fasteners,set,1.25,1.25,1.25,1.25,1,EUR,6.21,4.9543,9,9,建筑工程,Allgemeine Installationsarbeiten - Bd.11 Kommunikationsausrüstung und Leitungen,Formstückrahmen,Montage des Formrahmens
800195,CTS-26,Equipment,General,machine-shift,15.92,15.92,15.92,15.92,1,EUR,1.2,0.0756,9,9,建筑工程,Metallbauarbeiten,Metallverbindung tragend,
850090,Elektrizität BT-203,Equipment,General,machine-shift,15.25,15.25,15.25,15.25,1,EUR,76.34,5.0044,9,9,建筑工程,Allgemeine Installationsarbeiten - Bd.4 Elektrogeräteinstallation,Strom,Strom
090271,Aluminiumnagel,Material,Fasteners,pcs,0.05,0.05,0.05,0.05,1,EUR,0.2,3.87,9,9,建筑工程,Allgemeine Installationsarbeiten - Vol.5 Gebäudeleittechnik,,und
850045,DSP-100,Equipment,General,machine-shift,14.46,14.46,14.46,14.46,1,EUR,43.38,3.0,9,9,建筑工程,Allgemeine Installationsarbeiten - Vol.5 Gebäudeleittechnik,Installation,
850227,STIPA,Equipment,General,machine-shift,62.58,62.58,62.58,62.58,1,EUR,117.34,1.875,9,9,建筑工程,Allgemeine Installationsarbeiten - Vol.5 Gebäudeleittechnik,,Strom
040054,Stein,Material,General,kg,0.01,0.01,0.01,0.01,1,EUR,9.75,933.45,9,9,建筑工程,Mauerwerksarbeiten,Schichtabdeckung,Profil und andere Dachteile
030034,Holzleiste,Material,Wood & Timber,m,0.15,0.15,0.15,0.15,1,EUR,0.35,2.3915,9,9,建筑工程,"Wand- und Säulenbekleidungen, Trennwände und Vorhangfassaden",Säulen- (Träger-) Verkleidung,Säulen- (Träger-) Oberflächendekoration
150175,Zementbindung wasserdichte Beschichtung,Material,Concrete & Cement,kg,8.36,8.36,8.36,8.36,1,EUR,2.44,0.2915,9,9,建筑工程,Dach- und Abdichtungsarbeiten,Dachabdichtung und Zubehör,Dachabdichtung
850099,Elektrizität JD2505N,Equipment,General,machine-shift,8.86,8.86,8.86,8.86,1,EUR,11.21,1.265,9,9,建筑工程,Allgemeine Installationsarbeiten - Bd.4 Elektrogeräteinstallation,Strom,"10kV, einpolig"
090900,Bohrer,Material,General,pcs,1.46,1.46,1.46,1.46,1,EUR,0.06,0.0417,9,9,建筑工程,Metallbauarbeiten,"Stahlplatten-Bodenplatte, Wandplatte",
110444,Polyzementkleber,Material,Concrete & Cement,kg,0.94,0.94,0.94,0.94,1,EUR,2.51,2.6727,9,9,建筑工程,Dach- und Abdichtungsarbeiten,Dachabdichtung und Zubehör,Dachabdichtung mit Dachbahn
090234,verzinkter Eisendraht 13 17,Material,Steel & Metal,kg,1.37,1.37,1.37,1.37,1,EUR,0.0,0.0035,9,9,建筑工程,Allgemeine Installationsarbeiten - Bd.4 Elektrogeräteinstallation,,() Stahlrohr
080205,Betonplatte,Material,General,m2,31.34,31.34,31.34,31.34,1,EUR,18.01,0.5746,9,9,建筑工程,"Wand- und Säulenbekleidungen, Trennwände und Vorhangfassaden",Wandverkleidung,Wandoberflächen-Dekorplatte
400060,Mauerwerksmörtel DM10-MR,Material,Concrete & Cement,m3,127.88,127.88,127.88,127.88,1,EUR,5.37,0.042,9,9,建筑工程,Mauerwerksarbeiten,Blockmauerwerk,
850097,Höhe AST300/3,Equipment,General,machine-shift,7.31,7.31,7.31,7.31,1,EUR,8.55,1.1689,9,9,建筑工程,Allgemeine Installationsarbeiten - Bd.4 Elektrogeräteinstallation,Formteil,
080018,U-förmige Leichtstahlkonstruktion CB50-L,Material,Steel & Metal,pcs,0.09,0.09,0.09,0.09,1,EUR,0.05,0.6411,9,9,建筑工程,Deckenarbeiten,Decke abgehängte Decke,Deckenprofil
110004,Alkyd-Fertigfarbe,Material,Paint & Coatings,kg,3.01,3.01,3.01,3.01,1,EUR,0.17,0.056,9,9,建筑工程,"Wand- und Säulenbekleidungen, Trennwände und Vorhangfassaden",Trennwand,Trennwand
090591,Trennwand,Material,General,set,1.25,1.25,1.25,1.25,1,EUR,5.63,4.4914,9,9,建筑工程,"Wand- und Säulenbekleidungen, Trennwände und Vorhangfassaden",Trennwand,Trennwand
030002,Holz,Material,Wood & Timber,m3,459.71,459.71,459.71,459.71,1,EUR,6.73,0.0146,9,9,建筑工程,"Wand- und Säulenbekleidungen, Trennwände und Vorhangfassaden",Trennwand,Glaswand
810238,Beton usw. Mörtel (Verbund),Material,Concrete & Cement,m3,100.3,100.3,100.3,100.3,1,EUR,2.98,0.0297,9,9,建筑工程,Beton- und Stahlbetonarbeiten,Gießen-in-situ Beton Säule,
800611,Nagel,Equipment,General,machine-shift,2.4,2.4,2.4,2.4,1,EUR,1.36,0.5667,9,9,建筑工程,"Wand- und Säulenbekleidungen, Trennwände und Vorhangfassaden",Vorhangfassadenarbeiten,mit Rahmen-Vorhangfassade
800612,Klebstoff,Equipment,General,machine-shift,0.6,0.6,0.6,0.6,1,EUR,0.46,0.7667,9,9,建筑工程,"Wand- und Säulenbekleidungen, Trennwände und Vorhangfassaden",Vorhangfassadenarbeiten,mit Rahmen-Vorhangfassade
800101,LKW-Kran-Verbund,Equipment,Cranes,machine-shift,124.77,124.77,124.77,124.77,1,EUR,0.67,0.0053,9,9,建筑工程,"Wand- und Säulenbekleidungen, Trennwände und Vorhangfassaden",Vorhangfassadenarbeiten,mit Rahmen-Vorhangfassade
080754,"Dach-, Wand-Aluminiumlegierungsplatte (Fugenbreite 100mm innen)",Material,General,m,26.12,26.12,26.12,26.12,1,EUR,26.38,1.01,9,9,建筑工程,Dach- und Abdichtungsarbeiten,Bewegungsfuge,Dachbewegungsfuge
080755,"Dach-, Wand-Aluminiumlegierungsplatte (Fugenbreite 200mm innen)",Material,General,m,28.21,28.21,28.21,28.21,1,EUR,28.49,1.01,9,9,建筑工程,Dach- und Abdichtungsarbeiten,Bewegungsfuge,Dachbewegungsfuge
080756,"Dach-, Wand-Aluminiumlegierungsplatte (Fugenbreite 200mm überschreitend)",Material,General,m,31.34,31.34,31.34,31.34,1,EUR,31.66,1.01,9,9,建筑工程,Dach- und Abdichtungsarbeiten,Bewegungsfuge,Dachbewegungsfuge
120051,Trennwand Sperrholzoberfläche,Material,Wood & Timber,m2,19.85,19.85,19.85,19.85,1,EUR,46.5,2.3427,9,9,建筑工程,"Wand- und Säulenbekleidungen, Trennwände und Vorhangfassaden",Trennwand,Trennwand
110005,Alkyd Fertigfarbe,Material,Paint & Coatings,kg,3.64,3.64,3.64,3.64,1,EUR,0.13,0.035,9,9,建筑工程,"Wand- und Säulenbekleidungen, Trennwände und Vorhangfassaden",Trennwand,Trennwand
110143,Schnittstellenagent,Material,General,kg,0.42,0.42,0.42,0.42,1,EUR,0.13,0.305,9,9,建筑工程,"Wand- und Säulenbekleidungen, Trennwände und Vorhangfassaden",Säulen- (Träger-) Oberflächenverputz,allgemeiner Putz an Träger- und Stützflächen
850216,QT-2A,Equipment,General,machine-shift,2.14,2.14,2.14,2.14,1,EUR,0.57,0.2669,9,9,建筑工程,Allgemeine Installationsarbeiten - Vol.6 Automatisierungssteuerungsinstrumentier,Schloss,
110271,Beschichtung,Material,General,kg,1.57,1.57,1.57,1.57,1,EUR,0.66,0.4238,9,9,建筑工程,"Maler-, Beschichtungs- und Tapezierarbeiten",Spritz- und Bürstenbeschichtung,Wandoberflächenbeschichtungsschicht
110612,klarer Decklack,Material,General,kg,4.6,4.6,4.6,4.6,1,EUR,0.71,0.155,9,9,建筑工程,"Maler-, Beschichtungs- und Tapezierarbeiten",Anstrich auf verputzter Oberfläche,Anstrich auf verputzter Oberfläche
110037,Verglasung,Material,General,kg,2.82,2.82,2.82,2.82,1,EUR,0.06,0.0206,9,9,建筑工程,Bodenbelagsarbeiten,Oberflächenabschlusslage,
110272,Dispersionsfarbe,Material,Paint & Coatings,kg,1.65,1.65,1.65,1.65,1,EUR,0.41,0.2476,9,9,建筑工程,"Maler-, Beschichtungs- und Tapezierarbeiten",Spritz- und Bürstenbeschichtung,Deckenabschlussbeschichtung
110505,wasserbasierte Fluorkohlenstofffarbe,Material,Paint & Coatings,kg,10.87,10.87,10.87,10.87,1,EUR,6.49,0.5975,8,8,建筑工程,"Maler-, Beschichtungs- und Tapezierarbeiten",Spritz- und Bürstenbeschichtung,Wandoberflächenbeschichtungsschicht
110611,Marmorfarbe,Material,Paint & Coatings,kg,6.21,6.21,6.21,6.21,1,EUR,2.24,0.3608,8,8,建筑工程,"Maler-, Beschichtungs- und Tapezierarbeiten",Anstrich auf verputzter Oberfläche,Anstrich auf verputzter Oberfläche
800401,Boden 150 Typ,Equipment,General,machine-shift,31.45,31.45,31.45,31.45,1,EUR,1.33,0.0423,8,8,建筑工程,Bodenbehandlung und Böschungsstützung,Baugrube,Sektion Stahlpfahl
100396,Acryl-Polyurethan-Metallfarbenverdünner,Material,Steel & Metal,kg,3.05,3.05,3.05,3.05,1,EUR,0.06,0.0192,8,8,建筑工程,"Maler-, Beschichtungs- und Tapezierarbeiten",Anstrich auf verputzter Oberfläche,Anstrich auf verputzter Oberfläche
100052,Poly PVC Abdichtungsbahn 1.5mm Dicke,Material,Waterproofing,m2,10.45,10.45,10.45,10.45,1,EUR,11.16,1.0677,8,8,建筑工程,Dach- und Abdichtungsarbeiten,"Wandflächenabdichtung, Feuchtigkeitsschutz",wandflächenabdichtung
370021,Trennwandtür,Material,General,m2,18.81,18.81,18.81,18.81,1,EUR,22.29,1.185,8,8,建筑工程,"Wand- und Säulenbekleidungen, Trennwände und Vorhangfassaden",Trennwand,Trennwand
090489,Aluminiumlegierung Trennwand,Material,General,m2,37.61,37.61,37.61,37.61,1,EUR,153.03,4.0687,8,8,建筑工程,"Wand- und Säulenbekleidungen, Trennwände und Vorhangfassaden",Trennwand,Trennwand
080115,T-Profil Leichtstahlprofil TB-1P,Material,Steel & Metal,pcs,0.08,0.08,0.08,0.08,1,EUR,0.16,1.9638,8,8,建筑工程,Deckenarbeiten,Decke abgehängte Decke,Deckenprofil
080058,T-förmige Lackleiste TB24×28,Material,Paint & Coatings,m,1.06,1.06,1.06,1.06,1,EUR,1.67,1.5658,8,8,建筑工程,Deckenarbeiten,Decke abgehängte Decke,Deckenprofil
170196,50,Material,General,m,1.76,1.76,1.76,1.76,1,EUR,1.65,0.9393,8,8,建筑工程,Dach- und Abdichtungsarbeiten,Dachabdichtung und Zubehör,Dach ()
850036,TEK1230C64,Equipment,General,machine-shift,30.1,30.1,30.1,30.1,1,EUR,47.69,1.5844,8,8,建筑工程,Allgemeine Installationsarbeiten - Vol.6 Automatisierungssteuerungsinstrumentier,,
850219,HD-,Equipment,General,machine-shift,2.31,2.31,2.31,2.31,1,EUR,3.03,1.3125,8,8,建筑工程,Allgemeine Installationsarbeiten - Vol.6 Automatisierungssteuerungsinstrumentier,,
080082,T-förmige Lackleiste TB24×38,Material,Paint & Coatings,m,1.07,1.07,1.07,1.07,1,EUR,1.66,1.5577,8,8,建筑工程,Deckenarbeiten,Decke abgehängte Decke,Deckenprofil
080181,Glas dekorative flache Platte,Material,Glass,m2,22.99,22.99,22.99,22.99,1,EUR,23.68,1.03,8,8,建筑工程,"Wand- und Säulenbekleidungen, Trennwände und Vorhangfassaden",Wandverkleidung,Wandoberflächen-Dekorplatte
080180,Glas dekorative flache Platte,Material,Glass,m2,33.43,33.43,33.43,33.43,1,EUR,34.44,1.03,8,8,建筑工程,"Wand- und Säulenbekleidungen, Trennwände und Vorhangfassaden",Wandverkleidung,Wandoberflächen-Dekorplatte
090382,Edelstahlleiste 2mm,Material,Steel & Metal,m,0.36,0.36,0.36,0.36,1,EUR,0.6,1.6991,8,8,建筑工程,"Wand- und Säulenbekleidungen, Trennwände und Vorhangfassaden",Wandverkleidung,Wandoberflächen-Dekorplatte
080183,Glas dekorative Oberflächentafel,Material,Glass,m2,66.87,66.87,66.87,66.87,1,EUR,68.87,1.03,8,8,建筑工程,"Wand- und Säulenbekleidungen, Trennwände und Vorhangfassaden",Wandverkleidung,Wandoberflächen-Dekorplatte
080054,T-förmige Aluminiumlegierungs-Traverse TB24×38,Material,General,m,1.0,1.0,1.0,1.0,1,EUR,1.56,1.5577,8,8,建筑工程,Deckenarbeiten,Decke abgehängte Decke,Deckenprofil
080055,T-förmige Aluminiumlegierungs-Traverse TB24×28,Material,General,m,0.86,0.86,0.86,0.86,1,EUR,1.35,1.5658,8,8,建筑工程,Deckenarbeiten,Decke abgehängte Decke,Deckenprofil
080067,T-förmige Leichtstahlkonstruktion TB23×32,Material,Steel & Metal,m,1.12,1.12,1.12,1.12,1,EUR,2.09,1.8648,8,8,建筑工程,Deckenarbeiten,Decke abgehängte Decke,Deckenprofil
800250,Stumpfschweißer 75kVA,Equipment,Welding Equip.,machine-shift,4.39,4.39,4.39,4.39,1,EUR,1.5,0.3425,8,8,建筑工程,Beton- und Stahlbetonarbeiten,Bewehrungsarbeiten,
050018,Glas 10mm,Material,Glass,m2,59.76,59.76,59.76,59.76,1,EUR,73.51,1.23,8,8,建筑工程,Deckenarbeiten,Decke abgehängte Decke,Deckenabschlusslage
080232,Papierbelegter Gipskartonplatte 9.5 Dicke,Material,Wood & Timber,m2,2.4,2.4,2.4,2.4,1,EUR,1.68,0.699,8,8,建筑工程,Deckenarbeiten,Decke abgehängte Decke,Deckenabschlusslage
080068,T-förmige Leichtstahl-Unterkonstruktion TB23×26,Material,Steel & Metal,m,1.06,1.06,1.06,1.06,1,EUR,1.51,1.4172,8,8,建筑工程,Deckenarbeiten,Decke abgehängte Decke,Deckenprofil
460098,mit,Material,General,Box,2.51,2.51,2.51,2.51,1,EUR,13.79,5.5,8,8,建筑工程,Allgemeine Installationsarbeiten - Vol.5 Gebäudeleittechnik,,"mit, mit Installation"
110736,95%,Material,General,kg,1.67,1.67,1.67,1.67,1,EUR,2.65,1.5875,8,8,建筑工程,Allgemeine Installationsarbeiten - Bd.4 Elektrogeräteinstallation,Strom,
110793,Polyurethanplatte,Material,General,m3,114.93,114.93,114.93,114.93,1,EUR,2.58,0.0225,8,8,建筑工程,Wärmedämm- und Korrosionsschutzarbeiten,,Decke
010037,verzinktes Stahlblech 1.0 1.5,Material,Steel & Metal,kg,1.15,1.15,1.15,1.15,1,EUR,13.9,12.1125,8,8,建筑工程,Allgemeine Installationsarbeiten - Vol.7 Lüftung und Klimatisierung,,
800618,Anstrich,Equipment,General,machine-shift,7.27,7.27,7.27,7.27,1,EUR,0.1,0.0144,8,8,建筑工程,"Allgemeine Montagearbeiten - Bd.12 Malerarbeiten, Korrosionsschutz, Wärmedämmung",rechteckiges Bürsten,
030137,Holzbodenplatte,Material,Wood & Timber,m2,37.61,37.61,37.61,37.61,1,EUR,43.76,1.1634,8,8,建筑工程,Bodenbelagsarbeiten,Oberflächenabschlusslage,Holzbodenplatte
120003,Boden,Material,General,m2,8.36,8.36,8.36,8.36,1,EUR,12.32,1.4736,8,8,建筑工程,Bodenbelagsarbeiten,Treppenhaus-Finishschicht,Rahmen
120002,Grundierung mit,Material,General,m,0.92,0.92,0.92,0.92,1,EUR,0.42,0.4613,8,8,建筑工程,Bodenbelagsarbeiten,Oberflächenabschlusslage,Boden
850035,MG9001A,Equipment,General,machine-shift,9.14,9.14,9.14,9.14,1,EUR,28.65,3.135,8,8,建筑工程,Allgemeine Installationsarbeiten - Bd.11 Kommunikationsausrüstung und Leitungen,,
850076,PCM,Equipment,General,machine-shift,152.49,152.49,152.49,152.49,1,EUR,116.27,0.7625,8,8,建筑工程,Allgemeine Installationsarbeiten - Bd.11 Kommunikationsausrüstung und Leitungen,Rahmen (einschließlich usw.),
010121,Stahldraht,Material,Steel & Metal,kg,1.1,1.1,1.1,1.1,1,EUR,0.36,0.325,8,8,建筑工程,Allgemeine Installationsarbeiten - Bd.11 Kommunikationsausrüstung und Leitungen,,Elektrizität ()
090343,Edelstahl 20,Material,Steel & Metal,pcs,1.9,1.9,1.9,1.9,1,EUR,16.14,8.4894,8,8,建筑工程,sonstige Dekorationsarbeiten,"Handlauf, Geländer, Geländerscheibe dekorativ","Metallhandlauf, Geländer, Geländerscheibe"
110503,Verdünner für Klebstoffdecklack,Material,General,kg,4.39,4.39,4.39,4.39,1,EUR,0.05,0.0118,8,8,建筑工程,"Maler-, Beschichtungs- und Tapezierarbeiten",,Metalltür- und Fensteranstrich
070140,Aluminiumlegierungsstreifenbreite (30mm innen),Material,General,m,1.25,1.25,1.25,1.25,1,EUR,0.42,0.3325,8,8,建筑工程,sonstige Dekorationsarbeiten,Dekorative Zierleiste,Metall-Zierleiste
090352,Edelstahl 75,Material,Steel & Metal,pcs,3.8,3.8,3.8,3.8,1,EUR,2.9,0.7625,8,8,建筑工程,sonstige Dekorationsarbeiten,"Handlauf, Geländer, Geländerscheibe dekorativ","Metallhandlauf, Geländer, Geländerscheibe"
850230,"1310/1550nm, 0 60dB",Equipment,General,machine-shift,20.69,20.69,20.69,20.69,1,EUR,4.83,0.2333,8,8,建筑工程,Allgemeine Installationsarbeiten - Bd.11 Kommunikationsausrüstung und Leitungen,,
090437,Tür,Material,General,set,3.13,3.13,3.13,3.13,1,EUR,2.76,0.8813,8,8,建筑工程,Tür- und Fensterarbeiten,Beschlagmontage,fertige Trennwand
100394,Steinfarbe,Material,Paint & Coatings,kg,6.42,6.42,6.42,6.42,1,EUR,1.48,0.231,8,8,建筑工程,"Maler-, Beschichtungs- und Tapezierarbeiten",Anstrich auf verputzter Oberfläche,Anstrich auf verputzter Oberfläche
100399,layer,Material,General,kg,4.01,4.01,4.01,4.01,1,EUR,9.55,2.381,8,8,建筑工程,"Maler-, Beschichtungs- und Tapezierarbeiten",Anstrich auf verputzter Oberfläche,Anstrich auf verputzter Oberfläche
080182,Glas dekorative flache Platte,Material,Glass,m2,58.51,58.51,58.51,58.51,1,EUR,60.26,1.03,8,8,建筑工程,"Wand- und Säulenbekleidungen, Trennwände und Vorhangfassaden",Wandverkleidung,Wandoberflächen-Dekorplatte
080192,Spiegelglas mit 6mm Stärke,Material,Glass,m2,20.48,20.48,20.48,20.48,1,EUR,24.53,1.198,8,8,建筑工程,"Wand- und Säulenbekleidungen, Trennwände und Vorhangfassaden",Wandverkleidung,Wandoberflächen-Dekorplatte
150088,trockenstrom 1,Material,General,Stück,0.42,0.42,0.42,0.42,1,EUR,174.06,416.5,8,8,建筑工程,Allgemeine Installationsarbeiten - Vol.9 Brandschutz,,
150145,Aluminium-Flussmittel,Material,General,kg,10.93,10.93,10.93,10.93,1,EUR,0.16,0.015,8,8,建筑工程,Dach- und Abdichtungsarbeiten,Dachabdichtung und Zubehör,Dachabdichtung mit Dachbahn
100268,PSS Abdichtungsbahn 0.5mm Dicke,Material,Waterproofing,m2,32.39,32.39,32.39,32.39,1,EUR,33.36,1.03,8,8,建筑工程,Dach- und Abdichtungsarbeiten,Dachabdichtung und Zubehör,Dachabdichtung mit Dachbahn
810172,Kohlenstoffkleber,Material,General,m3,3343.37,3343.37,3343.37,3343.37,1,EUR,23.4,0.007,8,8,建筑工程,Wärmedämm- und Korrosionsschutzarbeiten,Korrosionsschutzbeschichtungsschicht,Blockverkleidung Korrosionsschutzbeschichtung
850003,Elektrizität JH1741/05,Equipment,General,machine-shift,1.84,1.84,1.84,1.84,1,EUR,52.01,28.25,8,8,建筑工程,Allgemeine Installationsarbeiten - Vol.9 Brandschutz,,
010062,verzinktes Stahlrohr 125,Material,Steel & Metal,m,15.92,15.92,15.92,15.92,1,EUR,17.98,1.1294,8,8,建筑工程,Allgemeine Installationsarbeiten - Bd.4 Elektrogeräteinstallation,,Elektroinstallation Fertigung
280260,verzinktes Stahlrohr-Verbindungsstück 25,Material,Steel & Metal,pcs,0.34,0.34,0.34,0.34,1,EUR,0.06,0.1648,8,8,建筑工程,Allgemeine Installationsarbeiten - Bd.4 Elektrogeräteinstallation,,verzinktes Stahlrohr
280261,verzinktes Stahlrohr-Verbindungsstück 32,Material,Steel & Metal,pcs,0.51,0.51,0.51,0.51,1,EUR,0.08,0.1648,8,8,建筑工程,Allgemeine Installationsarbeiten - Bd.4 Elektrogeräteinstallation,,verzinktes Stahlrohr
090928,Stahlbefestigung,Material,Steel & Metal,set,0.73,0.73,0.73,0.73,1,EUR,3.73,5.1,8,8,建筑工程,Dach- und Abdichtungsarbeiten,Dachabdichtung und Zubehör,Dachabdichtung mit Dachbahn
110335,Gips,Material,General,kg,0.32,0.32,0.32,0.32,1,EUR,0.19,0.5835,8,8,建筑工程,"Wand- und Säulenbekleidungen, Trennwände und Vorhangfassaden",Wandverkleidung,Wandoberflächen-Dekorplatte
090924,verzinktes Stahlblech U-Profilleiste 1.5mm,Material,Steel & Metal,m,1.36,1.36,1.36,1.36,1,EUR,0.07,0.054,8,8,建筑工程,Dach- und Abdichtungsarbeiten,Dachabdichtung und Zubehör,Dachabdichtung mit Dachbahn
170630,15 25,Material,General,pcs,0.02,0.02,0.02,0.02,1,EUR,0.03,2.06,8,8,建筑工程,Allgemeine Installationsarbeiten - Bd.4 Elektrogeräteinstallation,Formteilemontage,
090183,verzinkter Holznagel,Material,Wood & Timber,pcs,0.01,0.01,0.01,0.01,1,EUR,0.02,2.2391,8,8,建筑工程,Allgemeine Installationsarbeiten - Bd.4 Elektrogeräteinstallation,Formteilemontage,PVC
090247,Aluminium-Gitterplatte,Material,General,m2,3.13,3.13,3.13,3.13,1,EUR,2.49,0.795,8,8,建筑工程,"Wand- und Säulenbekleidungen, Trennwände und Vorhangfassaden",Wandverkleidung,Wandoberflächen-Dekorplatte
090355,aluminiumlegierter dekorativer Platten,Material,General,m2,29.25,29.25,29.25,29.25,1,EUR,29.72,1.0158,8,8,建筑工程,"Wand- und Säulenbekleidungen, Trennwände und Vorhangfassaden",Wandverkleidung,Wandoberflächen-Dekorplatte
110443,Höhe,Material,General,kg,1.63,1.63,1.63,1.63,1,EUR,18.19,11.1622,8,8,建筑工程,Dach- und Abdichtungsarbeiten,,Profil und andere Dachteile
280259,verzinktes Stahlrohr-Verbindungsstück 20,Material,Steel & Metal,pcs,0.24,0.24,0.24,0.24,1,EUR,0.04,0.1648,8,8,建筑工程,Allgemeine Installationsarbeiten - Bd.4 Elektrogeräteinstallation,,verzinktes Stahlrohr
280258,verzinktes Stahlrohr-Verbindungsstück 15,Material,Steel & Metal,pcs,0.12,0.12,0.12,0.12,1,EUR,0.02,0.1648,8,8,建筑工程,Allgemeine Installationsarbeiten - Bd.4 Elektrogeräteinstallation,,verzinktes Stahlrohr
090929,Streifen,Material,General,kg,5.22,5.22,5.22,5.22,1,EUR,0.44,0.085,8,8,建筑工程,Dach- und Abdichtungsarbeiten,Dachabdichtung und Zubehör,Dachabdichtung mit Dachbahn
850100,"Elektrizität, Elektrizität HJ-12E",Equipment,General,machine-shift,2.65,2.65,2.65,2.65,1,EUR,2.65,1.0,8,8,建筑工程,Allgemeine Installationsarbeiten - Bd.4 Elektrogeräteinstallation,Höhenstrom,Strom
850001,TDJC-S-1,Equipment,General,machine-shift,4.18,4.18,4.18,4.18,1,EUR,12.85,3.075,8,8,建筑工程,Allgemeine Installationsarbeiten - Vol.9 Brandschutz,,
040032,DM1 Ziegel 190×240×90,Material,General,pcs,0.18,0.18,0.18,0.18,1,EUR,25.14,136.705,8,8,建筑工程,Mauerwerksarbeiten,,
040036,DMp Ziegel 190×90×40,Material,General,pcs,0.04,0.04,0.04,0.04,1,EUR,1.98,45.08,8,8,建筑工程,Mauerwerksarbeiten,,
850004,Elektrizität WYK-6005,Equipment,General,machine-shift,5.7,5.7,5.7,5.7,1,EUR,161.16,28.25,8,8,建筑工程,Allgemeine Installationsarbeiten - Vol.9 Brandschutz,,
090493,verzinkt 20,Material,General,pcs,0.11,0.11,0.11,0.11,1,EUR,0.92,8.16,8,8,建筑工程,Allgemeine Installationsarbeiten - Bd.4 Elektrogeräteinstallation,Trockeninstallation,
800167,Betonspritzen 5m3/h,Equipment,General,machine-shift,5.04,5.04,5.04,5.04,1,EUR,0.19,0.0383,8,8,建筑工程,Bodenbehandlung und Böschungsstützung,Baugrube,"Spritzbeton, Zementmörtel"
090001,Verbund 25 innen,Material,General,pcs,0.21,0.21,0.21,0.21,1,EUR,0.22,1.03,8,8,建筑工程,"Allgemeine Installationsarbeiten - Vol.10 Wasserversorgung, Entwässerung, Heizun",Wasserinstallation,
110008,Anstrich,Material,Paint & Coatings,kg,3.26,3.26,3.26,3.26,1,EUR,0.16,0.0499,8,8,建筑工程,Holzbauarbeiten,Holztragwerk,Bodenstein
030087,Holz,Material,Wood & Timber,m3,218.99,218.99,218.99,218.99,1,EUR,20.8,0.095,8,8,建筑工程,Allgemeine Installationsarbeiten - Bd.4 Elektrogeräteinstallation,,
090142,verzinkt mit Bolzen 20×(85 100),Material,Fasteners,set,0.75,0.75,0.75,0.75,1,EUR,3.04,4.08,8,8,建筑工程,Allgemeine Installationsarbeiten - Bd.4 Elektrogeräteinstallation,Trockeninstallation,
110478,Metall-Fluorkohlenstoff-Lack Deckanstrich,Material,Steel & Metal,kg,18.81,18.81,18.81,18.81,1,EUR,3.57,0.19,8,8,建筑工程,"Maler-, Beschichtungs- und Tapezierarbeiten",,Metalltür- und Fensteranstrich
060084,Wandstärke Typ Verkleidungsfliese (7 9mm) je Flächeneinheit 0.06m2 innerhalb,Material,General,m2,16.72,16.72,16.72,16.72,1,EUR,16.48,0.986,8,8,建筑工程,"Wand- und Säulenbekleidungen, Trennwände und Vorhangfassaden",Wandverkleidungsschicht,Blockverkleidete Wandoberfläche
060083,Wandtyp Verkleidung Fliese (5 6mm) je Flächeneinheit 0.06m2 darüber hinaus,Material,General,m2,16.72,16.72,16.72,16.72,1,EUR,16.63,0.995,8,8,建筑工程,"Wand- und Säulenbekleidungen, Trennwände und Vorhangfassaden",Wandverkleidungsschicht,Blockverkleidete Wandoberfläche
060082,Wandtyp Verkleidung Fliese (5 6mm) je Flächeneinheit 0.06m2 innerhalb,Material,General,m2,16.72,16.72,16.72,16.72,1,EUR,16.48,0.986,8,8,建筑工程,"Wand- und Säulenbekleidungen, Trennwände und Vorhangfassaden",Wandverkleidungsschicht,Blockverkleidete Wandoberfläche
040206,Wand Stein Ziegel,Material,General,m2,18.81,18.81,18.81,18.81,1,EUR,17.82,0.9475,8,8,建筑工程,"Wand- und Säulenbekleidungen, Trennwände und Vorhangfassaden",Wandverkleidungsschicht,Blockverkleidete Wandoberfläche
360027,Elektrizität HPYV-ZR10×2×0.5,Material,General,m,0.61,0.61,0.61,0.61,1,EUR,6.18,10.2,8,8,建筑工程,Allgemeine Installationsarbeiten - Bd.11 Kommunikationsausrüstung und Leitungen,,
110479,Metall-Fluorkohlenstoff-Lack Verdünner für Deckanstrich,Material,Steel & Metal,kg,4.22,4.22,4.22,4.22,1,EUR,0.02,0.0057,8,8,建筑工程,"Maler-, Beschichtungs- und Tapezierarbeiten",,Metalltür- und Fensteranstrich
090249,Streifen,Material,General,m,1.42,1.42,1.42,1.42,1,EUR,3.17,2.23,8,8,建筑工程,Bodenbelagsarbeiten,Bodenfliesenverlegung,
060085,Wandstärke Typ Verkleidungsfliese (7 9mm) je Flächeneinheit 0.06m2 darüber hinaus,Material,General,m2,16.72,16.72,16.72,16.72,1,EUR,16.63,0.995,8,8,建筑工程,"Wand- und Säulenbekleidungen, Trennwände und Vorhangfassaden",Wandverkleidungsschicht,Blockverkleidete Wandoberfläche
090177,Holznagel,Material,Wood & Timber,pcs,0.01,0.01,0.01,0.01,1,EUR,0.05,7.545,8,8,建筑工程,Allgemeine Installationsarbeiten - Bd.4 Elektrogeräteinstallation,"Installation (030904004, 030904005)",
090570,verzinkt 5,Material,General,pcs,0.03,0.03,0.03,0.03,1,EUR,0.13,4.08,8,8,建筑工程,Allgemeine Installationsarbeiten - Bd.4 Elektrogeräteinstallation,,
060050,Wandverkleidungsfliese 0.06m2 darüber hinaus,Material,General,m2,18.81,18.81,18.81,18.81,1,EUR,18.03,0.9588,8,8,建筑工程,"Wand- und Säulenbekleidungen, Trennwände und Vorhangfassaden",Säulen- (Träger-) Oberflächenfliesenverkleidung,Blockverkleidung Säulenoberfläche
060086,fertiger Produkttyp Steinplatte 5mm,Material,General,m2,29.25,29.25,29.25,29.25,1,EUR,29.99,1.025,8,8,建筑工程,"Wand- und Säulenbekleidungen, Trennwände und Vorhangfassaden",Säulen- (Träger-) Oberflächenfliesenverkleidung,Steinsäulenoberfläche
050024,Glasleiste,Material,Glass,m,0.04,0.04,0.04,0.04,1,EUR,0.09,2.23,8,8,建筑工程,Bodenbelagsarbeiten,Bodenfliesenverlegung,
110615,Dichtfarbe,Material,Paint & Coatings,kg,7.56,7.56,7.56,7.56,1,EUR,1.48,0.195,8,8,建筑工程,"Maler-, Beschichtungs- und Tapezierarbeiten",,Metalltür- und Fensteranstrich
800016,Tauchpumpe 100,Equipment,Pumps,machine-shift,2.63,2.63,2.63,2.63,1,EUR,1.77,0.6715,8,8,建筑工程,Pfahlgründungsarbeiten,Bohrpfahl,Wasser
010146,Stahl,Material,Steel & Metal,pcs,1.44,1.44,1.44,1.44,1,EUR,0.1,0.0676,8,8,建筑工程,Allgemeine Installationsarbeiten - Bd.4 Elektrogeräteinstallation,,
220004,Verbindung 20,Material,General,pcs,1.0,1.0,1.0,1.0,1,EUR,1.51,1.515,8,8,建筑工程,"Allgemeine Installationsarbeiten - Vol.10 Wasserversorgung, Entwässerung, Heizun",Wasserinstallation,
090704,Stahlrohr lackieren,Material,Steel & Metal,m,2.09,2.09,2.09,2.09,1,EUR,14.66,7.0178,8,8,建筑工程,sonstige Dekorationsarbeiten,"Handlauf, Geländer, Geländerscheibe dekorativ","Metallhandlauf, Geländer, Geländerscheibe"
090367,75,Material,General,pcs,7.94,7.94,7.94,7.94,1,EUR,6.05,0.7625,8,8,建筑工程,sonstige Dekorationsarbeiten,"Handlauf, Geländer, Geländerscheibe dekorativ","Metallhandlauf, Geländer, Geländerscheibe"
090348,Edelstahlgeländer 20,Material,Steel & Metal,m,6.25,6.25,6.25,6.25,1,EUR,43.85,7.0178,8,8,建筑工程,sonstige Dekorationsarbeiten,"Handlauf, Geländer, Geländerscheibe dekorativ","Metallhandlauf, Geländer, Geländerscheibe"
090366,50,Material,General,pcs,7.71,7.71,7.71,7.71,1,EUR,9.98,1.295,8,8,建筑工程,sonstige Dekorationsarbeiten,"Handlauf, Geländer, Geländerscheibe dekorativ","Metallhandlauf, Geländer, Geländerscheibe"
090350,Edelstahlgeländer 50,Material,Steel & Metal,m,16.51,16.51,16.51,16.51,1,EUR,19.69,1.193,8,8,建筑工程,sonstige Dekorationsarbeiten,"Handlauf, Geländer, Geländerscheibe dekorativ","Metallhandlauf, Geländer, Geländerscheibe"
090368,20,Material,General,pcs,3.18,3.18,3.18,3.18,1,EUR,26.96,8.4894,8,8,建筑工程,sonstige Dekorationsarbeiten,"Handlauf, Geländer, Geländerscheibe dekorativ","Metallhandlauf, Geländer, Geländerscheibe"
090499,verzinkt 20,Material,General,pcs,0.03,0.03,0.03,0.03,1,EUR,0.11,4.08,8,8,建筑工程,Allgemeine Installationsarbeiten - Bd.4 Elektrogeräteinstallation,Trockeninstallation,
090372,Geländer 50,Material,General,m,38.6,38.6,38.6,38.6,1,EUR,46.04,1.193,8,8,建筑工程,sonstige Dekorationsarbeiten,"Handlauf, Geländer, Geländerscheibe dekorativ","Metallhandlauf, Geländer, Geländerscheibe"
100395,gewöhnlicher Acryl-Metallfarbenverdünner,Material,Steel & Metal,kg,3.49,3.49,3.49,3.49,1,EUR,0.07,0.0211,8,8,建筑工程,"Maler-, Beschichtungs- und Tapezierarbeiten",Anstrich auf verputzter Oberfläche,Anstrich auf verputzter Oberfläche
800164,Beton,Equipment,General,machine-shift,86.09,86.09,86.09,86.09,1,EUR,6.73,0.0782,7,7,建筑工程,Bodenbehandlung und Böschungsstützung,,
090321,Schloss,Material,General,pcs,14.21,14.21,14.21,14.21,1,EUR,14.21,1.0,7,7,建筑工程,Tür- und Fensterarbeiten,Beschlagmontage,
170716,Poly,Material,General,kg,3.91,3.91,3.91,3.91,1,EUR,0.39,0.1,7,7,建筑工程,Allgemeine Installationsarbeiten - Bd.11 Kommunikationsausrüstung und Leitungen,,
120020,Streifen,Material,General,m,0.09,0.09,0.09,0.09,1,EUR,0.54,6.2094,7,7,建筑工程,Bodenbelagsarbeiten,Oberflächenabschlusslage,elektrische Fundamenterder
050005,Glasbaustein 190×190×95,Material,Glass,pcs,3.13,3.13,3.13,3.13,1,EUR,84.08,26.825,7,7,建筑工程,"Wand- und Säulenbekleidungen, Trennwände und Vorhangfassaden",Trennwand,Glaswand
400403,Zementkohle gebrochener Stein gemischt,Material,Concrete & Cement,m3,72.68,72.68,72.68,72.68,1,EUR,94.05,1.2942,7,7,建筑工程,Bodenbehandlung und Böschungsstützung,,
080099,T-förmige Leiste 3.5,Material,General,pcs,0.27,0.27,0.27,0.27,1,EUR,0.35,1.3038,7,7,建筑工程,Deckenarbeiten,Decke abgehängte Decke,Deckenprofil
080014,U-förmige Leichtstahlkonstruktion CS50×15,Material,Steel & Metal,m,1.59,1.59,1.59,1.59,1,EUR,8.07,5.083,7,7,建筑工程,Deckenarbeiten,Decke abgehängte Decke,Deckenprofil
850010,PAS5633,Equipment,General,machine-shift,0.92,0.92,0.92,0.92,1,EUR,10.29,11.1714,7,7,建筑工程,Allgemeine Installationsarbeiten - Vol.5 Gebäudeleittechnik,,
850023,BX-14A,Equipment,General,machine-shift,4.84,4.84,4.84,4.84,1,EUR,1.57,0.325,7,7,建筑工程,Allgemeine Installationsarbeiten - Vol.6 Automatisierungssteuerungsinstrumentier,,einzeln
800610,Strom,Equipment,General,machine-shift,30.88,30.88,30.88,30.88,1,EUR,0.35,0.0114,7,7,建筑工程,"Wand- und Säulenbekleidungen, Trennwände und Vorhangfassaden",Vorhangfassadenarbeiten,Glasfassade
091019,Bodenanker 24×(150 300),Material,Fasteners,set,1.63,1.63,1.63,1.63,1,EUR,6.65,4.08,7,7,建筑工程,Allgemeine Installationsarbeiten - Vol.7 Lüftung und Klimatisierung,Installation,Mischinstallation
110308,Klebstoff,Material,General,kg,11.03,11.03,11.03,11.03,1,EUR,3.35,0.3033,7,7,建筑工程,Dach- und Abdichtungsarbeiten,Dachabdichtung und Zubehör,Dach ()
100039,Klebeband,Material,General,m,1.46,1.46,1.46,1.46,1,EUR,1.26,0.8596,7,7,建筑工程,"Wand- und Säulenbekleidungen, Trennwände und Vorhangfassaden",Trennwand,Glaswand
110001,Alkyd-Emaille,Material,Paint & Coatings,kg,3.97,3.97,3.97,3.97,1,EUR,1.26,0.3166,7,7,建筑工程,"Maler-, Beschichtungs- und Tapezierarbeiten",Anstrich auf verputzter Oberfläche,Anstrich auf verputzter Oberfläche
120047,Dekorative Platte,Material,General,m2,6.52,6.52,6.52,6.52,1,EUR,7.24,1.1107,7,7,建筑工程,"Wand- und Säulenbekleidungen, Trennwände und Vorhangfassaden",Wandverkleidung,Wandoberflächen-Dekorplatte
850103,AI-6000D,Equipment,General,machine-shift,33.68,33.68,33.68,33.68,1,EUR,209.35,6.215,7,7,建筑工程,Allgemeine Installationsarbeiten - Bd.4 Elektrogeräteinstallation,Strom,
850122,Elektrizität JINDAHLC5501,Equipment,General,machine-shift,7.48,7.48,7.48,7.48,1,EUR,8.97,1.1986,7,7,建筑工程,Allgemeine Installationsarbeiten - Bd.4 Elektrogeräteinstallation,Strom,"10kV, einpolig"
080135,Abgehängte Deckenlattung LB35-1P,Material,General,pcs,0.13,0.13,0.13,0.13,1,EUR,0.09,0.6634,7,7,建筑工程,Deckenarbeiten,Decke abgehängte Decke,abgehängte Decke
080251,streifenförmig,Material,General,m,4.16,4.16,4.16,4.16,1,EUR,40.19,9.6661,7,7,建筑工程,Deckenarbeiten,Decke abgehängte Decke,abgehängte Decke
080134,Abgehängte Deckenleiste LB25×40,Material,General,m,1.03,1.03,1.03,1.03,1,EUR,0.9,0.8687,7,7,建筑工程,Deckenarbeiten,Decke abgehängte Decke,abgehängte Decke
850259,"10 s 1000s, 1 s",Equipment,General,machine-shift,1.6,1.6,1.6,1.6,1,EUR,5.03,3.1429,7,7,建筑工程,Allgemeine Installationsarbeiten - Vol.5 Gebäudeleittechnik,,
300038,verzinkter Winkelstahl-Abstützung 50×50×5×910,Material,Steel & Metal,pcs,3.8,3.8,3.8,3.8,1,EUR,7.63,2.006,7,7,建筑工程,Allgemeine Installationsarbeiten - Bd.4 Elektrogeräteinstallation,,Installation
280064,(Stahlrohr) 70,Material,Steel & Metal,pcs,0.17,0.17,0.17,0.17,1,EUR,0.03,0.1545,7,7,建筑工程,Allgemeine Installationsarbeiten - Bd.4 Elektrogeräteinstallation,,Schweißen von Stahlrohren
090538,Bolzen und,Material,Fasteners,kg,1.7,1.7,1.7,1.7,1,EUR,4.16,2.4491,7,7,建筑工程,"Allgemeine Installationsarbeiten - Vol.10 Wasserversorgung, Entwässerung, Heizun",,Bügelbefestigung
010407,Nagel 19×100,Material,Fasteners,set,0.59,0.59,0.59,0.59,1,EUR,0.59,1.01,7,7,建筑工程,Metallbauarbeiten,Stahlträger,
100272,Polymerabdichtungsbahn 0.7mm Dicke,Material,Waterproofing,m2,2.72,2.72,2.72,2.72,1,EUR,3.3,1.2162,7,7,建筑工程,Dach- und Abdichtungsarbeiten,Dachabdichtung und Zubehör,Dachabdichtung mit Dachbahn
280264,verzinktes Stahlrohr-Verbindungsstück 70,Material,Steel & Metal,pcs,1.09,1.09,1.09,1.09,1,EUR,0.17,0.1545,7,7,建筑工程,Allgemeine Installationsarbeiten - Bd.4 Elektrogeräteinstallation,,verzinktes Stahlrohr
040046,KP1 Lochziegel 180×115×90,Material,General,pcs,0.18,0.18,0.18,0.18,1,EUR,4.83,27.5371,7,7,建筑工程,Mauerwerksarbeiten,,
040045,KP1 Lochziegel 240×115×90,Material,General,pcs,0.17,0.17,0.17,0.17,1,EUR,44.11,267.2086,7,7,建筑工程,Mauerwerksarbeiten,,
280265,verzinktes Stahlrohr-Verbindungsstück 80,Material,Steel & Metal,pcs,1.5,1.5,1.5,1.5,1,EUR,0.23,0.1545,7,7,建筑工程,Allgemeine Installationsarbeiten - Bd.4 Elektrogeräteinstallation,,verzinktes Stahlrohr
280266,verzinktes Stahlrohr-Verbindungsstück 100,Material,Steel & Metal,pcs,2.38,2.38,2.38,2.38,1,EUR,0.37,0.1545,7,7,建筑工程,Allgemeine Installationsarbeiten - Bd.4 Elektrogeräteinstallation,,verzinktes Stahlrohr
190010,100,Material,General,pcs,338.47,338.47,338.47,338.47,1,EUR,6.77,0.02,7,7,建筑工程,Allgemeine Installationsarbeiten - Vol.9 Brandschutz,,
850120,TSGC-30kVA,Equipment,General,machine-shift,3.01,3.01,3.01,3.01,1,EUR,4.14,1.3743,7,7,建筑工程,Allgemeine Installationsarbeiten - Bd.4 Elektrogeräteinstallation,Strom,
400064,SF Poly-Dichtmörtel,Material,Concrete & Cement,m3,135.82,135.82,135.82,135.82,1,EUR,6.8,0.0501,7,7,建筑工程,Dach- und Abdichtungsarbeiten,Dachabdichtung und Zubehör,Dachabdichtung
020109,Hohlblockstein,Material,General,m3,45.97,45.97,45.97,45.97,1,EUR,29.85,0.6493,7,7,建筑工程,Mauerwerksarbeiten,Blockmauerwerk,
020097,Hohl-Spezialblock,Material,General,m3,50.15,50.15,50.15,50.15,1,EUR,7.43,0.1481,7,7,建筑工程,Mauerwerksarbeiten,Blockmauerwerk,
250005,"(mit, mit) 25MPa",Material,General,set,122.91,122.91,122.91,122.91,1,EUR,4.92,0.04,7,7,建筑工程,Allgemeine Installationsarbeiten - Vol.9 Brandschutz,,
800441,Raupenkran 50t,Equipment,Cranes,machine-shift,243.23,243.23,243.23,243.23,1,EUR,5.93,0.0244,7,7,建筑工程,Vorleistungen und Baustelleneinrichtung,Vertikaler Transport,Vertikaler Transport
800065,Strom,Equipment,General,machine-shift,17.97,17.97,17.97,17.97,1,EUR,3.86,0.2149,7,7,建筑工程,"Allgemeine Installationsarbeiten - Vol.10 Wasserversorgung, Entwässerung, Heizun",,
090599,Mutter,Material,Fasteners,kg,1.95,1.95,1.95,1.95,1,EUR,2.32,1.1911,7,7,建筑工程,"Allgemeine Installationsarbeiten - Vol.10 Wasserversorgung, Entwässerung, Heizun",,Bügelbefestigung
800523,800T Pfahl,Equipment,General,machine-shift,695.44,695.44,695.44,695.44,1,EUR,45.26,0.0651,7,7,建筑工程,Pfahlgründungsarbeiten,,
010063,verzinktes Stahlrohr 150,Material,Steel & Metal,m,19.68,19.68,19.68,19.68,1,EUR,22.55,1.1457,7,7,建筑工程,Allgemeine Installationsarbeiten - Bd.4 Elektrogeräteinstallation,,Elektroinstallation Fertigung
090129,verzinkt mit Bolzen 12×(40 60),Material,Fasteners,set,0.16,0.16,0.16,0.16,1,EUR,1.2,7.64,7,7,建筑工程,Allgemeine Installationsarbeiten - Bd.4 Elektrogeräteinstallation,Installation,
180018,verzinkte Verbindung 15,Material,General,pcs,0.68,0.68,0.68,0.68,1,EUR,1.17,1.7314,7,7,建筑工程,"Allgemeine Installationsarbeiten - Vol.10 Wasserversorgung, Entwässerung, Heizun",Wasser,Wasser ()
810181,Zementstein (Stein),Material,Concrete & Cement,m3,66.87,66.87,66.87,66.87,1,EUR,0.72,0.0107,7,7,建筑工程,"Wand- und Säulenbekleidungen, Trennwände und Vorhangfassaden",Putzarbeiten,Dekorativer Wandputz
030122,Holzplatte rund 25×5,Material,Wood & Timber,m,0.78,0.78,0.78,0.78,1,EUR,10.45,13.3326,7,7,建筑工程,sonstige Dekorationsarbeiten,,Wand
070061,Spiegelglanz-Edelstahlprofil 30mm innen,Material,Steel & Metal,m,3.55,3.55,3.55,3.55,1,EUR,5.45,1.535,7,7,建筑工程,sonstige Dekorationsarbeiten,Dekorative Zierleiste,Metall-Zierleiste
060096,Fertigproduktstärke Steinplatte 100mm,Material,General,m2,45.97,45.97,45.97,45.97,1,EUR,46.89,1.02,7,7,建筑工程,"Wand- und Säulenbekleidungen, Trennwände und Vorhangfassaden",Wandverkleidungsschicht,Steinplatten-Wandoberfläche
110175,Fugenfüllung,Material,General,kg,0.67,0.67,0.67,0.67,1,EUR,0.03,0.0474,7,7,建筑工程,Bodenbelagsarbeiten,Dekorative Stufen,Ausgleichsschicht
050021,Floatglas 12mm,Material,Glass,m2,14.0,14.0,14.0,14.0,1,EUR,9.59,0.685,7,7,建筑工程,Tür- und Fensterarbeiten,,Wand
030029,Holz,Material,Wood & Timber,m3,125.38,125.38,125.38,125.38,1,EUR,0.45,0.0036,7,7,建筑工程,Bodenbehandlung und Böschungsstützung,Oberflächenabschlusslage,Holzbodenplatte
040001,Ziegelstein,Material,General,pcs,0.12,0.12,0.12,0.12,1,EUR,13.82,114.04,7,7,建筑工程,Bodenbelagsarbeiten,Oberflächenabschlusslage,Holzbodenplatte
800282,mit Bulldozer 75kW,Equipment,Bulldozers,machine-shift,95.62,95.62,95.62,95.62,1,EUR,0.79,0.0083,7,7,建筑工程,Erdarbeiten und Felsarbeiten,Auffüllung,Bodenverfüllung
110786,Anti-Rost-Lackierung,Material,Paint & Coatings,kg,4.68,4.68,4.68,4.68,1,EUR,2.29,0.4893,6,6,建筑工程,"Allgemeine Montagearbeiten - Bd.12 Malerarbeiten, Korrosionsschutz, Wärmedämmung",,
110073,Emaille,Material,Paint & Coatings,kg,6.21,6.21,6.21,6.21,1,EUR,2.88,0.4647,6,6,建筑工程,"Allgemeine Montagearbeiten - Bd.12 Malerarbeiten, Korrosionsschutz, Wärmedämmung",,
110294,Beschichtung,Material,General,kg,1.28,1.28,1.28,1.28,1,EUR,0.12,0.0975,6,6,建筑工程,"Allgemeine Montagearbeiten - Bd.12 Malerarbeiten, Korrosionsschutz, Wärmedämmung",,Beschichtungstyp
030073,Holzleiste (genagelt),Material,Wood & Timber,m,0.23,0.23,0.23,0.23,1,EUR,0.51,2.245,6,6,建筑工程,Bodenbelagsarbeiten,Oberflächenabschlusslage,Boden
130008,alkalibeständig 50mm Breite,Material,General,m,0.02,0.02,0.02,0.02,1,EUR,0.02,1.1,6,6,建筑工程,"Maler-, Beschichtungs- und Tapezierarbeiten",Anstrich auf verputzter Oberfläche,Anstrich auf verputzter Oberfläche
370240,Fenster mit vorstehender Platte,Material,Glass,m,14.63,14.63,14.63,14.63,1,EUR,14.63,1.0,6,6,建筑工程,Tür- und Fensterarbeiten,"Fenster, Fenster",
090320,Schloss,Material,General,pcs,4.56,4.56,4.56,4.56,1,EUR,4.56,1.0,6,6,建筑工程,Tür- und Fensterarbeiten,Beschlagmontage,
090323,Tür Positionierung,Material,General,pcs,4.58,4.58,4.58,4.58,1,EUR,4.58,1.0,6,6,建筑工程,Tür- und Fensterarbeiten,Beschlagmontage,
090325,Boden,Material,General,pcs,16.72,16.72,16.72,16.72,1,EUR,16.72,1.0,6,6,建筑工程,Tür- und Fensterarbeiten,Beschlagmontage,
090327,Tür,Material,General,pcs,3.13,3.13,3.13,3.13,1,EUR,3.13,1.0,6,6,建筑工程,Tür- und Fensterarbeiten,Beschlagmontage,
090329,Betonplatte,Material,General,pcs,5.02,5.02,5.02,5.02,1,EUR,5.02,1.0,6,6,建筑工程,Tür- und Fensterarbeiten,Beschlagmontage,
090443,rund,Material,General,pcs,33.43,33.43,33.43,33.43,1,EUR,33.43,1.0,6,6,建筑工程,Tür- und Fensterarbeiten,Beschlagmontage,
370190,Türblatt Scharnier,Material,General,pcs,16.72,16.72,16.72,16.72,1,EUR,16.72,1.0,6,6,建筑工程,Tür- und Fensterarbeiten,Beschlagmontage,
370232,Holzplatte,Material,Wood & Timber,m2,25.08,25.08,25.08,25.08,1,EUR,25.08,1.0,6,6,建筑工程,Tür- und Fensterarbeiten,Tür- und Fensterrahmen,
370233,Edelstahfenster,Material,Steel & Metal,m2,172.81,172.81,172.81,172.81,1,EUR,172.81,1.0,6,6,建筑工程,Tür- und Fensterarbeiten,Tür- und Fensterrahmen,
370234,Holzplatte Platte,Material,Wood & Timber,m2,20.9,20.9,20.9,20.9,1,EUR,20.9,1.0,6,6,建筑工程,Tür- und Fensterarbeiten,Tür- und Fensterrahmen,
370235,Edelstahfenster,Material,Steel & Metal,m2,172.81,172.81,172.81,172.81,1,EUR,172.81,1.0,6,6,建筑工程,Tür- und Fensterarbeiten,Fensterplatte,
370236,Holzfensterflügel,Material,Wood & Timber,m2,25.08,25.08,25.08,25.08,1,EUR,25.08,1.0,6,6,建筑工程,Tür- und Fensterarbeiten,Fensterplatte,
110777,Gipsanstrich,Material,General,kg,0.25,0.25,0.25,0.25,1,EUR,0.0,0.0033,6,6,建筑工程,"Wand- und Säulenbekleidungen, Trennwände und Vorhangfassaden",Säulen- (Träger-) Oberflächenverputz,allgemeiner Putz an Träger- und Stützflächen
810240,1: 1: 4 Verbundmörtel,Material,Concrete & Cement,m3,60.6,60.6,60.6,60.6,1,EUR,0.2,0.0033,6,6,建筑工程,"Wand- und Säulenbekleidungen, Trennwände und Vorhangfassaden",Säulen- (Träger-) Oberflächenverputz,allgemeiner Putz an Träger- und Stützflächen
110619,Beschichtungsschicht,Material,General,kg,4.18,4.18,4.18,4.18,1,EUR,8.61,2.06,6,6,建筑工程,Bodenbelagsarbeiten,,
180001,verzinkt 15,Material,General,pcs,0.17,0.17,0.17,0.17,1,EUR,0.17,1.01,6,6,建筑工程,"Allgemeine Installationsarbeiten - Vol.10 Wasserversorgung, Entwässerung, Heizun",Wasser,Wasser ()
390191,Fertigbeton Wasser 250,Material,Concrete & Cement,pcs,9.4,9.4,9.4,9.4,1,EUR,5.47,0.5813,6,6,建筑工程,Pfahlgründungsarbeiten,Bohrpfahl,
010570,Schalung,Material,General,kg,1.46,1.46,1.46,1.46,1,EUR,4.87,3.33,6,6,建筑工程,Pfahlgründungsarbeiten,Bohrpfahl,
800013,elektrische Winde einzeln 1t,Equipment,Hoists,machine-shift,21.54,21.54,21.54,21.54,1,EUR,9.22,0.4282,6,6,建筑工程,Pfahlgründungsarbeiten,Bohrpfahl,
060003,Bodenfliese 0.16m2 darüber hinaus,Material,General,m2,16.3,16.3,16.3,16.3,1,EUR,16.62,1.02,6,6,建筑工程,Bodenbelagsarbeiten,Bodenfliesenverlegung,
060039,Steinplatte Typ 5mm,Material,General,m2,29.25,29.25,29.25,29.25,1,EUR,29.84,1.02,6,6,建筑工程,"Wand- und Säulenbekleidungen, Trennwände und Vorhangfassaden",Wandverkleidungsschicht,Steinplatten-Wandoberfläche
130042,verpackt,Material,General,m3,45.97,45.97,45.97,45.97,1,EUR,2.34,0.051,6,6,建筑工程,Wärmedämm- und Korrosionsschutzarbeiten,,Decke
130045,verpacktes Glas,Material,Glass,m3,81.91,81.91,81.91,81.91,1,EUR,4.18,0.051,6,6,建筑工程,Wärmedämm- und Korrosionsschutzarbeiten,,Decke
100037,Klebstoff 2,Material,General,m2,4.64,4.64,4.64,4.64,1,EUR,0.22,0.0467,6,6,建筑工程,Allgemeine Installationsarbeiten - Vol.9 Brandschutz,und Elektroinstallation,
040033,DM2 Ziegel 190×190×90,Material,General,pcs,0.17,0.17,0.17,0.17,1,EUR,31.63,189.19,6,6,建筑工程,Mauerwerksarbeiten,,
040034,DM3 Ziegel 190×140×90,Material,General,pcs,0.15,0.15,0.15,0.15,1,EUR,26.41,180.54,6,6,建筑工程,Mauerwerksarbeiten,,
040035,DM4 Ziegel 190×90×90,Material,General,pcs,0.11,0.11,0.11,0.11,1,EUR,26.27,232.835,6,6,建筑工程,Mauerwerksarbeiten,,
800233,159,Equipment,General,machine-shift,3.09,3.09,3.09,3.09,1,EUR,0.11,0.035,6,6,建筑工程,"Allgemeine Installationsarbeiten - Vol.10 Wasserversorgung, Entwässerung, Heizun",,Quadratische Fertigung Installation ()
110475,Stein,Material,General,kg,1.67,1.67,1.67,1.67,1,EUR,2.78,1.6625,6,6,建筑工程,"Wand- und Säulenbekleidungen, Trennwände und Vorhangfassaden",Putzarbeiten,Allgemeines Verputzen
370237,Holzfensterflügel,Material,Wood & Timber,m2,20.9,20.9,20.9,20.9,1,EUR,20.9,1.0,6,6,建筑工程,Tür- und Fensterarbeiten,Fensterplatte,
370186,Fenster (),Material,Glass,m2,11.49,11.49,11.49,11.49,1,EUR,11.49,1.0,6,6,建筑工程,Tür- und Fensterarbeiten,"Fenster, Fenster",
370188,Fenster,Material,Glass,m,4.6,4.6,4.6,4.6,1,EUR,4.6,1.0,6,6,建筑工程,Tür- und Fensterarbeiten,"Fenster, Fenster",
370189,Aluminiumlegierungsfenster,Material,Glass,m,14.63,14.63,14.63,14.63,1,EUR,14.63,1.0,6,6,建筑工程,Tür- und Fensterarbeiten,"Fenster, Fenster",
370238,Holzfenster,Material,Wood & Timber,m,19.85,19.85,19.85,19.85,1,EUR,19.85,1.0,6,6,建筑工程,Tür- und Fensterarbeiten,"Fenster, Fenster",
370239,Holzfenster,Material,Wood & Timber,m,17.76,17.76,17.76,17.76,1,EUR,17.76,1.0,6,6,建筑工程,Tür- und Fensterarbeiten,"Fenster, Fenster",
370197,Elektrizitätsfenster,Material,Glass,set,1671.69,1671.69,1671.69,1671.69,1,EUR,1671.69,1.0,6,6,建筑工程,Tür- und Fensterarbeiten,Beschlagmontage,
110231,Polyurethan,Material,General,pcs,2.95,2.95,2.95,2.95,1,EUR,0.91,0.308,6,6,建筑工程,Tür- und Fensterarbeiten,,
370198,Stahl,Material,Steel & Metal,kg,1.25,1.25,1.25,1.25,1,EUR,1.88,1.5,6,6,建筑工程,Tür- und Fensterarbeiten,,
370199,Glas,Material,Glass,m2,94.03,94.03,94.03,94.03,1,EUR,94.03,1.0,6,6,建筑工程,Tür- und Fensterarbeiten,,
110015,Poly-Grundierung für Bodenplatten,Material,Paint & Coatings,kg,4.56,4.56,4.56,4.56,1,EUR,0.23,0.0515,6,6,建筑工程,"Maler-, Beschichtungs- und Tapezierarbeiten",Holzoberflächenfarbe,Holzgrundanstrich
110791,Acryl-Topcoat,Material,General,kg,6.27,6.27,6.27,6.27,1,EUR,1.85,0.295,6,6,建筑工程,"Maler-, Beschichtungs- und Tapezierarbeiten",Metalloberflächenanstrich,"Metalloberfläche, Stahlkonstruktionsanstrich"
080270,Platte 50mm,Material,General,m2,27.16,27.16,27.16,27.16,1,EUR,28.25,1.04,6,6,建筑工程,Wärmedämm- und Korrosionsschutzarbeiten,,Decke
080271,Platte 50mm,Material,General,m2,27.16,27.16,27.16,27.16,1,EUR,28.25,1.04,6,6,建筑工程,Wärmedämm- und Korrosionsschutzarbeiten,,Decke
800041,Platte 2×1600,Equipment,General,machine-shift,2.19,2.19,2.19,2.19,1,EUR,0.02,0.01,6,6,建筑工程,Allgemeine Installationsarbeiten - Vol.7 Lüftung und Klimatisierung,Wand,
110126,Höhe 40L,Material,General,Flasche,3.99,3.99,3.99,3.99,1,EUR,7.82,1.9583,6,6,建筑工程,Allgemeine Installationsarbeiten - Vol.9 Brandschutz,,
040038,90 Dicke Beton-Hohlblock,Material,Concrete & Cement,m3,48.06,48.06,48.06,48.06,1,EUR,44.7,0.93,6,6,建筑工程,Mauerwerksarbeiten,Blockmauerwerk,
040039,190 Dicke Betonart Hohlblock,Material,Concrete & Cement,m3,49.11,49.11,49.11,49.11,1,EUR,45.67,0.93,6,6,建筑工程,Mauerwerksarbeiten,Blockmauerwerk,
040040,190 Dicke mit dekorativem Beton-Hohlblock,Material,Concrete & Cement,m3,92.21,92.21,92.21,92.21,1,EUR,85.76,0.93,6,6,建筑工程,Mauerwerksarbeiten,Blockmauerwerk,
040047,90 Dicke mit dekorativem Beton-Hohlblock,Material,Concrete & Cement,m3,119.86,119.86,119.86,119.86,1,EUR,111.47,0.93,6,6,建筑工程,Mauerwerksarbeiten,Blockmauerwerk,
020098,Verputzen Hohlblock,Material,General,m3,58.51,58.51,58.51,58.51,1,EUR,47.33,0.809,6,6,建筑工程,Mauerwerksarbeiten,Blockmauerwerk,
020099,Verputzen von Hohlkammer-Spezialblock,Material,General,m3,60.6,60.6,60.6,60.6,1,EUR,11.5,0.1898,6,6,建筑工程,Mauerwerksarbeiten,Blockmauerwerk,
020100,Verputz dekorativer Block,Material,General,m3,103.44,103.44,103.44,103.44,1,EUR,83.68,0.809,6,6,建筑工程,Mauerwerksarbeiten,Blockmauerwerk,
020101,Verputz dekorative Sonderformsteine,Material,General,m3,108.66,108.66,108.66,108.66,1,EUR,20.65,0.19,6,6,建筑工程,Mauerwerksarbeiten,Blockmauerwerk,
050004,Glas-Dekorplatte (Ziegel) Boden,Material,Glass,m2,104.48,104.48,104.48,104.48,1,EUR,105.53,1.01,6,6,建筑工程,Bodenbelagsarbeiten,Bodenfliesenverlegung,
060038,Typ Steinplatte 8 12mm,Material,General,m2,31.34,31.34,31.34,31.34,1,EUR,31.97,1.02,6,6,建筑工程,"Wand- und Säulenbekleidungen, Trennwände und Vorhangfassaden",Wandverkleidungsschicht,Steinplatten-Wandoberfläche
080743,Dekorative Plattenverkleidung Fliesenplatte,Material,General,m2,75.23,75.23,75.23,75.23,1,EUR,78.99,1.05,6,6,建筑工程,"Wand- und Säulenbekleidungen, Trennwände und Vorhangfassaden",Wandverkleidung,Wandoberflächen-Dekorplatte
080740,Dekorativer Platten-Fluorkohlenstoff-Spritzlack Aluminiumplattenoberfläche,Material,General,m2,94.03,94.03,94.03,94.03,1,EUR,98.73,1.05,6,6,建筑工程,"Wand- und Säulenbekleidungen, Trennwände und Vorhangfassaden",Wandverkleidung,Wandoberflächen-Dekorplatte
100362,Klebstoffplatte 6,Material,General,kg,1.34,1.34,1.34,1.34,1,EUR,0.16,0.121,6,6,建筑工程,Allgemeine Installationsarbeiten - Vol.7 Lüftung und Klimatisierung,Installation,Installation
040073,Ziegelstein,Material,General,m3,6.69,6.69,6.69,6.69,1,EUR,0.15,0.023,6,6,建筑工程,Beton- und Stahlbetonarbeiten,eingegossener Ortbetontragwerk,
400014,C30 Steinbeton,Material,Concrete & Cement,m3,90.84,90.84,90.84,90.84,1,EUR,9.23,0.1016,6,6,建筑工程,Beton- und Stahlbetonarbeiten,eingegossener Ortbetontragwerk,
130114,8501 Dichtungsstreifen,Material,Rubber,m,0.23,0.23,0.23,0.23,1,EUR,0.28,1.2346,6,6,建筑工程,Allgemeine Installationsarbeiten - Vol.7 Lüftung und Klimatisierung,,"Rechteckige Stahlplattenmontage (1.2mm innen, )"
040080,bearbeitete Steinplatte 20 25,Material,General,m2,11.81,11.81,11.81,11.81,1,EUR,12.16,1.03,6,6,建筑工程,Mauerwerksarbeiten,Steinmauerwerk,
090461,Edelstahlnagel 8,Material,Steel & Metal,pcs,0.04,0.04,0.04,0.04,1,EUR,0.35,8.904,6,6,建筑工程,"Wand- und Säulenbekleidungen, Trennwände und Vorhangfassaden",Säulen- (Träger-) Oberflächenfliesenverkleidung,Steinsäulenoberfläche
091464,Edelstahl T-Profil,Material,Steel & Metal,kg,5.02,5.02,5.02,5.02,1,EUR,0.54,0.1068,6,6,建筑工程,"Wand- und Säulenbekleidungen, Trennwände und Vorhangfassaden",Wandverkleidung,Wandoberflächen-Dekorplatte
080298,Z-Profil-Träger,Material,General,m,1.86,1.86,1.86,1.86,1,EUR,11.01,5.918,6,6,建筑工程,Wärmedämm- und Korrosionsschutzarbeiten,,Decke
090933,8 Nagel,Material,Fasteners,set,0.21,0.21,0.21,0.21,1,EUR,0.81,3.876,6,6,建筑工程,Wärmedämm- und Korrosionsschutzarbeiten,,Decke
080737,Dekorativer Granitplattenblock,Material,General,m2,94.03,94.03,94.03,94.03,1,EUR,98.73,1.05,6,6,建筑工程,"Wand- und Säulenbekleidungen, Trennwände und Vorhangfassaden",Wandverkleidung,Wandoberflächen-Dekorplatte
080738,Dekorative Platte,Material,General,m2,75.23,75.23,75.23,75.23,1,EUR,78.99,1.05,6,6,建筑工程,"Wand- und Säulenbekleidungen, Trennwände und Vorhangfassaden",Wandverkleidung,Wandoberflächen-Dekorplatte
080741,Dekorativer Plattenbeschichtungsoberfläche gewöhnliche Platte,Material,General,m2,58.51,58.51,58.51,58.51,1,EUR,61.43,1.05,6,6,建筑工程,"Wand- und Säulenbekleidungen, Trennwände und Vorhangfassaden",Wandverkleidung,Wandoberflächen-Dekorplatte
080742,Dekorative Plattenverkleidung Fliesenplatte,Material,General,m2,66.87,66.87,66.87,66.87,1,EUR,70.21,1.05,6,6,建筑工程,"Wand- und Säulenbekleidungen, Trennwände und Vorhangfassaden",Wandverkleidung,Wandoberflächen-Dekorplatte
110792,Fluorkohlenstoff-Lackdeckanstrich,Material,Paint & Coatings,kg,18.81,18.81,18.81,18.81,1,EUR,6.66,0.354,6,6,建筑工程,"Maler-, Beschichtungs- und Tapezierarbeiten",Metalloberflächenanstrich,"Metalloberfläche, Stahlkonstruktionsanstrich"
110790,Fluorkohlenstoff-Lackverdünner,Material,Paint & Coatings,kg,4.22,4.22,4.22,4.22,1,EUR,0.19,0.0442,6,6,建筑工程,"Maler-, Beschichtungs- und Tapezierarbeiten",Metalloberflächenanstrich,"Metalloberfläche, Stahlkonstruktionsanstrich"
070048,Aluminiumlegierungs-Dekorleiste,Material,General,m,0.84,0.84,0.84,0.84,1,EUR,3.43,4.1049,6,6,建筑工程,"Maler-, Beschichtungs- und Tapezierarbeiten",,
050016,Spiegel 5mm,Material,General,m2,10.45,10.45,10.45,10.45,1,EUR,14.26,1.365,6,6,建筑工程,sonstige Dekorationsarbeiten,,Rahmen
150066,Streifen,Material,General,m,0.23,0.23,0.23,0.23,1,EUR,0.39,1.7397,6,6,建筑工程,Tür- und Fensterarbeiten,und Installation,Installation
040004,Zement,Material,Concrete & Cement,m2,5.08,5.08,5.08,5.08,1,EUR,5.23,1.03,6,6,建筑工程,Dach- und Abdichtungsarbeiten,,
040121,(Substrat),Material,General,m2,18.81,18.81,18.81,18.81,1,EUR,19.37,1.03,6,6,建筑工程,Dach- und Abdichtungsarbeiten,,
090237,verzinktes Eisendrahtgewebe,Material,Steel & Metal,m2,2.59,2.59,2.59,2.59,1,EUR,2.67,1.03,6,6,建筑工程,Dach- und Abdichtungsarbeiten,,
370086,Tür,Material,General,set,5850.9,5850.9,5850.9,5850.9,1,EUR,5850.9,1.0,6,6,建筑工程,Tür- und Fensterarbeiten,Beschlagmontage,
370107,Türausstattung Elektrizität,Material,General,set,417.92,417.92,417.92,417.92,1,EUR,417.92,1.0,6,6,建筑工程,Tür- und Fensterarbeiten,Beschlagmontage,
370192,Türschloss am Boden,Material,General,pcs,75.23,75.23,75.23,75.23,1,EUR,75.23,1.0,6,6,建筑工程,Tür- und Fensterarbeiten,Beschlagmontage,
090436,Tür,Material,General,m,4.81,4.81,4.81,4.81,1,EUR,5.09,1.06,6,6,建筑工程,Tür- und Fensterarbeiten,Beschlagmontage,
390164,Fertigelement-Betondecke,Material,Concrete & Cement,m3,397.03,397.03,397.03,397.03,1,EUR,397.03,1.0,6,6,建筑工程,Beton- und Stahlbetonarbeiten,Fertigelement-Betondecke,
390012,Rundplatte,Material,General,m3,296.93,296.93,296.93,296.93,1,EUR,296.93,1.0,6,6,建筑工程,Beton- und Stahlbetonarbeiten,Fertigelement-Betondecke,
390013,Längsrundplatte,Material,General,m3,369.23,369.23,369.23,369.23,1,EUR,369.23,1.0,6,6,建筑工程,Beton- und Stahlbetonarbeiten,Fertigelement-Betondecke,
390014,Längsrundplatte,Material,General,m3,394.1,394.1,394.1,394.1,1,EUR,394.1,1.0,6,6,建筑工程,Beton- und Stahlbetonarbeiten,Fertigelement-Betondecke,
390015,-förmige Platte,Material,General,m3,438.82,438.82,438.82,438.82,1,EUR,438.82,1.0,6,6,建筑工程,Beton- und Stahlbetonarbeiten,Fertigelement-Betondecke,
390139,Hohlplatte (D),Material,General,m3,389.08,389.08,389.08,389.08,1,EUR,389.08,1.0,6,6,建筑工程,Beton- und Stahlbetonarbeiten,Fertigelement-Betondecke,
390165,Fensterplatte,Material,Glass,m3,376.13,376.13,376.13,376.13,1,EUR,376.13,1.0,6,6,建筑工程,Beton- und Stahlbetonarbeiten,Fertigelement-Betondecke,
850207,DP1-601,Equipment,General,machine-shift,14.47,14.47,14.47,14.47,1,EUR,5.57,0.385,6,6,建筑工程,Allgemeine Installationsarbeiten - Vol.6 Automatisierungssteuerungsinstrumentier,,
370113,Türausstattung Elektrizität,Material,General,set,856.74,856.74,856.74,856.74,1,EUR,856.74,1.0,6,6,建筑工程,Tür- und Fensterarbeiten,Beschlagmontage,
370194,Schloss,Material,General,set,19.85,19.85,19.85,19.85,1,EUR,19.85,1.0,6,6,建筑工程,Tür- und Fensterarbeiten,Beschlagmontage,
370195,Scharniere,Material,General,set,10.45,10.45,10.45,10.45,1,EUR,10.45,1.0,6,6,建筑工程,Tür- und Fensterarbeiten,Beschlagmontage,
040122,Zementplatten,Material,Concrete & Cement,m2,20.9,20.9,20.9,20.9,1,EUR,21.52,1.03,6,6,建筑工程,Dach- und Abdichtungsarbeiten,,
040123,Zementplatten,Material,Concrete & Cement,pcs,18.81,18.81,18.81,18.81,1,EUR,5.45,0.29,6,6,建筑工程,Dach- und Abdichtungsarbeiten,,
091063,Rinneneinfassung,Material,General,pcs,2.13,2.13,2.13,2.13,1,EUR,0.63,0.294,6,6,建筑工程,Dach- und Abdichtungsarbeiten,,
110437,-förmig,Material,General,m2,16.72,16.72,16.72,16.72,1,EUR,17.22,1.03,6,6,建筑工程,Dach- und Abdichtungsarbeiten,,
110438,-förmig,Material,General,pcs,11.49,11.49,11.49,11.49,1,EUR,3.33,0.29,6,6,建筑工程,Dach- und Abdichtungsarbeiten,,
110439,Flachplattenform,Material,General,m2,11.49,11.49,11.49,11.49,1,EUR,11.84,1.03,6,6,建筑工程,Dach- und Abdichtungsarbeiten,,
110440,Flachplattenform,Material,General,pcs,7.94,7.94,7.94,7.94,1,EUR,2.3,0.29,6,6,建筑工程,Dach- und Abdichtungsarbeiten,,
110441,T-Typ-Verbund,Material,General,m2,17.76,17.76,17.76,17.76,1,EUR,18.29,1.03,6,6,建筑工程,Dach- und Abdichtungsarbeiten,,
110557,Betonplatte,Material,General,m,9.4,9.4,9.4,9.4,1,EUR,1.36,0.1442,6,6,建筑工程,Dach- und Abdichtungsarbeiten,,
110448,Polyurethan,Material,General,m2,1.04,1.04,1.04,1.04,1,EUR,0.87,0.8333,6,6,建筑工程,Dach- und Abdichtungsarbeiten,,Profil und andere Dachteile
080185,Papierbelegtes Gipskartonstreifen 50×12,Material,Wood & Timber,m,0.24,0.24,0.24,0.24,1,EUR,0.56,2.3342,6,6,建筑工程,"Wand- und Säulenbekleidungen, Trennwände und Vorhangfassaden",Wandverkleidung,Wandoberflächen-Dekorplatte
110145,KF80 Spachtel,Material,General,kg,0.14,0.14,0.14,0.14,1,EUR,0.01,0.047,6,6,建筑工程,"Wand- und Säulenbekleidungen, Trennwände und Vorhangfassaden",Wandverkleidung,Wandoberflächen-Dekorplatte
800550,"Hobelmaschine für Holzstärke, einseitig, Breite 600mm",Equipment,General,machine-shift,2.51,2.51,2.51,2.51,1,EUR,0.05,0.02,6,6,建筑工程,"Wand- und Säulenbekleidungen, Trennwände und Vorhangfassaden",Wandverkleidung,Wandoberflächen-Dekorplatte
800022,Luftkompressor 0.6m3/min,Equipment,Compressors,machine-shift,3.2,3.2,3.2,3.2,1,EUR,0.61,0.19,6,6,建筑工程,Allgemeine Installationsarbeiten - Vol.6 Automatisierungssteuerungsinstrumentier,,
850200,Faserverbundwerkstoff,Equipment,General,machine-shift,1.24,1.24,1.24,1.24,1,EUR,0.24,0.19,6,6,建筑工程,Allgemeine Installationsarbeiten - Vol.6 Automatisierungssteuerungsinstrumentier,,
850202,910B,Equipment,General,machine-shift,8.05,8.05,8.05,8.05,1,EUR,3.06,0.38,6,6,建筑工程,Allgemeine Installationsarbeiten - Vol.6 Automatisierungssteuerungsinstrumentier,,
390016,Flachplatte,Material,General,m3,378.22,378.22,378.22,378.22,1,EUR,378.22,1.0,6,6,建筑工程,Beton- und Stahlbetonarbeiten,Fertigelement-Betondecke,
390023,Balkongeländerdecke,Material,General,m3,702.4,702.4,702.4,702.4,1,EUR,702.4,1.0,6,6,建筑工程,Beton- und Stahlbetonarbeiten,Fertigelement-Betondecke,
390026,Rinnen,Material,General,m3,373.98,373.98,373.98,373.98,1,EUR,373.98,1.0,6,6,建筑工程,Beton- und Stahlbetonarbeiten,Fertigelement-Betondecke,
390138,Vordach,Material,General,m3,353.14,353.14,353.14,353.14,1,EUR,353.14,1.0,6,6,建筑工程,Beton- und Stahlbetonarbeiten,Fertigelement-Betondecke,
090154,Bolzen 14×150,Material,Fasteners,set,2.07,2.07,2.07,2.07,1,EUR,3.12,1.51,6,6,建筑工程,Beton- und Stahlbetonarbeiten,Stahlbau,
850211,Elektrizität Elektrizität 2553,Equipment,General,machine-shift,5.48,5.48,5.48,5.48,1,EUR,4.98,0.9084,6,6,建筑工程,Allgemeine Installationsarbeiten - Vol.6 Automatisierungssteuerungsinstrumentier,,einzeln
130891,Holzdekorplatte,Material,Wood & Timber,m2,83.58,83.58,83.58,83.58,1,EUR,89.44,1.07,6,6,建筑工程,"Wand- und Säulenbekleidungen, Trennwände und Vorhangfassaden",Wandverkleidung,Wandoberflächen-Dekorplatte
130892,Gipsplatte,Material,General,m2,5.96,5.96,5.96,5.96,1,EUR,6.25,1.05,6,6,建筑工程,"Wand- und Säulenbekleidungen, Trennwände und Vorhangfassaden",Wandverkleidung,Wandoberflächen-Dekorplatte
110788,Polyurethan-Holzoberflächenlackverdünner,Material,Wood & Timber,kg,3.05,3.05,3.05,3.05,1,EUR,0.01,0.0048,6,6,建筑工程,"Maler-, Beschichtungs- und Tapezierarbeiten","Holzhandlauf und andere Elemente, Plattenleisten und Formteile, Anstrich","Spiegelprofil, Fenster, einzelne Holzleiste lackieren"
110834,wasserbasierte Acryl-Holzgrundierung,Material,Wood & Timber,kg,3.45,3.45,3.45,3.45,1,EUR,0.33,0.0946,6,6,建筑工程,"Maler-, Beschichtungs- und Tapezierarbeiten",Holzoberflächenfarbe,"Holzplatte, Faserplatte, Sperrholz Deckenanstrich"
070053,Aluminiumlegierungsprofil 30mm innen,Material,General,m,1.39,1.39,1.39,1.39,1,EUR,1.44,1.03,6,6,建筑工程,sonstige Dekorationsarbeiten,Dekorative Zierleiste,Metall-Zierleiste
070054,Aluminiumlegierungsprofil 30mm überstehend,Material,General,m,1.9,1.9,1.9,1.9,1,EUR,1.96,1.03,6,6,建筑工程,sonstige Dekorationsarbeiten,Dekorative Zierleiste,Metall-Zierleiste
070055,Spiegelglanz-Edelstahlprofil 30mm innen,Material,Steel & Metal,m,3.55,3.55,3.55,3.55,1,EUR,3.66,1.03,6,6,建筑工程,sonstige Dekorationsarbeiten,Dekorative Zierleiste,Metall-Zierleiste
070056,Spiegelpolierte Edelstahlleiste 30mm überstehend,Material,Steel & Metal,m,5.06,5.06,5.06,5.06,1,EUR,5.21,1.03,6,6,建筑工程,sonstige Dekorationsarbeiten,Dekorative Zierleiste,Metall-Zierleiste
070057,Spiegelglanzprofil 30mm innen,Material,General,m,3.26,3.26,3.26,3.26,1,EUR,3.36,1.03,6,6,建筑工程,sonstige Dekorationsarbeiten,Dekorative Zierleiste,Metall-Zierleiste
070058,Spiegelglanzprofil 30mm überstehend,Material,General,m,3.89,3.89,3.89,3.89,1,EUR,4.0,1.03,6,6,建筑工程,sonstige Dekorationsarbeiten,Dekorative Zierleiste,Metall-Zierleiste
070059,Aluminiumlegierungsprofil 30mm innen,Material,General,m,1.52,1.52,1.52,1.52,1,EUR,1.56,1.03,6,6,建筑工程,sonstige Dekorationsarbeiten,Dekorative Zierleiste,Metall-Zierleiste
070060,Aluminiumlegierungsprofil 30mm überstehend,Material,General,m,2.03,2.03,2.03,2.03,1,EUR,2.09,1.03,6,6,建筑工程,sonstige Dekorationsarbeiten,Dekorative Zierleiste,Metall-Zierleiste
070062,Spiegelpolierte Edelstahlleiste 30mm überstehend,Material,Steel & Metal,m,5.06,5.06,5.06,5.06,1,EUR,5.21,1.03,6,6,建筑工程,sonstige Dekorationsarbeiten,Dekorative Zierleiste,Metall-Zierleiste
070063,Spiegelglanzprofil 30mm innen,Material,General,m,4.01,4.01,4.01,4.01,1,EUR,4.13,1.03,6,6,建筑工程,sonstige Dekorationsarbeiten,Dekorative Zierleiste,Metall-Zierleiste
070064,Spiegelglanzprofil 30mm überstehend,Material,General,m,5.14,5.14,5.14,5.14,1,EUR,5.29,1.03,6,6,建筑工程,sonstige Dekorationsarbeiten,Dekorative Zierleiste,Metall-Zierleiste
010387,Klammer-Verbund,Material,General,pcs,1.04,1.04,1.04,1.04,1,EUR,4.18,4.0,6,6,建筑工程,Dach- und Abdichtungsarbeiten,,Profil und andere Dachteile
010408,Stahl mit 0.8mm,Material,Steel & Metal,m,2.09,2.09,2.09,2.09,1,EUR,0.28,0.1323,6,6,建筑工程,Dach- und Abdichtungsarbeiten,,Profil und andere Dachteile
090053,Expansionsbolzen 5,Material,Fasteners,set,0.14,0.14,0.14,0.14,1,EUR,0.56,4.08,6,6,建筑工程,Allgemeine Installationsarbeiten - Vol.5 Gebäudeleittechnik,Installation,Elektrofenstermontage
010011,verzinkte Stahlformteile,Material,Steel & Metal,kg,1.4,1.4,1.4,1.4,1,EUR,293.17,209.09,6,6,建筑工程,Allgemeine Installationsarbeiten - Vol.5 Gebäudeleittechnik,,
010003,mit Bewehrungsstahl,Material,Steel & Metal,kg,0.91,0.91,0.91,0.91,1,EUR,929.56,1025.0,6,6,建筑工程,Beton- und Stahlbetonarbeiten,Bewehrungsarbeiten,
080141,Aluminiumlegierungsprofil 60×30,Material,General,m,1.12,1.12,1.12,1.12,1,EUR,3.86,3.4607,6,6,建筑工程,"Wand- und Säulenbekleidungen, Trennwände und Vorhangfassaden",Säulen- (Träger-) Verkleidung,Säulen- (Träger-) Oberflächendekoration
070135,Aluminiumplattenstreifen 50mm innen,Material,General,m,1.95,1.95,1.95,1.95,1,EUR,2.01,1.03,6,6,建筑工程,sonstige Dekorationsarbeiten,Dekorative Zierleiste,Aluminium-Zierleiste
070139,Aluminiumplattenstreifen 50mm darüber hinaus,Material,General,m,2.61,2.61,2.61,2.61,1,EUR,2.69,1.03,6,6,建筑工程,sonstige Dekorationsarbeiten,Dekorative Zierleiste,Aluminium-Zierleiste
080295,Aluminium-Flachleiste 50mm innen,Material,General,m,1.95,1.95,1.95,1.95,1,EUR,2.01,1.03,6,6,建筑工程,sonstige Dekorationsarbeiten,Dekorative Zierleiste,Aluminium-Zierleiste
070142,Aluminium-Flachleiste 50mm überstehend,Material,General,m,2.72,2.72,2.72,2.72,1,EUR,2.8,1.03,6,6,建筑工程,sonstige Dekorationsarbeiten,Dekorative Zierleiste,Aluminium-Zierleiste
130094,100mm dicke Steinwolle-Dämmplatte,Material,Wood & Timber,m2,37.61,37.61,37.61,37.61,1,EUR,38.74,1.03,6,6,建筑工程,Dach- und Abdichtungsarbeiten,,Profil und andere Dachteile
800272,Türkran 10t,Equipment,Cranes,machine-shift,64.23,64.23,64.23,64.23,1,EUR,0.04,0.0007,6,6,建筑工程,Dach- und Abdichtungsarbeiten,,Profil und andere Dachteile
800428,Platte 20×4,Equipment,General,machine-shift,29.3,29.3,29.3,29.3,1,EUR,0.02,0.0007,6,6,建筑工程,Dach- und Abdichtungsarbeiten,,Profil und andere Dachteile
800494,Flachplatte,Equipment,General,machine-shift,12.58,12.58,12.58,12.58,1,EUR,0.01,0.0004,6,6,建筑工程,Dach- und Abdichtungsarbeiten,,Profil und andere Dachteile
800534,Betonplatte,Equipment,General,machine-shift,11.49,11.49,11.49,11.49,1,EUR,0.01,0.0007,6,6,建筑工程,Dach- und Abdichtungsarbeiten,,Profil und andere Dachteile
380011,Stahlflach,Material,Steel & Metal,t,1404.53,1404.53,1404.53,1404.53,1,EUR,1404.53,1.0,6,6,建筑工程,Metallbauarbeiten,Stahltragwerk,
810075,C20 Normalbeton,Material,Concrete & Cement,m3,54.77,54.77,54.77,54.77,1,EUR,2.41,0.044,6,6,建筑工程,Allgemeine Installationsarbeiten - Bd.4 Elektrogeräteinstallation,Bohrung,Ortbeton-Grube
850111,LCR ZL6,Equipment,General,machine-shift,1.25,1.25,1.25,1.25,1,EUR,2.59,2.0783,6,6,建筑工程,Allgemeine Installationsarbeiten - Bd.4 Elektrogeräteinstallation,Strom,
850112,Elektrizität JCD4060,Equipment,General,machine-shift,19.58,19.58,19.58,19.58,1,EUR,40.69,2.0783,6,6,建筑工程,Allgemeine Installationsarbeiten - Bd.4 Elektrogeräteinstallation,Strom,
850110,Elektrizität Elektrizität,Equipment,General,machine-shift,1.68,1.68,1.68,1.68,1,EUR,5.58,3.3283,6,6,建筑工程,Allgemeine Installationsarbeiten - Bd.4 Elektrogeräteinstallation,Strom,
100114,Klebstoff,Material,General,m,0.99,0.99,0.99,0.99,1,EUR,0.02,0.0213,6,6,建筑工程,"Wand- und Säulenbekleidungen, Trennwände und Vorhangfassaden",Säulen- (Träger-) Verkleidung,Säulen- (Träger-) Oberflächendekoration
070143,Aluminiumprofil 40mm innen,Material,General,m,2.13,2.13,2.13,2.13,1,EUR,2.2,1.03,6,6,建筑工程,sonstige Dekorationsarbeiten,Dekorative Zierleiste,Aluminium-Zierleiste
070144,Aluminiumprofil 40mm überstehend,Material,General,m,2.51,2.51,2.51,2.51,1,EUR,2.58,1.03,6,6,建筑工程,sonstige Dekorationsarbeiten,Dekorative Zierleiste,Aluminium-Zierleiste
070034,PVC-Oberflächenplatte Streifen 50mm innen,Material,General,m,1.5,1.5,1.5,1.5,1,EUR,1.55,1.03,6,6,建筑工程,sonstige Dekorationsarbeiten,Dekorative Zierleiste,Dekorative Zierleiste
070033,PVC-Oberflächenplattenstreifen 50mm darüber hinaus,Material,General,m,3.01,3.01,3.01,3.01,1,EUR,3.1,1.03,6,6,建筑工程,sonstige Dekorationsarbeiten,Dekorative Zierleiste,Dekorative Zierleiste
070035,PVC-Flachprofil 50mm innen,Material,General,m,1.57,1.57,1.57,1.57,1,EUR,1.61,1.03,6,6,建筑工程,sonstige Dekorationsarbeiten,Dekorative Zierleiste,Dekorative Zierleiste
070036,PVC-Flachprofil 50mm überstehend,Material,General,m,4.01,4.01,4.01,4.01,1,EUR,4.13,1.03,6,6,建筑工程,sonstige Dekorationsarbeiten,Dekorative Zierleiste,Dekorative Zierleiste
070046,PVC-Oberflächenprofil 40mm innen,Material,General,m,1.81,1.81,1.81,1.81,1,EUR,1.86,1.03,6,6,建筑工程,sonstige Dekorationsarbeiten,Dekorative Zierleiste,Dekorative Zierleiste
070047,PVC-Oberflächenprofil 40mm überstehend,Material,General,m,4.81,4.81,4.81,4.81,1,EUR,4.95,1.03,6,6,建筑工程,sonstige Dekorationsarbeiten,Dekorative Zierleiste,Dekorative Zierleiste
110429,wasserdichtungsarbeiten,Material,Waterproofing,kg,3.39,3.39,3.39,3.39,1,EUR,1.91,0.563,6,6,建筑工程,Dach- und Abdichtungsarbeiten,Dachabdichtung und Zubehör,Dachabdichtung
150176,Stahl,Material,Steel & Metal,kg,3.97,3.97,3.97,3.97,1,EUR,7.15,1.8,6,6,建筑工程,Dach- und Abdichtungsarbeiten,Dachabdichtung und Zubehör,Dachabdichtung
380077,Plattenteil Stahl Plattenboden Platte 0.91mm,Material,Steel & Metal,m2,26.12,26.12,26.12,26.12,1,EUR,29.17,1.1167,6,6,建筑工程,Metallbauarbeiten,"Stahlplatten-Bodenplatte, Wandplatte",
380078,Plattenteil Stahl Plattenboden Platte 0.91mm,Material,Steel & Metal,m2,17.76,17.76,17.76,17.76,1,EUR,19.83,1.1167,6,6,建筑工程,Metallbauarbeiten,"Stahlplatten-Bodenplatte, Wandplatte",
380072,Verbundwandplatte (100mm Steinwolle-Schicht),Material,Aggregates,m2,58.51,58.51,58.51,58.51,1,EUR,65.34,1.1167,6,6,建筑工程,Metallbauarbeiten,"Stahlplatten-Bodenplatte, Wandplatte",
380088,Nagel-Verbundwandplatte (100mm Glaswollschicht),Material,Fasteners,m2,37.61,37.61,37.61,37.61,1,EUR,42.0,1.1167,6,6,建筑工程,Metallbauarbeiten,"Stahlplatten-Bodenplatte, Wandplatte",
380007,Stahlwandrahmen,Material,Steel & Metal,t,1295.56,1295.56,1295.56,1295.56,1,EUR,1295.56,1.0,6,6,建筑工程,Metallbauarbeiten,Stahltragwerk,
370228,Edelstahfenster,Material,Steel & Metal,m2,167.17,167.17,167.17,167.17,1,EUR,167.17,1.0,6,6,建筑工程,Tür- und Fensterarbeiten,Metallfenster,
370068,Plattenbefestigungsfenster,Material,Glass,m2,56.42,56.42,56.42,56.42,1,EUR,56.42,1.0,6,6,建筑工程,Tür- und Fensterarbeiten,Metallfenster,
370069,Fensterbank,Material,Glass,m2,60.6,60.6,60.6,60.6,1,EUR,60.6,1.0,6,6,建筑工程,Tür- und Fensterarbeiten,Metallfenster,
370071,Flachfenster,Material,Glass,m2,62.69,62.69,62.69,62.69,1,EUR,62.69,1.0,6,6,建筑工程,Tür- und Fensterarbeiten,Metallfenster,
370179,Stahlfenster,Material,Steel & Metal,m2,78.36,78.36,78.36,78.36,1,EUR,78.36,1.0,6,6,建筑工程,Tür- und Fensterarbeiten,Metallfenster,
370180,Fenster aus Aluminiumlegierung,Material,Glass,m2,104.48,104.48,104.48,104.48,1,EUR,104.48,1.0,6,6,建筑工程,Tür- und Fensterarbeiten,Metallfenster,
370181,Fenster aus Aluminiumlegierung,Material,Glass,m2,120.15,120.15,120.15,120.15,1,EUR,120.15,1.0,6,6,建筑工程,Tür- und Fensterarbeiten,Metallfenster,
370185,fertiges Holz-Türfenster,Material,Wood & Timber,m2,25.08,25.08,25.08,25.08,1,EUR,25.08,1.0,6,6,建筑工程,Tür- und Fensterarbeiten,Tür- und Fensterrahmen,
100054,SBS-modifizierte Bitumenabdichtung,Material,Waterproofing,m2,5.22,5.22,5.22,5.22,1,EUR,1.58,0.3025,6,6,建筑工程,Dach- und Abdichtungsarbeiten,Dachabdichtung und Zubehör,Dachwasser
160117,Wasser 100,Material,Water,pcs,9.82,9.82,9.82,9.82,1,EUR,9.92,1.01,6,6,建筑工程,Dach- und Abdichtungsarbeiten,Dachabdichtung und Zubehör,Dachwasser
160118,Wasser 100,Material,Water,pcs,9.82,9.82,9.82,9.82,1,EUR,9.92,1.01,6,6,建筑工程,Dach- und Abdichtungsarbeiten,Dachabdichtung und Zubehör,Dachwasser
160119,Wasser 150,Material,Water,pcs,17.55,17.55,17.55,17.55,1,EUR,17.73,1.01,6,6,建筑工程,Dach- und Abdichtungsarbeiten,Dachabdichtung und Zubehör,Dachwasser
160235,Wasser 150,Material,Water,set,17.43,17.43,17.43,17.43,1,EUR,17.6,1.01,6,6,建筑工程,Dach- und Abdichtungsarbeiten,Dachabdichtung und Zubehör,Dachwasser
170094,Glasstahlwasser 110,Material,Steel & Metal,pcs,4.24,4.24,4.24,4.24,1,EUR,4.28,1.01,6,6,建筑工程,Dach- und Abdichtungsarbeiten,Dachabdichtung und Zubehör,Dachwasser
170095,Glasstahl Wasser 160,Material,Steel & Metal,pcs,8.09,8.09,8.09,8.09,1,EUR,8.17,1.01,6,6,建筑工程,Dach- und Abdichtungsarbeiten,Dachabdichtung und Zubehör,Dachwasser
370116,Holzfenster,Material,Wood & Timber,m2,104.48,104.48,104.48,104.48,1,EUR,104.48,1.0,6,6,建筑工程,Tür- und Fensterarbeiten,Holzfenster,
370164,Holzfenster,Material,Wood & Timber,m2,198.51,198.51,198.51,198.51,1,EUR,198.51,1.0,6,6,建筑工程,Tür- und Fensterarbeiten,Holzfenster,
370166,Holzfenster,Material,Wood & Timber,m2,94.03,94.03,94.03,94.03,1,EUR,94.03,1.0,6,6,建筑工程,Tür- und Fensterarbeiten,Holzfenster,
370167,Fenster,Material,Glass,m2,188.06,188.06,188.06,188.06,1,EUR,188.06,1.0,6,6,建筑工程,Tür- und Fensterarbeiten,Holzfenster,
370229,dekoratives Holzfenster,Material,Wood & Timber,m2,104.48,104.48,104.48,104.48,1,EUR,104.48,1.0,6,6,建筑工程,Tür- und Fensterarbeiten,Holzfenster,
370041,Fenster aus Aluminiumlegierung zur Befestigung,Material,Glass,m2,58.51,58.51,58.51,58.51,1,EUR,58.51,1.0,6,6,建筑工程,Tür- und Fensterarbeiten,Metallfenster,
370043,Aluminiumlegierung Doppel-Flachfenster,Material,Glass,m2,94.03,94.03,94.03,94.03,1,EUR,94.03,1.0,6,6,建筑工程,Tür- und Fensterarbeiten,Metallfenster,
090133,verzinkt mit Bolzen 16×(35 60),Material,Fasteners,set,0.37,0.37,0.37,0.37,1,EUR,0.99,2.7033,6,6,建筑工程,Allgemeine Installationsarbeiten - Bd.4 Elektrogeräteinstallation,,Installation
080278,Glas,Material,Glass,m2,54.33,54.33,54.33,54.33,1,EUR,57.05,1.05,6,6,建筑工程,"Wand- und Säulenbekleidungen, Trennwände und Vorhangfassaden",Vorhangfassadenarbeiten,Glasfassade
050030,Glas,Material,Glass,m2,54.33,54.33,54.33,54.33,1,EUR,57.05,1.05,6,6,建筑工程,"Wand- und Säulenbekleidungen, Trennwände und Vorhangfassaden",Vorhangfassadenarbeiten,Glasfassade
050031,Glas,Material,Glass,m2,54.33,54.33,54.33,54.33,1,EUR,57.05,1.05,6,6,建筑工程,"Wand- und Säulenbekleidungen, Trennwände und Vorhangfassaden",Vorhangfassadenarbeiten,Glasfassade
010400,verzinkter Kanaleisen,Material,Steel & Metal,kg,1.15,1.15,1.15,1.15,1,EUR,16.28,14.1667,6,6,建筑工程,"Wand- und Säulenbekleidungen, Trennwände und Vorhangfassaden",Vorhangfassadenarbeiten,Glasfassade
380079,Stahlfensterrahmen,Material,Steel & Metal,t,1337.35,1337.35,1337.35,1337.35,1,EUR,1337.35,1.0,6,6,建筑工程,Metallbauarbeiten,Stahltragwerk,
380080,Stahlrahmen,Material,Steel & Metal,t,1337.35,1337.35,1337.35,1337.35,1,EUR,1337.35,1.0,6,6,建筑工程,Metallbauarbeiten,Stahltragwerk,
380081,Stahlblechstahl,Material,Steel & Metal,t,1337.35,1337.35,1337.35,1337.35,1,EUR,1337.35,1.0,6,6,建筑工程,Metallbauarbeiten,Stahltragwerk,
380082,Stahl,Material,Steel & Metal,t,1410.49,1410.49,1410.49,1410.49,1,EUR,1410.49,1.0,6,6,建筑工程,Metallbauarbeiten,Stahltragwerk,
030237,geschwungene Holztreppe,Material,Wood & Timber,m2,179.71,179.71,179.71,179.71,1,EUR,179.71,1.0,6,6,建筑工程,Holzbauarbeiten,Holztragwerk,
030238,Holztreppe,Material,Wood & Timber,m2,223.59,223.59,223.59,223.59,1,EUR,223.59,1.0,6,6,建筑工程,Holzbauarbeiten,Holztragwerk,
030239,gerade Stahl-Holztreppe,Material,Steel & Metal,m2,73.14,73.14,73.14,73.14,1,EUR,73.14,1.0,6,6,建筑工程,Holzbauarbeiten,Holztragwerk,
030240,geschwungene Stahl-Holztreppe,Material,Steel & Metal,m2,100.3,100.3,100.3,100.3,1,EUR,100.3,1.0,6,6,建筑工程,Holzbauarbeiten,Holztragwerk,
030241,Stahltreppenholz,Material,Steel & Metal,m2,127.47,127.47,127.47,127.47,1,EUR,127.47,1.0,6,6,建筑工程,Holzbauarbeiten,Holztragwerk,
300028,verzinkter Winkelstahl 63×63×6×1800,Material,Steel & Metal,pcs,12.08,12.08,12.08,12.08,1,EUR,16.15,1.3373,6,6,建筑工程,Allgemeine Installationsarbeiten - Bd.4 Elektrogeräteinstallation,,Installation
370045,Aluminiumlegierung Doppelfenster,Material,Glass,m2,79.41,79.41,79.41,79.41,1,EUR,79.41,1.0,6,6,建筑工程,Tür- und Fensterarbeiten,Metallfenster,
370054,Stahlfensterbefestigung,Material,Steel & Metal,m2,52.03,52.03,52.03,52.03,1,EUR,52.03,1.0,6,6,建筑工程,Tür- und Fensterarbeiten,Metallfenster,
370056,Stahl-Doppelfenster,Material,Steel & Metal,m2,68.96,68.96,68.96,68.96,1,EUR,68.96,1.0,6,6,建筑工程,Tür- und Fensterarbeiten,Metallfenster,
370058,Stahl-Doppelfenster flach,Material,Steel & Metal,m2,77.32,77.32,77.32,77.32,1,EUR,77.32,1.0,6,6,建筑工程,Tür- und Fensterarbeiten,Metallfenster,
370046,Aluminiumlegierungsfenster,Material,Glass,m2,79.41,79.41,79.41,79.41,1,EUR,79.41,1.0,6,6,建筑工程,Tür- und Fensterarbeiten,Metallfenster,
090093,mit Bolzen 6×(30 50),Material,Fasteners,set,0.03,0.03,0.03,0.03,1,EUR,0.06,2.08,6,6,建筑工程,Deckenarbeiten,Decke abgehängte Decke,Deckenprofil
080119,H-Träger HB22×0.5,Material,General,m,0.43,0.43,0.43,0.43,1,EUR,0.72,1.6783,6,6,建筑工程,Deckenarbeiten,Decke abgehängte Decke,Deckenabschlusslage
080212,Platte 13 Dicke,Material,General,m2,8.36,8.36,8.36,8.36,1,EUR,8.94,1.07,6,6,建筑工程,Deckenarbeiten,Decke abgehängte Decke,Deckenabschlusslage
080213,Platte 15 Dicke,Material,General,m2,11.49,11.49,11.49,11.49,1,EUR,12.3,1.07,6,6,建筑工程,Deckenarbeiten,Decke abgehängte Decke,Deckenabschlusslage
370168,Aluminiumlegierung Flachfenster,Material,Glass,m2,135.82,135.82,135.82,135.82,1,EUR,135.82,1.0,6,6,建筑工程,Tür- und Fensterarbeiten,Metallfenster,
370169,Aluminiumlegierungsfenster,Material,Glass,m2,125.38,125.38,125.38,125.38,1,EUR,125.38,1.0,6,6,建筑工程,Tür- und Fensterarbeiten,Metallfenster,
370170,Fenster aus Aluminiumlegierung zur Befestigung,Material,Glass,m2,114.93,114.93,114.93,114.93,1,EUR,114.93,1.0,6,6,建筑工程,Tür- und Fensterarbeiten,Metallfenster,
370178,Edelstahfenster,Material,Steel & Metal,m2,43.88,43.88,43.88,43.88,1,EUR,43.88,1.0,6,6,建筑工程,Tür- und Fensterarbeiten,Metallfenster,
090396,Edelstahl-Handlauf (gebogen) 75,Material,Steel & Metal,m,37.61,37.61,37.61,37.61,1,EUR,45.51,1.21,6,6,建筑工程,sonstige Dekorationsarbeiten,"Handlauf, Geländer, Geländerscheibe dekorativ","Metallhandlauf, Geländer, Geländerscheibe"
090397,Handlauf (gebogen) 75,Material,General,m,65.82,65.82,65.82,65.82,1,EUR,79.65,1.21,6,6,建筑工程,sonstige Dekorationsarbeiten,"Handlauf, Geländer, Geländerscheibe dekorativ","Metallhandlauf, Geländer, Geländerscheibe"
091447,Edelstahl-Handlauf 75 (Typ),Material,Steel & Metal,m,60.18,60.18,60.18,60.18,1,EUR,63.19,1.05,6,6,建筑工程,sonstige Dekorationsarbeiten,"Handlauf, Geländer, Geländerscheibe dekorativ","Metallhandlauf, Geländer, Geländerscheibe"
090501,verzinkter Nagel M4,Equipment,General,set,0.03,0.03,0.03,0.03,1,EUR,0.08,2.4,6,6,建筑工程,Allgemeine Installationsarbeiten - Bd.4 Elektrogeräteinstallation,Formteilemontage,
030056,Betonplatte,Material,General,m2,3.18,3.18,3.18,3.18,1,EUR,0.96,0.3013,6,6,建筑工程,Allgemeine Installationsarbeiten - Bd.4 Elektrogeräteinstallation,,
030139,Rundholzrahmen,Material,Wood & Timber,m3,411.65,411.65,411.65,411.65,1,EUR,411.65,1.0,6,6,建筑工程,Holzbauarbeiten,,
030140,Quadratischer Holzrahmen,Material,Wood & Timber,m3,614.34,614.34,614.34,614.34,1,EUR,614.34,1.0,6,6,建筑工程,Holzbauarbeiten,,
030141,Rundholz-Stahlrahmen,Material,Steel & Metal,m3,645.69,645.69,645.69,645.69,1,EUR,645.69,1.0,6,6,建筑工程,Holzbauarbeiten,,
030142,Quadrat-Holzrahmen,Material,Steel & Metal,m3,827.48,827.48,827.48,827.48,1,EUR,827.48,1.0,6,6,建筑工程,Holzbauarbeiten,,
030059,Rundholz,Material,Wood & Timber,m3,267.47,267.47,267.47,267.47,1,EUR,310.71,1.1617,6,6,建筑工程,Holzbauarbeiten,Holztragwerk,
030236,gerade Holztreppe,Material,Wood & Timber,m2,129.56,129.56,129.56,129.56,1,EUR,129.56,1.0,6,6,建筑工程,Holzbauarbeiten,Holztragwerk,
091471,Zementnagel (mit),Material,Concrete & Cement,set,0.17,0.17,0.17,0.17,1,EUR,0.7,4.2,6,6,建筑工程,Dach- und Abdichtungsarbeiten,"Wandflächenabdichtung, Feuchtigkeitsschutz",wandflächenabdichtung
090131,verzinkt mit Bolzen 12×(110 120),Material,Fasteners,set,0.36,0.36,0.36,0.36,1,EUR,2.09,5.79,6,6,建筑工程,Allgemeine Installationsarbeiten - Bd.4 Elektrogeräteinstallation,Höhen-Elektroinstallation,
370014,Holzoberflächen-Dekortür,Material,Wood & Timber,m2,114.93,114.93,114.93,114.93,1,EUR,114.93,1.0,6,6,建筑工程,Tür- und Fensterarbeiten,,
370128,Holztürblatt (flach),Material,Wood & Timber,m2,135.82,135.82,135.82,135.82,1,EUR,135.82,1.0,6,6,建筑工程,Tür- und Fensterarbeiten,,
370134,flache dekorative Türplatte,Material,General,m2,83.58,83.58,83.58,83.58,1,EUR,83.58,1.0,6,6,建筑工程,Tür- und Fensterarbeiten,,
888802,Diesel,Equipment,General,kg,1.88,1.88,1.88,1.88,1,EUR,53.38,28.4495,6,6,建筑工程,Holzbauarbeiten,Holztragwerk,
370002,Sperrholz-Holztür,Material,Wood & Timber,m2,41.37,41.37,41.37,41.37,1,EUR,41.37,1.0,6,6,建筑工程,Tür- und Fensterarbeiten,,
370003,Holztür mit Rahmen,Material,Wood & Timber,m2,179.0,179.0,179.0,179.0,1,EUR,179.0,1.0,6,6,建筑工程,Tür- und Fensterarbeiten,,
370012,Holztür mit Dekor,Material,Wood & Timber,m2,229.86,229.86,229.86,229.86,1,EUR,229.86,1.0,6,6,建筑工程,Tür- und Fensterarbeiten,,
090698,Handlauf (-förmig) 75,Material,General,m,81.49,81.49,81.49,81.49,1,EUR,85.57,1.05,6,6,建筑工程,sonstige Dekorationsarbeiten,"Handlauf, Geländer, Geländerscheibe dekorativ","Metallhandlauf, Geländer, Geländerscheibe"
090595,50 Stahlrohr-Handlauf,Material,Steel & Metal,m,3.68,3.68,3.68,3.68,1,EUR,4.16,1.13,6,6,建筑工程,sonstige Dekorationsarbeiten,"Handlauf, Geländer, Geländerscheibe dekorativ",Metall-Wandhandlauf
090405,Edelstahl 75,Material,Steel & Metal,pcs,5.22,5.22,5.22,5.22,1,EUR,6.23,1.1935,6,6,建筑工程,sonstige Dekorationsarbeiten,"Handlauf, Geländer, Geländerscheibe dekorativ",Metall-Wandhandlauf
090406,75,Material,General,pcs,6.27,6.27,6.27,6.27,1,EUR,7.48,1.1935,6,6,建筑工程,sonstige Dekorationsarbeiten,"Handlauf, Geländer, Geländerscheibe dekorativ",Metall-Wandhandlauf
050040,mit Glas 3mm,Equipment,General,m2,10.45,10.45,10.45,10.45,1,EUR,11.07,1.06,6,6,建筑工程,sonstige Dekorationsarbeiten,,Oberflächenabschlusslage
130010,alkalibeständig 200mm breit,Material,General,m,0.04,0.04,0.04,0.04,1,EUR,0.06,1.6667,6,6,建筑工程,Deckenarbeiten,,
370091,Tür,Material,General,m2,108.66,108.66,108.66,108.66,1,EUR,108.66,1.0,6,6,建筑工程,Tür- und Fensterarbeiten,"Tür, Tür",
370093,elektrische Tür,Material,General,m2,75.23,75.23,75.23,75.23,1,EUR,75.23,1.0,6,6,建筑工程,Tür- und Fensterarbeiten,"Tür, Tür",
370096,Tür,Material,General,m2,121.2,121.2,121.2,121.2,1,EUR,121.2,1.0,6,6,建筑工程,Tür- und Fensterarbeiten,"Tür, Tür",
370097,Verbindungstür,Material,General,m2,142.09,142.09,142.09,142.09,1,EUR,142.09,1.0,6,6,建筑工程,Tür- und Fensterarbeiten,"Tür, Tür",
370117,Tür,Material,General,m2,100.3,100.3,100.3,100.3,1,EUR,100.3,1.0,6,6,建筑工程,Tür- und Fensterarbeiten,"Tür, Tür",
090135,verzinkt mit Bolzen 16×(85 100),Material,Fasteners,set,0.64,0.64,0.64,0.64,1,EUR,8.48,13.26,6,6,建筑工程,Allgemeine Installationsarbeiten - Bd.4 Elektrogeräteinstallation,und Installation,Installation
030138,TK-Platte,Material,General,m2,10.45,10.45,10.45,10.45,1,EUR,11.49,1.1,6,6,建筑工程,"Wand- und Säulenbekleidungen, Trennwände und Vorhangfassaden",Trennwand,Trennwand
080275,Dekorative Platte,Material,General,m2,5.85,5.85,5.85,5.85,1,EUR,6.14,1.05,6,6,建筑工程,"Wand- und Säulenbekleidungen, Trennwände und Vorhangfassaden",Trennwand,Trennwand
080276,Betonplatte,Material,General,m2,58.51,58.51,58.51,58.51,1,EUR,61.43,1.05,6,6,建筑工程,"Wand- und Säulenbekleidungen, Trennwände und Vorhangfassaden",Trennwand,Trennwand
050041,Spiegelglas mit 6mm Stärke,Material,Glass,m2,11.91,11.91,11.91,11.91,1,EUR,14.41,1.21,6,6,建筑工程,sonstige Dekorationsarbeiten,,Oberflächenabschlusslage
010406,Metallschiene,Material,Steel & Metal,m2,18.81,18.81,18.81,18.81,1,EUR,19.93,1.06,6,6,建筑工程,sonstige Dekorationsarbeiten,,Oberflächenabschlusslage
050042,Glasstahl,Material,Steel & Metal,m2,25.08,25.08,25.08,25.08,1,EUR,26.33,1.05,6,6,建筑工程,sonstige Dekorationsarbeiten,,Oberflächenabschlusslage
090203,Erdungsstahlnagel,Material,Steel & Metal,100 pcs,1.46,1.46,1.46,1.46,1,EUR,0.31,0.2089,6,6,建筑工程,sonstige Dekorationsarbeiten,,Oberflächenabschlusslage
370159,Tür,Material,General,m,144.18,144.18,144.18,144.18,1,EUR,144.18,1.0,6,6,建筑工程,Tür- und Fensterarbeiten,"Tür, Tür",
370095,Türfüllung,Material,General,m2,522.4,522.4,522.4,522.4,1,EUR,522.4,1.0,6,6,建筑工程,Tür- und Fensterarbeiten,"Tür, Tür",
370098,Betontür,Material,Concrete & Cement,m2,257.02,257.02,257.02,257.02,1,EUR,257.02,1.0,6,6,建筑工程,Tür- und Fensterarbeiten,"Tür, Tür",
370099,Betontür,Material,Concrete & Cement,m2,292.55,292.55,292.55,292.55,1,EUR,292.55,1.0,6,6,建筑工程,Tür- und Fensterarbeiten,"Tür, Tür",
370100,Betontürplatte,Material,Concrete & Cement,m2,522.4,522.4,522.4,522.4,1,EUR,522.4,1.0,6,6,建筑工程,Tür- und Fensterarbeiten,"Tür, Tür",
370101,Betonfensterbank,Material,Concrete & Cement,m2,127.47,127.47,127.47,127.47,1,EUR,127.47,1.0,6,6,建筑工程,Tür- und Fensterarbeiten,"Tür, Tür",
370110,Stahltür,Material,Steel & Metal,m2,585.09,585.09,585.09,585.09,1,EUR,585.09,1.0,6,6,建筑工程,Tür- und Fensterarbeiten,"Tür, Tür",
370030,Befestigung Holzfenster,Material,Wood & Timber,m2,45.97,45.97,45.97,45.97,1,EUR,45.97,1.0,6,6,建筑工程,Tür- und Fensterarbeiten,Holzfenster,
370088,Stahltür,Material,Steel & Metal,m2,73.14,73.14,73.14,73.14,1,EUR,73.14,1.0,6,6,建筑工程,Tür- und Fensterarbeiten,"Tür, Tür",
370102,Stahlgeländer-Tür,Material,Steel & Metal,m2,73.14,73.14,73.14,73.14,1,EUR,73.14,1.0,6,6,建筑工程,Tür- und Fensterarbeiten,"Tür, Tür",
370156,Stahltür mit Drahtfüllung,Material,Steel & Metal,m2,185.98,185.98,185.98,185.98,1,EUR,185.98,1.0,6,6,建筑工程,Tür- und Fensterarbeiten,"Tür, Tür",
370157,Stahltür (flach),Material,Steel & Metal,m2,179.71,179.71,179.71,179.71,1,EUR,179.71,1.0,6,6,建筑工程,Tür- und Fensterarbeiten,"Tür, Tür",
370230,Stahltür,Material,Steel & Metal,m2,135.82,135.82,135.82,135.82,1,EUR,135.82,1.0,6,6,建筑工程,Tür- und Fensterarbeiten,"Tür, Tür",
370231,Stahltür,Material,Steel & Metal,m2,177.62,177.62,177.62,177.62,1,EUR,177.62,1.0,6,6,建筑工程,Tür- und Fensterarbeiten,"Tür, Tür",
100271,wasserdichtungsarbeiten,Material,Waterproofing,kg,1.46,1.46,1.46,1.46,1,EUR,6.44,4.4,6,6,建筑工程,Dach- und Abdichtungsarbeiten,"Wandflächenabdichtung, Feuchtigkeitsschutz",wandflächenabdichtung
150177,Abdichtung 4kg/m2,Material,Waterproofing,m2,6.69,6.69,6.69,6.69,1,EUR,7.36,1.1,6,6,建筑工程,Dach- und Abdichtungsarbeiten,"Wandflächenabdichtung, Feuchtigkeitsschutz",wandflächenabdichtung
100261,Abdichtungsschicht,Material,Waterproofing,kg,5.85,5.85,5.85,5.85,1,EUR,9.63,1.6464,6,6,建筑工程,Dach- und Abdichtungsarbeiten,"Wandflächenabdichtung, Feuchtigkeitsschutz",Wandoberflächenbeschichtung Abdichtung
100265,SBS-Bitumen-Dichtungsbeschichtung,Material,Waterproofing,kg,1.8,1.8,1.8,1.8,1,EUR,3.96,2.2058,6,6,建筑工程,Dach- und Abdichtungsarbeiten,"Wandflächenabdichtung, Feuchtigkeitsschutz",Wandoberflächenbeschichtung Abdichtung
800079,Straßenwalze Verbund,Equipment,General,machine-shift,71.86,71.86,71.86,71.86,1,EUR,0.62,0.0086,6,6,建筑工程,Erdarbeiten und Felsarbeiten,Auffüllung,Bodenverfüllung
800139,Schlammpumpe 100,Equipment,Pumps,machine-shift,6.6,6.6,6.6,6.6,1,EUR,0.35,0.0527,6,6,建筑工程,Erdarbeiten und Felsarbeiten,Transport,Schlammtransport
800366,Raupenkran 60t,Equipment,Cranes,machine-shift,247.05,247.05,247.05,247.05,1,EUR,8.73,0.0353,6,6,建筑工程,Bodenbehandlung und Böschungsstützung,Bewehrungsarbeiten,
110026,Phenolharzlack,Material,Paint & Coatings,kg,3.26,3.26,3.26,3.26,1,EUR,0.37,0.1148,6,6,建筑工程,"Allgemeine Montagearbeiten - Bd.12 Malerarbeiten, Korrosionsschutz, Wärmedämmung",rechteckiges Bürsten,
110749,mit Farbe W61-25,Equipment,General,kg,10.97,10.97,10.97,10.97,1,EUR,2.46,0.2246,6,6,建筑工程,"Allgemeine Montagearbeiten - Bd.12 Malerarbeiten, Korrosionsschutz, Wärmedämmung",rechteckiges Bürsten,
110739,mit Verdünner X13,Equipment,General,kg,2.61,2.61,2.61,2.61,1,EUR,0.09,0.035,6,6,建筑工程,"Allgemeine Montagearbeiten - Bd.12 Malerarbeiten, Korrosionsschutz, Wärmedämmung",rechteckiges Bürsten,
370191,Glass-Tür,Material,Glass,pcs,27.16,27.16,27.16,27.16,1,EUR,27.16,1.0,6,6,建筑工程,Tür- und Fensterarbeiten,Beschlagmontage,
090326,Tür,Material,General,pcs,27.75,27.75,27.75,27.75,1,EUR,27.75,1.0,6,6,建筑工程,Tür- und Fensterarbeiten,Beschlagmontage,
370084,Flurtür,Material,General,set,1880.65,1880.65,1880.65,1880.65,1,EUR,1880.65,1.0,6,6,建筑工程,Tür- und Fensterarbeiten,Beschlagmontage,
110370,Zementspachtel,Material,Concrete & Cement,kg,0.73,0.73,0.73,0.73,1,EUR,1.21,1.65,6,6,建筑工程,"Maler-, Beschichtungs- und Tapezierarbeiten",Anstrich auf verputzter Oberfläche,vollflächiger Spachtelauftrag
810124,Poly () Mörtel 1: 2.5: 5,Material,Concrete & Cement,m3,65.2,65.2,65.2,65.2,1,EUR,0.04,0.0006,6,6,建筑工程,"Maler-, Beschichtungs- und Tapezierarbeiten",Anstrich auf verputzter Oberfläche,vollflächiger Spachtelauftrag
110333,Acrylgrundierung,Material,Paint & Coatings,kg,1.15,1.15,1.15,1.15,1,EUR,0.13,0.113,6,6,建筑工程,"Maler-, Beschichtungs- und Tapezierarbeiten",Spritz- und Bürstenbeschichtung,Wandoberflächenbeschichtungsschicht
110504,Dispersionsfarbe,Material,Paint & Coatings,kg,6.96,6.96,6.96,6.96,1,EUR,2.21,0.3182,6,6,建筑工程,"Maler-, Beschichtungs- und Tapezierarbeiten",Spritz- und Bürstenbeschichtung,Wandoberflächenbeschichtungsschicht
110485,wasserbasierte Metallfarbe,Material,Steel & Metal,kg,7.31,7.31,7.31,7.31,1,EUR,6.18,0.8455,6,6,建筑工程,"Maler-, Beschichtungs- und Tapezierarbeiten",Spritz- und Bürstenbeschichtung,Wandoberflächenbeschichtungsschicht
110755,Oberflächenspachtel,Material,General,kg,0.83,0.83,0.83,0.83,1,EUR,0.54,0.6545,6,6,建筑工程,"Maler-, Beschichtungs- und Tapezierarbeiten",Anstrich auf verputzter Oberfläche,Anstrich auf verputzter Oberfläche
850233,Länge Länge 1270 1650nm,Equipment,General,machine-shift,68.96,68.96,68.96,68.96,1,EUR,52.87,0.7667,6,6,建筑工程,Allgemeine Installationsarbeiten - Bd.11 Kommunikationsausrüstung und Leitungen,Formteil,
800501,Dieselstrom,Equipment,General,machine-shift,50.25,50.25,50.25,50.25,1,EUR,50.25,1.0,6,6,建筑工程,Allgemeine Installationsarbeiten - Bd.11 Kommunikationsausrüstung und Leitungen,,
850086,2.5Gb/s,Equipment,General,machine-shift,346.25,346.25,346.25,346.25,1,EUR,173.12,0.5,6,6,建筑工程,Allgemeine Installationsarbeiten - Bd.11 Kommunikationsausrüstung und Leitungen,,
010007,Stahlform,Material,Steel & Metal,kg,1.4,1.4,1.4,1.4,1,EUR,8.98,6.403,6,6,建筑工程,Bodenbehandlung und Böschungsstützung,Baugrube,()
100118,Höhenkleber,Material,General,m,6.58,6.58,6.58,6.58,1,EUR,2.25,0.342,6,6,建筑工程,Bodenbehandlung und Böschungsstützung,Baugrube,()
091518,-förmig,Material,General,pcs,4.6,4.6,4.6,4.6,1,EUR,0.69,0.1493,6,6,建筑工程,Bodenbehandlung und Böschungsstützung,Baugrube,Fundamentmauer
150142,Schlämme,Material,General,m3,10.51,10.51,10.51,10.51,1,EUR,26.28,2.5,5,5,建筑工程,Bodenbehandlung und Böschungsstützung,Baugrube,Fundamentmauer
091519,Fertigbeton Wasser 300,Material,Concrete & Cement,pcs,11.7,11.7,11.7,11.7,1,EUR,0.39,0.0333,5,5,建筑工程,Bodenbehandlung und Böschungsstützung,Baugrube,Fundamentmauer
850033,A005810,Equipment,General,machine-shift,20.28,20.28,20.28,20.28,1,EUR,16.9,0.8333,5,5,建筑工程,Allgemeine Installationsarbeiten - Bd.11 Kommunikationsausrüstung und Leitungen,,
800399,Fundamentwand Betonieren und Rüttelrahmen,Equipment,General,machine-shift,16.68,16.68,16.68,16.68,1,EUR,0.42,0.025,5,5,建筑工程,Bodenbehandlung und Böschungsstützung,Baugrube,Fundamentmauer
800386,Schlammpumpe 50,Equipment,Pumps,machine-shift,1.2,1.2,1.2,1.2,1,EUR,0.11,0.0922,5,5,建筑工程,Bodenbehandlung und Böschungsstützung,Baugrube,Fundamentmauer
800364,Schloss,Equipment,General,machine-shift,49.06,49.06,49.06,49.06,1,EUR,52.4,1.068,5,5,建筑工程,Bodenbehandlung und Böschungsstützung,Baugrube,Fundamentmauer
800155,Betonrüttler,Equipment,General,machine-shift,0.23,0.23,0.23,0.23,1,EUR,0.0,0.012,5,5,建筑工程,Bodenbehandlung und Böschungsstützung,Baugrube,Fundamentmauer
090834,Bolzen mit M12×(30 35),Material,Fasteners,set,0.25,0.25,0.25,0.25,1,EUR,1.99,8.08,5,5,建筑工程,Allgemeine Installationsarbeiten - Bd.11 Kommunikationsausrüstung und Leitungen,,
850235,Mesh FWKE,Equipment,General,machine-shift,34.48,34.48,34.48,34.48,1,EUR,44.82,1.3,5,5,建筑工程,Allgemeine Installationsarbeiten - Bd.11 Kommunikationsausrüstung und Leitungen,Netz,
850232,MFC+ Formteil,Equipment,General,machine-shift,122.76,122.76,122.76,122.76,1,EUR,73.66,0.6,5,5,建筑工程,Allgemeine Installationsarbeiten - Bd.11 Kommunikationsausrüstung und Leitungen,,
060065,Bodenfliese (H 120mm),Material,General,m,3.16,3.16,3.16,3.16,1,EUR,3.49,1.105,5,5,建筑工程,Bodenbelagsarbeiten,Sockelleiste,
370106,Edelstahltür,Material,Steel & Metal,m2,81.49,81.49,81.49,81.49,1,EUR,81.49,1.0,5,5,建筑工程,Tür- und Fensterarbeiten,Metalltür,
370105,Türblatt,Material,General,m2,73.14,73.14,73.14,73.14,1,EUR,73.14,1.0,5,5,建筑工程,Tür- und Fensterarbeiten,Metalltür,
370104,Aluminiumlegiertür,Material,General,m2,77.32,77.32,77.32,77.32,1,EUR,77.32,1.0,5,5,建筑工程,Tür- und Fensterarbeiten,Metalltür,
370103,verzinkte Stahlblechtür,Material,Steel & Metal,m2,41.79,41.79,41.79,41.79,1,EUR,41.79,1.0,5,5,建筑工程,Tür- und Fensterarbeiten,Metalltür,
370162,Edelstahltür mit elektrischem Antrieb (mit),Material,Steel & Metal,m,250.75,250.75,250.75,250.75,1,EUR,250.75,1.0,5,5,建筑工程,Tür- und Fensterarbeiten,Tür,
230033,no,Material,General,pcs,16.72,16.72,16.72,16.72,1,EUR,16.72,1.0,5,5,建筑工程,Dach- und Abdichtungsarbeiten,Dachabdichtung und Zubehör,Dach ()
370161,Edelstahltür mit elektrischem Antrieb (Stück),Material,Steel & Metal,m,240.3,240.3,240.3,240.3,1,EUR,240.3,1.0,5,5,建筑工程,Tür- und Fensterarbeiten,Tür,
370160,Edelstahl-Elektrotür,Material,Steel & Metal,m2,313.44,313.44,313.44,313.44,1,EUR,313.44,1.0,5,5,建筑工程,Tür- und Fensterarbeiten,Tür,
370083,Türdurchmesser 3m,Material,General,unit,14209.33,14209.33,14209.33,14209.33,1,EUR,14209.33,1.0,5,5,建筑工程,Tür- und Fensterarbeiten,Tür,
370080,elektrische Tür,Material,General,m2,135.82,135.82,135.82,135.82,1,EUR,135.82,1.0,5,5,建筑工程,Tür- und Fensterarbeiten,Tür,
040043,Glasstahl,Material,Steel & Metal,m2,3.43,3.43,3.43,3.43,1,EUR,3.53,1.03,5,5,建筑工程,Dach- und Abdichtungsarbeiten,Dachabdichtung und Zubehör,Dachrinne
370039,Aluminiumlegiertür,Material,General,m2,110.75,110.75,110.75,110.75,1,EUR,110.75,1.0,5,5,建筑工程,Tür- und Fensterarbeiten,Metalltür,
370037,Aluminiumlegiertür,Material,General,m2,66.87,66.87,66.87,66.87,1,EUR,66.87,1.0,5,5,建筑工程,Tür- und Fensterarbeiten,Metalltür,
370036,Aluminiumlegiertür,Material,General,m2,71.05,71.05,71.05,71.05,1,EUR,71.05,1.0,5,5,建筑工程,Tür- und Fensterarbeiten,Metalltür,
370034,Aluminiumlegierung Flachtür,Material,General,m2,100.3,100.3,100.3,100.3,1,EUR,100.3,1.0,5,5,建筑工程,Tür- und Fensterarbeiten,Metalltür,
370033,Aluminiumlegierung Flachtür,Material,General,m2,102.39,102.39,102.39,102.39,1,EUR,102.39,1.0,5,5,建筑工程,Tür- und Fensterarbeiten,Metalltür,
080105,T-förmige Leichtstahl-Unterkonstruktion CB33-2,Material,Steel & Metal,pcs,0.12,0.12,0.12,0.12,1,EUR,0.23,1.9638,5,5,建筑工程,Deckenarbeiten,Decke abgehängte Decke,Deckenprofil
080098,Träger CL15×35,Material,General,m,0.77,0.77,0.77,0.77,1,EUR,0.54,0.7086,5,5,建筑工程,Deckenarbeiten,Decke abgehängte Decke,Deckenprofil
080071,T-förmige Leichtstahlkonstruktion KB33×30,Material,Steel & Metal,m,1.21,1.21,1.21,1.21,1,EUR,2.23,1.8428,5,5,建筑工程,Deckenarbeiten,Decke abgehängte Decke,Deckenprofil
080016,U-förmige Leichtstahlkonstruktion CB30-L,Material,Steel & Metal,pcs,0.09,0.09,0.09,0.09,1,EUR,0.03,0.3678,5,5,建筑工程,Deckenarbeiten,Decke abgehängte Decke,Deckenprofil
080010,U-förmige Leichtstahlkonstruktion CB30×12,Material,Steel & Metal,m,0.89,0.89,0.89,0.89,1,EUR,1.08,1.216,5,5,建筑工程,Deckenarbeiten,Decke abgehängte Decke,Deckenprofil
030047,Holz,Material,Wood & Timber,pcs,6.44,6.44,6.44,6.44,1,EUR,4.68,0.7267,5,5,建筑工程,sonstige Dekorationsarbeiten,"Handlauf, Geländer, Geländerscheibe dekorativ","Holzhandlauf, Geländer, Geländerscheibe"
030095,Holz,Material,Wood & Timber,pcs,2.21,2.21,2.21,2.21,1,EUR,1.68,0.76,5,5,建筑工程,sonstige Dekorationsarbeiten,"Handlauf, Geländer, Geländerscheibe dekorativ","Holzhandlauf, Geländer, Geländerscheibe"
030046,Holzhandlauf (-förmig) 150×60,Material,Wood & Timber,m,43.67,43.67,43.67,43.67,1,EUR,50.22,1.15,5,5,建筑工程,sonstige Dekorationsarbeiten,"Handlauf, Geländer, Geländerscheibe dekorativ","Holzhandlauf, Geländer, Geländerscheibe"
030045,Holzhandlauf (gebogen) 150×60,Material,Wood & Timber,m,32.16,32.16,32.16,32.16,1,EUR,36.98,1.15,5,5,建筑工程,sonstige Dekorationsarbeiten,"Handlauf, Geländer, Geländerscheibe dekorativ","Holzhandlauf, Geländer, Geländerscheibe"
030044,Holzhandlauf (gerade) 150×60,Material,Wood & Timber,m,23.01,23.01,23.01,23.01,1,EUR,25.31,1.1,5,5,建筑工程,sonstige Dekorationsarbeiten,"Handlauf, Geländer, Geländerscheibe dekorativ","Holzhandlauf, Geländer, Geländerscheibe"
030094,Holzhandlauf,Material,Wood & Timber,m,6.04,6.04,6.04,6.04,1,EUR,6.94,1.15,5,5,建筑工程,sonstige Dekorationsarbeiten,"Handlauf, Geländer, Geländerscheibe dekorativ","Holzhandlauf, Geländer, Geländerscheibe"
370140,Tür (mit flacher Holzfüllung),Material,Wood & Timber,m2,100.3,100.3,100.3,100.3,1,EUR,100.3,1.0,5,5,建筑工程,Tür- und Fensterarbeiten,,
370138,Tür (mit flacher Holzfüllung),Material,Wood & Timber,m2,125.38,125.38,125.38,125.38,1,EUR,125.38,1.0,5,5,建筑工程,Tür- und Fensterarbeiten,,
370020,Türrand,Material,General,m2,43.25,43.25,43.25,43.25,1,EUR,43.25,1.0,5,5,建筑工程,Tür- und Fensterarbeiten,,
370016,Türblatt,Material,General,m2,73.14,73.14,73.14,73.14,1,EUR,73.14,1.0,5,5,建筑工程,Tür- und Fensterarbeiten,,
370004,Holztür,Material,Wood & Timber,m2,57.46,57.46,57.46,57.46,1,EUR,57.46,1.0,5,5,建筑工程,Tür- und Fensterarbeiten,,
090310,Metallhalterung,Material,Steel & Metal,kg,0.56,0.56,0.56,0.56,1,EUR,1.1,1.979,5,5,建筑工程,Dach- und Abdichtungsarbeiten,Dachabdichtung und Zubehör,Dachrinne
090046,Bolzen,Material,Fasteners,pcs,0.03,0.03,0.03,0.03,1,EUR,0.05,1.684,5,5,建筑工程,Dach- und Abdichtungsarbeiten,Dachabdichtung und Zubehör,Dachrinne
130155,Stein,Material,General,kg,1.02,1.02,1.02,1.02,1,EUR,0.28,0.2775,5,5,建筑工程,Metallbauarbeiten,Metallverbindung tragend vor Ort und sonstige Positionen,
150108,Drahtbürste,Material,Electrical,Stück,1.35,1.35,1.35,1.35,1,EUR,0.04,0.0312,5,5,建筑工程,Metallbauarbeiten,Metallverbindung tragend vor Ort und sonstige Positionen,
280181,Metall 30,Material,Steel & Metal,m,9.45,9.45,9.45,9.45,1,EUR,8.75,0.9264,5,5,建筑工程,Allgemeine Installationsarbeiten - Bd.4 Elektrogeräteinstallation,,
280039,Metall 20,Material,Steel & Metal,pcs,0.09,0.09,0.09,0.09,1,EUR,0.2,2.2424,5,5,建筑工程,Allgemeine Installationsarbeiten - Bd.4 Elektrogeräteinstallation,Formteil,zusätzliche Elektrizitätsformteile
280078,Metall 20,Material,Steel & Metal,m,1.06,1.06,1.06,1.06,1,EUR,1.16,1.0918,5,5,建筑工程,Allgemeine Installationsarbeiten - Bd.4 Elektrogeräteinstallation,Formteil,zusätzliche Elektrizitätsformteile
080272,Trennwandplatte,Material,General,m2,94.03,94.03,94.03,94.03,1,EUR,179.32,1.907,5,5,建筑工程,"Wand- und Säulenbekleidungen, Trennwände und Vorhangfassaden",Trennwand,Trennwand
030114,Trennwandplatte,Material,General,m2,45.97,45.97,45.97,45.97,1,EUR,87.67,1.907,5,5,建筑工程,"Wand- und Säulenbekleidungen, Trennwände und Vorhangfassaden",Trennwand,Trennwand
090204,Elektrizitäts-Aluminium,Material,General,m,1.28,1.28,1.28,1.28,1,EUR,9.17,7.1737,5,5,建筑工程,"Wand- und Säulenbekleidungen, Trennwände und Vorhangfassaden",Trennwand,Trennwand
100275,Polymerkleber wasserdichte Membran 1.2mm Dicke,Material,Waterproofing,m2,11.28,11.28,11.28,11.28,1,EUR,13.96,1.2372,5,5,建筑工程,Dach- und Abdichtungsarbeiten,"Keller- und Bodenabdichtung, Feuchtigkeitsschutz",Bodenmembran-Abdichtung
090166,Erdungsbolzen (16 22)×(150 300),Material,Fasteners,set,1.14,1.14,1.14,1.14,1,EUR,9.78,8.584,5,5,建筑工程,Allgemeine Installationsarbeiten - Bd.4 Elektrogeräteinstallation,,Installation
060078,Verbundmauerwerk Standardziegel 240×115×53,Material,General,pcs,0.1,0.1,0.1,0.1,1,EUR,15.38,147.224,5,5,建筑工程,Allgemeine Installationsarbeiten - Bd.4 Elektrogeräteinstallation,"Elektroinstallation, Estrich (Ziegel) und Estrich",
380094,Profilstahl Stahlwandrahmen,Material,Steel & Metal,t,1201.52,1201.52,1201.52,1201.52,1,EUR,1201.52,1.0,5,5,建筑工程,Metallbauarbeiten,Stahltragwerk,
380093,Stahlrahmenwand Typ,Material,Steel & Metal,t,1337.35,1337.35,1337.35,1337.35,1,EUR,1337.35,1.0,5,5,建筑工程,Metallbauarbeiten,Stahltragwerk,
380092,Stahltragwerk,Material,Steel & Metal,t,1420.93,1420.93,1420.93,1420.93,1,EUR,1420.93,1.0,5,5,建筑工程,Metallbauarbeiten,Stahltragwerk,
380090,Betonplatte,Material,General,t,940.32,940.32,940.32,940.32,1,EUR,940.32,1.0,5,5,建筑工程,Metallbauarbeiten,Stahltragwerk,
390115,Stahlträger Einbauteil,Material,Steel & Metal,t,1306.0,1306.0,1306.0,1306.0,1,EUR,1306.0,1.0,5,5,建筑工程,Metallbauarbeiten,Stahltragwerk,
270041,Leiste 220V1000W,Material,General,pcs,79.41,79.41,79.41,79.41,1,EUR,28.81,0.3628,5,5,建筑工程,Allgemeine Installationsarbeiten - Bd.4 Elektrogeräteinstallation,elektrische Trockeninstallation,
800032,AC-Schweißer 21kVA,Equipment,Welding Equip.,machine-shift,2.34,2.34,2.34,2.34,1,EUR,4.9,2.0937,5,5,建筑工程,"Wand- und Säulenbekleidungen, Trennwände und Vorhangfassaden",Trennwand,Glaswand
380036,Stahl,Material,Steel & Metal,t,1410.49,1410.49,1410.49,1410.49,1,EUR,1410.49,1.0,5,5,建筑工程,Metallbauarbeiten,Stahltragwerk,
380035,Profilstahl Stahlgeländer,Material,Steel & Metal,t,1316.45,1316.45,1316.45,1316.45,1,EUR,1316.45,1.0,5,5,建筑工程,Metallbauarbeiten,Stahltragwerk,
090083,verzinkte Sicherungsmutter 20,Material,Fasteners,pcs,0.1,0.1,0.1,0.1,1,EUR,0.07,0.6426,5,5,建筑工程,Allgemeine Installationsarbeiten - Bd.4 Elektrogeräteinstallation,,verzinktes Stahlrohr
090082,verzinkte Sicherungsmutter 15,Material,Fasteners,pcs,0.08,0.08,0.08,0.08,1,EUR,0.02,0.2472,5,5,建筑工程,Allgemeine Installationsarbeiten - Bd.4 Elektrogeräteinstallation,,verzinktes Stahlrohr
090695,verzinkter Doppelbolzen 16×(275 300),Material,Fasteners,set,0.61,0.61,0.61,0.61,1,EUR,2.28,3.704,5,5,建筑工程,Allgemeine Installationsarbeiten - Bd.4 Elektrogeräteinstallation,Wasserinstallation,Installation
300175,verzinkter Winkelstahl 63×63×6×1880,Material,Steel & Metal,pcs,11.7,11.7,11.7,11.7,1,EUR,18.78,1.6048,5,5,建筑工程,Allgemeine Installationsarbeiten - Bd.4 Elektrogeräteinstallation,,Installation
300004,verzinkter M-Typ 65×6×280,Material,General,pcs,1.45,1.45,1.45,1.45,1,EUR,2.34,1.6068,5,5,建筑工程,Allgemeine Installationsarbeiten - Bd.4 Elektrogeräteinstallation,,Installation
170233,Wasser,Material,Water,set,135.82,135.82,135.82,135.82,1,EUR,135.82,1.0,5,5,建筑工程,Dach- und Abdichtungsarbeiten,Dachabdichtung und Zubehör,Dachwasser
170091,Wasser,Material,Water,pcs,11.64,11.64,11.64,11.64,1,EUR,11.76,1.01,5,5,建筑工程,Dach- und Abdichtungsarbeiten,Dachabdichtung und Zubehör,Dachwasser
160120,Wasser,Material,Water,set,12.31,12.31,12.31,12.31,1,EUR,12.43,1.01,5,5,建筑工程,Dach- und Abdichtungsarbeiten,Dachabdichtung und Zubehör,Dachwasser
170194,Fallrohr 150,Material,Pipes & Fittings,m,7.86,7.86,7.86,7.86,1,EUR,8.28,1.054,5,5,建筑工程,Dach- und Abdichtungsarbeiten,Dachabdichtung und Zubehör,Dachwasser
170193,TY PVC,Material,General,set,0.36,0.36,0.36,0.36,1,EUR,0.12,0.34,5,5,建筑工程,Dach- und Abdichtungsarbeiten,Dachabdichtung und Zubehör,Dachwasser
070100,Spiegelprofil,Material,General,m,0.21,0.21,0.21,0.21,1,EUR,0.22,1.03,5,5,建筑工程,sonstige Dekorationsarbeiten,Dekorative Zierleiste,Dekorative Zierleiste
070075,Profil 30mm überstehend,Material,General,m,0.52,0.52,0.52,0.52,1,EUR,0.54,1.03,5,5,建筑工程,sonstige Dekorationsarbeiten,Dekorative Zierleiste,Dekorative Zierleiste
070074,Profil 30mm innen,Material,General,m,0.38,0.38,0.38,0.38,1,EUR,0.39,1.03,5,5,建筑工程,sonstige Dekorationsarbeiten,Dekorative Zierleiste,Dekorative Zierleiste
070073,Profil 30mm überstehend,Material,General,m,1.0,1.0,1.0,1.0,1,EUR,1.03,1.03,5,5,建筑工程,sonstige Dekorationsarbeiten,Dekorative Zierleiste,Dekorative Zierleiste
070072,Profil 30mm innen,Material,General,m,0.31,0.31,0.31,0.31,1,EUR,0.32,1.03,5,5,建筑工程,sonstige Dekorationsarbeiten,Dekorative Zierleiste,Dekorative Zierleiste
280244,Schweißen Stahlrohrverbindung 32,Material,Steel & Metal,pcs,0.45,0.45,0.45,0.45,1,EUR,0.07,0.1648,5,5,建筑工程,Allgemeine Installationsarbeiten - Bd.4 Elektrogeräteinstallation,,Schweißen von Stahlrohren
280243,Schweißen Stahlrohrverbindung 25,Material,Steel & Metal,pcs,0.3,0.3,0.3,0.3,1,EUR,0.05,0.1648,5,5,建筑工程,Allgemeine Installationsarbeiten - Bd.4 Elektrogeräteinstallation,,Schweißen von Stahlrohren
280242,Schweißen von Stahlrohrverbindungen 20,Material,Steel & Metal,pcs,0.21,0.21,0.21,0.21,1,EUR,0.04,0.1648,5,5,建筑工程,Allgemeine Installationsarbeiten - Bd.4 Elektrogeräteinstallation,,Schweißen von Stahlrohren
280241,Schweißen Stahlrohrverbindung 15,Material,Steel & Metal,pcs,0.1,0.1,0.1,0.1,1,EUR,0.02,0.1648,5,5,建筑工程,Allgemeine Installationsarbeiten - Bd.4 Elektrogeräteinstallation,,Schweißen von Stahlrohren
390114,eingebetteter Stahlstützenanteil,Material,Steel & Metal,t,1337.35,1337.35,1337.35,1337.35,1,EUR,1337.35,1.0,5,5,建筑工程,Metallbauarbeiten,Stahltragwerk,
380038,Stahl,Material,Steel & Metal,t,1410.49,1410.49,1410.49,1410.49,1,EUR,1410.49,1.0,5,5,建筑工程,Metallbauarbeiten,Stahltragwerk,
380037,Stahlhalterung,Material,Steel & Metal,t,1337.35,1337.35,1337.35,1337.35,1,EUR,1337.35,1.0,5,5,建筑工程,Metallbauarbeiten,Stahltragwerk,
010386,Stahltragwerk,Material,Steel & Metal,t,1441.83,1441.83,1441.83,1441.83,1,EUR,1441.83,1.0,5,5,建筑工程,Metallbauarbeiten,Stahltragwerk,
390113,Stahlblechrinne,Material,Steel & Metal,t,1337.35,1337.35,1337.35,1337.35,1,EUR,1337.35,1.0,5,5,建筑工程,Metallbauarbeiten,Stahltragwerk,
390112,Stahlgeländer,Material,Steel & Metal,t,1410.49,1410.49,1410.49,1410.49,1,EUR,1410.49,1.0,5,5,建筑工程,Metallbauarbeiten,Stahltragwerk,
390111,Stahlrohr Stahlgeländer,Material,Steel & Metal,t,1410.49,1410.49,1410.49,1410.49,1,EUR,1410.49,1.0,5,5,建筑工程,Metallbauarbeiten,Stahltragwerk,
170102,Glasstahl 110,Material,Steel & Metal,pcs,3.03,3.03,3.03,3.03,1,EUR,0.31,0.101,5,5,建筑工程,Dach- und Abdichtungsarbeiten,Dachabdichtung und Zubehör,Dachwasser
170101,Glasstahl 160,Material,Steel & Metal,pcs,3.03,3.03,3.03,3.03,1,EUR,0.34,0.111,5,5,建筑工程,Dach- und Abdichtungsarbeiten,Dachabdichtung und Zubehör,Dachwasser
170100,Glasstahl 110,Material,Steel & Metal,pcs,2.42,2.42,2.42,2.42,1,EUR,0.27,0.111,5,5,建筑工程,Dach- und Abdichtungsarbeiten,Dachabdichtung und Zubehör,Dachwasser
170093,Glasstahl Wasser 160,Material,Steel & Metal,m,4.03,4.03,4.03,4.03,1,EUR,4.28,1.061,5,5,建筑工程,Dach- und Abdichtungsarbeiten,Dachabdichtung und Zubehör,Dachwasser
170092,Glasstahlwasser 110,Material,Steel & Metal,m,3.43,3.43,3.43,3.43,1,EUR,3.61,1.054,5,5,建筑工程,Dach- und Abdichtungsarbeiten,Dachabdichtung und Zubehör,Dachwasser
170089,Fallrohr 100,Material,Pipes & Fittings,m,7.02,7.02,7.02,7.02,1,EUR,7.35,1.047,5,5,建筑工程,Dach- und Abdichtungsarbeiten,Dachabdichtung und Zubehör,Dachwasser
800477,Strom,Equipment,General,machine-shift,16.99,16.99,16.99,16.99,1,EUR,0.36,0.0212,5,5,建筑工程,"Wand- und Säulenbekleidungen, Trennwände und Vorhangfassaden",Säulen- (Träger-) Verkleidung,Säulen- (Träger-) Oberflächendekoration
130017,Polyplatte 25,Material,General,m2,2.3,2.3,2.3,2.3,1,EUR,0.11,0.05,5,5,建筑工程,Dach- und Abdichtungsarbeiten,Bewegungsfuge,Fugenfüllung
110204,Poly-Klebstoff,Material,General,kg,0.55,0.55,0.55,0.55,1,EUR,0.46,0.833,5,5,建筑工程,Dach- und Abdichtungsarbeiten,Bewegungsfuge,Fugenfüllung
100259,Polyurethan,Material,General,kg,5.22,5.22,5.22,5.22,1,EUR,9.69,1.854,5,5,建筑工程,Dach- und Abdichtungsarbeiten,Bewegungsfuge,Fugenfüllung
800152,Betonmischer 400L,Equipment,General,machine-shift,8.21,8.21,8.21,8.21,1,EUR,0.2,0.0241,5,5,建筑工程,Beton- und Stahlbetonarbeiten,zusätzlicher Ortbeton,
850130,Elektrizität RC2000SL11,Equipment,General,machine-shift,7.9,7.9,7.9,7.9,1,EUR,12.32,1.56,5,5,建筑工程,Allgemeine Installationsarbeiten - Bd.4 Elektrogeräteinstallation,Strom,"10kV, einpolig"
150197,Stein,Material,General,pcs,0.63,0.63,0.63,0.63,1,EUR,0.03,0.0514,5,5,建筑工程,Allgemeine Installationsarbeiten - Bd.4 Elektrogeräteinstallation,,
280118,T1-T4,Material,General,pcs,0.54,0.54,0.54,0.54,1,EUR,0.55,1.02,5,5,建筑工程,Allgemeine Installationsarbeiten - Bd.4 Elektrogeräteinstallation,Formteilemontage,
280072,Formteil 86H,Material,General,pcs,0.54,0.54,0.54,0.54,1,EUR,0.55,1.02,5,5,建筑工程,Allgemeine Installationsarbeiten - Bd.4 Elektrogeräteinstallation,Formteilemontage,
090088,verzinkte Sicherungsmutter 70,Material,Fasteners,pcs,0.3,0.3,0.3,0.3,1,EUR,0.04,0.1442,5,5,建筑工程,Allgemeine Installationsarbeiten - Bd.4 Elektrogeräteinstallation,,verzinktes Stahlrohr
100393,PVC-Poly-Membran 1.5 Dicke (Glas-Typ),Material,Waterproofing,m2,14.63,14.63,14.63,14.63,1,EUR,16.16,1.105,5,5,建筑工程,Dach- und Abdichtungsarbeiten,Dachabdichtung und Zubehör,Dachabdichtung mit Dachbahn
100255,PVC-Poly-Membran 1.5 Dicke,Material,Waterproofing,m2,10.45,10.45,10.45,10.45,1,EUR,11.25,1.077,5,5,建筑工程,Dach- und Abdichtungsarbeiten,Dachabdichtung und Zubehör,Dachabdichtung mit Dachbahn
100254,poly modifiziertes Bitumenpolymer (selbstklebend) 3mm Dicke,Material,Waterproofing,m2,11.28,11.28,11.28,11.28,1,EUR,14.01,1.2415,5,5,建筑工程,Dach- und Abdichtungsarbeiten,Dachabdichtung und Zubehör,Dachabdichtung mit Dachbahn
170192,PVC 50,Material,General,m,1.76,1.76,1.76,1.76,1,EUR,1.84,1.047,5,5,建筑工程,Dach- und Abdichtungsarbeiten,Dachabdichtung und Zubehör,Dachwasser
170103,Glasstahl 160,Material,Steel & Metal,pcs,3.64,3.64,3.64,3.64,1,EUR,0.37,0.101,5,5,建筑工程,Dach- und Abdichtungsarbeiten,Dachabdichtung und Zubehör,Dachwasser
070032,Gips 700mm darüber hinaus,Material,General,pcs,15.05,15.05,15.05,15.05,1,EUR,15.5,1.03,5,5,建筑工程,sonstige Dekorationsarbeiten,Dekorative Zierleiste,Gips-Zierleiste
070031,Gips 700mm innen,Material,General,pcs,10.53,10.53,10.53,10.53,1,EUR,10.85,1.03,5,5,建筑工程,sonstige Dekorationsarbeiten,Dekorative Zierleiste,Gips-Zierleiste
800015,Elektroseilwinde einzeln 8t,Equipment,Hoists,machine-shift,26.66,26.66,26.66,26.66,1,EUR,3.2,0.12,5,5,建筑工程,Beton- und Stahlbetonarbeiten,Bewehrungsarbeiten,
100258,Poly,Material,General,kg,5.85,5.85,5.85,5.85,1,EUR,14.46,2.472,5,5,建筑工程,Dach- und Abdichtungsarbeiten,Bewegungsfuge,Fugenfüllung
090383,Edelstahlleiste 1.3mm,Material,Steel & Metal,m,0.31,0.31,0.31,0.31,1,EUR,0.21,0.6697,5,5,建筑工程,"Wand- und Säulenbekleidungen, Trennwände und Vorhangfassaden",Wandverkleidung,Wandoberflächen-Dekorplatte
050006,Glas 20mm,Material,Glass,m2,59.76,59.76,59.76,59.76,1,EUR,61.56,1.03,5,5,建筑工程,"Wand- und Säulenbekleidungen, Trennwände und Vorhangfassaden",Wandverkleidung,Wandoberflächen-Dekorplatte
180658,Stahl 50,Material,Steel & Metal,pcs,1.01,1.01,1.01,1.01,1,EUR,1.03,1.02,5,5,建筑工程,Allgemeine Installationsarbeiten - Vol.5 Gebäudeleittechnik,,
800259,Höhe,Equipment,General,machine-shift,1.91,1.91,1.91,1.91,1,EUR,9.62,5.03,5,5,建筑工程,Beton- und Stahlbetonarbeiten,Bewehrungsarbeiten,
800061,200t,Equipment,General,machine-shift,1.94,1.94,1.94,1.94,1,EUR,9.74,5.03,5,5,建筑工程,Beton- und Stahlbetonarbeiten,Bewehrungsarbeiten,
010574,Stahlform ohne Klebstoff,Material,Steel & Metal,kg,1.44,1.44,1.44,1.44,1,EUR,1477.87,1025.0,5,5,建筑工程,Beton- und Stahlbetonarbeiten,Bewehrungsarbeiten,
010573,kein Klebedraht,Material,Steel & Metal,kg,1.45,1.45,1.45,1.45,1,EUR,1488.58,1025.0,5,5,建筑工程,Beton- und Stahlbetonarbeiten,Bewehrungsarbeiten,
010572,Stahlform,Material,Steel & Metal,kg,1.42,1.42,1.42,1.42,1,EUR,1452.17,1025.0,5,5,建筑工程,Beton- und Stahlbetonarbeiten,Bewehrungsarbeiten,
010571,Stahldraht,Material,Steel & Metal,kg,1.42,1.42,1.42,1.42,1,EUR,1452.17,1025.0,5,5,建筑工程,Beton- und Stahlbetonarbeiten,Bewehrungsarbeiten,
800183,Stabrichtmaschine,Equipment,General,machine-shift,6.27,6.27,6.27,6.27,1,EUR,2.12,0.338,5,5,建筑工程,Beton- und Stahlbetonarbeiten,Bewehrungsarbeiten,
070030,Gips 600mm darüber hinaus,Material,General,pcs,15.05,15.05,15.05,15.05,1,EUR,15.5,1.03,5,5,建筑工程,sonstige Dekorationsarbeiten,Dekorative Zierleiste,Gips-Zierleiste
070029,Gips 600mm innen,Material,General,pcs,9.03,9.03,9.03,9.03,1,EUR,9.3,1.03,5,5,建筑工程,sonstige Dekorationsarbeiten,Dekorative Zierleiste,Gips-Zierleiste
070028,Gips,Material,General,pcs,1.44,1.44,1.44,1.44,1,EUR,1.49,1.03,5,5,建筑工程,sonstige Dekorationsarbeiten,Dekorative Zierleiste,Gips-Zierleiste
120153,U-förmiger Streifen,Material,General,m,0.21,0.21,0.21,0.21,1,EUR,0.44,2.1,5,5,建筑工程,Dach- und Abdichtungsarbeiten,,Profil und andere Dachteile
100253,modifiziertes Bitumenmetall (selbstklebend) 4mm Dicke,Material,Steel & Metal,m2,21.94,21.94,21.94,21.94,1,EUR,27.93,1.273,5,5,建筑工程,Dach- und Abdichtungsarbeiten,Dachabdichtung und Zubehör,Dachabdichtung mit Dachbahn
070052,Spiegelglanz-Dekorleiste 30mm überstehend,Material,General,m,3.8,3.8,3.8,3.8,1,EUR,3.92,1.03,5,5,建筑工程,sonstige Dekorationsarbeiten,Dekorative Zierleiste,Metall-Zierleiste
070051,Spiegelglanz-Dekorleiste 30mm innen,Material,General,m,2.65,2.65,2.65,2.65,1,EUR,2.73,1.03,5,5,建筑工程,sonstige Dekorationsarbeiten,Dekorative Zierleiste,Metall-Zierleiste
070050,Spiegelglanz-Edelstahl-Dekorleiste 30mm überstehend,Material,Steel & Metal,m,3.7,3.7,3.7,3.7,1,EUR,3.81,1.03,5,5,建筑工程,sonstige Dekorationsarbeiten,Dekorative Zierleiste,Metall-Zierleiste
070049,Spiegelglanz-Edelstahl-Dekorleiste 30mm innen,Material,Steel & Metal,m,2.19,2.19,2.19,2.19,1,EUR,2.26,1.03,5,5,建筑工程,sonstige Dekorationsarbeiten,Dekorative Zierleiste,Metall-Zierleiste
030108,Holzplatte,Material,Wood & Timber,m2,62.69,62.69,62.69,62.69,1,EUR,65.82,1.05,5,5,建筑工程,Dach- und Abdichtungsarbeiten,,Profil und andere Dachteile
010245,Stahl-Drahtgeflecht,Material,Steel & Metal,m2,2.09,2.09,2.09,2.09,1,EUR,2.11,1.01,5,5,建筑工程,Dach- und Abdichtungsarbeiten,,Profil und andere Dachteile
020005,Zement Ziegel,Material,Concrete & Cement,m2,8.88,8.88,8.88,8.88,1,EUR,9.06,1.02,5,5,建筑工程,Dach- und Abdichtungsarbeiten,,Profil und andere Dachteile
090877,Nagel 3×15,Material,Fasteners,set,0.31,0.31,0.31,0.31,1,EUR,1.47,4.7,5,5,建筑工程,Dach- und Abdichtungsarbeiten,,
090239,Stahlblechstreifen 2mm Dicke,Material,Steel & Metal,m,1.81,1.81,1.81,1.81,1,EUR,4.45,2.452,5,5,建筑工程,Dach- und Abdichtungsarbeiten,,
040129,Plattentyp,Material,General,pcs,17.76,17.76,17.76,17.76,1,EUR,2.38,0.134,5,5,建筑工程,Dach- und Abdichtungsarbeiten,,
040128,Plattentyp,Material,General,m2,17.76,17.76,17.76,17.76,1,EUR,18.29,1.03,5,5,建筑工程,Dach- und Abdichtungsarbeiten,,
040127,Steinmetall,Material,Steel & Metal,pcs,6.27,6.27,6.27,6.27,1,EUR,1.82,0.29,5,5,建筑工程,Dach- und Abdichtungsarbeiten,,
100123,Stein,Material,General,kg,0.65,0.65,0.65,0.65,1,EUR,0.24,0.366,5,5,建筑工程,Wärmedämm- und Korrosionsschutzarbeiten,Korrosionsschutzbeschichtungsschicht,Blockverkleidung Korrosionsschutzbeschichtung
810110,Steinbeton,Material,Concrete & Cement,m3,166.37,166.37,166.37,166.37,1,EUR,5.47,0.0329,5,5,建筑工程,Wärmedämm- und Korrosionsschutzarbeiten,Korrosionsschutzbeschichtungsschicht,Korrosionsschutz-Betonabschlussbeschichtung
810099,Beton,Material,Concrete & Cement,m3,63.67,63.67,63.67,63.67,1,EUR,2.1,0.033,5,5,建筑工程,Wärmedämm- und Korrosionsschutzarbeiten,Korrosionsschutzbeschichtungsschicht,Korrosionsschutz-Betonabschlussbeschichtung
810098,alkaliresistenter Beton,Material,Concrete & Cement,m3,91.94,91.94,91.94,91.94,1,EUR,5.57,0.0606,5,5,建筑工程,Wärmedämm- und Korrosionsschutzarbeiten,Korrosionsschutzbeschichtungsschicht,Korrosionsschutz-Betonabschlussbeschichtung
100439,Stein-Klebeplatte 0.8 6,Material,General,kg,3.39,3.39,3.39,3.39,1,EUR,0.85,0.25,5,5,建筑工程,Allgemeine Installationsarbeiten - Vol.6 Automatisierungssteuerungsinstrumentier,,
090161,Expansionsbolzen 12,Material,Fasteners,set,0.56,0.56,0.56,0.56,1,EUR,3.22,5.736,5,5,建筑工程,Allgemeine Installationsarbeiten - Vol.5 Gebäudeleittechnik,Installation,"Installation, einzeln"
800003,LKW-Kran 10t,Equipment,Cranes,machine-shift,120.78,120.78,120.78,120.78,1,EUR,181.17,1.5,5,5,建筑工程,Allgemeine Installationsarbeiten - Vol.5 Gebäudeleittechnik,Installation,
800418,Strom,Equipment,General,machine-shift,33.86,33.86,33.86,33.86,1,EUR,6.77,0.2,5,5,建筑工程,Allgemeine Installationsarbeiten - Vol.5 Gebäudeleittechnik,Installation,
390135,Bodenplatte,Material,General,m3,397.03,397.03,397.03,397.03,1,EUR,397.03,1.0,5,5,建筑工程,Beton- und Stahlbetonarbeiten,Fertigelement-Betondecke,
390130,Einzelschwelle,Material,General,m3,290.46,290.46,290.46,290.46,1,EUR,290.46,1.0,5,5,建筑工程,Beton- und Stahlbetonarbeiten,Fertigelement-Betondecke,
390129,Doppel-T-Typ Platte,Material,General,m3,290.46,290.46,290.46,290.46,1,EUR,290.46,1.0,5,5,建筑工程,Beton- und Stahlbetonarbeiten,Fertigelement-Betondecke,
390128,F-Form-Platte,Material,General,m3,290.46,290.46,290.46,290.46,1,EUR,290.46,1.0,5,5,建筑工程,Beton- und Stahlbetonarbeiten,Fertigelement-Betondecke,
390144,Fensterrahmen,Material,Glass,m3,835.84,835.84,835.84,835.84,1,EUR,835.84,1.0,5,5,建筑工程,Beton- und Stahlbetonarbeiten,Fertigteil-Betonrahmen,
390143,Türrahmen,Material,General,m3,835.84,835.84,835.84,835.84,1,EUR,835.84,1.0,5,5,建筑工程,Beton- und Stahlbetonarbeiten,Fertigteil-Betonrahmen,
850224,1070,Equipment,General,machine-shift,6.23,6.23,6.23,6.23,1,EUR,6.19,0.9942,5,5,建筑工程,Allgemeine Installationsarbeiten - Vol.6 Automatisierungssteuerungsinstrumentier,,
080191,Holzdekorplatte,Material,Wood & Timber,m2,16.72,16.72,16.72,16.72,1,EUR,18.08,1.0815,5,5,建筑工程,"Wand- und Säulenbekleidungen, Trennwände und Vorhangfassaden",Wandverkleidung,Wandoberflächen-Dekorplatte
130050,Stein,Material,General,kg,0.32,0.32,0.32,0.32,1,EUR,1.37,4.3425,5,5,建筑工程,Wärmedämm- und Korrosionsschutzarbeiten,Korrosionsschutzbeschichtungsschicht,Blockverkleidung Korrosionsschutzbeschichtung
120021,Wasserspiegel,Material,Water,m2,13.06,13.06,13.06,13.06,1,EUR,13.71,1.05,5,5,建筑工程,Wärmedämm- und Korrosionsschutzarbeiten,Korrosionsschutzbeschichtungsschicht,Blockverkleidung Korrosionsschutzbeschichtung
040126,Steinmetall,Material,Steel & Metal,m2,28.84,28.84,28.84,28.84,1,EUR,29.7,1.03,5,5,建筑工程,Dach- und Abdichtungsarbeiten,,
040022,Glasstahl,Material,Steel & Metal,m2,12.64,12.64,12.64,12.64,1,EUR,12.77,1.01,5,5,建筑工程,Dach- und Abdichtungsarbeiten,,
040014,Zement,Material,Concrete & Cement,pcs,0.63,0.63,0.63,0.63,1,EUR,0.18,0.29,5,5,建筑工程,Dach- und Abdichtungsarbeiten,,
390008,T-Träger,Material,General,m3,416.08,416.08,416.08,416.08,1,EUR,416.08,1.0,5,5,建筑工程,Beton- und Stahlbetonarbeiten,Fertigteilträger aus Beton,
390127,mit Platte,Material,General,m3,290.46,290.46,290.46,290.46,1,EUR,290.46,1.0,5,5,建筑工程,Beton- und Stahlbetonarbeiten,Fertigelement-Betondecke,
080753,verzinkter Stahlrohrträger 50×50×1.5,Material,Steel & Metal,m,4.18,4.18,4.18,4.18,1,EUR,25.12,6.0102,5,5,建筑工程,"Wand- und Säulenbekleidungen, Trennwände und Vorhangfassaden",Wandverkleidung,Wandoberflächen-Dekorplatte
080140,Aluminiumlegierungsprofil 25×50×3,Material,General,m,0.89,0.89,0.89,0.89,1,EUR,3.71,4.157,5,5,建筑工程,"Wand- und Säulenbekleidungen, Trennwände und Vorhangfassaden",Wandverkleidung,Wandoberflächen-Dekorplatte
080139,Aluminiumlegierungs-Träger 40×40×3,Material,General,m,1.12,1.12,1.12,1.12,1,EUR,6.28,5.6242,5,5,建筑工程,"Wand- und Säulenbekleidungen, Trennwände und Vorhangfassaden",Wandverkleidung,Wandoberflächen-Dekorplatte
080009,Winkelstahl-Träger 30×30×3,Material,Steel & Metal,kg,0.96,0.96,0.96,0.96,1,EUR,11.76,12.2294,5,5,建筑工程,"Wand- und Säulenbekleidungen, Trennwände und Vorhangfassaden",Wandverkleidung,Wandoberflächen-Dekorplatte
080002,Leichtstahlprofil 25×25,Material,Steel & Metal,m,0.95,0.95,0.95,0.95,1,EUR,4.22,4.452,5,5,建筑工程,"Wand- und Säulenbekleidungen, Trennwände und Vorhangfassaden",Wandverkleidung,Wandoberflächen-Dekorplatte
080001,Leichtstahlprofil 50×20,Material,Steel & Metal,m,1.18,1.18,1.18,1.18,1,EUR,7.0,5.9177,5,5,建筑工程,"Wand- und Säulenbekleidungen, Trennwände und Vorhangfassaden",Wandverkleidung,Wandoberflächen-Dekorplatte
370243,Glas,Material,Glass,m2,1.04,1.04,1.04,1.04,1,EUR,1.15,1.1,5,5,建筑工程,Tür- und Fensterarbeiten,,
040010,Glasstahl,Material,Steel & Metal,pcs,5.58,5.58,5.58,5.58,1,EUR,0.82,0.1466,5,5,建筑工程,Dach- und Abdichtungsarbeiten,,
040009,Dekorativ,Material,General,m2,10.07,10.07,10.07,10.07,1,EUR,10.37,1.03,5,5,建筑工程,Dach- und Abdichtungsarbeiten,,
110286,Dispersionsfarbe,Material,Paint & Coatings,kg,6.31,6.31,6.31,6.31,1,EUR,1.62,0.2575,5,5,建筑工程,"Maler-, Beschichtungs- und Tapezierarbeiten",Spritz- und Bürstenbeschichtung,Deckenabschlussbeschichtung
010019,Flachstahl 60 über,Material,Steel & Metal,kg,0.8,0.8,0.8,0.8,1,EUR,7.76,9.6952,5,5,建筑工程,Allgemeine Installationsarbeiten - Vol.7 Lüftung und Klimatisierung,und Installation,Installation
390142,Rahmen,Material,General,m3,835.84,835.84,835.84,835.84,1,EUR,835.84,1.0,5,5,建筑工程,Beton- und Stahlbetonarbeiten,Fertigteil-Betonrahmen,
390141,Rahmen,Material,General,m3,835.84,835.84,835.84,835.84,1,EUR,835.84,1.0,5,5,建筑工程,Beton- und Stahlbetonarbeiten,Fertigteil-Betonrahmen,
390140,Formstück - geformter Rahmen,Material,General,m3,940.32,940.32,940.32,940.32,1,EUR,940.32,1.0,5,5,建筑工程,Beton- und Stahlbetonarbeiten,Fertigteil-Betonrahmen,
010252,Stahldraht,Material,Steel & Metal,kg,2.15,2.15,2.15,2.15,1,EUR,0.32,0.15,5,5,建筑工程,Beton- und Stahlbetonarbeiten,Fertigteil-Betonrahmen,
810203,Mörtel 1: 0.3: 1.5,Material,Concrete & Cement,m3,121.2,121.2,121.2,121.2,1,EUR,0.07,0.0006,5,5,建筑工程,Beton- und Stahlbetonarbeiten,Fertigteilträger aus Beton,
390136,Spezialformträger,Material,General,m3,438.82,438.82,438.82,438.82,1,EUR,438.82,1.0,5,5,建筑工程,Beton- und Stahlbetonarbeiten,Fertigteilträger aus Beton,
390132,rechteckiger Balken,Material,General,m3,397.03,397.03,397.03,397.03,1,EUR,397.03,1.0,5,5,建筑工程,Beton- und Stahlbetonarbeiten,Fertigteilträger aus Beton,
390124,Träger,Material,General,m3,511.95,511.95,511.95,511.95,1,EUR,511.95,1.0,5,5,建筑工程,Beton- und Stahlbetonarbeiten,Fertigteilträger aus Beton,
390123,Spezialgeformter Balkenbau,Material,General,m3,376.13,376.13,376.13,376.13,1,EUR,376.13,1.0,5,5,建筑工程,Beton- und Stahlbetonarbeiten,Fertigteilträger aus Beton,
110111,Polyurethan-Beschichtungsschicht,Material,General,kg,2.15,2.15,2.15,2.15,1,EUR,0.76,0.3538,5,5,建筑工程,Wärmedämm- und Korrosionsschutzarbeiten,Korrosionsschutz,Korrosionsschutzbeschichtung
100142,Wasserbasierter Bitumenkleber,Material,Waterproofing,kg,1.3,1.3,1.3,1.3,1,EUR,1.17,0.9,5,5,建筑工程,Wärmedämm- und Korrosionsschutzarbeiten,Korrosionsschutz,Trennschicht
060047,GRC-Stein 0.2m2 innen,Material,General,m2,8.36,8.36,8.36,8.36,1,EUR,8.59,1.0275,5,5,建筑工程,"Wand- und Säulenbekleidungen, Trennwände und Vorhangfassaden",Säulen- (Träger-) Oberflächenfliesenverkleidung,Blockverkleidung Säulenoberfläche
400063,C30 Beton,Material,Concrete & Cement,m3,100.3,100.3,100.3,100.3,1,EUR,99.2,0.989,5,5,建筑工程,Beton- und Stahlbetonarbeiten,Gießen-in-situ Beton Säule,
180861,Aluminiumlegierung,Material,General,m,4.18,4.18,4.18,4.18,1,EUR,0.33,0.08,5,5,建筑工程,Allgemeine Installationsarbeiten - Vol.7 Lüftung und Klimatisierung,,
230008,Aluminiumklebstoff mit 64,Material,General,m,0.71,0.71,0.71,0.71,1,EUR,0.51,0.72,5,5,建筑工程,Allgemeine Installationsarbeiten - Vol.7 Lüftung und Klimatisierung,,
110752,Klebstoff Wasser,Material,Water,kg,0.63,0.63,0.63,0.63,1,EUR,0.25,0.406,5,5,建筑工程,Allgemeine Installationsarbeiten - Vol.7 Lüftung und Klimatisierung,,
060012,Marmortafel über 0.25m2,Material,General,m2,41.79,41.79,41.79,41.79,1,EUR,42.63,1.02,5,5,建筑工程,Bodenbelagsarbeiten,Bodenfliesenverlegung,
090619,verzinkt mit Bolzen 8×(65 80),Material,Fasteners,set,0.1,0.1,0.1,0.1,1,EUR,0.81,8.0336,5,5,建筑工程,Allgemeine Installationsarbeiten - Vol.7 Lüftung und Klimatisierung,,Installation von verzinktem Stahlblech (1.0mm dick)
110494,Polyurethan-Grundierung,Material,Paint & Coatings,kg,5.22,5.22,5.22,5.22,1,EUR,1.02,0.195,5,5,建筑工程,"Maler-, Beschichtungs- und Tapezierarbeiten",Metalloberflächenanstrich,"Metalloberfläche, Stahlkonstruktionsanstrich"
110789,Versiegelungsgrundierung,Material,Paint & Coatings,kg,5.85,5.85,5.85,5.85,1,EUR,1.76,0.3,5,5,建筑工程,"Maler-, Beschichtungs- und Tapezierarbeiten",Metalloberflächenanstrich,"Metalloberfläche, Stahlkonstruktionsanstrich"
110033,Anstrich,Material,Paint & Coatings,kg,9.4,9.4,9.4,9.4,1,EUR,0.19,0.0197,5,5,建筑工程,"Maler-, Beschichtungs- und Tapezierarbeiten",Holzoberflächenfarbe,Holzgrundanstrich
110006,mit Decklack,Material,Paint & Coatings,kg,3.95,3.95,3.95,3.95,1,EUR,0.17,0.0441,5,5,建筑工程,"Maler-, Beschichtungs- und Tapezierarbeiten",Holzoberflächenfarbe,Holzgrundanstrich
810182,Zementstein (gewaschener Stein-Finish),Material,Concrete & Cement,m3,60.6,60.6,60.6,60.6,1,EUR,0.81,0.0133,5,5,建筑工程,"Wand- und Säulenbekleidungen, Trennwände und Vorhangfassaden",,Dekorativer Wandputz
180656,Stahl 32,Material,Steel & Metal,pcs,0.41,0.41,0.41,0.41,1,EUR,0.41,1.01,5,5,建筑工程,"Allgemeine Installationsarbeiten - Vol.10 Wasserversorgung, Entwässerung, Heizun",Installation,
180027,verzinkt 32,Material,General,pcs,0.55,0.55,0.55,0.55,1,EUR,1.11,2.01,5,5,建筑工程,"Allgemeine Installationsarbeiten - Vol.10 Wasserversorgung, Entwässerung, Heizun",Installation,
180021,verzinkte Verbindung 32,Material,General,pcs,1.55,1.55,1.55,1.55,1,EUR,3.12,2.02,5,5,建筑工程,"Allgemeine Installationsarbeiten - Vol.10 Wasserversorgung, Entwässerung, Heizun",Installation,
180010,verzinkt 32,Material,General,pcs,0.54,0.54,0.54,0.54,1,EUR,0.55,1.01,5,5,建筑工程,"Allgemeine Installationsarbeiten - Vol.10 Wasserversorgung, Entwässerung, Heizun",Installation,
180031,verzinkt 15,Material,General,pcs,0.27,0.27,0.27,0.27,1,EUR,0.33,1.212,5,5,建筑工程,"Allgemeine Installationsarbeiten - Vol.10 Wasserversorgung, Entwässerung, Heizun",Wasserinstallation,
180252,20,Material,General,pcs,0.18,0.18,0.18,0.18,1,EUR,0.32,1.77,5,5,建筑工程,Pfahlgründungsarbeiten,Bohrpfahl,
110301,Grundierung für Abdichtung,Material,Paint & Coatings,kg,2.51,2.51,2.51,2.51,1,EUR,0.48,0.193,5,5,建筑工程,"Wand- und Säulenbekleidungen, Trennwände und Vorhangfassaden",,
060015,Marmor-Sockelleiste (H 150mm),Material,Wood & Timber,m,8.61,8.61,8.61,8.61,1,EUR,9.51,1.105,5,5,建筑工程,Bodenbelagsarbeiten,Sockelleiste,
850231,"V5 ISDN, 7",Equipment,General,machine-shift,99.23,99.23,99.23,99.23,1,EUR,105.84,1.0667,5,5,建筑工程,Allgemeine Installationsarbeiten - Bd.11 Kommunikationsausrüstung und Leitungen,,
350150,RV-105 Poly-Elektroformung 0.5,Material,General,m,0.18,0.18,0.18,0.18,1,EUR,0.86,4.7867,5,5,建筑工程,Allgemeine Installationsarbeiten - Bd.11 Kommunikationsausrüstung und Leitungen,Formteil,
180129,flach (1.0MPa) 200,Material,General,pcs,16.93,16.93,16.93,16.93,1,EUR,20.31,1.2,5,5,建筑工程,"Allgemeine Installationsarbeiten - Vol.10 Wasserversorgung, Entwässerung, Heizun",,Installation
180128,flach (1.0MPa) 150,Material,General,pcs,11.03,11.03,11.03,11.03,1,EUR,13.24,1.2,5,5,建筑工程,"Allgemeine Installationsarbeiten - Vol.10 Wasserversorgung, Entwässerung, Heizun",,Installation
180126,flach (1.0MPa) 100,Material,General,pcs,7.0,7.0,7.0,7.0,1,EUR,8.4,1.2,5,5,建筑工程,"Allgemeine Installationsarbeiten - Vol.10 Wasserversorgung, Entwässerung, Heizun",,Installation
180125,flach (1.0MPa) 80,Material,General,pcs,5.66,5.66,5.66,5.66,1,EUR,6.8,1.2,5,5,建筑工程,"Allgemeine Installationsarbeiten - Vol.10 Wasserversorgung, Entwässerung, Heizun",,Installation
110302,Beschichtung,Material,General,kg,1.57,1.57,1.57,1.57,1,EUR,2.42,1.545,5,5,建筑工程,"Maler-, Beschichtungs- und Tapezierarbeiten",Spritz- und Bürstenbeschichtung,Deckenabschlussbeschichtung
110776,feuchtigkeitsbeständiger Versiegelungsgrund,Material,Paint & Coatings,kg,3.97,3.97,3.97,3.97,1,EUR,0.99,0.25,5,5,建筑工程,"Maler-, Beschichtungs- und Tapezierarbeiten",Anstrich auf verputzter Oberfläche,Anstrich auf verputzter Oberfläche
110767,Beschichtung H87,Material,General,kg,5.43,5.43,5.43,5.43,1,EUR,1.19,0.2192,5,5,建筑工程,"Allgemeine Montagearbeiten - Bd.12 Malerarbeiten, Korrosionsschutz, Wärmedämmung",,
830048,Schloss,Material,General,kg,1.07,1.07,1.07,1.07,1,EUR,82.99,77.874,5,5,建筑工程,Bodenbehandlung und Böschungsstützung,Baugrube,Fundamentmauer
010689,Pb2ϕ5 13,Material,General,kg,6.0,6.0,6.0,6.0,1,EUR,143.93,24.0,5,5,建筑工程,Allgemeine Installationsarbeiten - Bd.11 Kommunikationsausrüstung und Leitungen,,
460057,Stein,Material,General,kg,0.99,0.99,0.99,0.99,1,EUR,0.99,1.0,5,5,建筑工程,Allgemeine Installationsarbeiten - Bd.11 Kommunikationsausrüstung und Leitungen,,
040225,Stein,Material,General,kg,0.03,0.03,0.03,0.03,1,EUR,8.31,306.0,5,5,建筑工程,Erdarbeiten und Felsarbeiten,Auffüllung,Fundamentverfüllung
800531,Strom,Equipment,General,machine-shift,46.22,46.22,46.22,46.22,1,EUR,0.19,0.0041,5,5,建筑工程,Erdarbeiten und Felsarbeiten,,
800292,Straßenwalze (Verbund),Equipment,General,machine-shift,98.25,98.25,98.25,98.25,1,EUR,0.04,0.0004,5,5,建筑工程,Erdarbeiten und Felsarbeiten,,
800626,30kW,Equipment,General,machine-shift,3.2,3.2,3.2,3.2,1,EUR,0.16,0.0498,4,4,建筑工程,"Allgemeine Montagearbeiten - Bd.12 Malerarbeiten, Korrosionsschutz, Wärmedämmung",Sprühverfahren,Steinspritzverfahren
110100,Bitumen-Grundierung,Material,Paint & Coatings,kg,6.31,6.31,6.31,6.31,1,EUR,0.85,0.134,4,4,建筑工程,"Allgemeine Montagearbeiten - Bd.12 Malerarbeiten, Korrosionsschutz, Wärmedämmung",rechteckiges Bürsten,
390086,Fertigteilstahlbetonpfahl,Material,Concrete & Cement,pcs,12.54,12.54,12.54,12.54,1,EUR,7.96,0.6347,4,4,建筑工程,Bodenbehandlung und Böschungsstützung,,
830049,Pfahl,Material,General,kg,0.83,0.83,0.83,0.83,1,EUR,4.46,5.4067,4,4,建筑工程,Bodenbehandlung und Böschungsstützung,,
800257,Pfahl 40t,Equipment,General,machine-shift,144.94,144.94,144.94,144.94,1,EUR,15.61,0.1077,4,4,建筑工程,Bodenbehandlung und Böschungsstützung,,
010043,verzinktes Stahlblech 0.5,Material,Steel & Metal,m2,5.06,5.06,5.06,5.06,1,EUR,6.65,1.315,4,4,建筑工程,"Allgemeine Montagearbeiten - Bd.12 Malerarbeiten, Korrosionsschutz, Wärmedämmung",Fertigungseinbau,
800042,"1,5",Equipment,General,machine-shift,3.07,3.07,3.07,3.07,1,EUR,0.03,0.0088,4,4,建筑工程,"Allgemeine Montagearbeiten - Bd.12 Malerarbeiten, Korrosionsschutz, Wärmedämmung",Fertigungseinbau,
810119,1: 2.5 Terrazzo-Stein,Material,General,m3,233.04,233.04,233.04,233.04,1,EUR,3.71,0.0159,4,4,建筑工程,Bodenbelagsarbeiten,,
110464,Typ ohne Verbundbeschichtung,Equipment,General,kg,7.44,7.44,7.44,7.44,1,EUR,3.37,0.4536,4,4,建筑工程,"Maler-, Beschichtungs- und Tapezierarbeiten",Spritz- und Bürstenbeschichtung,Wandoberflächenbeschichtungsschicht
090253,Leiste 4×6mm,Material,General,m,2.26,2.26,2.26,2.26,1,EUR,2.39,1.06,4,4,建筑工程,Bodenbelagsarbeiten,Treppenhaus-Finishschicht,
090187,Bolzen YG1-M10,Material,Fasteners,pcs,0.38,0.38,0.38,0.38,1,EUR,0.45,1.2,4,4,建筑工程,Bodenbelagsarbeiten,Treppenhaus-Finishschicht,
090337,Edelstahl,Material,Steel & Metal,m,3.26,3.26,3.26,3.26,1,EUR,3.42,1.05,4,4,建筑工程,Bodenbelagsarbeiten,Treppenhaus-Finishschicht,
090339,Edelstahlplatte,Material,Steel & Metal,m,2.72,2.72,2.72,2.72,1,EUR,2.85,1.05,4,4,建筑工程,Bodenbelagsarbeiten,Treppenhaus-Finishschicht,
800145,Flächenschleifen,Equipment,General,machine-shift,1.39,1.39,1.39,1.39,1,EUR,0.15,0.108,4,4,建筑工程,Bodenbelagsarbeiten,,
060087,fertiges Produkt Spezialform Steinplatte 5mm,Material,General,m2,58.51,58.51,58.51,58.51,1,EUR,62.96,1.076,4,4,建筑工程,"Wand- und Säulenbekleidungen, Trennwände und Vorhangfassaden",Säulen- (Träger-) Oberflächenfliesenverkleidung,Steinsäulenoberfläche
060088,fertiger Produkttyp Steinplatte 8 12mm,Material,General,m2,33.43,33.43,33.43,33.43,1,EUR,34.27,1.025,4,4,建筑工程,"Wand- und Säulenbekleidungen, Trennwände und Vorhangfassaden",Säulen- (Träger-) Oberflächenfliesenverkleidung,Steinsäulenoberfläche
060100,fertiges Produkt Spezialform Steinplatte 8 12mm,Material,General,m2,66.87,66.87,66.87,66.87,1,EUR,71.95,1.076,4,4,建筑工程,"Wand- und Säulenbekleidungen, Trennwände und Vorhangfassaden",Säulen- (Träger-) Oberflächenfliesenverkleidung,Steinsäulenoberfläche
110083,Poly,Material,General,kg,9.24,9.24,9.24,9.24,1,EUR,3.37,0.3645,4,4,建筑工程,Wärmedämm- und Korrosionsschutzarbeiten,Korrosionsschutz,Trennschicht
110794,Beschichtungsschicht,Material,General,kg,6.69,6.69,6.69,6.69,1,EUR,2.94,0.4398,4,4,建筑工程,Wärmedämm- und Korrosionsschutzarbeiten,Korrosionsschutz,Korrosionsschutzbeschichtung
090092,mit Bolzen 6×(16 25),Material,Fasteners,set,0.02,0.02,0.02,0.02,1,EUR,0.15,7.9303,4,4,建筑工程,Allgemeine Installationsarbeiten - Vol.7 Lüftung und Klimatisierung,,"Stahlplattenmontage (3mm innen, Schweißen)"
090618,verzinkte -förmige Mutter 8,Material,Fasteners,pcs,0.16,0.16,0.16,0.16,1,EUR,0.17,1.06,4,4,建筑工程,Allgemeine Installationsarbeiten - Vol.7 Lüftung und Klimatisierung,,
090468,verzinkter Nagel,Material,Fasteners,pcs,0.04,0.04,0.04,0.04,1,EUR,0.37,8.74,4,4,建筑工程,"Maler-, Beschichtungs- und Tapezierarbeiten",Formteil,
110463,Dicke Typ keine Wandbeschichtung,Equipment,General,kg,8.02,8.02,8.02,8.02,1,EUR,5.06,0.63,4,4,建筑工程,"Maler-, Beschichtungs- und Tapezierarbeiten",Spritz- und Bürstenbeschichtung,Wandoberflächenbeschichtungsschicht
090311,Fenster einzel,Material,Glass,m,1.31,1.31,1.31,1.31,1,EUR,1.37,1.05,4,4,建筑工程,Tür- und Fensterarbeiten,"Fenster, Fenster",
090312,Fenster doppelt,Material,Glass,m,2.61,2.61,2.61,2.61,1,EUR,2.74,1.05,4,4,建筑工程,Tür- und Fensterarbeiten,"Fenster, Fenster",
090315,Fenster einzel,Material,Glass,m,4.87,4.87,4.87,4.87,1,EUR,4.87,1.0,4,4,建筑工程,Tür- und Fensterarbeiten,"Fenster, Fenster",
090316,Fenster doppelt,Material,Glass,m,9.3,9.3,9.3,9.3,1,EUR,9.3,1.0,4,4,建筑工程,Tür- und Fensterarbeiten,"Fenster, Fenster",
110753,Typ ohne Beschichtung,Equipment,General,kg,3.13,3.13,3.13,3.13,1,EUR,1.58,0.504,4,4,建筑工程,"Maler-, Beschichtungs- und Tapezierarbeiten",Spritz- und Bürstenbeschichtung,Wandoberflächenbeschichtungsschicht
110754,Dicke Typ ohne Verbundbeschichtung,Equipment,General,kg,6.48,6.48,6.48,6.48,1,EUR,3.59,0.5544,4,4,建筑工程,"Maler-, Beschichtungs- und Tapezierarbeiten",Spritz- und Bürstenbeschichtung,Wandoberflächenbeschichtungsschicht
020103,Putz SN Block,Material,General,m3,100.3,100.3,100.3,100.3,1,EUR,79.44,0.792,4,4,建筑工程,Mauerwerksarbeiten,Blockmauerwerk,
020104,Putz SN Spezialformstein,Material,General,m3,101.35,101.35,101.35,101.35,1,EUR,18.85,0.186,4,4,建筑工程,Mauerwerksarbeiten,Blockmauerwerk,
400010,Fertigbeton C35,Material,Concrete & Cement,m3,88.81,88.81,88.81,88.81,1,EUR,90.14,1.015,4,4,建筑工程,Beton- und Stahlbetonarbeiten,im Bauverfahren eingebetteter Beton,
400066,Netz,Material,General,m2,1.04,1.04,1.04,1.04,1,EUR,3.84,3.675,4,4,建筑工程,Beton- und Stahlbetonarbeiten,im Bauverfahren eingebetteter Beton,
800222,Lader 5t,Equipment,General,machine-shift,61.89,61.89,61.89,61.89,1,EUR,12.38,0.2,4,4,建筑工程,Allgemeine Installationsarbeiten - Vol.7 Lüftung und Klimatisierung,,Wasserinstallation
110603,mit ohne Verbundbeschichtung,Equipment,General,kg,7.44,7.44,7.44,7.44,1,EUR,2.34,0.315,4,4,建筑工程,"Maler-, Beschichtungs- und Tapezierarbeiten",Spritz- und Bürstenbeschichtung,Deckenabschlussbeschichtung
110602,ohne Beschichtung,Equipment,General,kg,3.45,3.45,3.45,3.45,1,EUR,1.06,0.3075,4,4,建筑工程,"Maler-, Beschichtungs- und Tapezierarbeiten",Spritz- und Bürstenbeschichtung,Deckenabschlussbeschichtung
091058,verzinkt mit Bolzen 8×75,Material,Fasteners,set,0.27,0.27,0.27,0.27,1,EUR,9.87,36.92,4,4,建筑工程,Allgemeine Installationsarbeiten - Vol.7 Lüftung und Klimatisierung,,Installation
810096,Poly-Mörtel,Material,Concrete & Cement,m3,3435.74,3435.74,3435.74,3435.74,1,EUR,10.82,0.0032,4,4,建筑工程,Wärmedämm- und Korrosionsschutzarbeiten,Korrosionsschutzbeschichtungsschicht,Korrosionsschutz-Mörtelbeschichtung
810169,Polyacrylat-Zementmörtel,Material,Concrete & Cement,m3,334.34,334.34,334.34,334.34,1,EUR,4.51,0.0135,4,4,建筑工程,Wärmedämm- und Korrosionsschutzarbeiten,Korrosionsschutzbeschichtungsschicht,Korrosionsschutz-Mörtelbeschichtung
810170,Klebezementmörtel,Material,Concrete & Cement,m3,336.43,336.43,336.43,336.43,1,EUR,4.54,0.0135,4,4,建筑工程,Wärmedämm- und Korrosionsschutzarbeiten,Korrosionsschutzbeschichtungsschicht,Korrosionsschutz-Mörtelbeschichtung
810145,Klebstoff,Material,General,m3,5580.55,5580.55,5580.55,5580.55,1,EUR,7.39,0.0013,4,4,建筑工程,Wärmedämm- und Korrosionsschutzarbeiten,Korrosionsschutzbeschichtungsschicht,korrosionsbeständige Klebeschicht
350267,Klebeprofil,Material,General,m,0.32,0.32,0.32,0.32,1,EUR,0.2,0.621,4,4,建筑工程,Allgemeine Installationsarbeiten - Vol.6 Automatisierungssteuerungsinstrumentier,Schloss,
390006,einzelner Dachträger,Material,General,m3,503.39,503.39,503.39,503.39,1,EUR,503.39,1.0,4,4,建筑工程,Beton- und Stahlbetonarbeiten,Fertigteilträger aus Beton,
390007,Doppel-Dachträger,Material,General,m3,468.91,468.91,468.91,468.91,1,EUR,468.91,1.0,4,4,建筑工程,Beton- und Stahlbetonarbeiten,Fertigteilträger aus Beton,
390009,Sturzträger,Material,General,m3,262.89,262.89,262.89,262.89,1,EUR,262.89,1.0,4,4,建筑工程,Beton- und Stahlbetonarbeiten,Fertigteilträger aus Beton,
390133,-förmige Balken,Material,General,m3,731.36,731.36,731.36,731.36,1,EUR,731.36,1.0,4,4,建筑工程,Beton- und Stahlbetonarbeiten,Fertigteilträger aus Beton,
091522,runder verzinkter Bolzen M(2 5)×(10 50),Material,Fasteners,pcs,0.31,0.31,0.31,0.31,1,EUR,0.64,2.04,4,4,建筑工程,Allgemeine Installationsarbeiten - Vol.6 Automatisierungssteuerungsinstrumentier,,
090576,verzinkt 5,Material,General,pcs,0.0,0.0,0.0,0.0,0,EUR,0.0,2.04,4,4,建筑工程,Allgemeine Installationsarbeiten - Vol.6 Automatisierungssteuerungsinstrumentier,,
030115,Holzleistenplatte,Material,Wood & Timber,m2,16.72,16.72,16.72,16.72,1,EUR,18.39,1.1,4,4,建筑工程,"Wand- und Säulenbekleidungen, Trennwände und Vorhangfassaden",Wandverkleidung,Wandoberflächen-Dekorplatte
130098,Steinwolle-Verbundplatte,Material,Aggregates,m3,181.8,181.8,181.8,181.8,1,EUR,6.0,0.033,4,4,建筑工程,Wärmedämm- und Korrosionsschutzarbeiten,,Wandoberfläche
400065,Zementschicht,Material,Concrete & Cement,m3,94.03,94.03,94.03,94.03,1,EUR,3.1,0.033,4,4,建筑工程,Wärmedämm- und Korrosionsschutzarbeiten,,Wandoberfläche
130099,Glaswolle-Verbundplatte,Material,Glass,m3,112.84,112.84,112.84,112.84,1,EUR,3.72,0.033,4,4,建筑工程,Wärmedämm- und Korrosionsschutzarbeiten,,Wandoberfläche
090248,Netz,Material,General,m2,1.3,1.3,1.3,1.3,1,EUR,1.36,1.046,4,4,建筑工程,Beton- und Stahlbetonarbeiten,Stahlbau,
090163,Expansionsbolzen 16,Material,Fasteners,set,0.97,0.97,0.97,0.97,1,EUR,3.07,3.16,4,4,建筑工程,Allgemeine Installationsarbeiten - Vol.5 Gebäudeleittechnik,Installation,"Installation, einzeln"
810097,Doppel-A-Poly-Mörtel,Material,Concrete & Cement,m3,3634.26,3634.26,3634.26,3634.26,1,EUR,11.45,0.0032,4,4,建筑工程,Wärmedämm- und Korrosionsschutzarbeiten,Korrosionsschutzbeschichtungsschicht,Korrosionsschutz-Mörtelbeschichtung
810171,Mörtel,Material,Concrete & Cement,m3,355.23,355.23,355.23,355.23,1,EUR,1.12,0.0032,4,4,建筑工程,Wärmedämm- und Korrosionsschutzarbeiten,Korrosionsschutzbeschichtungsschicht,Korrosionsschutz-Mörtelbeschichtung
400404,SF-Wassermörtel,Material,Concrete & Cement,m3,156.72,156.72,156.72,156.72,1,EUR,2.4,0.0153,4,4,建筑工程,Wärmedämm- und Korrosionsschutzarbeiten,,
080006,Leichtstahlprofil 75×50,Material,Steel & Metal,kg,2.13,2.13,2.13,2.13,1,EUR,5.08,2.3815,4,4,建筑工程,"Wand- und Säulenbekleidungen, Trennwände und Vorhangfassaden",Säulen- (Träger-) Verkleidung,Säulen- (Träger-) Oberflächendekoration
850252,HP8563E,Equipment,General,machine-shift,39.06,39.06,39.06,39.06,1,EUR,19.53,0.5,4,4,建筑工程,Allgemeine Installationsarbeiten - Vol.5 Gebäudeleittechnik,Installation,Strom
091227,4×40,Material,General,pcs,0.01,0.01,0.01,0.01,1,EUR,0.02,2.08,4,4,建筑工程,Allgemeine Installationsarbeiten - Vol.5 Gebäudeleittechnik,Netz,
090207,verzinkter Strom 2×35,Material,General,pcs,0.24,0.24,0.24,0.24,1,EUR,5.9,25.0,4,4,建筑工程,Allgemeine Installationsarbeiten - Vol.5 Gebäudeleittechnik,Installation,
330027,Formteil RJ45,Material,General,pcs,0.31,0.31,0.31,0.31,1,EUR,31.34,100.0,4,4,建筑工程,Allgemeine Installationsarbeiten - Vol.5 Gebäudeleittechnik,Installation,
130102,Rahmenplatte,Material,General,m3,282.1,282.1,282.1,282.1,1,EUR,282.1,1.0,4,4,建筑工程,Beton- und Stahlbetonarbeiten,Stahlbau,
390022,Balkon,Material,General,m3,398.28,398.28,398.28,398.28,1,EUR,398.28,1.0,4,4,建筑工程,Beton- und Stahlbetonarbeiten,Stahlbau,
390028,strukturell,Material,General,m3,421.43,421.43,421.43,421.43,1,EUR,421.43,1.0,4,4,建筑工程,Beton- und Stahlbetonarbeiten,Stahlbau,
390166,Stahlbau,Material,General,m3,255.35,255.35,255.35,255.35,1,EUR,255.35,1.0,4,4,建筑工程,Beton- und Stahlbetonarbeiten,Stahlbau,
390151,Typ Wandplatte,Material,General,m3,520.31,520.31,520.31,520.31,1,EUR,520.31,1.0,4,4,建筑工程,Beton- und Stahlbetonarbeiten,Stahlbau,
800414,HYB-5,Equipment,General,machine-shift,13.31,13.31,13.31,13.31,1,EUR,0.8,0.06,4,4,建筑工程,Bodenbehandlung und Böschungsstützung,,
800416,Spritzpfahl D1200,Equipment,General,machine-shift,53.31,53.31,53.31,53.31,1,EUR,3.73,0.07,4,4,建筑工程,Bodenbehandlung und Böschungsstützung,,
800423,Elektrowasserpumpe H 12,Equipment,Pumps,machine-shift,5.18,5.18,5.18,5.18,1,EUR,0.37,0.0723,4,4,建筑工程,Bodenbehandlung und Böschungsstützung,,
040003,Blähton,Material,General,m3,35.11,35.11,35.11,35.11,1,EUR,50.62,1.442,4,4,建筑工程,Wärmedämm- und Korrosionsschutzarbeiten,,
810089,1: 1.5: 4 Blähtonbeton,Material,Concrete & Cement,m3,79.42,79.42,79.42,79.42,1,EUR,80.61,1.015,4,4,建筑工程,Wärmedämm- und Korrosionsschutzarbeiten,,
810166,1: 1.5: 4 zusätzlicher Beton Beton,Material,Concrete & Cement,m3,62.69,62.69,62.69,62.69,1,EUR,63.63,1.015,4,4,建筑工程,Wärmedämm- und Korrosionsschutzarbeiten,,
130885,EPS-Platte,Material,Wood & Timber,m3,134.78,134.78,134.78,134.78,1,EUR,4.45,0.033,4,4,建筑工程,Wärmedämm- und Korrosionsschutzarbeiten,,Wandoberfläche
130886,EPS-Platte,Material,Wood & Timber,m3,137.91,137.91,137.91,137.91,1,EUR,4.55,0.033,4,4,建筑工程,Wärmedämm- und Korrosionsschutzarbeiten,,Wandoberfläche
060032,Dekorative Gipskartonplatte 6mm Stärke,Material,Wood & Timber,m2,6.75,6.75,6.75,6.75,1,EUR,7.09,1.05,4,4,建筑工程,"Wand- und Säulenbekleidungen, Trennwände und Vorhangfassaden",Wandverkleidung,Wandoberflächen-Dekorplatte
080004,Leichtstahlprofil 75×40,Material,Steel & Metal,kg,1.73,1.73,1.73,1.73,1,EUR,2.39,1.378,4,4,建筑工程,"Wand- und Säulenbekleidungen, Trennwände und Vorhangfassaden",Säulen- (Träger-) Verkleidung,Säulen- (Träger-) Oberflächendekoration
350225,Doppelte Formung 8,Material,General,m,0.44,0.44,0.44,0.44,1,EUR,2.71,6.12,4,4,建筑工程,Allgemeine Installationsarbeiten - Vol.5 Gebäudeleittechnik,,
390018,Fensterplatte,Material,Glass,m3,368.56,368.56,368.56,368.56,1,EUR,368.56,1.0,4,4,建筑工程,Beton- und Stahlbetonarbeiten,Stahlbau,
390019,"Fensterrahmen, Platte",Material,Glass,m3,564.19,564.19,564.19,564.19,1,EUR,564.19,1.0,4,4,建筑工程,Beton- und Stahlbetonarbeiten,Stahlbau,
390149,Wandschale,Material,General,m3,302.58,302.58,302.58,302.58,1,EUR,302.58,1.0,4,4,建筑工程,Beton- und Stahlbetonarbeiten,Stahlbau,
800158,Bewehrungsstahl,Equipment,General,machine-shift,9.4,9.4,9.4,9.4,1,EUR,0.17,0.018,4,4,建筑工程,Beton- und Stahlbetonarbeiten,Eisenbeschläge,
040130,Bitumen,Material,Waterproofing,m2,8.36,8.36,8.36,8.36,1,EUR,19.87,2.377,4,4,建筑工程,Dach- und Abdichtungsarbeiten,,
040131,Bitumen,Material,Waterproofing,pcs,10.87,10.87,10.87,10.87,1,EUR,3.15,0.29,4,4,建筑工程,Dach- und Abdichtungsarbeiten,,
040066,195×310,Material,General,m,6.48,6.48,6.48,6.48,1,EUR,0.33,0.0515,4,4,建筑工程,Dach- und Abdichtungsarbeiten,,
380039,Bolzengitterrahmen,Material,Steel & Metal,t,1462.73,1462.73,1462.73,1462.73,1,EUR,1462.73,1.0,4,4,建筑工程,Metallbauarbeiten,,
120058,Formteil,Material,General,m,1.74,1.74,1.74,1.74,1,EUR,3.5,2.01,4,4,建筑工程,"Wand- und Säulenbekleidungen, Trennwände und Vorhangfassaden",Säulen- (Träger-) Verkleidung,Säulen- (Träger-) Oberflächendekoration
080245,Holzplatte,Material,Wood & Timber,m2,6.27,6.27,6.27,6.27,1,EUR,32.44,5.1754,4,4,建筑工程,"Wand- und Säulenbekleidungen, Trennwände und Vorhangfassaden",Säulen- (Träger-) Verkleidung,Säulen- (Träger-) Oberflächendekoration
070101,fertiges Produkt Marmorsäule Höhe 350mm innerhalb,Material,General,pcs,40.75,40.75,40.75,40.75,1,EUR,40.75,1.0,4,4,建筑工程,"Wand- und Säulenbekleidungen, Trennwände und Vorhangfassaden",Säulen- (Träger-) Verkleidung,fertige dekorative Säule
060067,Steinwandoberfläche,Material,General,m2,25.08,25.08,25.08,25.08,1,EUR,24.2,0.965,4,4,建筑工程,"Wand- und Säulenbekleidungen, Trennwände und Vorhangfassaden",Wandverkleidungsschicht,Blockverkleidete Wandoberfläche
110518,Metall,Material,Steel & Metal,kg,1.25,1.25,1.25,1.25,1,EUR,6.27,5.0,4,4,建筑工程,Bodenbelagsarbeiten,,
800519,rund,Equipment,General,machine-shift,1.08,1.08,1.08,1.08,1,EUR,0.12,0.1158,4,4,建筑工程,Bodenbelagsarbeiten,,
150052,Stein,Material,General,pcs,2.51,2.51,2.51,2.51,1,EUR,0.83,0.33,4,4,建筑工程,Bodenbelagsarbeiten,,
810042,1: 2.5 Terrazzo-Zementstein,Material,Concrete & Cement,m3,130.77,130.77,130.77,130.77,1,EUR,2.08,0.0159,4,4,建筑工程,Bodenbelagsarbeiten,,
020096,Block,Material,General,m3,83.58,83.58,83.58,83.58,1,EUR,58.72,0.7025,4,4,建筑工程,Mauerwerksarbeiten,Blockmauerwerk,
020102,Sonderformstein,Material,General,m3,91.94,91.94,91.94,91.94,1,EUR,15.17,0.165,4,4,建筑工程,Mauerwerksarbeiten,Blockmauerwerk,
010390,25 innerhalb,Material,General,pcs,1.36,1.36,1.36,1.36,1,EUR,1.37,1.01,4,4,建筑工程,Beton- und Stahlbetonarbeiten,Eisenbeschläge,
010409,25 darüber hinaus,Material,General,pcs,2.49,2.49,2.49,2.49,1,EUR,2.51,1.01,4,4,建筑工程,Beton- und Stahlbetonarbeiten,Eisenbeschläge,
090199,25 innerhalb,Material,General,pcs,1.78,1.78,1.78,1.78,1,EUR,1.79,1.01,4,4,建筑工程,Beton- und Stahlbetonarbeiten,Eisenbeschläge,
090200,25 darüber hinaus,Material,General,pcs,1.99,1.99,1.99,1.99,1,EUR,2.0,1.01,4,4,建筑工程,Beton- und Stahlbetonarbeiten,Eisenbeschläge,
130043,Polyurethan,Material,General,m3,313.44,313.44,313.44,313.44,1,EUR,12.81,0.0409,4,4,建筑工程,"Allgemeine Installationsarbeiten - Vol.10 Wasserversorgung, Entwässerung, Heizun",,
110296,Polyurethanklebstoff,Material,General,kg,0.79,0.79,0.79,0.79,1,EUR,0.77,0.9744,4,4,建筑工程,"Allgemeine Installationsarbeiten - Vol.10 Wasserversorgung, Entwässerung, Heizun",,
040068,310×310,Material,General,m2,12.98,12.98,12.98,12.98,1,EUR,13.63,1.05,4,4,建筑工程,Dach- und Abdichtungsarbeiten,,
040132,-förmiger Bitumen,Material,Waterproofing,m2,10.87,10.87,10.87,10.87,1,EUR,11.19,1.03,4,4,建筑工程,Dach- und Abdichtungsarbeiten,,
040133,-förmiger Bitumen,Material,Waterproofing,pcs,10.87,10.87,10.87,10.87,1,EUR,3.15,0.29,4,4,建筑工程,Dach- und Abdichtungsarbeiten,,
040134,Holzleiste 30×50,Material,Wood & Timber,m,1.88,1.88,1.88,1.88,1,EUR,3.2,1.7,4,4,建筑工程,Dach- und Abdichtungsarbeiten,,
070099,Metallspiegelprofil,Material,Steel & Metal,m,2.09,2.09,2.09,2.09,1,EUR,2.15,1.03,4,4,建筑工程,sonstige Dekorationsarbeiten,Dekorative Zierleiste,Metall-Zierleiste
070065,Aluminiumlegierungsprofil 60mm Überstand,Material,General,m,2.01,2.01,2.01,2.01,1,EUR,2.07,1.03,4,4,建筑工程,sonstige Dekorationsarbeiten,Dekorative Zierleiste,Metall-Zierleiste
070066,Edelstahlprofil 60mm überstehend,Material,Steel & Metal,m,3.7,3.7,3.7,3.7,1,EUR,3.81,1.03,4,4,建筑工程,sonstige Dekorationsarbeiten,Dekorative Zierleiste,Metall-Zierleiste
070067,Spiegelglanzprofil 60mm überstehend,Material,General,m,3.8,3.8,3.8,3.8,1,EUR,3.92,1.03,4,4,建筑工程,sonstige Dekorationsarbeiten,Dekorative Zierleiste,Metall-Zierleiste
090714,Wasserbohrer,Material,Water,pcs,31.34,31.34,31.34,31.34,1,EUR,1.75,0.0558,4,4,建筑工程,Allgemeine Installationsarbeiten - Bd.4 Elektrogeräteinstallation,(),Betonhaftbrücke strukturell wasserhaltig ()
180033,verzinkt 25,Material,General,pcs,0.67,0.67,0.67,0.67,1,EUR,0.51,0.77,4,4,建筑工程,Pfahlgründungsarbeiten,Bohrpfahl,
010105,kein Stahlrohr 325×8,Material,Steel & Metal,m,60.37,60.37,60.37,60.37,1,EUR,27.02,0.4475,4,4,建筑工程,"Allgemeine Installationsarbeiten - Vol.10 Wasserversorgung, Entwässerung, Heizun",Fertigungseinbau,Abdichtungsfertigung
380040,geschweißter Stahlgitterrahmen,Material,Steel & Metal,t,1535.86,1535.86,1535.86,1535.86,1,EUR,1535.86,1.0,4,4,建筑工程,Metallbauarbeiten,,
380041,Bolzengitter,Material,Steel & Metal,t,1483.62,1483.62,1483.62,1483.62,1,EUR,1483.62,1.0,4,4,建筑工程,Metallbauarbeiten,,
380042,geschweißtes Stahlgewebe,Material,Steel & Metal,t,1567.21,1567.21,1567.21,1567.21,1,EUR,1567.21,1.0,4,4,建筑工程,Metallbauarbeiten,,
380017,Stahlrahmen einzeln 1t,Material,Steel & Metal,t,1431.38,1431.38,1431.38,1431.38,1,EUR,1431.38,1.0,4,4,建筑工程,Metallbauarbeiten,Stahlrahmenrahmen,
380043,Stahltürrahmen,Material,Steel & Metal,t,1466.49,1466.49,1466.49,1466.49,1,EUR,1466.49,1.0,4,4,建筑工程,Metallbauarbeiten,Stahlrahmenrahmen,
070005,Holzflachleiste 25mm innen,Material,Wood & Timber,m,0.84,0.84,0.84,0.84,1,EUR,0.91,1.08,4,4,建筑工程,sonstige Dekorationsarbeiten,Dekorative Zierleiste,Holz-Zierleiste
070006,Holzflachleiste 25mm überstehend,Material,Wood & Timber,m,1.57,1.57,1.57,1.57,1,EUR,1.69,1.08,4,4,建筑工程,sonstige Dekorationsarbeiten,Dekorative Zierleiste,Holz-Zierleiste
070007,Holzflachleiste 60mm innen,Material,Wood & Timber,m,1.4,1.4,1.4,1.4,1,EUR,1.52,1.08,4,4,建筑工程,sonstige Dekorationsarbeiten,Dekorative Zierleiste,Holz-Zierleiste
070008,Holzflachleiste 60mm überstehend,Material,Wood & Timber,m,2.51,2.51,2.51,2.51,1,EUR,2.71,1.08,4,4,建筑工程,sonstige Dekorationsarbeiten,Dekorative Zierleiste,Holz-Zierleiste
070009,Holzleisten 60mm innen,Material,Wood & Timber,m,1.68,1.68,1.68,1.68,1,EUR,1.82,1.08,4,4,建筑工程,sonstige Dekorationsarbeiten,Dekorative Zierleiste,Holz-Zierleiste
070010,Holzleiste 60mm überstehend,Material,Wood & Timber,m,3.13,3.13,3.13,3.13,1,EUR,3.39,1.08,4,4,建筑工程,sonstige Dekorationsarbeiten,Dekorative Zierleiste,Holz-Zierleiste
070011,Holzleisten 20mm innen,Material,Wood & Timber,m,0.75,0.75,0.75,0.75,1,EUR,0.81,1.08,4,4,建筑工程,sonstige Dekorationsarbeiten,Dekorative Zierleiste,Holz-Zierleiste
070012,Holzleiste 20mm überstehend,Material,Wood & Timber,m,1.51,1.51,1.51,1.51,1,EUR,1.64,1.08,4,4,建筑工程,sonstige Dekorationsarbeiten,Dekorative Zierleiste,Holz-Zierleiste
070089,Holzspiegelprofil 15mm innen,Material,Wood & Timber,m,0.38,0.38,0.38,0.38,1,EUR,0.41,1.08,4,4,建筑工程,sonstige Dekorationsarbeiten,Dekorative Zierleiste,Holz-Zierleiste
070087,Holzspiegelleiste 40mm innen,Material,Wood & Timber,m,1.25,1.25,1.25,1.25,1,EUR,1.35,1.08,4,4,建筑工程,sonstige Dekorationsarbeiten,Dekorative Zierleiste,Holz-Zierleiste
070088,Holzspiegelprofil 40mm überstehend,Material,Wood & Timber,m,2.09,2.09,2.09,2.09,1,EUR,2.26,1.08,4,4,建筑工程,sonstige Dekorationsarbeiten,Dekorative Zierleiste,Holz-Zierleiste
070098,Holzspiegelleiste,Material,Wood & Timber,m,1.18,1.18,1.18,1.18,1,EUR,1.27,1.08,4,4,建筑工程,sonstige Dekorationsarbeiten,Dekorative Zierleiste,Holz-Zierleiste
110446,Bitumenabdichtung,Material,Waterproofing,kg,2.72,2.72,2.72,2.72,1,EUR,3.28,1.2063,4,4,建筑工程,Dach- und Abdichtungsarbeiten,Dachabdichtung und Zubehör,Dachbeschichtung Abdichtung
100081,wasserbasierte Klebeabdichtung,Material,Waterproofing,kg,2.72,2.72,2.72,2.72,1,EUR,6.18,2.2745,4,4,建筑工程,Dach- und Abdichtungsarbeiten,Dachabdichtung und Zubehör,Dachbeschichtung Abdichtung
070018,rundes Holzprofil,Material,Wood & Timber,pcs,0.47,0.47,0.47,0.47,1,EUR,0.51,1.08,4,4,建筑工程,sonstige Dekorationsarbeiten,Dekorative Zierleiste,Holz-Zierleiste
070019,Holzintarsienprofil 250mm innen,Material,Wood & Timber,pcs,2.51,2.51,2.51,2.51,1,EUR,2.71,1.08,4,4,建筑工程,sonstige Dekorationsarbeiten,Dekorative Zierleiste,Holz-Zierleiste
070020,Holzintarsienprofil 250mm überstehend,Material,Wood & Timber,pcs,6.69,6.69,6.69,6.69,1,EUR,7.22,1.08,4,4,建筑工程,sonstige Dekorationsarbeiten,Dekorative Zierleiste,Holz-Zierleiste
070076,Granit-Zierleiste 150mm innen,Material,General,m,7.73,7.73,7.73,7.73,1,EUR,8.35,1.08,4,4,建筑工程,sonstige Dekorationsarbeiten,Dekorative Zierleiste,Steinplatten-Zierprofil
070077,Granit-Zierleiste 150mm überstehend,Material,General,m,9.3,9.3,9.3,9.3,1,EUR,10.04,1.08,4,4,建筑工程,sonstige Dekorationsarbeiten,Dekorative Zierleiste,Steinplatten-Zierprofil
380045,Stahlrahmen,Material,Steel & Metal,t,1337.35,1337.35,1337.35,1337.35,1,EUR,1337.35,1.0,4,4,建筑工程,Metallbauarbeiten,Stahlrahmenrahmen,
380046,Flachstahlrohrrahmen,Material,Steel & Metal,t,1671.69,1671.69,1671.69,1671.69,1,EUR,1671.69,1.0,4,4,建筑工程,Metallbauarbeiten,Stahlrahmenrahmen,
380047,vertikale Stahlrohrrahmen,Material,Steel & Metal,t,1723.93,1723.93,1723.93,1723.93,1,EUR,1723.93,1.0,4,4,建筑工程,Metallbauarbeiten,Stahlrahmenrahmen,
380048,Rahmen,Material,General,t,1431.38,1431.38,1431.38,1431.38,1,EUR,1431.38,1.0,4,4,建筑工程,Metallbauarbeiten,Stahlrahmenrahmen,
380049,Stahlrahmen,Material,Steel & Metal,t,1431.38,1431.38,1431.38,1431.38,1,EUR,1431.38,1.0,4,4,建筑工程,Metallbauarbeiten,Stahlrahmenrahmen,
380075,Stahlplatten-Bodenplatte 6mm,Material,Steel & Metal,m2,62.06,62.06,62.06,62.06,1,EUR,69.3,1.1167,4,4,建筑工程,Metallbauarbeiten,"Stahlplatten-Bodenplatte, Wandplatte",
070111,fertiges Produkt GRC Dekorsäule 400,Material,General,pcs,56.88,56.88,56.88,56.88,1,EUR,56.88,1.0,4,4,建筑工程,"Wand- und Säulenbekleidungen, Trennwände und Vorhangfassaden",Säulen- (Träger-) Verkleidung,fertige dekorative Säule
070112,fertiges Produkt GRC Dekorsäule 600,Material,General,pcs,62.56,62.56,62.56,62.56,1,EUR,62.56,1.0,4,4,建筑工程,"Wand- und Säulenbekleidungen, Trennwände und Vorhangfassaden",Säulen- (Träger-) Verkleidung,fertige dekorative Säule
030027,Holzkehle,Material,Wood & Timber,m3,376.13,376.13,376.13,376.13,1,EUR,1.65,0.0044,4,4,建筑工程,Deckenarbeiten,Deckenverkleidung,
100256,Höhe Poly 0.8mm Dicke,Material,General,m2,5.64,5.64,5.64,5.64,1,EUR,6.23,1.105,4,4,建筑工程,Dach- und Abdichtungsarbeiten,Dachabdichtung und Zubehör,Dachabdichtung
010132,galvanisiert,Material,General,m2,4.39,4.39,4.39,4.39,1,EUR,5.53,1.261,4,4,建筑工程,Dach- und Abdichtungsarbeiten,,Profil und andere Dachteile
120118,Betonplatte,Material,General,m2,41.79,41.79,41.79,41.79,1,EUR,42.42,1.015,4,4,建筑工程,Dach- und Abdichtungsarbeiten,,Profil und andere Dachteile
090485,Edelstahl,Material,Steel & Metal,pcs,0.13,0.13,0.13,0.13,1,EUR,0.43,3.2,4,4,建筑工程,sonstige Dekorationsarbeiten,Dekorative Zierleiste,Steinplatten-Zierprofil
090279,Schlagbohrmaschine,Material,General,pcs,1.93,1.93,1.93,1.93,1,EUR,0.15,0.08,4,4,建筑工程,sonstige Dekorationsarbeiten,Dekorative Zierleiste,Steinplatten-Zierprofil
070023,Gipsleiste (Leiste) 100mm innen,Material,General,m,0.77,0.77,0.77,0.77,1,EUR,0.8,1.03,4,4,建筑工程,sonstige Dekorationsarbeiten,Dekorative Zierleiste,Gips-Zierleiste
070024,Gipsleiste (Leiste) 100mm überstehend,Material,General,m,1.27,1.27,1.27,1.27,1,EUR,1.31,1.03,4,4,建筑工程,sonstige Dekorationsarbeiten,Dekorative Zierleiste,Gips-Zierleiste
070025,Gipsleiste 100mm innen,Material,General,m,0.96,0.96,0.96,0.96,1,EUR,0.99,1.03,4,4,建筑工程,sonstige Dekorationsarbeiten,Dekorative Zierleiste,Gips-Zierleiste
070026,Gipsleiste 100mm überstehend,Material,General,m,1.5,1.5,1.5,1.5,1,EUR,1.55,1.03,4,4,建筑工程,sonstige Dekorationsarbeiten,Dekorative Zierleiste,Gips-Zierleiste
130055,Verbundpolymer 5,Material,General,m2,2.8,2.8,2.8,2.8,1,EUR,2.94,1.05,4,4,建筑工程,Dach- und Abdichtungsarbeiten,abdichtende Schutzschicht,
070102,fertiges Produkt Marmorsäule Höhe 500mm innerhalb,Material,General,pcs,52.97,52.97,52.97,52.97,1,EUR,52.97,1.0,4,4,建筑工程,"Wand- und Säulenbekleidungen, Trennwände und Vorhangfassaden",Säulen- (Träger-) Verkleidung,fertige dekorative Säule
070107,fertiges Holzsäulenstück Höhe 250mm innen,Material,Wood & Timber,pcs,117.08,117.08,117.08,117.08,1,EUR,117.08,1.0,4,4,建筑工程,"Wand- und Säulenbekleidungen, Trennwände und Vorhangfassaden",Säulen- (Träger-) Verkleidung,fertige dekorative Säule
070108,fertiges Produkt Holzsäule Höhe 250mm darüber hinaus,Material,Wood & Timber,pcs,205.99,205.99,205.99,205.99,1,EUR,205.99,1.0,4,4,建筑工程,"Wand- und Säulenbekleidungen, Trennwände und Vorhangfassaden",Säulen- (Träger-) Verkleidung,fertige dekorative Säule
090003,einzelne vertikale 25 innerhalb,Material,General,pcs,0.18,0.18,0.18,0.18,1,EUR,0.14,0.825,4,4,建筑工程,"Allgemeine Installationsarbeiten - Vol.10 Wasserversorgung, Entwässerung, Heizun",,
100034,Klebstoffplatte 1 3,Material,General,kg,1.9,1.9,1.9,1.9,1,EUR,0.06,0.0325,4,4,建筑工程,"Allgemeine Installationsarbeiten - Vol.10 Wasserversorgung, Entwässerung, Heizun",,
300035,verzinkter Winkelstahl,Material,Steel & Metal,pair,2.36,2.36,2.36,2.36,1,EUR,40.54,17.17,4,4,建筑工程,Allgemeine Installationsarbeiten - Bd.11 Kommunikationsausrüstung und Leitungen,,
300110,Formteil 3×65×57/2.5×65×49,Material,General,pcs,0.61,0.61,0.61,0.61,1,EUR,4.03,6.565,4,4,建筑工程,Allgemeine Installationsarbeiten - Bd.11 Kommunikationsausrüstung und Leitungen,,
800404,Schlammrührer 0.6m3,Equipment,General,machine-shift,13.19,13.19,13.19,13.19,1,EUR,0.22,0.017,4,4,建筑工程,Bodenbehandlung und Böschungsstützung,,
070147,Aluminiumprofil 20mm innen,Material,General,m,0.65,0.65,0.65,0.65,1,EUR,0.67,1.03,4,4,建筑工程,sonstige Dekorationsarbeiten,Dekorative Zierleiste,Aluminium-Zierleiste
070136,Aluminiumprofil 20mm überstehend,Material,General,m,0.84,0.84,0.84,0.84,1,EUR,0.86,1.03,4,4,建筑工程,sonstige Dekorationsarbeiten,Dekorative Zierleiste,Aluminium-Zierleiste
070145,Aluminiumprofil 60mm innen,Material,General,m,1.73,1.73,1.73,1.73,1,EUR,1.79,1.03,4,4,建筑工程,sonstige Dekorationsarbeiten,Dekorative Zierleiste,Aluminium-Zierleiste
070146,Aluminiumprofil 60mm überstehend,Material,General,m,2.09,2.09,2.09,2.09,1,EUR,2.15,1.03,4,4,建筑工程,sonstige Dekorationsarbeiten,Dekorative Zierleiste,Aluminium-Zierleiste
070037,PVC-Oberflächenprofil 60mm innen,Material,General,m,2.51,2.51,2.51,2.51,1,EUR,2.58,1.03,4,4,建筑工程,sonstige Dekorationsarbeiten,Dekorative Zierleiste,Dekorative Zierleiste
070038,PVC-Oberflächenprofil 60mm überstehend,Material,General,m,3.76,3.76,3.76,3.76,1,EUR,3.87,1.03,4,4,建筑工程,sonstige Dekorationsarbeiten,Dekorative Zierleiste,Dekorative Zierleiste
280267,verzinktes Stahlrohr-Verbindungsstück 125,Material,Steel & Metal,pcs,3.26,3.26,3.26,3.26,1,EUR,0.27,0.0824,4,4,建筑工程,Allgemeine Installationsarbeiten - Bd.4 Elektrogeräteinstallation,,verzinktes Stahlrohr
280268,verzinktes Stahlrohr-Verbindungsstück 150,Material,Steel & Metal,pcs,3.89,3.89,3.89,3.89,1,EUR,0.32,0.0824,4,4,建筑工程,Allgemeine Installationsarbeiten - Bd.4 Elektrogeräteinstallation,,verzinktes Stahlrohr
280404,JDG(KBG) Muffe 15,Material,General,pcs,0.29,0.29,0.29,0.29,1,EUR,0.05,0.1648,4,4,建筑工程,Allgemeine Installationsarbeiten - Bd.4 Elektrogeräteinstallation,,() Stahlrohr
280405,JDG(KBG) Muffe 20,Material,General,pcs,0.36,0.36,0.36,0.36,1,EUR,0.06,0.1648,4,4,建筑工程,Allgemeine Installationsarbeiten - Bd.4 Elektrogeräteinstallation,,() Stahlrohr
280406,JDG(KBG) Muffe 25,Material,General,pcs,0.46,0.46,0.46,0.46,1,EUR,0.08,0.1648,4,4,建筑工程,Allgemeine Installationsarbeiten - Bd.4 Elektrogeräteinstallation,,() Stahlrohr
280407,JDG(KBG) Muffe 32,Material,General,pcs,0.67,0.67,0.67,0.67,1,EUR,0.11,0.1648,4,4,建筑工程,Allgemeine Installationsarbeiten - Bd.4 Elektrogeräteinstallation,,() Stahlrohr
090101,mit Bolzen 12×(20 35),Material,Fasteners,set,0.1,0.1,0.1,0.1,1,EUR,0.41,4.12,4,4,建筑工程,"Allgemeine Installationsarbeiten - Vol.10 Wasserversorgung, Entwässerung, Heizun",Installation,
100318,Klebstoff-Bodenmembran,Material,Waterproofing,m2,50.15,50.15,50.15,50.15,1,EUR,51.15,1.02,4,4,建筑工程,Bodenbelagsarbeiten,Oberflächenabschlusslage,
120008,Poly-Grundplatte,Material,General,m2,3.53,3.53,3.53,3.53,1,EUR,3.6,1.02,4,4,建筑工程,Bodenbelagsarbeiten,Oberflächenabschlusslage,
070090,GRC Traufenschalung Platte 550×550 innen,Material,General,m,40.5,40.5,40.5,40.5,1,EUR,41.31,1.02,4,4,建筑工程,sonstige Dekorationsarbeiten,Dekorative Zierleiste,GRC Zierleiste
070091,GRC Traufenschalung Platte 550×550 überstehend,Material,General,m,55.75,55.75,55.75,55.75,1,EUR,56.87,1.02,4,4,建筑工程,sonstige Dekorationsarbeiten,Dekorative Zierleiste,GRC Zierleiste
070092,GRC-Formteilplatte 400×400 innen,Material,General,m,28.08,28.08,28.08,28.08,1,EUR,28.65,1.02,4,4,建筑工程,sonstige Dekorationsarbeiten,Dekorative Zierleiste,GRC Zierleiste
070093,GRC-Formteilplatte 400×400 über,Material,General,m,43.48,43.48,43.48,43.48,1,EUR,44.35,1.02,4,4,建筑工程,sonstige Dekorationsarbeiten,Dekorative Zierleiste,GRC Zierleiste
110226,Klebstoff,Material,General,kg,0.31,0.31,0.31,0.31,1,EUR,0.09,0.275,4,4,建筑工程,sonstige Dekorationsarbeiten,Dekorative Zierleiste,GRC Zierleiste
070094,GRC 1200×400 innen,Material,General,pcs,10.03,10.03,10.03,10.03,1,EUR,10.23,1.02,4,4,建筑工程,sonstige Dekorationsarbeiten,Dekorative Zierleiste,GRC Zierleiste
370171,Stahlflachfenster,Material,Steel & Metal,m2,18.81,18.81,18.81,18.81,1,EUR,18.81,1.0,4,4,建筑工程,Tür- und Fensterarbeiten,Metallfenster,
370172,Stahlfenster,Material,Steel & Metal,m2,16.72,16.72,16.72,16.72,1,EUR,16.72,1.0,4,4,建筑工程,Tür- und Fensterarbeiten,Metallfenster,
850068,10Gb/s,Equipment,General,machine-shift,426.03,426.03,426.03,426.03,1,EUR,213.01,0.5,4,4,建筑工程,Allgemeine Installationsarbeiten - Bd.11 Kommunikationsausrüstung und Leitungen,,
850084,155Mb/s,Equipment,General,machine-shift,116.94,116.94,116.94,116.94,1,EUR,58.47,0.5,4,4,建筑工程,Allgemeine Installationsarbeiten - Bd.11 Kommunikationsausrüstung und Leitungen,"Maschentyp, Masche",
850237,"10Hz 12.4GHz, 20dB",Equipment,General,machine-shift,34.48,34.48,34.48,34.48,1,EUR,17.67,0.5125,4,4,建筑工程,Allgemeine Installationsarbeiten - Bd.11 Kommunikationsausrüstung und Leitungen,,
090890,verzinkter Nagel mit M8×50,Material,Fasteners,set,0.13,0.13,0.13,0.13,1,EUR,2.36,17.675,4,4,建筑工程,Allgemeine Installationsarbeiten - Bd.11 Kommunikationsausrüstung und Leitungen,,
090235,verzinkter Stahldraht 12,Material,Steel & Metal,kg,1.16,1.16,1.16,1.16,1,EUR,0.0,0.001,4,4,建筑工程,Bodenbelagsarbeiten,,
810103,Stahlmörtel,Material,Concrete & Cement,m3,391.87,391.87,391.87,391.87,1,EUR,12.46,0.0318,4,4,建筑工程,Bodenbelagsarbeiten,,
810104,1: 2.5 Zementmörtel,Material,Concrete & Cement,m3,124.18,124.18,124.18,124.18,1,EUR,1.57,0.0126,4,4,建筑工程,Bodenbelagsarbeiten,,
110456,kein Polyurethan-Flach,Material,General,kg,8.36,8.36,8.36,8.36,1,EUR,3.02,0.3615,4,4,建筑工程,Bodenbelagsarbeiten,,
110457,keine Flachware,Material,General,kg,6.9,6.9,6.9,6.9,1,EUR,2.49,0.3615,4,4,建筑工程,Bodenbelagsarbeiten,,
380076,Stahlplatten-Bodenplatte 1mm,Material,Steel & Metal,m2,10.34,10.34,10.34,10.34,1,EUR,10.34,1.0,4,4,建筑工程,Metallbauarbeiten,"Stahlplatten-Bodenplatte, Wandplatte",
800035,DC-Schweißgerät Verbund,Equipment,Welding Equip.,machine-shift,3.99,3.99,3.99,3.99,1,EUR,0.25,0.062,4,4,建筑工程,Metallbauarbeiten,"Stahlplatten-Bodenplatte, Wandplatte",
800053,Schneider 100,Equipment,General,machine-shift,2.44,2.44,2.44,2.44,1,EUR,0.03,0.014,4,4,建筑工程,Metallbauarbeiten,"Stahlplatten-Bodenplatte, Wandplatte",
280250,Schweißen Stahlrohrverbindung 125,Material,Steel & Metal,pcs,2.84,2.84,2.84,2.84,1,EUR,0.29,0.1004,4,4,建筑工程,Allgemeine Installationsarbeiten - Bd.4 Elektrogeräteinstallation,,Schweißen von Stahlrohren
280251,Schweißen Stahlrohr Verbindung 150,Material,Steel & Metal,pcs,3.41,3.41,3.41,3.41,1,EUR,0.34,0.1004,4,4,建筑工程,Allgemeine Installationsarbeiten - Bd.4 Elektrogeräteinstallation,,Schweißen von Stahlrohren
070039,PVC-Oberflächenprofil 20mm innen,Material,General,m,0.73,0.73,0.73,0.73,1,EUR,0.75,1.03,4,4,建筑工程,sonstige Dekorationsarbeiten,Dekorative Zierleiste,Dekorative Zierleiste
070040,PVC-Oberflächenprofil 20mm überstehend,Material,General,m,1.25,1.25,1.25,1.25,1,EUR,1.29,1.03,4,4,建筑工程,sonstige Dekorationsarbeiten,Dekorative Zierleiste,Dekorative Zierleiste
070068,Dekorstreifen 30mm innen,Material,General,m,0.25,0.25,0.25,0.25,1,EUR,0.26,1.03,4,4,建筑工程,sonstige Dekorationsarbeiten,Dekorative Zierleiste,Dekorative Zierleiste
070069,Dekorstreifen 30mm überstehend,Material,General,m,0.73,0.73,0.73,0.73,1,EUR,0.75,1.03,4,4,建筑工程,sonstige Dekorationsarbeiten,Dekorative Zierleiste,Dekorative Zierleiste
070070,Profil 30mm innen,Material,General,m,0.42,0.42,0.42,0.42,1,EUR,0.43,1.03,4,4,建筑工程,sonstige Dekorationsarbeiten,Dekorative Zierleiste,Dekorative Zierleiste
070071,Keramikfliesenprofil 30mm innen,Material,General,m,0.17,0.17,0.17,0.17,1,EUR,0.17,1.03,4,4,建筑工程,sonstige Dekorationsarbeiten,Dekorative Zierleiste,Dekorative Zierleiste
080284,Oberflächenvorhangfassadenprofil und,Material,General,m2,313.44,313.44,313.44,313.44,1,EUR,470.16,1.5,4,4,建筑工程,"Wand- und Säulenbekleidungen, Trennwände und Vorhangfassaden",Vorhangfassadenarbeiten,Glasfassade
280247,Schweißen Stahlrohrverbindung 70,Material,Steel & Metal,pcs,0.95,0.95,0.95,0.95,1,EUR,0.15,0.1545,4,4,建筑工程,Allgemeine Installationsarbeiten - Bd.4 Elektrogeräteinstallation,,Schweißen von Stahlrohren
110140,401 Klebstoff,Material,General,kg,2.19,2.19,2.19,2.19,1,EUR,0.71,0.3255,4,4,建筑工程,Deckenarbeiten,Decke abgehängte Decke,Deckenabschlusslage
070095,GRC 1200×400 Überstand,Material,General,pcs,15.05,15.05,15.05,15.05,1,EUR,15.35,1.02,4,4,建筑工程,sonstige Dekorationsarbeiten,Dekorative Zierleiste,GRC Zierleiste
070096,GRC -förmiges Türfensterdekor 1500×540 innen,Material,Glass,pcs,49.48,49.48,49.48,49.48,1,EUR,50.47,1.02,4,4,建筑工程,sonstige Dekorationsarbeiten,Dekorative Zierleiste,GRC Zierleiste
070097,GRC-geformte Türfensterdekoration 1500×540 außen,Material,Glass,pcs,59.39,59.39,59.39,59.39,1,EUR,60.57,1.02,4,4,建筑工程,sonstige Dekorationsarbeiten,Dekorative Zierleiste,GRC Zierleiste
090395,Geländer (mit),Material,General,m2,54.33,54.33,54.33,54.33,1,EUR,50.97,0.9382,4,4,建筑工程,sonstige Dekorationsarbeiten,"Handlauf, Geländer, Geländerscheibe dekorativ","Metallhandlauf, Geländer, Geländerscheibe"
080234,Dekorative Gipskartonplatte 600×600×12,Material,Wood & Timber,m2,5.96,5.96,5.96,5.96,1,EUR,6.07,1.02,4,4,建筑工程,Deckenarbeiten,Decke abgehängte Decke,Deckenabschlusslage
370173,Stahlfensterbefestigung,Material,Steel & Metal,m2,16.72,16.72,16.72,16.72,1,EUR,16.72,1.0,4,4,建筑工程,Tür- und Fensterarbeiten,Metallfenster,
370177,aluminiumlegierter -geformtes Fenster,Material,Glass,m2,18.81,18.81,18.81,18.81,1,EUR,18.81,1.0,4,4,建筑工程,Tür- und Fensterarbeiten,Metallfenster,
150056,Doppelseitiger Klebstoff,Material,General,m2,0.26,0.26,0.26,0.26,1,EUR,0.06,0.2224,4,4,建筑工程,Deckenarbeiten,Decke abgehängte Decke,Deckenabschlusslage
090079,Sicherungsmutter 70,Material,Fasteners,pcs,0.21,0.21,0.21,0.21,1,EUR,0.03,0.1416,4,4,建筑工程,Allgemeine Installationsarbeiten - Bd.4 Elektrogeräteinstallation,,Schweißen von Stahlrohren
280248,Schweißen Stahlrohrverbindung 80,Material,Steel & Metal,pcs,1.32,1.32,1.32,1.32,1,EUR,0.2,0.1545,4,4,建筑工程,Allgemeine Installationsarbeiten - Bd.4 Elektrogeräteinstallation,,Schweißen von Stahlrohren
280249,Schweißen Stahlrohrverbindung 100,Material,Steel & Metal,pcs,2.09,2.09,2.09,2.09,1,EUR,0.32,0.1545,4,4,建筑工程,Allgemeine Installationsarbeiten - Bd.4 Elektrogeräteinstallation,,Schweißen von Stahlrohren
010116,verzinkte Elektroformung 20,Material,General,m,1.4,1.4,1.4,1.4,1,EUR,1.45,1.03,4,4,建筑工程,Allgemeine Installationsarbeiten - Bd.4 Elektrogeräteinstallation,,
280253,verzinkte Elektromontage-Verbindung 20,Material,General,pcs,0.14,0.14,0.14,0.14,1,EUR,0.02,0.1648,4,4,建筑工程,Allgemeine Installationsarbeiten - Bd.4 Elektrogeräteinstallation,,
010117,verzinkte Elektrokanäle 25,Material,General,m,1.9,1.9,1.9,1.9,1,EUR,1.96,1.03,4,4,建筑工程,Allgemeine Installationsarbeiten - Bd.4 Elektrogeräteinstallation,,
280254,verzinkte Elektromontage-Verbindung 25,Material,General,pcs,0.32,0.32,0.32,0.32,1,EUR,0.05,0.1648,4,4,建筑工程,Allgemeine Installationsarbeiten - Bd.4 Elektrogeräteinstallation,,
010118,verzinkte Elektrokanäle 32,Material,General,m,2.42,2.42,2.42,2.42,1,EUR,2.5,1.03,4,4,建筑工程,Allgemeine Installationsarbeiten - Bd.4 Elektrogeräteinstallation,,
080238,Länge Aluminiumlegierungsstreifenplatte,Material,General,m2,11.3,11.3,11.3,11.3,1,EUR,10.98,0.9712,4,4,建筑工程,Deckenarbeiten,Decke abgehängte Decke,Deckenabschlusslage
091446,Streifen,Material,General,kg,2.51,2.51,2.51,2.51,1,EUR,0.32,0.1276,4,4,建筑工程,sonstige Dekorationsarbeiten,"Handlauf, Geländer, Geländerscheibe dekorativ","Metallhandlauf, Geländer, Geländerscheibe"
120064,Handlauf,Material,General,m,3.28,3.28,3.28,3.28,1,EUR,3.66,1.115,4,4,建筑工程,sonstige Dekorationsarbeiten,"Handlauf, Geländer, Geländerscheibe dekorativ",Handlauf
080242,Aluminiumlegierungsstreifenplatte,Material,General,m,1.25,1.25,1.25,1.25,1,EUR,10.76,8.58,4,4,建筑工程,Deckenarbeiten,Decke abgehängte Decke,Deckenabschlusslage
080243,Aluminiumlegierungsstreifen Plattenlänge,Material,General,pcs,0.21,0.21,0.21,0.21,1,EUR,0.71,3.39,4,4,建筑工程,Deckenarbeiten,Decke abgehängte Decke,Deckenabschlusslage
090304,Edelstahlnagel,Material,Steel & Metal,kg,2.76,2.76,2.76,2.76,1,EUR,0.02,0.0068,4,4,建筑工程,Deckenarbeiten,Decke abgehängte Decke,Deckenabschlusslage
180142,flach (1.6MPa) 50,Material,General,pcs,4.56,4.56,4.56,4.56,1,EUR,6.83,1.5,4,4,建筑工程,"Allgemeine Installationsarbeiten - Vol.10 Wasserversorgung, Entwässerung, Heizun",Wasser,Wasser ()
180143,flach (1.6MPa) 70,Material,General,pcs,6.02,6.02,6.02,6.02,1,EUR,10.53,1.75,4,4,建筑工程,"Allgemeine Installationsarbeiten - Vol.10 Wasserversorgung, Entwässerung, Heizun",Wasser,Wasser ()
180144,Flach (1.6MPa) 80,Material,General,pcs,6.46,6.46,6.46,6.46,1,EUR,9.69,1.5,4,4,建筑工程,"Allgemeine Installationsarbeiten - Vol.10 Wasserversorgung, Entwässerung, Heizun",Wasser,Wasser ()
180145,flach (1.6MPa) 100,Material,General,pcs,8.38,8.38,8.38,8.38,1,EUR,12.57,1.5,4,4,建筑工程,"Allgemeine Installationsarbeiten - Vol.10 Wasserversorgung, Entwässerung, Heizun",Wasser,Wasser ()
180147,flach (1.6MPa) 150,Material,General,pcs,14.38,14.38,14.38,14.38,1,EUR,21.56,1.5,4,4,建筑工程,"Allgemeine Installationsarbeiten - Vol.10 Wasserversorgung, Entwässerung, Heizun",Wasser,Wasser ()
800291,Lader (Verbund),Equipment,General,machine-shift,113.21,113.21,113.21,113.21,1,EUR,8.04,0.071,4,4,建筑工程,Pfahlgründungsarbeiten,Bohrpfahl,
010115,verzinkte Elektrokanäle 15,Material,General,m,1.06,1.06,1.06,1.06,1,EUR,1.09,1.03,4,4,建筑工程,Allgemeine Installationsarbeiten - Bd.4 Elektrogeräteinstallation,,
280252,verzinkte Elektroform-Verbindung 15,Material,General,pcs,0.14,0.14,0.14,0.14,1,EUR,0.02,0.1648,4,4,建筑工程,Allgemeine Installationsarbeiten - Bd.4 Elektrogeräteinstallation,,
220003,Verbindung 15,Material,General,pcs,0.89,0.89,0.89,0.89,1,EUR,0.89,1.01,4,4,建筑工程,"Allgemeine Installationsarbeiten - Vol.10 Wasserversorgung, Entwässerung, Heizun",,
100291,Metallstein 80,Material,Steel & Metal,pcs,10.82,10.82,10.82,10.82,1,EUR,22.3,2.06,4,4,建筑工程,"Allgemeine Installationsarbeiten - Vol.10 Wasserversorgung, Entwässerung, Heizun",,Installation
080214,Aluminiumlegierungsstreifen-Deckenplatte Wandplatte MK1,Material,General,m,1.07,1.07,1.07,1.07,1,EUR,0.59,0.5556,4,4,建筑工程,Deckenarbeiten,Decke abgehängte Decke,Deckenabschlusslage
080215,Längsstreifen Decke abgehängt Wandplatte KB1,Material,General,m,0.89,0.89,0.89,0.89,1,EUR,0.46,0.51,4,4,建筑工程,Deckenarbeiten,Decke abgehängte Decke,Deckenabschlusslage
300029,verzinkter Winkelstahl 63×63×6×2100,Material,Steel & Metal,pcs,14.54,14.54,14.54,14.54,1,EUR,29.17,2.006,4,4,建筑工程,Allgemeine Installationsarbeiten - Bd.4 Elektrogeräteinstallation,,Installation
300036,verzinkter Winkelstahl vertikal 63×63×6×650,Material,Steel & Metal,pcs,3.78,3.78,3.78,3.78,1,EUR,6.64,1.7552,4,4,建筑工程,Allgemeine Installationsarbeiten - Bd.4 Elektrogeräteinstallation,,Installation
080286,Oberflächenvorhangfassadenprofil und,Material,General,m2,522.4,522.4,522.4,522.4,1,EUR,1097.04,2.1,4,4,建筑工程,"Wand- und Säulenbekleidungen, Trennwände und Vorhangfassaden",Vorhangfassadenarbeiten,Glasfassade
080287,Flache Vorhangfassaden-Unterkonstruktion und,Material,General,m2,208.96,208.96,208.96,208.96,1,EUR,329.11,1.575,4,4,建筑工程,"Wand- und Säulenbekleidungen, Trennwände und Vorhangfassaden",Vorhangfassadenarbeiten,Glasfassade
800030,vertikal 25,Equipment,General,machine-shift,20.25,20.25,20.25,20.25,1,EUR,0.48,0.0238,4,4,建筑工程,"Wand- und Säulenbekleidungen, Trennwände und Vorhangfassaden",Vorhangfassadenarbeiten,Glasfassade
800568,Doppelschneider,Equipment,General,machine-shift,3.22,3.22,3.22,3.22,1,EUR,0.19,0.0575,4,4,建筑工程,"Wand- und Säulenbekleidungen, Trennwände und Vorhangfassaden",Vorhangfassadenarbeiten,Glasfassade
800613,Aluminiumprofil Zusatz,Equipment,General,machine-shift,376.13,376.13,376.13,376.13,1,EUR,62.06,0.165,4,4,建筑工程,"Wand- und Säulenbekleidungen, Trennwände und Vorhangfassaden",Vorhangfassadenarbeiten,Glasfassade
090912,Expansionsbolzen M12,Material,Fasteners,set,0.5,0.5,0.5,0.5,1,EUR,1.14,2.2867,4,4,建筑工程,"Wand- und Säulenbekleidungen, Trennwände und Vorhangfassaden",Trennwand,Metalltrennwand
100092,SBS-Bitumen-Dichtungsbeschichtung,Material,Waterproofing,kg,1.36,1.36,1.36,1.36,1,EUR,3.06,2.2507,4,4,建筑工程,Dach- und Abdichtungsarbeiten,"Keller- und Bodenabdichtung, Feuchtigkeitsschutz",Bodenbeschichtung Abdichtung
100278,Abdichtungsschicht,Material,Waterproofing,kg,5.85,5.85,5.85,5.85,1,EUR,9.4,1.6064,4,4,建筑工程,Dach- und Abdichtungsarbeiten,"Keller- und Bodenabdichtung, Feuchtigkeitsschutz",Bodenbeschichtung Abdichtung
110177,Untergrundvorbereitung,Material,General,kg,0.87,0.87,0.87,0.87,1,EUR,0.16,0.1818,4,4,建筑工程,Dach- und Abdichtungsarbeiten,"Keller- und Bodenabdichtung, Feuchtigkeitsschutz",Bodenbeschichtung Abdichtung
100119,Höhenkleber Wasser,Material,Water,m,2.8,2.8,2.8,2.8,1,EUR,0.08,0.0274,4,4,建筑工程,Bodenbehandlung und Böschungsstützung,Baugrube,"Spritzbeton, Zementmörtel"
810084,C20 Steinbeton,Material,Concrete & Cement,m3,54.94,54.94,54.94,54.94,1,EUR,3.78,0.0687,4,4,建筑工程,Bodenbehandlung und Böschungsstützung,Baugrube,"Spritzbeton, Zementmörtel"
090242,Stahl-Drahtgeflecht,Material,Steel & Metal,m2,3.76,3.76,3.76,3.76,1,EUR,3.95,1.05,4,4,建筑工程,Bodenbehandlung und Böschungsstützung,Baugrube,"Spritzbeton, Zementmörtel"
390116,Pfahl 300,Material,General,m,17.76,17.76,17.76,17.76,1,EUR,18.12,1.02,4,4,建筑工程,Pfahlgründungsarbeiten,,
390117,Pfahl 400,Material,General,m,26.12,26.12,26.12,26.12,1,EUR,26.64,1.02,4,4,建筑工程,Pfahlgründungsarbeiten,,
390118,Pfahl 500,Material,General,m,39.7,39.7,39.7,39.7,1,EUR,40.5,1.02,4,4,建筑工程,Pfahlgründungsarbeiten,,
090379,Edelstahlrahmen,Material,Steel & Metal,set,29.53,29.53,29.53,29.53,1,EUR,29.53,1.0,4,4,建筑工程,sonstige Dekorationsarbeiten,,(Rahmen)
080249,T-förmiger Anstrich mit Träger TBA24×28,Material,Paint & Coatings,m,0.74,0.74,0.74,0.74,1,EUR,2.4,3.245,4,4,建筑工程,Deckenarbeiten,Decke abgehängte Decke,Deckenprofil
080059,T-förmige Leichtstahlkonstruktion TB24×32,Material,Steel & Metal,m,1.14,1.14,1.14,1.14,1,EUR,0.84,0.7371,4,4,建筑工程,Deckenarbeiten,Decke abgehängte Decke,Deckenprofil
080060,T-förmige Leichtstahl-Unterkonstruktion TB24×26,Material,Steel & Metal,m,1.04,1.04,1.04,1.04,1,EUR,2.89,2.7641,4,4,建筑工程,Deckenarbeiten,Decke abgehängte Decke,Deckenprofil
080075,Träger TL22×22,Material,General,m,0.92,0.92,0.92,0.92,1,EUR,0.66,0.7219,4,4,建筑工程,Deckenarbeiten,Decke abgehängte Decke,Deckenprofil
080100,T-förmige Leichtstahlkonstruktion TB38-2,Material,Steel & Metal,pcs,0.12,0.12,0.12,0.12,1,EUR,0.43,3.6473,4,4,建筑工程,Deckenarbeiten,Decke abgehängte Decke,Deckenprofil
080104,T-förmige Leichtstahl-Unterkonstruktion TB14-2,Material,Steel & Metal,pcs,0.05,0.05,0.05,0.05,1,EUR,0.19,3.4884,4,4,建筑工程,Deckenarbeiten,Decke abgehängte Decke,Deckenprofil
390119,Pfahl 550,Material,General,m,43.88,43.88,43.88,43.88,1,EUR,44.76,1.02,4,4,建筑工程,Pfahlgründungsarbeiten,,
800520,300T Pfahl,Equipment,General,machine-shift,448.76,448.76,448.76,448.76,1,EUR,2.51,0.0056,4,4,建筑工程,Pfahlgründungsarbeiten,,
800521,500T Pfahl,Equipment,General,machine-shift,562.67,562.67,562.67,562.67,1,EUR,3.54,0.0063,4,4,建筑工程,Pfahlgründungsarbeiten,,
090800,55%,Material,General,kg,18.81,18.81,18.81,18.81,1,EUR,5.78,0.3075,4,4,建筑工程,Allgemeine Installationsarbeiten - Bd.11 Kommunikationsausrüstung und Leitungen,Formteil,
020021,Strompfahl,Material,General,pcs,4.58,4.58,4.58,4.58,1,EUR,1.65,0.3601,4,4,建筑工程,Allgemeine Installationsarbeiten - Bd.4 Elektrogeräteinstallation,"Elektroinstallation, Estrich (Ziegel) und Estrich",Bodenstein
110102,Bitumenlack,Material,Paint & Coatings,kg,2.38,2.38,2.38,2.38,1,EUR,0.04,0.015,4,4,建筑工程,Allgemeine Installationsarbeiten - Bd.4 Elektrogeräteinstallation,,
090971,Edelstahl 133,Material,Steel & Metal,m,28.21,28.21,28.21,28.21,1,EUR,141.05,5.0,4,4,建筑工程,sonstige Dekorationsarbeiten,,Metall
090972,Edelstahl 108,Material,Steel & Metal,m,19.85,19.85,19.85,19.85,1,EUR,89.33,4.5,4,4,建筑工程,sonstige Dekorationsarbeiten,,Metall
090970,Edelstahl 76,Material,Steel & Metal,m,13.58,13.58,13.58,13.58,1,EUR,54.33,4.0,4,4,建筑工程,sonstige Dekorationsarbeiten,,Metall
090617,Höhenbolzen,Material,Fasteners,pcs,3.74,3.74,3.74,3.74,1,EUR,14.96,4.0,4,4,建筑工程,sonstige Dekorationsarbeiten,,Metall
120130,0.2m2 innen,Material,General,pcs,5.85,5.85,5.85,5.85,1,EUR,5.91,1.01,4,4,建筑工程,sonstige Dekorationsarbeiten,,
120133,0.5m2 innerhalb,Material,General,pcs,17.55,17.55,17.55,17.55,1,EUR,17.73,1.01,4,4,建筑工程,sonstige Dekorationsarbeiten,,
120135,1.0m2 innerhalb,Material,General,pcs,39.08,39.08,39.08,39.08,1,EUR,39.47,1.01,4,4,建筑工程,sonstige Dekorationsarbeiten,,
120171,1.0m2 darüber hinaus,Material,General,pcs,45.76,45.76,45.76,45.76,1,EUR,46.22,1.01,4,4,建筑工程,sonstige Dekorationsarbeiten,,
100285,202 Klebstoff FSC-2,Material,General,kg,8.36,8.36,8.36,8.36,1,EUR,0.79,0.0951,4,4,建筑工程,sonstige Dekorationsarbeiten,,
090387,Rahmen,Material,General,set,8.57,8.57,8.57,8.57,1,EUR,8.57,1.0,4,4,建筑工程,sonstige Dekorationsarbeiten,,(Rahmen)
090384,Edelstahlrahmen,Material,Steel & Metal,set,13.16,13.16,13.16,13.16,1,EUR,13.16,1.0,4,4,建筑工程,sonstige Dekorationsarbeiten,,(Rahmen)
090389,Rahmen,Material,General,set,29.88,29.88,29.88,29.88,1,EUR,29.88,1.0,4,4,建筑工程,sonstige Dekorationsarbeiten,,(Rahmen)
090444,verzinkte Befestigung,Material,General,pcs,0.21,0.21,0.21,0.21,1,EUR,1.7,8.12,4,4,建筑工程,Metallbauarbeiten,Metall,
090844,Schweißelektrode,Material,Welding Consumables,kg,1.63,1.63,1.63,1.63,1,EUR,0.32,0.1947,4,4,建筑工程,Metallbauarbeiten,Metall,
090930,Geländer,Material,General,m2,35.31,35.31,35.31,35.31,1,EUR,35.31,1.0,4,4,建筑工程,Metallbauarbeiten,Metall,
090931,fertiges Produkt Geländer,Material,General,m2,38.87,38.87,38.87,38.87,1,EUR,38.87,1.0,4,4,建筑工程,Metallbauarbeiten,Metall,
090932,Metallgittergeländer,Material,Steel & Metal,m2,19.85,19.85,19.85,19.85,1,EUR,19.85,1.0,4,4,建筑工程,Metallbauarbeiten,Metall,
020002,Zement 52.5,Material,Concrete & Cement,kg,0.1,0.1,0.1,0.1,1,EUR,3.65,37.9435,4,4,建筑工程,Allgemeine Installationsarbeiten - Bd.4 Elektrogeräteinstallation,"Formgebung und Fertigung, Montage",Wasserpfahl
150063,mit Glas 1m2 darüber hinaus,Equipment,General,pcs,98.34,98.34,98.34,98.34,1,EUR,99.32,1.01,4,4,建筑工程,sonstige Dekorationsarbeiten,,mit Glas
030134,Holz 0.2m2 innen,Material,Wood & Timber,pcs,5.02,5.02,5.02,5.02,1,EUR,5.07,1.01,4,4,建筑工程,sonstige Dekorationsarbeiten,,Holz
150076,Holz 0.5m2 innerhalb,Material,Wood & Timber,pcs,6.25,6.25,6.25,6.25,1,EUR,6.31,1.01,4,4,建筑工程,sonstige Dekorationsarbeiten,,Holz
150075,Holz 1m2 innen,Material,Wood & Timber,pcs,24.99,24.99,24.99,24.99,1,EUR,25.24,1.01,4,4,建筑工程,sonstige Dekorationsarbeiten,,Holz
150074,Holz 1m2 darüber hinaus,Material,Wood & Timber,pcs,56.5,56.5,56.5,56.5,1,EUR,57.07,1.01,4,4,建筑工程,sonstige Dekorationsarbeiten,,Holz
150186,Metall 0.2m2 innerhalb,Material,Steel & Metal,pcs,4.81,4.81,4.81,4.81,1,EUR,4.85,1.01,4,4,建筑工程,sonstige Dekorationsarbeiten,,Metall
150070,Metall 0.5m2 innerhalb,Material,Steel & Metal,pcs,10.43,10.43,10.43,10.43,1,EUR,10.53,1.01,4,4,建筑工程,sonstige Dekorationsarbeiten,,Metall
150069,Metall 1m2 innen,Material,Steel & Metal,pcs,64.38,64.38,64.38,64.38,1,EUR,65.02,1.01,4,4,建筑工程,sonstige Dekorationsarbeiten,,Metall
150068,Metall 1m2 darüber hinaus,Material,Steel & Metal,pcs,96.44,96.44,96.44,96.44,1,EUR,97.4,1.01,4,4,建筑工程,sonstige Dekorationsarbeiten,,Metall
120137,0.2m2 innen,Material,General,pcs,50.15,50.15,50.15,50.15,1,EUR,50.65,1.01,4,4,建筑工程,sonstige Dekorationsarbeiten,,
120131,0.5m2 innerhalb,Material,General,pcs,79.41,79.41,79.41,79.41,1,EUR,80.2,1.01,4,4,建筑工程,sonstige Dekorationsarbeiten,,
120132,1.0m2 innerhalb,Material,General,pcs,129.56,129.56,129.56,129.56,1,EUR,130.85,1.01,4,4,建筑工程,sonstige Dekorationsarbeiten,,
120134,1.0m2 darüber hinaus,Material,General,pcs,177.62,177.62,177.62,177.62,1,EUR,179.39,1.01,4,4,建筑工程,sonstige Dekorationsarbeiten,,
120136,mit Glas 0.2m2 innen,Equipment,General,pcs,6.69,6.69,6.69,6.69,1,EUR,6.75,1.01,4,4,建筑工程,sonstige Dekorationsarbeiten,,mit Glas
150065,mit Glas 0.5m2 innen,Equipment,General,pcs,10.95,10.95,10.95,10.95,1,EUR,11.06,1.01,4,4,建筑工程,sonstige Dekorationsarbeiten,,mit Glas
150064,mit Glas 1m2 innen,Equipment,General,pcs,43.74,43.74,43.74,43.74,1,EUR,44.17,1.01,4,4,建筑工程,sonstige Dekorationsarbeiten,,mit Glas
150184,Klebeband,Material,General,m,0.21,0.21,0.21,0.21,1,EUR,1.31,6.2684,4,4,建筑工程,"Wand- und Säulenbekleidungen, Trennwände und Vorhangfassaden",Trennwand,Metalltrennwand
050026,Glas 19mm,Material,Glass,m2,177.62,177.62,177.62,177.62,1,EUR,173.0,0.974,4,4,建筑工程,"Wand- und Säulenbekleidungen, Trennwände und Vorhangfassaden",Trennwand,Glaswand
080253,Edelstahl-Stahltrennwand,Material,Steel & Metal,m2,87.76,87.76,87.76,87.76,1,EUR,87.76,1.0,4,4,建筑工程,"Wand- und Säulenbekleidungen, Trennwände und Vorhangfassaden",Trennwand,Glaswand
080254,Aluminium-Legierungs-Glastrennwand,Material,Glass,m2,50.15,50.15,50.15,50.15,1,EUR,50.15,1.0,4,4,建筑工程,"Wand- und Säulenbekleidungen, Trennwände und Vorhangfassaden",Trennwand,Glaswand
080255,Aluminium-Legierungs-Glastrennwand,Material,Glass,m2,45.97,45.97,45.97,45.97,1,EUR,45.97,1.0,4,4,建筑工程,"Wand- und Säulenbekleidungen, Trennwände und Vorhangfassaden",Trennwand,Glaswand
090934,Edelstahl mit Schraube M4×12,Material,Steel & Metal,set,0.25,0.25,0.25,0.25,1,EUR,1.95,7.7745,4,4,建筑工程,"Wand- und Säulenbekleidungen, Trennwände und Vorhangfassaden",Trennwand,Glaswand
050047,Glasbaustein 145×145×80,Material,Glass,pcs,2.3,2.3,2.3,2.3,1,EUR,109.87,47.8,4,4,建筑工程,"Wand- und Säulenbekleidungen, Trennwände und Vorhangfassaden",Trennwand,Glaswand
850095,Typ TSB,Equipment,General,machine-shift,6.54,6.54,6.54,6.54,1,EUR,10.63,1.625,4,4,建筑工程,Allgemeine Installationsarbeiten - Bd.4 Elektrogeräteinstallation,Höhenstrom,Höhenstrom
850092,Höhe GYB-,Equipment,General,machine-shift,2.02,2.02,2.02,2.02,1,EUR,3.29,1.625,4,4,建筑工程,Allgemeine Installationsarbeiten - Bd.4 Elektrogeräteinstallation,Höhenstrom,Höhenstrom
280183,Metall 50,Material,Steel & Metal,m,12.79,12.79,12.79,12.79,1,EUR,12.17,0.952,4,4,建筑工程,Allgemeine Installationsarbeiten - Bd.4 Elektrogeräteinstallation,,
280185,Metall 76,Material,Steel & Metal,m,20.42,20.42,20.42,20.42,1,EUR,19.44,0.952,4,4,建筑工程,Allgemeine Installationsarbeiten - Bd.4 Elektrogeräteinstallation,,
280187,Metall 101,Material,Steel & Metal,m,37.32,37.32,37.32,37.32,1,EUR,35.53,0.952,4,4,建筑工程,Allgemeine Installationsarbeiten - Bd.4 Elektrogeräteinstallation,,
060017,Granitplatte 0.25m2 darüber hinaus,Material,General,m2,52.16,52.16,52.16,52.16,1,EUR,53.2,1.02,4,4,建筑工程,Bodenbelagsarbeiten,Dekorative Stufen,
060034,Oberfläche Granit,Material,General,m2,33.43,33.43,33.43,33.43,1,EUR,34.1,1.02,4,4,建筑工程,Bodenbelagsarbeiten,Dekorative Stufen,
110186,Steinplattenhärtung,Material,General,kg,2.04,2.04,2.04,2.04,1,EUR,0.19,0.0915,4,4,建筑工程,Bodenbelagsarbeiten,Bodenfliesenverlegung,
110521,Oberfläche,Material,General,kg,20.9,20.9,20.9,20.9,1,EUR,8.36,0.4,4,4,建筑工程,Bodenbelagsarbeiten,Bodenfliesenverlegung,
100020,Klebstoff-Bodenfliese,Material,General,m2,4.76,4.76,4.76,4.76,1,EUR,4.86,1.02,4,4,建筑工程,Bodenbelagsarbeiten,Oberflächenabschlusslage,
100026,Klebstoff-Grundplatte,Material,General,m2,4.83,4.83,4.83,4.83,1,EUR,4.92,1.02,4,4,建筑工程,Bodenbelagsarbeiten,Oberflächenabschlusslage,
080175,Gips-Hohlstreifenplatte,Material,General,m2,10.87,10.87,10.87,10.87,1,EUR,11.41,1.05,4,4,建筑工程,"Wand- und Säulenbekleidungen, Trennwände und Vorhangfassaden",Trennwand,Trennwand
080161,Gips-Rundstreifenplatte,Material,General,m2,13.79,13.79,13.79,13.79,1,EUR,14.48,1.05,4,4,建筑工程,"Wand- und Säulenbekleidungen, Trennwände und Vorhangfassaden",Trennwand,Trennwand
080177,Zementstreifenplatte,Material,Concrete & Cement,m2,9.4,9.4,9.4,9.4,1,EUR,9.87,1.05,4,4,建筑工程,"Wand- und Säulenbekleidungen, Trennwände und Vorhangfassaden",Trennwand,Trennwand
040203,Gips-Hohlblock 660×500×100,Material,General,m2,10.45,10.45,10.45,10.45,1,EUR,10.97,1.05,4,4,建筑工程,"Wand- und Säulenbekleidungen, Trennwände und Vorhangfassaden",Trennwand,Trennwand
080162,zusätzliche Betonstreifenplatte,Material,Concrete & Cement,m2,14.42,14.42,14.42,14.42,1,EUR,15.14,1.05,4,4,建筑工程,"Wand- und Säulenbekleidungen, Trennwände und Vorhangfassaden",Trennwand,Trennwand
110779,Höhen-Gipskleber,Material,General,m3,261.2,261.2,261.2,261.2,1,EUR,1.75,0.0067,4,4,建筑工程,"Wand- und Säulenbekleidungen, Trennwände und Vorhangfassaden",Trennwand,Trennwand
390154,GRC-Zementwandplatte,Material,Concrete & Cement,m2,9.4,9.4,9.4,9.4,1,EUR,9.87,1.05,4,4,建筑工程,"Wand- und Säulenbekleidungen, Trennwände und Vorhangfassaden",Trennwand,Trennwand
390155,GRC-Zementwandplatte,Material,Concrete & Cement,m2,10.03,10.03,10.03,10.03,1,EUR,10.53,1.05,4,4,建筑工程,"Wand- und Säulenbekleidungen, Trennwände und Vorhangfassaden",Trennwand,Trennwand
800644,Turmdrehkran 450T M,Equipment,Cranes,machine-shift,440.55,440.55,440.55,440.55,1,EUR,2.29,0.0052,4,4,建筑工程,Vorleistungen und Baustelleneinrichtung,Vertikaler Transport,Vertikaler Transport
370201,Aluminiumlegiertür,Material,General,m2,59.55,59.55,59.55,59.55,1,EUR,64.32,1.08,4,4,建筑工程,"Wand- und Säulenbekleidungen, Trennwände und Vorhangfassaden",Trennwand,Trennwand
080142,Leichtstahlprofil LLQ-U7575×40,Material,Steel & Metal,m,2.01,2.01,2.01,2.01,1,EUR,1.42,0.708,4,4,建筑工程,"Wand- und Säulenbekleidungen, Trennwände und Vorhangfassaden",Trennwand,Trennwand
080143,Leichtstahlprofil LLQ-C7575×50,Material,Steel & Metal,m,2.44,2.44,2.44,2.44,1,EUR,4.5,1.841,4,4,建筑工程,"Wand- und Säulenbekleidungen, Trennwände und Vorhangfassaden",Trennwand,Trennwand
080144,Leichtstahlprofil QU-7577×40,Material,Steel & Metal,m,2.28,2.28,2.28,2.28,1,EUR,0.68,0.298,4,4,建筑工程,"Wand- und Säulenbekleidungen, Trennwände und Vorhangfassaden",Trennwand,Trennwand
080145,Leichtstahlprofil QC-7575×45/43,Material,Steel & Metal,m,2.8,2.8,2.8,2.8,1,EUR,5.02,1.793,4,4,建筑工程,"Wand- und Säulenbekleidungen, Trennwände und Vorhangfassaden",Trennwand,Trennwand
080146,Kiel Q-130×12,Material,General,m,1.01,1.01,1.01,1.01,1,EUR,0.22,0.2145,4,4,建筑工程,"Wand- und Säulenbekleidungen, Trennwände und Vorhangfassaden",Trennwand,Trennwand
080147,Leichtstahlprofil-Abstützung,Material,Steel & Metal,pcs,0.11,0.11,0.11,0.11,1,EUR,0.03,0.2659,4,4,建筑工程,"Wand- und Säulenbekleidungen, Trennwände und Vorhangfassaden",Trennwand,Trennwand
800650,Elektrizität Höhe doppelt (300 innerhalb),Equipment,General,machine-shift,120.97,120.97,120.97,120.97,1,EUR,0.86,0.0071,4,4,建筑工程,Vorleistungen und Baustelleneinrichtung,Vertikaler Transport,Vertikaler Transport
800647,Turmdrehkran 800T M,Equipment,Cranes,machine-shift,596.5,596.5,596.5,596.5,1,EUR,4.24,0.0071,4,4,建筑工程,Vorleistungen und Baustelleneinrichtung,Vertikaler Transport,Vertikaler Transport
800648,Turmdrehkran 900T M,Equipment,Cranes,machine-shift,842.99,842.99,842.99,842.99,1,EUR,6.07,0.0072,4,4,建筑工程,Vorleistungen und Baustelleneinrichtung,Vertikaler Transport,Vertikaler Transport
800704,Elektrizität Höhe doppelt (400 innerhalb),Equipment,General,machine-shift,144.73,144.73,144.73,144.73,1,EUR,1.03,0.0072,4,4,建筑工程,Vorleistungen und Baustelleneinrichtung,Vertikaler Transport,Vertikaler Transport
370050,Stahl-Einzelflügeltür flach,Material,Steel & Metal,m2,79.41,79.41,79.41,79.41,1,EUR,79.41,1.0,4,4,建筑工程,Tür- und Fensterarbeiten,Metalltür,
370051,Stahl-Doppelflachdrehflügel,Material,Steel & Metal,m2,94.03,94.03,94.03,94.03,1,EUR,94.03,1.0,4,4,建筑工程,Tür- und Fensterarbeiten,Metalltür,
090616,gewöhnlicher Bohrer 4 6,Material,General,pcs,0.42,0.42,0.42,0.42,1,EUR,0.05,0.12,4,4,建筑工程,Allgemeine Installationsarbeiten - Bd.4 Elektrogeräteinstallation,Höhen-Elektroinstallation,
090439,Scharniere,Material,General,pcs,1.59,1.59,1.59,1.59,1,EUR,2.43,1.5295,4,4,建筑工程,Tür- und Fensterarbeiten,,
370007,Holztür,Material,Wood & Timber,m2,36.57,36.57,36.57,36.57,1,EUR,36.57,1.0,4,4,建筑工程,Tür- und Fensterarbeiten,,
370008,Holztür mit,Material,Wood & Timber,m2,41.79,41.79,41.79,41.79,1,EUR,41.79,1.0,4,4,建筑工程,Tür- und Fensterarbeiten,,
370009,Holztür,Material,Wood & Timber,m2,158.81,158.81,158.81,158.81,1,EUR,158.81,1.0,4,4,建筑工程,Tür- und Fensterarbeiten,,
370010,Holztür mit,Material,Wood & Timber,m2,167.17,167.17,167.17,167.17,1,EUR,167.17,1.0,4,4,建筑工程,Tür- und Fensterarbeiten,,
090502,verzinkter Nagel M5,Equipment,General,set,0.04,0.04,0.04,0.04,1,EUR,0.14,4.08,4,4,建筑工程,Allgemeine Installationsarbeiten - Bd.4 Elektrogeräteinstallation,,
370052,"Stahltür, einflügelig",Material,Steel & Metal,m2,73.14,73.14,73.14,73.14,1,EUR,73.14,1.0,4,4,建筑工程,Tür- und Fensterarbeiten,Metalltür,
370053,Stahltür doppelt,Material,Steel & Metal,m2,87.76,87.76,87.76,87.76,1,EUR,87.76,1.0,4,4,建筑工程,Tür- und Fensterarbeiten,Metalltür,
110040,Gips-Spachtel,Material,General,kg,0.51,0.51,0.51,0.51,1,EUR,0.34,0.662,4,4,建筑工程,"Wand- und Säulenbekleidungen, Trennwände und Vorhangfassaden",Trennwand,Trennwand
080174,Blähton-Beton-Streifenplatte,Material,Concrete & Cement,m2,11.49,11.49,11.49,11.49,1,EUR,12.07,1.05,4,4,建筑工程,"Wand- und Säulenbekleidungen, Trennwände und Vorhangfassaden",Trennwand,Trennwand
800645,Turmdrehkran 500T M,Equipment,Cranes,machine-shift,477.66,477.66,477.66,477.66,1,EUR,2.56,0.0054,4,4,建筑工程,Vorleistungen und Baustelleneinrichtung,Vertikaler Transport,Vertikaler Transport
800646,Turmdrehkran 600T M,Equipment,Cranes,machine-shift,545.39,545.39,545.39,545.39,1,EUR,3.87,0.0071,4,4,建筑工程,Vorleistungen und Baustelleneinrichtung,Vertikaler Transport,Vertikaler Transport
800649,Elektrizitätshöhe doppelt (200 innerhalb),Equipment,General,machine-shift,97.19,97.19,97.19,97.19,1,EUR,0.52,0.0054,4,4,建筑工程,Vorleistungen und Baustelleneinrichtung,Vertikaler Transport,Vertikaler Transport
110346,Kohleteerfarbe L01-17,Material,Paint & Coatings,kg,1.7,1.7,1.7,1.7,1,EUR,0.99,0.5788,4,4,建筑工程,"Allgemeine Montagearbeiten - Bd.12 Malerarbeiten, Korrosionsschutz, Wärmedämmung",Metallverbindung strukturelles Bürsten,
110835,Beschichtung,Material,General,kg,3.55,3.55,3.55,3.55,1,EUR,1.6,0.45,4,4,建筑工程,"Maler-, Beschichtungs- und Tapezierarbeiten",Spritz- und Bürstenbeschichtung,Wandoberflächenbeschichtungsschicht
110200,Dispersionsfarbe,Material,Paint & Coatings,kg,1.48,1.48,1.48,1.48,1,EUR,0.24,0.165,4,4,建筑工程,"Maler-, Beschichtungs- und Tapezierarbeiten",Spritz- und Bürstenbeschichtung,Wandoberflächenbeschichtungsschicht
100038,Bodenhaftkleber,Material,General,m2,3.49,3.49,3.49,3.49,1,EUR,3.84,1.1,4,4,建筑工程,Bodenbelagsarbeiten,Oberflächenabschlusslage,Boden
150189,Boden (),Material,General,m2,14.63,14.63,14.63,14.63,1,EUR,15.36,1.05,4,4,建筑工程,Bodenbelagsarbeiten,Oberflächenabschlusslage,Boden
150327,Boden (),Material,General,m2,10.45,10.45,10.45,10.45,1,EUR,10.97,1.05,4,4,建筑工程,Bodenbelagsarbeiten,Oberflächenabschlusslage,Boden
100369,NSJ Korrosionsschutzbeschichtung,Material,General,kg,5.35,5.35,5.35,5.35,1,EUR,1.19,0.222,4,4,建筑工程,"Allgemeine Montagearbeiten - Bd.12 Malerarbeiten, Korrosionsschutz, Wärmedämmung",,
110487,wasserbasierte Zementfarbe,Material,Concrete & Cement,kg,4.14,4.14,4.14,4.14,1,EUR,1.63,0.3938,3,3,建筑工程,"Maler-, Beschichtungs- und Tapezierarbeiten",Spritz- und Bürstenbeschichtung,Deckenabschlussbeschichtung
120004,Polyurethan,Material,General,m3,150.45,150.45,150.45,150.45,1,EUR,6.32,0.042,3,3,建筑工程,"Maler-, Beschichtungs- und Tapezierarbeiten",,
150041,mit,Material,General,m2,12.68,12.68,12.68,12.68,1,EUR,15.22,1.2,3,3,建筑工程,"Maler-, Beschichtungs- und Tapezierarbeiten",,
110489,Klebstoff,Material,General,kg,4.6,4.6,4.6,4.6,1,EUR,0.83,0.18,3,3,建筑工程,"Maler-, Beschichtungs- und Tapezierarbeiten",,
800206,Platte 20×2500,Equipment,General,machine-shift,20.44,20.44,20.44,20.44,1,EUR,0.02,0.001,3,3,建筑工程,Allgemeine Installationsarbeiten - Vol.7 Lüftung und Klimatisierung,,
110109,Klebstoff,Material,General,kg,7.69,7.69,7.69,7.69,1,EUR,1.54,0.2,3,3,建筑工程,Allgemeine Installationsarbeiten - Vol.7 Lüftung und Klimatisierung,,
120044,Phenolharz,Material,General,pcs,0.08,0.08,0.08,0.08,1,EUR,0.27,3.18,3,3,建筑工程,Allgemeine Installationsarbeiten - Vol.7 Lüftung und Klimatisierung,,
180640,Poly,Material,General,kg,3.76,3.76,3.76,3.76,1,EUR,1.86,0.4947,3,3,建筑工程,Wärmedämm- und Korrosionsschutzarbeiten,Korrosionsschutz,Korrosionsschutzbeschichtung
090330,Metall-Sockelleiste,Material,Steel & Metal,m,6.69,6.69,6.69,6.69,1,EUR,6.89,1.03,3,3,建筑工程,Bodenbelagsarbeiten,Sockelleiste,
060201,Unterlageplatte,Material,General,m,1.04,1.04,1.04,1.04,1,EUR,1.08,1.03,3,3,建筑工程,Bodenbelagsarbeiten,Sockelleiste,
110507,Höhenbeschichtung,Material,General,kg,5.43,5.43,5.43,5.43,1,EUR,6.6,1.215,3,3,建筑工程,"Maler-, Beschichtungs- und Tapezierarbeiten",Spritz- und Bürstenbeschichtung,Wandoberflächenbeschichtungsschicht
110506,Beschichtung,Material,General,kg,3.18,3.18,3.18,3.18,1,EUR,13.22,4.163,3,3,建筑工程,"Maler-, Beschichtungs- und Tapezierarbeiten",Spritz- und Bürstenbeschichtung,Wandoberflächenbeschichtungsschicht
800539,Diesel-Rammen,Equipment,General,machine-shift,61.5,61.5,61.5,61.5,1,EUR,3.51,0.057,3,3,建筑工程,Bodenbehandlung und Böschungsstützung,,
840010,Metall,Material,Steel & Metal,kg,0.87,0.87,0.87,0.87,1,EUR,0.68,0.782,3,3,建筑工程,Bodenbehandlung und Böschungsstützung,,
370066,Türblatt,Material,General,m2,144.18,144.18,144.18,144.18,1,EUR,144.18,1.0,3,3,建筑工程,Tür- und Fensterarbeiten,Metalltür,
100210,PE-Platte (5mm Dicke),Material,General,m2,2.06,2.06,2.06,2.06,1,EUR,2.28,1.105,3,3,建筑工程,Dach- und Abdichtungsarbeiten,"Wandflächenabdichtung, Feuchtigkeitsschutz",wandflächenabdichtung
090724,Nagel,Material,Fasteners,pcs,0.04,0.04,0.04,0.04,1,EUR,0.24,6.0,3,3,建筑工程,Dach- und Abdichtungsarbeiten,"Wandflächenabdichtung, Feuchtigkeitsschutz",wandflächenabdichtung
090281,rund 3×18,Material,General,pcs,0.2,0.2,0.2,0.2,1,EUR,0.28,1.4133,3,3,建筑工程,Allgemeine Installationsarbeiten - Vol.7 Lüftung und Klimatisierung,,
120001,Latex 20,Material,General,m2,1.32,1.32,1.32,1.32,1,EUR,0.23,0.1767,3,3,建筑工程,Allgemeine Installationsarbeiten - Vol.7 Lüftung und Klimatisierung,,
091023,verzinkt mit Bolzen 16×(85 100),Material,Fasteners,set,0.41,0.41,0.41,0.41,1,EUR,0.83,2.04,3,3,建筑工程,Allgemeine Installationsarbeiten - Vol.7 Lüftung und Klimatisierung,Halterung und Fertigung Montage,Klammerfertigung und -montage
390147,Hohlbodenplattenmontage (300 innerhalb),Material,General,m,66.87,66.87,66.87,66.87,1,EUR,70.21,1.05,3,3,建筑工程,Beton- und Stahlbetonarbeiten,Gießen-in-situ Betonschicht,
390146,Hohlbodenplattenmontage (200 innen),Material,General,m,55.17,55.17,55.17,55.17,1,EUR,57.92,1.05,3,3,建筑工程,Beton- und Stahlbetonarbeiten,Gießen-in-situ Betonschicht,
390145,Hohlbodenplattenmontage (100 innerhalb),Material,General,m,48.06,48.06,48.06,48.06,1,EUR,50.46,1.05,3,3,建筑工程,Beton- und Stahlbetonarbeiten,Gießen-in-situ Betonschicht,
020110,Beton,Material,Concrete & Cement,pcs,0.42,0.42,0.42,0.42,1,EUR,1.11,2.6667,3,3,建筑工程,Beton- und Stahlbetonarbeiten,Gießen-in-situ Betonschicht,
800039,rund 40×4,Equipment,General,machine-shift,3.72,3.72,3.72,3.72,1,EUR,0.27,0.0713,3,3,建筑工程,Allgemeine Installationsarbeiten - Vol.7 Lüftung und Klimatisierung,"Metallgewebeherstellung, Montage (030703007 030703010)",
110114,Dichtfarbe,Material,Paint & Coatings,kg,2.72,2.72,2.72,2.72,1,EUR,0.07,0.0253,3,3,建筑工程,"Maler-, Beschichtungs- und Tapezierarbeiten",Anstrich auf verputzter Oberfläche,Stuckprofilanstrich
090455,Edelstahl Sockelleiste,Material,Steel & Metal,m,11.37,11.37,11.37,11.37,1,EUR,7.1,0.625,3,3,建筑工程,sonstige Dekorationsarbeiten,,Rahmen
090950,Aluminiumlegierung TS-S,Material,General,m,6.27,6.27,6.27,6.27,1,EUR,8.5,1.3553,3,3,建筑工程,sonstige Dekorationsarbeiten,,Wand
030119,Sperrholz 12mm,Material,Wood & Timber,m2,5.43,5.43,5.43,5.43,1,EUR,7.64,1.4053,3,3,建筑工程,sonstige Dekorationsarbeiten,,Wand
090454,Edelstahl,Material,Steel & Metal,m,3.03,3.03,3.03,3.03,1,EUR,5.12,1.69,3,3,建筑工程,sonstige Dekorationsarbeiten,,Rahmen
170062,32,Material,General,m,1.19,1.19,1.19,1.19,1,EUR,0.42,0.35,3,3,建筑工程,Dach- und Abdichtungsarbeiten,Dachabdichtung und Zubehör,Dach (Balkon) () Wasser
370065,Türblatt,Material,General,m2,96.12,96.12,96.12,96.12,1,EUR,96.12,1.0,3,3,建筑工程,Tür- und Fensterarbeiten,Metalltür,
370064,flache Türplatte,Material,General,m2,104.48,104.48,104.48,104.48,1,EUR,104.48,1.0,3,3,建筑工程,Tür- und Fensterarbeiten,Metalltür,
030231,Holz,Material,Wood & Timber,m3,386.58,386.58,386.58,386.58,1,EUR,4.68,0.0121,3,3,建筑工程,Holzbauarbeiten,Dachholzunterlage,
030143,Dachbalkenplatte,Material,Wood & Timber,m2,11.07,11.07,11.07,11.07,1,EUR,9.3,0.8393,3,3,建筑工程,Holzbauarbeiten,Dachholzunterlage,
350009,Formteil BV-2.5,Material,General,m,0.36,0.36,0.36,0.36,1,EUR,1.68,4.6831,3,3,建筑工程,Allgemeine Installationsarbeiten - Bd.4 Elektrogeräteinstallation,Formteil,
091475,Wasserstoppbolzen M14,Material,Fasteners,m,2.51,2.51,2.51,2.51,1,EUR,3.19,1.2741,3,3,建筑工程,Vorleistungen und Baustelleneinrichtung,Ortbeton-Schalung und Konsolen,Wand
370145,Holztür,Material,Wood & Timber,m2,83.58,83.58,83.58,83.58,1,EUR,83.58,1.0,3,3,建筑工程,Tür- und Fensterarbeiten,,
370144,keine Holztür,Material,Wood & Timber,m2,121.2,121.2,121.2,121.2,1,EUR,121.2,1.0,3,3,建筑工程,Tür- und Fensterarbeiten,,
370089,Holztür,Material,Wood & Timber,m2,185.98,185.98,185.98,185.98,1,EUR,185.98,1.0,3,3,建筑工程,Tür- und Fensterarbeiten,,
310031,Klebstoff mit 20×20,Material,General,Einheit,0.63,0.63,0.63,0.63,1,EUR,0.23,0.3733,3,3,建筑工程,Allgemeine Installationsarbeiten - Bd.4 Elektrogeräteinstallation,elektrische Trockeninstallation,
080248,Trennwand,Material,General,m2,62.69,62.69,62.69,62.69,1,EUR,62.69,1.0,3,3,建筑工程,"Wand- und Säulenbekleidungen, Trennwände und Vorhangfassaden",Trennwand,fertige Trennwand
080247,Trennwand,Material,General,m2,45.97,45.97,45.97,45.97,1,EUR,45.97,1.0,3,3,建筑工程,"Wand- und Säulenbekleidungen, Trennwände und Vorhangfassaden",Trennwand,fertige Trennwand
850129,Stromverteilung,Equipment,General,machine-shift,16.57,16.57,16.57,16.57,1,EUR,74.57,4.5,3,3,建筑工程,Allgemeine Installationsarbeiten - Bd.4 Elektrogeräteinstallation,,Elektrizität Elektrizität
080031,U-förmiger Stahl CS60-2A,Material,Steel & Metal,pcs,0.09,0.09,0.09,0.09,1,EUR,0.12,1.3502,3,3,建筑工程,Deckenarbeiten,Decke abgehängte Decke,Deckenprofil
080024,U-förmige Leichtstahlkonstruktion CB38-2,Material,Steel & Metal,pcs,0.14,0.14,0.14,0.14,1,EUR,0.12,0.8484,3,3,建筑工程,Deckenarbeiten,Decke abgehängte Decke,Deckenprofil
090193,Nagel AM8,Material,Fasteners,pcs,0.07,0.07,0.07,0.07,1,EUR,0.07,1.04,3,3,建筑工程,Allgemeine Installationsarbeiten - Vol.7 Lüftung und Klimatisierung,,
110278,Stahlklebung strukturelle Dicke Typ Beschichtung,Material,Steel & Metal,kg,0.52,0.52,0.52,0.52,1,EUR,7.42,14.204,3,3,建筑工程,"Maler-, Beschichtungs- und Tapezierarbeiten",Spritz- und Bürstenbeschichtung,Metallstruktur Bürstenbeschichtung
110279,Stahlverbindung strukturelle Beschichtung,Material,Steel & Metal,kg,1.32,1.32,1.32,1.32,1,EUR,8.92,6.7757,3,3,建筑工程,"Maler-, Beschichtungs- und Tapezierarbeiten",Spritz- und Bürstenbeschichtung,Metallstruktur Bürstenbeschichtung
110280,Stahlverbindung strukturelle Beschichtung,Material,Steel & Metal,kg,3.24,3.24,3.24,3.24,1,EUR,7.33,2.2636,3,3,建筑工程,"Maler-, Beschichtungs- und Tapezierarbeiten",Spritz- und Bürstenbeschichtung,Metallstruktur Bürstenbeschichtung
110222,Polyurethan-Emailverdünner,Material,Paint & Coatings,kg,3.05,3.05,3.05,3.05,1,EUR,0.13,0.0412,3,3,建筑工程,"Maler-, Beschichtungs- und Tapezierarbeiten",Spritz- und Bürstenbeschichtung,Deckenabschlussbeschichtung
030132,Edelstahloberfläche Breite 600mm,Material,Steel & Metal,m,188.06,188.06,188.06,188.06,1,EUR,188.06,1.0,3,3,建筑工程,sonstige Dekorationsarbeiten,,
030131,Steinoberfläche Breite 600mm,Material,General,m,229.86,229.86,229.86,229.86,1,EUR,229.86,1.0,3,3,建筑工程,sonstige Dekorationsarbeiten,,
030130,Marmorboden Oberfläche Breite 600mm,Material,General,m,198.51,198.51,198.51,198.51,1,EUR,198.51,1.0,3,3,建筑工程,sonstige Dekorationsarbeiten,,
060098,Steinoberfläche,Material,General,m2,83.58,83.58,83.58,83.58,1,EUR,73.09,0.8745,3,3,建筑工程,sonstige Dekorationsarbeiten,,
030160,1050×3600×450,Material,General,pcs,1358.24,1358.24,1358.24,1358.24,1,EUR,1358.24,1.0,3,3,建筑工程,sonstige Dekorationsarbeiten,,
080020,U-förmige Leichtstahlkonstruktion CS50-L,Material,Steel & Metal,pcs,0.33,0.33,0.33,0.33,1,EUR,0.06,0.1963,3,3,建筑工程,Deckenarbeiten,Decke abgehängte Decke,Deckenprofil
080023,U-förmige Leichtstahlkonstruktion CB60-3,Material,Steel & Metal,pcs,0.11,0.11,0.11,0.11,1,EUR,0.74,6.7894,3,3,建筑工程,Deckenarbeiten,Decke abgehängte Decke,Deckenprofil
080013,U-förmige Leichtstahlkonstruktion CB60×27,Material,Steel & Metal,m,1.32,1.32,1.32,1.32,1,EUR,5.66,4.2965,3,3,建筑工程,Deckenarbeiten,Decke abgehängte Decke,Deckenprofil
850128,Elektrizität Elektrizität,Equipment,General,machine-shift,4.45,4.45,4.45,4.45,1,EUR,15.58,3.5,3,3,建筑工程,Allgemeine Installationsarbeiten - Bd.4 Elektrogeräteinstallation,,Elektrizität Elektrizität
280231,Verbindung 20,Material,General,pcs,0.08,0.08,0.08,0.08,1,EUR,0.15,1.864,3,3,建筑工程,Allgemeine Installationsarbeiten - Bd.4 Elektrogeräteinstallation,Formteil,zusätzliche Elektrizitätsformteile
090510,verzinkte Sicherungsmutter (Metall) 20,Material,Steel & Metal,pcs,0.08,0.08,0.08,0.08,1,EUR,0.19,2.3507,3,3,建筑工程,Allgemeine Installationsarbeiten - Bd.4 Elektrogeräteinstallation,Formteil,zusätzliche Elektrizitätsformteile
280352,Metallverbindung 20,Material,Steel & Metal,pcs,0.26,0.26,0.26,0.26,1,EUR,0.39,1.5207,3,3,建筑工程,Allgemeine Installationsarbeiten - Bd.4 Elektrogeräteinstallation,Formteil,zusätzliche Elektrizitätsformteile
100201,modifiziertes Bitumen,Material,Waterproofing,t,143.83,143.83,143.83,143.83,1,EUR,1.58,0.011,3,3,建筑工程,Bodenbelagsarbeiten,Dekorative Stufen,
810143,1: 1: 2.5 Stein gewöhnlicher Stein,Material,General,m3,79.3,79.3,79.3,79.3,1,EUR,1.29,0.0163,3,3,建筑工程,Bodenbelagsarbeiten,Dekorative Stufen,
350007,Formteil BVR-6,Material,General,m,0.87,0.87,0.87,0.87,1,EUR,0.88,1.02,3,3,建筑工程,Allgemeine Installationsarbeiten - Bd.11 Kommunikationsausrüstung und Leitungen,Formteil (SLC),
350072,Doppelte Verkleidung RVS2×1.0mm,Material,General,m,0.52,0.52,0.52,0.52,1,EUR,2.11,4.08,3,3,建筑工程,Allgemeine Installationsarbeiten - Bd.11 Kommunikationsausrüstung und Leitungen,,
350070,Doppelte Verkleidung RVS2×0.5mm,Material,General,m,0.26,0.26,0.26,0.26,1,EUR,1.07,4.08,3,3,建筑工程,Allgemeine Installationsarbeiten - Bd.11 Kommunikationsausrüstung und Leitungen,,
120071,Wasserabdichtung mit,Material,Water,m,6.77,6.77,6.77,6.77,1,EUR,7.11,1.05,3,3,建筑工程,Dach- und Abdichtungsarbeiten,"Keller- und Bodenabdichtung, Feuchtigkeitsschutz",Wasserabdichtung mit
280164,Metallerdung 30,Material,Steel & Metal,pcs,0.41,0.41,0.41,0.41,1,EUR,0.42,1.03,3,3,建筑工程,Allgemeine Installationsarbeiten - Bd.4 Elektrogeräteinstallation,,
280193,Metall BP-30,Material,Steel & Metal,pcs,0.24,0.24,0.24,0.24,1,EUR,0.49,2.06,3,3,建筑工程,Allgemeine Installationsarbeiten - Bd.4 Elektrogeräteinstallation,,
280428,Formteil 30,Material,General,pcs,2.17,2.17,2.17,2.17,1,EUR,4.48,2.06,3,3,建筑工程,Allgemeine Installationsarbeiten - Bd.4 Elektrogeräteinstallation,,
080246,Trennwand,Material,General,m2,83.58,83.58,83.58,83.58,1,EUR,83.58,1.0,3,3,建筑工程,"Wand- und Säulenbekleidungen, Trennwände und Vorhangfassaden",Trennwand,fertige Trennwand
060043,gekrümmte Platte,Material,General,m2,31.34,31.34,31.34,31.34,1,EUR,31.66,1.01,3,3,建筑工程,"Wand- und Säulenbekleidungen, Trennwände und Vorhangfassaden",Wandverkleidung,Wandoberflächen-Dekorplatte
080739,Dekorative Platte Aluminiumplatte Polyurethan-Verbund dekorative Platte,Material,General,m2,79.41,79.41,79.41,79.41,1,EUR,83.38,1.05,3,3,建筑工程,"Wand- und Säulenbekleidungen, Trennwände und Vorhangfassaden",Wandverkleidung,Wandoberflächen-Dekorplatte
800034,Gleichstrom-Schweißgerät 20kW,Equipment,Welding Equip.,machine-shift,5.1,5.1,5.1,5.1,1,EUR,0.44,0.0853,3,3,建筑工程,Allgemeine Installationsarbeiten - Vol.6 Automatisierungssteuerungsinstrumentier,,
110738,Acetylen-Gas,Material,Chemicals,kg,1.84,1.84,1.84,1.84,1,EUR,0.01,0.0062,3,3,建筑工程,Allgemeine Installationsarbeiten - Vol.6 Automatisierungssteuerungsinstrumentier,,
190001,15,Material,General,pcs,5.29,5.29,5.29,5.29,1,EUR,5.37,1.0167,3,3,建筑工程,Allgemeine Installationsarbeiten - Vol.9 Brandschutz,,
100031,Bitumen,Material,Waterproofing,kg,0.63,0.63,0.63,0.63,1,EUR,2.75,4.375,3,3,建筑工程,Allgemeine Installationsarbeiten - Vol.7 Lüftung und Klimatisierung,Wand,
030146,1100×6950×1200,Material,General,pcs,4074.73,4074.73,4074.73,4074.73,1,EUR,4074.73,1.0,3,3,建筑工程,sonstige Dekorationsarbeiten,,
030162,1100×3600×950,Material,General,pcs,2106.32,2106.32,2106.32,2106.32,1,EUR,2106.32,1.0,3,3,建筑工程,sonstige Dekorationsarbeiten,,
030161,1100×3260×800,Material,General,pcs,1629.89,1629.89,1629.89,1629.89,1,EUR,1629.89,1.0,3,3,建筑工程,sonstige Dekorationsarbeiten,,
050028,Keramikfliesen-Oberplatte 1000×800,Material,General,m2,18.81,18.81,18.81,18.81,1,EUR,19.56,1.04,3,3,建筑工程,"Wand- und Säulenbekleidungen, Trennwände und Vorhangfassaden",Wandverkleidung,Wandoberflächen-Dekorplatte
110455,Wasserglaskleber,Material,Glass,m3,522.4,522.4,522.4,522.4,1,EUR,1.1,0.0021,3,3,建筑工程,Wärmedämm- und Korrosionsschutzarbeiten,Korrosionsschutzbeschichtungsschicht,Korrosionsschutz-Betonabschlussbeschichtung
040051,Kies (0.5 3.2),Material,Aggregates,kg,0.01,0.01,0.01,0.01,1,EUR,0.67,53.436,3,3,建筑工程,Wärmedämm- und Korrosionsschutzarbeiten,Korrosionsschutzbeschichtungsschicht,Korrosionsschutz-Betonabschlussbeschichtung
050029,Keramikfliesen-Oberplatten 1200×1000,Material,General,m2,22.99,22.99,22.99,22.99,1,EUR,23.91,1.04,3,3,建筑工程,"Wand- und Säulenbekleidungen, Trennwände und Vorhangfassaden",Wandverkleidung,Wandoberflächen-Dekorplatte
110527,Phenolharz Fertigfarbe,Material,Paint & Coatings,kg,7.94,7.94,7.94,7.94,1,EUR,0.95,0.12,3,3,建筑工程,Allgemeine Installationsarbeiten - Vol.6 Automatisierungssteuerungsinstrumentier,,
050073,Glas 12mm,Material,Glass,m2,45.14,45.14,45.14,45.14,1,EUR,47.86,1.0604,3,3,建筑工程,"Wand- und Säulenbekleidungen, Trennwände und Vorhangfassaden",Trennwand,Glaswand
091521,6×120 Bolzen,Material,Fasteners,pcs,0.31,0.31,0.31,0.31,1,EUR,2.58,8.24,3,3,建筑工程,Dach- und Abdichtungsarbeiten,Dachabdichtung und Zubehör,Dach ()
091520,900 Längsstreifen,Material,General,pcs,6.27,6.27,6.27,6.27,1,EUR,6.46,1.03,3,3,建筑工程,Dach- und Abdichtungsarbeiten,Dachabdichtung und Zubehör,Dach ()
010688,0.7 Dicke 26 verzinktes Stahlblech,Material,Steel & Metal,m2,3.13,3.13,3.13,3.13,1,EUR,1.21,0.386,3,3,建筑工程,Dach- und Abdichtungsarbeiten,Dachabdichtung und Zubehör,Dach ()
010687,1.2 Dicke Aluminiumsplatte,Material,General,m2,13.71,13.71,13.71,13.71,1,EUR,12.88,0.939,3,3,建筑工程,Dach- und Abdichtungsarbeiten,Dachabdichtung und Zubehör,Dach ()
010127,Aluminiumplatte 0.8,Material,General,m2,7.96,7.96,7.96,7.96,1,EUR,11.42,1.434,3,3,建筑工程,Dach- und Abdichtungsarbeiten,Dachabdichtung und Zubehör,Dach ()
080206,Unterdecken-Träger 38×15,Material,General,m,0.89,0.89,0.89,0.89,1,EUR,1.1,1.2367,3,3,建筑工程,Deckenarbeiten,Decke abgehängte Decke,Deckenprofil
080035,U-förmige Leichtstahlkonstruktion CB50-1P,Material,Steel & Metal,pcs,0.18,0.18,0.18,0.18,1,EUR,0.42,2.3566,3,3,建筑工程,Deckenarbeiten,Decke abgehängte Decke,Deckenprofil
090682,mit Schraube M16×60,Material,Fasteners,set,0.6,0.6,0.6,0.6,1,EUR,9.75,16.32,3,3,建筑工程,Allgemeine Installationsarbeiten - Vol.6 Automatisierungssteuerungsinstrumentier,,
850170,BM-2061000M,Equipment,General,machine-shift,4.88,4.88,4.88,4.88,1,EUR,1.22,0.25,3,3,建筑工程,Allgemeine Installationsarbeiten - Vol.5 Gebäudeleittechnik,,"Installation, einzeln"
110283,Spachtelmasse,Material,General,kg,1.97,1.97,1.97,1.97,1,EUR,5.92,3.0,3,3,建筑工程,Allgemeine Installationsarbeiten - Vol.5 Gebäudeleittechnik,,"Installation, einzeln"
030159,1050×4450×450,Material,General,pcs,1692.58,1692.58,1692.58,1692.58,1,EUR,1692.58,1.0,3,3,建筑工程,sonstige Dekorationsarbeiten,,
030158,1150×4300×700,Material,General,pcs,1985.13,1985.13,1985.13,1985.13,1,EUR,1985.13,1.0,3,3,建筑工程,sonstige Dekorationsarbeiten,,
030157,1150×4400×600,Material,General,pcs,1661.24,1661.24,1661.24,1661.24,1,EUR,1661.24,1.0,3,3,建筑工程,sonstige Dekorationsarbeiten,,
030156,1150×4860×550,Material,General,pcs,1838.85,1838.85,1838.85,1838.85,1,EUR,1838.85,1.0,3,3,建筑工程,sonstige Dekorationsarbeiten,,
030155,1150×13400×500,Material,General,pcs,5056.85,5056.85,5056.85,5056.85,1,EUR,5056.85,1.0,3,3,建筑工程,sonstige Dekorationsarbeiten,,
030154,1600×4500×620,Material,General,pcs,2068.71,2068.71,2068.71,2068.71,1,EUR,2068.71,1.0,3,3,建筑工程,sonstige Dekorationsarbeiten,,
030153,1100×6400×500,Material,General,pcs,2403.05,2403.05,2403.05,2403.05,1,EUR,2403.05,1.0,3,3,建筑工程,sonstige Dekorationsarbeiten,,
030152,1150×5540×600,Material,General,pcs,2085.43,2085.43,2085.43,2085.43,1,EUR,2085.43,1.0,3,3,建筑工程,sonstige Dekorationsarbeiten,,
030151,1150×7000×500,Material,General,pcs,2632.91,2632.91,2632.91,2632.91,1,EUR,2632.91,1.0,3,3,建筑工程,sonstige Dekorationsarbeiten,,
030150,1150×5035×500,Material,General,pcs,1901.54,1901.54,1901.54,1901.54,1,EUR,1901.54,1.0,3,3,建筑工程,sonstige Dekorationsarbeiten,,
030149,1100×5320×550,Material,General,pcs,2006.02,2006.02,2006.02,2006.02,1,EUR,2006.02,1.0,3,3,建筑工程,sonstige Dekorationsarbeiten,,
030148,1100×5950×550,Material,General,pcs,2235.88,2235.88,2235.88,2235.88,1,EUR,2235.88,1.0,3,3,建筑工程,sonstige Dekorationsarbeiten,,
030147,1100×5960×1200,Material,General,pcs,3489.64,3489.64,3489.64,3489.64,1,EUR,3489.64,1.0,3,3,建筑工程,sonstige Dekorationsarbeiten,,
080128,Aluminiumlegierungs-Streifenprofil abgehängte Deckenunterkonstruktion LB50×26,Material,General,m,1.07,1.07,1.07,1.07,1,EUR,1.22,1.1484,3,3,建筑工程,Deckenarbeiten,Decke abgehängte Decke,Deckenprofil
800153,Platte 20×2500,Equipment,General,machine-shift,21.25,21.25,21.25,21.25,1,EUR,0.02,0.0011,3,3,建筑工程,Dach- und Abdichtungsarbeiten,"Keller- und Bodenabdichtung, Feuchtigkeitsschutz",Wasserabdichtung mit
850094,VIDAR,Equipment,General,machine-shift,55.5,55.5,55.5,55.5,1,EUR,37.0,0.6667,3,3,建筑工程,Allgemeine Installationsarbeiten - Bd.4 Elektrogeräteinstallation,Höhenstrom,Stromversorgung
210088,Edelstahl,Material,Steel & Metal,pcs,25.08,25.08,25.08,25.08,1,EUR,25.08,1.0,3,3,建筑工程,sonstige Dekorationsarbeiten,,
090450,Edelstahl,Material,Steel & Metal,set,8.36,8.36,8.36,8.36,1,EUR,8.36,1.0,3,3,建筑工程,sonstige Dekorationsarbeiten,,
280075,Formteil 700,Material,General,pcs,5.43,5.43,5.43,5.43,1,EUR,5.43,1.0,3,3,建筑工程,Allgemeine Installationsarbeiten - Bd.4 Elektrogeräteinstallation,Formteilemontage,
120031,5,Material,General,m,0.03,0.03,0.03,0.03,1,EUR,0.05,2.02,3,3,建筑工程,Allgemeine Installationsarbeiten - Bd.11 Kommunikationsausrüstung und Leitungen,,
330020,10m einfach,Material,General,pcs,33.18,33.18,33.18,33.18,1,EUR,33.85,1.02,3,3,建筑工程,Allgemeine Installationsarbeiten - Bd.11 Kommunikationsausrüstung und Leitungen,,
060037,Marmor,Material,General,pcs,43.88,43.88,43.88,43.88,1,EUR,31.89,0.7267,3,3,建筑工程,sonstige Dekorationsarbeiten,"Handlauf, Geländer, Geländerscheibe dekorativ",Steinplatten-Handlauf und Geländer
060041,Marmorhandlauf (gekrümmt),Material,General,m,29.92,29.92,29.92,29.92,1,EUR,37.4,1.25,3,3,建筑工程,sonstige Dekorationsarbeiten,"Handlauf, Geländer, Geländerscheibe dekorativ",Steinplatten-Handlauf und Geländer
060040,Marmorhandlauf (gerade),Material,General,m,21.94,21.94,21.94,21.94,1,EUR,25.67,1.17,3,3,建筑工程,sonstige Dekorationsarbeiten,"Handlauf, Geländer, Geländerscheibe dekorativ",Steinplatten-Handlauf und Geländer
390137,Dachschalung in U-Form,Material,General,m3,520.31,520.31,520.31,520.31,1,EUR,520.31,1.0,3,3,建筑工程,Beton- und Stahlbetonarbeiten,Fertigelement-Betondecke,
390029,Betonplatte,Material,General,m3,282.1,282.1,282.1,282.1,1,EUR,282.1,1.0,3,3,建筑工程,Beton- und Stahlbetonarbeiten,Fertigelement-Betondecke,
390017,Dachdeckplatte,Material,General,m3,376.13,376.13,376.13,376.13,1,EUR,376.13,1.0,3,3,建筑工程,Beton- und Stahlbetonarbeiten,Fertigelement-Betondecke,
850113,YS44F,Equipment,General,machine-shift,5.09,5.09,5.09,5.09,1,EUR,20.38,4.0,3,3,建筑工程,Allgemeine Installationsarbeiten - Vol.5 Gebäudeleittechnik,,
090298,Streifen,Material,General,kg,6.14,6.14,6.14,6.14,1,EUR,1.72,0.2801,3,3,建筑工程,"Wand- und Säulenbekleidungen, Trennwände und Vorhangfassaden",Wandverkleidung,Wandoberflächen-Dekorplatte
080204,Aluminiumplatte,Material,General,m2,29.25,29.25,29.25,29.25,1,EUR,30.72,1.05,3,3,建筑工程,"Wand- und Säulenbekleidungen, Trennwände und Vorhangfassaden",Wandverkleidung,Wandoberflächen-Dekorplatte
080193,Aluminiumplatte,Material,General,m2,22.99,22.99,22.99,22.99,1,EUR,24.13,1.05,3,3,建筑工程,"Wand- und Säulenbekleidungen, Trennwände und Vorhangfassaden",Wandverkleidung,Wandoberflächen-Dekorplatte
010392,Aluminiumplatte,Material,General,m2,83.58,83.58,83.58,83.58,1,EUR,87.76,1.05,3,3,建筑工程,"Wand- und Säulenbekleidungen, Trennwände und Vorhangfassaden",Wandverkleidung,Wandoberflächen-Dekorplatte
810108,Mörtel,Material,Concrete & Cement,m3,309.19,309.19,309.19,309.19,1,EUR,9.37,0.0303,3,3,建筑工程,Wärmedämm- und Korrosionsschutzarbeiten,Korrosionsschutzbeschichtungsschicht,Korrosionsschutz-Mörtelbeschichtung
110274,Stein,Material,General,kg,0.44,0.44,0.44,0.44,1,EUR,14.62,33.3174,3,3,建筑工程,Wärmedämm- und Korrosionsschutzarbeiten,Korrosionsschutzbeschichtungsschicht,Korrosionsschutz-Mörtelbeschichtung
810111,Wasserglasbeton,Material,Concrete & Cement,m3,266.28,266.28,266.28,266.28,1,EUR,8.83,0.0332,3,3,建筑工程,Wärmedämm- und Korrosionsschutzarbeiten,Korrosionsschutzbeschichtungsschicht,Korrosionsschutz-Betonabschlussbeschichtung
460105,Stahlplatte 0.5,Material,Steel & Metal,kg,7.52,7.52,7.52,7.52,1,EUR,1.13,0.15,3,3,建筑工程,Allgemeine Installationsarbeiten - Vol.6 Automatisierungssteuerungsinstrumentier,,
100461,2 Dicke Klebstoff,Material,General,m2,6.27,6.27,6.27,6.27,1,EUR,0.83,0.133,3,3,建筑工程,Dach- und Abdichtungsarbeiten,Dachabdichtung und Zubehör,Dach ()
100101,E44,Material,General,kg,5.75,5.75,5.75,5.75,1,EUR,0.17,0.0304,3,3,建筑工程,Dach- und Abdichtungsarbeiten,"Keller- und Bodenabdichtung, Feuchtigkeitsschutz",Wasserabdichtung mit
010041,gewöhnliche Stahlplatte 3,Material,Steel & Metal,m2,27.83,27.83,27.83,27.83,1,EUR,14.36,0.516,3,3,建筑工程,Dach- und Abdichtungsarbeiten,"Keller- und Bodenabdichtung, Feuchtigkeitsschutz",Wasserabdichtung mit
010017,Winkelstahl 63 Übermaß,Material,Steel & Metal,kg,0.78,0.78,0.78,0.78,1,EUR,13.95,17.8,3,3,建筑工程,Allgemeine Installationsarbeiten - Bd.4 Elektrogeräteinstallation,Halterung und Fertigung Montage,Installation
300037,verzinkter Winkelstahlstütze 50×50×5×770,Material,Steel & Metal,pcs,3.05,3.05,3.05,3.05,1,EUR,4.08,1.3373,3,3,建筑工程,Allgemeine Installationsarbeiten - Bd.4 Elektrogeräteinstallation,,Installation
090139,verzinkt mit Bolzen 16×(275 300),Material,Fasteners,set,1.09,1.09,1.09,1.09,1,EUR,2.98,2.72,3,3,建筑工程,Allgemeine Installationsarbeiten - Bd.4 Elektrogeräteinstallation,,Installation
300017,verzinkt doppelt 65×6×830,Material,General,pair,5.1,5.1,5.1,5.1,1,EUR,10.25,2.01,3,3,建筑工程,Allgemeine Installationsarbeiten - Bd.4 Elektrogeräteinstallation,,Installation
390167,Fertigbeton 390×390,Material,Concrete & Cement,m2,62.69,62.69,62.69,62.69,1,EUR,63.94,1.02,3,3,建筑工程,Beton- und Stahlbetonarbeiten,Stahlbau,
390150,Blähtonbeton-Wandplatte,Material,Concrete & Cement,m3,277.92,277.92,277.92,277.92,1,EUR,277.92,1.0,3,3,建筑工程,Beton- und Stahlbetonarbeiten,Stahlbau,
390020,Betonwandplatte,Material,Concrete & Cement,m3,254.93,254.93,254.93,254.93,1,EUR,254.93,1.0,3,3,建筑工程,Beton- und Stahlbetonarbeiten,Stahlbau,
050014,mit Glas 3mm,Equipment,General,m2,19.56,19.56,19.56,19.56,1,EUR,63.96,3.27,3,3,建筑工程,sonstige Dekorationsarbeiten,,Rahmen
030123,Holzverkleidungstafel,Material,Wood & Timber,m2,5.02,5.02,5.02,5.02,1,EUR,24.13,4.8107,3,3,建筑工程,sonstige Dekorationsarbeiten,,
280136,Formteil 20A,Material,General,pcs,0.04,0.04,0.04,0.04,1,EUR,0.08,2.03,3,3,建筑工程,Allgemeine Installationsarbeiten - Bd.11 Kommunikationsausrüstung und Leitungen,,
850079,Strom,Equipment,General,machine-shift,4.97,4.97,4.97,4.97,1,EUR,17.39,3.5,3,3,建筑工程,Allgemeine Installationsarbeiten - Bd.11 Kommunikationsausrüstung und Leitungen,,
090893,Elektrizität 65,Material,General,pcs,0.26,0.26,0.26,0.26,1,EUR,1.8,7.0,3,3,建筑工程,Allgemeine Installationsarbeiten - Bd.11 Kommunikationsausrüstung und Leitungen,,Elektrizität ()
090871,Elektrizität 55,Material,General,pcs,0.22,0.22,0.22,0.22,1,EUR,1.51,7.0,3,3,建筑工程,Allgemeine Installationsarbeiten - Bd.11 Kommunikationsausrüstung und Leitungen,,Elektrizität ()
290065,(mit Tür),Material,General,pcs,0.31,0.31,0.31,0.31,1,EUR,0.31,1.01,3,3,建筑工程,Allgemeine Installationsarbeiten - Bd.11 Kommunikationsausrüstung und Leitungen,,Elektrizität ()
290086,(mit Tür),Material,General,pcs,0.64,0.64,0.64,0.64,1,EUR,0.65,1.01,3,3,建筑工程,Allgemeine Installationsarbeiten - Bd.11 Kommunikationsausrüstung und Leitungen,,Elektrizität ()
800114,Bohrung 300 400,Equipment,General,machine-shift,76.86,76.86,76.86,76.86,1,EUR,5.43,0.0707,3,3,建筑工程,Bodenbehandlung und Böschungsstützung,"Wasser, Wasseranlagen",
100111,Klebstoff Wasserstopp mit,Material,Water,m,12.96,12.96,12.96,12.96,1,EUR,13.6,1.05,3,3,建筑工程,Dach- und Abdichtungsarbeiten,"Keller- und Bodenabdichtung, Feuchtigkeitsschutz",Wasserabdichtung mit
080241,Aluminiumlegierungs-Wandplatte FK1-B,Material,General,m2,25.33,25.33,25.33,25.33,1,EUR,1.27,0.05,3,3,建筑工程,Deckenarbeiten,Decke abgehängte Decke,Deckenabschlusslage
080240,Aluminiumlegierungsscheibe,Material,General,m2,22.3,22.3,22.3,22.3,1,EUR,22.74,1.02,3,3,建筑工程,Deckenarbeiten,Decke abgehängte Decke,Deckenabschlusslage
080239,Aluminiumlegierung Platteneinbettung,Material,General,m2,20.9,20.9,20.9,20.9,1,EUR,21.31,1.02,3,3,建筑工程,Deckenarbeiten,Decke abgehängte Decke,Deckenabschlusslage
080223,Formteil,Material,General,m,0.25,0.25,0.25,0.25,1,EUR,0.45,1.8036,3,3,建筑工程,Deckenarbeiten,Decke abgehängte Decke,Deckenabschlusslage
090482,Edelstahlrahmen,Material,Steel & Metal,set,4.79,4.79,4.79,4.79,1,EUR,4.79,1.0,3,3,建筑工程,sonstige Dekorationsarbeiten,,
090481,Rahmen,Material,General,set,2.97,2.97,2.97,2.97,1,EUR,2.97,1.0,3,3,建筑工程,sonstige Dekorationsarbeiten,,
090377,Edelstahl (),Material,Steel & Metal,set,30.28,30.28,30.28,30.28,1,EUR,30.28,1.0,3,3,建筑工程,sonstige Dekorationsarbeiten,,
400017,C10 Steinbeton,Material,Concrete & Cement,m3,76.27,76.27,76.27,76.27,1,EUR,77.03,1.01,3,3,建筑工程,Beton- und Stahlbetonarbeiten,Ortbeton Sauberkeitsschicht,Sauberkeitsschicht
400005,C10 Fertigbeton,Material,Concrete & Cement,m3,73.14,73.14,73.14,73.14,1,EUR,73.87,1.01,3,3,建筑工程,Beton- und Stahlbetonarbeiten,Ortbeton Sauberkeitsschicht,Sauberkeitsschicht
091398,Stahldraht 12,Material,Steel & Metal,pcs,2.49,2.49,2.49,2.49,1,EUR,45.21,18.18,3,3,建筑工程,Allgemeine Installationsarbeiten - Vol.5 Gebäudeleittechnik,,
120065,Poly mit,Material,General,Einheit,1.41,1.41,1.41,1.41,1,EUR,0.4,0.2833,3,3,建筑工程,Allgemeine Installationsarbeiten - Vol.5 Gebäudeleittechnik,,
090633,3,Material,General,set,24.59,24.59,24.59,24.59,1,EUR,49.19,2.0,3,3,建筑工程,Beton- und Stahlbetonarbeiten,Bewehrungsarbeiten,
090280,einzeln,Material,General,set,5.83,5.83,5.83,5.83,1,EUR,11.66,2.0,3,3,建筑工程,Beton- und Stahlbetonarbeiten,Bewehrungsarbeiten,
010139,Betonplatte,Material,General,set,2.42,2.42,2.42,2.42,1,EUR,4.85,2.0,3,3,建筑工程,Beton- und Stahlbetonarbeiten,Bewehrungsarbeiten,
800365,Raupenkran 40t,Equipment,Cranes,machine-shift,221.58,221.58,221.58,221.58,1,EUR,11.08,0.05,3,3,建筑工程,Beton- und Stahlbetonarbeiten,Bewehrungsarbeiten,
090136,verzinkt mit Bolzen 16×(110 150),Material,Fasteners,set,0.93,0.93,0.93,0.93,1,EUR,0.95,1.02,3,3,建筑工程,Allgemeine Installationsarbeiten - Bd.4 Elektrogeräteinstallation,,Installation
100290,Metallstein 50,Material,Steel & Metal,pcs,7.61,7.61,7.61,7.61,1,EUR,15.67,2.06,3,3,建筑工程,"Allgemeine Installationsarbeiten - Vol.10 Wasserversorgung, Entwässerung, Heizun",,Installation
180123,flach (1.0MPa) 50,Material,General,pcs,3.66,3.66,3.66,3.66,1,EUR,4.88,1.3333,3,3,建筑工程,"Allgemeine Installationsarbeiten - Vol.10 Wasserversorgung, Entwässerung, Heizun",,Installation
180139,flach (1.6MPa) 25,Material,General,pcs,1.91,1.91,1.91,1.91,1,EUR,4.45,2.3333,3,3,建筑工程,"Allgemeine Installationsarbeiten - Vol.10 Wasserversorgung, Entwässerung, Heizun","Wasser, Wasser",Wasserinstallation
390122,Pfahl 1000,Material,General,m,167.17,167.17,167.17,167.17,1,EUR,170.51,1.02,3,3,建筑工程,Pfahlgründungsarbeiten,,
390121,Pfahl 800,Material,General,m,104.48,104.48,104.48,104.48,1,EUR,106.57,1.02,3,3,建筑工程,Pfahlgründungsarbeiten,,
390120,Pfahl 600,Material,General,m,57.46,57.46,57.46,57.46,1,EUR,58.61,1.02,3,3,建筑工程,Pfahlgründungsarbeiten,,
180148,flach (1.6MPa) 200,Material,General,pcs,19.1,19.1,19.1,19.1,1,EUR,25.47,1.3333,3,3,建筑工程,"Allgemeine Installationsarbeiten - Vol.10 Wasserversorgung, Entwässerung, Heizun",Wasser,Wasser ()
810087,CL10 Blähtonbeton,Material,Concrete & Cement,m3,72.91,72.91,72.91,72.91,1,EUR,73.64,1.01,3,3,建筑工程,Beton- und Stahlbetonarbeiten,Ortbeton Sauberkeitsschicht,Sauberkeitsschicht
110606,Beschichtung,Material,General,kg,1.21,1.21,1.21,1.21,1,EUR,1.51,1.25,3,3,建筑工程,"Maler-, Beschichtungs- und Tapezierarbeiten",Holzoberflächenfarbe,"Holzplatte, Faserplatte, Sperrholz Deckenanstrich"
110604,() Deckanstrich,Material,General,kg,6.27,6.27,6.27,6.27,1,EUR,4.83,0.77,3,3,建筑工程,"Maler-, Beschichtungs- und Tapezierarbeiten",Holzoberflächenfarbe,"Holzplatte, Faserplatte, Sperrholz Deckenanstrich"
030173,1100×5840×1080,Material,General,pcs,3447.85,3447.85,3447.85,3447.85,1,EUR,3447.85,1.0,3,3,建筑工程,sonstige Dekorationsarbeiten,,
030172,1300×7200×950,Material,General,pcs,3615.02,3615.02,3615.02,3615.02,1,EUR,3615.02,1.0,3,3,建筑工程,sonstige Dekorationsarbeiten,,
030171,1100×4000×450,Material,General,pcs,1504.52,1504.52,1504.52,1504.52,1,EUR,1504.52,1.0,3,3,建筑工程,sonstige Dekorationsarbeiten,,
030170,1100×12200×550,Material,General,pcs,4597.14,4597.14,4597.14,4597.14,1,EUR,4597.14,1.0,3,3,建筑工程,sonstige Dekorationsarbeiten,,
030169,1150×11500×500,Material,General,pcs,4388.18,4388.18,4388.18,4388.18,1,EUR,4388.18,1.0,3,3,建筑工程,sonstige Dekorationsarbeiten,,
030168,1150×3700×650 rund,Material,General,pcs,2507.53,2507.53,2507.53,2507.53,1,EUR,2507.53,1.0,3,3,建筑工程,sonstige Dekorationsarbeiten,,
030167,1100×6700×550,Material,General,pcs,2528.43,2528.43,2528.43,2528.43,1,EUR,2528.43,1.0,3,3,建筑工程,sonstige Dekorationsarbeiten,,
030166,1150×3900×700,Material,General,pcs,1629.89,1629.89,1629.89,1629.89,1,EUR,1629.89,1.0,3,3,建筑工程,sonstige Dekorationsarbeiten,,
030165,1150×5400×1250,Material,General,pcs,3385.16,3385.16,3385.16,3385.16,1,EUR,3385.16,1.0,3,3,建筑工程,sonstige Dekorationsarbeiten,,
030164,1150×4050×850,Material,General,pcs,2047.82,2047.82,2047.82,2047.82,1,EUR,2047.82,1.0,3,3,建筑工程,sonstige Dekorationsarbeiten,,
030163,1150×4200×800,Material,General,pcs,2465.74,2465.74,2465.74,2465.74,1,EUR,2465.74,1.0,3,3,建筑工程,sonstige Dekorationsarbeiten,,
090943,24 Edelstahl (),Material,Steel & Metal,m,37.61,37.61,37.61,37.61,1,EUR,29.34,0.78,3,3,建筑工程,"Wand- und Säulenbekleidungen, Trennwände und Vorhangfassaden",Vorhangfassadenarbeiten,Glasfassade
090942,250 (einzeln),Material,General,set,12.54,12.54,12.54,12.54,1,EUR,1.25,0.1,3,3,建筑工程,"Wand- und Säulenbekleidungen, Trennwände und Vorhangfassaden",Vorhangfassadenarbeiten,Glasfassade
090711,verzinkter Stahl,Material,Steel & Metal,pcs,1.67,1.67,1.67,1.67,1,EUR,10.78,6.449,3,3,建筑工程,Deckenarbeiten,Deckenarbeiten,
080323,Edelstahl,Material,Steel & Metal,set,31.34,31.34,31.34,31.34,1,EUR,36.67,1.17,3,3,建筑工程,Deckenarbeiten,Deckenarbeiten,
080202,Aluminiumlegierung,Material,General,m,0.79,0.79,0.79,0.79,1,EUR,1.46,1.85,3,3,建筑工程,Deckenarbeiten,Deckenarbeiten,
060036,Marmorgeländerplatte (gekrümmt),Material,General,m2,75.79,75.79,75.79,75.79,1,EUR,69.73,0.92,3,3,建筑工程,sonstige Dekorationsarbeiten,"Handlauf, Geländer, Geländerscheibe dekorativ",Steinplatten-Handlauf und Geländer
060035,Marmor-Geländerscheibe (gerade),Material,General,m2,40.75,40.75,40.75,40.75,1,EUR,35.04,0.86,3,3,建筑工程,sonstige Dekorationsarbeiten,"Handlauf, Geländer, Geländerscheibe dekorativ",Steinplatten-Handlauf und Geländer
090371,Geländer 20,Material,General,m,15.13,15.13,15.13,15.13,1,EUR,98.76,6.528,3,3,建筑工程,sonstige Dekorationsarbeiten,"Handlauf, Geländer, Geländerscheibe dekorativ","Metallhandlauf, Geländer, Geländerscheibe"
090941,250 (),Material,General,set,16.72,16.72,16.72,16.72,1,EUR,4.01,0.24,3,3,建筑工程,"Wand- und Säulenbekleidungen, Trennwände und Vorhangfassaden",Vorhangfassadenarbeiten,Glasfassade
090940,250 (),Material,General,set,25.08,25.08,25.08,25.08,1,EUR,8.11,0.3233,3,3,建筑工程,"Wand- und Säulenbekleidungen, Trennwände und Vorhangfassaden",Vorhangfassadenarbeiten,Glasfassade
080283,Stahlträger-Verklebung strukturell,Material,Steel & Metal,kg,1.42,1.42,1.42,1.42,1,EUR,45.23,31.8333,3,3,建筑工程,"Wand- und Säulenbekleidungen, Trennwände und Vorhangfassaden",Vorhangfassadenarbeiten,Glasfassade
280255,verzinkte Elektromontage-Verbindung 32,Material,General,pcs,0.35,0.35,0.35,0.35,1,EUR,0.06,0.1648,3,3,建筑工程,Allgemeine Installationsarbeiten - Bd.4 Elektrogeräteinstallation,,
010120,verzinkte Elektroformung 50,Material,General,m,4.37,4.37,4.37,4.37,1,EUR,4.5,1.03,3,3,建筑工程,Allgemeine Installationsarbeiten - Bd.4 Elektrogeräteinstallation,,
010119,verzinkte Elektrokanäle 40,Material,General,m,2.93,2.93,2.93,2.93,1,EUR,3.01,1.03,3,3,建筑工程,Allgemeine Installationsarbeiten - Bd.4 Elektrogeräteinstallation,,
080137,Abgehängte Deckenleiste LB10×8,Material,General,m,1.03,1.03,1.03,1.03,1,EUR,14.38,13.9017,3,3,建筑工程,Deckenarbeiten,Decke abgehängte Decke,abgehängte Decke
080136,Abgehängte Deckenlattung LB13×22,Material,General,m,1.29,1.29,1.29,1.29,1,EUR,2.51,1.9433,3,3,建筑工程,Deckenarbeiten,Decke abgehängte Decke,abgehängte Decke
080078,T-förmige Stahlkonstruktion CL15×35,Material,Steel & Metal,m,0.92,0.92,0.92,0.92,1,EUR,0.66,0.7185,3,3,建筑工程,Deckenarbeiten,Decke abgehängte Decke,abgehängte Decke
080211,Aluminiumlegierungs-Streifenprofil LB50-2,Material,General,pcs,0.12,0.12,0.12,0.12,1,EUR,0.15,1.19,3,3,建筑工程,Deckenarbeiten,Decke abgehängte Decke,Deckenprofil
080210,Aluminiumlegierungs-Streifenprofil LB50-1P,Material,General,pcs,0.12,0.12,0.12,0.12,1,EUR,0.15,1.19,3,3,建筑工程,Deckenarbeiten,Decke abgehängte Decke,Deckenprofil
080133,Längsstreifen-Tragschiene abgehängte Decke 100×36,Material,General,set,0.3,0.3,0.3,0.3,1,EUR,0.13,0.425,3,3,建筑工程,Deckenarbeiten,Decke abgehängte Decke,Deckenprofil
080132,Längsstreifen-Tragschiene abgehängte Decke 100×36,Material,General,m,1.23,1.23,1.23,1.23,1,EUR,0.68,0.5477,3,3,建筑工程,Deckenarbeiten,Decke abgehängte Decke,Deckenprofil
380034,Stahl,Material,Steel & Metal,t,1316.45,1316.45,1316.45,1316.45,1,EUR,1316.45,1.0,3,3,建筑工程,Metallbauarbeiten,Stahltragwerk,
380033,Trittstahl,Material,Steel & Metal,t,1494.07,1494.07,1494.07,1494.07,1,EUR,1494.07,1.0,3,3,建筑工程,Metallbauarbeiten,Stahltragwerk,
380032,Trittstahl,Material,Steel & Metal,t,1389.59,1389.59,1389.59,1389.59,1,EUR,1389.59,1.0,3,3,建筑工程,Metallbauarbeiten,Stahltragwerk,
050033,19mm gehärtetes Glas,Material,Glass,m2,83.58,83.58,83.58,83.58,1,EUR,20.06,0.24,3,3,建筑工程,"Wand- und Säulenbekleidungen, Trennwände und Vorhangfassaden",Vorhangfassadenarbeiten,Glasfassade
090947,18 (),Material,General,set,33.43,33.43,33.43,33.43,1,EUR,3.68,0.11,3,3,建筑工程,"Wand- und Säulenbekleidungen, Trennwände und Vorhangfassaden",Vorhangfassadenarbeiten,Glasfassade
090946,24 (),Material,General,set,45.97,45.97,45.97,45.97,1,EUR,4.14,0.09,3,3,建筑工程,"Wand- und Säulenbekleidungen, Trennwände und Vorhangfassaden",Vorhangfassadenarbeiten,Glasfassade
090945,16 Edelstahl (),Material,Steel & Metal,m,12.54,12.54,12.54,12.54,1,EUR,9.95,0.7933,3,3,建筑工程,"Wand- und Säulenbekleidungen, Trennwände und Vorhangfassaden",Vorhangfassadenarbeiten,Glasfassade
090944,18 Edelstahl (),Material,Steel & Metal,m,25.08,25.08,25.08,25.08,1,EUR,22.44,0.895,3,3,建筑工程,"Wand- und Säulenbekleidungen, Trennwände und Vorhangfassaden",Vorhangfassadenarbeiten,Glasfassade
090090,verzinkte Sicherungsmutter 100,Material,Fasteners,pcs,0.43,0.43,0.43,0.43,1,EUR,0.07,0.1545,3,3,建筑工程,Allgemeine Installationsarbeiten - Bd.4 Elektrogeräteinstallation,,verzinktes Stahlrohr
090089,verzinkte Sicherungsmutter 80,Material,Fasteners,pcs,0.36,0.36,0.36,0.36,1,EUR,0.06,0.1545,3,3,建筑工程,Allgemeine Installationsarbeiten - Bd.4 Elektrogeräteinstallation,,verzinktes Stahlrohr
050074,mit Klebeglas,Material,Glass,m2,114.93,114.93,114.93,114.93,1,EUR,116.08,1.01,3,3,建筑工程,Deckenarbeiten,Deckenarbeiten,
080264,Streifenart,Material,General,m2,54.33,54.33,54.33,54.33,1,EUR,61.5,1.1319,3,3,建筑工程,Deckenarbeiten,Decke abgehängte Decke,abgehängte Decke
130097,Platte 50mm,Material,General,m2,30.93,30.93,30.93,30.93,1,EUR,32.16,1.04,3,3,建筑工程,Wärmedämm- und Korrosionsschutzarbeiten,,Bodenoberfläche
030113,elektrische Polyplatte 5mm,Material,General,m2,6.9,6.9,6.9,6.9,1,EUR,7.03,1.02,3,3,建筑工程,Wärmedämm- und Korrosionsschutzarbeiten,,Bodenoberfläche
030112,einseitig klebende Platte 5mm,Material,General,m2,7.52,7.52,7.52,7.52,1,EUR,7.67,1.02,3,3,建筑工程,Wärmedämm- und Korrosionsschutzarbeiten,,Bodenoberfläche
010170,0.5,Material,General,kg,10.45,10.45,10.45,10.45,1,EUR,51.47,4.9262,3,3,建筑工程,"Wand- und Säulenbekleidungen, Trennwände und Vorhangfassaden",Säulen- (Träger-) Verkleidung,Säulen- (Träger-) Oberflächendekoration
090059,Mutter 8,Material,Fasteners,pcs,0.01,0.01,0.01,0.01,1,EUR,0.01,0.727,3,3,建筑工程,Deckenarbeiten,Decke abgehängte Decke,abgehängte Decke
080235,Klammer,Material,General,set,2.09,2.09,2.09,2.09,1,EUR,5.31,2.5424,3,3,建筑工程,Deckenarbeiten,Decke abgehängte Decke,abgehängte Decke
080226,Platte 600×250,Material,General,pcs,4.18,4.18,4.18,4.18,1,EUR,21.1,5.0492,3,3,建筑工程,Deckenarbeiten,Decke abgehängte Decke,abgehängte Decke
010048,verzinktes Stahlrohr 20,Material,Steel & Metal,kg,1.07,1.07,1.07,1.07,1,EUR,0.09,0.0816,3,3,建筑工程,Deckenarbeiten,Decke abgehängte Decke,abgehängte Decke
080222,3 Stahldraht,Material,Steel & Metal,pcs,0.08,0.08,0.08,0.08,1,EUR,0.16,2.008,3,3,建筑工程,Deckenarbeiten,Decke abgehängte Decke,abgehängte Decke
090073,Sicherungsmutter 15,Material,Fasteners,pcs,0.06,0.06,0.06,0.06,1,EUR,0.01,0.2232,3,3,建筑工程,Allgemeine Installationsarbeiten - Bd.4 Elektrogeräteinstallation,,Schweißen von Stahlrohren
810004,1: 2 Zementmörtel,Material,Concrete & Cement,m3,66.56,66.56,66.56,66.56,1,EUR,0.16,0.0024,3,3,建筑工程,"Wand- und Säulenbekleidungen, Trennwände und Vorhangfassaden",,Wandoberflächenverfugung
850014,SR43,Equipment,General,machine-shift,4.29,4.29,4.29,4.29,1,EUR,2.43,0.5667,3,3,建筑工程,Allgemeine Installationsarbeiten - Bd.11 Kommunikationsausrüstung und Leitungen,Elektrizität (),
800586,YJ-340,Equipment,General,machine-shift,11.51,11.51,11.51,11.51,1,EUR,0.77,0.0667,3,3,建筑工程,Bodenbehandlung und Böschungsstützung,Baugrube,Sektion Stahlpfahl
030175,1100×4380×550,Material,General,pcs,1650.79,1650.79,1650.79,1650.79,1,EUR,1650.79,1.0,3,3,建筑工程,sonstige Dekorationsarbeiten,,
030174,1100×3600×600,Material,General,pcs,1358.24,1358.24,1358.24,1358.24,1,EUR,1358.24,1.0,3,3,建筑工程,sonstige Dekorationsarbeiten,,
170015,PVC-U Wasser 100,Material,Water,m,5.39,5.39,5.39,5.39,1,EUR,4.26,0.79,3,3,建筑工程,"Allgemeine Installationsarbeiten - Vol.10 Wasserversorgung, Entwässerung, Heizun",,
800332,90t,Equipment,General,machine-shift,5.91,5.91,5.91,5.91,1,EUR,0.42,0.071,3,3,建筑工程,Beton- und Stahlbetonarbeiten,Bewehrungsarbeiten,
800131,65t innerhalb,Equipment,General,machine-shift,4.43,4.43,4.43,4.43,1,EUR,0.26,0.058,3,3,建筑工程,Beton- und Stahlbetonarbeiten,Bewehrungsarbeiten,
850109,Einzelstrom,Equipment,General,machine-shift,6.27,6.27,6.27,6.27,1,EUR,26.75,4.2667,3,3,建筑工程,Allgemeine Installationsarbeiten - Bd.4 Elektrogeräteinstallation,,
280409,JDG(KBG) Muffe 50,Material,General,pcs,1.11,1.11,1.11,1.11,1,EUR,0.18,0.1648,3,3,建筑工程,Allgemeine Installationsarbeiten - Bd.4 Elektrogeräteinstallation,,() Stahlrohr
280408,JDG(KBG) Muffe 40,Material,General,pcs,0.81,0.81,0.81,0.81,1,EUR,0.13,0.1648,3,3,建筑工程,Allgemeine Installationsarbeiten - Bd.4 Elektrogeräteinstallation,,() Stahlrohr
280410,JDG(KBG) Muffe 15,Material,General,pcs,0.5,0.5,0.5,0.5,1,EUR,0.21,0.412,3,3,建筑工程,Allgemeine Installationsarbeiten - Bd.4 Elektrogeräteinstallation,,() Stahlrohr
280263,verzinktes Stahlrohr-Verbindungsstück 50,Material,Steel & Metal,pcs,0.87,0.87,0.87,0.87,1,EUR,0.14,0.1648,3,3,建筑工程,Allgemeine Installationsarbeiten - Bd.4 Elektrogeräteinstallation,,verzinktes Stahlrohr
280262,verzinktes Stahlrohr-Verbindungsstück 40,Material,Steel & Metal,pcs,0.61,0.61,0.61,0.61,1,EUR,0.1,0.1648,3,3,建筑工程,Allgemeine Installationsarbeiten - Bd.4 Elektrogeräteinstallation,,verzinktes Stahlrohr
070086,Aluminiumplatte 40mm Breite,Material,General,m,1.67,1.67,1.67,1.67,1,EUR,1.72,1.03,3,3,建筑工程,sonstige Dekorationsarbeiten,Dekorative Zierleiste,Metall-Zierleiste
070085,Dekorative Leiste Platte 30mm überstehend,Material,General,m,4.07,4.07,4.07,4.07,1,EUR,4.2,1.03,3,3,建筑工程,sonstige Dekorationsarbeiten,Dekorative Zierleiste,Metall-Zierleiste
010107,kein Stahlrohr 426×8,Material,Steel & Metal,m,79.59,79.59,79.59,79.59,1,EUR,36.08,0.4533,3,3,建筑工程,"Allgemeine Installationsarbeiten - Vol.10 Wasserversorgung, Entwässerung, Heizun",Fertigungseinbau,Abdichtungsfertigung
010106,kein Stahlrohr 377×8,Material,Steel & Metal,m,70.27,70.27,70.27,70.27,1,EUR,31.86,0.4533,3,3,建筑工程,"Allgemeine Installationsarbeiten - Vol.10 Wasserversorgung, Entwässerung, Heizun",Fertigungseinbau,Abdichtungsfertigung
010103,Stahlrohr 273×6 nicht vorhanden,Material,Steel & Metal,m,37.65,37.65,37.65,37.65,1,EUR,17.07,0.4533,3,3,建筑工程,"Allgemeine Installationsarbeiten - Vol.10 Wasserversorgung, Entwässerung, Heizun",Fertigungseinbau,Abdichtungsfertigung
010076,Schweißen von Stahlrohren 200,Material,Steel & Metal,m,18.85,18.85,18.85,18.85,1,EUR,8.54,0.4533,3,3,建筑工程,"Allgemeine Installationsarbeiten - Vol.10 Wasserversorgung, Entwässerung, Heizun",Fertigungseinbau,Abdichtungsfertigung
800232,Elektro-Doppelträgerkran 5t,Equipment,Cranes,machine-shift,50.13,50.13,50.13,50.13,1,EUR,1.82,0.0363,3,3,建筑工程,"Allgemeine Installationsarbeiten - Vol.10 Wasserversorgung, Entwässerung, Heizun",,
800049,108,Equipment,General,machine-shift,8.88,8.88,8.88,8.88,1,EUR,0.05,0.0055,3,3,建筑工程,"Allgemeine Installationsarbeiten - Vol.10 Wasserversorgung, Entwässerung, Heizun",Stahlverbund (),
070084,Dekorative Leistenplatte 30mm innen,Material,General,m,2.44,2.44,2.44,2.44,1,EUR,2.52,1.03,3,3,建筑工程,sonstige Dekorationsarbeiten,Dekorative Zierleiste,Metall-Zierleiste
030145,750×4400×700 formteilförmig,Material,General,pcs,2758.28,2758.28,2758.28,2758.28,1,EUR,2758.28,1.0,3,3,建筑工程,sonstige Dekorationsarbeiten,,
030144,1100×6100×800,Material,General,pcs,3823.98,3823.98,3823.98,3823.98,1,EUR,3823.98,1.0,3,3,建筑工程,sonstige Dekorationsarbeiten,,
030176,1100×4200×600,Material,General,pcs,1755.27,1755.27,1755.27,1755.27,1,EUR,1755.27,1.0,3,3,建筑工程,sonstige Dekorationsarbeiten,,
100282,Klebeband,Material,General,kg,6.69,6.69,6.69,6.69,1,EUR,16.92,2.5305,3,3,建筑工程,Deckenarbeiten,Deckenarbeiten,
090208,verzinkter Strom 3×35,Material,General,pcs,0.28,0.28,0.28,0.28,1,EUR,0.57,2.0,3,3,建筑工程,Allgemeine Installationsarbeiten - Bd.11 Kommunikationsausrüstung und Leitungen,,Elektrizität ()
300111,Formteil,Material,General,pair,3.05,3.05,3.05,3.05,1,EUR,12.33,4.04,3,3,建筑工程,Allgemeine Installationsarbeiten - Bd.11 Kommunikationsausrüstung und Leitungen,,
280560,Doppelschicht,Material,General,pair,0.95,0.95,0.95,0.95,1,EUR,5.76,6.06,3,3,建筑工程,Allgemeine Installationsarbeiten - Bd.11 Kommunikationsausrüstung und Leitungen,,
280398,Einzelschwelle,Material,General,set,2.17,2.17,2.17,2.17,1,EUR,48.29,22.22,3,3,建筑工程,Allgemeine Installationsarbeiten - Bd.11 Kommunikationsausrüstung und Leitungen,,
010109,kein Stahlrohr 478×9,Material,Steel & Metal,m,100.93,100.93,100.93,100.93,1,EUR,45.75,0.4533,3,3,建筑工程,"Allgemeine Installationsarbeiten - Vol.10 Wasserversorgung, Entwässerung, Heizun",Fertigungseinbau,Abdichtungsfertigung
020095,Betonrahmenplatte,Material,Concrete & Cement,pcs,16.72,16.72,16.72,16.72,1,EUR,66.37,3.97,3,3,建筑工程,Dach- und Abdichtungsarbeiten,,Profil und andere Dachteile
100257,Modifizierte Bitumenverbundbahn () 4mm Dicke,Material,Waterproofing,m2,17.76,17.76,17.76,17.76,1,EUR,22.61,1.273,3,3,建筑工程,Dach- und Abdichtungsarbeiten,Dachabdichtung und Zubehör,Dachabdichtung mit Dachbahn
110311,Klebstoff,Material,General,kg,6.94,6.94,6.94,6.94,1,EUR,6.83,0.985,3,3,建筑工程,Dach- und Abdichtungsarbeiten,"Keller- und Bodenabdichtung, Feuchtigkeitsschutz",Wasserabdichtung mit
100198,Klebstoff 2mm,Material,General,m2,6.73,6.73,6.73,6.73,1,EUR,2.15,0.32,3,3,建筑工程,Dach- und Abdichtungsarbeiten,"Keller- und Bodenabdichtung, Feuchtigkeitsschutz",Wasserabdichtung mit
090301,Streifen,Material,General,kg,10.45,10.45,10.45,10.45,1,EUR,1.49,0.143,3,3,建筑工程,Dach- und Abdichtungsarbeiten,"Keller- und Bodenabdichtung, Feuchtigkeitsschutz",Wasserabdichtung mit
110445,Poly-Wasserdichtungsbahn 1.5mm,Material,Waterproofing,m2,11.49,11.49,11.49,11.49,1,EUR,12.49,1.0863,3,3,建筑工程,Dach- und Abdichtungsarbeiten,Dachabdichtung und Zubehör,Dachabdichtung mit Dachbahn
110184,CY-409 Klebstoff,Material,General,kg,2.51,2.51,2.51,2.51,1,EUR,1.38,0.549,3,3,建筑工程,Dach- und Abdichtungsarbeiten,Dachabdichtung und Zubehör,Dachabdichtung mit Dachbahn
100108,Bitumenklebstoff,Material,Waterproofing,kg,1.33,1.33,1.33,1.33,1,EUR,0.07,0.0546,3,3,建筑工程,Dach- und Abdichtungsarbeiten,Dachabdichtung und Zubehör,Dachabdichtung mit Dachbahn
160255,Stahl 492×192,Material,Steel & Metal,pcs,25.08,25.08,25.08,25.08,1,EUR,50.15,2.0,3,3,建筑工程,Dach- und Abdichtungsarbeiten,,Profil und andere Dachteile
080021,U-förmige Leichtstahlkonstruktion CS60-L,Material,Steel & Metal,pcs,0.32,0.32,0.32,0.32,1,EUR,0.07,0.2133,3,3,建筑工程,Deckenarbeiten,Deckenverkleidung,mit
010130,Betonplatte,Material,General,kg,12.85,12.85,12.85,12.85,1,EUR,104.22,8.11,3,3,建筑工程,Dach- und Abdichtungsarbeiten,"Keller- und Bodenabdichtung, Feuchtigkeitsschutz",Wasserabdichtung mit
210066,Wasser 50,Material,Water,pcs,3.78,3.78,3.78,3.78,1,EUR,3.8,1.005,3,3,建筑工程,"Allgemeine Installationsarbeiten - Vol.10 Wasserversorgung, Entwässerung, Heizun",,
060200,Strom,Material,General,m,5.22,5.22,5.22,5.22,1,EUR,5.38,1.03,3,3,建筑工程,Bodenbelagsarbeiten,Sockelleiste,
110221,Polyurethan-Emaille,Material,Paint & Coatings,kg,4.87,4.87,4.87,4.87,1,EUR,1.25,0.2575,3,3,建筑工程,"Maler-, Beschichtungs- und Tapezierarbeiten",Spritz- und Bürstenbeschichtung,Deckenabschlussbeschichtung
110164,Klebstoff,Material,General,kg,1.67,1.67,1.67,1.67,1,EUR,0.01,0.0037,3,3,建筑工程,"Maler-, Beschichtungs- und Tapezierarbeiten",Holzoberflächenfarbe,Holzunterlagsplatte Oberfläche
810237,Zement Kohle Stahl 2500kg/m3,Material,Concrete & Cement,m3,37.61,37.61,37.61,37.61,1,EUR,38.18,1.015,3,3,建筑工程,Erdarbeiten und Felsarbeiten,Auffüllung,Fundamentverfüllung
800405,Höhenbesprühung,Equipment,General,machine-shift,51.28,51.28,51.28,51.28,1,EUR,3.74,0.073,3,3,建筑工程,Bodenbehandlung und Böschungsstützung,,
150172,Holz,Material,Wood & Timber,kg,0.52,0.52,0.52,0.52,1,EUR,0.25,0.473,3,3,建筑工程,Bodenbehandlung und Böschungsstützung,,
800095,Bohrung (500 innerhalb) Verbund,Equipment,General,machine-shift,95.08,95.08,95.08,95.08,1,EUR,7.44,0.0782,3,3,建筑工程,Bodenbehandlung und Böschungsstützung,,
040026,Kies (Verbund),Material,Aggregates,kg,0.01,0.01,0.01,0.01,1,EUR,20.65,1411.5,3,3,建筑工程,Bodenbehandlung und Böschungsstützung,Wand und Bürstenbeschichtung,
110765,H8701 Beschichtung,Material,General,kg,5.02,5.02,5.02,5.02,1,EUR,1.47,0.294,3,3,建筑工程,"Allgemeine Montagearbeiten - Bd.12 Malerarbeiten, Korrosionsschutz, Wärmedämmung",,H8701 Korrosionsschutzbeschichtung
110766,NSJ-II Korrosionsschutzbeschichtung,Material,General,kg,7.31,7.31,7.31,7.31,1,EUR,1.51,0.2067,3,3,建筑工程,"Allgemeine Montagearbeiten - Bd.12 Malerarbeiten, Korrosionsschutz, Wärmedämmung",,
120025,Kunststoffplatte,Material,General,m2,1.4,1.4,1.4,1.4,1,EUR,1.97,1.4,3,3,建筑工程,"Allgemeine Montagearbeiten - Bd.12 Malerarbeiten, Korrosionsschutz, Wärmedämmung",,
030021,Holz gemusterte Einlegearbeit Bodenplatte,Material,Wood & Timber,m2,41.79,41.79,41.79,41.79,1,EUR,43.88,1.05,3,3,建筑工程,Bodenbelagsarbeiten,Oberflächenabschlusslage,Holzbodenplatte
060023,Steinstufen,Material,General,m2,65.82,65.82,65.82,65.82,1,EUR,103.28,1.569,3,3,建筑工程,Bodenbelagsarbeiten,Dekorative Stufen,
120248,Stein,Material,General,pcs,58.51,58.51,58.51,58.51,1,EUR,59.09,1.01,3,3,建筑工程,Allgemeine Installationsarbeiten - Bd.11 Kommunikationsausrüstung und Leitungen,Boden und (031103032),
350061,Formteil RV500V16mm,Material,General,m,2.72,2.72,2.72,2.72,1,EUR,13.85,5.1,3,3,建筑工程,Allgemeine Installationsarbeiten - Bd.11 Kommunikationsausrüstung und Leitungen,Boden und (031103032),
100366,mesh cloth,Material,General,m,0.03,0.03,0.03,0.03,1,EUR,0.06,1.9,2,2,建筑工程,Allgemeine Installationsarbeiten - Vol.7 Lüftung und Klimatisierung,,
110756,Fluorcarbonfarbe,Material,Paint & Coatings,kg,16.3,16.3,16.3,16.3,1,EUR,3.26,0.2,2,2,建筑工程,"Maler-, Beschichtungs- und Tapezierarbeiten",Spritz- und Bürstenbeschichtung,Wandoberflächenbeschichtungsschicht
110461,klarer Beton,Material,Concrete & Cement,kg,5.5,5.5,5.5,5.5,1,EUR,0.82,0.15,2,2,建筑工程,"Maler-, Beschichtungs- und Tapezierarbeiten",Spritz- und Bürstenbeschichtung,Wandoberflächenbeschichtungsschicht
110462,klarer Beton,Material,Concrete & Cement,kg,8.69,8.69,8.69,8.69,1,EUR,1.3,0.15,2,2,建筑工程,"Maler-, Beschichtungs- und Tapezierarbeiten",Spritz- und Bürstenbeschichtung,Wandoberflächenbeschichtungsschicht
040087,Zement gebrochener Stein,Material,Concrete & Cement,t,30.24,30.24,30.24,30.24,1,EUR,14.86,0.4914,2,2,建筑工程,Allgemeine Installationsarbeiten - Bd.11 Kommunikationsausrüstung und Leitungen,Pfahl,Wasserpfahl
390104,Strompfahl 120×120×1200,Material,General,pcs,7.98,7.98,7.98,7.98,1,EUR,8.14,1.02,2,2,建筑工程,Allgemeine Installationsarbeiten - Bd.11 Kommunikationsausrüstung und Leitungen,Pfahl,Wasserpfahl
030042,Holzsockelleiste,Material,Wood & Timber,m,4.01,4.01,4.01,4.01,1,EUR,4.13,1.03,2,2,建筑工程,Bodenbelagsarbeiten,Sockelleiste,
100206,Stein Bitumen Glas,Material,Waterproofing,m2,4.18,4.18,4.18,4.18,1,EUR,5.85,1.4,2,2,建筑工程,"Allgemeine Montagearbeiten - Bd.12 Malerarbeiten, Korrosionsschutz, Wärmedämmung",,
150124,Sack,Material,General,m2,1.31,1.31,1.31,1.31,1,EUR,1.84,1.4,2,2,建筑工程,"Allgemeine Montagearbeiten - Bd.12 Malerarbeiten, Korrosionsschutz, Wärmedämmung",,
800169,Schlammtransport 4000L,Equipment,General,machine-shift,192.43,192.43,192.43,192.43,1,EUR,1.07,0.0056,2,2,建筑工程,Erdarbeiten und Felsarbeiten,Transport,Schlammtransport
800207,Platte 20×2500,Equipment,General,machine-shift,16.11,16.11,16.11,16.11,1,EUR,0.11,0.007,2,2,建筑工程,"Allgemeine Montagearbeiten - Bd.12 Malerarbeiten, Korrosionsschutz, Wärmedämmung",Fertigungseinbau,
110325,38%,Material,General,kg,0.07,0.07,0.07,0.07,1,EUR,0.01,0.078,2,2,建筑工程,"Allgemeine Montagearbeiten - Bd.12 Malerarbeiten, Korrosionsschutz, Wärmedämmung",,
390001,rechteckige Säule,Material,General,m3,444.15,444.15,444.15,444.15,1,EUR,444.15,1.0,2,2,建筑工程,Beton- und Stahlbetonarbeiten,Fertigteilsäule,
090170,Bodenanker 20×200,Material,Fasteners,set,1.01,1.01,1.01,1.01,1,EUR,4.11,4.08,2,2,建筑工程,Allgemeine Installationsarbeiten - Vol.7 Lüftung und Klimatisierung,Installation,Mischinstallation
020105,Block,Material,General,m3,79.41,79.41,79.41,79.41,1,EUR,56.62,0.713,2,2,建筑工程,Mauerwerksarbeiten,Blockmauerwerk,
030117,Holzleistenplatte 100×15,Material,Wood & Timber,m2,16.72,16.72,16.72,16.72,1,EUR,18.39,1.1,2,2,建筑工程,"Wand- und Säulenbekleidungen, Trennwände und Vorhangfassaden",Trennwand,Trennwand
090409,Fenster,Material,Glass,m2,0.63,0.63,0.63,0.63,1,EUR,0.01,0.014,2,2,建筑工程,Holzbauarbeiten,Holztragwerk,
030232,"Holzplatte, Platte",Material,Wood & Timber,m3,397.03,397.03,397.03,397.03,1,EUR,7.82,0.0197,2,2,建筑工程,Holzbauarbeiten,Holztragwerk,
350032,Formteil 35mm2,Material,General,m,3.3,3.3,3.3,3.3,1,EUR,4.95,1.5,2,2,建筑工程,Allgemeine Installationsarbeiten - Bd.4 Elektrogeräteinstallation,Installation,
370079,mit Glastür,Material,Glass,m2,229.86,229.86,229.86,229.86,1,EUR,229.86,1.0,2,2,建筑工程,Tür- und Fensterarbeiten,Tür,
370077,Tür ohne Glas,Material,Glass,m2,208.96,208.96,208.96,208.96,1,EUR,208.96,1.0,2,2,建筑工程,Tür- und Fensterarbeiten,Tür,
020203,Zement P.O32.5,Material,Concrete & Cement,kg,0.11,0.11,0.11,0.11,1,EUR,106.72,982.139,2,2,建筑工程,Vorleistungen und Baustelleneinrichtung,"Wasser, Wasseranlagen",
800628,Tauchpumpe 6 10t/h-20m,Equipment,Pumps,machine-shift,1.4,1.4,1.4,1.4,1,EUR,3.37,2.4062,2,2,建筑工程,Vorleistungen und Baustelleneinrichtung,"Wasser, Wasseranlagen",Wasser
170654,Durchmesser 48mm,Material,General,pcs,3.13,3.13,3.13,3.13,1,EUR,0.41,0.1306,2,2,建筑工程,Vorleistungen und Baustelleneinrichtung,"Wasser, Wasseranlagen",Bohrung
180883,und Bolzen 100mm,Material,Fasteners,set,10.45,10.45,10.45,10.45,1,EUR,0.62,0.0594,2,2,建筑工程,Vorleistungen und Baustelleneinrichtung,"Wasser, Wasseranlagen",Bohrung
010410,Stahlrohr 40×20×2,Material,Steel & Metal,kg,4.6,4.6,4.6,4.6,1,EUR,30.02,6.5296,2,2,建筑工程,"Wand- und Säulenbekleidungen, Trennwände und Vorhangfassaden",Trennwand,Trennwand
090196,Scharniere,Material,General,pair,1.04,1.04,1.04,1.04,1,EUR,3.13,3.0,2,2,建筑工程,"Wand- und Säulenbekleidungen, Trennwände und Vorhangfassaden",Trennwand,fertige Trennwand
030118,Holz,Material,Wood & Timber,m2,6.27,6.27,6.27,6.27,1,EUR,1.25,0.2,2,2,建筑工程,"Wand- und Säulenbekleidungen, Trennwände und Vorhangfassaden",Trennwand,fertige Trennwand
210035,Wasser mit 50,Material,Water,set,2.04,2.04,2.04,2.04,1,EUR,2.04,1.0,2,2,建筑工程,"Allgemeine Installationsarbeiten - Vol.10 Wasserversorgung, Entwässerung, Heizun",,
800048,Schnitt 159,Equipment,General,machine-shift,2.82,2.82,2.82,2.82,1,EUR,0.16,0.0575,2,2,建筑工程,"Allgemeine Installationsarbeiten - Vol.10 Wasserversorgung, Entwässerung, Heizun",,
180043,verzinkt 15,Material,General,pcs,0.21,0.21,0.21,0.21,1,EUR,0.63,3.03,2,2,建筑工程,"Allgemeine Installationsarbeiten - Vol.10 Wasserversorgung, Entwässerung, Heizun",,
210030,Spritzauftrag 15,Material,General,pcs,6.04,6.04,6.04,6.04,1,EUR,6.1,1.01,2,2,建筑工程,"Allgemeine Installationsarbeiten - Vol.10 Wasserversorgung, Entwässerung, Heizun",,
280182,Metall 38,Material,Steel & Metal,m,10.95,10.95,10.95,10.95,1,EUR,11.83,1.08,2,2,建筑工程,Allgemeine Installationsarbeiten - Bd.4 Elektrogeräteinstallation,,
280217,Metall SP-30,Material,Steel & Metal,pcs,0.13,0.13,0.13,0.13,1,EUR,0.26,2.074,2,2,建筑工程,Allgemeine Installationsarbeiten - Bd.4 Elektrogeräteinstallation,,
280216,Metall SP-24,Material,Steel & Metal,pcs,0.09,0.09,0.09,0.09,1,EUR,0.19,2.074,2,2,建筑工程,Allgemeine Installationsarbeiten - Bd.4 Elektrogeräteinstallation,,
280180,Metall 24,Material,Steel & Metal,m,8.21,8.21,8.21,8.21,1,EUR,8.87,1.08,2,2,建筑工程,Allgemeine Installationsarbeiten - Bd.4 Elektrogeräteinstallation,,
280215,Metall SP-17,Material,Steel & Metal,pcs,0.08,0.08,0.08,0.08,1,EUR,0.17,2.074,2,2,建筑工程,Allgemeine Installationsarbeiten - Bd.4 Elektrogeräteinstallation,,
280179,Metall 17,Material,Steel & Metal,m,6.44,6.44,6.44,6.44,1,EUR,6.95,1.08,2,2,建筑工程,Allgemeine Installationsarbeiten - Bd.4 Elektrogeräteinstallation,,
280214,Metall SP-15,Material,Steel & Metal,pcs,0.08,0.08,0.08,0.08,1,EUR,0.16,2.074,2,2,建筑工程,Allgemeine Installationsarbeiten - Bd.4 Elektrogeräteinstallation,,
280178,Metall 15,Material,Steel & Metal,m,4.91,4.91,4.91,4.91,1,EUR,5.3,1.08,2,2,建筑工程,Allgemeine Installationsarbeiten - Bd.4 Elektrogeräteinstallation,,
280213,Metall SP-12,Material,Steel & Metal,pcs,0.08,0.08,0.08,0.08,1,EUR,0.16,2.074,2,2,建筑工程,Allgemeine Installationsarbeiten - Bd.4 Elektrogeräteinstallation,,
280177,Metall 12,Material,Steel & Metal,m,3.99,3.99,3.99,3.99,1,EUR,4.31,1.08,2,2,建筑工程,Allgemeine Installationsarbeiten - Bd.4 Elektrogeräteinstallation,,
280212,Metall SP-10,Material,Steel & Metal,pcs,0.07,0.07,0.07,0.07,1,EUR,0.15,2.074,2,2,建筑工程,Allgemeine Installationsarbeiten - Bd.4 Elektrogeräteinstallation,,
280176,Metall 10,Material,Steel & Metal,m,3.07,3.07,3.07,3.07,1,EUR,3.32,1.08,2,2,建筑工程,Allgemeine Installationsarbeiten - Bd.4 Elektrogeräteinstallation,,
150173,Befestigung,Material,General,m,0.42,0.42,0.42,0.42,1,EUR,1.66,3.969,2,2,建筑工程,Dach- und Abdichtungsarbeiten,,Verbindung der Tragkonstruktion des Daches
120119,PCF C,Material,General,m2,33.43,33.43,33.43,33.43,1,EUR,46.64,1.395,2,2,建筑工程,Dach- und Abdichtungsarbeiten,,Verbindung der Tragkonstruktion des Daches
080269,Aluminiumlegierungsscheibe,Material,General,m,14.63,14.63,14.63,14.63,1,EUR,14.63,1.0,2,2,建筑工程,Dach- und Abdichtungsarbeiten,,Verbindung der Tragkonstruktion des Daches
070015,Holz 100mm darüber hinaus,Material,Wood & Timber,pcs,5.22,5.22,5.22,5.22,1,EUR,5.64,1.08,2,2,建筑工程,sonstige Dekorationsarbeiten,Dekorative Zierleiste,Holz-Zierleiste
070016,Holz 100mm innen,Material,Wood & Timber,pcs,2.34,2.34,2.34,2.34,1,EUR,2.53,1.08,2,2,建筑工程,sonstige Dekorationsarbeiten,Dekorative Zierleiste,Holz-Zierleiste
280184,Metall 63,Material,Steel & Metal,m,15.23,15.23,15.23,15.23,1,EUR,16.45,1.08,2,2,建筑工程,Allgemeine Installationsarbeiten - Bd.4 Elektrogeräteinstallation,,
280418,Metall SP-50,Material,Steel & Metal,pcs,0.33,0.33,0.33,0.33,1,EUR,0.68,2.074,2,2,建筑工程,Allgemeine Installationsarbeiten - Bd.4 Elektrogeräteinstallation,,
280429,Formteil 38,Material,General,pcs,3.57,3.57,3.57,3.57,1,EUR,7.41,2.074,2,2,建筑工程,Allgemeine Installationsarbeiten - Bd.4 Elektrogeräteinstallation,,
280417,Metall SP-38,Material,Steel & Metal,pcs,0.23,0.23,0.23,0.23,1,EUR,0.48,2.074,2,2,建筑工程,Allgemeine Installationsarbeiten - Bd.4 Elektrogeräteinstallation,,
280098,S1-S4,Material,General,pcs,0.34,0.34,0.34,0.34,1,EUR,0.35,1.02,2,2,建筑工程,Allgemeine Installationsarbeiten - Bd.4 Elektrogeräteinstallation,Formteilemontage,
280073,Formteil 86HS,Material,General,pcs,0.34,0.34,0.34,0.34,1,EUR,0.35,1.02,2,2,建筑工程,Allgemeine Installationsarbeiten - Bd.4 Elektrogeräteinstallation,Formteilemontage,
010233,Winkelstahl,Material,Steel & Metal,kg,0.92,0.92,0.92,0.92,1,EUR,11.61,12.6574,2,2,建筑工程,Deckenarbeiten,Deckenverkleidung,Vordachverkleidung
110056,Klebstoff,Material,General,kg,1.71,1.71,1.71,1.71,1,EUR,0.02,0.0094,2,2,建筑工程,Allgemeine Installationsarbeiten - Bd.4 Elektrogeräteinstallation,,PVC
280277,PVC-Verbindung und Verriegelung 70,Material,General,set,1.87,1.87,1.87,1.87,1,EUR,0.29,0.1545,2,2,建筑工程,Allgemeine Installationsarbeiten - Bd.4 Elektrogeräteinstallation,,PVC
280229,PVC-Verbindung 70,Material,General,pcs,0.91,0.91,0.91,0.91,1,EUR,0.14,0.1545,2,2,建筑工程,Allgemeine Installationsarbeiten - Bd.4 Elektrogeräteinstallation,,PVC
210037,Wasser mit 100,Material,Water,set,6.81,6.81,6.81,6.81,1,EUR,6.81,1.0,2,2,建筑工程,"Allgemeine Installationsarbeiten - Vol.10 Wasserversorgung, Entwässerung, Heizun",,
280081,Metall 40,Material,Steel & Metal,m,2.0,2.0,2.0,2.0,1,EUR,2.06,1.03,2,2,建筑工程,Allgemeine Installationsarbeiten - Bd.4 Elektrogeräteinstallation,,
280080,Metall 32,Material,Steel & Metal,m,1.66,1.66,1.66,1.66,1,EUR,1.71,1.03,2,2,建筑工程,Allgemeine Installationsarbeiten - Bd.4 Elektrogeräteinstallation,,
280040,Metall 25,Material,Steel & Metal,pcs,0.1,0.1,0.1,0.1,1,EUR,0.2,2.074,2,2,建筑工程,Allgemeine Installationsarbeiten - Bd.4 Elektrogeräteinstallation,,
280079,Metall 25,Material,Steel & Metal,m,1.15,1.15,1.15,1.15,1,EUR,1.18,1.03,2,2,建筑工程,Allgemeine Installationsarbeiten - Bd.4 Elektrogeräteinstallation,,
280038,Metall 15,Material,Steel & Metal,pcs,0.08,0.08,0.08,0.08,1,EUR,0.17,2.074,2,2,建筑工程,Allgemeine Installationsarbeiten - Bd.4 Elektrogeräteinstallation,,
070138,Aluminiumlänge 100mm darüber hinaus,Material,General,pcs,2.3,2.3,2.3,2.3,1,EUR,2.37,1.03,2,2,建筑工程,sonstige Dekorationsarbeiten,Dekorative Zierleiste,Aluminium-Zierleiste
070137,Aluminium Länge 100mm innerhalb,Material,General,pcs,1.5,1.5,1.5,1.5,1,EUR,1.55,1.03,2,2,建筑工程,sonstige Dekorationsarbeiten,Dekorative Zierleiste,Aluminium-Zierleiste
280077,Metall 15,Material,Steel & Metal,m,0.62,0.62,0.62,0.62,1,EUR,0.63,1.03,2,2,建筑工程,Allgemeine Installationsarbeiten - Bd.4 Elektrogeräteinstallation,,
080277,Betonplatte,Material,General,m2,37.61,37.61,37.61,37.61,1,EUR,37.61,1.0,2,2,建筑工程,"Wand- und Säulenbekleidungen, Trennwände und Vorhangfassaden",Vorhangfassadenarbeiten,mit Rahmen-Vorhangfassade
080256,Aluminium-Einzelplatte,Material,General,m2,73.14,73.14,73.14,73.14,1,EUR,73.14,1.0,2,2,建筑工程,"Wand- und Säulenbekleidungen, Trennwände und Vorhangfassaden",Vorhangfassadenarbeiten,mit Rahmen-Vorhangfassade
070110,fertiges Produkt Holzdekor-Säule 350,Material,Wood & Timber,pcs,379.22,379.22,379.22,379.22,1,EUR,379.22,1.0,2,2,建筑工程,"Wand- und Säulenbekleidungen, Trennwände und Vorhangfassaden",Säulen- (Träger-) Verkleidung,fertige dekorative Säule
070109,fertiges Produkt Gips-Dekorsäule 350,Material,General,pcs,37.93,37.93,37.93,37.93,1,EUR,37.93,1.0,2,2,建筑工程,"Wand- und Säulenbekleidungen, Trennwände und Vorhangfassaden",Säulen- (Träger-) Verkleidung,fertige dekorative Säule
190005,20,Material,General,pcs,7.44,7.44,7.44,7.44,1,EUR,7.51,1.01,2,2,建筑工程,"Allgemeine Installationsarbeiten - Vol.10 Wasserversorgung, Entwässerung, Heizun","Wasser, Wasser",Wasserinstallation
010087,Stahlrohr 530×10,Material,Steel & Metal,m,164.08,164.08,164.08,164.08,1,EUR,86.96,0.53,2,2,建筑工程,"Allgemeine Installationsarbeiten - Vol.10 Wasserversorgung, Entwässerung, Heizun",Fertigungseinbau,Abdichtungsfertigung
800605,Strom,Equipment,General,machine-shift,2.4,2.4,2.4,2.4,1,EUR,0.88,0.3667,2,2,建筑工程,Dach- und Abdichtungsarbeiten,,Verbindung der Tragkonstruktion des Daches
800584,40 (),Equipment,General,machine-shift,0.83,0.83,0.83,0.83,1,EUR,0.03,0.0333,2,2,建筑工程,Dach- und Abdichtungsarbeiten,,Verbindung der Tragkonstruktion des Daches
120028,Bodenplatte,Material,General,m2,3.68,3.68,3.68,3.68,1,EUR,3.86,1.05,2,2,建筑工程,Bodenbelagsarbeiten,Oberflächenabschlusslage,
800199,elektrische Winde (einfach) 3t,Equipment,Hoists,machine-shift,22.25,22.25,22.25,22.25,1,EUR,6.23,0.28,2,2,建筑工程,"Allgemeine Installationsarbeiten - Vol.10 Wasserversorgung, Entwässerung, Heizun",Installation,
170074,PVC 70,Material,General,m,2.72,2.72,2.72,2.72,1,EUR,2.85,1.05,2,2,建筑工程,Allgemeine Installationsarbeiten - Bd.4 Elektrogeräteinstallation,,PVC
170073,PVC 50,Material,General,m,1.84,1.84,1.84,1.84,1,EUR,1.93,1.05,2,2,建筑工程,Allgemeine Installationsarbeiten - Bd.4 Elektrogeräteinstallation,,PVC
170072,PVC 40,Material,General,m,1.3,1.3,1.3,1.3,1,EUR,1.36,1.05,2,2,建筑工程,Allgemeine Installationsarbeiten - Bd.4 Elektrogeräteinstallation,,PVC
170071,PVC 32,Material,General,m,1.0,1.0,1.0,1.0,1,EUR,1.05,1.05,2,2,建筑工程,Allgemeine Installationsarbeiten - Bd.4 Elektrogeräteinstallation,,PVC
170070,PVC 25,Material,General,m,0.56,0.56,0.56,0.56,1,EUR,0.59,1.05,2,2,建筑工程,Allgemeine Installationsarbeiten - Bd.4 Elektrogeräteinstallation,,PVC
280224,PVC-Verbindung 20,Material,General,pcs,0.13,0.13,0.13,0.13,1,EUR,0.02,0.1751,2,2,建筑工程,Allgemeine Installationsarbeiten - Bd.4 Elektrogeräteinstallation,,PVC
170069,PVC 20,Material,General,m,0.48,0.48,0.48,0.48,1,EUR,0.5,1.05,2,2,建筑工程,Allgemeine Installationsarbeiten - Bd.4 Elektrogeräteinstallation,,PVC
070004,Holzplattenstreifen 50mm darüber hinaus,Material,Wood & Timber,m,2.51,2.51,2.51,2.51,1,EUR,2.71,1.08,2,2,建筑工程,sonstige Dekorationsarbeiten,Dekorative Zierleiste,Holz-Zierleiste
070003,Holzplattenstreifen 50mm innen,Material,Wood & Timber,m,1.13,1.13,1.13,1.13,1,EUR,1.22,1.08,2,2,建筑工程,sonstige Dekorationsarbeiten,Dekorative Zierleiste,Holz-Zierleiste
280025,Formteil,Material,General,pcs,5.64,5.64,5.64,5.64,1,EUR,5.75,1.02,2,2,建筑工程,Allgemeine Installationsarbeiten - Bd.4 Elektrogeräteinstallation,Formteilemontage,
800203,Elektrizität 100 darüber hinaus,Equipment,General,machine-shift,17.55,17.55,17.55,17.55,1,EUR,1.33,0.076,2,2,建筑工程,"Allgemeine Installationsarbeiten - Vol.10 Wasserversorgung, Entwässerung, Heizun",,
280223,PVC-Verbindung 15,Material,General,pcs,0.11,0.11,0.11,0.11,1,EUR,0.02,0.1751,2,2,建筑工程,Allgemeine Installationsarbeiten - Bd.4 Elektrogeräteinstallation,,PVC
170068,PVC 15,Material,General,m,0.38,0.38,0.38,0.38,1,EUR,0.39,1.05,2,2,建筑工程,Allgemeine Installationsarbeiten - Bd.4 Elektrogeräteinstallation,,PVC
280065,(Stahlrohr) 80,Material,Steel & Metal,pcs,0.17,0.17,0.17,0.17,1,EUR,0.03,0.1545,2,2,建筑工程,Allgemeine Installationsarbeiten - Bd.4 Elektrogeräteinstallation,,verzinktes Stahlrohr
280245,Schweißen Stahlrohrverbindung 40,Material,Steel & Metal,pcs,0.53,0.53,0.53,0.53,1,EUR,0.09,0.1648,2,2,建筑工程,Allgemeine Installationsarbeiten - Bd.4 Elektrogeräteinstallation,,Schweißen von Stahlrohren
090081,Sicherungsmutter 100,Material,Fasteners,pcs,0.31,0.31,0.31,0.31,1,EUR,0.05,0.1545,2,2,建筑工程,Allgemeine Installationsarbeiten - Bd.4 Elektrogeräteinstallation,,Schweißen von Stahlrohren
090115,mit Bolzen 27×(120 140),Material,Fasteners,set,1.75,1.75,1.75,1.75,1,EUR,32.43,18.54,2,2,建筑工程,"Allgemeine Installationsarbeiten - Vol.10 Wasserversorgung, Entwässerung, Heizun",Installation,Wasser ()
100216,Klebebrett 182×148×14,Material,General,pcs,2.55,2.55,2.55,2.55,1,EUR,21.85,8.57,2,2,建筑工程,Allgemeine Installationsarbeiten - Bd.11 Kommunikationsausrüstung und Leitungen,,
110442,Beschichtung (Formen und Schleifen),Material,General,kg,12.12,12.12,12.12,12.12,1,EUR,2.45,0.202,2,2,建筑工程,Dach- und Abdichtungsarbeiten,,Profil und andere Dachteile
060007,Steinbodenfliese,Material,General,m2,12.22,12.22,12.22,12.22,1,EUR,12.47,1.02,2,2,建筑工程,Dach- und Abdichtungsarbeiten,,Profil und andere Dachteile
310007,Formteil J-2,Material,General,pcs,3.68,3.68,3.68,3.68,1,EUR,7.43,2.02,2,2,建筑工程,Allgemeine Installationsarbeiten - Bd.4 Elektrogeräteinstallation,,Formteil- und Stahlbauinstallation
170013,PVC-U Wasser 50,Material,Water,m,1.9,1.9,1.9,1.9,1,EUR,1.39,0.731,2,2,建筑工程,"Allgemeine Installationsarbeiten - Vol.10 Wasserversorgung, Entwässerung, Heizun",,
170230,Verbund 100,Material,General,m,43.25,43.25,43.25,43.25,1,EUR,44.01,1.0175,2,2,建筑工程,"Allgemeine Installationsarbeiten - Vol.10 Wasserversorgung, Entwässerung, Heizun",Stahlverbund (),
170229,Verbund 80,Material,General,m,35.11,35.11,35.11,35.11,1,EUR,35.72,1.0175,2,2,建筑工程,"Allgemeine Installationsarbeiten - Vol.10 Wasserversorgung, Entwässerung, Heizun",Stahlverbund (),
170228,Verbund 70,Material,General,m,26.12,26.12,26.12,26.12,1,EUR,26.58,1.0175,2,2,建筑工程,"Allgemeine Installationsarbeiten - Vol.10 Wasserversorgung, Entwässerung, Heizun",Stahlverbund (),
170227,Verbund 50,Material,General,m,20.6,20.6,20.6,20.6,1,EUR,20.96,1.0175,2,2,建筑工程,"Allgemeine Installationsarbeiten - Vol.10 Wasserversorgung, Entwässerung, Heizun",Stahlverbund (),
170226,Verbund 40,Material,General,m,14.86,14.86,14.86,14.86,1,EUR,15.12,1.0175,2,2,建筑工程,"Allgemeine Installationsarbeiten - Vol.10 Wasserversorgung, Entwässerung, Heizun",Stahlverbund (),
170016,PVC-U Wasser 125,Material,Water,m,6.6,6.6,6.6,6.6,1,EUR,6.29,0.952,2,2,建筑工程,"Allgemeine Installationsarbeiten - Vol.10 Wasserversorgung, Entwässerung, Heizun",,
070044,PVC-Oberfläche 100mm darüber hinaus,Material,General,pcs,4.51,4.51,4.51,4.51,1,EUR,4.65,1.03,2,2,建筑工程,sonstige Dekorationsarbeiten,Dekorative Zierleiste,Dekorative Zierleiste
120140,Bodenplatte 0.20m2 darüber hinaus,Material,General,m2,16.72,16.72,16.72,16.72,1,EUR,17.05,1.02,2,2,建筑工程,Bodenbelagsarbeiten,Oberflächenabschlusslage,
070043,PVC-Oberfläche 100mm innen,Material,General,pcs,2.09,2.09,2.09,2.09,1,EUR,2.15,1.03,2,2,建筑工程,sonstige Dekorationsarbeiten,Dekorative Zierleiste,Dekorative Zierleiste
850132,AD2291Z,Equipment,General,machine-shift,5.58,5.58,5.58,5.58,1,EUR,1.51,0.27,2,2,建筑工程,Allgemeine Installationsarbeiten - Bd.4 Elektrogeräteinstallation,Strom,"10kV, einpolig"
170014,PVC-U Wasser 75,Material,Water,m,3.3,3.3,3.3,3.3,1,EUR,3.2,0.9685,2,2,建筑工程,"Allgemeine Installationsarbeiten - Vol.10 Wasserversorgung, Entwässerung, Heizun",,
150123,Elektrizität 24AH,Material,General,pcs,152.54,152.54,152.54,152.54,1,EUR,6.1,0.04,2,2,建筑工程,Allgemeine Installationsarbeiten - Vol.9 Brandschutz,,
010196,Stahlplatte 2.5,Material,Steel & Metal,m2,43.63,43.63,43.63,43.63,1,EUR,0.68,0.0156,2,2,建筑工程,Allgemeine Installationsarbeiten - Vol.9 Brandschutz,,
010197,Stahlrohr 10,Material,Steel & Metal,m,5.33,5.33,5.33,5.33,1,EUR,3.29,0.618,2,2,建筑工程,Allgemeine Installationsarbeiten - Vol.9 Brandschutz,,
130064,Glaswolleplatte,Material,Glass,m3,87.76,87.76,87.76,87.76,1,EUR,5.02,0.0572,2,2,建筑工程,Wärmedämm- und Korrosionsschutzarbeiten,,Decke
020006,zusätzlicher Beton,Material,Concrete & Cement,m3,73.14,73.14,73.14,73.14,1,EUR,74.6,1.02,2,2,建筑工程,Mauerwerksarbeiten,Blockmauerwerk,
090098,mit Bolzen 10×(40 60),Material,Fasteners,set,0.1,0.1,0.1,0.1,1,EUR,0.24,2.5,2,2,建筑工程,Allgemeine Installationsarbeiten - Vol.9 Brandschutz,,
070106,fertiges Produkt Holzsäule Höhe 500mm innerhalb,Material,Wood & Timber,pcs,288.97,288.97,288.97,288.97,1,EUR,288.97,1.0,2,2,建筑工程,"Wand- und Säulenbekleidungen, Trennwände und Vorhangfassaden",Säulen- (Träger-) Verkleidung,fertige dekorative Säule
070105,fertiges Holzsäulenstück Höhe 350mm innerhalb,Material,Wood & Timber,pcs,142.39,142.39,142.39,142.39,1,EUR,142.39,1.0,2,2,建筑工程,"Wand- und Säulenbekleidungen, Trennwände und Vorhangfassaden",Säulen- (Träger-) Verkleidung,fertige dekorative Säule
091068,Stahlplatte,Material,Steel & Metal,m2,37.61,37.61,37.61,37.61,1,EUR,37.61,1.0,2,2,建筑工程,"Wand- und Säulenbekleidungen, Trennwände und Vorhangfassaden",Säulen- (Träger-) Verkleidung,Säulen- (Träger-) Oberflächendekoration
010391,Stahlplatte,Material,Steel & Metal,m2,135.82,135.82,135.82,135.82,1,EUR,157.9,1.1625,2,2,建筑工程,"Wand- und Säulenbekleidungen, Trennwände und Vorhangfassaden",Säulen- (Träger-) Verkleidung,Säulen- (Träger-) Oberflächendekoration
080233,Metall rund 200,Material,Steel & Metal,pcs,1.27,1.27,1.27,1.27,1,EUR,32.29,25.5,2,2,建筑工程,Deckenarbeiten,Decke abgehängte Decke,abgehängte Decke
080231,Metall rund 150,Material,Steel & Metal,pcs,1.06,1.06,1.06,1.06,1,EUR,48.12,45.33,2,2,建筑工程,Deckenarbeiten,Decke abgehängte Decke,abgehängte Decke
280246,Schweißen von Stahlrohrverbindungen 50,Material,Steel & Metal,pcs,0.76,0.76,0.76,0.76,1,EUR,0.13,0.1648,2,2,建筑工程,Allgemeine Installationsarbeiten - Bd.4 Elektrogeräteinstallation,,Schweißen von Stahlrohren
050009,Glasfertigprodukt,Material,Glass,m2,73.14,73.14,73.14,73.14,1,EUR,75.33,1.03,2,2,建筑工程,"Wand- und Säulenbekleidungen, Trennwände und Vorhangfassaden",Säulen- (Träger-) Verkleidung,Säulen- (Träger-) Oberflächendekoration
030057,Oberflächenplatte,Material,General,m2,5.43,5.43,5.43,5.43,1,EUR,6.2,1.1415,2,2,建筑工程,"Wand- und Säulenbekleidungen, Trennwände und Vorhangfassaden",Säulen- (Träger-) Verkleidung,Säulen- (Träger-) Oberflächendekoration
180146,flach (1.6MPa) 125,Material,General,pcs,11.28,11.28,11.28,11.28,1,EUR,22.57,2.0,2,2,建筑工程,"Allgemeine Installationsarbeiten - Vol.10 Wasserversorgung, Entwässerung, Heizun",Wasser,Wasser ()
180637,verzinkte Muffe (Verbund),Material,General,pcs,2.4,2.4,2.4,2.4,1,EUR,0.53,0.221,2,2,建筑工程,"Allgemeine Installationsarbeiten - Vol.10 Wasserversorgung, Entwässerung, Heizun",,Installation
090103,mit Bolzen 12×(65 80),Material,Fasteners,set,0.14,0.14,0.14,0.14,1,EUR,0.34,2.403,2,2,建筑工程,"Allgemeine Installationsarbeiten - Vol.10 Wasserversorgung, Entwässerung, Heizun",,Installation
020015,Fertigbeton,Material,Concrete & Cement,m3,89.85,89.85,89.85,89.85,1,EUR,1.52,0.0169,2,2,建筑工程,"Allgemeine Installationsarbeiten - Vol.10 Wasserversorgung, Entwässerung, Heizun",,Installation
010049,verzinktes Stahlrohr 25,Material,Steel & Metal,kg,1.03,1.03,1.03,1.03,1,EUR,0.68,0.662,2,2,建筑工程,sonstige Dekorationsarbeiten,"Handlauf, Geländer, Geländerscheibe dekorativ",Holzwandhandlauf
090410,verzinkt 80,Material,General,pcs,0.9,0.9,0.9,0.9,1,EUR,1.08,1.1935,2,2,建筑工程,sonstige Dekorationsarbeiten,"Handlauf, Geländer, Geländerscheibe dekorativ",Holzwandhandlauf
030062,Holzhandlauf (gerade) 105×65,Material,Wood & Timber,m,20.71,20.71,20.71,20.71,1,EUR,23.4,1.13,2,2,建筑工程,sonstige Dekorationsarbeiten,"Handlauf, Geländer, Geländerscheibe dekorativ",Holzwandhandlauf
030051,Holzgeländer 40,Material,Wood & Timber,m,3.41,3.41,3.41,3.41,1,EUR,14.38,4.2218,2,2,建筑工程,sonstige Dekorationsarbeiten,"Handlauf, Geländer, Geländerscheibe dekorativ","Holzhandlauf, Geländer, Geländerscheibe"
100281,Dichtstoff,Material,Rubber,pcs,5.85,5.85,5.85,5.85,1,EUR,0.47,0.08,2,2,建筑工程,"Wand- und Säulenbekleidungen, Trennwände und Vorhangfassaden",Vorhangfassadenarbeiten,Glasfassade
090080,Sicherungsmutter 80,Material,Fasteners,pcs,0.25,0.25,0.25,0.25,1,EUR,0.04,0.1545,2,2,建筑工程,Allgemeine Installationsarbeiten - Bd.4 Elektrogeräteinstallation,,Schweißen von Stahlrohren
090085,verzinkte Sicherungsmutter 32,Material,Fasteners,pcs,0.16,0.16,0.16,0.16,1,EUR,0.02,0.1545,2,2,建筑工程,Allgemeine Installationsarbeiten - Bd.4 Elektrogeräteinstallation,,verzinktes Stahlrohr
090084,verzinkte Sicherungsmutter 25,Material,Fasteners,pcs,0.13,0.13,0.13,0.13,1,EUR,0.02,0.1545,2,2,建筑工程,Allgemeine Installationsarbeiten - Bd.4 Elektrogeräteinstallation,,verzinktes Stahlrohr
090074,Sicherungsmutter 20,Material,Fasteners,pcs,0.07,0.07,0.07,0.07,1,EUR,0.09,1.1898,2,2,建筑工程,Allgemeine Installationsarbeiten - Bd.4 Elektrogeräteinstallation,Formteilemontage,Schweißen von Stahlrohren
280058,(Stahlrohr) 15,Material,Steel & Metal,pcs,0.03,0.03,0.03,0.03,1,EUR,0.0,0.1545,2,2,建筑工程,Allgemeine Installationsarbeiten - Bd.4 Elektrogeräteinstallation,,Schweißen von Stahlrohren
850046,FLUK2000,Equipment,General,machine-shift,28.79,28.79,28.79,28.79,1,EUR,0.9,0.0312,2,2,建筑工程,Allgemeine Installationsarbeiten - Vol.5 Gebäudeleittechnik,,
850026,Mesh FWKE,Equipment,General,machine-shift,19.53,19.53,19.53,19.53,1,EUR,292.97,15.0,2,2,建筑工程,Allgemeine Installationsarbeiten - Vol.5 Gebäudeleittechnik,Netz,
090292,50g/,Material,General,kg,7.52,7.52,7.52,7.52,1,EUR,0.15,0.02,2,2,建筑工程,Allgemeine Installationsarbeiten - Vol.5 Gebäudeleittechnik,,Installation
010535,mit 200mm×0.2mm,Material,General,m,4.18,4.18,4.18,4.18,1,EUR,62.69,15.0,2,2,建筑工程,Allgemeine Installationsarbeiten - Bd.4 Elektrogeräteinstallation,Strom,
800071,Spritzbetonmaschine,Equipment,General,machine-shift,4.05,4.05,4.05,4.05,1,EUR,0.04,0.009,2,2,建筑工程,Wärmedämm- und Korrosionsschutzarbeiten,,Decke
150182,kein Endanstrich,Equipment,General,kg,0.42,0.42,0.42,0.42,1,EUR,0.21,0.498,2,2,建筑工程,Wärmedämm- und Korrosionsschutzarbeiten,,Decke
150181,no,Equipment,General,kg,0.54,0.54,0.54,0.54,1,EUR,4.07,7.5,2,2,建筑工程,Wärmedämm- und Korrosionsschutzarbeiten,,Decke
110454,Wasserkleber,Material,Water,kg,0.11,0.11,0.11,0.11,1,EUR,0.08,0.75,2,2,建筑工程,Wärmedämm- und Korrosionsschutzarbeiten,,Decke
800274,Kran 6t,Equipment,Cranes,machine-shift,74.49,74.49,74.49,74.49,1,EUR,14.9,0.2,2,2,建筑工程,"Allgemeine Installationsarbeiten - Vol.10 Wasserversorgung, Entwässerung, Heizun",Wasserinstallation,
170556,PVC-U Wassersperre 50,Material,Water,pcs,0.39,0.39,0.39,0.39,1,EUR,0.4,1.01,2,2,建筑工程,"Allgemeine Installationsarbeiten - Vol.10 Wasserversorgung, Entwässerung, Heizun",,
100292,Metallstein 100,Material,Steel & Metal,pcs,16.59,16.59,16.59,16.59,1,EUR,34.18,2.06,2,2,建筑工程,"Allgemeine Installationsarbeiten - Vol.10 Wasserversorgung, Entwässerung, Heizun",,Installation
180131,flach (1.0MPa) 300,Material,General,pcs,38.24,38.24,38.24,38.24,1,EUR,38.24,1.0,2,2,建筑工程,"Allgemeine Installationsarbeiten - Vol.10 Wasserversorgung, Entwässerung, Heizun",,Installation
800198,Elektroseilwinde (einfach) 1t,Equipment,Hoists,machine-shift,21.31,21.31,21.31,21.31,1,EUR,71.83,3.37,2,2,建筑工程,"Allgemeine Installationsarbeiten - Vol.10 Wasserversorgung, Entwässerung, Heizun",Wasser,Wasserinstallation
180141,flach (1.6MPa) 40,Material,General,pcs,3.43,3.43,3.43,3.43,1,EUR,5.14,1.5,2,2,建筑工程,"Allgemeine Installationsarbeiten - Vol.10 Wasserversorgung, Entwässerung, Heizun","Wasser, Wasser",Wasserinstallation
180152,Flach (1.6MPa) 400,Material,General,pcs,76.48,76.48,76.48,76.48,1,EUR,114.72,1.5,2,2,建筑工程,"Allgemeine Installationsarbeiten - Vol.10 Wasserversorgung, Entwässerung, Heizun",Wasser,Wasser ()
180150,flach (1.6MPa) 300,Material,General,pcs,38.62,38.62,38.62,38.62,1,EUR,57.92,1.5,2,2,建筑工程,"Allgemeine Installationsarbeiten - Vol.10 Wasserversorgung, Entwässerung, Heizun",Wasser,Wasser ()
010148,Stahlplatte 300×300×6,Material,Steel & Metal,kg,1.14,1.14,1.14,1.14,1,EUR,5.12,4.5,2,2,建筑工程,Allgemeine Installationsarbeiten - Bd.4 Elektrogeräteinstallation,,Installation
300025,verzinkter Winkelstahl 63×63×6×1400,Material,Steel & Metal,pcs,8.86,8.86,8.86,8.86,1,EUR,8.89,1.003,2,2,建筑工程,Allgemeine Installationsarbeiten - Bd.4 Elektrogeräteinstallation,,Installation
300011,verzinkte Flachstahlplatte 65×8×480,Material,Steel & Metal,pcs,0.48,0.48,0.48,0.48,1,EUR,1.46,3.015,2,2,建筑工程,Allgemeine Installationsarbeiten - Bd.4 Elektrogeräteinstallation,,Installation
300005,verzinkte Rundstange 16×670,Material,General,pair,1.41,1.41,1.41,1.41,1,EUR,1.41,1.005,2,2,建筑工程,Allgemeine Installationsarbeiten - Bd.4 Elektrogeräteinstallation,,Installation
010004,mit Bewehrungsgewebe,Material,Steel & Metal,kg,1.06,1.06,1.06,1.06,1,EUR,1059.43,1000.0,2,2,建筑工程,Beton- und Stahlbetonarbeiten,Bewehrungsarbeiten,
090962,Schloss,Material,General,Stück,5.22,5.22,5.22,5.22,1,EUR,7.89,1.51,2,2,建筑工程,sonstige Dekorationsarbeiten,,
100027,Klebstoff,Material,General,m,4.83,4.83,4.83,4.83,1,EUR,4.97,1.03,2,2,建筑工程,Bodenbelagsarbeiten,Sockelleiste,
120101,Sauerstoffkleber Durchmesser 8 Dicke 1.5,Material,Chemicals,m,1.33,1.33,1.33,1.33,1,EUR,3.98,3.0,2,2,建筑工程,Allgemeine Installationsarbeiten - Bd.11 Kommunikationsausrüstung und Leitungen,,
300033,verzinkter Winkelstahl 75×75×6×2100,Material,Steel & Metal,pcs,17.55,17.55,17.55,17.55,1,EUR,35.21,2.006,2,2,建筑工程,Allgemeine Installationsarbeiten - Bd.4 Elektrogeräteinstallation,,Installation
090967,Edelstahl-Handlauf,Material,Steel & Metal,pcs,94.03,94.03,94.03,94.03,1,EUR,94.03,1.0,2,2,建筑工程,sonstige Dekorationsarbeiten,,Handlauf
090488,Edelstahl,Material,Steel & Metal,set,18.81,18.81,18.81,18.81,1,EUR,18.81,1.0,2,2,建筑工程,sonstige Dekorationsarbeiten,,
090975,Rahmen,Material,General,set,83.58,83.58,83.58,83.58,1,EUR,83.58,1.0,2,2,建筑工程,sonstige Dekorationsarbeiten,,Rahmen
090976,Edelstahlrahmen,Material,Steel & Metal,set,31.34,31.34,31.34,31.34,1,EUR,31.34,1.0,2,2,建筑工程,sonstige Dekorationsarbeiten,,Rahmen
090689,Aluminiumlegierungs-Gitterplatte,Material,General,m2,17.22,17.22,17.22,17.22,1,EUR,10.33,0.6,2,2,建筑工程,sonstige Dekorationsarbeiten,,Metall
090401,Aluminiumlegierungsprofil,Material,General,m,5.1,5.1,5.1,5.1,1,EUR,23.29,4.567,2,2,建筑工程,sonstige Dekorationsarbeiten,,Metall
030075,Holzoberfläche,Material,Wood & Timber,m,14.5,14.5,14.5,14.5,1,EUR,14.65,1.01,2,2,建筑工程,sonstige Dekorationsarbeiten,,Frontplatte
010159,Stahl 168×7,Material,Steel & Metal,m,46.24,46.24,46.24,46.24,1,EUR,1.43,0.031,2,2,建筑工程,Allgemeine Installationsarbeiten - Bd.4 Elektrogeräteinstallation,,verzinktes Stahlrohr
010158,Stahl 143×4.5,Material,Steel & Metal,m,25.28,25.28,25.28,25.28,1,EUR,0.78,0.031,2,2,建筑工程,Allgemeine Installationsarbeiten - Bd.4 Elektrogeräteinstallation,,verzinktes Stahlrohr
010157,Stahl 121×4,Material,Steel & Metal,m,22.96,22.96,22.96,22.96,1,EUR,0.71,0.031,2,2,建筑工程,Allgemeine Installationsarbeiten - Bd.4 Elektrogeräteinstallation,,verzinktes Stahlrohr
090172,Bodenanker 25×250,Material,Fasteners,set,1.57,1.57,1.57,1.57,1,EUR,16.12,10.3,2,2,建筑工程,"Allgemeine Installationsarbeiten - Vol.10 Wasserversorgung, Entwässerung, Heizun",Installation,
030074,Holzplatte,Material,Wood & Timber,m2,17.3,17.3,17.3,17.3,1,EUR,7.96,0.46,2,2,建筑工程,sonstige Dekorationsarbeiten,,Frontplatte
080216,Trägerlänge,Material,General,pcs,0.25,0.25,0.25,0.25,1,EUR,0.05,0.1963,2,2,建筑工程,Deckenarbeiten,Decke abgehängte Decke,Deckenprofil
080053,V-förmige Leichtstahlkonstruktion VB20-1,Material,Steel & Metal,pcs,0.09,0.09,0.09,0.09,1,EUR,0.12,1.3747,2,2,建筑工程,Deckenarbeiten,Decke abgehängte Decke,Deckenprofil
840008,Pfahl,Material,General,kg,0.87,0.87,0.87,0.87,1,EUR,0.36,0.413,2,2,建筑工程,Bodenbehandlung und Böschungsstützung,,
390169,Betonplatte,Material,General,m3,397.03,397.03,397.03,397.03,1,EUR,397.03,1.0,2,2,建筑工程,Beton- und Stahlbetonarbeiten,Fertigteil-Treppenhaus,
390168,Stufenstufe,Material,General,m3,445.78,445.78,445.78,445.78,1,EUR,445.78,1.0,2,2,建筑工程,Beton- und Stahlbetonarbeiten,Fertigteil-Treppenhaus,
010480,Bewehrungsstahl (Verbund),Material,Steel & Metal,kg,0.73,0.73,0.73,0.73,1,EUR,738.68,1010.0,2,2,建筑工程,Beton- und Stahlbetonarbeiten,Bewehrungsarbeiten,
080049,V-förmige Leichtstahlkonstruktion VB49-3,Material,Steel & Metal,pcs,0.12,0.12,0.12,0.12,1,EUR,0.59,4.7975,2,2,建筑工程,Deckenarbeiten,Decke abgehängte Decke,Deckenprofil
090483,Edelstahl,Material,Steel & Metal,set,6.27,6.27,6.27,6.27,1,EUR,6.27,1.0,2,2,建筑工程,sonstige Dekorationsarbeiten,,
100279,Wasserstopp-Klebeband 20×30,Material,Water,m,4.18,4.18,4.18,4.18,1,EUR,12.16,2.9105,2,2,建筑工程,Dach- und Abdichtungsarbeiten,"Keller- und Bodenabdichtung, Feuchtigkeitsschutz",Bodenmörtel Abdichtung
100277,Wasserstopp-Klebeband 10×10,Material,Water,m,1.67,1.67,1.67,1.67,1,EUR,2.27,1.3595,2,2,建筑工程,Dach- und Abdichtungsarbeiten,"Keller- und Bodenabdichtung, Feuchtigkeitsschutz",Bodenmörtel Abdichtung
080164,Aluminiumlegierungsstreifenplatte 100mm Breite,Material,General,m2,10.03,10.03,10.03,10.03,1,EUR,19.51,1.9456,2,2,建筑工程,"Wand- und Säulenbekleidungen, Trennwände und Vorhangfassaden",Trennwand,Metalltrennwand
080041,V-förmige Leichtstahlkonstruktion VB49×19,Material,Steel & Metal,m,0.86,0.86,0.86,0.86,1,EUR,3.15,3.6455,2,2,建筑工程,Deckenarbeiten,Decke abgehängte Decke,Deckenprofil
090380,Edelstahlrahmen,Material,Steel & Metal,set,9.61,9.61,9.61,9.61,1,EUR,9.61,1.0,2,2,建筑工程,sonstige Dekorationsarbeiten,,
090448,Rahmen,Material,General,set,12.54,12.54,12.54,12.54,1,EUR,12.54,1.0,2,2,建筑工程,sonstige Dekorationsarbeiten,,
310036,und Bolzen WX-01,Material,Fasteners,set,1.76,1.76,1.76,1.76,1,EUR,1.81,1.03,2,2,建筑工程,Allgemeine Installationsarbeiten - Bd.4 Elektrogeräteinstallation,"Formgebung und Fertigung, Montage",
090156,Bolzen 16×250,Material,Fasteners,set,2.51,2.51,2.51,2.51,1,EUR,2.56,1.02,2,2,建筑工程,Allgemeine Installationsarbeiten - Bd.4 Elektrogeräteinstallation,"Formgebung und Fertigung, Montage",Formteil- und Stahlbauinstallation
090155,Bolzen 14×270,Material,Fasteners,set,2.07,2.07,2.07,2.07,1,EUR,2.11,1.02,2,2,建筑工程,Allgemeine Installationsarbeiten - Bd.4 Elektrogeräteinstallation,"Formgebung und Fertigung, Montage",
150196,Stein 2.5,Material,General,m2,5.43,5.43,5.43,5.43,1,EUR,2.99,0.55,2,2,建筑工程,Allgemeine Installationsarbeiten - Bd.4 Elektrogeräteinstallation,elektrische Trockeninstallation,
350067,Formteil BX-16,Material,General,m,2.28,2.28,2.28,2.28,1,EUR,52.39,23.0,2,2,建筑工程,Allgemeine Installationsarbeiten - Bd.4 Elektrogeräteinstallation,elektrische Trockeninstallation,
850139,Verbundhöhe CZS,Equipment,General,machine-shift,16.34,16.34,16.34,16.34,1,EUR,36.77,2.25,2,2,建筑工程,Allgemeine Installationsarbeiten - Bd.4 Elektrogeräteinstallation,Strom,Höhenstrom
850008,HP-54512B,Equipment,General,machine-shift,44.55,44.55,44.55,44.55,1,EUR,512.33,11.5,2,2,建筑工程,Allgemeine Installationsarbeiten - Bd.4 Elektrogeräteinstallation,Strom,Höhenstrom
010147,Stahlplatte 6,Material,Steel & Metal,kg,1.56,1.56,1.56,1.56,1,EUR,6.48,4.16,2,2,建筑工程,Allgemeine Installationsarbeiten - Bd.4 Elektrogeräteinstallation,,Installation
090974,Edelstahl-Handlauf,Material,Steel & Metal,pcs,43.88,43.88,43.88,43.88,1,EUR,43.88,1.0,2,2,建筑工程,sonstige Dekorationsarbeiten,,Handlauf
150187,Strom,Material,General,set,16716.86,16716.86,16716.86,16716.86,1,EUR,16716.86,1.0,2,2,建筑工程,sonstige Dekorationsarbeiten,,Metall
300072,Stahlrohr,Material,Steel & Metal,pcs,22.63,22.63,22.63,22.63,1,EUR,22.63,1.0,2,2,建筑工程,Allgemeine Installationsarbeiten - Bd.4 Elektrogeräteinstallation,,Herstellung
390170,Betonplatte 550×250×30,Material,Concrete & Cement,pcs,1.02,1.02,1.02,1.02,1,EUR,2.2,2.16,2,2,建筑工程,Allgemeine Installationsarbeiten - Bd.4 Elektrogeräteinstallation,"Elektroinstallation, Estrich (Ziegel) und Estrich",
280542,Elektrizität mit,Material,General,m,1.67,1.67,1.67,1.67,1,EUR,1.76,1.05,2,2,建筑工程,Allgemeine Installationsarbeiten - Bd.4 Elektrogeräteinstallation,"Elektroinstallation, Estrich (Ziegel) und Estrich",
180215,verzinktes Stahlrohr-Verbindungsstück () 100,Material,Steel & Metal,pcs,5.6,5.6,5.6,5.6,1,EUR,2.45,0.437,2,2,建筑工程,Allgemeine Installationsarbeiten - Vol.9 Brandschutz,,
180009,verzinkt 25,Material,General,pcs,0.35,0.35,0.35,0.35,1,EUR,0.28,0.805,2,2,建筑工程,Allgemeine Installationsarbeiten - Vol.7 Lüftung und Klimatisierung,,
080752,Verbundprofil,Material,General,m3,480.61,480.61,480.61,480.61,1,EUR,1.59,0.0033,2,2,建筑工程,"Wand- und Säulenbekleidungen, Trennwände und Vorhangfassaden",Wandverkleidung,Wandoberflächen-Dekorplatte
080751,Winkelstahl 75×50×5,Material,Steel & Metal,kg,0.96,0.96,0.96,0.96,1,EUR,1.03,1.0709,2,2,建筑工程,"Wand- und Säulenbekleidungen, Trennwände und Vorhangfassaden",Wandverkleidung,Wandoberflächen-Dekorplatte
080750,Winkelstahl-Träger 50×50×4,Material,Steel & Metal,kg,0.96,0.96,0.96,0.96,1,EUR,4.32,4.4967,2,2,建筑工程,"Wand- und Säulenbekleidungen, Trennwände und Vorhangfassaden",Wandverkleidung,Wandoberflächen-Dekorplatte
080749,Aluminiumlegierung horizontale U-Träger 60×30,Material,General,m,1.12,1.12,1.12,1.12,1,EUR,3.55,3.1823,2,2,建筑工程,"Wand- und Säulenbekleidungen, Trennwände und Vorhangfassaden",Wandverkleidung,Wandoberflächen-Dekorplatte
080224,Holzdekorplatte,Material,Wood & Timber,m2,41.79,41.79,41.79,41.79,1,EUR,44.72,1.07,2,2,建筑工程,"Wand- und Säulenbekleidungen, Trennwände und Vorhangfassaden",Wandverkleidung,Wandoberflächen-Dekorplatte
810175,Poly-Zement-Perlit-Mörtel,Material,Concrete & Cement,m3,135.82,135.82,135.82,135.82,1,EUR,4.84,0.0356,2,2,建筑工程,Wärmedämm- und Korrosionsschutzarbeiten,,
390131,Spezialformspalte,Material,General,m3,564.19,564.19,564.19,564.19,1,EUR,564.19,1.0,2,2,建筑工程,Beton- und Stahlbetonarbeiten,Fertigteilsäule,
850221,Formteil XJ-02,Equipment,General,machine-shift,11.29,11.29,11.29,11.29,1,EUR,14.4,1.275,2,2,建筑工程,Allgemeine Installationsarbeiten - Vol.6 Automatisierungssteuerungsinstrumentier,Masche und,Netz
120155,Stahlplatte,Material,Steel & Metal,m2,83.58,83.58,83.58,83.58,1,EUR,175.53,2.1,2,2,建筑工程,"Wand- und Säulenbekleidungen, Trennwände und Vorhangfassaden",Trennwand,Metalltrennwand
170099,Glasstahl 50,Material,Steel & Metal,pcs,1.21,1.21,1.21,1.21,1,EUR,1.22,1.01,2,2,建筑工程,Dach- und Abdichtungsarbeiten,Dachabdichtung und Zubehör,Dachwasser
170098,Glasstahl 90° 50,Material,Steel & Metal,pcs,1.01,1.01,1.01,1.01,1,EUR,1.02,1.01,2,2,建筑工程,Dach- und Abdichtungsarbeiten,Dachabdichtung und Zubehör,Dachwasser
080046,V-förmige Leichtstahlkonstruktion VB49-L,Material,Steel & Metal,pcs,0.14,0.14,0.14,0.14,1,EUR,0.05,0.3367,2,2,建筑工程,Deckenarbeiten,Decke abgehängte Decke,Deckenprofil
080045,V-förmige Leichtstahlkonstruktion VL25×20,Material,Steel & Metal,m,0.75,0.75,0.75,0.75,1,EUR,0.53,0.7067,2,2,建筑工程,Deckenarbeiten,Decke abgehängte Decke,Deckenprofil
080044,V-förmiger Leichtstahlträger VB20×37,Material,Steel & Metal,m,0.57,0.57,0.57,0.57,1,EUR,0.71,1.2367,2,2,建筑工程,Deckenarbeiten,Decke abgehängte Decke,Deckenprofil
280199,Metall BP-101,Material,Steel & Metal,pcs,1.11,1.11,1.11,1.11,1,EUR,2.29,2.06,2,2,建筑工程,Allgemeine Installationsarbeiten - Bd.4 Elektrogeräteinstallation,,
280434,Formteil 101,Material,General,pcs,17.32,17.32,17.32,17.32,1,EUR,35.69,2.06,2,2,建筑工程,Allgemeine Installationsarbeiten - Bd.4 Elektrogeräteinstallation,,
280197,Metall BP-76,Material,Steel & Metal,pcs,0.78,0.78,0.78,0.78,1,EUR,1.6,2.06,2,2,建筑工程,Allgemeine Installationsarbeiten - Bd.4 Elektrogeräteinstallation,,
280432,Formteil 76,Material,General,pcs,9.09,9.09,9.09,9.09,1,EUR,18.72,2.06,2,2,建筑工程,Allgemeine Installationsarbeiten - Bd.4 Elektrogeräteinstallation,,
280195,Metall BP-50,Material,Steel & Metal,pcs,0.43,0.43,0.43,0.43,1,EUR,0.89,2.06,2,2,建筑工程,Allgemeine Installationsarbeiten - Bd.4 Elektrogeräteinstallation,,
280430,Formteil 50,Material,General,pcs,4.07,4.07,4.07,4.07,1,EUR,8.39,2.06,2,2,建筑工程,Allgemeine Installationsarbeiten - Bd.4 Elektrogeräteinstallation,,
370203,Stahltrennwand,Material,Steel & Metal,m2,62.69,62.69,62.69,62.69,1,EUR,63.94,1.02,2,2,建筑工程,"Wand- und Säulenbekleidungen, Trennwände und Vorhangfassaden",Trennwand,Trennwand
370202,Stahltrennwand,Material,Steel & Metal,m2,94.03,94.03,94.03,94.03,1,EUR,95.91,1.02,2,2,建筑工程,"Wand- und Säulenbekleidungen, Trennwände und Vorhangfassaden",Trennwand,Trennwand
390126,Formplatte,Material,General,m3,299.23,299.23,299.23,299.23,1,EUR,299.23,1.0,2,2,建筑工程,Beton- und Stahlbetonarbeiten,Fertigelement-Betondecke,
390125,Bewehrungsrahmenplatte,Material,General,m3,317.62,317.62,317.62,317.62,1,EUR,317.62,1.0,2,2,建筑工程,Beton- und Stahlbetonarbeiten,Fertigelement-Betondecke,
010577,feuerverzogener Stahlprofil,Material,Steel & Metal,kg,1.18,1.18,1.18,1.18,1,EUR,1251.47,1060.0,2,2,建筑工程,"Wand- und Säulenbekleidungen, Trennwände und Vorhangfassaden",Wandverkleidung,Wandoberflächen-Dekorplatte
010394,Edelstahlprofil,Material,Steel & Metal,kg,5.22,5.22,5.22,5.22,1,EUR,5537.46,1060.0,2,2,建筑工程,"Wand- und Säulenbekleidungen, Trennwände und Vorhangfassaden",Wandverkleidung,Wandoberflächen-Dekorplatte
010532,gewöhnliche Stahlplatte 0 3 8 20,Material,Steel & Metal,kg,1.07,1.07,1.07,1.07,1,EUR,0.21,0.2,2,2,建筑工程,Allgemeine Installationsarbeiten - Vol.9 Brandschutz,,
091441,Stahlschweißelektrode,Material,Steel & Metal,kg,4.18,4.18,4.18,4.18,1,EUR,0.69,0.165,2,2,建筑工程,Allgemeine Installationsarbeiten - Vol.9 Brandschutz,,
010168,kein Stahlrohr 22×2.5,Material,Steel & Metal,m,1.79,1.79,1.79,1.79,1,EUR,0.02,0.01,2,2,建筑工程,Allgemeine Installationsarbeiten - Vol.9 Brandschutz,,
090102,mit Bolzen 12×(40 60),Material,Fasteners,set,0.11,0.11,0.11,0.11,1,EUR,0.46,4.12,2,2,建筑工程,Allgemeine Installationsarbeiten - Vol.9 Brandschutz,Fertigungseinbau,Abdichtungsfertigung
030055,Holzoberflächenplatte,Material,Wood & Timber,m2,9.4,9.4,9.4,9.4,1,EUR,22.57,2.4,2,2,建筑工程,"Wand- und Säulenbekleidungen, Trennwände und Vorhangfassaden",Trennwand,fertige Trennwand
800181,elektrische Winde (einfach) 3t,Equipment,Hoists,machine-shift,22.38,22.38,22.38,22.38,1,EUR,2.24,0.1,2,2,建筑工程,Allgemeine Installationsarbeiten - Bd.4 Elektrogeräteinstallation,Strominstallation,
150058,mit Glas,Equipment,General,pcs,1.77,1.77,1.77,1.77,1,EUR,1.77,1.0,2,2,建筑工程,sonstige Dekorationsarbeiten,,
010362,verzinktes Stahlrohr (Verbund),Material,Steel & Metal,kg,1.0,1.0,1.0,1.0,1,EUR,0.52,0.52,2,2,建筑工程,Allgemeine Installationsarbeiten - Vol.7 Lüftung und Klimatisierung,,
050017,Glas-Spiegel (5mm),Material,Glass,m2,15.67,15.67,15.67,15.67,1,EUR,23.46,1.497,2,2,建筑工程,sonstige Dekorationsarbeiten,,Spiegelglas mit Hochglanzfinish
030128,Sperrholz 18mm,Material,Wood & Timber,m2,7.94,7.94,7.94,7.94,1,EUR,36.82,4.6365,2,2,建筑工程,sonstige Dekorationsarbeiten,,
030133,Höhe 500mm,Material,General,m,114.93,114.93,114.93,114.93,1,EUR,114.93,1.0,2,2,建筑工程,sonstige Dekorationsarbeiten,,
070126,Rundprofil,Material,General,m,0.42,0.42,0.42,0.42,1,EUR,1.26,3.0175,2,2,建筑工程,sonstige Dekorationsarbeiten,,
070125,Holzleisten,Material,Wood & Timber,m,0.73,0.73,0.73,0.73,1,EUR,2.24,3.0595,2,2,建筑工程,sonstige Dekorationsarbeiten,,
370148,Tür,Material,General,m2,162.99,162.99,162.99,162.99,1,EUR,162.99,1.0,2,2,建筑工程,Tür- und Fensterarbeiten,Metalltür,
060052,Granitschleifen,Material,General,m2,45.97,45.97,45.97,45.97,1,EUR,52.04,1.132,2,2,建筑工程,Bodenbelagsarbeiten,Dekorativ,
060018,Sondergeformte Granitplatte,Material,General,m2,74.58,74.58,74.58,74.58,1,EUR,88.64,1.1886,2,2,建筑工程,Bodenbelagsarbeiten,Dekorativ,
120018,3 5 Dicke,Material,General,m2,0.88,0.88,0.88,0.88,1,EUR,0.89,1.01,2,2,建筑工程,Bodenbelagsarbeiten,Oberflächenabschlusslage,Holzbodenplatte
030023,Verbund-Holz-Bodenplatte,Material,Wood & Timber,m2,18.91,18.91,18.91,18.91,1,EUR,19.86,1.05,2,2,建筑工程,Bodenbelagsarbeiten,Oberflächenabschlusslage,Holzbodenplatte
800159,Werkbankschleifer,Equipment,General,machine-shift,0.24,0.24,0.24,0.24,1,EUR,0.07,0.291,2,2,建筑工程,Metallbauarbeiten,Metallverbindung tragend vor Ort und sonstige Positionen,
280364,Metallboden 101,Material,Steel & Metal,pcs,1.81,1.81,1.81,1.81,1,EUR,1.87,1.03,2,2,建筑工程,Allgemeine Installationsarbeiten - Bd.4 Elektrogeräteinstallation,,
020106,Sonderformstein,Material,General,m3,87.76,87.76,87.76,87.76,1,EUR,14.66,0.167,2,2,建筑工程,Mauerwerksarbeiten,Blockmauerwerk,
110168,Dichtstoff KS Typ,Material,Rubber,kg,3.22,3.22,3.22,3.22,1,EUR,0.24,0.075,2,2,建筑工程,Allgemeine Installationsarbeiten - Vol.7 Lüftung und Klimatisierung,,Fertigungseinbau
090094,mit Bolzen 8×(16 25),Material,Fasteners,set,0.04,0.04,0.04,0.04,1,EUR,0.21,5.535,2,2,建筑工程,Allgemeine Installationsarbeiten - Vol.7 Lüftung und Klimatisierung,,"Stahlplattenmontage (3mm innen, Schweißen)"
110076,Double-A-Poly,Material,General,kg,8.8,8.8,8.8,8.8,1,EUR,3.21,0.3645,2,2,建筑工程,Wärmedämm- und Korrosionsschutzarbeiten,Korrosionsschutz,Trennschicht
030020,Holzsockelleiste,Material,Wood & Timber,m,5.16,5.16,5.16,5.16,1,EUR,6.09,1.18,2,2,建筑工程,Bodenbelagsarbeiten,Treppenhaus-Finishschicht,
060014,Marmorstufe,Material,General,m2,69.29,69.29,69.29,69.29,1,EUR,100.26,1.447,2,2,建筑工程,Bodenbelagsarbeiten,Treppenhaus-Finishschicht,
800530,mit einem Bagger 0.3m3,Equipment,Excavators,machine-shift,79.97,79.97,79.97,79.97,1,EUR,1.38,0.0172,2,2,建筑工程,Erdarbeiten und Felsarbeiten,,Aushub von allgemeinem Erdreich
100197,Bitumen,Material,Waterproofing,kg,1.37,1.37,1.37,1.37,1,EUR,0.25,0.183,2,2,建筑工程,"Allgemeine Montagearbeiten - Bd.12 Malerarbeiten, Korrosionsschutz, Wärmedämmung",,
110025,Phenolharzlack,Material,Paint & Coatings,kg,4.81,4.81,4.81,4.81,1,EUR,0.33,0.068,2,2,建筑工程,"Allgemeine Montagearbeiten - Bd.12 Malerarbeiten, Korrosionsschutz, Wärmedämmung",rechteckiges Bürsten,
110092,Verdünner,Material,General,kg,6.0,6.0,6.0,6.0,1,EUR,0.21,0.035,2,2,建筑工程,"Allgemeine Montagearbeiten - Bd.12 Malerarbeiten, Korrosionsschutz, Wärmedämmung",rechteckiges Bürsten,
110319,Grundierung,Material,Paint & Coatings,kg,6.04,6.04,6.04,6.04,1,EUR,0.62,0.103,2,2,建筑工程,"Allgemeine Montagearbeiten - Bd.12 Malerarbeiten, Korrosionsschutz, Wärmedämmung",rechteckiges Bürsten,
090167,Erdungsbolzen 12×150,Material,Fasteners,set,0.21,0.21,0.21,0.21,1,EUR,1.08,5.14,2,2,建筑工程,Allgemeine Installationsarbeiten - Bd.4 Elektrogeräteinstallation,Installation,Mischinstallation
370147,Stahltür,Material,Steel & Metal,m2,156.72,156.72,156.72,156.72,1,EUR,156.72,1.0,2,2,建筑工程,Tür- und Fensterarbeiten,Metalltür,
091473,Expansionsbolzen,Material,Fasteners,set,0.04,0.04,0.04,0.04,1,EUR,0.14,3.36,2,2,建筑工程,Dach- und Abdichtungsarbeiten,"Wandflächenabdichtung, Feuchtigkeitsschutz",wandflächenabdichtung
120123,Polymerabdichtungsbahn (selbstklebend) 1.2mm Dicke,Material,Waterproofing,m2,11.28,11.28,11.28,11.28,1,EUR,13.44,1.191,2,2,建筑工程,Dach- und Abdichtungsarbeiten,"Wandflächenabdichtung, Feuchtigkeitsschutz",wandflächenabdichtung
100392,Polymerabdichtungsbahn 0.6mm Dicke,Material,Waterproofing,m2,2.51,2.51,2.51,2.51,1,EUR,2.99,1.191,2,2,建筑工程,Dach- und Abdichtungsarbeiten,"Wandflächenabdichtung, Feuchtigkeitsschutz",wandflächenabdichtung
280043,Metall 50,Material,Steel & Metal,pcs,0.15,0.15,0.15,0.15,1,EUR,0.31,2.074,2,2,建筑工程,Allgemeine Installationsarbeiten - Bd.4 Elektrogeräteinstallation,,
280082,Metall 50,Material,Steel & Metal,m,2.7,2.7,2.7,2.7,1,EUR,2.78,1.03,2,2,建筑工程,Allgemeine Installationsarbeiten - Bd.4 Elektrogeräteinstallation,,
280042,Metall 40,Material,Steel & Metal,pcs,0.13,0.13,0.13,0.13,1,EUR,0.27,2.074,2,2,建筑工程,Allgemeine Installationsarbeiten - Bd.4 Elektrogeräteinstallation,,
290228,Befestigung von verzinkten Formteilen auf Platten,Material,General,pcs,0.63,0.63,0.63,0.63,1,EUR,0.65,1.03,2,2,建筑工程,Allgemeine Installationsarbeiten - Bd.4 Elektrogeräteinstallation,Formteilemontage,
280076,Formteil 1500,Material,General,pcs,10.03,10.03,10.03,10.03,1,EUR,10.03,1.0,2,2,建筑工程,Allgemeine Installationsarbeiten - Bd.4 Elektrogeräteinstallation,Formteilemontage,
280074,Formteil 300,Material,General,pcs,4.6,4.6,4.6,4.6,1,EUR,4.6,1.0,2,2,建筑工程,Allgemeine Installationsarbeiten - Bd.4 Elektrogeräteinstallation,Formteilemontage,
280422,Metall SP-101,Material,Steel & Metal,pcs,0.98,0.98,0.98,0.98,1,EUR,2.04,2.074,2,2,建筑工程,Allgemeine Installationsarbeiten - Bd.4 Elektrogeräteinstallation,,
280421,Metall SP-83,Material,Steel & Metal,pcs,0.76,0.76,0.76,0.76,1,EUR,1.57,2.074,2,2,建筑工程,Allgemeine Installationsarbeiten - Bd.4 Elektrogeräteinstallation,,
280186,Metall 83,Material,Steel & Metal,m,25.87,25.87,25.87,25.87,1,EUR,27.94,1.08,2,2,建筑工程,Allgemeine Installationsarbeiten - Bd.4 Elektrogeräteinstallation,,
280420,Metall SP-76,Material,Steel & Metal,pcs,0.61,0.61,0.61,0.61,1,EUR,1.27,2.074,2,2,建筑工程,Allgemeine Installationsarbeiten - Bd.4 Elektrogeräteinstallation,,
280419,Metall SP-63,Material,Steel & Metal,pcs,0.45,0.45,0.45,0.45,1,EUR,0.92,2.074,2,2,建筑工程,Allgemeine Installationsarbeiten - Bd.4 Elektrogeräteinstallation,,
110484,Anstrich,Material,Paint & Coatings,kg,5.85,5.85,5.85,5.85,1,EUR,1.3,0.2228,2,2,建筑工程,"Maler-, Beschichtungs- und Tapezierarbeiten",Metalloberflächenanstrich,Metalloberflächenanstrich
370242,Stahltür elektrisch,Material,Steel & Metal,set,1880.65,1880.65,1880.65,1880.65,1,EUR,1880.65,1.0,2,2,建筑工程,Tür- und Fensterarbeiten,Beschlagmontage,
370241,Stahltür elektrisch,Material,Steel & Metal,set,2507.53,2507.53,2507.53,2507.53,1,EUR,2507.53,1.0,2,2,建筑工程,Tür- und Fensterarbeiten,Beschlagmontage,
020108,Verputz für Sonderformsteine,Material,General,m3,104.48,104.48,104.48,104.48,1,EUR,19.85,0.19,2,2,建筑工程,Mauerwerksarbeiten,Blockmauerwerk,
020107,Verputzblock,Material,General,m3,102.39,102.39,102.39,102.39,1,EUR,82.83,0.809,2,2,建筑工程,Mauerwerksarbeiten,Blockmauerwerk,
310095,575×150,Material,General,pcs,6.69,6.69,6.69,6.69,1,EUR,13.37,2.0,1,1,建筑工程,"Allgemeine Montagearbeiten - Bd.12 Malerarbeiten, Korrosionsschutz, Wärmedämmung",,Elektroinstallation Fertigung
120076,Masche 60,Material,General,m2,0.48,0.48,0.48,0.48,1,EUR,0.01,0.017,1,1,建筑工程,"Allgemeine Montagearbeiten - Bd.12 Malerarbeiten, Korrosionsschutz, Wärmedämmung",,
010126,Aluminiumplatte 0.5,Material,General,m2,5.06,5.06,5.06,5.06,1,EUR,6.07,1.2,1,1,建筑工程,"Allgemeine Montagearbeiten - Bd.12 Malerarbeiten, Korrosionsschutz, Wärmedämmung",,
020084,Zementmörtelbodenschicht,Material,Concrete & Cement,m,12.35,12.35,12.35,12.35,1,EUR,12.84,1.04,1,1,建筑工程,Mauerwerksarbeiten,Blockmauerwerk,
150260,200×200,Material,General,pcs,25.08,25.08,25.08,25.08,1,EUR,9.28,0.37,1,1,建筑工程,Mauerwerksarbeiten,Blockmauerwerk,
180012,verzinkt 50,Material,General,pcs,1.04,1.04,1.04,1.04,1,EUR,1.04,1.0,1,1,建筑工程,Allgemeine Installationsarbeiten - Vol.7 Lüftung und Klimatisierung,,Fertigungseinbau
180006,verzinkt 50,Material,General,pcs,0.84,0.84,0.84,0.84,1,EUR,0.84,1.01,1,1,建筑工程,Allgemeine Installationsarbeiten - Vol.7 Lüftung und Klimatisierung,,Fertigungseinbau
800029,gewöhnlich 630,Equipment,General,machine-shift,24.41,24.41,24.41,24.41,1,EUR,1.22,0.05,1,1,建筑工程,Allgemeine Installationsarbeiten - Vol.7 Lüftung und Klimatisierung,,Fertigungseinbau
800438,30kW,Equipment,General,machine-shift,3.39,3.39,3.39,3.39,1,EUR,0.0,0.001,1,1,建筑工程,Allgemeine Installationsarbeiten - Vol.7 Lüftung und Klimatisierung,,
090507,Bodenanker 10×100,Material,Fasteners,set,0.12,0.12,0.12,0.12,1,EUR,0.51,4.16,1,1,建筑工程,Allgemeine Installationsarbeiten - Vol.7 Lüftung und Klimatisierung,,Klammerfertigung und -montage
090190,8,Material,General,pcs,0.2,0.2,0.2,0.2,1,EUR,0.82,4.0,1,1,建筑工程,Allgemeine Installationsarbeiten - Vol.7 Lüftung und Klimatisierung,,Klammerfertigung und -montage
030227,Anstrich Oberfläche Platte,Material,Paint & Coatings,m2,19.85,19.85,19.85,19.85,1,EUR,128.28,6.462,1,1,建筑工程,sonstige Dekorationsarbeiten,,Rahmen
070132,Holzleiste 10×30,Material,Wood & Timber,m,1.04,1.04,1.04,1.04,1,EUR,4.76,4.56,1,1,建筑工程,sonstige Dekorationsarbeiten,,
070131,Holzleisten 10×20,Material,Wood & Timber,m,0.42,0.42,0.42,0.42,1,EUR,9.92,23.744,1,1,建筑工程,sonstige Dekorationsarbeiten,,
070123,Holzleisten 10×20,Material,Wood & Timber,m,0.94,0.94,0.94,0.94,1,EUR,12.27,13.0504,1,1,建筑工程,sonstige Dekorationsarbeiten,,
050035,Glas,Material,Glass,m2,41.79,41.79,41.79,41.79,1,EUR,29.28,0.7007,1,1,建筑工程,sonstige Dekorationsarbeiten,,
090964,Edelstahl Durchmesser 100,Material,Steel & Metal,pcs,7.31,7.31,7.31,7.31,1,EUR,24.62,3.366,1,1,建筑工程,sonstige Dekorationsarbeiten,,
090963,Edelstahl Durchmesser 50,Material,Steel & Metal,pcs,2.09,2.09,2.09,2.09,1,EUR,7.03,3.366,1,1,建筑工程,sonstige Dekorationsarbeiten,,
090957,Edelstahl 60,Material,Steel & Metal,m,10.45,10.45,10.45,10.45,1,EUR,20.84,1.9943,1,1,建筑工程,sonstige Dekorationsarbeiten,,
030129,Quadratholz 25×35,Material,Wood & Timber,m,0.75,0.75,0.75,0.75,1,EUR,24.5,32.571,1,1,建筑工程,sonstige Dekorationsarbeiten,,
080163,Aluminiumplatte,Material,General,m2,16.3,16.3,16.3,16.3,1,EUR,41.99,2.576,1,1,建筑工程,sonstige Dekorationsarbeiten,,
290084,Elektrizitätsrahmennagel M16,Material,Fasteners,set,1.77,1.77,1.77,1.77,1,EUR,1.81,1.02,1,1,建筑工程,Allgemeine Installationsarbeiten - Bd.11 Kommunikationsausrüstung und Leitungen,Formstückrahmen,
850041,AV33119,Equipment,General,machine-shift,37.16,37.16,37.16,37.16,1,EUR,1.11,0.03,1,1,建筑工程,Allgemeine Installationsarbeiten - Bd.11 Kommunikationsausrüstung und Leitungen,,
330033,zusätzlich,Material,General,pcs,0.31,0.31,0.31,0.31,1,EUR,0.47,1.5,1,1,建筑工程,Allgemeine Installationsarbeiten - Bd.11 Kommunikationsausrüstung und Leitungen,,
120053,Betonplatte,Material,General,m2,16.72,16.72,16.72,16.72,1,EUR,18.39,1.1,1,1,建筑工程,Dach- und Abdichtungsarbeiten,,Plattendach
100162,P-Typ Klebestreifen,Material,General,m,0.81,0.81,0.81,0.81,1,EUR,2.45,3.0128,1,1,建筑工程,Dach- und Abdichtungsarbeiten,,Plattendach
090413,Edelstahl 50×50,Material,Steel & Metal,m,0.63,0.63,0.63,0.63,1,EUR,0.93,1.4777,1,1,建筑工程,Dach- und Abdichtungsarbeiten,,Plattendach
180246,Schweißen Stahlrohrverbindung () 70,Material,Steel & Metal,pcs,1.5,1.5,1.5,1.5,1,EUR,0.38,0.253,1,1,建筑工程,"Allgemeine Installationsarbeiten - Vol.10 Wasserversorgung, Entwässerung, Heizun",Schweißen von Stahlrohren,Schweißen von Stahlrohren ()
180237,verzinktes Stahlrohr-Verbindungsstück () 100,Material,Steel & Metal,pcs,4.56,4.56,4.56,4.56,1,EUR,1.07,0.235,1,1,建筑工程,"Allgemeine Installationsarbeiten - Vol.10 Wasserversorgung, Entwässerung, Heizun",,
180236,verzinktes Stahlrohr-Verbindungsstück () 80,Material,Steel & Metal,pcs,2.93,2.93,2.93,2.93,1,EUR,0.73,0.249,1,1,建筑工程,"Allgemeine Installationsarbeiten - Vol.10 Wasserversorgung, Entwässerung, Heizun",,
180235,verzinktes Stahlrohr-Verbindungsstück () 70,Material,Steel & Metal,pcs,1.87,1.87,1.87,1.87,1,EUR,0.47,0.253,1,1,建筑工程,"Allgemeine Installationsarbeiten - Vol.10 Wasserversorgung, Entwässerung, Heizun",,
350298,Formteil ZR-BV1.5,Material,General,m,0.24,0.24,0.24,0.24,1,EUR,0.11,0.458,1,1,建筑工程,Allgemeine Installationsarbeiten - Vol.9 Brandschutz,Installation,
091232,verzinkter Holznagel,Material,Wood & Timber,pcs,0.1,0.1,0.1,0.1,1,EUR,0.21,2.04,1,1,建筑工程,Allgemeine Installationsarbeiten - Vol.9 Brandschutz,,
850151,zusätzlich,Equipment,General,machine-shift,1.2,1.2,1.2,1.2,1,EUR,0.04,0.03,1,1,建筑工程,Allgemeine Installationsarbeiten - Vol.9 Brandschutz,,
400035,flacher Mörtel DSLF,Material,Concrete & Cement,m3,1170.24,1170.24,1170.24,1170.24,1,EUR,23.64,0.0202,1,1,建筑工程,Bodenbelagsarbeiten,,Ausgleichsschicht
800220,60MPa,Equipment,General,machine-shift,3.26,3.26,3.26,3.26,1,EUR,0.12,0.036,1,1,建筑工程,Allgemeine Installationsarbeiten - Vol.9 Brandschutz,,
030009,Betonplatte,Material,General,m2,7.31,7.31,7.31,7.31,1,EUR,6.44,0.881,1,1,建筑工程,"Wand- und Säulenbekleidungen, Trennwände und Vorhangfassaden",Säulen- (Träger-) Verkleidung,Säulen- (Träger-) Oberflächendekoration
850043,FTA410,Equipment,General,machine-shift,28.79,28.79,28.79,28.79,1,EUR,2.3,0.08,1,1,建筑工程,Allgemeine Installationsarbeiten - Vol.5 Gebäudeleittechnik,,
850105,Elektrizität Elektrizität,Equipment,General,machine-shift,6.44,6.44,6.44,6.44,1,EUR,3.22,0.5,1,1,建筑工程,Allgemeine Installationsarbeiten - Bd.4 Elektrogeräteinstallation,Formteil,
080747,Aluminiumlegierung horizontale Traglattung 40×40×4,Material,General,kg,5.85,5.85,5.85,5.85,1,EUR,26.24,4.485,1,1,建筑工程,"Wand- und Säulenbekleidungen, Trennwände und Vorhangfassaden",Wandverkleidung,Wandoberflächen-Dekorplatte
060080,lackierte Verkleidungsplatte,Material,Paint & Coatings,m2,22.99,22.99,22.99,22.99,1,EUR,23.45,1.02,1,1,建筑工程,"Wand- und Säulenbekleidungen, Trennwände und Vorhangfassaden",Wandverkleidung,Wandoberflächen-Dekorplatte
120029,abdichtung,Material,Rubber,pcs,0.01,0.01,0.01,0.01,1,EUR,0.03,4.16,1,1,建筑工程,Allgemeine Installationsarbeiten - Vol.7 Lüftung und Klimatisierung,Installation,
091459,Holz 50×50×50,Material,Wood & Timber,pcs,0.25,0.25,0.25,0.25,1,EUR,1.0,4.0,1,1,建筑工程,Allgemeine Installationsarbeiten - Vol.7 Lüftung und Klimatisierung,und Installation,Installation
160111,100,Material,General,pcs,5.43,5.43,5.43,5.43,1,EUR,0.12,0.022,1,1,建筑工程,"Allgemeine Installationsarbeiten - Vol.10 Wasserversorgung, Entwässerung, Heizun",,
160110,75,Material,General,pcs,4.6,4.6,4.6,4.6,1,EUR,0.1,0.022,1,1,建筑工程,"Allgemeine Installationsarbeiten - Vol.10 Wasserversorgung, Entwässerung, Heizun",,
850104,Strom,Equipment,General,machine-shift,1.63,1.63,1.63,1.63,1,EUR,2.45,1.5,1,1,建筑工程,Allgemeine Installationsarbeiten - Bd.4 Elektrogeräteinstallation,,
850106,Elektrizität Elektrizität (),Equipment,General,machine-shift,5.87,5.87,5.87,5.87,1,EUR,11.74,2.0,1,1,建筑工程,Allgemeine Installationsarbeiten - Bd.4 Elektrogeräteinstallation,,
850131,Verbund HDBS-50,Equipment,General,machine-shift,6.52,6.52,6.52,6.52,1,EUR,2.61,0.4,1,1,建筑工程,Allgemeine Installationsarbeiten - Bd.4 Elektrogeräteinstallation,Strom,"10kV, einpolig"
140012,Bewehrter Beton 800,Material,Concrete & Cement,m,34.88,34.88,34.88,34.88,1,EUR,34.88,1.0,1,1,建筑工程,Allgemeine Installationsarbeiten - Bd.4 Elektrogeräteinstallation,Bohrung,Bohrung
810001,M10 Zementmörtel,Material,Concrete & Cement,m3,51.76,51.76,51.76,51.76,1,EUR,11.39,0.22,1,1,建筑工程,Allgemeine Installationsarbeiten - Bd.4 Elektrogeräteinstallation,Bohrung,Bohrung
160125,Stufe (),Material,General,pcs,12.6,12.6,12.6,12.6,1,EUR,37.8,3.0,1,1,建筑工程,Allgemeine Installationsarbeiten - Bd.4 Elektrogeräteinstallation,Bohrung,Bohrung
280551,CPVC 160,Material,General,m,8.78,8.78,8.78,8.78,1,EUR,9.22,1.05,1,1,建筑工程,Allgemeine Installationsarbeiten - Bd.4 Elektrogeräteinstallation,,CPVC
280550,CPVC 140,Material,General,m,6.69,6.69,6.69,6.69,1,EUR,7.02,1.05,1,1,建筑工程,Allgemeine Installationsarbeiten - Bd.4 Elektrogeräteinstallation,,CPVC
160218,Klebstoff 100,Material,General,pcs,1.9,1.9,1.9,1.9,1,EUR,0.32,0.17,1,1,建筑工程,"Allgemeine Installationsarbeiten - Vol.10 Wasserversorgung, Entwässerung, Heizun",,
160231,100,Material,General,m,26.83,26.83,26.83,26.83,1,EUR,26.83,1.0,1,1,建筑工程,"Allgemeine Installationsarbeiten - Vol.10 Wasserversorgung, Entwässerung, Heizun",,
160217,Klebstoff 75,Material,General,pcs,1.76,1.76,1.76,1.76,1,EUR,0.3,0.17,1,1,建筑工程,"Allgemeine Installationsarbeiten - Vol.10 Wasserversorgung, Entwässerung, Heizun",,
160230,75,Material,General,m,23.19,23.19,23.19,23.19,1,EUR,23.19,1.0,1,1,建筑工程,"Allgemeine Installationsarbeiten - Vol.10 Wasserversorgung, Entwässerung, Heizun",,
180248,Schweißen von Stahlrohrverbindungen () 100,Material,Steel & Metal,pcs,3.72,3.72,3.72,3.72,1,EUR,0.87,0.235,1,1,建筑工程,"Allgemeine Installationsarbeiten - Vol.10 Wasserversorgung, Entwässerung, Heizun",Schweißen von Stahlrohren,Schweißen von Stahlrohren ()
180247,Schweißen Stahlrohrverbindung () 80,Material,Steel & Metal,pcs,2.28,2.28,2.28,2.28,1,EUR,0.57,0.249,1,1,建筑工程,"Allgemeine Installationsarbeiten - Vol.10 Wasserversorgung, Entwässerung, Heizun",Schweißen von Stahlrohren,Schweißen von Stahlrohren ()
160077,Wasserverbindung () 200,Material,Water,pcs,13.96,13.96,13.96,13.96,1,EUR,6.8,0.487,1,1,建筑工程,"Allgemeine Installationsarbeiten - Vol.10 Wasserversorgung, Entwässerung, Heizun",,
160051,Wasser 200,Material,Water,m,18.53,18.53,18.53,18.53,1,EUR,18.16,0.98,1,1,建筑工程,"Allgemeine Installationsarbeiten - Vol.10 Wasserversorgung, Entwässerung, Heizun",,
160113,150,Material,General,pcs,6.9,6.9,6.9,6.9,1,EUR,0.39,0.056,1,1,建筑工程,"Allgemeine Installationsarbeiten - Vol.10 Wasserversorgung, Entwässerung, Heizun",,
160076,Wasserverbindung () 150,Material,Water,pcs,8.99,8.99,8.99,8.99,1,EUR,6.41,0.713,1,1,建筑工程,"Allgemeine Installationsarbeiten - Vol.10 Wasserversorgung, Entwässerung, Heizun",,
160050,Wasser 150,Material,Water,m,11.58,11.58,11.58,11.58,1,EUR,11.11,0.96,1,1,建筑工程,"Allgemeine Installationsarbeiten - Vol.10 Wasserversorgung, Entwässerung, Heizun",,
160049,water 125,Material,Water,m,8.96,8.96,8.96,8.96,1,EUR,8.61,0.96,1,1,建筑工程,"Allgemeine Installationsarbeiten - Vol.10 Wasserversorgung, Entwässerung, Heizun",,
160048,Wasser 100,Material,Water,m,6.81,6.81,6.81,6.81,1,EUR,5.99,0.88,1,1,建筑工程,"Allgemeine Installationsarbeiten - Vol.10 Wasserversorgung, Entwässerung, Heizun",,
160047,Wasser 75,Material,Water,m,5.22,5.22,5.22,5.22,1,EUR,4.81,0.92,1,1,建筑工程,"Allgemeine Installationsarbeiten - Vol.10 Wasserversorgung, Entwässerung, Heizun",,
160046,Wasser 50,Material,Water,m,4.47,4.47,4.47,4.47,1,EUR,4.2,0.94,1,1,建筑工程,"Allgemeine Installationsarbeiten - Vol.10 Wasserversorgung, Entwässerung, Heizun",,
180226,Schweißen von Stahlrohrverbindungen () 100,Material,Steel & Metal,pcs,4.39,4.39,4.39,4.39,1,EUR,1.85,0.422,1,1,建筑工程,"Allgemeine Installationsarbeiten - Vol.10 Wasserversorgung, Entwässerung, Heizun",Schweißen von Stahlrohren,Schweißen von Stahlrohren ()
180225,Schweißen Stahlrohrverbindung () 80,Material,Steel & Metal,pcs,2.55,2.55,2.55,2.55,1,EUR,1.07,0.418,1,1,建筑工程,"Allgemeine Installationsarbeiten - Vol.10 Wasserversorgung, Entwässerung, Heizun",Schweißen von Stahlrohren,Schweißen von Stahlrohren ()
180224,Schweißen Stahlrohrverbindung () 70,Material,Steel & Metal,pcs,1.74,1.74,1.74,1.74,1,EUR,0.98,0.564,1,1,建筑工程,"Allgemeine Installationsarbeiten - Vol.10 Wasserversorgung, Entwässerung, Heizun",Schweißen von Stahlrohren,Schweißen von Stahlrohren ()
180214,verzinktes Stahlrohr-Verbindungsstück () 80,Material,Steel & Metal,pcs,3.18,3.18,3.18,3.18,1,EUR,1.28,0.404,1,1,建筑工程,"Allgemeine Installationsarbeiten - Vol.10 Wasserversorgung, Entwässerung, Heizun",,
180213,verzinktes Stahlrohr-Verbindungsstück () 70,Material,Steel & Metal,pcs,2.38,2.38,2.38,2.38,1,EUR,1.27,0.533,1,1,建筑工程,"Allgemeine Installationsarbeiten - Vol.10 Wasserversorgung, Entwässerung, Heizun",,
170231,Verbund 125,Material,General,m,59.14,59.14,59.14,59.14,1,EUR,60.02,1.015,1,1,建筑工程,"Allgemeine Installationsarbeiten - Vol.10 Wasserversorgung, Entwässerung, Heizun",Stahlverbund (),
160112,125,Material,General,pcs,6.06,6.06,6.06,6.06,1,EUR,0.13,0.022,1,1,建筑工程,"Allgemeine Installationsarbeiten - Vol.10 Wasserversorgung, Entwässerung, Heizun",,
160101,Wasser 150,Material,Water,m,24.39,24.39,24.39,24.39,1,EUR,23.41,0.96,1,1,建筑工程,"Allgemeine Installationsarbeiten - Vol.10 Wasserversorgung, Entwässerung, Heizun",,Wasser Typ A ()
160082,Wasserverbindung () 125,Material,Water,pcs,12.25,12.25,12.25,12.25,1,EUR,10.2,0.833,1,1,建筑工程,"Allgemeine Installationsarbeiten - Vol.10 Wasserversorgung, Entwässerung, Heizun",,Wasser Typ A ()
160100,water 125,Material,Water,m,21.06,21.06,21.06,21.06,1,EUR,20.22,0.96,1,1,建筑工程,"Allgemeine Installationsarbeiten - Vol.10 Wasserversorgung, Entwässerung, Heizun",,Wasser Typ A ()
160105,Wasser 100,Material,Water,pcs,1.24,1.24,1.24,1.24,1,EUR,3.62,2.914,1,1,建筑工程,"Allgemeine Installationsarbeiten - Vol.10 Wasserversorgung, Entwässerung, Heizun",,Wasser Typ A ()
160081,Wasserverbindung () 100,Material,Water,pcs,7.38,7.38,7.38,7.38,1,EUR,9.83,1.333,1,1,建筑工程,"Allgemeine Installationsarbeiten - Vol.10 Wasserversorgung, Entwässerung, Heizun",,Wasser Typ A ()
160099,Wasser 100,Material,Water,m,15.8,15.8,15.8,15.8,1,EUR,13.9,0.88,1,1,建筑工程,"Allgemeine Installationsarbeiten - Vol.10 Wasserversorgung, Entwässerung, Heizun",,Wasser Typ A ()
160104,Wasser 75,Material,Water,pcs,1.07,1.07,1.07,1.07,1,EUR,2.87,2.69,1,1,建筑工程,"Allgemeine Installationsarbeiten - Vol.10 Wasserversorgung, Entwässerung, Heizun",,Wasser Typ A ()
160080,Wasserverbindung () 75,Material,Water,pcs,4.79,4.79,4.79,4.79,1,EUR,5.99,1.251,1,1,建筑工程,"Allgemeine Installationsarbeiten - Vol.10 Wasserversorgung, Entwässerung, Heizun",,Wasser Typ A ()
160098,Wasser 75,Material,Water,m,11.85,11.85,11.85,11.85,1,EUR,10.9,0.92,1,1,建筑工程,"Allgemeine Installationsarbeiten - Vol.10 Wasserversorgung, Entwässerung, Heizun",,Wasser Typ A ()
160103,Wasser 50,Material,Water,pcs,0.89,0.89,0.89,0.89,1,EUR,2.25,2.528,1,1,建筑工程,"Allgemeine Installationsarbeiten - Vol.10 Wasserversorgung, Entwässerung, Heizun",,Wasser Typ A ()
160079,Wasserverbindung () 50,Material,Water,pcs,2.97,2.97,2.97,2.97,1,EUR,3.42,1.151,1,1,建筑工程,"Allgemeine Installationsarbeiten - Vol.10 Wasserversorgung, Entwässerung, Heizun",,Wasser Typ A ()
160097,Wasser 50,Material,Water,m,7.71,7.71,7.71,7.71,1,EUR,7.25,0.94,1,1,建筑工程,"Allgemeine Installationsarbeiten - Vol.10 Wasserversorgung, Entwässerung, Heizun",,Wasser Typ A ()
160115,250,Material,General,pcs,9.53,9.53,9.53,9.53,1,EUR,0.27,0.028,1,1,建筑工程,"Allgemeine Installationsarbeiten - Vol.10 Wasserversorgung, Entwässerung, Heizun",,
160078,Wasserverbindung () 250,Material,Water,pcs,19.58,19.58,19.58,19.58,1,EUR,8.22,0.42,1,1,建筑工程,"Allgemeine Installationsarbeiten - Vol.10 Wasserversorgung, Entwässerung, Heizun",,
160052,Wasser 250,Material,Water,m,26.5,26.5,26.5,26.5,1,EUR,25.97,0.98,1,1,建筑工程,"Allgemeine Installationsarbeiten - Vol.10 Wasserversorgung, Entwässerung, Heizun",,
160114,200,Material,General,pcs,7.94,7.94,7.94,7.94,1,EUR,0.44,0.056,1,1,建筑工程,"Allgemeine Installationsarbeiten - Vol.10 Wasserversorgung, Entwässerung, Heizun",,
170570,PVC-U Wasser () 15,Material,Water,pcs,0.19,0.19,0.19,0.19,1,EUR,0.29,1.55,1,1,建筑工程,"Allgemeine Installationsarbeiten - Vol.10 Wasserversorgung, Entwässerung, Heizun",Wasser,Wasser ()
170558,PVC-U Wasser 15,Material,Water,m,1.02,1.02,1.02,1.02,1,EUR,1.04,1.02,1,1,建筑工程,"Allgemeine Installationsarbeiten - Vol.10 Wasserversorgung, Entwässerung, Heizun",Wasser,Wasser ()
160241,W-Typ kein Wasser 250,Material,Water,m,46.7,46.7,46.7,46.7,1,EUR,44.09,0.944,1,1,建筑工程,"Allgemeine Installationsarbeiten - Vol.10 Wasserversorgung, Entwässerung, Heizun",,W-Typ ohne Wasser ()
160246,W-Typ ohne Wasser () 200,Material,Water,pcs,18.26,18.26,18.26,18.26,1,EUR,6.15,0.337,1,1,建筑工程,"Allgemeine Installationsarbeiten - Vol.10 Wasserversorgung, Entwässerung, Heizun",,W-Typ ohne Wasser ()
160240,W-Typ kein Wasser 200,Material,Water,m,32.91,32.91,32.91,32.91,1,EUR,32.19,0.978,1,1,建筑工程,"Allgemeine Installationsarbeiten - Vol.10 Wasserversorgung, Entwässerung, Heizun",,W-Typ ohne Wasser ()
160245,W-Typ kein Wasser () 150,Material,Water,pcs,12.08,12.08,12.08,12.08,1,EUR,6.2,0.513,1,1,建筑工程,"Allgemeine Installationsarbeiten - Vol.10 Wasserversorgung, Entwässerung, Heizun",,W-Typ ohne Wasser ()
160239,W-Typ kein Wasser 150,Material,Water,m,20.37,20.37,20.37,20.37,1,EUR,19.78,0.971,1,1,建筑工程,"Allgemeine Installationsarbeiten - Vol.10 Wasserversorgung, Entwässerung, Heizun",,W-Typ ohne Wasser ()
160244,W-Typ ohne Wasser () 100,Material,Water,pcs,7.19,7.19,7.19,7.19,1,EUR,6.85,0.953,1,1,建筑工程,"Allgemeine Installationsarbeiten - Vol.10 Wasserversorgung, Entwässerung, Heizun",,W-Typ ohne Wasser ()
160238,W-Typ kein Wasser 100,Material,Water,m,14.42,14.42,14.42,14.42,1,EUR,13.25,0.919,1,1,建筑工程,"Allgemeine Installationsarbeiten - Vol.10 Wasserversorgung, Entwässerung, Heizun",,W-Typ ohne Wasser ()
160243,W-Typ ohne Wasser () 75,Material,Water,pcs,4.35,4.35,4.35,4.35,1,EUR,3.7,0.851,1,1,建筑工程,"Allgemeine Installationsarbeiten - Vol.10 Wasserversorgung, Entwässerung, Heizun",,W-Typ ohne Wasser ()
160237,W-Typ kein Wasser 75,Material,Water,m,10.53,10.53,10.53,10.53,1,EUR,9.93,0.943,1,1,建筑工程,"Allgemeine Installationsarbeiten - Vol.10 Wasserversorgung, Entwässerung, Heizun",,W-Typ ohne Wasser ()
160242,W-Typ kein Wasser () 50,Material,Water,pcs,2.51,2.51,2.51,2.51,1,EUR,1.73,0.691,1,1,建筑工程,"Allgemeine Installationsarbeiten - Vol.10 Wasserversorgung, Entwässerung, Heizun",,W-Typ ohne Wasser ()
160236,W-Typ kein Wasser 50,Material,Water,m,7.21,7.21,7.21,7.21,1,EUR,6.77,0.939,1,1,建筑工程,"Allgemeine Installationsarbeiten - Vol.10 Wasserversorgung, Entwässerung, Heizun",,W-Typ ohne Wasser ()
160084,Wasserverbindung () 200,Material,Water,pcs,19.93,19.93,19.93,19.93,1,EUR,9.71,0.487,1,1,建筑工程,"Allgemeine Installationsarbeiten - Vol.10 Wasserversorgung, Entwässerung, Heizun",,Wasser Typ A ()
160102,Wasser 200,Material,Water,m,40.12,40.12,40.12,40.12,1,EUR,39.32,0.98,1,1,建筑工程,"Allgemeine Installationsarbeiten - Vol.10 Wasserversorgung, Entwässerung, Heizun",,Wasser Typ A ()
160083,Wasserverbindung () 150,Material,Water,pcs,14.46,14.46,14.46,14.46,1,EUR,10.31,0.713,1,1,建筑工程,"Allgemeine Installationsarbeiten - Vol.10 Wasserversorgung, Entwässerung, Heizun",,Wasser Typ A ()
170055,PVC-U Wasser () 75,Material,Water,pcs,1.95,1.95,1.95,1.95,1,EUR,2.26,1.158,1,1,建筑工程,"Allgemeine Installationsarbeiten - Vol.10 Wasserversorgung, Entwässerung, Heizun",,
170054,PVC-U Wasser () 50,Material,Water,pcs,0.81,0.81,0.81,0.81,1,EUR,0.76,0.942,1,1,建筑工程,"Allgemeine Installationsarbeiten - Vol.10 Wasserversorgung, Entwässerung, Heizun",,
170569,PVC-U Wasser 200,Material,Water,m,29.67,29.67,29.67,29.67,1,EUR,30.27,1.02,1,1,建筑工程,"Allgemeine Installationsarbeiten - Vol.10 Wasserversorgung, Entwässerung, Heizun",Wasser,Wasser ()
170568,PVC-U Wasser 150,Material,Water,m,28.36,28.36,28.36,28.36,1,EUR,28.92,1.02,1,1,建筑工程,"Allgemeine Installationsarbeiten - Vol.10 Wasserversorgung, Entwässerung, Heizun",Wasser,Wasser ()
170567,PVC-U Wasser 125,Material,Water,m,17.41,17.41,17.41,17.41,1,EUR,17.75,1.02,1,1,建筑工程,"Allgemeine Installationsarbeiten - Vol.10 Wasserversorgung, Entwässerung, Heizun",Wasser,Wasser ()
170578,PVC-U Wasser () 100,Material,Water,pcs,7.86,7.86,7.86,7.86,1,EUR,2.69,0.342,1,1,建筑工程,"Allgemeine Installationsarbeiten - Vol.10 Wasserversorgung, Entwässerung, Heizun",Wasser,Wasser ()
170566,PVC-U Wasser 100,Material,Water,m,12.35,12.35,12.35,12.35,1,EUR,12.6,1.02,1,1,建筑工程,"Allgemeine Installationsarbeiten - Vol.10 Wasserversorgung, Entwässerung, Heizun",Wasser,Wasser ()
170577,PVC-U Wasser () 80,Material,Water,pcs,4.43,4.43,4.43,4.43,1,EUR,1.6,0.362,1,1,建筑工程,"Allgemeine Installationsarbeiten - Vol.10 Wasserversorgung, Entwässerung, Heizun",Wasser,Wasser ()
170565,PVC-U Wasser 80,Material,Water,m,10.24,10.24,10.24,10.24,1,EUR,10.44,1.02,1,1,建筑工程,"Allgemeine Installationsarbeiten - Vol.10 Wasserversorgung, Entwässerung, Heizun",Wasser,Wasser ()
170576,PVC-U Wasser () 70,Material,Water,pcs,2.78,2.78,2.78,2.78,1,EUR,1.36,0.491,1,1,建筑工程,"Allgemeine Installationsarbeiten - Vol.10 Wasserversorgung, Entwässerung, Heizun",Wasser,Wasser ()
170564,PVC-U Wasser 70,Material,Water,m,7.19,7.19,7.19,7.19,1,EUR,7.33,1.02,1,1,建筑工程,"Allgemeine Installationsarbeiten - Vol.10 Wasserversorgung, Entwässerung, Heizun",Wasser,Wasser ()
170563,PVC-U Wasser 50,Material,Water,m,5.27,5.27,5.27,5.27,1,EUR,5.37,1.02,1,1,建筑工程,"Allgemeine Installationsarbeiten - Vol.10 Wasserversorgung, Entwässerung, Heizun",Wasser,Wasser ()
170562,PVC-U Wasser 40,Material,Water,m,3.22,3.22,3.22,3.22,1,EUR,3.28,1.02,1,1,建筑工程,"Allgemeine Installationsarbeiten - Vol.10 Wasserversorgung, Entwässerung, Heizun",Wasser,Wasser ()
170561,PVC-U Wasser 32,Material,Water,m,2.28,2.28,2.28,2.28,1,EUR,2.32,1.02,1,1,建筑工程,"Allgemeine Installationsarbeiten - Vol.10 Wasserversorgung, Entwässerung, Heizun",Wasser,Wasser ()
170560,PVC-U Wasser 25,Material,Water,m,2.07,2.07,2.07,2.07,1,EUR,2.11,1.02,1,1,建筑工程,"Allgemeine Installationsarbeiten - Vol.10 Wasserversorgung, Entwässerung, Heizun",Wasser,Wasser ()
170559,PVC-U Wasser 20,Material,Water,m,1.34,1.34,1.34,1.34,1,EUR,1.36,1.02,1,1,建筑工程,"Allgemeine Installationsarbeiten - Vol.10 Wasserversorgung, Entwässerung, Heizun",Wasser,Wasser ()
280547,Stahlrohr 150,Material,Steel & Metal,m,26.33,26.33,26.33,26.33,1,EUR,27.12,1.03,1,1,建筑工程,Allgemeine Installationsarbeiten - Bd.4 Elektrogeräteinstallation,,Stahlrohr
280546,Stahlrohr 125,Material,Steel & Metal,m,22.57,22.57,22.57,22.57,1,EUR,23.24,1.03,1,1,建筑工程,Allgemeine Installationsarbeiten - Bd.4 Elektrogeräteinstallation,,Stahlrohr
280545,Stahlrohr 100,Material,Steel & Metal,m,18.18,18.18,18.18,18.18,1,EUR,18.72,1.03,1,1,建筑工程,Allgemeine Installationsarbeiten - Bd.4 Elektrogeräteinstallation,,Stahlrohr
290047,Höhe Zement Elektrizität 200,Material,Concrete & Cement,m,10.72,10.72,10.72,10.72,1,EUR,11.04,1.03,1,1,建筑工程,Allgemeine Installationsarbeiten - Bd.4 Elektrogeräteinstallation,,Zement
290044,Höhe Zement Elektrizität 150,Material,Concrete & Cement,m,6.52,6.52,6.52,6.52,1,EUR,6.72,1.03,1,1,建筑工程,Allgemeine Installationsarbeiten - Bd.4 Elektrogeräteinstallation,,Zement
290043,Höhe Zement Elektrizität 125,Material,Concrete & Cement,m,5.62,5.62,5.62,5.62,1,EUR,5.79,1.03,1,1,建筑工程,Allgemeine Installationsarbeiten - Bd.4 Elektrogeräteinstallation,,Zement
290042,Höhe Zement Elektrizität 100,Material,Concrete & Cement,m,5.1,5.1,5.1,5.1,1,EUR,5.25,1.03,1,1,建筑工程,Allgemeine Installationsarbeiten - Bd.4 Elektrogeräteinstallation,,Zement
090157,Bolzen 20×300,Material,Fasteners,set,3.97,3.97,3.97,3.97,1,EUR,4.05,1.02,1,1,建筑工程,Allgemeine Installationsarbeiten - Bd.4 Elektrogeräteinstallation,,Formteil- und Stahlbauinstallation
090153,Bolzen 12×200,Material,Fasteners,set,1.04,1.04,1.04,1.04,1,EUR,1.07,1.02,1,1,建筑工程,Allgemeine Installationsarbeiten - Bd.4 Elektrogeräteinstallation,,Formteil- und Stahlbauinstallation
280360,Abdichtung 100,Material,Waterproofing,pcs,13.0,13.0,13.0,13.0,1,EUR,13.39,1.03,1,1,建筑工程,Allgemeine Installationsarbeiten - Bd.4 Elektrogeräteinstallation,Abdichtungsinstallation,
280345,Abdichtung 80,Material,Waterproofing,pcs,10.82,10.82,10.82,10.82,1,EUR,11.15,1.03,1,1,建筑工程,Allgemeine Installationsarbeiten - Bd.4 Elektrogeräteinstallation,Abdichtungsinstallation,
280403,Abdichtung 50,Material,Waterproofing,pcs,2.72,2.72,2.72,2.72,1,EUR,2.8,1.03,1,1,建筑工程,Allgemeine Installationsarbeiten - Bd.4 Elektrogeräteinstallation,Abdichtungsinstallation,
170105,PVC-U Wasser () 150,Material,Water,pcs,10.05,10.05,10.05,10.05,1,EUR,8.43,0.839,1,1,建筑工程,"Allgemeine Installationsarbeiten - Vol.10 Wasserversorgung, Entwässerung, Heizun",,
170104,PVC-U Wasser 150,Material,Water,m,12.31,12.31,12.31,12.31,1,EUR,11.5,0.934,1,1,建筑工程,"Allgemeine Installationsarbeiten - Vol.10 Wasserversorgung, Entwässerung, Heizun",,
170057,PVC-U Wasser () 125,Material,Water,pcs,6.92,6.92,6.92,6.92,1,EUR,6.65,0.961,1,1,建筑工程,"Allgemeine Installationsarbeiten - Vol.10 Wasserversorgung, Entwässerung, Heizun",,
170056,PVC-U Wasser () 100,Material,Water,pcs,4.07,4.07,4.07,4.07,1,EUR,5.39,1.324,1,1,建筑工程,"Allgemeine Installationsarbeiten - Vol.10 Wasserversorgung, Entwässerung, Heizun",,
170007,PVC-U Wasser 75,Material,Water,m,6.52,6.52,6.52,6.52,1,EUR,1.96,0.3,1,1,建筑工程,"Allgemeine Installationsarbeiten - Vol.10 Wasserversorgung, Entwässerung, Heizun",,Fertigungseinbau
170005,PVC-U Wasser 50,Material,Water,m,2.59,2.59,2.59,2.59,1,EUR,0.78,0.3,1,1,建筑工程,"Allgemeine Installationsarbeiten - Vol.10 Wasserversorgung, Entwässerung, Heizun",,Fertigungseinbau
170003,PVC-U Wasser 32,Material,Water,m,1.65,1.65,1.65,1.65,1,EUR,0.5,0.3,1,1,建筑工程,"Allgemeine Installationsarbeiten - Vol.10 Wasserversorgung, Entwässerung, Heizun",,Fertigungseinbau
280402,Abdichtung 32,Material,Waterproofing,pcs,1.3,1.3,1.3,1.3,1,EUR,1.33,1.03,1,1,建筑工程,Allgemeine Installationsarbeiten - Bd.4 Elektrogeräteinstallation,Abdichtungsinstallation,
280401,Abdichtung 20,Material,Waterproofing,pcs,1.0,1.0,1.0,1.0,1,EUR,1.03,1.03,1,1,建筑工程,Allgemeine Installationsarbeiten - Bd.4 Elektrogeräteinstallation,Abdichtungsinstallation,
280108,Formteil,Material,General,pcs,0.22,0.22,0.22,0.22,1,EUR,0.22,1.02,1,1,建筑工程,Allgemeine Installationsarbeiten - Bd.4 Elektrogeräteinstallation,Formteilemontage,
280051,15 25,Material,General,pcs,0.03,0.03,0.03,0.03,1,EUR,0.07,2.225,1,1,建筑工程,Allgemeine Installationsarbeiten - Bd.4 Elektrogeräteinstallation,Formteilemontage,
800209,vertikal 50,Equipment,General,machine-shift,22.38,22.38,22.38,22.38,1,EUR,2.14,0.0958,1,1,建筑工程,"Allgemeine Installationsarbeiten - Vol.10 Wasserversorgung, Entwässerung, Heizun",,
180885,verzinktes Stahlrohr-Verbindungsstück () 15,Material,Steel & Metal,pcs,0.18,0.18,0.18,0.18,1,EUR,0.24,1.31,1,1,建筑工程,"Allgemeine Installationsarbeiten - Vol.10 Wasserversorgung, Entwässerung, Heizun",,
170225,Verbund 32,Material,General,m,10.59,10.59,10.59,10.59,1,EUR,10.81,1.02,1,1,建筑工程,"Allgemeine Installationsarbeiten - Vol.10 Wasserversorgung, Entwässerung, Heizun",Stahlverbund (),
170224,Verbund 25,Material,General,m,7.4,7.4,7.4,7.4,1,EUR,7.55,1.02,1,1,建筑工程,"Allgemeine Installationsarbeiten - Vol.10 Wasserversorgung, Entwässerung, Heizun",Stahlverbund (),
170223,Verbund 20,Material,General,m,5.31,5.31,5.31,5.31,1,EUR,5.41,1.02,1,1,建筑工程,"Allgemeine Installationsarbeiten - Vol.10 Wasserversorgung, Entwässerung, Heizun",Stahlverbund (),
170222,Verbund 15,Material,General,m,3.13,3.13,3.13,3.13,1,EUR,3.2,1.02,1,1,建筑工程,"Allgemeine Installationsarbeiten - Vol.10 Wasserversorgung, Entwässerung, Heizun",Stahlverbund (),
170017,PVC-U Wasser 200,Material,Water,m,13.16,13.16,13.16,13.16,1,EUR,12.52,0.951,1,1,建筑工程,"Allgemeine Installationsarbeiten - Vol.10 Wasserversorgung, Entwässerung, Heizun",,
280549,CPVC 110,Material,General,m,4.6,4.6,4.6,4.6,1,EUR,4.83,1.05,1,1,建筑工程,Allgemeine Installationsarbeiten - Bd.4 Elektrogeräteinstallation,,CPVC
280548,CPVC 90,Material,General,m,3.13,3.13,3.13,3.13,1,EUR,3.29,1.05,1,1,建筑工程,Allgemeine Installationsarbeiten - Bd.4 Elektrogeräteinstallation,,CPVC
190224,20,Material,General,pcs,8.02,8.02,8.02,8.02,1,EUR,8.1,1.01,1,1,建筑工程,"Allgemeine Installationsarbeiten - Vol.10 Wasserversorgung, Entwässerung, Heizun",,
190004,15,Material,General,pcs,6.39,6.39,6.39,6.39,1,EUR,6.46,1.01,1,1,建筑工程,"Allgemeine Installationsarbeiten - Vol.10 Wasserversorgung, Entwässerung, Heizun",,
190223,15,Material,General,pcs,6.52,6.52,6.52,6.52,1,EUR,6.58,1.01,1,1,建筑工程,"Allgemeine Installationsarbeiten - Vol.10 Wasserversorgung, Entwässerung, Heizun",,
170110,250,Material,General,pcs,2.67,2.67,2.67,2.67,1,EUR,5.35,2.0,1,1,建筑工程,"Allgemeine Installationsarbeiten - Vol.10 Wasserversorgung, Entwässerung, Heizun",,
170109,200,Material,General,pcs,2.24,2.24,2.24,2.24,1,EUR,4.47,2.0,1,1,建筑工程,"Allgemeine Installationsarbeiten - Vol.10 Wasserversorgung, Entwässerung, Heizun",,
170108,150,Material,General,pcs,1.86,1.86,1.86,1.86,1,EUR,3.71,2.0,1,1,建筑工程,"Allgemeine Installationsarbeiten - Vol.10 Wasserversorgung, Entwässerung, Heizun",,
170107,100,Material,General,pcs,1.43,1.43,1.43,1.43,1,EUR,2.85,2.0,1,1,建筑工程,"Allgemeine Installationsarbeiten - Vol.10 Wasserversorgung, Entwässerung, Heizun",,
170106,75,Material,General,pcs,1.14,1.14,1.14,1.14,1,EUR,2.29,2.0,1,1,建筑工程,"Allgemeine Installationsarbeiten - Vol.10 Wasserversorgung, Entwässerung, Heizun",,
170181,200,Material,General,pcs,22.59,22.59,22.59,22.59,1,EUR,22.59,1.0,1,1,建筑工程,"Allgemeine Installationsarbeiten - Vol.10 Wasserversorgung, Entwässerung, Heizun",Installation,
170180,160,Material,General,pcs,17.05,17.05,17.05,17.05,1,EUR,17.05,1.0,1,1,建筑工程,"Allgemeine Installationsarbeiten - Vol.10 Wasserversorgung, Entwässerung, Heizun",Installation,
170178,110,Material,General,pcs,9.59,9.59,9.59,9.59,1,EUR,9.59,1.0,1,1,建筑工程,"Allgemeine Installationsarbeiten - Vol.10 Wasserversorgung, Entwässerung, Heizun",Installation,
170177,75,Material,General,pcs,7.46,7.46,7.46,7.46,1,EUR,7.46,1.0,1,1,建筑工程,"Allgemeine Installationsarbeiten - Vol.10 Wasserversorgung, Entwässerung, Heizun",Installation,
170176,50,Material,General,pcs,5.33,5.33,5.33,5.33,1,EUR,5.33,1.0,1,1,建筑工程,"Allgemeine Installationsarbeiten - Vol.10 Wasserversorgung, Entwässerung, Heizun",Installation,
170012,PVC-U Wasser 225,Material,Water,m,40.33,40.33,40.33,40.33,1,EUR,12.1,0.3,1,1,建筑工程,"Allgemeine Installationsarbeiten - Vol.10 Wasserversorgung, Entwässerung, Heizun",,Fertigungseinbau
170011,PVC-U Wasser 160,Material,Water,m,16.93,16.93,16.93,16.93,1,EUR,5.08,0.3,1,1,建筑工程,"Allgemeine Installationsarbeiten - Vol.10 Wasserversorgung, Entwässerung, Heizun",,Fertigungseinbau
170010,PVC-U Wasser 140,Material,Water,m,12.77,12.77,12.77,12.77,1,EUR,3.83,0.3,1,1,建筑工程,"Allgemeine Installationsarbeiten - Vol.10 Wasserversorgung, Entwässerung, Heizun",,Fertigungseinbau
180194,300,Material,General,pcs,39.49,39.49,39.49,39.49,1,EUR,157.97,4.0,1,1,建筑工程,"Allgemeine Installationsarbeiten - Vol.10 Wasserversorgung, Entwässerung, Heizun",,Quadratische Fertigung Installation ()
280425,Formteil 15,Material,General,pcs,1.39,1.39,1.39,1.39,1,EUR,1.72,1.236,1,1,建筑工程,Allgemeine Installationsarbeiten - Bd.4 Elektrogeräteinstallation,,
280431,Formteil 63,Material,General,pcs,8.02,8.02,8.02,8.02,1,EUR,9.92,1.236,1,1,建筑工程,Allgemeine Installationsarbeiten - Bd.4 Elektrogeräteinstallation,,
280026,Sockengewölbe,Material,General,pcs,10.16,10.16,10.16,10.16,1,EUR,10.36,1.02,1,1,建筑工程,Allgemeine Installationsarbeiten - Bd.4 Elektrogeräteinstallation,Formteilemontage,
110447,10mm×30mm wasserfester Klebestreifen,Material,Water,m,4.6,4.6,4.6,4.6,1,EUR,4.83,1.05,1,1,建筑工程,Dach- und Abdichtungsarbeiten,"Keller- und Bodenabdichtung, Feuchtigkeitsschutz",Wasserabdichtung mit
091220,Stahlnagel,Material,Steel & Metal,pcs,0.13,0.13,0.13,0.13,1,EUR,0.29,2.3,1,1,建筑工程,Dach- und Abdichtungsarbeiten,"Keller- und Bodenabdichtung, Feuchtigkeitsschutz",Wasserabdichtung mit
180193,250,Material,General,pcs,24.97,24.97,24.97,24.97,1,EUR,99.88,4.0,1,1,建筑工程,"Allgemeine Installationsarbeiten - Vol.10 Wasserversorgung, Entwässerung, Heizun",,Quadratische Fertigung Installation ()
180191,200,Material,General,pcs,12.64,12.64,12.64,12.64,1,EUR,50.57,4.0,1,1,建筑工程,"Allgemeine Installationsarbeiten - Vol.10 Wasserversorgung, Entwässerung, Heizun",,Quadratische Fertigung Installation ()
180190,150,Material,General,pcs,8.19,8.19,8.19,8.19,1,EUR,32.77,4.0,1,1,建筑工程,"Allgemeine Installationsarbeiten - Vol.10 Wasserversorgung, Entwässerung, Heizun",,Quadratische Fertigung Installation ()
180189,125,Material,General,pcs,4.93,4.93,4.93,4.93,1,EUR,19.73,4.0,1,1,建筑工程,"Allgemeine Installationsarbeiten - Vol.10 Wasserversorgung, Entwässerung, Heizun",,Quadratische Fertigung Installation ()
180188,100,Material,General,pcs,2.72,2.72,2.72,2.72,1,EUR,10.87,4.0,1,1,建筑工程,"Allgemeine Installationsarbeiten - Vol.10 Wasserversorgung, Entwässerung, Heizun",,Quadratische Fertigung Installation ()
180187,80,Material,General,pcs,1.53,1.53,1.53,1.53,1,EUR,6.12,4.0,1,1,建筑工程,"Allgemeine Installationsarbeiten - Vol.10 Wasserversorgung, Entwässerung, Heizun",,Quadratische Fertigung Installation ()
180186,70,Material,General,pcs,1.1,1.1,1.1,1.1,1,EUR,4.4,4.0,1,1,建筑工程,"Allgemeine Installationsarbeiten - Vol.10 Wasserversorgung, Entwässerung, Heizun",,Quadratische Fertigung Installation ()
180185,50,Material,General,pcs,0.75,0.75,0.75,0.75,1,EUR,3.02,4.0,1,1,建筑工程,"Allgemeine Installationsarbeiten - Vol.10 Wasserversorgung, Entwässerung, Heizun",,Quadratische Fertigung Installation ()
200011,Tür 10,Material,General,pcs,0.71,0.71,0.71,0.71,1,EUR,0.71,1.01,1,1,建筑工程,"Allgemeine Installationsarbeiten - Vol.10 Wasserversorgung, Entwässerung, Heizun",,
190207,25,Material,General,pcs,10.45,10.45,10.45,10.45,1,EUR,10.55,1.01,1,1,建筑工程,"Allgemeine Installationsarbeiten - Vol.10 Wasserversorgung, Entwässerung, Heizun",,
280059,(Stahlrohr) 20,Material,Steel & Metal,pcs,0.03,0.03,0.03,0.03,1,EUR,0.0,0.1545,1,1,建筑工程,Allgemeine Installationsarbeiten - Bd.4 Elektrogeräteinstallation,,verzinktes Stahlrohr
280066,(Stahlrohr) 100,Material,Steel & Metal,pcs,0.23,0.23,0.23,0.23,1,EUR,0.04,0.1545,1,1,建筑工程,Allgemeine Installationsarbeiten - Bd.4 Elektrogeräteinstallation,,verzinktes Stahlrohr
280041,Metall 32,Material,Steel & Metal,pcs,0.12,0.12,0.12,0.12,1,EUR,0.14,1.236,1,1,建筑工程,Allgemeine Installationsarbeiten - Bd.4 Elektrogeräteinstallation,,
090569,PVC,Material,General,pcs,5.7,5.7,5.7,5.7,1,EUR,0.06,0.0102,1,1,建筑工程,Allgemeine Installationsarbeiten - Bd.4 Elektrogeräteinstallation,,PVC
280305,PVC 70,Material,General,pcs,0.22,0.22,0.22,0.22,1,EUR,0.03,0.1545,1,1,建筑工程,Allgemeine Installationsarbeiten - Bd.4 Elektrogeräteinstallation,,PVC
280105,(Elektrizität) 70,Material,General,pcs,0.11,0.11,0.11,0.11,1,EUR,0.07,0.6789,1,1,建筑工程,Allgemeine Installationsarbeiten - Bd.4 Elektrogeräteinstallation,,PVC
280298,PVCT-Typ Muffe 70,Material,General,pcs,0.31,0.31,0.31,0.31,1,EUR,0.01,0.0204,1,1,建筑工程,Allgemeine Installationsarbeiten - Bd.4 Elektrogeräteinstallation,,PVC
280291,PVC 70,Material,General,pcs,0.67,0.67,0.67,0.67,1,EUR,0.14,0.204,1,1,建筑工程,Allgemeine Installationsarbeiten - Bd.4 Elektrogeräteinstallation,,PVC
280284,PVC 70,Material,General,pcs,0.21,0.21,0.21,0.21,1,EUR,0.01,0.0408,1,1,建筑工程,Allgemeine Installationsarbeiten - Bd.4 Elektrogeräteinstallation,,PVC
180003,verzinkt 25,Material,General,pcs,0.25,0.25,0.25,0.25,1,EUR,0.15,0.6,1,1,建筑工程,"Allgemeine Installationsarbeiten - Vol.10 Wasserversorgung, Entwässerung, Heizun",,
180002,verzinkt 20,Material,General,pcs,0.16,0.16,0.16,0.16,1,EUR,0.1,0.6,1,1,建筑工程,"Allgemeine Installationsarbeiten - Vol.10 Wasserversorgung, Entwässerung, Heizun",,
180008,verzinkt 20,Material,General,pcs,0.23,0.23,0.23,0.23,1,EUR,0.14,0.6,1,1,建筑工程,"Allgemeine Installationsarbeiten - Vol.10 Wasserversorgung, Entwässerung, Heizun",,
180032,verzinkt 20,Material,General,pcs,0.46,0.46,0.46,0.46,1,EUR,0.14,0.3,1,1,建筑工程,"Allgemeine Installationsarbeiten - Vol.10 Wasserversorgung, Entwässerung, Heizun",,
210068,Wasser 100,Material,Water,pcs,4.79,4.79,4.79,4.79,1,EUR,4.81,1.005,1,1,建筑工程,"Allgemeine Installationsarbeiten - Vol.10 Wasserversorgung, Entwässerung, Heizun",,
180196,426,Material,General,pcs,91.11,91.11,91.11,91.11,1,EUR,364.43,4.0,1,1,建筑工程,"Allgemeine Installationsarbeiten - Vol.10 Wasserversorgung, Entwässerung, Heizun",,Quadratische Fertigung Installation ()
180195,377,Material,General,pcs,66.03,66.03,66.03,66.03,1,EUR,264.13,4.0,1,1,建筑工程,"Allgemeine Installationsarbeiten - Vol.10 Wasserversorgung, Entwässerung, Heizun",,Quadratische Fertigung Installation ()
280256,verzinkte Elektroform-Verbindung 40,Material,General,pcs,0.6,0.6,0.6,0.6,1,EUR,0.1,0.1648,1,1,建筑工程,Allgemeine Installationsarbeiten - Bd.4 Elektrogeräteinstallation,,
090076,Sicherungsmutter 32,Material,Fasteners,pcs,0.11,0.11,0.11,0.11,1,EUR,0.02,0.1545,1,1,建筑工程,Allgemeine Installationsarbeiten - Bd.4 Elektrogeräteinstallation,,Schweißen von Stahlrohren
090075,Sicherungsmutter 25,Material,Fasteners,pcs,0.09,0.09,0.09,0.09,1,EUR,0.01,0.1545,1,1,建筑工程,Allgemeine Installationsarbeiten - Bd.4 Elektrogeräteinstallation,,Schweißen von Stahlrohren
800533,Nagel,Equipment,General,machine-shift,15.99,15.99,15.99,15.99,1,EUR,0.02,0.001,1,1,建筑工程,Metallbauarbeiten,"Stahlplatten-Bodenplatte, Wandplatte",
010098,Stahlrohr 159×4.5 nicht enthalten,Material,Steel & Metal,m,16.78,16.78,16.78,16.78,1,EUR,5.03,0.3,1,1,建筑工程,"Allgemeine Installationsarbeiten - Vol.10 Wasserversorgung, Entwässerung, Heizun",,
010095,kein Stahlrohr 108×3,Material,Steel & Metal,m,7.63,7.63,7.63,7.63,1,EUR,2.29,0.3,1,1,建筑工程,"Allgemeine Installationsarbeiten - Vol.10 Wasserversorgung, Entwässerung, Heizun",,
110516,kein Poly (PVC) Beschichtung,Material,General,m2,6.69,6.69,6.69,6.69,1,EUR,7.02,1.05,1,1,建筑工程,Bodenbelagsarbeiten,Oberflächenabschlusslage,
280415,JDG(KBG) Muffe 50,Material,General,pcs,1.3,1.3,1.3,1.3,1,EUR,0.23,0.1751,1,1,建筑工程,Allgemeine Installationsarbeiten - Bd.4 Elektrogeräteinstallation,,() Stahlrohr
280414,JDG(KBG) Muffe 40,Material,General,pcs,0.96,0.96,0.96,0.96,1,EUR,0.17,0.1751,1,1,建筑工程,Allgemeine Installationsarbeiten - Bd.4 Elektrogeräteinstallation,,() Stahlrohr
280413,JDG(KBG) Muffe 32,Material,General,pcs,0.79,0.79,0.79,0.79,1,EUR,0.2,0.2575,1,1,建筑工程,Allgemeine Installationsarbeiten - Bd.4 Elektrogeräteinstallation,,() Stahlrohr
280412,JDG(KBG) Muffe 25,Material,General,pcs,0.61,0.61,0.61,0.61,1,EUR,0.16,0.2575,1,1,建筑工程,Allgemeine Installationsarbeiten - Bd.4 Elektrogeräteinstallation,,() Stahlrohr
280411,JDG(KBG) Muffe 20,Material,General,pcs,0.54,0.54,0.54,0.54,1,EUR,0.22,0.412,1,1,建筑工程,Allgemeine Installationsarbeiten - Bd.4 Elektrogeräteinstallation,,() Stahlrohr
280228,PVC-Verbindung 50,Material,General,pcs,0.7,0.7,0.7,0.7,1,EUR,0.11,0.1545,1,1,建筑工程,Allgemeine Installationsarbeiten - Bd.4 Elektrogeräteinstallation,,PVC
280227,PVC-Verbindung 40,Material,General,pcs,0.5,0.5,0.5,0.5,1,EUR,0.08,0.1545,1,1,建筑工程,Allgemeine Installationsarbeiten - Bd.4 Elektrogeräteinstallation,,PVC
280226,PVC-Verbindung 32,Material,General,pcs,0.28,0.28,0.28,0.28,1,EUR,0.04,0.1545,1,1,建筑工程,Allgemeine Installationsarbeiten - Bd.4 Elektrogeräteinstallation,,PVC
280225,PVC-Verbindung 25,Material,General,pcs,0.17,0.17,0.17,0.17,1,EUR,0.03,0.1545,1,1,建筑工程,Allgemeine Installationsarbeiten - Bd.4 Elektrogeräteinstallation,,PVC
320006,Klebstoff (10kV)10,Material,General,pair,5.37,5.37,5.37,5.37,1,EUR,21.48,4.0,1,1,建筑工程,Allgemeine Installationsarbeiten - Bd.4 Elektrogeräteinstallation,,10kV
180178,(1.6MPa) 40,Material,General,pcs,3.28,3.28,3.28,3.28,1,EUR,6.56,2.0,1,1,建筑工程,"Allgemeine Installationsarbeiten - Vol.10 Wasserversorgung, Entwässerung, Heizun",Formteilemontage,
180020,verzinkte Verbindung 25,Material,General,pcs,1.07,1.07,1.07,1.07,1,EUR,3.24,3.03,1,1,建筑工程,"Allgemeine Installationsarbeiten - Vol.10 Wasserversorgung, Entwässerung, Heizun",Formteilemontage,
180176,(1.6MPa) 25,Material,General,pcs,1.91,1.91,1.91,1.91,1,EUR,1.92,1.01,1,1,建筑工程,"Allgemeine Installationsarbeiten - Vol.10 Wasserversorgung, Entwässerung, Heizun","Wasser, Wasser",Wasserinstallation
190006,25,Material,General,pcs,10.24,10.24,10.24,10.24,1,EUR,10.34,1.01,1,1,建筑工程,"Allgemeine Installationsarbeiten - Vol.10 Wasserversorgung, Entwässerung, Heizun","Wasser, Wasser",Wasserinstallation
180175,(1.6MPa) 20,Material,General,pcs,1.81,1.81,1.81,1.81,1,EUR,1.82,1.01,1,1,建筑工程,"Allgemeine Installationsarbeiten - Vol.10 Wasserversorgung, Entwässerung, Heizun","Wasser, Wasser",Wasserinstallation
180155,flach (1.6MPa) 600,Material,General,pcs,220.35,220.35,220.35,220.35,1,EUR,440.7,2.0,1,1,建筑工程,"Allgemeine Installationsarbeiten - Vol.10 Wasserversorgung, Entwässerung, Heizun",Wasser,Wasser ()
180154,Flach (1.6MPa) 500,Material,General,pcs,152.96,152.96,152.96,152.96,1,EUR,305.92,2.0,1,1,建筑工程,"Allgemeine Installationsarbeiten - Vol.10 Wasserversorgung, Entwässerung, Heizun",Wasser,Wasser ()
090112,mit Bolzen 22×(85 100),Material,Fasteners,set,0.59,0.59,0.59,0.59,1,EUR,14.46,24.72,1,1,建筑工程,"Allgemeine Installationsarbeiten - Vol.10 Wasserversorgung, Entwässerung, Heizun",Wasser,Wasser ()
090110,mit Bolzen 20×(65 80),Material,Fasteners,set,0.41,0.41,0.41,0.41,1,EUR,10.18,24.72,1,1,建筑工程,"Allgemeine Installationsarbeiten - Vol.10 Wasserversorgung, Entwässerung, Heizun",Wasser,Wasser ()
800180,Elektroseilwinde (einfach) 1t,Equipment,Hoists,machine-shift,21.31,21.31,21.31,21.31,1,EUR,1.77,0.083,1,1,建筑工程,"Allgemeine Installationsarbeiten - Vol.10 Wasserversorgung, Entwässerung, Heizun",,Installation
800176,LKW-Kran 12t,Equipment,Cranes,machine-shift,141.72,141.72,141.72,141.72,1,EUR,177.15,1.25,1,1,建筑工程,"Allgemeine Installationsarbeiten - Vol.10 Wasserversorgung, Entwässerung, Heizun",,Installation
030005,Holz 250×200×2500,Material,Wood & Timber,pcs,27.37,27.37,27.37,27.37,1,EUR,1.31,0.048,1,1,建筑工程,"Allgemeine Installationsarbeiten - Vol.10 Wasserversorgung, Entwässerung, Heizun",,Installation
010104,kein Stahlrohr 273×7,Material,Steel & Metal,m,43.76,43.76,43.76,43.76,1,EUR,18.82,0.43,1,1,建筑工程,"Allgemeine Installationsarbeiten - Vol.10 Wasserversorgung, Entwässerung, Heizun",,
010100,kein Stahlrohr 219×6,Material,Steel & Metal,m,29.4,29.4,29.4,29.4,1,EUR,9.41,0.32,1,1,建筑工程,"Allgemeine Installationsarbeiten - Vol.10 Wasserversorgung, Entwässerung, Heizun",,
280257,verzinkte Elektroform-Verbindung 50,Material,General,pcs,0.67,0.67,0.67,0.67,1,EUR,0.11,0.1648,1,1,建筑工程,Allgemeine Installationsarbeiten - Bd.4 Elektrogeräteinstallation,,
100289,Metallstein 25,Material,Steel & Metal,pcs,3.05,3.05,3.05,3.05,1,EUR,6.28,2.06,1,1,建筑工程,"Allgemeine Installationsarbeiten - Vol.10 Wasserversorgung, Entwässerung, Heizun",,Installation
600139,flach (1.6MPa) 25,Material,General,pcs,1.3,1.3,1.3,1.3,1,EUR,1.3,1.0,1,1,建筑工程,"Allgemeine Installationsarbeiten - Vol.10 Wasserversorgung, Entwässerung, Heizun",,Installation
180179,(1.6MPa) 50,Material,General,pcs,4.28,4.28,4.28,4.28,1,EUR,8.57,2.0,1,1,建筑工程,"Allgemeine Installationsarbeiten - Vol.10 Wasserversorgung, Entwässerung, Heizun",Formteilemontage,
320016,YS241-01-05(900×1000),Material,General,pcs,5.35,5.35,5.35,5.35,1,EUR,80.24,15.0,1,1,建筑工程,Allgemeine Installationsarbeiten - Bd.4 Elektrogeräteinstallation,,10kV
320015,145(368×117×105),Material,General,pcs,2.26,2.26,2.26,2.26,1,EUR,4.51,2.0,1,1,建筑工程,Allgemeine Installationsarbeiten - Bd.4 Elektrogeräteinstallation,,10kV
320014,LRG(P-20 vertikal),Material,General,pcs,3.78,3.78,3.78,3.78,1,EUR,11.35,3.0,1,1,建筑工程,Allgemeine Installationsarbeiten - Bd.4 Elektrogeräteinstallation,,10kV
320013,Strom,Material,General,Decke,1.13,1.13,1.13,1.13,1,EUR,4.54,4.0,1,1,建筑工程,Allgemeine Installationsarbeiten - Bd.4 Elektrogeräteinstallation,,10kV
150226,mit V82040,Material,General,pair,0.28,0.28,0.28,0.28,1,EUR,1.14,4.0,1,1,建筑工程,Allgemeine Installationsarbeiten - Bd.4 Elektrogeräteinstallation,,10kV
150235,Elektrizität mit,Material,General,pair,0.26,0.26,0.26,0.26,1,EUR,0.53,2.0,1,1,建筑工程,Allgemeine Installationsarbeiten - Bd.4 Elektrogeräteinstallation,,10kV
150225,Spiegel V82040,Material,General,pair,0.13,0.13,0.13,0.13,1,EUR,0.53,4.0,1,1,建筑工程,Allgemeine Installationsarbeiten - Bd.4 Elektrogeräteinstallation,,10kV
150224,51581,Material,General,Stück,2.17,2.17,2.17,2.17,1,EUR,8.69,4.0,1,1,建筑工程,Allgemeine Installationsarbeiten - Bd.4 Elektrogeräteinstallation,,10kV
320012,D3LYB,Material,General,pair,11.72,11.72,11.72,11.72,1,EUR,46.89,4.0,1,1,建筑工程,Allgemeine Installationsarbeiten - Bd.4 Elektrogeräteinstallation,,10kV
320011,T32,Material,General,pcs,0.37,0.37,0.37,0.37,1,EUR,1.87,5.0,1,1,建筑工程,Allgemeine Installationsarbeiten - Bd.4 Elektrogeräteinstallation,,10kV
320010,GB116-GC,Material,General,pcs,0.27,0.27,0.27,0.27,1,EUR,1.36,5.0,1,1,建筑工程,Allgemeine Installationsarbeiten - Bd.4 Elektrogeräteinstallation,,10kV
320008,() YS103-12-02,Material,General,pair,4.43,4.43,4.43,4.43,1,EUR,4.43,1.0,1,1,建筑工程,Allgemeine Installationsarbeiten - Bd.4 Elektrogeräteinstallation,,10kV
320007,Klebstoff (8kV)10,Material,General,pair,2.01,2.01,2.01,2.01,1,EUR,2.01,1.0,1,1,建筑工程,Allgemeine Installationsarbeiten - Bd.4 Elektrogeräteinstallation,,10kV
300091,verzinkter Winkelstahl 16×550,Material,Steel & Metal,pair,1.18,1.18,1.18,1.18,1,EUR,2.37,2.01,1,1,建筑工程,Allgemeine Installationsarbeiten - Bd.4 Elektrogeräteinstallation,,
090140,verzinkt mit Bolzen 16×(400 450),Material,Fasteners,set,1.31,1.31,1.31,1.31,1,EUR,5.36,4.08,1,1,建筑工程,Allgemeine Installationsarbeiten - Bd.4 Elektrogeräteinstallation,,
300089,verzinkter Winkelstahl 63×6×2700,Material,Steel & Metal,pcs,18.05,18.05,18.05,18.05,1,EUR,36.22,2.006,1,1,建筑工程,Allgemeine Installationsarbeiten - Bd.4 Elektrogeräteinstallation,,
300090,verzinkter Winkelstahl 63×63×6×570,Material,Steel & Metal,pcs,4.7,4.7,4.7,4.7,1,EUR,4.72,1.003,1,1,建筑工程,Allgemeine Installationsarbeiten - Bd.4 Elektrogeräteinstallation,,Strominstallation
300067,verzinkter Winkelstahlstütze 50×50×5×1760,Material,Steel & Metal,pcs,7.13,7.13,7.13,7.13,1,EUR,14.29,2.006,1,1,建筑工程,Allgemeine Installationsarbeiten - Bd.4 Elektrogeräteinstallation,,Strominstallation
300087,verzinkter Winkelstahl 50×5×1100,Material,Steel & Metal,pcs,6.62,6.62,6.62,6.62,1,EUR,6.64,1.003,1,1,建筑工程,Allgemeine Installationsarbeiten - Bd.4 Elektrogeräteinstallation,,Strominstallation
300026,verzinkter Winkelstahl 63×63×6×1500,Material,Steel & Metal,pcs,9.51,9.51,9.51,9.51,1,EUR,9.54,1.003,1,1,建筑工程,Allgemeine Installationsarbeiten - Bd.4 Elektrogeräteinstallation,,Strominstallation
300088,verzinkter Winkelstahl 50×5×1760,Material,Steel & Metal,pcs,10.59,10.59,10.59,10.59,1,EUR,21.25,2.006,1,1,建筑工程,Allgemeine Installationsarbeiten - Bd.4 Elektrogeräteinstallation,,Strominstallation
090532,Formteil 40×5×60,Material,General,pcs,0.15,0.15,0.15,0.15,1,EUR,0.61,4.08,1,1,建筑工程,Allgemeine Installationsarbeiten - Bd.4 Elektrogeräteinstallation,,
300009,Platte 40×4×230,Material,General,pcs,0.43,0.43,0.43,0.43,1,EUR,0.86,2.01,1,1,建筑工程,Allgemeine Installationsarbeiten - Bd.4 Elektrogeräteinstallation,,Installation
310009,ED-1,Material,General,pcs,0.32,0.32,0.32,0.32,1,EUR,0.32,1.005,1,1,建筑工程,Allgemeine Installationsarbeiten - Bd.4 Elektrogeräteinstallation,,Installation
320024,P 10,Material,General,set,2.72,2.72,2.72,2.72,1,EUR,2.73,1.005,1,1,建筑工程,Allgemeine Installationsarbeiten - Bd.4 Elektrogeräteinstallation,,Installation
110737,Poly,Material,General,g,0.03,0.03,0.03,0.03,1,EUR,0.59,20.0,1,1,建筑工程,"Allgemeine Installationsarbeiten - Vol.10 Wasserversorgung, Entwässerung, Heizun",Installation,
390037,Zementschicht 900×700×80,Material,Concrete & Cement,pcs,9.82,9.82,9.82,9.82,1,EUR,9.82,1.0,1,1,建筑工程,"Allgemeine Installationsarbeiten - Vol.10 Wasserversorgung, Entwässerung, Heizun",Mauerwerk,
390035,Zementschicht 600×600×60,Material,Concrete & Cement,pcs,4.22,4.22,4.22,4.22,1,EUR,4.22,1.0,1,1,建筑工程,"Allgemeine Installationsarbeiten - Vol.10 Wasserversorgung, Entwässerung, Heizun",Mauerwerk,
390032,Zementschicht 500×500×60,Material,Concrete & Cement,pcs,2.93,2.93,2.93,2.93,1,EUR,2.93,1.0,1,1,建筑工程,"Allgemeine Installationsarbeiten - Vol.10 Wasserversorgung, Entwässerung, Heizun",Mauerwerk,
300074,verzinkter Erdungsstab 25,Material,General,pcs,12.43,12.43,12.43,12.43,1,EUR,12.93,1.04,1,1,建筑工程,Allgemeine Installationsarbeiten - Bd.4 Elektrogeräteinstallation,,
300073,verzinkter Erdungsleiter 19,Material,General,pcs,8.27,8.27,8.27,8.27,1,EUR,8.61,1.04,1,1,建筑工程,Allgemeine Installationsarbeiten - Bd.4 Elektrogeräteinstallation,,
010052,verzinktes Stahlrohr 50,Material,Steel & Metal,kg,0.99,0.99,0.99,0.99,1,EUR,13.24,13.31,1,1,建筑工程,Allgemeine Installationsarbeiten - Bd.4 Elektrogeräteinstallation,,
090180,Nagel (6 12)×(12 80),Equipment,General,pcs,0.01,0.01,0.01,0.01,1,EUR,0.05,4.08,1,1,建筑工程,Allgemeine Installationsarbeiten - Bd.4 Elektrogeräteinstallation,Strominstallation,
090857,verzinkter Nagel mit M16×60,Material,Fasteners,set,0.29,0.29,0.29,0.29,1,EUR,0.58,2.02,1,1,建筑工程,Allgemeine Installationsarbeiten - Bd.11 Kommunikationsausrüstung und Leitungen,zusätzliche Spalte,
800120,Bohrung DHR80A,Equipment,General,machine-shift,379.64,379.64,379.64,379.64,1,EUR,4.56,0.012,1,1,建筑工程,Bodenbehandlung und Böschungsstützung,Baugrube,Nagel
120036,10,Material,General,m,0.05,0.05,0.05,0.05,1,EUR,0.04,0.735,1,1,建筑工程,Bodenbehandlung und Böschungsstützung,Baugrube,Nagel
310013,P-6,Material,General,pcs,1.2,1.2,1.2,1.2,1,EUR,1.21,1.005,1,1,建筑工程,Allgemeine Installationsarbeiten - Bd.4 Elektrogeräteinstallation,,Installation
310027,Strom,Material,General,pcs,33.43,33.43,33.43,33.43,1,EUR,33.6,1.005,1,1,建筑工程,Allgemeine Installationsarbeiten - Bd.4 Elektrogeräteinstallation,,Installation
310026,Höhe P-20,Material,General,pcs,11.49,11.49,11.49,11.49,1,EUR,11.55,1.005,1,1,建筑工程,Allgemeine Installationsarbeiten - Bd.4 Elektrogeräteinstallation,,Installation
310025,Höhe P-15,Material,General,pcs,6.06,6.06,6.06,6.06,1,EUR,6.09,1.005,1,1,建筑工程,Allgemeine Installationsarbeiten - Bd.4 Elektrogeräteinstallation,,Installation
300032,verzinkter Winkelstahl 75×75×6×850,Material,Steel & Metal,pcs,7.44,7.44,7.44,7.44,1,EUR,14.92,2.006,1,1,建筑工程,Allgemeine Installationsarbeiten - Bd.4 Elektrogeräteinstallation,,Installation
010367,verzinkte Stahlplatte,Material,Steel & Metal,kg,2.02,2.02,2.02,2.02,1,EUR,0.99,0.4898,1,1,建筑工程,Allgemeine Installationsarbeiten - Bd.4 Elektrogeräteinstallation,,Fundamentplatte Fertigung Installation
280359,Aluminiumprofil DTL/JY-2,Material,General,pcs,13.6,13.6,13.6,13.6,1,EUR,55.23,4.06,1,1,建筑工程,Allgemeine Installationsarbeiten - Bd.4 Elektrogeräteinstallation,,
350023,Formteil BX-16,Material,General,m,2.86,2.86,2.86,2.86,1,EUR,5.81,2.03,1,1,建筑工程,Allgemeine Installationsarbeiten - Bd.4 Elektrogeräteinstallation,,
300008,verzinkter Flachstahl 65×6×800,Material,Steel & Metal,pair,3.13,3.13,3.13,3.13,1,EUR,6.3,2.01,1,1,建筑工程,Allgemeine Installationsarbeiten - Bd.4 Elektrogeräteinstallation,,
280175,mit,Material,General,Einheit,1.1,1.1,1.1,1.1,1,EUR,0.24,0.22,1,1,建筑工程,Allgemeine Installationsarbeiten - Bd.4 Elektrogeräteinstallation,,
091420,verzinkter Spreizdübel 14,Material,Fasteners,set,0.86,0.86,0.86,0.86,1,EUR,1.23,1.43,1,1,建筑工程,Allgemeine Installationsarbeiten - Bd.4 Elektrogeräteinstallation,,
310045,Klebstoff mit 25×10,Material,General,Einheit,0.3,0.3,0.3,0.3,1,EUR,0.1,0.333,1,1,建筑工程,Allgemeine Installationsarbeiten - Bd.4 Elektrogeräteinstallation,Formteil,
280119,4,Material,General,pcs,0.61,0.61,0.61,0.61,1,EUR,1.23,2.03,1,1,建筑工程,Allgemeine Installationsarbeiten - Bd.4 Elektrogeräteinstallation,Formteil,
350027,Formteil BVR-4,Material,General,m,0.6,0.6,0.6,0.6,1,EUR,1.1,1.8324,1,1,建筑工程,Allgemeine Installationsarbeiten - Bd.4 Elektrogeräteinstallation,Formteil,
280126,70,Material,General,pcs,4.45,4.45,4.45,4.45,1,EUR,2.26,0.5075,1,1,建筑工程,Allgemeine Installationsarbeiten - Bd.4 Elektrogeräteinstallation,Formteil,
280125,50,Material,General,pcs,3.45,3.45,3.45,3.45,1,EUR,1.75,0.5075,1,1,建筑工程,Allgemeine Installationsarbeiten - Bd.4 Elektrogeräteinstallation,Formteil,
280124,35,Material,General,pcs,2.17,2.17,2.17,2.17,1,EUR,1.1,0.5075,1,1,建筑工程,Allgemeine Installationsarbeiten - Bd.4 Elektrogeräteinstallation,Formteil,
280123,25,Material,General,pcs,1.62,1.62,1.62,1.62,1,EUR,0.82,0.5075,1,1,建筑工程,Allgemeine Installationsarbeiten - Bd.4 Elektrogeräteinstallation,Formteil,
090353,Aluminiumlegierung Bodenplatte,Material,General,m2,101.33,101.33,101.33,101.33,1,EUR,103.35,1.02,1,1,建筑工程,Bodenbelagsarbeiten,Oberflächenabschlusslage,elektrische Fundamenterder
280168,Metallerdung 76,Material,Steel & Metal,pcs,2.38,2.38,2.38,2.38,1,EUR,2.45,1.03,1,1,建筑工程,Allgemeine Installationsarbeiten - Bd.4 Elektrogeräteinstallation,,
080304,Trennwand,Material,General,m2,41.79,41.79,41.79,41.79,1,EUR,43.88,1.05,1,1,建筑工程,"Wand- und Säulenbekleidungen, Trennwände und Vorhangfassaden",Trennwand,Trennwand
310037,Formteil J2,Material,General,pcs,2.28,2.28,2.28,2.28,1,EUR,2.32,1.02,1,1,建筑工程,Allgemeine Installationsarbeiten - Bd.4 Elektrogeräteinstallation,"Formgebung und Fertigung, Montage",
310038,Formteil J4.5,Material,General,pcs,3.26,3.26,3.26,3.26,1,EUR,3.32,1.02,1,1,建筑工程,Allgemeine Installationsarbeiten - Bd.4 Elektrogeräteinstallation,"Formgebung und Fertigung, Montage",
300071,Rundstahl,Material,General,pcs,10.51,10.51,10.51,10.51,1,EUR,10.51,1.0,1,1,建筑工程,Allgemeine Installationsarbeiten - Bd.4 Elektrogeräteinstallation,,Herstellung
170065,65,Material,General,m,2.34,2.34,2.34,2.34,1,EUR,3.28,1.4,1,1,建筑工程,Allgemeine Installationsarbeiten - Bd.4 Elektrogeräteinstallation,,
050023,Spiegelglasstreifen,Material,Glass,m,1.61,1.61,1.61,1.61,1,EUR,1.66,1.03,1,1,建筑工程,sonstige Dekorationsarbeiten,Dekorative Zierleiste,Spiegelglanz Glasleiste
090583,Nagel,Material,Fasteners,pcs,0.03,0.03,0.03,0.03,1,EUR,0.44,13.03,1,1,建筑工程,Deckenarbeiten,Deckenverkleidung,Vordachverkleidung
080290,Aluminiumlegierung,Material,General,m2,12.54,12.54,12.54,12.54,1,EUR,13.16,1.05,1,1,建筑工程,Deckenarbeiten,Deckenverkleidung,Vordachverkleidung
080289,Aluminiumlegierungs-Träger 60×30×1.5,Material,General,m,4.6,4.6,4.6,4.6,1,EUR,6.55,1.4257,1,1,建筑工程,Deckenarbeiten,Deckenverkleidung,Vordachverkleidung
300046,Formteil 2000,Material,General,pcs,1.97,1.97,1.97,1.97,1,EUR,1.97,1.0,1,1,建筑工程,Allgemeine Installationsarbeiten - Bd.11 Kommunikationsausrüstung und Leitungen,,
010034,gewöhnliche Stahlplatte 31,Material,Steel & Metal,kg,0.91,0.91,0.91,0.91,1,EUR,28.11,30.925,1,1,建筑工程,Bodenbehandlung und Böschungsstützung,Baugrube,()
370218,Fensterbefestigung,Material,Glass,m2,125.38,125.38,125.38,125.38,1,EUR,125.38,1.0,1,1,建筑工程,Tür- und Fensterarbeiten,Metallfenster,
060099,Marmorfäche,Material,General,m2,104.48,104.48,104.48,104.48,1,EUR,109.7,1.05,1,1,建筑工程,sonstige Dekorationsarbeiten,,
120138,Betonplatte,Material,General,m2,25.08,25.08,25.08,25.08,1,EUR,15.05,0.6,1,1,建筑工程,sonstige Dekorationsarbeiten,,Betonplatte
110515,Sprühverfahren,Material,General,m2,9.4,9.4,9.4,9.4,1,EUR,9.87,1.05,1,1,建筑工程,sonstige Dekorationsarbeiten,,Oberflächenabschlusslage
350307,Klebemontage 2×16/0.15,Material,General,m,0.94,0.94,0.94,0.94,1,EUR,9.4,10.0,1,1,建筑工程,Allgemeine Installationsarbeiten - Bd.4 Elektrogeräteinstallation,Strominstallation,
120079,0.5 1.0,Material,General,kg,12.1,12.1,12.1,12.1,1,EUR,0.12,0.01,1,1,建筑工程,Allgemeine Installationsarbeiten - Bd.4 Elektrogeräteinstallation,Elektroinstallation,
090126,verzinkt mit Bolzen 10×(65 80),Material,Fasteners,set,0.16,0.16,0.16,0.16,1,EUR,0.66,4.08,1,1,建筑工程,Allgemeine Installationsarbeiten - Bd.4 Elektrogeräteinstallation,Installation,Installation
100367,Klebstoff 3mm,Material,General,kg,1.71,1.71,1.71,1.71,1,EUR,2.0,1.168,1,1,建筑工程,Allgemeine Installationsarbeiten - Bd.4 Elektrogeräteinstallation,,
120032,6,Material,General,m,0.03,0.03,0.03,0.03,1,EUR,0.01,0.5,1,1,建筑工程,Allgemeine Installationsarbeiten - Bd.4 Elektrogeräteinstallation,,
800019,flach 16m,Equipment,General,machine-shift,112.46,112.46,112.46,112.46,1,EUR,18.75,0.1667,1,1,建筑工程,Allgemeine Installationsarbeiten - Bd.4 Elektrogeräteinstallation,Strominstallation,
010036,verzinktes Stahlblech 0.7 0.9,Material,Steel & Metal,kg,1.14,1.14,1.14,1.14,1,EUR,18.76,16.44,1,1,建筑工程,Allgemeine Installationsarbeiten - Vol.7 Lüftung und Klimatisierung,,
310094,Profil-Säule 16,Material,General,pcs,1.88,1.88,1.88,1.88,1,EUR,2.82,1.5,1,1,建筑工程,"Allgemeine Montagearbeiten - Bd.12 Malerarbeiten, Korrosionsschutz, Wärmedämmung",,Elektroinstallation Fertigung
310093,Profil-Säule 8,Material,General,pcs,0.94,0.94,0.94,0.94,1,EUR,0.33,0.35,1,1,建筑工程,"Allgemeine Montagearbeiten - Bd.12 Malerarbeiten, Korrosionsschutz, Wärmedämmung",,Elektroinstallation Fertigung
010163,kein Stahlrohr 89×4,Material,Steel & Metal,m,10.47,10.47,10.47,10.47,1,EUR,1.05,0.1,1,1,建筑工程,"Allgemeine Montagearbeiten - Bd.12 Malerarbeiten, Korrosionsschutz, Wärmedämmung",,Elektroinstallation Fertigung
100368,HOREQ-D8 Leiste,Material,General,m,20.9,20.9,20.9,20.9,1,EUR,21.52,1.03,1,1,建筑工程,Tür- und Fensterarbeiten,Tür- und Fensterrahmen,
050036,Glasschleifen,Material,Glass,m2,10.45,10.45,10.45,10.45,1,EUR,3.36,0.322,1,1,建筑工程,sonstige Dekorationsarbeiten,,
090433,Tür,Material,General,m,5.02,5.02,5.02,5.02,1,EUR,5.02,1.0,1,1,建筑工程,sonstige Dekorationsarbeiten,,Wand
100284,Doppelseitiges Silikondichtmittel mit,Material,Rubber,m,0.06,0.06,0.06,0.06,1,EUR,0.54,8.596,1,1,建筑工程,sonstige Dekorationsarbeiten,,
090951,Edelstahl,Material,Steel & Metal,pcs,0.38,0.38,0.38,0.38,1,EUR,8.32,22.12,1,1,建筑工程,sonstige Dekorationsarbeiten,,
070129,Flache Leiste 20×5,Material,General,m,0.63,0.63,0.63,0.63,1,EUR,10.12,16.142,1,1,建筑工程,sonstige Dekorationsarbeiten,,
070128,Dekorative Leiste 50mm,Material,General,m,0.52,0.52,0.52,0.52,1,EUR,0.8,1.53,1,1,建筑工程,sonstige Dekorationsarbeiten,,
050037,Spiegelglas mit Spiegeloberfläche (Fertigprodukt) 5mm,Material,Glass,m2,10.66,10.66,10.66,10.66,1,EUR,32.25,3.026,1,1,建筑工程,sonstige Dekorationsarbeiten,,
070127,Holzleisten 10×10,Material,Wood & Timber,m,0.63,0.63,0.63,0.63,1,EUR,3.08,4.917,1,1,建筑工程,sonstige Dekorationsarbeiten,,
070124,Holz,Material,Wood & Timber,m2,4.18,4.18,4.18,4.18,1,EUR,1.44,0.344,1,1,建筑工程,sonstige Dekorationsarbeiten,,
030125,Sperrholz 15mm,Material,Wood & Timber,m2,7.31,7.31,7.31,7.31,1,EUR,24.57,3.36,1,1,建筑工程,sonstige Dekorationsarbeiten,,
050010,Glas 3mm,Material,Glass,m2,3.13,3.13,3.13,3.13,1,EUR,4.34,1.386,1,1,建筑工程,sonstige Dekorationsarbeiten,,Rahmen
080746,Winkelstahl 50×80×5,Material,Steel & Metal,kg,0.96,0.96,0.96,0.96,1,EUR,2.97,3.0895,1,1,建筑工程,"Wand- und Säulenbekleidungen, Trennwände und Vorhangfassaden",Wandverkleidung,Wandoberflächen-Dekorplatte
080745,Winkelstahl 50×50×4,Material,Steel & Metal,kg,0.96,0.96,0.96,0.96,1,EUR,1.06,1.0988,1,1,建筑工程,"Wand- und Säulenbekleidungen, Trennwände und Vorhangfassaden",Wandverkleidung,Wandoberflächen-Dekorplatte
080744,Träger 60×80×4,Material,General,kg,0.96,0.96,0.96,0.96,1,EUR,11.27,11.726,1,1,建筑工程,"Wand- und Säulenbekleidungen, Trennwände und Vorhangfassaden",Wandverkleidung,Wandoberflächen-Dekorplatte
060091,Granitaluminium-Verbundplatte,Material,General,m2,79.41,79.41,79.41,79.41,1,EUR,84.96,1.07,1,1,建筑工程,"Wand- und Säulenbekleidungen, Trennwände und Vorhangfassaden",Wandverkleidung,Wandoberflächen-Dekorplatte
091021,verzinkt mit Bolzen 14×(65 80),Material,Fasteners,set,0.35,0.35,0.35,0.35,1,EUR,1.42,4.08,1,1,建筑工程,Allgemeine Installationsarbeiten - Vol.7 Lüftung und Klimatisierung,und Installation,Installation
091020,verzinkt mit Bolzen 12×(85 100),Material,Fasteners,set,0.29,0.29,0.29,0.29,1,EUR,1.21,4.16,1,1,建筑工程,Allgemeine Installationsarbeiten - Vol.7 Lüftung und Klimatisierung,und Installation,Installation
091479,verzinkt mit Bolzen 10×(110 120),Material,Fasteners,set,0.23,0.23,0.23,0.23,1,EUR,4.74,20.8,1,1,建筑工程,Allgemeine Installationsarbeiten - Vol.7 Lüftung und Klimatisierung,und Installation,Installation
090097,verzinkter Bolzen 10×30,Material,Fasteners,pcs,0.04,0.04,0.04,0.04,1,EUR,0.18,4.12,1,1,建筑工程,Allgemeine Installationsarbeiten - Vol.9 Brandschutz,,
180034,verzinkt 32,Material,General,pcs,1.09,1.09,1.09,1.09,1,EUR,1.1,1.01,1,1,建筑工程,Allgemeine Installationsarbeiten - Vol.9 Brandschutz,,
190209,(1.6MPa)DN32,Material,General,pcs,16.47,16.47,16.47,16.47,1,EUR,33.26,2.02,1,1,建筑工程,Allgemeine Installationsarbeiten - Vol.9 Brandschutz,,
240006,Wasserverbindung DN32,Material,Water,pcs,0.94,0.94,0.94,0.94,1,EUR,0.95,1.01,1,1,建筑工程,Allgemeine Installationsarbeiten - Vol.9 Brandschutz,,
190208,(1.6MPa)DN25,Material,General,pcs,9.51,9.51,9.51,9.51,1,EUR,19.21,2.02,1,1,建筑工程,Allgemeine Installationsarbeiten - Vol.9 Brandschutz,,
240005,Wasserverbindung DN25,Material,Water,pcs,0.67,0.67,0.67,0.67,1,EUR,0.68,1.01,1,1,建筑工程,Allgemeine Installationsarbeiten - Vol.9 Brandschutz,,
010284,Kanalstahl 6.3,Material,Steel & Metal,kg,0.87,0.87,0.87,0.87,1,EUR,0.6,0.69,1,1,建筑工程,Allgemeine Installationsarbeiten - Vol.7 Lüftung und Klimatisierung,,Installation
090169,Bodenanker 16×180,Material,Fasteners,set,0.5,0.5,0.5,0.5,1,EUR,2.05,4.08,1,1,建筑工程,Allgemeine Installationsarbeiten - Vol.7 Lüftung und Klimatisierung,Installation,Mischinstallation
091018,Bodenanker 14×(150 300),Material,Fasteners,set,0.73,0.73,0.73,0.73,1,EUR,2.98,4.08,1,1,建筑工程,Allgemeine Installationsarbeiten - Vol.7 Lüftung und Klimatisierung,Installation,Mischinstallation
